# z(m),p_tot(bar),T(K),p_H2O(bar),p_CO2(bar),p_CO(bar),p_H2(bar),p_CH4(bar),p_O2(bar)
2.849849422851062845e+05,1.000003892727763182e-06,4.667430639301457518e+02,1.203000151232968919e-08,8.470384905279005474e-07,2.860087989015782679e-08,1.108510357698022556e-07,1.483485027554053812e-09,4.745918217779151509e-52
2.849848987166592851e+05,1.000007785470804131e-06,4.667430639326442474e+02,1.203005247136338874e-08,8.470418093305130410e-07,2.860097680055901034e-08,1.108514466044200607e-07,1.483500263948641589e-09,4.745923249811303312e-52
2.849848115797653445e+05,1.000015570987441471e-06,4.667430639376412387e+02,1.203015438995392664e-08,8.470484469623389920e-07,2.860117062172994926e-08,1.108522682763049912e-07,1.483530737113707659e-09,4.745933313957157524e-52
2.849847244428713457e+05,1.000023356565190333e-06,4.667430639426382868e+02,1.203025630950442749e-08,8.470550846470354691e-07,2.860136444391039594e-08,1.108530899538795480e-07,1.483561210860971361e-09,4.745943378234983066e-52
2.849846373059773468e+05,1.000031142204050927e-06,4.667430639476353917e+02,1.203035823001518247e-08,8.470617223846023663e-07,2.860155826709982430e-08,1.108539116371434530e-07,1.483591685190329504e-09,4.745953442644950561e-52
2.849837659370318870e+05,1.000109001953912096e-06,4.667430639976084876e+02,1.203137748793453834e-08,8.471281026682630304e-07,2.860349655448923167e-08,1.108621287827206520e-07,1.483896460504410356e-09,4.746054094006254860e-52
2.849828945680864272e+05,1.000186867815494604e-06,4.667430640475854489e+02,1.203239684188419328e-08,8.471944882394866338e-07,2.860543494278150836e-08,1.108703464972982949e-07,1.484201294044071809e-09,4.746154758572813026e-52
2.849820231991409673e+05,1.000264739789282741e-06,4.667430640975663323e+02,1.203341629187363007e-08,8.472608790987025161e-07,2.860737343197777934e-08,1.108785647809098527e-07,1.484506185819302068e-09,4.746255436345851324e-52
2.849811518301954493e+05,1.000342617875763339e-06,4.667430641475511379e+02,1.203443583791359380e-08,8.473272752463444642e-07,2.860931202207772036e-08,1.108867836335880950e-07,1.484811135839823607e-09,4.746356127327029251e-52
2.849724381407392793e+05,1.001121735045770697e-06,4.667430646476142897e+02,1.204463658339134947e-08,8.479915276813245488e-07,2.862870347294156980e-08,1.109690034664047331e-07,1.487863841708548599e-09,4.747363763915625334e-52
2.849637244512831094e+05,1.001901464020702446e-06,4.667430651480688084e+02,1.205484694540927608e-08,8.486563094347960228e-07,2.864810501486390941e-08,1.110512802426695953e-07,1.490922382963731794e-09,4.748372722973557880e-52
2.849550107618269394e+05,1.002681805287921016e-06,4.667430656489149783e+02,1.206506693441756154e-08,8.493216209397965394e-07,2.866751664841703898e-08,1.111336139958064429e-07,1.493986769483934849e-09,4.749383006010961925e-52
2.849462970723708277e+05,1.003462759335190118e-06,4.667430661501531404e+02,1.207529656087916048e-08,8.499874626297303055e-07,2.868693837416690886e-08,1.112160047592527882e-07,1.497057011160972719e-09,4.750394614539746246e-52
2.848591601778119802e+05,1.011306110310492518e-06,4.667430711841627158e+02,1.217812519636547605e-08,8.566751353159640415e-07,2.888171082296960845e-08,1.120430553277989651e-07,1.528083647394480421e-09,4.760583935360338694e-52
2.847720232832531328e+05,1.019211278782461465e-06,4.667430762577149039e+02,1.228192917977303288e-08,8.634163059416044157e-07,2.907749306941203514e-08,1.128758438114858835e-07,1.559706780186098796e-09,4.770907477924041231e-52
2.846848863886942854e+05,1.027178759149977786e-06,4.667430813711249016e+02,1.238671918304371247e-08,8.702114139795337275e-07,2.927428558105797392e-08,1.137144038821451507e-07,1.591936524197452944e-09,4.781366775805108676e-52
2.845977494941354962e+05,1.035209049833149820e-06,4.667430865247105203e+02,1.249250600598742059e-08,8.770609025822013032e-07,2.947208876458579334e-08,1.145587693500884674e-07,1.624783130286812607e-09,4.791963375909035867e-52
2.845106125995766488e+05,1.043302653344370794e-06,4.667430917187921295e+02,1.259930057822980972e-08,8.839652186437243518e-07,2.967090296673749955e-08,1.154089741689552760e-07,1.658256986723757264e-09,4.802698838593301971e-52
2.843132741045036237e+05,1.061868919568531864e-06,4.667431036332092731e+02,1.284494148331760480e-08,8.998064482606706188e-07,3.012489541919983793e-08,1.173561949893256658e-07,1.736439416018466163e-09,4.827533024522338215e-52
2.841159356094305404e+05,1.080768476956931965e-06,4.667431157607871910e+02,1.309593894805891299e-08,9.159365042864764478e-07,3.058407678588499906e-08,1.193339388579851248e-07,1.818018078526481159e-09,4.853106050596015042e-52
2.839555204436726635e+05,1.096381580417658488e-06,4.667431257789552888e+02,1.330401295789094856e-08,9.292650744825214046e-07,3.096116620749376515e-08,1.209644026683283179e-07,1.886924101424107641e-09,4.874451652999518658e-52
2.837951052779147867e+05,1.112222252117219360e-06,4.667431359426521453e+02,1.351578950567855930e-08,9.427910277166102619e-07,3.134168445970586583e-08,1.226155201910222053e-07,1.958230244202388535e-09,4.896308292753930956e-52
2.836346901121569099e+05,1.128293860891891203e-06,4.667431462540251346e+02,1.373134430727628887e-08,9.565173656257761511e-07,3.172563044334426771e-08,1.242875113737676418e-07,2.032009141727265400e-09,4.918686463410632907e-52
2.834742749463990913e+05,1.144599826682063351e-06,4.667431567152539742e+02,1.395075474892986062e-08,9.704471364823396806e-07,3.211300238975415566e-08,1.259805979313547220e-07,2.108335129684987081e-09,4.941596822252005936e-52
2.833138597806412145e+05,1.161143621338792572e-06,4.667431673285515217e+02,1.417409992176171288e-08,9.845834359081334695e-07,3.250379786825885430e-08,1.276950033742611543e-07,2.187284266377216216e-09,4.965050192166670055e-52
2.831534446148833376e+05,1.177928769429144208e-06,4.667431780961640015e+02,1.440146065664878659e-08,9.989294075868387510e-07,3.289801379431162015e-08,1.294309530369966829e-07,2.268934354348300382e-09,4.989057563569383058e-52
2.828326142833690392e+05,1.212237492698725805e-06,4.667432001034894711e+02,1.486856104849006504e-08,1.028263187107140712e-06,3.369669143800951641e-08,1.329683956603656595e-07,2.440657444719697255e-09,5.038779122144848691e-52
2.825117839518546825e+05,1.247555278806898944e-06,4.667432227558902582e+02,1.535273872983212617e-08,1.058474613498445676e-06,3.450899794194826695e-08,1.365947661141298659e-07,2.624162522543205486e-09,5.090852849193544548e-52
2.821909536203403841e+05,1.283912307361861122e-06,4.667432460725963779e+02,1.585470667662708155e-08,1.089590641620220765e-06,3.533488615887718424e-08,1.403119359171340509e-07,2.820136989001821070e-09,5.145372911417625620e-52
2.818701232888260274e+05,1.321339683331724162e-06,4.667432700734255491e+02,1.637520925944599306e-08,1.121639067358972068e-06,3.617429960707627842e-08,1.441218088997694205e-07,3.029298206460307589e-09,5.202436365835860726e-52
2.815492929573117290e+05,1.359869466023388150e-06,4.667432947788017259e+02,1.691502351033831056e-08,1.154648552989537844e-06,3.702717296310752979e-08,1.480263223793337080e-07,3.252394181070573734e-09,5.262143240401237097e-52
2.812284626257974305e+05,1.399534698960983001e-06,4.667433202097737990e+02,1.747496043392578705e-08,1.188648653271579016e-06,3.789343260890441020e-08,1.520274483974140938e-07,3.490204249159908663e-09,5.324596620807224086e-52
2.809076322942830739e+05,1.440369440674547294e-06,4.667433463880353202e+02,1.805586636455318005e-08,1.223669842297689631e-06,3.877299722861852842e-08,1.561271950129112951e-07,3.743539770774818103e-09,5.389902743889623369e-52
2.803856754711725516e+05,1.509393398675947416e-06,4.667433906321549557e+02,1.904804260600783586e-08,1.282909059229144189e-06,4.023215498703246720e-08,1.630130826475709934e-07,4.191059206191838921e-09,5.502528914177494807e-52
2.798637186480620294e+05,1.581763430181503648e-06,4.667434370138026338e+02,2.010209163132038626e-08,1.345075264559060271e-06,4.172587660333474514e-08,1.701744548150029305e-07,4.685742572785392641e-09,5.623487353227001805e-52
2.793417618249515072e+05,1.657644817067066232e-06,4.667434856382155886e+02,2.122231971083318484e-08,1.410316500172582541e-06,4.325371044804209252e-08,1.776206288263475557e-07,5.231657909261130121e-09,5.753293622751447598e-52
2.788198050018409849e+05,1.737211201352340234e-06,4.667435366159374439e+02,2.241333664587027353e-08,1.478788335403757171e-06,4.481517728417653108e-08,1.853612268601900297e-07,5.833125158346248454e-09,5.892489678706228895e-52
2.782978481787304627e+05,1.820645013704929091e-06,4.667435900630890728e+02,2.368007538303139410e-08,1.550654240015932961e-06,4.640977926701346071e-08,1.934061932029024711e-07,6.494725836048878380e-09,6.041645529126394386e-52
2.777758913556199404e+05,1.908137923708351653e-06,4.667436461016537237e+02,2.502781285754779966e-08,1.626085976703635284e-06,4.803700904734481543e-08,2.017658116087717486e-07,7.221313491052534174e-09,6.201361056511820296e-52
2.772539345325094182e+05,1.999891312995915867e-06,4.667437048597760167e+02,2.646219215314345824e-08,1.705264014356330575e-06,4.969635880807470454e-08,2.104507225817825486e-07,8.018025096585558036e-09,6.372268008373993823e-52
2.767319777093988960e+05,2.096116772473337253e-06,4.667437664720765156e+02,2.798924606900812397e-08,1.788377963410525000e-06,5.138732907980469589e-08,2.194719404021996609e-07,8.890293511800895896e-09,6.555032158268347486e-52
2.760378250291783479e+05,2.231399807776824263e-06,4.667438530766658573e+02,3.017480991987024266e-08,1.905353372775682546e-06,5.368432013275239895e-08,2.320099989176376072e-07,1.017730603088138098e-08,6.817673949312676769e-52
2.753436723489577998e+05,2.375540942997547345e-06,4.667439453326505259e+02,3.255212374232419884e-08,2.030139921109958135e-06,5.603532185935518379e-08,2.451910279879428142e-07,1.162254829796687859e-08,7.104292350053623007e-52
2.746495196687373100e+05,2.529132005482697829e-06,4.667440436163673780e+02,3.513907619969423665e-08,2.163267733908009846e-06,5.843937810196676531e-08,2.590443084422412278e-07,1.324150883078507430e-08,7.416779454667568014e-52
2.739553669885167619e+05,2.692805136243488377e-06,4.667441483297060358e+02,3.795518595170289384e-08,2.305302928302494322e-06,6.089566745502500197e-08,2.736005154565781583e-07,1.505083907768745503e-08,7.757172454418544979e-52
2.732612143082962139e+05,2.867235559445894424e-06,4.667442599018590386e+02,4.102174169146363542e-08,2.456850077088621029e-06,6.340352646378949316e-08,2.888917736939153978e-07,1.706844050810482235e-08,8.127666797457878292e-52
2.725670616280756658e+05,3.053144543952438942e-06,4.667443787911919912e+02,4.436195372017605738e-08,2.618554851771746991e-06,6.596246903597384588e-08,3.049517079991724384e-07,1.931356142536925475e-08,8.530630312567101177e-52
2.718729089478551177e+05,3.251302570727544877e-06,4.667445054872442256e+02,4.800111783661725613e-08,2.791106856955681162e-06,6.857220218300319382e-08,3.218154897763844707e-07,2.180690397585883026e-08,8.968618315177874353e-52
2.711787562676345697e+05,3.462532720888989444e-06,4.667446405128678180e+02,5.196679235218290371e-08,2.975242669095690582e-06,7.123263832488690879e-08,3.395198793208192841e-07,2.457074179540943798e-08,9.444389724626452618e-52
2.704846035874140798e+05,3.687714300214701318e-06,4.667447844265155368e+02,5.628898908313496868e-08,3.171749093451848615e-06,7.394390447194727588e-08,3.581032644831688669e-07,2.762904872460224343e-08,9.960924233212132727e-52
2.696418709933015634e+05,3.981202765253421107e-06,4.667449719514252706e+02,6.206274870845679902e-08,3.428157152693796699e-06,7.730433626527433740e-08,3.819034767820507052e-07,3.177505080384273168e-08,1.064745918633972604e-51
2.687991383991890470e+05,4.298451828945664607e-06,4.667451746065091243e+02,6.847452889852940498e-08,3.705659201381359714e-06,8.074128169897141114e-08,4.071334071745150890e-07,3.644340979228828689e-08,1.140511020901856803e-51
2.679564058050765307e+05,4.641422098557769979e-06,4.667453936361023921e+02,7.559544449492854312e-08,4.006009431611818956e-06,8.425630316003471006e-08,4.338718507979241416e-07,4.168906849306348898e-08,1.224076996879632340e-51
2.671136732109640143e+05,5.012238425404894453e-06,4.667456303884399631e+02,8.350419908088760824e-08,4.331109110105359183e-06,8.785145623804514672e-08,4.622014405013093877e-07,4.757221947929361744e-08,1.316200711588778893e-51
2.662709406168514979e+05,5.413203818026405603e-06,4.667458863244286817e+02,9.228784051581787976e-08,4.683019143383738513e-06,9.152928563625665994e-08,4.922087178326348591e-07,5.415883065795765804e-08,1.417713029559925576e-51
2.654282080227389815e+05,5.846814550744784341e-06,4.667461630271707236e+02,1.020425844261855628e-07,5.063973727084764508e-06,9.529281826648905226e-08,5.239842021699813612e-07,6.152121879736397628e-08,1.529525733688092112e-51
2.645854754286264651e+05,6.315776571022647525e-06,4.667464622123031859e+02,1.128747111610373419e-07,5.476395171481632406e-06,9.914555442729119983e-08,5.576224595569701270e-07,6.973867439571621235e-08,1.652639011285825360e-51
2.637427428345139488e+05,6.823023317886012056e-06,4.667467857392235828e+02,1.249015422164038108e-07,5.922910003484061164e-06,1.030914578129243697e-07,5.932221726860786399e-07,7.889814168654403128e-08,1.788149562020812788e-51
2.629000102404014324e+05,7.371735073311560464e-06,4.667471356232778703e+02,1.382525026744038018e-07,6.406366454283233259e-06,1.071349449666873441e-07,6.308862133702912861e-07,8.909495801694475969e-08,1.937259387752934520e-51
2.620572776462889451e+05,7.965359978980227486e-06,4.667475140489937075e+02,1.530702767942210539e-07,6.929853451450455665e-06,1.112808746782502987e-07,6.707217187587649127e-07,1.004336572985353306e-07,2.101285329961754216e-51
2.610640976120761188e+05,8.727720821605041064e-06,4.667479999048188688e+02,1.726311071025930245e-07,7.602756822707781306e-06,1.163056790006821225e-07,7.206082434869588951e-07,1.154189693070251601e-07,2.315711350028737418e-51
2.600709175778632925e+05,9.564356143966575667e-06,4.667485329346686171e+02,1.947341393133970321e-07,8.341918930750668099e-06,1.214895471313965244e-07,7.738561985566752887e-07,1.323573282144381934e-07,2.555469281905290523e-51
2.590777375436504663e+05,1.048262321558756585e-05,4.667491177957037962e+02,2.196992945377528643e-07,9.153936725105492721e-06,1.268426868029068110e-07,8.306647585161791280e-07,1.514797506252345347e-07,2.823456176541393272e-51
2.580845575094376400e+05,1.149061787531778419e-05,4.667497596110261497e+02,2.478843006153491084e-07,1.004607191160375546e-05,1.323760852028828247e-07,8.912421067324120203e-07,1.730434711633850167e-07,3.122891473720353420e-51
2.570913774752248428e+05,1.259724950476096791e-05,4.667504640168120886e+02,2.796888304244012287e-07,1.102631867426619744e-05,1.381014965127271214e-07,9.558056997199556076e-07,1.973348038376848930e-07,3.457351260298435564e-51
2.560981974410120165e+05,1.381232367374884541e-05,4.667512372142513755e+02,3.155590653128362644e-07,1.210347832034944636e-05,1.440314335703389513e-07,1.024582560218463934e-06,2.246722942977591028e-07,3.830806169846116934e-51
2.551050174067991902e+05,1.514663324485995767e-05,4.667520860267813418e+02,3.559927271633400262e-07,1.328724155884801614e-05,1.501791639698342950e-07,1.097809602051290168e-06,2.554101928274755293e-07,4.247663338059826618e-51
2.541118373725863639e+05,1.661205880493128118e-05,4.667530179631574470e+02,4.015446272297283951e-07,1.458827919601438439e-05,1.565587108329220130e-07,1.175733989729492274e-06,2.899422811247555422e-07,4.712812877080386505e-51
2.531186573383735667e+05,1.822167938079351880e-05,4.667540412869562942e+02,4.528327849869221323e-07,1.601834211224225385e-05,1.631848584227006514e-07,1.258613535702290876e-06,3.287060894393072695e-07,5.231679387124950090e-51
2.521254773041607405e+05,1.998989449499153631e-05,4.667551650931681024e+02,5.105451758698981744e-07,1.759037147378207942e-05,1.700731627192053480e-07,1.346717138102769315e-06,3.721875445175805784e-07,5.810279086592150815e-51
2.511322972699479142e+05,2.193255872593536659e-05,4.667563993926030435e+02,5.754471729915262261e-07,1.931862023104031136e-05,1.772399670362573283e-07,1.440325261794961645e-06,4.209260930722880812e-07,6.455283213211814380e-51
2.501391172357350879e+05,2.406713005683097501e-05,4.667577552049095857e+02,6.483897547806231344e-07,2.121878706362438039e-05,1.847024227310202483e-07,1.539730465500237677e-06,4.755203501947758728e-07,7.174088430205753448e-51
2.491459372015222907e+05,2.641283343001926334e-05,4.667592446610846082e+02,7.303185580378865144e-07,2.330816405186700516e-05,1.924785150398598354e-07,1.645237977772479384e-06,5.366343273024040843e-07,7.974895064527264832e-51
2.481527571673094644e+05,2.899084106926301486e-05,4.667608811164450913e+02,8.222838642334987827e-07,2.560579948644509438e-05,2.005870940679701770e-07,1.757166324603618029e-06,6.050042999135564351e-07,8.866794110830156560e-51
2.471595771330966381e+05,3.182447129348103332e-05,4.667626792751304947e+02,9.254516160476244316e-07,2.813267737316721531e-05,2.090479109639901429e-07,1.875848011483763270e-06,6.814463818184404553e-07,9.859864057319108646e-51
2.461663970988838119e+05,3.493940772296842998e-05,4.667646553273129939e+02,1.041115571266125598e-06,3.091191535043600133e-05,2.178816593250081819e-07,2.001630262813317550e-06,7.668648791279696213e-07,1.096527873062696310e-50
2.451732170646710147e+05,3.836394097496429383e-05,4.667668271004145595e+02,1.170710712286047229e-06,3.396898291380474790e-05,2.271100219004367568e-07,2.134875821679380931e-06,8.622615052936863338e-07,1.219542751976142829e-50
2.441800370304581884e+05,4.212923516140482387e-05,4.667692142257602654e+02,1.315828041754628997e-06,3.733194203720433218e-05,2.367557226969499619e-07,2.275963813165237302e-06,9.687455465836704776e-07,1.356404952758221932e-50
2.431868569962453621e+05,4.626962173988715451e-05,4.667718383222444913e+02,1.478230908387049780e-06,4.103171249556702228e-05,2.468425846270601934e-07,2.425290674573091207e-06,1.087545076732933797e-06,1.508638341719712892e-50
2.421936769620325358e+05,5.082292353153437781e-05,4.667747231987457894e+02,1.659873021896858019e-06,4.510236443086996496e-05,2.573955928942829462e-07,2.583271156206700478e-06,1.220019329666563991e-06,1.677933497537301476e-50
2.412004969278197386e+05,5.583081200908728150e-05,4.667778950772041071e+02,1.862918332373683400e-06,4.958144096524903490e-05,2.684409643657610985e-07,2.750339396695530016e-06,1.367672350403276746e-06,1.866166471250284965e-50
2.402073168936069123e+05,6.133920127789301068e-05,4.667813828384660155e+02,2.089762967505719654e-06,5.451031395329210673e-05,2.800062232496070448e-07,2.926950077249019377e-06,1.532168056596563482e-06,2.075419816690588529e-50
2.392141368593940861e+05,6.739868252452782895e-05,4.667852182932193159e+02,2.343059440936897106e-06,5.993457628362728977e-05,2.921202834691836913e-07,3.113579659721011960e-06,1.715346856773451031e-06,2.308006199014876323e-50
2.382209568251812598e+05,7.406500309588853899e-05,4.667894364805713394e+02,2.625743366955605723e-06,6.590447449045991454e-05,3.048135382112321340e-07,3.310727713947974250e-06,1.919243986313799322e-06,2.566494937167808980e-50
2.372277767909684626e+05,8.139959479934814597e-05,4.667940759970846329e+02,2.941062940834432403e-06,7.247538582206658302e-05,3.181179572193721032e-07,3.518918340512483230e-06,2.146109738715256691e-06,2.853741892995379319e-50
2.362345967567556363e+05,8.947015648598220816e-05,4.667991793593657803e+02,3.292611470700474575e-06,7.970834433902021835e-05,3.320671925106456838e-07,3.738701695889857869e-06,2.398431787861015331e-06,3.172923187127103715e-50
2.352414167225428100e+05,9.835129649830383531e-05,4.668047934036152924e+02,3.684363276057372099e-06,8.767062108404463303e-05,3.466966933128413179e-07,3.970655627871298774e-06,2.678959817017683851e-06,3.527573301845120979e-50
2.342482366883299837e+05,1.081252411361865383e-04,4.668109697258873894e+02,4.120713300266300976e-06,9.643636388220229319e-05,3.620438311548120579e-07,4.215387430244007161e-06,2.990732692319098505e-06,3.921628226628435189e-50
2.332550566541171866e+05,1.188826159249487435e-04,4.668177651671835520e+02,4.606520819717363312e-06,1.060873028993355397e-04,3.781480361952082757e-07,4.473535726961972594e-06,3.337108442738645038e-06,4.359474416213866706e-50
2.322618766199043603e+05,1.307233071636539296e-04,4.668252423479137860e+02,5.147157671399946839e-06,1.167135287134845792e-04,3.950509460486272327e-07,4.745772497486276556e-06,3.721797335234469581e-06,4.846004467896785060e-50
2.312686965856915340e+05,1.437574119958125196e-04,4.668334702567095178e+02,5.748561463456266128e-06,1.284143503440468852e-04,4.127965685667207160e-07,5.032805256637393903e-06,4.148898363105224665e-06,5.386680589475538800e-50
2.302755165514787077e+05,1.581062860856887289e-04,4.668425248990644718e+02,6.417294280453728399e-06,1.412992414428863310e-04,4.314314602587755483e-07,5.335379404213160947e-06,4.622939497876697574e-06,5.987607127933839399e-50
2.292823365172659105e+05,1.739036989087670610e-04,4.668524900118177356e+02,7.160607446947096980e-06,1.554888836871673723e-04,4.510049222971794606e-07,5.654280761825358432e-06,5.148922090530018409e-06,6.655613669469495725e-50
2.282891564830530842e+05,1.912971076827210519e-04,4.668634578500816588e+02,7.986512969861992854e-06,1.711163173326851327e-04,4.715692163542423026e-07,5.990338316932551647e-06,5.732369846887113324e-06,7.398350513505528946e-50
2.272959764488402579e+05,2.104490620842515078e-04,4.668755300538575739e+02,8.903862342800837864e-06,1.883282098968215254e-04,4.931798028637907491e-07,6.344427196953793569e-06,6.379382844811530712e-06,8.224398679043755271e-50
2.263027964146274317e+05,2.315387531269621254e-04,4.668888186022835498e+02,9.922433464063131395e-06,2.072862550505826169e-04,5.158956047035004041e-07,6.717471899688608436e-06,7.096697107924219619e-06,9.143397036419401421e-50
2.253096163804146345e+05,2.547637209263301622e-04,4.669034468642164484e+02,1.105302649554731369e-05,2.281687150187543841e-04,5.397792997605952251e-07,7.110449810118771581e-06,7.891750302149064153e-06,1.016618969049206062e-49
2.243164363462018082e+05,2.803417375609394929e-04,4.669195507546792783e+02,1.230756957235529799e-05,2.511721211260873232e-04,5.648976463861323768e-07,7.524395038102566701e-06,8.772754178008093087e-06,1.130499739695286417e-49
2.233232563119889819e+05,3.085128828664332706e-04,4.669372800075993837e+02,1.369923536349697426e-05,2.765131485963584577e-04,5.913218463751751418e-07,7.960402616586742487e-06,9.748774443615868644e-06,1.257361760276358615e-49
2.223300762777761556e+05,3.395418327829465596e-04,4.669567995762334363e+02,1.524256958327025588e-05,3.044306833217146524e-04,6.191279508469927008e-07,8.419633105868532287e-06,1.082981882124601017e-05,1.398765870431479312e-49
2.213368962435633584e+05,3.737203818317806777e-04,4.669782911737224822e+02,1.695363266139745113e-05,3.351881000842026341e-04,6.483973152612619230e-07,8.903317656266107729e-06,1.202693411465316476e-05,1.556481536334189928e-49
2.203437162093505322e+05,4.113702234373390926e-04,4.670019549673458528e+02,1.885015589859433111e-05,3.690757736429272945e-04,6.792171108135407502e-07,9.412763589448074351e-06,1.335231319555581090e-05,1.732519327607653625e-49
2.193505361751377059e+05,4.528460141512309894e-04,4.670280114412540797e+02,2.095171356372710139e-05,4.064138462126900891e-04,7.116809006353665736e-07,9.949360567814408395e-06,1.481941290636386160e-05,1.929169373964737608e-49
2.183573561409248796e+05,4.985387503931235911e-04,4.670567034437534062e+02,2.327991252991439632e-05,4.475552771677527046e-04,7.458892906102398404e-07,1.051458743191189187e-05,1.644308397293429687e-05,2.149047081046635377e-49
2.173641761067120533e+05,5.488794891142078497e-04,4.670882984365926518e+02,2.585860120069656534e-05,4.928892033226672320e-04,7.819506662483184730e-07,1.111001979814920100e-05,1.823971412644641922e-05,2.395147694443757146e-49
2.163709960724992561e+05,6.043434468314199792e-04,4.671230909651624188e+02,2.871409964459475695e-05,5.428446408865147651e-04,8.199820289824259881e-07,1.173733852333650875e-05,2.022738574799137133e-05,2.670911693450715570e-49
2.153778160382864298e+05,6.654545147915548724e-04,4.671614053700556042e+02,3.187545303788433607e-05,5.978945631732610283e-04,8.601099475142426061e-07,1.239833915914073263e-05,2.242604947375440342e-05,2.980303496248527335e-49
2.143846360040736035e+05,7.327902316219441544e-04,4.672035987620470792e+02,3.537471071204414502e-05,6.585603913952598268e-04,9.024716425175258890e-07,1.309494253880663341e-05,2.485771533331602849e-05,3.327906598340824311e-49
2.133914559698607773e+05,8.069872587260293198e-04,4.672500642842222760e+02,3.924723331493047799e-05,7.254169393848713173e-04,9.472162261769201975e-07,1.382920666091172054e-05,2.754666313913885353e-05,3.719039089347357653e-49
2.123982759356479801e+05,8.887474079048283569e-04,4.673012346866992175e+02,4.353203082397275785e-05,7.990978568957814599e-04,9.945061218035433513e-07,1.460334006103199409e-05,3.051967400223858687e-05,4.159894557346288457e-49
2.114050959014351538e+05,9.788442752446044337e-04,4.673575862411313437e+02,4.827213439622999284e-05,8.803016202447421770e-04,1.044518693243624949e-06,1.541971689262467305e-05,3.380628501776388774e-05,4.657714772493099740e-49
2.104119158672223275e+05,1.078130540220656247e-03,4.674196430239168194e+02,5.351500530441779207e-05,9.697981234781397281e-04,1.097448119127238566e-06,1.628089397395100825e-05,3.743906934502027082e-05,5.221002347619415465e-49
2.093947460598075995e+05,1.190322595016987672e-03,4.674897151510977551e+02,5.946036800644796368e-05,1.070939161886486773e-03,1.154902267289609051e-06,1.721219283518620461e-05,4.155597002157695595e-05,5.876242077778513128e-49
2.083775762523928715e+05,1.314253470880846287e-03,4.675670585058781512e+02,6.605007791726960717e-05,1.182674667223030827e-03,1.215891905488839276e-06,1.819658429133135533e-05,4.611624954372540888e-05,6.623463853987788373e-49
2.073604064449781145e+05,1.451153653972344542e-03,4.676524248149827940e+02,7.335273495219500779e-05,1.306115702646886475e-03,1.280696277584276148e-06,1.923755016090326650e-05,5.116696993477520144e-05,7.477957480238357598e-49
2.063432366375633865e+05,1.602382188664385615e-03,4.677466423462800549e+02,8.144413706643575826e-05,1.442489422213577609e-03,1.349625313281902505e-06,2.033887894716350294e-05,5.676012512392666708e-05,8.458099218667750202e-49
2.053260668301486585e+05,1.769439943820873707e-03,4.678506234012730260e+02,9.040802087700846115e-05,1.593151048040179589e-03,1.423024060754847814e-06,2.150470270861514264e-05,6.295314813431548832e-05,9.586097181511195088e-49
2.043088970227339014e+05,1.953984205788907372e-03,4.679653724713245992e+02,1.003368755655569699e-04,1.759597044537735810e-03,1.501277871372190526e-06,2.273953937941156097e-05,6.980946843483053883e-05,1.088894592786280098e-48
2.032917272153191734e+05,2.157844720982384380e-03,4.680919951005358257e+02,1.113328366773794486e-04,1.943479600415570253e-03,1.584818478240448259e-06,2.404834143379275217e-05,7.739912397740112164e-05,1.239965702452095229e-48
2.022745574079044454e+05,2.383041320102471678e-03,4.682317074971672923e+02,1.235086668875340571e-04,2.146622537381579279e-03,1.674131139525950681e-06,2.543655194391457913e-05,8.579943274991753467e-05,1.415885623624338272e-48
2.012573876004896883e+05,2.631803265380161690e-03,4.683858469332887466e+02,1.369888312584643486e-04,2.371038772823588769e-03,1.769763053420118280e-06,2.691016926396748809e-05,9.509572898072085004e-05,1.621687143581928586e-48
2.002402177930749604e+05,2.906590471603007209e-03,4.685558829686716535e+02,1.519106749553759603e-04,2.618949472134641469e-03,1.872333295773489126e-06,2.847582179072640510e-05,1.053821694264899563e-04,1.863648245054379952e-48
1.992230479856602324e+05,3.210116760925050671e-03,4.687434295294447111e+02,1.684257118030094255e-04,2.892805034575824871e-03,1.982544585944524242e-06,3.014085450810445553e-05,1.167626154521675191e-04,2.149657108453314753e-48
1.982058781782454753e+05,3.545375320333175699e-03,4.689502578643112543e+02,1.867010324448781645e-04,3.195308064447855041e-03,2.101197253932318137e-06,3.191342932875258683e-05,1.293515968577572169e-04,2.489700574133471775e-48
1.971887083708307473e+05,3.915666538875478900e-03,4.691783103907127384e+02,2.069208411842030808e-04,3.529438486608848027e-03,2.229205865770838280e-06,3.380264160862544054e-05,1.432753636080313247e-04,2.896523441117685200e-48
1.961715385634160193e+05,4.324628409004781064e-03,4.694297154296888834e+02,2.292881308210410296e-04,3.898480971713079533e-03,2.367619068777271871e-06,3.581865564204991017e-05,1.586730317598330348e-04,3.386526362955194946e-48
1.951543687560012622e+05,4.776269682238014000e-03,4.697068028107499913e+02,2.540265049242862710e-04,4.306054841569492177e-03,2.517643349124311253e-06,3.797286245880725398e-05,1.756978299363043546e-04,3.981000227231024723e-48
1.941371989485865342e+05,5.275005973283388924e-03,4.700121203062111590e+02,2.813821569565789701e-04,4.756146628268573609e-03,2.680671558482768515e-06,4.027806385741833210e-05,1.945184526423353127e-04,4.707839903257525514e-48
1.931200291411718063e+05,5.825699008257364565e-03,4.703484508274738118e+02,3.116260154652064412e-04,5.253145461658657346e-03,2.858317273379295102e-06,4.274868733999072134e-05,2.153205265201302483e-04,5.603948201624175738e-48
1.921028593337570492e+05,6.433699210923457708e-03,4.707188302829934514e+02,3.450560641172212956e-04,5.801881457734724308e-03,3.052456312356203103e-06,4.540103748726124832e-05,2.383081952718950716e-04,6.718644714510359586e-48
1.912561174675246002e+05,6.987757811799588312e-03,4.710554947082179069e+02,3.755499236386639029e-04,6.301946707826584781e-03,3.228211861968171789e-06,4.776081975184546207e-05,2.592721487205541082e-04,7.860596615007924814e-48
1.904093756012921513e+05,7.589298197688738173e-03,4.714201011143740629e+02,4.086839930496312585e-04,6.844877825345477805e-03,3.418363514702541151e-06,5.027126327267943465e-05,2.820467525062704474e-04,9.250679676675773432e-48
1.895626337350597023e+05,8.242323973498735801e-03,4.718148566760247036e+02,4.446807691581334838e-04,7.434288536189118980e-03,3.624576549293445191e-06,5.294570580198393090e-05,3.067843858002235777e-04,1.095543614461627754e-47
1.887158918688272533e+05,8.951163366886144557e-03,4.722421228820221017e+02,4.837805930612513734e-04,8.074085352207204316e-03,3.848759372961809200e-06,5.579903441228451036e-05,3.336496278324563151e-04,1.306258412445495953e-47
1.878691500025948044e+05,9.720493237462613997e-03,4.727044228722466528e+02,5.262429308521656465e-04,8.768489178848251284e-03,4.093104643451768244e-06,5.884789462573165072e-05,3.628201284930232680e-04,1.568879618418946735e-47
1.870224081363623554e+05,1.055536446861290653e-02,4.732044485149223760e+02,5.723477208432259985e-04,9.522058156871016088e-03,4.360138175605517671e-06,6.211093010659300858e-05,3.944875226164744082e-04,1.899071509808429632e-47
1.861756662701299065e+05,1.146122875569179772e-02,4.737450670918646551e+02,6.223967863727497898e-04,1.033971174766401373e-02,4.652777255201876670e-06,6.560905761630437497e-05,4.288583867835321292e-04,2.318071216058157364e-47
1.853289244038974575e+05,1.244396679200647157e-02,4.743293274395234675e+02,6.767153123359015421e-04,1.122675605995429073e-02,4.974400349367733071e-06,6.936578267571134838e-05,4.661552366912039068e-04,2.854966750994841657e-47
1.844821825376650086e+05,1.350991783948358484e-02,4.749604653735643183e+02,7.356533825089403870e-04,1.218891040185377667e-02,5.328930657685716007e-06,7.340756224279848530e-05,5.066175622203842937e-04,3.550026210814850834e-47
1.836354406714325596e+05,1.466591065432394994e-02,4.756419082044304787e+02,7.995875735257854978e-04,1.323233502631085412e-02,5.720936513442627586e-06,7.776422171418121733e-05,5.505028962596867151e-04,4.459618494922351524e-47
1.827636657597251178e+05,1.595791291911600324e-02,4.763998781253113748e+02,8.710590103967690402e-04,1.439851633988880643e-02,6.169320538495605882e-06,8.261422419378535462e-05,5.995540240981452182e-04,5.704715343253168859e-47
1.818918908480176760e+05,1.736179140065081603e-02,4.772191830742124807e+02,9.487302436076884430e-04,1.566566455436085858e-02,6.669922779630832891e-06,8.787535045367531094e-05,6.528513294489616831e-04,7.387712125552291028e-47
1.810201159363102051e+05,1.888684728449118930e-02,4.781042159361153949e+02,1.033111525208277228e-03,1.704216674642454812e-02,7.230808683645062733e-06,9.359491683979014921e-05,7.107432873349289705e-04,9.693177756816980445e-47
1.801483410246027634e+05,2.054308690981975979e-02,4.790595895724300135e+02,1.124750642091086128e-03,1.853704420346254794e-02,7.861525246846968917e-06,9.982677682065228104e-05,7.736037621986231044e-04,1.289593280828669043e-46
1.792765661128953216e+05,2.234126406833909090e-02,4.800901325089337774e+02,1.224234955184348977e-03,2.015999008414191135e-02,8.573408164563592340e-06,1.066323095431550292e-04,8.418333113051139046e-04,1.741116144411679228e-46
1.784047912011878507e+05,2.429292311568819612e-02,4.812008817288278806e+02,1.332193435443022964e-03,2.192140769776090153e-02,9.379958910583354346e-06,1.140815646502468957e-04,9.158604589234417863e-04,2.387563383248534519e-46
1.775330162894804089e+05,2.641044263883297882e-02,4.823970722424886048e+02,1.449298676880550214e-03,2.383244914491676816e-02,1.029730883710926581e-05,1.222545882499974585e-04,9.961429199485543912e-04,3.328137959422035522e-46
1.766612413777729671e+05,2.870707938469811010e-02,4.836841231240867387e+02,1.576268864775198526e-03,2.590505402152095543e-02,1.134479176987563079e-05,1.312429586971828124e-04,1.083168747934890909e-03,4.719917468445055853e-46
1.757894664660655253e+05,3.119701211791630485e-02,4.850676197378725192e+02,1.713869675412119055e-03,2.815198784688087430e-02,1.254565211069746655e-05,1.411515650986668664e-04,1.177457378413936063e-03,6.815828752034284486e-46
1.749176915543580544e+05,3.389538504024761784e-02,4.865532919252736406e+02,1.862916082487056516e-03,3.058687983527513116e-02,1.392792245401356398e-05,1.521006662110814566e-04,1.279560533820319878e-03,1.003025598795370155e-45
1.741958280231578101e+05,3.629899148151088939e-02,4.878649868048527765e+02,1.995611058224535436e-03,3.275565789495446523e-02,1.523377834772256576e-05,1.620522975076067252e-04,1.370436452476553237e-03,1.401885654749030105e-45
1.734739644919575367e+05,3.886628356195866857e-02,4.892541140781939362e+02,2.137265326706297170e-03,3.507198762897599520e-02,1.671007456811211283e-05,1.729004603427335249e-04,1.467420071365501495e-03,1.986870635052334555e-45
1.727521009607572923e+05,4.160748318774446647e-02,4.907240695688846586e+02,2.288422968170195516e-03,3.754505495117070601e-02,1.838378282802693314e-05,1.847448649068483221e-04,1.570876620668641395e-03,2.856693582117545623e-45
1.720302374295570189e+05,4.453333592947821690e-02,4.922782626783897513e+02,2.449653789019241856e-03,4.018451080901672134e-02,2.028668452031452435e-05,1.976974485214306771e-04,1.681187198400508048e-03,4.168354660861616067e-45
1.713083738983567746e+05,4.765512504552982254e-02,4.939201004458288367e+02,2.621553743522424176e-03,4.300048242771858237e-02,2.245630059997782478e-05,2.118839231181857911e-04,1.798748650570658513e-03,6.174897537721227531e-45
1.705865103671565012e+05,5.098468458542432247e-02,4.956529704191481187e+02,2.804745290992392923e-03,4.600358345671073240e-02,2.493701076389352197e-05,2.274455141818769010e-04,1.923973312775427999e-03,9.289693882154687242e-45
1.698646468359562568e+05,5.453441145299110782e-02,4.974802224619679123e+02,2.999877688894715764e-03,4.920492285809394128e-02,2.778140138754079977e-05,2.445409124794083438e-04,2.057288592135498185e-03,1.419728907917444276e-44
1.691427833047559834e+05,5.831727631384771293e-02,4.994051496529187943e+02,3.207627225556482567e-03,5.261611237079322212e-02,3.105188984375954086e-05,2.633484616376370255e-04,2.199136366016616728e-03,2.204697770991977035e-44
1.684209197735557391e+05,6.234683323854132986e-02,5.014309684658691140e+02,3.428697400213826570e-03,5.624927237822278242e-02,3.482268260129190303e-05,2.840686063715523128e-04,2.349972171131880453e-03,3.479518252672831118e-44
1.676990562423554657e+05,6.663722798115594148e-02,5.035607984492771152e+02,3.663819063216898313e-03,6.011703600055557511e-02,3.918213615891969539e-05,3.069266278714478761e-04,2.510264153353100949e-03,5.581876261604537834e-44
1.669771927111552213e+05,7.120320480361354287e-02,5.057976416497637615e+02,3.913750535471377870e-03,6.423255122512980253e-02,4.423560372574233067e-05,3.321756944971206030e-04,2.680491744789493223e-03,9.102760819657613052e-44
1.662553291799549479e+05,7.606011176754759462e-02,5.081443620474950080e+02,4.179277733781197601e-03,6.860948087904227000e-02,5.010886695155766432e-05,3.601002574558902908e-04,2.861144030316677047e-03,1.509084235520445951e-43
1.655334656487546745e+05,8.122390442840107805e-02,5.106036652879913618e+02,4.461214337858868291e-03,7.326200023604850786e-02,5.695227131163907534e-05,3.910198225171075291e-04,3.052717760664958469e-03,2.543257907049684147e-43
1.646879085917114280e+05,8.768510291739865792e-02,5.136309373110884735e+02,4.813462822321926821e-03,7.908198092868813645e-02,6.644586842704791596e-05,4.315310755585214340e-04,3.291682222403068386e-03,4.785548578372806223e-43
1.638423515346681816e+05,9.461781087071141627e-02,5.168198566678246380e+02,5.190784637946747014e-03,8.532472441179753120e-02,7.787106787502524852e-05,4.772995907478904776e-04,3.547131162344328761e-03,9.206630818678974774e-43
1.629967944776249351e+05,1.020508599679746664e-01,5.201737307960735279e+02,5.594637192670514486e-03,9.201561421538537178e-02,9.166326004511497815e-05,5.290731591420045005e-04,3.819872140731806615e-03,1.810228228449017095e-42
1.621512374205816886e+05,1.100142187449871245e-01,5.236954236281054591e+02,6.026535164502267242e-03,9.918091574044531067e-02,1.083610738346183931e-04,5.877061962897236385e-04,4.110700569915462163e-03,3.635900724335623522e-42
1.613056803635384422e+05,1.185389803318951246e-01,5.273873255970725040e+02,6.488054003742213180e-03,1.068477326097479058e-01,1.286311040663273419e-04,6.541738452292927787e-04,4.420388769109830432e-03,7.455328392886567087e-42
1.604601233064951957e+05,1.276573457343637974e-01,5.312513289236123910e+02,6.980835066164786662e-03,1.150439518041215109e-01,1.532983601432988451e-04,7.295876148240675995e-04,4.749672889110830888e-03,1.559469945365480582e-41
1.596145662494519493e+05,1.374026026832119440e-01,5.352888086776343926e+02,7.506592889778177652e-03,1.237981761519712093e-01,1.833836302687993523e-04,8.152126515997233430e-04,5.099237359595057244e-03,3.324866643627986320e-41
1.587690091924087028e+05,1.478091000729838678e-01,5.395006099465308580e+02,8.067125219813557624e-03,1.331396425070361378e-01,2.201491462247997339e-04,9.124867386277545588e-04,5.469696461283099845e-03,7.218478107813519669e-41
1.579234521353654563e+05,1.589122179887202391e-01,5.438870412626844200e+02,8.664326481090554519e-03,1.430981236956412606e-01,2.651541298943228668e-04,1.023041108916835978e-03,5.861572573179305891e-03,1.594183908907150785e-40
1.570778950783222099e+05,1.707483332825205924e-01,5.484478742604449053e+02,9.300205488191283162e-03,1.537038120543861852e-01,3.203219922669784748e-04,1.148723153064943681e-03,6.275270594613900979e-03,3.577376476403701845e-40
1.562323380212789634e+05,1.833547806088475784e-01,5.531823493544227404e+02,9.976908263689736323e-03,1.649871821358077639e-01,3.880211202620379080e-04,1.291621091031356673e-03,6.711047998060164395e-03,8.147169969988649230e-40
1.553867809642357170e+05,1.967698087620023129e-01,5.580891870660161658e+02,1.069674689153047968e-02,1.769788299665543685e-01,4.711613002550254841e-04,1.454090664535160086e-03,7.168979939131615159e-03,1.880717210112287127e-39
1.545412239071924705e+05,2.110325320851268172e-01,5.631666044815660825e+02,1.146223535137330489e-02,1.897092861470126568e-01,5.733078542705018904e-04,1.638783887306846047e-03,7.648918845168691319e-03,4.394969299392800224e-39
1.536956668501492240e+05,2.261828766434334503e-01,5.684123362101606745e+02,1.227613324123966350e-02,2.032088001447184544e-01,6.988154593761266393e-04,1.848679860903020304e-03,8.150447937202091875e-03,1.038325265030155273e-38
1.528501097931059776e+05,2.422615207830230710e-01,5.738236591268944267e+02,1.314149817734247376e-02,2.175070934333900030e-01,8.529833258198028616e-04,2.087117617084606382e-03,8.672828229392720578e-03,2.476740999942801767e-38
1.520045527360627311e+05,2.593098296410879522e-01,5.793974201415489915e+02,1.406174743610859312e-02,2.326330797571953268e-01,1.042232857852317535e-03,2.357830873321134155e-03,9.214938716617413622e-03,5.956930228864472183e-38
1.511589956790194847e+05,2.773697831459820407e-01,5.851300662244407249e+02,1.504072904808922452e-02,2.486145518586948822e-01,1.274308039364291162e-03,2.664984470763580044e-03,9.775209729076849222e-03,1.442749190713821686e-37
1.503134386219762382e+05,2.964838970615456537e-01,5.910176759500265007e+02,1.608280204366005842e-02,2.654778356047020615e-01,1.558497500977858207e-03,3.013212083699832143e-03,1.035154982851200708e-02,3.514220750924159091e-37
1.494678815649329918e+05,3.166951367060092948e-01,5.970559918824880015e+02,1.719292487130588687e-02,2.832474146726035036e-01,1.905875473586379114e-03,3.407654520222161768e-03,1.094126716829653748e-02,8.597994674603831635e-37
1.486223245078897453e+05,3.380468231296907544e-01,6.032404532220683677e+02,1.837675016097716982e-02,3.019455318865224558e-01,2.329556579193636616e-03,3.853997544920743142e-03,1.154098695808038200e-02,2.110454866340461361e-36
1.479327903613309609e+05,3.563331524121838290e-01,6.083885867847387772e+02,1.940114238829434082e-02,3.178945044750408622e-01,2.742172028732923345e-03,4.260733983250933853e-03,1.203459953686589548e-02,4.396381577641138755e-36
1.472432562147721474e+05,3.754305690582097066e-01,6.136279599588559677e+02,2.048274586665713853e-02,3.344831777734612044e-01,3.225341365821424427e-03,4.709838863814211178e-03,1.252946518845658025e-02,9.165751999878667148e-36
1.465537220682133338e+05,3.953628044869740288e-01,6.189557390503210854e+02,2.162591741239829404e-02,3.517191855219603536e-01,3.789890262531916531e-03,5.205290327562875699e-03,1.302252096252111066e-02,1.911401234520143731e-35
1.458641879216545494e+05,4.161535709089602686e-01,6.243690070526382669e+02,2.283547228095429010e-02,3.696085302527078453e-01,4.447939195006430854e-03,5.751351952879571287e-03,1.351027722741226025e-02,3.984901798691100263e-35
1.451746537750957359e+05,4.378265175853516267e-01,6.298647745269212237e+02,2.411671038453776575e-02,3.881554688224984062e-01,5.212965604150406745e-03,6.352573867046068003e-03,1.398879890711848643e-02,8.301375575248888883e-35
1.450022702384560544e+05,4.433853567495166237e-01,6.312512505862928265e+02,2.444888933790899041e-02,3.928952775869486436e-01,5.422649679206763620e-03,6.512058311551867026e-03,1.410648183389957323e-02,9.971423947641771760e-35
1.448298867018163437e+05,4.490011708347094732e-01,6.326426442045114982e+02,2.478600446422911732e-02,3.976763660816988177e-01,5.640188964062346419e-03,6.675369118757084469e-03,1.422324220596115490e-02,1.197644156064222598e-34
1.446575031651766330e+05,4.546743257406837824e-01,6.340389069812583784e+02,2.512815350994705710e-02,4.024987463548652666e-01,5.865835272963979344e-03,6.842585509270505961e-03,1.433900509363578331e-02,1.438331401739711842e-34
1.446230264578492788e+05,4.558158697725711583e-01,6.343187395637132795e+02,2.519719613428783242e-02,4.034681779576144711e-01,5.911959927149898139e-03,6.876504500549793751e-03,1.436203125296919153e-02,1.491970388099622700e-34
1.445885497505218955e+05,4.569597249670661609e-01,6.345987645804343629e+02,2.526644490812348168e-02,4.044392614394421992e-01,5.958421223945873334e-03,6.910583568141157908e-03,1.438501382741339159e-02,1.547603586758635004e-34
1.445885428551799268e+05,4.569599539695083368e-01,6.345988206046629330e+02,2.526645877855413641e-02,4.044394558213995072e-01,5.958430550016652685e-03,6.910590400009361881e-03,1.438501841952864388e-02,1.547614917739087406e-34
1.445885359598379873e+05,4.569601829720431052e-01,6.345988766288991201e+02,2.526647264899284026e-02,4.044396502034230956e-01,5.958439876100862266e-03,6.910597231884117037e-03,1.438502301164220308e-02,1.547626248802189604e-34
1.445885290644960187e+05,4.569604119746704107e-01,6.345989326531430379e+02,2.526648651943996446e-02,4.044398445855127422e-01,5.958449202198603557e-03,6.910604063765189188e-03,1.438502760375394082e-02,1.547637579948041453e-34
1.445885221691540501e+05,4.569606409773903644e-01,6.345989886773945727e+02,2.526650038989538757e-02,4.044400389676682805e-01,5.958458528310009265e-03,6.910610895652763083e-03,1.438503219586386751e-02,1.547648911176622426e-34
1.445885152738120814e+05,4.569608699802028551e-01,6.345990447016538383e+02,2.526651426035903675e-02,4.044402333498899327e-01,5.958467854434989185e-03,6.910617727546819640e-03,1.438503678797204387e-02,1.547660242487932522e-34
1.445885014831295703e+05,4.569613279860129107e-01,6.345991567501876034e+02,2.526654200130586808e-02,4.044406221144503655e-01,5.958486506723666316e-03,6.910631391352660760e-03,1.438504597218037001e-02,1.547682905356855895e-34
1.445884876924470591e+05,4.569617859921932812e-01,6.345992687987520640e+02,2.526656974228579100e-02,4.044410108792750869e-01,5.958505159066616007e-03,6.910645055184186196e-03,1.438505515638163063e-02,1.547705568556685073e-34
1.445884739017645479e+05,4.569622439987438556e-01,6.345993808473473337e+02,2.526659748329885755e-02,4.044413996443639858e-01,5.958523811463800092e-03,6.910658719041414162e-03,1.438506434057581357e-02,1.547728232087345217e-34
1.445883359949352161e+05,4.569668240846138096e-01,6.346005013349895307e+02,2.526687489525075367e-02,4.044452873097899581e-01,5.958710338416231544e-03,6.910795359028483117e-03,1.438515618212839534e-02,1.547954885593246533e-34
1.445881980881058553e+05,4.569714042075094240e-01,6.346016218257044557e+02,2.526715231051420915e-02,4.044491750016456222e-01,5.958896870788849866e-03,6.910932001587154726e-03,1.438524802297354473e-02,1.548181572191602863e-34
1.445880601812765235e+05,4.569759843674306987e-01,6.346027423194919947e+02,2.526742972908902624e-02,4.044530627199315331e-01,5.959083408581381837e-03,6.911068646717543479e-03,1.438533986311128776e-02,1.548408291887195464e-34
1.445879222744471917e+05,4.569805645643779113e-01,6.346038628163521480e+02,2.526770715097544778e-02,4.044569504646470803e-01,5.959269951794234250e-03,6.911205294419671061e-03,1.438543170254149087e-02,1.548635044684954196e-34
1.445865432061537576e+05,4.570263685703181422e-01,6.346150679539425710e+02,2.527048155198654764e-02,4.044958293654472015e-01,5.961135682066357605e-03,6.912571912895705377e-03,1.438635005792228590e-02,1.550904394337517656e-34
1.445851641378603235e+05,4.570721762790579401e-01,6.346262733987679212e+02,2.527325628421000364e-02,4.045347109092362614e-01,5.963001954511371744e-03,6.913938788591374174e-03,1.438726834250902281e-02,1.553177059499730347e-34
1.445837850695668894e+05,4.571179876907840445e-01,6.346374791508033013e+02,2.527603134769815935e-02,4.045735950960124283e-01,5.964868769263925903e-03,6.915305921548139945e-03,1.438818655626143694e-02,1.555453044995624241e-34
1.445824060012734553e+05,4.571638028056830838e-01,6.346486852100238139e+02,2.527880674250279278e-02,4.046124819257750915e-01,5.966736126458079513e-03,6.916673311807660339e-03,1.438910469913951516e-02,1.557732355656290187e-34
1.445824016911761428e+05,4.571639460006594047e-01,6.346487202335800930e+02,2.527881541715699606e-02,4.046126034656373771e-01,5.966741963489790787e-03,6.916677585810771835e-03,1.438910756856447148e-02,1.557739484561628964e-34
1.445823973810788593e+05,4.571640891956719188e-01,6.346487552571394417e+02,2.527882409181447451e-02,4.046127250055255309e-01,5.966747800526762610e-03,6.916681859816439445e-03,1.438911043798868014e-02,1.557746613499540832e-34
1.445823930709815759e+05,4.571642323907205707e-01,6.346487902807017463e+02,2.527883276647508934e-02,4.046128465454396084e-01,5.966753637568909981e-03,6.916686133824694396e-03,1.438911330741221919e-02,1.557753742469944324e-34
1.445823887608842633e+05,4.571643755858054159e-01,6.346488253042670067e+02,2.527884144113888912e-02,4.046129680853795541e-01,5.966759474616444535e-03,6.916690407835394440e-03,1.438911617683516324e-02,1.557760871472856119e-34
1.445823844507869799e+05,4.571645187809264543e-01,6.346488603278353366e+02,2.527885011580591548e-02,4.046130896253453679e-01,5.966765311669120810e-03,6.916694681848672283e-03,1.438911904625734400e-02,1.557768000508379065e-34
1.445823758305909869e+05,4.571648051712408622e-01,6.346489303749780220e+02,2.527886746514776406e-02,4.046133327053222373e-01,5.966776985790147453e-03,6.916703229882125228e-03,1.438912478509853099e-02,1.557782258676218167e-34
1.445823672103949939e+05,4.571650915616999322e-01,6.346490004221327581e+02,2.527888481450259184e-02,4.046135757854025794e-01,5.966788659932180730e-03,6.916711777925610947e-03,1.438913052393694762e-02,1.557796516974196108e-34
1.445823585901990009e+05,4.571653779523037753e-01,6.346490704692994314e+02,2.527890216387016636e-02,4.046138188655863388e-01,5.966800334095346409e-03,6.916720325979201431e-03,1.438913626277265462e-02,1.557810775402249810e-34
1.445822723882446589e+05,4.571682418663001735e-01,6.346497709416264570e+02,2.527907565825936523e-02,4.046162496731018909e-01,5.966917076893955146e-03,6.916805807068011208e-03,1.438919365097682777e-02,1.557953366839623233e-34
1.445821861862903461e+05,4.571711057947663304e-01,6.346504714150557902e+02,2.527924915394151248e-02,4.046186804909623347e-01,5.967033821799009978e-03,6.916891289153502889e-03,1.438925103890999375e-02,1.558095971271090678e-34
1.445820999843360332e+05,4.571739697377023015e-01,6.346511718888712039e+02,2.527942265090344851e-02,4.046211113192993980e-01,5.967150568711383600e-03,6.916976772172150033e-03,1.438930842661597514e-02,1.558238588561699335e-34
1.445819682314085367e+05,4.571783470779036129e-01,6.346522425077318985e+02,2.527968782985904467e-02,4.046248266702974772e-01,5.967329010927007078e-03,6.917107427960529457e-03,1.438939613885953546e-02,1.558456592531373720e-34
1.445818364784810401e+05,4.571827244519076072e-01,6.346533131260505343e+02,2.527995301177841242e-02,4.046285420460361548e-01,5.967507457632208537e-03,6.917238085800060665e-03,1.438948385066086445e-02,1.558674626272832233e-34
1.445817047255535435e+05,4.571871018597146730e-01,6.346543837438272249e+02,2.528021819666146155e-02,4.046322574465157085e-01,5.967685908826781543e-03,6.917368745690672532e-03,1.438957156202005060e-02,1.558892689789985023e-34
1.445803871962729609e+05,4.572308777969892879e-01,6.346650898917828272e+02,2.528287020850866762e-02,4.046694128120700285e-01,5.969470667712231150e-03,6.918675457413691124e-03,1.439044865128470511e-02,1.561074963500191277e-34
1.445790696669923782e+05,4.572746571147703332e-01,6.346757959855384570e+02,2.528552251677679275e-02,4.047065706517758987e-01,5.971255875639866137e-03,6.919982374274877453e-03,1.439132569630289203e-02,1.563260219151244958e-34
1.445777521377118246e+05,4.573184398132464357e-01,6.346865020250959333e+02,2.528817512150414656e-02,4.047437309656953253e-01,5.973041532695858892e-03,6.921289496299015513e-03,1.439220269705208596e-02,1.565448460718591064e-34
1.445764346084312419e+05,4.573622258926072215e-01,6.346972080104575298e+02,2.529082802272923994e-02,4.047808937538908691e-01,5.974827638966595175e-03,6.922596823510713225e-03,1.439307965350982398e-02,1.567639692182971158e-34
1.445632593156211951e+05,4.578002726765782460e-01,6.348042648837569004e+02,2.531737335082034912e-02,4.051526577348041891e-01,5.992713427474020797e-03,6.935681386379529030e-03,1.440184677710012497e-02,1.589717330626683526e-34
1.445500840228111774e+05,4.582386577575563447e-01,6.349113163397586277e+02,2.534394837102365086e-02,4.055246692121465824e-01,6.010644232447581031e-03,6.948786495178657825e-03,1.441060944675988907e-02,1.612098376175732436e-34
1.445369087300011306e+05,4.586773813251663334e-01,6.350183623805486377e+02,2.537055312186626763e-02,4.058969282484077290e-01,6.028620140335676399e-03,6.961912174620760348e-03,1.441936763993591566e-02,1.634786895852713683e-34
1.445237334371911129e+05,4.591164435690783252e-01,6.351254030082119471e+02,2.539718764191271558e-02,4.062694349060087529e-01,6.046641237675795880e-03,6.975058449431622253e-03,1.442812133404943950e-02,1.657787009832757591e-34
1.444206175418432103e+05,4.625644657711261432e-01,6.359629654101878486e+02,2.560667423562979980e-02,4.091934030419898671e-01,6.189253285618012343e-03,7.078661401382501869e-03,1.449647380650578680e-02,1.849041836105372917e-34
1.443175016464953078e+05,4.660333357490268336e-01,6.368001973653308596e+02,2.581800525720396797e-02,4.121325723867427793e-01,6.334680394354625863e-03,7.183539298787350834e-03,1.456453841193789192e-02,2.061776828799639179e-34
1.442143857511474052e+05,4.695231447159345373e-01,6.376370998702578845e+02,2.603119943135440498e-02,4.150869724309486086e-01,6.482964611510575598e-03,7.289704078840168050e-03,1.463230416328062042e-02,2.298339630547347761e-34
1.441112698557995027e+05,4.730339840505818350e-01,6.384736739198602891e+02,2.624627562158339186e-02,4.180566324115975174e-01,6.634148312313242410e-03,7.397167726259734274e-03,1.469975997882782930e-02,2.561327478390449632e-34
1.440081539604516001e+05,4.765659452984589706e-01,6.393099205073027633e+02,2.646325282934434975e-02,4.210415813176991984e-01,6.788274195983369681e-03,7.505942271771186974e-03,1.476689468366070013e-02,2.853613008568211069e-34
1.438019221697543690e+05,4.836936005427770469e-01,6.409814352598768892e+02,2.690298698701116403e-02,4.270574606453882427e-01,7.105524906091074781e-03,7.727472400394893443e-03,1.490015560388639575e-02,3.539117893998008013e-34
1.435956903790571669e+05,4.909068461113270110e-01,6.426516520395738326e+02,2.735055663668305853e-02,4.331348375216445001e-01,7.435064669209496754e-03,7.954391568779157345e-03,1.503199571500482730e-02,4.384495917475139822e-34
1.433894585883599357e+05,4.982064202788876184e-01,6.443205787316883288e+02,2.780611865146190298e-02,4.392739353641120781e-01,7.777246341705799752e-03,8.186797509357010560e-03,1.516232241224416133e-02,5.425934186358468679e-34
1.431832267976627336e+05,5.055930639128346504e-01,6.459882231957381009e+02,2.826983200932955270e-02,4.454749740631587240e-01,8.132427568665508144e-03,8.424788523678970742e-03,1.529104174799459682e-02,6.707567224135064504e-34
1.429769950069655024e+05,5.130675204515690035e-01,6.476545932660472999e+02,2.874185775492982264e-02,4.517381701545356010e-01,8.500970634628526867e-03,8.668463419234315182e-03,1.541805848823285356e-02,8.283170105531325409e-34
1.427707632162682712e+05,5.206305358856823107e-01,6.493196967522766272e+02,2.922235895937944430e-02,4.580637370061664826e-01,8.883242305298718125e-03,8.917921442270814250e-03,1.554327617255842411e-02,1.021820143583675290e-33
1.424379634919444507e+05,5.330237659396159788e-01,6.520040510448676514e+02,3.001604581240342740e-02,4.684034781583616969e-01,9.530017085428001480e-03,9.332925269925856568e-03,1.574129961349695489e-02,1.430758235038705553e-33
1.421051637676206301e+05,5.456527200413413548e-01,6.546851599017447825e+02,3.083293813117841606e-02,4.789070542465194147e-01,1.021509182008338394e-02,9.763668411487328239e-03,1.593396743207281530e-02,1.998075125132530119e-33
1.417723640432968095e+05,5.585205744424841523e-01,6.573630557548785873e+02,3.167375273909258521e-02,4.895753185538612162e-01,1.094007426488276258e-02,1.021057202128645112e-02,1.612085686336114584e-02,2.783121881233604357e-33
1.414395643189729890e+05,5.716305222326820701e-01,6.600377708853636705e+02,3.253921855859784329e-02,5.004091110072498294e-01,1.170659593025635478e-02,1.067405737052493087e-02,1.630153936605311868e-02,3.866768016170417864e-33
1.411067645946491684e+05,5.849857732718091174e-01,6.627093374276302029e+02,3.343007603655193116e-02,5.114092611950464828e-01,1.251630969561690586e-02,1.115454479924590965e-02,1.647558154534786712e-02,5.358949488773509992e-33
1.407739648703253479e+05,5.985895541634570494e-01,6.653777873732618673e+02,3.434707653922428744e-02,5.225765916348599216e-01,1.337088726065284450e-02,1.165245258486735484e-02,1.664254614385262537e-02,7.408778340987636969e-33
1.404411651460015273e+05,6.124451082725173023e-01,6.680431525744223791e+02,3.529098171806804851e-02,5.339119212947101012e-01,1.427201643331401856e-02,1.216819572513426137e-02,1.680199310129079637e-02,1.021805526302106064e-32
1.398765804113166523e+05,6.365357016981331162e-01,6.725578983335193470e+02,3.695600399263887503e-02,5.535285327581835890e-01,1.591202874299669362e-02,1.308508596143974877e-02,1.705405024287405188e-02,1.753454224703747547e-32
1.394147894086131419e+05,6.567970240298268703e-01,6.762442209239171689e+02,3.837976551527669949e-02,5.699375969205994208e-01,1.736253505931082547e-02,1.387544866965300522e-02,1.724167786498681174e-02,2.713857284086400175e-32
1.389529984059096023e+05,6.775689612521941241e-01,6.799248518670027579e+02,3.986149794021238285e-02,5.866766629128570276e-01,1.891614506691064942e-02,1.470329237676357148e-02,1.741136295545046495e-02,4.182259203875341143e-32
1.384912074032060627e+05,6.988604213298950096e-01,6.835998744058648526e+02,4.140334995430657028e-02,6.037480541675490642e-01,2.057745642671910194e-02,1.556961559375343550e-02,1.756194518756673886e-02,6.418190006228192133e-32
1.380294164005025523e+05,7.206803795614108443e-01,6.872693713134605105e+02,4.300749074968013980e-02,6.211541891693317385e-01,2.235104665902611087e-02,1.647536735317259998e-02,1.769228563020014064e-02,9.809276916707339715e-32
1.375676253977990127e+05,7.430378809299238441e-01,6.909334248947591277e+02,4.467610574458088374e-02,6.388976101013938980e-01,2.424145273230015468e-02,1.742143735424436790e-02,1.780127499740456407e-02,1.493235195566519996e-31
1.371058343950954732e+05,7.659420429625777293e-01,6.945921169860671398e+02,4.641139213417474346e-02,6.569810134656812739e-01,2.625314950121740779e-02,1.840864545830747656e-02,1.788784240319681723e-02,2.264275130887871124e-31
1.366440433923919627e+05,7.894020591225101580e-01,6.982455289515031609e+02,4.821555427219877121e-02,6.754072826694444975e-01,2.839052701510938123e-02,1.943773055437329061e-02,1.795096461138419308e-02,3.420439626928280030e-31
1.361822523896884231e+05,8.134272027627789114e-01,7.018937416765830903e+02,5.009079888421608118e-02,6.941795225582957363e-01,3.065786672995686815e-02,2.050933882609012188e-02,1.798967576421998601e-02,5.147247834421823525e-31
1.354621906486476946e+05,8.520389339342507862e-01,7.075721449394350202e+02,5.316187901072683131e-02,7.241490906501308888e-01,3.446236914388394607e-02,2.226636662163700500e-02,1.799922850787030737e-02,9.667315491644388033e-31
1.347421289076069661e+05,8.920833886398379375e-01,7.132384046806118931e+02,5.641945448232564553e-02,7.549823380381731619e-01,3.860781215508941877e-02,2.412952757143305843e-02,1.794425639282050053e-02,1.800430266272943087e-30
1.340220671665662376e+05,9.335970718922703693e-01,7.188928201391551056e+02,5.987174215289673557e-02,7.866956297107728924e-01,4.310792239154365157e-02,2.609946521407848635e-02,1.782231242298588925e-02,3.326073258350030471e-30
1.333020054255255091e+05,9.766171389383054846e-01,7.245356872432878390e+02,6.352681271586192724e-02,8.193078490320657714e-01,4.797497874596862166e-02,2.817587866645730049e-02,1.763161977795848698e-02,6.096977167384987247e-30
1.325819436844848096e+05,1.021181469666601949e+00,7.301672983633279728e+02,6.739253754002043351e-02,8.528408054038384423e-01,5.321955018145840127e-02,3.035739739764939729e-02,1.737117914364037785e-02,1.109337716693666706e-29
1.318618819434440811e+05,1.067328752810308590e+00,7.357879420124164653e+02,7.147653416883387179e-02,8.873196478997009695e-01,5.885023509703411065e-02,3.264146098158194481e-02,1.704087466316145383e-02,2.004083955193320382e-29
1.311418202024033526e+05,1.115098579666158995e+00,7.413979024922542749e+02,7.578611135291200840e-02,9.227732727890173292e-01,6.487341105899925575e-02,3.502421000680632640e-02,1.664157445842613658e-02,3.595876501513640460e-29
1.304217584613626241e+05,1.164531546659054673e+00,7.469974594814223110e+02,8.032821492383157569e-02,9.592347088631123508e-01,7.129300647242434175e-02,3.750039591914538367e-02,1.617522048054199912e-02,6.410049018926570565e-29
1.297016967203218956e+05,1.215669365588018636e+00,7.525868875647524874e+02,8.510937637103678510e-02,9.967414599937944875e-01,7.811030884896383308e-02,4.006331922097475240e-02,1.564490115324862138e-02,1.135568926024818834e-28
1.289816349792811670e+05,1.268554979794298543e+00,7.581664557038214980e+02,9.013566664312751275e-02,1.035335779726975769e+00,8.532382747804018175e-02,4.270480694899019686e-02,1.505489899716428055e-02,1.999794076390038578e-28
1.282615732382404385e+05,1.323232683805572352e+00,7.637364266511025335e+02,9.541265842360940885e-02,1.075064848532992112e+00,9.292923109704581686e-02,4.541524138645910980e-02,1.441070436546450922e-02,3.501838206447193075e-28
1.275415114971997100e+05,1.379748243263845708e+00,7.692970563138026137e+02,1.009454008513579193e-01,1.115980821512637222e+00,1.009193829213937688e-01,4.818365209714962211e-02,1.371898588130571889e-02,6.099011386599005050e-28
1.268214497561589960e+05,1.438149011197934923e+00,7.748485930780034323e+02,1.067384112354287651e-01,1.158140714136100868e+00,1.092844952393504793e-01,5.099788205221367221e-02,1.298750853483990331e-02,1.056772812813240228e-27
1.261013880151182675e+05,1.498484036046935586e+00,7.803912771093463334e+02,1.127956885608606269e-01,1.201606097447735833e+00,1.180124226371315477e-01,5.384483528317882128e-02,1.222499211802752402e-02,1.822048432454255556e-27
1.255395462212347629e+05,1.546937665458318456e+00,7.847100617334874642e+02,1.177078200969221694e-01,1.236469614201991973e+00,1.250655471447091327e-01,5.608014216773779537e-02,1.161454184695729329e-02,2.777932291083281891e-27
1.249777044273512729e+05,1.596624759803388249e+00,7.890237034419176325e+02,1.227844890325761051e-01,1.272200429611084482e+00,1.323237581039245769e-01,5.832041618529049815e-02,1.099566687051260414e-02,4.223445086231048121e-27
1.248653360685748630e+05,1.606712438675349963e+00,7.898858236850685444e+02,1.238196897413080116e-01,1.279453609888714594e+00,1.337993483702259456e-01,5.876848730983297991e-02,1.087130336526809585e-02,4.591057117631418034e-27
1.247529677097984386e+05,1.616850688274181991e+00,7.907477431058545108e+02,1.248615375213337902e-01,1.286743095704070416e+00,1.352827789535490932e-01,5.921644236724279975e-02,1.074683372798591018e-02,4.990124017352465009e-27
1.246405993510220287e+05,1.627039718357842668e+00,7.916094624962693160e+02,1.259100427012464496e-01,1.294069160523521500e+00,1.367739886932214100e-01,5.966422994278835351e-02,1.062229649706471907e-02,5.423292030815625830e-27
1.245282309922456043e+05,1.637279739841629445e+00,7.924709826419774572e+02,1.269652154900187957e-01,1.301432078690913263e+00,1.382729164991727822e-01,6.011179903612367398e-02,1.049773012540104918e-02,5.893426219237916413e-27
1.244158626334691944e+05,1.647570964797468562e+00,7.933323043222700335e+02,1.280270659899978569e-01,1.308832125321019335e+00,1.397795014321673301e-01,6.055909910819252256e-02,1.037317294609144819e-02,6.403628225057576243e-27
1.243034942746927845e+05,1.657913606455894140e+00,7.941934283100251832e+02,1.290956042104757784e-01,1.316269576194370128e+00,1.412936827849244070e-01,6.100608012811462727e-02,1.024866313800935035e-02,6.957255450648741108e-27
1.241911259159163601e+05,1.668307879206125000e+00,7.950543553716701126e+02,1.301708400814848010e-01,1.323744707649899377e+00,1.428154001636591508e-01,6.145269261982344577e-02,1.012423869125789709e-02,7.557941760128543539e-27
1.240787575571399502e+05,1.678753998596187236e+00,7.959150862671447157e+02,1.312527834679323990e-01,1.331257796477221644e+00,1.443445935700179705e-01,6.189888770841720650e-02,9.999937372597895655e-03,8.209619822359670447e-27
1.238540208395871159e+05,1.699802645279220314e+00,7.976359625667066666e+02,1.334368320078950509e-01,1.346398955008744736e+00,1.474251709421866008e-01,6.278983345761457446e-02,9.751853862777007387e-03,9.683322476270968109e-27
1.236292841220342816e+05,1.721061294040291623e+00,7.993560631572668171e+02,1.356478280013221904e-01,1.361695270996191143e+00,1.505349459440478155e-01,6.367854013197528362e-02,9.504708966753223215e-03,1.141676588856681666e-26
1.234045474044814473e+05,1.742531710887541330e+00,8.010753938816839081e+02,1.378858495252018035e-01,1.377148963909903268e+00,1.536734611911587944e-01,6.456464298440986460e-02,9.258793276865314933e-03,1.345488800107908991e-26
1.231798106869286130e+05,1.764215680229786365e+00,8.027939604764029582e+02,1.401509750551478695e-01,1.392762250031557070e+00,1.568402734598486892e-01,6.544779113276852356e-02,9.014390550462460933e-03,1.585025121127924175e-26
1.229550739693757787e+05,1.786115004778570992e+00,8.045117685709129773e+02,1.424432839665096540e-01,1.408537339055823567e+00,1.600349562222649902e-01,6.632764886221878542e-02,8.771776671752188823e-03,1.866430850054411738e-26
1.227303372518229444e+05,1.808231505425294650e+00,8.062288236873847609e+02,1.447628570401316150e-01,1.424476430776068225e+00,1.632571021059997796e-01,6.720389684885479109e-02,8.531218654238626950e-03,2.196887471297847518e-26
1.225056005342701246e+05,1.830567021094529290e+00,8.079451312404953569e+02,1.471097769687723933e-01,1.440581711884454386e+00,1.665063252559122464e-01,6.807623329225868936e-02,8.292973693130244531e-03,2.584783528233247035e-26
1.221414232979291992e+05,1.867230640821903931e+00,8.107247681872407838e+02,1.509711522294278352e-01,1.467038106445477386e+00,1.718281391247847290e-01,6.948079810672357082e-02,7.912444915490271513e-03,3.361045647888527756e-26
1.217772460615882737e+05,1.904482252359829930e+00,8.135024779940022199e+02,1.549049412130977799e-01,1.493945715082835468e+00,1.772187202120005245e-01,7.087325942710022419e-02,7.539616424796184192e-03,4.365694227349546277e-26
1.214130688252473483e+05,1.942329974259243253e+00,8.162782819124231537e+02,1.589115485038439246e-01,1.521313502927646999e+00,1.826768743396217087e-01,7.225266435922758634e-02,7.175384128902642829e-03,5.664475229872556582e-26
1.210488915889064374e+05,1.980782041825877027e+00,8.190522004688689321e+02,1.629914090642801405e-01,1.549150250162282472e+00,1.882016240688517972e-01,7.361820846652294970e-02,6.820550063940215846e-03,7.341610990245154664e-26
1.206847143525655119e+05,2.019846804210327473e+00,8.218242534766411609e+02,1.671449927924618384e-01,1.577464531962843752e+00,1.937922226161682693e-01,7.496923924603952905e-02,6.475817592808087372e-03,9.504852174721529728e-26
1.203205371162245865e+05,2.059532721340301631e+00,8.245944600514891363e+02,1.713728085398007750e-01,1.606264703641774538e+00,1.994481637569724686e-01,7.630525702834319024e-02,6.141788373406622051e-03,1.229186808101612723e-25
1.199563598798836611e+05,2.099848360762780253e+00,8.273628386301857063e+02,1.756754075131533865e-01,1.635558891184646813e+00,2.051691875981688507e-01,7.762591334839076540e-02,5.818961118417131234e-03,1.587831720144417344e-25
1.195921826435427502e+05,2.140802394465268765e+00,8.301294069918802734e+02,1.800533860063223135e-01,1.665354987187917413e+00,2.109552822439790531e-01,7.893100691984958339e-02,5.507732107197755439e-03,2.048802384856350910e-25
1.190490875476766523e+05,2.203081762702101543e+00,8.342518462301775344e+02,1.867236669234017543e-01,1.710738565111640019e+00,2.197054933004069510e-01,8.084827967794123993e-02,5.065757688711870245e-03,2.989892641810786786e-25
1.185059924518105545e+05,2.266829925725652561e+00,8.383703519979802650e+02,1.935653651595342084e-01,1.757279832609055292e+00,2.286027501167942622e-01,8.273117643418909095e-02,4.650801406079403157e-03,4.351982911574092321e-25
1.179628973559444566e+05,2.332076849403085461e+00,8.424849758741891037e+02,2.005810578010036593e-01,1.805002240974620253e+00,2.376499195684904087e-01,8.458061790710981465e-02,4.263013151855342062e-03,6.317921118575175250e-25
1.175114818722892378e+05,2.387471910198876390e+00,8.459020931558005714e+02,2.065468660913704624e-01,1.845583755688528171e+00,2.452866858281638751e-01,8.609340046508669186e-02,3.961202125726284891e-03,8.595024440758888452e-25
1.170600663886340044e+05,2.443941127673005198e+00,8.493165892978637430e+02,2.126365634557079443e-01,1.887009418340455769e+00,2.530323856904632684e-01,8.758507266402359992e-02,3.677687522353958929e-03,1.167086716819192527e-24
1.166086509049787855e+05,2.501502395376316024e+00,8.527284901407466577e+02,2.188519932021101566e-01,1.929291467098924961e+00,2.608900926077274418e-01,8.905682267211487146e-02,3.412019795438292133e-03,1.581724930066319866e-24
1.161572354213235667e+05,2.560173804176262724e+00,8.561378205687058198e+02,2.251950968764138139e-01,1.972441908383359532e+00,2.688632008065595658e-01,9.050996023003525515e-02,3.163637879894878706e-03,2.139538085021430286e-24
1.157058199376683333e+05,2.619973639511015584e+00,8.595446045920334655e+02,2.316679071722700101e-01,2.016472583632163307e+00,2.769553732619481901e-01,9.194588336570995446e-02,2.931892078925881200e-03,2.888421420079010913e-24
1.152544044540131144e+05,2.680920379660294284e+00,8.629488654251031221e+02,2.382725404700590244e-01,2.061395233605266775e+00,2.851704920017525402e-01,9.336604799962031076e-02,2.716065583596146381e-03,3.891739648914669347e-24
1.148029889703578810e+05,2.743032694969618657e+00,8.663506255596184928e+02,2.450111893074254921e-01,2.107221558618842749e+00,2.935126119442578729e-01,9.477194093371905936e-02,2.515394165372502374e-03,5.233135252846775378e-24
1.143515734867026622e+05,2.806329447932909726e+00,8.697499068325939788e+02,2.518861150306258012e-01,2.153963273581627202e+00,3.019859190951096339e-01,9.616505647913925481e-02,2.329083746407905123e-03,7.022770675244249551e-24
1.138113604223266739e+05,2.883660795197785287e+00,8.738146294957778082e+02,2.602957834915608504e-01,2.211119216859276815e+00,3.123044370125233060e-01,9.781749001956291378e-02,2.123867814860053334e-03,9.959341970868287392e-24
1.132711473579507001e+05,2.962748714737340805e+00,8.778758679582736022e+02,2.689080304181253878e-01,2.269623370142757501e+00,3.228244100445372133e-01,9.945623051723666286e-02,1.936673614683701158e-03,1.408281634258187436e-23
1.127309342935747118e+05,3.043626634792672814e+00,8.819336566575944971e+02,2.777270399448117377e-01,2.329496434634717339e+00,3.335533489039325672e-01,1.010836744378432323e-01,1.766136871369845167e-03,1.985547070342763903e-23
1.121907212291987380e+05,3.126328394055797766e+00,8.859880291664015886e+02,2.867570834114456235e-01,2.390759490153652855e+00,3.444987763856266483e-01,1.027021084096162440e-01,1.610935695454232368e-03,2.791257802699393268e-23
1.116505081648227497e+05,3.210888249024947960e+00,8.900390182873260301e+02,2.960025090570801987e-01,2.453434051279491879e+00,3.556681885849336533e-01,1.043136949271848274e-01,1.469805176257118736e-03,3.912444284140342355e-23
1.111102951004467759e+05,3.297340882062822942e+00,8.940866561345828814e+02,3.054677335945249483e-01,2.517542109811639506e+00,3.670690269886102142e-01,1.059204642708267419e-01,1.341547397219481057e-03,5.467969862296649944e-23
1.105700820360708021e+05,3.385721409933915016e+00,8.981309742037391288e+02,3.151572355218270616e-01,2.583106165588580527e+00,3.787086597734238835e-01,1.075243114035938224e-01,1.225037646487192990e-03,7.619681445647007983e-23
1.100298689716948138e+05,3.476065392638878926e+00,9.021720034309915945e+02,3.250755499882724275e-01,2.650149247687399789e+00,3.905943706850697472e-01,1.091269967204522018e-01,1.119227557683233993e-03,1.058729167772162214e-22
1.093565264512024005e+05,3.591477124398565479e+00,9.072043406230203573e+02,3.377654207225804228e-01,2.735820782038747012e+00,4.057645883222220085e-01,1.111254761736346769e-01,1.000857141375339565e-03,1.588831122401474508e-22
1.086831839307099872e+05,3.710066023175644823e+00,9.122316733914635734e+02,3.508269018649368132e-01,2.823873650364246757e+00,4.213420229917941295e-01,1.131275578760045780e-01,8.958900786627955592e-04,2.373737330340909850e-22
1.080098414102175739e+05,3.831903971901039263e+00,9.172540586268191873e+02,3.642691036349666733e-01,2.914356030367763140e+00,4.373402063968361841e-01,1.151358457458829115e-01,8.027857556003835642e-04,3.530745839721189759e-22
1.073364988897251606e+05,3.957064020426762418e+00,9.222715522789676470e+02,3.781012511295818723e-01,3.007317429406339837e+00,4.537724845701189280e-01,1.171526869116006064e-01,7.201684091227230928e-04,5.228751938255933557e-22
1.066631563692327472e+05,4.085620411574164557e+00,9.272842094240716051e+02,3.923326845704266375e-01,3.102808672559111969e+00,4.706520431997920917e-01,1.191801966472955110e-01,6.468145975418413155e-04,7.709887351790498920e-22
1.059898138487403339e+05,4.217648606547346191e+00,9.322920843180231714e+02,4.069728611305776789e-01,3.200881886487797257e+00,4.879919360317105381e-01,1.212202829960309369e-01,5.816399012327188841e-04,1.131979180633628863e-21
1.053164713282479206e+05,4.353225309691961975e+00,9.372952304392071028e+02,4.220313578872226801e-01,3.301590481468807070e+00,5.058051144882181882e-01,1.232746702771013725e-01,5.236855706083442911e-04,1.654978440098147649e-21
1.046431288077555073e+05,4.492428492611624691e+00,9.422937005228362750e+02,4.375178755447102774e-01,3.404989133263871537e+00,5.241044572066602125e-01,1.253449209948785947e-01,4.721056015086198842e-04,2.409537246834899056e-21
1.039697862872630940e+05,4.635337417682860561e+00,9.472875465886793336e+02,4.534422426558996633e-01,3.511133765954156605e+00,5.429027986347525481e-01,1.274324558983600530e-01,4.261545396887484838e-04,3.493710113915860218e-21
1.031189818468053709e+05,4.821335445396869979e+00,9.535910064694777475e+02,4.742051972819103511e-01,3.649269174045415287e+00,5.673890516074032719e-01,1.300968924860571863e-01,3.751299760671879908e-04,5.554527196544740571e-21
1.022681774063476478e+05,5.013544301354632360e+00,9.598872676943168472e+02,4.957035314104361046e-01,3.791998165236028839e+00,5.927183374715228048e-01,1.327933626786098886e-01,3.309045580225063242e-04,8.774922038435022886e-21
1.014173729658899247e+05,5.212133070092774823e+00,9.661764306019218793e+02,5.179580183763621282e-01,3.939441899982131012e+00,6.189166344147829513e-01,1.355240135627633624e-01,2.925037567312420146e-04,1.377610816073894534e-20
1.005665685254322016e+05,5.417274382514614572e+00,9.724585939000984354e+02,5.409898108511357329e-01,4.091724587673949642e+00,6.460100825191915641e-01,1.382908023180865753e-01,2.590991522519894385e-04,2.149552485530821621e-20
9.971576408497447846e+04,5.629144484287151862e+00,9.787338546989163888e+02,5.648204553712882214e-01,4.248973470529666230e+00,6.740250430816447924e-01,1.410955290325617006e-01,2.299862719856401766e-04,3.333946450307738901e-20
9.886495964451675536e+04,5.847923303404656714e+00,9.850023085391776476e+02,5.894719063559212824e-01,4.411318815998983567e+00,7.029881511041841113e-01,1.439398643022735957e-01,2.045656432657235152e-04,5.140537927127129899e-20
9.801415520405903226e+04,6.073794517157875106e+00,9.912640494175191179e+02,6.149665395712770044e-01,4.578893916878765680e+00,7.329263616711889640e-01,1.468253723613451300e-01,1.823266753103903873e-04,7.880387473489497479e-20
9.716335076360130915e+04,6.306945618717682223e+00,9.975191698091027774e+02,6.413271650427273540e-01,4.751835098307862104e+00,7.638669909502469046e-01,1.497535304195346528e-01,1.628339972955050805e-04,1.201225498769976899e-19
9.699318987550921156e+04,6.354466197529454519e+00,9.987694074609605650e+02,6.467052477982474512e-01,4.787079475077803181e+00,7.701778384760359364e-01,1.503444048757581197e-01,1.592313014672460986e-04,1.306016721958556000e-19
9.695915769789105980e+04,6.364006310112634957e+00,9.990194237137015989e+02,6.477851491196844336e-01,4.794154874741968442e+00,7.714449721255384196e-01,1.504627922246541682e-01,1.585219008043381407e-04,1.328012073391571808e-19
9.692512552027292259e+04,6.373558450613480808e+00,9.992694295540002258e+02,6.488664822168592750e-01,4.801239136965851806e+00,7.727137646709970609e-01,1.505812505964930215e-01,1.578161632469389107e-04,1.350365908422434907e-19
9.689109334265478537e+04,6.383122631471160879e+00,9.995194249876067261e+02,6.499492486005734593e-01,4.808332270817829546e+00,7.739842179065933303e-01,1.506997800783839991e-01,1.571140677483673278e-04,1.373083871790617015e-19
9.685706116503664816e+04,6.392698865135001185e+00,9.997694100202672871e+02,6.510334497824878941e-01,4.815434285374362133e+00,7.752563336275475336e-01,1.508183807571999713e-01,1.564155933928363859e-04,1.396171693951953845e-19
9.685025472951245320e+04,6.394615559300764751e+00,9.998194057791912428e+02,6.512504623278262406e-01,4.816855754769353126e+00,7.755109564280943113e-01,1.508421094442596866e-01,1.562763312275799023e-04,1.400834151827570919e-19
9.684344829398825823e+04,6.396532736176847145e+00,9.998694011223529969e+02,6.514675323376638572e-01,4.818277579828664337e+00,7.757656458142500044e-01,1.508658409833368019e-01,1.561372129104811150e-04,1.405511683430241003e-19
9.683664185846406326e+04,6.398450395862989026e+00,9.999193960497984790e+02,6.516846598241300415e-01,4.819699760625072216e+00,7.760204018003820092e-01,1.508895753751285651e-01,1.559982382760941879e-04,1.410204335862046596e-19
9.682983542293986829e+04,6.400368538458947043e+00,9.999693905615736185e+02,6.519018447994858745e-01,4.821122297230900244e+00,7.762752244010170388e-01,1.509133126204078579e-01,1.558594071594166690e-04,1.414912156366192957e-19
9.682711284873019031e+04,6.401135930734427326e+00,9.999893882499062556e+02,6.519887348890417433e-01,4.821691411516503045e+00,7.763771720964202094e-01,1.509228083175690460e-01,1.558039148604903009e-04,1.416799542238624150e-19
9.682656833388883388e+04,6.401289418463873560e+00,9.999933877795930357e+02,6.520061140111617082e-01,4.821805241206711834e+00,7.763975629149619806e-01,1.509247075118610448e-01,1.557928191523130128e-04,1.417177311816579001e-19
9.682602381904746289e+04,6.401442909284888572e+00,9.999973873066199985e+02,6.520234935012020339e-01,4.821919073175015669e+00,7.764179541598830170e-01,1.509266067243690557e-01,1.557817243609307392e-04,1.417555178919751987e-19
9.682547930420609191e+04,6.401596403197570062e+00,1.000001386828491377e+03,6.520423457060902095e-01,4.822031440559839233e+00,7.764398142088313470e-01,1.509270300683062394e-01,1.557726545033479612e-04,1.417926917572500582e-19
9.682487123350494949e+04,6.401767816598134431e+00,1.000005853169259012e+03,6.520617545944075166e-01,4.822158564233724576e+00,7.764625865192166243e-01,1.509291509840087198e-01,1.557602666694312061e-04,1.418349111362989063e-19
9.682426316280382161e+04,6.401939233854282207e+00,1.000010319506710857e+03,6.520811639418967465e-01,4.822285690748582709e+00,7.764853593613959548e-01,1.509312719225193444e-01,1.557478799787035100e-04,1.418771426867345648e-19
9.682365509210267919e+04,6.402110654966083558e+00,1.000014785840847026e+03,6.521005737482795661e-01,4.822412820104188924e+00,7.765081327354866891e-01,1.509333928837978123e-01,1.557354944310258783e-04,1.419193864118986427e-19
9.681757438509698841e+04,6.403825078160331863e+00,1.000059448999850474e+03,6.522946970593125338e-01,4.823684269917597689e+00,7.767358957317591628e-01,1.509546037498650795e-01,1.556117017966986604e-04,1.423424940213692904e-19
9.681149367809129762e+04,6.405539886998501409e+00,1.000104111827317524e+03,6.524888662805335970e-01,4.824956003873206889e+00,7.769637119265458969e-01,1.509758168949021373e-01,1.554880233389783594e-04,1.427668228432571514e-19
9.680541297108560684e+04,6.407255081551468834e+00,1.000148774323280691e+03,6.526830814203504749e-01,4.826228022022833741e+00,7.771915813300125375e-01,1.509970323193295383e-01,1.553644589404058187e-04,1.431923762843921618e-19
9.679933226407991606e+04,6.408970661890416309e+00,1.000193436487772374e+03,6.528773424876262998e-01,4.827500324417984601e+00,7.774195039525766404e-01,1.510182500237406134e-01,1.552410084841216354e-04,1.436191577606559599e-19
9.673852519403009501e+04,6.426147699176627981e+00,1.000640039908926497e+03,6.548224810673417551e-01,4.840238993309605497e+00,7.797016594818794166e-01,1.512305525726425626e-01,1.540127450610090658e-04,1.479552725747725213e-19
9.667771812398025941e+04,6.443363393438709785e+00,1.001086610218745705e+03,6.567722218997179562e-01,4.853006143927077076e+00,7.819891482069667443e-01,1.514430836569572170e-01,1.527957479611495898e-04,1.524180174752327803e-19
9.661691105393043836e+04,6.460617816031483329e+00,1.001533147449744547e+03,6.587265736477244671e-01,4.865801828307350974e+00,7.842819804064485867e-01,1.516558437678515170e-01,1.515899021749955863e-04,1.570109635029030295e-19
9.655610398388060275e+04,6.477911038413006750e+00,1.001979651634400852e+03,6.606855449866745333e-01,4.878626098566567926e+00,7.865801663706954994e-01,1.518688333952689928e-01,1.503950939670722139e-04,1.617377787661762226e-19
9.649529691383076715e+04,6.495243132145673393e+00,1.002426122805154932e+03,6.626491446039332045e-01,4.891479006901477078e+00,7.888837164017561410e-01,1.520820530278208793e-01,1.492112108606739786e-04,1.666022309790341005e-19
9.619076060586725362e+04,6.582633746351521431e+00,1.004661661333894472e+03,6.725532600059347388e-01,4.956282146950780287e+00,8.005015114599357551e-01,1.531533853874578188e-01,1.434425473509069488e-04,1.931751318173587134e-19
9.588622429790372553e+04,6.671010194380689207e+00,1.006896376660380952e+03,6.825747802564586797e-01,5.021811512831170887e+00,8.122554098677610135e-01,1.542305597609180401e-01,1.379316643795993409e-04,2.238304948003101573e-19
9.558168798994019744e+04,6.760381584471777394e+00,1.009130272817866171e+03,6.927148105534621791e-01,5.088073752633340163e+00,8.241467193337429498e-01,1.553136361794420217e-01,1.326657717895959280e-04,2.591713860138115262e-19
9.527715168197666935e+04,6.850757091310972768e+00,1.011363353816440849e+03,7.029744639021677788e-01,5.155075565321682873e+00,8.361767553189541902e-01,1.564026740009517857e-01,1.276327672156248527e-04,2.998863628670836366e-19
9.497261537401314126e+04,6.942145956429172315e+00,1.013595623643113640e+03,7.133548611811533213e-01,5.222823700899291488e+00,8.483468411882384430e-01,1.574977319636836626e-01,1.228211968057137972e-04,3.467610791971499493e-19
9.466807906604961317e+04,7.034557488593959462e+00,1.015827086261892873e+03,7.238571312059880469e-01,5.291324960579919967e+00,8.606583083539578460e-01,1.585988682357352686e-01,1.182202182711175191e-04,4.006913951726878366e-19
9.360796023074293043e+04,7.364361067187469523e+00,1.023588772523008288e+03,7.613833200924281508e-01,5.535756263865073912e+00,9.046375284695643559e-01,1.624802500037305641e-01,1.037047566584785172e-04,6.593079304203419070e-19
9.254784139543623314e+04,7.707073719946908597e+00,1.031340888641697347e+03,8.004489539978179025e-01,5.789691510550436959e+00,9.504036446966387386e-01,1.664383728185932221e-01,9.123788337395347526e-05,1.076253598747451439e-18
9.148772256012953585e+04,8.063107646070459822e+00,1.039083595405829783e+03,8.411039729281920563e-01,6.053432343906362867e+00,9.980152529525337934e-01,1.704755760465954673e-01,8.050023678400453173e-05,1.743299415426722758e-18
9.042760372482285311e+04,8.432885439585373177e+00,1.046817050330477514e+03,8.833995628970121583e-01,6.327288195085801092e+00,1.047532292119228270e+00,1.745941632126916110e-01,7.122627064011676141e-05,2.802470321873793265e-18
8.936748488951615582e+04,8.816840294992488225e+00,1.054541407698065086e+03,9.273881859056842814e-01,6.611576402827714638e+00,1.099016096950200527e+00,1.787964147031919915e-01,6.319460567206827673e-05,4.471981286437558469e-18
8.830736605420947308e+04,9.215416215069835104e+00,1.062256818598246809e+03,9.731236094208760568e-01,6.906622340438886454e+00,1.152529446956414239e+00,1.830845980568591713e-01,5.622019679970849474e-05,7.084753912037860195e-18
8.724724721890277578e+04,9.629068220976428449e+00,1.069963430967503655e+03,1.020660935499347444e+00,7.212759549045204999e+00,1.208136612117470365e+00,1.874609763520925232e-01,5.014796229012874495e-05,1.114523010853278586e-17
8.618712838359607849e+04,1.005826256482168368e+01,1.077661389628403640e+03,1.070056629664389414e+00,7.530329876405350120e+00,1.265903396081328181e+00,1.919278150792924353e-01,4.484759130289210681e-05,1.741262341229519892e-17
8.512700954828939575e+04,1.050347694482478289e+01,1.085350836328477044e+03,1.121368549648218860e+00,7.859683620642099910e+00,1.325897177415490402e+00,1.964873878163844456e-01,4.020930260360492124e-05,2.702212730232322085e-17
8.406689071298269846e+04,1.096520072317126449e+01,1.093031909778649378e+03,1.174655974078563148e+00,8.201179678422750641e+00,1.388186949346714494e+00,2.011419809509091550e-01,3.614037230953598705e-05,4.166028067264131971e-17
8.280991565617281594e+04,1.153474621352756202e+01,1.102128638379634594e+03,1.240481952814385114e+00,8.622329235662649083e+00,1.465115885212927571e+00,2.067871934602412143e-01,3.194637732602073171e-05,6.902852895148180828e-17
8.155294059936291887e+04,1.212906462012295172e+01,1.111214006792080454e+03,1.309274601562830043e+00,9.061695650382260325e+00,1.545492927500581537e+00,2.125731072730679683e-01,2.833340427245923320e-05,1.133759835283200411e-16
8.029596554255303636e+04,1.274903804292195986e+01,1.120288230083454437e+03,1.381140837644206476e+00,9.519925994815988446e+00,1.629442354406697380e+00,2.185036451611140906e-01,2.521089395221138679e-05,1.846293872759252839e-16
7.903899048574315384e+04,1.339557358473688353e+01,1.129351517639224085e+03,1.456190636508713832e+00,9.997685703562838810e+00,1.717091958959274356e+00,2.245827819407609782e-01,2.250376529666136746e-05,2.981711446172436657e-16
7.778201542893325677e+04,1.406960389963360925e+01,1.138404073245771087e+03,1.534537100675434917e+00,1.049565896584189773e+01,1.808573134235130331e+00,2.308145493188304143e-01,2.014956231599602938e-05,4.776499090564401162e-16
7.652504037212337425e+04,1.477208775012623754e+01,1.147446095171568231e+03,1.616296529422935002e+00,1.101454912600356728e+01,1.904020958399888386e+00,2.372030401383146136e-01,1.809616152947939201e-05,7.591438494597384947e-16
7.526806531531349174e+04,1.550401057332973487e+01,1.156477776246615122e+03,1.701588489280994043e+00,1.155507909211892148e+01,2.003574279853264528e+00,2.437524121529462406e-01,1.629992360676374660e-05,1.197282352230097130e-15
7.401109025850359467e+04,1.626638505623530051e+01,1.165499303940115396e+03,1.790535885411504102e+00,1.211799175243237947e+01,2.107375802748271632e+00,2.504668914449179051e-01,1.472419822733787638e-05,1.874183104693809013e-15
7.197972193584388879e+04,1.756547469195453104e+01,1.180057785248767459e+03,1.942332126336055786e+00,1.307696948545568816e+01,2.284482508919589705e+00,2.616780041631597276e-01,1.256708003543277118e-05,3.807571402128509431e-15
6.994835361318418290e+04,1.895137229060374651e+01,1.194590963213492159e+03,2.104558916221996867e+00,1.409974242720389626e+01,2.473710012931655378e+00,2.733501325720272823e-01,1.080167416273093219e-05,7.594883462187435791e-15
6.944051153251960932e+04,1.931196260912518881e+01,1.198220387491679730e+03,2.146812463447189234e+00,1.436580869474203048e+01,2.522988615846712079e+00,2.763424234653940048e-01,1.041162385421686574e-05,9.000822489343990900e-15
6.933894311638640647e+04,1.938477393194173359e+01,1.198946088826809046e+03,2.155346528685866403e+00,1.441953136608061037e+01,2.532941192527240926e+00,2.769445088073064221e-01,1.033584069788381443e-05,9.310595597668575504e-15
6.923737470025321818e+04,1.945781777006255808e+01,1.199671729186986340e+03,2.163908552832410237e+00,1.447342489146925359e+01,2.542926256090467518e+00,2.775478088899225315e-01,1.026078049728830710e-05,9.630610861225304076e-15
6.921706101702657179e+04,1.947245449362160485e+01,1.199816849949482275e+03,2.165624319304896073e+00,1.448422413871334591e+01,2.544927174858505836e+00,2.776686148903482199e-01,1.024585449889702603e-05,9.695871363143838753e-15
6.919674733379993995e+04,1.948710054731570906e+01,1.199961968277043979e+03,2.167341207721432017e+00,1.449503024177404242e+01,2.546929397265454753e+00,2.777894695977369821e-01,1.023095703100225274e-05,9.761557145648982184e-15
6.919632589801838913e+04,1.948740449901883665e+01,1.199964978934022383e+03,2.167376838857784094e+00,1.449525450211994482e+01,2.546970949979222354e+00,2.777919774136111131e-01,1.023064826382198384e-05,9.762924411095061687e-15
6.919590446223683830e+04,1.948770845473994129e+01,1.199967989589953049e+03,2.167412470477301678e+00,1.449547876541827129e+01,2.547012503254399540e+00,2.777944852504543038e-01,1.023033950889320966e-05,9.764291860755591101e-15
6.919548302645527292e+04,1.948801241447906563e+01,1.199971000244835977e+03,2.167448102579978109e+00,1.449570303166904139e+01,2.547054057090992085e+00,2.777969931082778232e-01,1.023003076621628933e-05,9.765659494653513656e-15
6.919464015489217127e+04,1.948862034601154392e+01,1.199977021551458620e+03,2.167519368234867461e+00,1.449615157302807233e+01,2.547137166448441903e+00,2.778020088868335402e-01,1.022941331761241814e-05,9.768395315258918336e-15
6.919379728332906961e+04,1.948922829361664455e+01,1.199983042853890538e+03,2.167590635822490786e+00,1.449660012619732186e+01,2.547220278051622433e+00,2.778070247492848144e-01,1.022879591800710409e-05,9.771131873101473246e-15
6.919295441176596796e+04,1.948983625729470859e+01,1.199989064152131505e+03,2.167661905342891160e+00,1.449704869117701911e+01,2.547303391900586966e+00,2.778120406956333110e-01,1.022817856739543949e-05,9.773869168371883932e-15
6.919211154020286631e+04,1.949044423704609486e+01,1.199995085446181747e+03,2.167733176796113881e+00,1.449749726796744476e+01,2.547386507995385685e+00,2.778170567258780310e-01,1.022756126577227436e-05,9.776607201261068933e-15
6.919169008429514361e+04,1.949074824746753620e+01,1.199998096235415915e+03,2.167768814949467160e+00,1.449772157150345109e+01,2.547428068869755258e+00,2.778195648922340832e-01,1.022725261859051597e-05,9.777976559770888178e-15
6.919161546933844511e+04,1.949080207018167954e+01,1.199998629268308832e+03,2.167775124412527621e+00,1.449776128272341502e+01,2.547435426905161560e+00,2.778200089425917341e-01,1.022719797667514578e-05,9.778219011531301233e-15
6.919154085438174661e+04,1.949085589302178434e+01,1.199999162301168781e+03,2.167781433890738629e+00,1.449780099403594136e+01,2.547442784958157347e+00,2.778204529936026401e-01,1.022714333514314439e-05,9.778461469074916693e-15
6.919146623942503356e+04,1.949090971598785771e+01,1.199999695333995987e+03,2.167787743384097965e+00,1.449784070544101944e+01,2.547450143028763936e+00,2.778208970452703541e-01,1.022708869399504205e-05,9.778703932401439524e-15
6.919143639344206895e+04,1.949093124520955200e+01,1.199999908547117684e+03,2.167790267185681241e+00,1.449785659002897020e+01,2.547453086261929123e+00,2.778210746661241015e-01,1.022706683764326961e-05,9.778800919351277173e-15
6.919143265704039368e+04,1.949093394044186311e+01,1.199999935239143952e+03,2.167790583139120653e+00,1.449785857861244587e+01,2.547453454723799027e+00,2.778210969023842680e-01,1.022706410146381067e-05,9.778813061156283402e-15
6.919142892063871841e+04,1.949093663567449042e+01,1.199999961931170219e+03,2.167790899092601808e+00,1.449786056719615779e+01,2.547453823185711563e+00,2.778211191386438794e-01,1.022706136528518522e-05,9.778825202975844114e-15
6.919142742607776017e+04,1.949093771376759321e+01,1.199999972607980681e+03,2.167791025473994715e+00,1.449786136262968661e+01,2.547453970570478621e+00,2.778211280331540078e-01,1.022706027081447636e-05,9.778830059707409493e-15
6.919142593151680194e+04,1.949093879186074574e+01,1.199999983284791142e+03,2.167791151855400944e+00,1.449786215806323675e+01,2.547454117955262998e+00,2.778211369276551435e-01,1.022705917634312545e-05,9.778834916441846326e-15
6.919142294239631156e+04,1.949094094804715027e+01,1.200000004643741704e+03,2.167848632339465453e+00,1.449780650397958937e+01,2.547511652913538427e+00,2.777639381151348896e-01,1.022069941230245960e-05,9.783390260742940284e-15
6.919141995327580662e+04,1.949094310423375376e+01,1.200000026008022587e+03,2.167848885114291413e+00,1.449780809483494259e+01,2.547511947695122014e+00,2.777639558921670693e-01,1.022069722173308183e-05,9.783399983714323550e-15
6.919141696415531624e+04,1.949094526042055975e+01,1.200000047372303243e+03,2.167849137889140465e+00,1.449780968569044148e+01,2.547512242476735800e+00,2.777639736692009698e-01,1.022069503116445622e-05,9.783409706694878114e-15
6.919138707294611959e+04,1.949096682229974675e+01,1.200000261015106389e+03,2.167851665638966363e+00,1.449782559425362827e+01,2.547515190294413312e+00,2.777641514396033684e-01,1.022067312551209670e-05,9.783506937011618239e-15
6.919135718173690839e+04,1.949098838419914159e+01,1.200000474657904078e+03,2.167854193391221429e+00,1.449784150283167605e+01,2.547518138114902797e+00,2.777643292101125705e-01,1.022065121992183655e-05,9.783604168257663331e-15
6.919132729052771174e+04,1.949100994611875493e+01,1.200000688300696311e+03,2.167856721145912768e+00,1.449785741142456175e+01,2.547521085938233121e+00,2.777645069807227474e-01,1.022062931439278978e-05,9.783701400433530884e-15
6.919102837843286397e+04,1.949122556642662829e+01,1.200002824728315773e+03,2.167881998826482803e+00,1.449801649817040250e+01,2.547550564326818812e+00,2.777662846926524098e-01,1.022041026250182612e-05,9.784673773309462214e-15
6.919072946633801621e+04,1.949144118875589626e+01,1.200004961155384308e+03,2.167907276750121071e+00,1.449817558640157777e+01,2.547580042997834582e+00,2.777680624151378508e-01,1.022019121678784345e-05,9.785646239135430390e-15
6.919043055424316844e+04,1.949165681310656950e+01,1.200007097581901917e+03,2.167932554916834675e+00,1.449833467611807869e+01,2.547609521951295086e+00,2.777698401481736301e-01,1.021997217724951363e-05,9.786618797920155482e-15
6.919013164214832068e+04,1.949187243947866577e+01,1.200009234007868827e+03,2.167957833326625838e+00,1.449849376731993900e+01,2.547639001187187002e+00,2.777716178917583045e-01,1.021975314388685867e-05,9.787591449672545307e-15
6.918714252119418234e+04,1.949402881438130919e+01,1.200030598237242430e+03,2.168210630794067395e+00,1.450008476103518795e+01,2.547933809080855205e+00,2.777893959080401931e-01,1.021756314989787129e-05,9.797323082272667892e-15
6.918415340024005855e+04,1.949618539144346130e+01,1.200051962411536579e+03,2.168463452571126826e+00,1.450167590329792588e+01,2.548228645220989907e+00,2.778071749796352519e-01,1.021537377327969801e-05,9.807064020989395381e-15
6.918116427928592020e+04,1.949834217068083220e+01,1.200073326530754912e+03,2.168716298659712827e+00,1.450326719411967424e+01,2.548523509609814219e+00,2.778249551066088729e-01,1.021318501382872905e-05,9.816814274362249624e-15
6.917817515833178186e+04,1.950049915210913909e+01,1.200094690594900612e+03,2.168969169061737201e+00,1.450485863351196159e+01,2.548818402249536152e+00,2.778427362890201757e-01,1.021099687133967411e-05,9.826573850938478577e-15
6.914828394879326515e+04,1.952208009035040703e+01,1.200308328208128387e+03,2.171499210741268726e+00,1.452078120134985717e+01,2.551768882934056570e+00,2.780206061758774272e-01,1.018914933442202232e-05,9.924684278624279630e-15
6.911839273925476300e+04,1.954368126497331204e+01,1.200521960317890489e+03,2.174031685866204100e+00,1.453671863892156502e+01,2.554722191147656307e+00,2.781985816746067042e-01,1.016736326927350599e-05,1.002373648440825778e-14
6.908850152971624630e+04,1.956530269170429293e+01,1.200735586927622535e+03,2.176566596348368243e+00,1.455267095776150477e+01,2.557678329108916238e+00,2.783766628470188964e-01,1.014563847259340218e-05,1.012373914015863447e-14
6.905861032017772959e+04,1.958694438627958334e+01,1.200949208040758322e+03,2.179103944100787338e+00,1.456863816941129031e+01,2.560637299037805015e+00,2.785548497549507618e-01,1.012397474184499809e-05,1.022470099414132933e-14
6.902871911063922744e+04,1.960860636444526861e+01,1.201162823660728691e+03,2.181643731037692380e+00,1.458462028541974753e+01,2.563599103155675518e+00,2.787331424602656482e-01,1.010237187525111200e-05,1.032663087166241803e-14
6.873429528927469801e+04,1.982306069803333060e+01,1.203266611893918707e+03,2.206790983985132737e+00,1.474284052433549519e+01,2.592924332379754837e+00,2.804949645358000843e-01,9.892797135506819464e-06,1.138426668428487600e-14
6.843987146791018313e+04,2.003949957918140967e+01,1.205369870777941287e+03,2.232176908834963669e+00,1.490251898383478490e+01,2.622526881271594501e+00,2.822671163198294808e-01,9.688920223747162557e-06,1.254567371350470579e-14
6.814544764654565370e+04,2.025793820914789478e+01,1.207472603554507259e+03,2.257803353761165699e+00,1.506366681300864130e+01,2.652408894481139701e+00,2.840496573372456313e-01,9.490559690530447101e-06,1.382058284348396526e-14
6.785102382518113882e+04,2.047839188287109735e+01,1.209574813443212634e+03,2.283672178432103905e+00,1.522629522957191561e+01,2.682572529964808883e+00,2.858426473616261787e-01,9.297540626913258338e-06,1.521959469705585830e-14
6.755660000381660939e+04,2.070087598941960039e+01,1.211676503641790532e+03,2.309785254065884974e+00,1.539041552019238424e+01,2.713019959050070540e+00,2.876461464168434956e-01,9.109694403617391646e-06,1.675425349983697302e-14
6.726217618245209451e+04,2.092540601244183662e+01,1.213777677326357662e+03,2.336144463485654299e+00,1.555603904081907984e+01,2.743753366500052415e+00,2.894602147786117796e-01,8.926858421527373593e-06,1.843712688326189690e-14
6.630260483055331861e+04,2.167157310412530435e+01,1.220622170536231579e+03,2.423784525096184250e+00,1.610640373490376120e+01,2.845929849258662436e+00,2.954466309940779190e-01,8.363872595222706443e-06,2.512541500434887781e-14
6.534303347865454998e+04,2.244018472314302670e+01,1.227461318309500712e+03,2.514125710395899826e+00,1.667325850757146455e+01,2.951244583247168318e+00,3.015480744769638566e-01,7.847451492076067418e-06,3.411450404469568757e-14
6.438346212675577408e+04,2.323179820418186381e+01,1.234295226021843519e+03,2.607235815241039756e+00,1.725701209693353988e+01,3.059776229980461615e+00,3.077666889151517426e-01,7.373111622977901859e-06,4.615304145156731277e-14
6.342389077485700545e+04,2.404698199252774771e+01,1.241123996831416662e+03,2.703183998870946514e+00,1.785808137909501880e+01,3.171605029837774925e+00,3.141046478684706988e-01,6.936855473779123109e-06,6.221941263323050428e-14
6.246431942295822955e+04,2.488631581549390859e+01,1.247947731757281872e+03,2.802040804971381860e+00,1.847689149351313986e+01,3.286812826578986879e+00,3.205641553167641322e-01,6.535113552788112851e-06,8.358800188143397270e-14
6.150474807105946093e+04,2.575039085582099929e+01,1.254766529754411295e+03,2.903878182974807931e+00,1.911387596982515902e+01,3.405483092121716293e+00,3.271474462052765819e-01,6.164693929926934339e-06,1.119133427034584615e-13
6.054517671916068502e+04,2.663980992699864814e+01,1.261580487785583045e+03,3.008769509593161029e+00,1.976947685610406324e+01,3.527700951575680310e+00,3.338567869873642069e-01,5.822738228930592255e-06,1.493366568641833074e-13
5.880272937166025076e+04,2.832167182005612105e+01,1.273941616361673141e+03,3.207289523262489173e+00,2.100902257762034964e+01,3.758984685713578688e+00,3.463697670552185470e-01,5.266404235267396759e-06,2.500543209902822718e-13
5.706028202415981650e+04,3.009291772729873315e+01,1.286287651702423545e+03,3.416587622012746905e+00,2.231421774536910263e+01,4.002787561559633112e+00,3.593200159613753053e-01,4.782395463385378288e-06,4.143300904950686912e-13
5.531783467665938224e+04,3.195746332129384015e+01,1.298619128444580383e+03,3.637140740940214556e+00,2.368793347002107552e+01,4.259662812870535831e+00,3.727219376886614088e-01,4.359772674459097722e-06,6.795900292661827465e-13
5.523071230928464502e+04,3.205321182752257414e+01,1.299235329461806032e+03,3.648472625968214533e+00,2.375847079267762396e+01,4.272859915123135011e+00,3.734041536697380037e-01,4.340083167942231605e-06,6.964320058150304667e-13
5.514358994190990779e+04,3.214920420260152412e+01,1.299851495441497264e+03,3.659833942348102553e+00,2.382918720312199667e+01,4.286091199033149834e+00,3.740875375744596165e-01,4.320523101138956831e-06,7.136738422100466028e-13
5.512616546843467222e+04,3.216843198733355536e+01,1.299974724438509384e+03,3.662109742924894551e+00,2.384335200907196040e+01,4.288741564038267562e+00,3.742243546711867541e-01,4.316626530975174408e-06,7.171709874461097962e-13
5.512527641630446305e+04,3.216941331233383750e+01,1.299981011936893083e+03,3.662225893161058288e+00,2.384407493512251008e+01,4.288876830851584998e+00,3.742313367701171622e-01,4.316427853145096751e-06,7.173498628532526598e-13
5.512438736417424661e+04,3.217039466279442905e+01,1.299987299431636302e+03,3.662342046469978296e+00,2.384479787987002553e+01,4.289012101233615759e+00,3.742383189909079810e-01,4.316229188666435217e-06,7.175287810436026613e-13
5.512349831204403745e+04,3.217137603871588425e+01,1.299993586922738814e+03,3.662458202851733180e+00,2.384552084331493305e+01,4.289147375184422017e+00,3.742453013335462209e-01,4.316030537537267888e-06,7.177077420270037750e-13
5.512314269119194796e+04,3.217176859621361018e+01,1.299996101918160548e+03,3.662504666264830178e+00,2.384581003392825238e+01,4.289201485763999067e+00,3.742480943047296060e-01,4.315951080823726251e-06,7.177793384045721015e-13
5.512278707033986575e+04,3.217216115778520447e+01,1.299998616912999751e+03,3.662551130169600544e+00,2.384609922753323374e+01,4.289255596914620661e+00,3.742508872954074528e-01,4.315871626245809632e-06,7.178509416312334623e-13
5.512265307158941869e+04,3.217230907693936359e+01,1.299999564568652431e+03,3.662568638002650534e+00,2.384620819712060680e+01,4.289275986267962359e+00,3.742519397057383901e-01,4.315841688133237291e-06,7.178779236674056519e-13
5.512263909044743923e+04,3.217232451053961739e+01,1.299999663445003762e+03,3.662570464736379261e+00,2.384621956679783139e+01,4.289278113653992364e+00,3.742520495121313129e-01,4.315838564472247084e-06,7.178807389711624170e-13
5.512262510930545250e+04,3.217233994414617371e+01,1.299999762321354183e+03,3.662572291470874042e+00,2.384623093647969583e+01,4.289280241040896335e+00,3.742521593185494377e-01,4.315835440814417157e-06,7.178835542855246028e-13
5.512261112816346576e+04,3.217235537775902543e+01,1.299999861197703694e+03,3.662574118206120222e+00,2.384624230616618590e+01,4.289282368428677827e+00,3.742522691250071976e-01,4.315832317160235401e-06,7.178863696104314229e-13
5.512258316587949957e+04,3.217238624500361510e+01,1.300000058943760905e+03,3.662621959774602143e+00,2.384622085155451998e+01,4.289330815573910272e+00,3.742083044518850765e-01,4.313647982627871929e-06,7.180788655225802144e-13
5.512255520359553338e+04,3.217241711227339351e+01,1.300000256683175166e+03,3.662625613268637004e+00,2.384624359094165058e+01,4.289335070373870629e+00,3.742085240467810658e-01,4.313641738929656012e-06,7.180844973339374911e-13
5.512252724131156720e+04,3.217244797956836067e+01,1.300000454422585790e+03,3.662629266765711655e+00,2.384626633034727305e+01,4.289339325177365048e+00,3.742087436417957380e-01,4.313635495244694467e-06,7.180901291876284014e-13
5.512224761847472837e+04,3.217275665390334183e+01,1.300002431816488297e+03,3.662665801903672413e+00,2.384649372542090262e+01,4.289381873406421519e+00,3.742109395985701026e-01,4.313573059120195118e-06,7.181464500542156660e-13
5.512196799563788954e+04,3.217306533075711172e+01,1.300004409210022231e+03,3.662702337345616233e+00,2.384672112234421704e+01,4.289424421988532465e+00,3.742131355674044313e-01,4.313510624316041410e-06,7.182027751565631117e-13
5.512168837280105072e+04,3.217337401012968456e+01,1.300006386603187821e+03,3.662738873091544445e+00,2.384694852111722696e+01,4.289466970923704103e+00,3.742153315482983356e-01,4.313448190831675149e-06,7.182591044950022368e-13
5.511889214443405945e+04,3.217646094239349708e+01,1.300026160514577441e+03,3.663104247270582814e+00,2.384922261058416026e+01,4.289892479693651062e+00,3.742372920204549702e-01,4.312823928579202827e-06,7.188226309312885468e-13
5.511609591606707545e+04,3.217954812655687391e+01,1.300045934389121840e+03,3.663469651850666864e+00,2.385149688503580734e+01,4.290318023771390266e+00,3.742592536984938323e-01,4.312199798285211547e-06,7.193865813117227721e-13
5.511329968770008418e+04,3.218263556263683967e+01,1.300065708226822835e+03,3.663835086833870491e+00,2.385377134448465952e+01,4.290743603159313579e+00,3.742812165824750403e-01,4.311575799916419689e-06,7.199509559413076697e-13
5.511050345933309291e+04,3.218572325065051842e+01,1.300085482027682474e+03,3.664200552222273810e+00,2.385604598894326145e+01,4.291169217859858165e+00,3.743031806724681498e-01,4.310951933439558341e-06,7.205157551252676348e-13
5.508254117565756314e+04,3.221661399090620392e+01,1.300283218010443989e+03,3.667856878851397884e+00,2.387880261182636232e+01,4.295427307590847121e+00,3.745228879163552960e-01,4.304720515401781222e-06,7.261871647515315419e-13
5.505457889198202611e+04,3.224752994336094503e+01,1.300480950311264905e+03,3.671516248295310980e+00,2.390157774948966107e+01,4.299688931243874634e+00,3.747427158291149474e-01,4.298502249967272255e-06,7.319013671075248756e-13
5.502661660830648907e+04,3.227847112514056249e+01,1.300678678932137927e+03,3.675178662640864680e+00,2.392437141448957760e+01,4.303954091239460489e+00,3.749626644728217273e-01,4.292297103969224803e-06,7.376586708799482216e-13
5.499865432463095203e+04,3.230943755338022783e+01,1.300876403875054393e+03,3.678844123976065639e+00,2.394718361938935303e+01,4.308222789999459401e+00,3.751827339095644698e-01,4.286105044336704502e-06,7.434593868777752900e-13
5.497069204095541500e+04,3.234042924522454854e+01,1.301074125142004505e+03,3.682512634390084472e+00,2.397001437675911362e+01,4.312495029947103653e+00,3.754029242014562118e-01,4.279926038095383637e-06,7.493038280460605310e-13
5.469106920420712413e+04,3.265173944049028876e+01,1.303051136070299435e+03,3.719365898310072804e+00,2.419934510668613825e+01,4.355412728808715883e+00,3.776114878378233342e-01,4.218846726117323848e-06,8.102235275024177177e-13
5.441144636745883327e+04,3.296559492543641312e+01,1.305027781581950876e+03,3.756526376802377332e+00,2.443054496215283322e+01,4.398687221934689084e+00,3.798322055084500937e-01,4.159037184941466645e-06,8.758763921118119514e-13
5.413182353071054240e+04,3.328201300080917946e+01,1.307004063646837267e+03,3.793996178196358482e+00,2.466362662765750713e+01,4.442320954734180205e+00,3.820651397541993122e-01,4.100465981742733660e-06,9.466128819110752226e-13
5.385220069396225153e+04,3.360101106249808822e+01,1.308979984222705980e+03,3.831777422499534680e+00,2.489860285737450951e+01,4.486316386146109281e+00,3.843103533743326694e-01,4.043102580670377372e-06,1.022808107775421901e-12
5.357257785721396067e+04,3.392260660193989708e+01,1.310955545255284051e+03,3.869872241447219530e+00,2.513548647544992676e+01,4.530675988696725831e+00,3.865679094276082139e-01,3.986917314215988127e-06,1.104863472426010214e-12
5.312260904419273720e+04,3.444561534866527808e+01,1.314133866329838838e+03,3.931838113784880129e+00,2.552071626665632209e+01,4.602830231515311787e+00,3.902268378026449436e-01,3.898904870962977507e-06,1.250305491897300993e-12
5.267264023117152101e+04,3.497546970851811210e+01,1.317311269357200672e+03,3.994630545719088932e+00,2.591097281183239787e+01,4.675944380700605585e+00,3.939181565114802663e-01,3.813753124525777085e-06,1.414000004433164061e-12
5.230256618462324695e+04,3.541642790613877878e+01,1.319923822252032551e+03,4.046899634671943247e+00,2.623574254652588422e+01,4.736803458088667540e+00,3.969785210643330675e-01,3.745786384832536764e-06,1.563836281868420100e-12
5.193249213807498018e+04,3.586210868299890109e+01,1.322535763888311521e+03,4.099739047894818356e+00,2.656397997858708848e+01,4.798324851945340086e+00,4.000611249491326515e-01,3.679620795152144100e-06,1.728822228247503179e-12
5.156241809152671340e+04,3.631255409711624793e+01,1.325147098596340129e+03,4.153153912445597840e+00,2.689571594229287754e+01,4.860514508729172789e+00,4.031661184471699855e-01,3.615199521808967693e-06,1.910415198086248090e-12
5.119234404497844662e+04,3.676780650963535635e+01,1.327757830672115233e+03,4.207149392590753934e+00,2.723098149390416722e+01,4.923378418008086399e+00,4.062936526624273958e-01,3.552467803287450018e-06,2.110205488774760421e-12
5.082226999843017984e+04,3.722790858657065627e+01,1.330367964377750468e+03,4.261730690019303935e+00,2.756980791294212096e+01,4.986922612707538782e+00,4.094438795264981334e-01,3.491372865675908441e-06,2.329927796155882769e-12
5.045219595188191306e+04,3.769290330051666871e+01,1.332977503941880286e+03,4.316903044053023386e+00,2.791222670343995915e+01,5.051153169354194006e+00,4.126169518030804451e-01,3.431863841896053004e-06,2.571473598245314657e-12
4.971204785878537223e+04,3.863774407307505498e+01,1.338194817395159589e+03,4.429042068659566844e+00,2.860796854508962639e+01,5.181697894076935818e+00,4.190322478366464432e-01,3.317409142184088757e-06,3.128466876228862942e-12
4.897189976568883867e+04,3.960267880535047880e+01,1.343409804206527497e+03,4.543609141712430244e+00,2.931846358944227049e+01,5.315062085771078415e+00,4.255407796888417971e-01,3.208732056821223119e-06,3.799988805469647751e-12
4.823175167259229784e+04,4.058806249176370073e+01,1.348622497039903692e+03,4.660647554292276062e+00,3.004397208060878910e+01,5.451295951478174473e+00,4.321437998930017788e-01,3.105486852873829588e-06,4.608326827946655034e-12
4.749160357949576428e+04,4.159425519930316995e+01,1.353832928060569884e+03,4.780201220164499887e+00,3.078475797735275066e+01,5.590450419691072703e+00,4.388425747375706565e-01,3.007351694727425645e-06,5.579858722689214501e-12
4.675145548639923072e+04,4.262162212420764718e+01,1.359041128946819526e+03,4.902314682746272467e+00,3.154108899458433157e+01,5.732577148428950942e+00,4.456383844145443973e-01,2.914026799310572555e-06,6.745757636435859581e-12
4.601130739330268989e+04,4.367053364912499092e+01,1.364247130901278524e+03,5.027033122132294807e+00,3.231323664520349581e+01,5.877728533379622533e+00,4.525325231686937455e-01,2.825232747675370245e-06,8.142810679983415941e-12
4.527115930020615633e+04,4.474136540074103863e+01,1.369450964661909666e+03,5.154402362178665875e+00,3.310147628228704519e+01,6.025957716109204831e+00,4.595262994473767182e-01,2.740708938569964547e-06,9.814368081966944878e-12
4.351348747055450076e+04,4.737440407752713156e+01,1.381800292934815616e+03,5.467768302876975461e+00,3.503947583286181811e+01,6.390615550098903697e+00,4.765418359664096437e-01,2.555707820014856892e-06,1.520012366341972766e-11
4.175581564090284519e+04,5.013844475567348269e+01,1.394137959267424321e+03,5.796984276140016767e+00,3.707363798287168066e+01,6.773675293618309112e+00,4.941448124792181540e-01,2.390540900589689038e-06,2.335000570165015638e-11
3.999814381125119689e+04,5.303888602781557182e+01,1.406464346001648437e+03,6.142709157552304511e+00,3.920791988848743159e+01,7.175900991577848664e+00,5.123537474364838751e-01,2.242725920798403240e-06,3.558641164554276773e-11
3.824047198159954132e+04,5.608130605216483389e+01,1.418779822816798287e+03,6.505623868538688015e+00,4.144641019762007517e+01,7.598082231958704469e+00,5.311876438540006351e-01,2.110139553233566517e-06,5.381916715929139059e-11
3.648280015194788575e+04,5.927146721718498412e+01,1.431084747387253628e+03,6.886431949904173955e+00,4.379333246473139241e+01,8.041034810333872684e+00,5.506660011749608952e-01,1.990959795542760957e-06,8.078667415565528592e-11
3.472512832229623018e+04,6.261532089681878688e+01,1.443379465999523518e+03,7.285860146545519278e+00,4.625304863192456395e+01,8.505601407305254824e+00,5.708088273045952565e-01,1.883618465047392147e-06,1.203880153997647660e-10
3.296745649264458189e+04,6.611901229739919472e+01,1.455664314131453921e+03,7.704659003472979606e+00,4.883006257714063025e+01,8.992652279021070783e+00,5.916366508244867983e-01,1.786761886255612950e-06,1.781373094504579617e-10
3.120978466299292631e+04,6.978888539746422737e+01,1.467939616996409995e+03,8.143603473290131234e+00,5.152902373035135497e+01,9.503085960948544297e+00,6.131705333941660507e-01,1.699218247463213505e-06,2.617813394815483413e-10
2.801135490888449203e+04,7.691480810095229970e+01,1.490253481867961682e+03,8.996663078318068330e+00,5.676894680389989389e+01,1.049495864230448383e+01,6.542380153373361651e-01,1.560574007294932406e-06,5.185129170739380029e-10
2.481292515477605775e+04,8.465406976787564020e+01,1.512538601836134831e+03,9.924136635128281370e+00,6.245888826884064571e+01,1.157319306016035654e+01,6.978503583303041768e-01,1.444410479834733915e-06,1.005578072943550376e-09
2.161449540066762347e+04,9.305031399337838138e+01,1.534796707606778682e+03,1.093135896959884512e+01,6.863083051647923583e+01,1.274397422474419095e+01,7.441489338878199966e-01,1.346756941617908780e-06,1.911349973640371927e-09
1.841606564655918555e+04,1.021496894298564229e+02,1.557029444907705738e+03,1.202397257374108719e+01,7.531859021000532550e+01,1.401384360950413033e+01,7.932817685600752622e-01,1.264481797179658717e-06,3.564004236578534036e-09
1.521763589245075309e+04,1.120009621179533212e+02,1.579238381648611721e+03,1.320794142295420137e+01,8.255790051447579003e+01,1.538971515713503102e+01,8.454038217652365406e-01,1.195097915344120854e-06,6.525140217959488756e-09
1.201920613834231881e+04,1.226556315676711506e+02,1.601425014383337839e+03,1.448956525481220403e+01,9.038649607175518952e+01,1.687889182020415291e+01,9.006772725425951087e-01,1.136617448240144882e-06,1.173956145649761082e-08
8.820776384233882709e+03,1.341680506717798664e+02,1.623590774154638666e+03,1.587549431926948529e+01,9.884420078067624615e+01,1.848908264794845024e+01,9.592718156719577394e-01,1.087442627726219687e-06,2.077110119392549032e-08
5.622346630125449337e+03,1.465955495339009076e+02,1.645737031790960145e+03,1.737274461018217409e+01,1.079730184428077706e+02,2.022842043085026376e+01,1.021364967609438512e+00,1.046282958933417238e-06,3.616830433423292199e-08
1.893717441346231681e+03,1.623190142370987417e+02,1.671531575151368315e+03,1.926859949265314143e+01,1.195214298805905031e+02,2.243056816936829634e+01,1.098415619724415482e+00,1.007035651417455844e-06,6.772673233286867736e-08
0.000000000000000000e+00,1.710295877392413217e+02,1.684620715127271069e+03,2.031917518674453405e+01,1.259187845379510833e+02,2.365082570243127691e+01,1.140801226141320734e+00,9.935495565373539731e-07,9.242348709348999056e-08
