 z(m),p_tot(bar),T(K),p_H2O(bar),p_CO2(bar),p_CO(bar),p_H2(bar),p_CH4(bar),p_O2(bar)
0.000000000000000000e+00,1.417275774079566020e+02,3.288844106126816314e+03,3.421703341447454250e+00,8.174676619092579699e+01,5.460685442636523135e+01,2.938079110230643609e-01,9.927264165246432766e-11,1.658445538096929628e+00
1.465317241005913047e+03,1.392160650397648851e+02,3.279673207506829840e+03,3.362646593119769101e+00,8.042866970692982420e+01,5.355752955973166962e+01,2.883545962714184063e-01,9.574067633188630348e-11,1.578864583616445438e+00
6.087529721470567893e+03,1.316584822385028986e+02,3.250779540141435973e+03,3.184572262433232215e+00,7.643859453213555355e+01,5.041471997400702776e+01,2.720643514592760992e-01,8.573069075183277750e-11,1.348531118380474458e+00
1.070974220193522342e+04,1.244522933632384678e+02,3.221920323814440508e+03,3.014094756505504513e+00,7.258745047469160738e+01,4.744714058866934181e+01,2.567378900012177168e-01,7.693446948090074656e-11,1.146869653293647762e+00
1.490724509432354535e+04,1.182017168212197333e+02,3.195742109414281458e+03,2.865684205213379077e+00,6.920990016804057632e+01,4.489627266683984175e+01,2.436044754139601864e-01,6.986432202331048489e-11,9.862553056422019848e-01
1.910474798671186727e+04,1.122205994248524092e+02,3.169591254497410773e+03,2.723203798277784138e+00,6.594558459998556543e+01,4.247559451192628899e+01,2.311740112505226430e-01,6.356034040048273823e-11,8.450425033488880855e-01
2.330225087910019283e+04,1.064995945024720783e+02,3.143467258025828414e+03,2.586495352836711614e+00,6.279364523441555690e+01,4.017867392179092434e+01,2.194060144346222652e-01,5.793162369712352224e-11,7.213739789365058996e-01
2.749975377148851476e+04,1.010295648250501443e+02,3.117369620433233194e+03,2.455401309511106689e+00,5.975306938587303307e+01,3.799933099990183649e+01,2.082620530751530807e-01,5.289844052487279838e-11,6.135010766362302137e-01
3.169725666387683668e+04,9.580158258103443814e+01,3.091297844883958533e+03,2.329764696123794554e+00,5.682268438211917072e+01,3.593164180147137188e+01,1.977057230364371310e-01,4.839087019384381036e-11,5.197859782353169145e-01
3.589475955626516225e+04,9.080692945828874940e+01,3.065251438407439309e+03,2.209429126276231337e+00,5.400115426261287155e+01,3.396994047383925164e+01,1.877026177215375125e-01,4.434760415752509038e-11,4.387029777945345432e-01
4.009226244865348417e+04,8.603709677963848890e+01,3.039229912885671183e+03,2.094238834122282622e+00,5.128697916628188835e+01,3.210881975537748900e+01,1.782202902105060605e-01,4.071488936757050612e-11,3.688387336056132559e-01
4.428976534104180610e+04,8.148378563626533833e+01,3.013232785875730315e+03,1.984038745201917697e+00,4.867849745710336151e+01,3.034312976104735782e+01,1.692282072543522531e-01,3.744559723748267033e-11,3.088914656209066911e-01
4.848726823343012802e+04,7.713890696262819802e+01,2.987259581254398199e+03,1.878674581702812096e+00,4.617389052857119225e+01,2.866797504946359609e+01,1.606976950109654245e-01,3.449840376289862941e-11,2.576691078451253114e-01
5.224295290912406927e+04,7.342158834160888148e+01,2.964040142333164113e+03,1.788374519270990115e+00,4.401935502313700255e+01,2.724208033795083495e+01,1.534343139523677568e-01,3.210471178169145277e-11,2.183441472655745785e-01
5.599863758481801051e+04,6.985932102339032213e+01,2.940839147578298252e+03,1.701714047123607854e+00,4.194489881361357675e+01,2.588178062467579466e+01,1.465008336769474673e-01,2.991688806012560537e-11,1.844267042704804682e-01
5.975432226051194448e+04,6.644673746864945940e+01,2.917656270157540803e+03,1.618584871793777413e+00,3.994893336714961407e+01,2.458406588954553484e+01,1.398802412964876285e-01,2.791454021867314758e-11,1.552730988361321895e-01
6.351000693620588572e+04,6.317860390326700326e+01,2.894491187780466134e+03,1.538879623721761680e+00,3.802979432054301157e+01,2.334607319428737071e+01,1.335565415528887911e-01,2.607951731962698088e-11,1.303002231358811880e-01
6.726569161189981969e+04,6.004981983017520974e+01,2.871343582575336768e+03,1.462491978183057650e+00,3.618574952934908850e+01,2.216508129429696794e+01,1.275147083987054897e-01,2.439565521759288796e-11,1.089823199229957990e-01
7.102137628759376821e+04,5.705541739239458110e+01,2.848213140885188750e+03,1.389316779438545257e+00,3.441500757734427651e+01,2.103850485151780703e+01,1.217406350283577604e-01,2.284855027235648725e-11,9.084754904273752152e-02
7.477706096328770218e+04,5.419056058009210375e+01,2.825099552990117445e+03,1.319250165441800071e+00,3.271572656264344658e+01,1.996388835781452897e+01,1.162210830019554386e-01,2.142535844433956895e-11,7.547441116895331481e-02
7.853274563898163615e+04,5.145054427791315987e+01,2.802002512763363029e+03,1.252189690622953266e+00,3.108602298638316341e+01,1.893889987484251591e+01,1.109436310870967612e-01,2.011461709075315646e-11,6.248809495747584958e-02
8.184035364249469421e+04,4.913717521157765589e+01,2.781674557007206658e+03,1.195539222115785671e+00,2.970685108545288600e+01,1.807553488971360167e+01,1.064870237669875569e-01,1.904521328961202764e-11,5.276299050945309349e-02
8.514796164600775228e+04,4.691404179346650949e+01,2.761358995821192821e+03,1.141074211334631050e+00,2.837883420079745989e+01,1.724750169853561133e+01,1.022016450715943353e-01,1.804877780163715250e-11,4.443003770923689699e-02
8.845556964952081034e+04,4.477817784714584093e+01,2.741055625438823881e+03,1.088727829398302704e+00,2.710063744995587243e+01,1.645342231855196502e+01,9.808040079010668655e-02,1.711960294988511879e-11,3.730984843251689692e-02
9.176317765303386841e+04,4.272669294286270514e+01,2.720764243202257603e+03,1.038434346450960000e+00,2.587092009142299887e+01,1.569197890261115269e+01,9.411657667292783191e-02,1.625250750955680410e-11,3.124302568844724085e-02
9.507078565654692648e+04,4.075677151482789640e+01,2.700484647270056939e+03,9.901291789136262844e-01,2.468833953214098997e+01,1.496191057848884576e+01,9.030381425505588922e-02,1.544278369113386932e-11,2.608841101395615106e-02
9.837839366005998454e+04,3.886567191787672471e+01,2.680216636313542040e+03,9.437489319422064371e-01,2.355155508674551257e+01,1.426201039800848491e+01,8.663608770040941154e-02,1.468614965508235781e-11,2.172141346543826276e-02
1.016860016635730281e+05,3.705072542814198755e+01,2.659960009204121889e+03,8.992314369181362288e-01,2.245923147045617441e+01,1.359112241073551175e+01,8.310768175009369818e-02,1.397870700752147879e-11,1.803242826809683605e-02
1.049936096670860861e+05,3.530933519232060291e+01,2.639714564693663306e+03,8.565157838875828711e-01,2.141004201389452888e+01,1.294813887298652588e+01,7.971317083210008314e-02,1.331690277608772183e-11,1.492535070655465028e-02
1.068081934071157302e+05,3.438432426867426983e+01,2.628612407778033685e+03,8.338254248562814164e-01,2.085229500242328982e+01,1.260686072106803302e+01,7.790591772967277173e-02,1.297203616485488176e-11,1.343720258402164233e-02
1.086227771471453743e+05,3.348028205175223349e+01,2.617513522428471333e+03,8.116497234711127495e-01,2.030691869302510000e+01,1.227349077249641596e+01,7.613658857693074433e-02,1.263942640999865989e-11,1.208627417003621529e-02
1.104373608871750184e+05,3.259680663241537957e+01,2.606417875166728663e+03,7.899791211318665241e-01,1.977369909125357594e+01,1.194786299778413685e+01,7.440438667001207651e-02,1.231859906460779948e-11,1.086103556346691007e-02
1.122519446272046480e+05,3.173350229291207114e+01,2.595325432411721522e+03,7.688041795483964158e-01,1.925242372518544087e+01,1.162981503298319552e+01,7.270853636494810368e-02,1.200910242626847054e-11,9.750818818081570874e-03
1.140665283672342921e+05,3.088997944714783728e+01,2.584236160463035048e+03,7.481155814151357886e-01,1.874288175112931754e+01,1.131918806913901498e+01,7.104828227133015706e-02,1.171050631724646438e-11,8.745763181328065558e-03
1.158811121072639362e+05,3.006585458020409973e+01,2.573150025484407706e+03,7.279041309638917268e-01,1.824486405206551964e+01,1.101582674572400755e+01,6.942288847807542851e-02,1.142240093833467978e-11,7.836762961185293405e-03
1.176956958472935657e+05,2.926075018716957032e+01,2.562066993487206673e+03,7.081607543984780317e-01,1.775816332898444827e+01,1.071957904799347538e+01,6.783163781072185095e-02,1.114439579200516776e-11,7.015417971301479705e-03
1.186029877173083951e+05,2.886521432624467565e+01,2.556526630439461314e+03,6.984617916943413052e-01,1.751899257052044234e+01,1.057407619462331461e+01,6.704859697973550303e-02,1.100906380315012038e-11,6.635172415835464965e-03
1.195102795873232099e+05,2.847429471133651191e+01,2.550987030313898231e+03,6.888765002147185790e-01,1.728257418530255762e+01,1.043029620819115699e+01,6.627383111962475981e-02,1.087611867077422824e-11,6.273986497575743254e-03
1.204175714573380392e+05,2.808794581704060533e+01,2.545448188811723412e+03,6.794037801643219021e-01,1.704888280876476969e+01,1.028822098448381261e+01,6.550725554126436700e-02,1.074551657087709846e-11,5.930988075690658487e-03
1.213248633273528540e+05,2.770612248189769389e+01,2.539910101621521335e+03,6.700425394116279465e-01,1.681789320460165982e+01,1.014783261055197272e+01,6.474878659851411589e-02,1.061721470699394702e-11,5.605340723301804190e-03
1.222321551973676687e+05,2.732877990642710486e+01,2.534372764418739280e+03,6.607916934899026318e-01,1.658958026684988596e+01,1.000911336194414147e+01,6.399834166853889117e-02,1.049117128360756627e-11,5.296242464146348576e-03
1.231394470673824981e+05,2.695587365111465417e+01,2.528836172865163917e+03,6.516501655957169792e-01,1.636391902184946545e+01,9.872045699981734757e+00,6.325583913248630785e-02,1.036734548034819326e-11,5.002924544885673647e-03
1.242849048485672538e+05,2.649134631780591320e+01,2.521847273252977175e+03,6.402634374892738345e-01,1.608276985251196223e+01,9.701329374761817448e+00,6.232964645195019499e-02,1.021412054795627260e-11,4.654006580693806870e-03
1.254303626297520095e+05,2.603373195511445815e+01,2.514859546409024006e+03,6.290471150845091675e-01,1.580575799020400041e+01,9.533183368421115134e+00,6.141582473110243634e-02,1.006428869838184346e-11,4.327656663668835203e-03
1.258540788642987172e+05,2.586618995707259927e+01,2.512275012077230258e+03,6.249408379045032769e-01,1.570432693787451228e+01,9.471628900839764498e+00,6.108089579942507091e-02,1.000970886436319274e-11,4.212384644384266873e-03
1.262777950988454395e+05,2.569957759863451585e+01,2.509690636562935651e+03,6.208574820175091213e-01,1.560345277030706690e+01,9.410419764427706113e+00,6.074763013237213793e-02,9.955579154365937819e-12,4.099951739907456601e-03
1.267015113333921472e+05,2.553389052394573966e+01,2.507106419416993049e+03,6.167969414286957885e-01,1.550313300991809484e+01,9.349554258649618532e+00,6.041601987486396735e-02,9.901895847094413465e-12,3.990294064567038480e-03
1.271252275679388549e+05,2.536912439375807082e+01,2.504522360189471783e+03,6.127591105063975307e-01,1.540336518585660563e+01,9.289030691147614149e+00,6.008605721493686519e-02,9.848655261584247098e-12,3.883349022663628268e-03
1.275489438024855772e+05,2.520527488538554550e+01,2.501938458429646744e+03,6.087438839819234726e-01,1.530414683403624387e+01,9.228847377688406795e+00,5.975773438337184801e-02,9.795853756732410334e-12,3.779055285800944457e-03
1.275913154259405273e+05,2.518894018281776326e+01,2.501680076897010622e+03,6.083436005293357818e-01,1.529425512516272612e+01,9.222847695712973248e+00,5.972499199292687772e-02,9.790597616679056748e-12,3.768769410013882160e-03
1.276336870493954775e+05,2.517261459909574484e+01,2.501421696934084594e+03,6.079435419666603391e-01,1.528436888397951066e+01,9.216851397838000892e+00,5.969226591575905322e-02,9.785345827802738447e-12,3.758509386028528743e-03
1.276760586728504422e+05,2.515629812992403913e+01,2.501163318540417094e+03,6.075437081892264279e-01,1.527448810803377022e+01,9.210858482392533020e+00,5.965955614416932479e-02,9.780098386527802445e-12,3.748275154561498713e-03
1.277184302963053924e+05,2.513999077100883994e+01,2.500904941715555651e+03,6.071440990924027448e-01,1.526461279487328504e+01,9.204868947706462023e+00,5.962686267046042599e-02,9.774855289280792953e-12,3.738066656451474734e-03
1.277608019197603426e+05,2.512369251805798243e+01,2.500646566459048245e+03,6.067447145715886281e-01,1.525474294204659920e+01,9.198882792110421036e+00,5.959418548694338930e-02,9.769616532493852191e-12,3.727883832658407913e-03
1.277819877314878249e+05,2.511554680497832592e+01,2.500517379418785822e+03,6.065451064945089898e-01,1.524981006249250370e+01,9.195890980949728899e+00,5.957785300160402253e-02,9.766998780658845144e-12,3.722802030214016501e-03
1.278031735432152927e+05,2.510740336678094309e+01,2.500388192770442402e+03,6.063455545222234955e-01,1.524487854710285895e+01,9.192900013935902948e+00,5.956152458593094029e-02,9.764382112602495724e-12,3.717726624263903781e-03
1.278243593549427751e+05,2.509926220292977206e+01,2.500259006513961140e+03,6.061460586416687057e-01,1.523994839557141034e+01,9.189909890860510799e+00,5.954520023896232861e-02,9.761766527879653131e-12,3.712657607462248321e-03
1.278455451666702575e+05,2.509112331288886821e+01,2.500129820646814551e+03,6.059466188397275577e-01,1.523501960759226037e+01,9.186920611514951318e+00,5.952887995979654762e-02,9.759152026177336132e-12,3.707594972373987139e-03
1.278740673367601121e+05,2.508016962624005330e+01,2.499955900121300601e+03,6.056787293691190399e-01,1.522838567713298374e+01,9.182898041565227487e+00,5.950638955634302701e-02,9.755654012885447012e-12,3.700788606627047200e-03
1.279025895068499813e+05,2.506922005856449687e+01,2.499781980325663426e+03,6.054104163068044775e-01,1.522175474018461117e+01,9.178876475926559309e+00,5.948443168158192712e-02,9.752137810086663035e-12,3.693994455185593568e-03
1.279311116769398359e+05,2.505827460855543620e+01,2.499608061239995095e+03,6.051422047987903285e-01,1.521512627260824146e+01,9.174856438143644155e+00,5.946248117331486005e-02,9.748623567022611768e-12,3.687211821698710510e-03
1.279596338470297051e+05,2.504733327490630401e+01,2.499434142864158275e+03,6.048740948132317330e-01,1.520850027365720436e+01,9.170837927708573645e+00,5.944053802920062912e-02,9.745111282609642989e-12,3.680440688349855081e-03
1.281331460151772189e+05,2.498086122679506005e+01,2.498376140671721714e+03,6.032452563014123470e-01,1.516824472389279599e+01,9.146424543433340659e+00,5.930720732960679392e-02,9.723786740261851299e-12,3.639495828183297085e-03
1.283066581833247474e+05,2.491454117451122841e+01,2.497318164712501130e+03,6.016201665851993452e-01,1.512808033726405910e+01,9.122067550179707496e+00,5.917414855002285645e-02,9.702534400744075187e-12,3.598971922533476982e-03
1.284801703514722758e+05,2.484837282470656561e+01,2.496260214955415449e+03,5.999988185124741635e-01,1.508800694600913417e+01,9.097766833990370117e+00,5.904136116597753781e-02,9.681354022261417887e-12,3.558865018932499263e-03
1.286536825196197897e+05,2.478235588449035376e+01,2.495202291369359955e+03,5.983812049412119416e-01,1.504802438255742203e+01,9.073522281129687173e+00,5.890884465415869436e-02,9.660245364089832563e-12,3.519171198214866153e-03
1.286710337364341976e+05,2.477576250673381253e+01,2.495096500448962615e+03,5.982196487070077229e-01,1.504403111529589765e+01,9.071100910454610755e+00,5.889560788083775256e-02,9.658138433654489625e-12,3.515224385801480125e-03
1.286883849532485910e+05,2.476917063985633760e+01,2.494990709789933589e+03,5.980581297393672280e-01,1.504003875447123662e+01,9.068680100164119295e+00,5.888237381049377106e-02,9.656032217784886487e-12,3.511281661460931812e-03
1.287057361700629845e+05,2.476258028356579999e+01,2.494884919392241045e+03,5.978966480311648235e-01,1.503604729991618960e+01,9.066259850144856358e+00,5.886914244260608303e-02,9.653926716242791901e-12,3.507343021328297641e-03
1.287230873868773924e+05,2.475599143757012754e+01,2.494779129255854059e+03,5.977352035752734327e-01,1.503205675146351261e+01,9.063840160283490377e+00,5.885591377665651963e-02,9.651821928790656398e-12,3.503408461542043256e-03
1.287248225085587619e+05,2.475533263602553546e+01,2.494768550256585968e+03,5.977190611782872143e-01,1.503165774644743991e+01,9.063598222101676427e+00,5.885459105864819518e-02,9.651611489311390194e-12,3.503015229833878006e-03
1.287265576302401314e+05,2.475467384958067285e+01,2.494757971259930400e+03,5.977029191537461816e-01,1.503125875049054549e+01,9.063356289520189790e+00,5.885326836765279040e-02,9.651401056969902654e-12,3.502622038886795634e-03
1.287282927519215009e+05,2.475401507823525904e+01,2.494747392265887811e+03,5.976867775016425632e-01,1.503085976359267484e+01,9.063114362538922109e+00,5.885194570367088818e-02,9.651190631766531436e-12,3.502228888696880000e-03
1.287300278736028704e+05,2.475335632198899916e+01,2.494736813274457745e+03,5.976706362219691426e-01,1.503046078575365563e+01,9.062872441157761472e+00,5.885062306670199583e-02,9.650980213701442945e-12,3.501835779260187645e-03
1.287302013857707934e+05,2.475329044719481431e+01,2.494735755375458211e+03,5.976690221144853599e-01,1.503042088846797597e+01,9.062848249327648986e+00,5.885049080449036851e-02,9.650959172287184273e-12,3.501796470557880150e-03
1.287303748979387165e+05,2.475322457255161979e+01,2.494734697476485053e+03,5.976674080107262643e-01,1.503038099127289939e+01,9.062824057553529045e+00,5.885035854254867110e-02,9.650938130944436335e-12,3.501757162263057031e-03
1.287305484101066395e+05,2.475315869805940849e+01,2.494733639577537815e+03,5.976657939106900796e-01,1.503034109416839215e+01,9.062799865835419411e+00,5.885022628087817342e-02,9.650917089673410772e-12,3.501717854375535708e-03
1.287306351661905937e+05,2.475312576085105221e+01,2.494733110628070790e+03,5.976649868616134009e-01,1.503032114563865385e+01,9.062787769990450215e+00,5.885016015009901513e-02,9.650906569042613889e-12,3.501698200584600715e-03
1.287307219222745625e+05,2.475309282368043995e+01,2.494732581678610586e+03,5.976641798134667560e-01,1.503030119713154455e+01,9.062775674159494699e+00,5.885009401938821189e-02,9.650896048429943894e-12,3.501678546895340468e-03
1.287308086783585313e+05,2.475305988654757883e+01,2.494732052729156749e+03,5.976633727662519213e-01,1.503028124864709980e+01,9.062763578342524440e+00,5.885002788874423713e-02,9.650885527834849871e-12,3.501658893308140941e-03
1.287308954344424856e+05,2.475302694945246529e+01,2.494731523779709732e+03,5.976625657199693409e-01,1.503026130018528939e+01,9.062751482539569636e+00,5.884996175816684799e-02,9.650875007257234886e-12,3.501639239822772285e-03
1.287309821905264544e+05,2.475299401239509578e+01,2.494730994830269083e+03,5.976617586746157951e-01,1.503024135174613640e+01,9.062739386750598314e+00,5.884989562765843146e-02,9.650864486697979432e-12,3.501619586439187661e-03
1.341759955233748478e+05,2.275864895852317105e+01,2.461545602543754740e+03,5.488072539734025757e-01,1.382198266722071445e+01,8.330579103683779962e+00,5.482976101846201433e-02,9.024527919195018250e-12,2.450172617788241164e-03
1.387147955278204172e+05,2.120351126394175978e+01,2.433902210810745601e+03,5.107313290540070883e-01,1.287933294450675348e+01,7.759970406505542151e+00,5.167078024396878216e-02,8.551206246714994902e-12,1.805803622936232034e-03
1.432535955322659574e+05,1.974071812001473347e+01,2.406275438844620567e+03,4.749351353683327059e-01,1.199231865415830001e+01,7.223465424733151785e+00,4.867737780530449754e-02,8.118459765778075557e-12,1.321527941528597349e-03
1.477923955367115268e+05,1.836560039105376063e+01,2.378664693169364909e+03,4.413038399554167213e-01,1.115820305367294907e+01,6.719291885055523217e+00,4.584152011308450375e-02,7.723157203328378067e-12,9.600922490640973177e-04
1.523311955411570671e+05,1.707368403417554248e+01,2.351069364096434128e+03,4.097271611766835075e-01,1.037434697964063623e+01,6.245762042422211557e+00,4.315558451408194052e-02,7.362511172076173988e-12,6.922664145700533917e-04
1.568699955456026364e+05,1.586068387900845700e+01,2.323488824084795397e+03,3.800992764428046677e-01,9.638209145510881370e+00,5.801267856523931954e+00,4.061232824176636697e-02,7.034044493498731120e-12,4.952722820377238478e-04
1.614087955500481767e+05,1.472249747895893179e+01,2.295922426070746951e+03,3.523187209385419405e-01,8.947345778763240887e+00,5.384276634125626515e+00,3.820486106225463169e-02,6.735561934901927413e-12,3.514840625347136790e-04
1.659475955544937460e+05,1.365519904983191068e+01,2.268369501756541013e+03,3.262882792611699334e-01,8.299409708188555612e+00,4.993327079888161713e+00,3.592662115364875230e-02,6.465126743633644079e-12,2.473613339076114999e-04
1.704863955589392863e+05,1.265503350883268574e+01,2.240829359845609815e+03,3.019148716719902148e-01,7.692149000261751191e+00,4.627025703577261062e+00,3.377135379666330178e-02,6.221041494510158959e-12,1.725795188002372967e-04
1.750251955633848556e+05,1.171841062450299198e+01,2.213301284211011989e+03,2.791094364503806657e-01,7.123405231990697750e+00,4.284043536956347431e+00,3.173309249562748791e-02,6.001832889583257336e-12,1.193266039382219853e-04
1.799044612977964571e+05,1.077848147119636835e+01,2.183720872930580754e+03,2.562448434018742560e-01,6.552596838390078560e+00,3.939894436601536931e+00,2.966593199731677385e-02,5.792489857775851171e-12,7.942079976802667507e-05
1.847837270322080294e+05,9.903957612562978241e+00,2.154152587069266701e+03,2.349929751473784911e-01,6.021460401890490033e+00,3.619731299514695522e+00,2.772066672003121665e-02,5.609139201370115239e-12,5.226928477347014227e-05
1.896629927666196309e+05,9.090971227005951505e+00,2.124595425105095728e+03,2.152577576240475576e-01,5.527658784328944641e+00,3.322129811357098728e+00,2.589087459169275504e-02,5.450745889521237660e-12,3.399909871656017876e-05
1.945422585010312323e+05,8.335844023937012182e+00,2.095048340786261633e+03,1.969478089384106567e-01,5.068966968521681160e+00,3.045736960687527972e+00,2.417043950345915820e-02,5.316542066554759655e-12,2.184628061632414378e-05
1.994215242354428337e+05,7.635079808215367692e+00,2.065510239635499602e+03,1.799762656239437542e-01,4.643268315011789937e+00,2.789267832503296241e+00,2.255353567888594701e-02,5.206032890446207551e-12,1.385939224574013438e-05
2.043007899698544352e+05,6.985357256176072838e+00,2.035979975146643710e+03,1.642606111829277016e-01,4.248550758148355477e+00,2.551502597387098170e+00,2.103461343571870479e-02,5.119009285140214067e-12,8.676016853075802318e-06
2.091800557042660366e+05,6.383522903376387170e+00,2.006456344713409635e+03,1.497225075721228260e-01,3.882902983541426156e+00,2.331283670106550687e+00,1.960838611380797888e-02,5.055568718371918181e-12,5.356037424352658212e-06
2.140593214386776381e+05,5.826584342961299789e+00,1.976938085130609579e+03,1.362876301330878392e-01,3.544510619991064981e+00,2.127513016183535832e+00,1.826981798482834110e-02,5.016145590141836419e-12,3.258663767107701713e-06
2.189385871730892395e+05,5.311703632540992537e+00,1.947423867748059820e+03,1.238855063543905927e-01,3.231652472228621065e+00,1.939149588422004022e+00,1.701411298344832415e-02,5.001553404109416090e-12,1.952547527138663184e-06
2.222203928980252822e+05,4.987697299255027694e+00,1.927574110543991765e+03,1.160911205831100523e-01,3.034765051517020584e+00,1.820625920419677746e+00,1.621383552519222934e-02,5.006312175338870557e-12,1.371205020914864082e-06
2.255021986229613540e+05,4.680715759056012892e+00,1.907725105408003628e+03,1.087142519124686957e-01,2.848214687343443074e+00,1.708338223231982367e+00,1.544764077961660598e-02,5.023365733290257127e-12,9.557834780356154224e-07
2.287840043478973967e+05,4.390005103089507088e+00,1.887876390706170014e+03,1.017361931013552323e-01,2.671543941775189612e+00,1.602010068310044000e+00,1.471423879848000708e-02,5.053338081583668681e-12,6.610993846151221019e-07
2.320658100728334393e+05,4.114838819886990073e+00,1.868027487311283721e+03,9.513892108671884174e-02,2.504311969632988077e+00,1.501375093624173873e+00,1.401238189623736641e-02,5.096986338169517464e-12,4.536417756634875360e-07
2.353476157977695111e+05,3.854517003025623723e+00,1.848177897601056202e+03,8.890507726760260576e-02,2.346094045138402695e+00,1.406176708458543478e+00,1.334086342350714396e-02,5.155219698098967446e-12,3.087324123602173842e-07
2.386294215227055538e+05,3.608365576418095522e+00,1.828327104384835593e+03,8.301794820286158283e-02,2.196481097588825815e+00,1.316167805713315264e+00,1.269851657741883320e-02,5.229122296561540200e-12,2.083304449500664412e-07
2.419112272476416256e+05,3.375735536958113236e+00,1.808474569752305797e+03,7.746144672154310629e-02,2.055079256242127617e+00,1.231110481396074929e+00,1.208421324615477875e-02,5.319980818179618966e-12,1.393468927468539261e-07
2.451930329725776683e+05,3.156002214262250138e+00,1.788619733837802869e+03,7.222009344420365906e-02,1.921509404536404730e+00,1.150775761031085365e+00,1.149686288543223280e-02,5.429317910713204391e-12,9.235969471471466444e-08
2.466152896189608728e+05,3.064628423607036911e+00,1.780014258760111034e+03,7.004272729149450816e-02,1.865963580238255926e+00,1.117371615179462818e+00,1.125042383565369106e-02,5.482883624631578916e-12,7.705668669447974479e-08
2.480375462653440773e+05,2.975516074464787497e+00,1.771408193374860275e+03,6.792056863857681703e-02,1.811791154251234381e+00,1.084795522571541548e+00,1.100876482426618730e-02,5.540418202142420511e-12,6.417362856618565083e-08
2.494598029117272818e+05,2.888618388405454596e+00,1.762801487905705244e+03,6.585245911778128680e-02,1.758963734733337336e+00,1.053030337830387575e+00,1.077180337143779712e-02,5.602098477667352996e-12,5.334690887098765274e-08
2.508820595581104863e+05,2.803889373640497062e+00,1.754194091658265734e+03,6.383726000965257719e-02,1.707453407000626644e+00,1.022059204145584710e+00,1.053945821441600907e-02,5.668114535536994547e-12,4.426454882257638745e-08
2.523043162044936907e+05,2.721283814608536744e+00,1.745585952995552361e+03,6.187385198252476348e-02,1.657232727226749747e+00,9.918655494423226360e-01,1.031164929188129083e-02,5.738670739577619047e-12,3.665931964207059807e-08
2.537265728508768661e+05,2.640757261664780309e+00,1.736977019312584616e+03,5.996113483466869454e-02,1.608274716203204058e+00,9.624330825899216624e-01,1.008829772845815792e-02,5.813986858225554034e-12,3.030271381186421333e-08
2.551488294972600706e+05,2.562266020876096562e+00,1.728367237010147164e+03,5.809802723905400923e-02,1.560552853161717879e+00,9.337457896503635890e-01,9.869325819394730859e-03,5.894299295006255345e-12,2.499967275441904990e-08
2.557887562349516957e+05,2.527602292819473462e+00,1.724493080927251185e+03,5.727564349858424442e-02,1.539477252195477153e+00,9.210771639132870892e-01,9.772210294122403440e-03,5.932131701090985251e-12,2.291207037889356972e-08
2.564286829726433207e+05,2.493338033372152207e+00,1.720618736959068883e+03,5.646299194017233292e-02,1.518644273454821780e+00,9.085547879872907240e-01,9.675958993556072613e-03,5.971051245882950034e-12,2.099034015155110568e-08
2.570686097103349457e+05,2.459469409217591274e+00,1.716744200018053789e+03,5.565997773117618841e-02,1.498051590198202110e+00,8.961772569931159005e-01,9.580565067089173714e-03,6.011083182729836101e-12,1.922199675771220831e-08
2.577085364480265707e+05,2.425992616821722070e+00,1.712869464972587593e+03,5.486650678275645926e-02,1.477696893752316720e+00,8.839431769748492540e-01,9.486021710306770729e-03,6.052253620923362184e-12,1.759544044483565866e-08
2.583484631857181666e+05,2.392903882251736114e+00,1.708994526646433314e+03,5.408248574534210706e-02,1.457577893402308700e+00,8.718511648333777675e-01,9.392322164714589014e-03,6.094589557252381072e-12,1.609989822109965611e-08
2.589883899234097917e+05,2.360199460992358667e+00,1.705119379818169591e+03,5.330782200404422799e-02,1.437692316280444915e+00,8.598998482589089720e-01,9.299459717453216132e-03,6.138118908876937891e-12,1.472536867892795894e-08
2.591432073240099708e+05,2.352344601845159922e+00,1.704181834086857407e+03,5.312180311113401388e-02,1.432916214550376877e+00,8.570294512433139777e-01,9.277118524233895006e-03,6.148832467163699598e-12,1.440995197888413624e-08
2.592980247246101790e+05,2.344511966641005696e+00,1.703244275768839998e+03,5.293632522535712814e-02,1.428153611246594457e+00,8.541671902199796662e-01,9.254825841967904629e-03,6.159617978874702612e-12,1.410094645668921140e-08
2.594528421252103581e+05,2.336701503126553003e+00,1.702306704788969000e+03,5.275138705449166493e-02,1.423404474651832841e+00,8.513130460390344600e-01,9.232581576794268718e-03,6.170475864850445233e-12,1.379822900144098411e-08
2.596076595258105372e+05,2.328913159147912637e+00,1.701369121071936434e+03,5.256698730879857256e-02,1.418668773109162951e+00,8.484669995870839365e-01,9.210385635007258334e-03,6.181406549387057590e-12,1.350167872368451778e-08
2.597624769264107163e+05,2.321146882649577137e+00,1.700431524542275156e+03,5.238312470099745072e-02,1.413946475021339966e+00,8.456290317868181416e-01,9.188237923052018641e-03,6.192410460260067734e-12,1.321117691799294861e-08
2.597779586664708040e+05,2.320371466710033914e+00,1.700337764181704188e+03,5.236476793331615309e-02,1.413474981187907487e+00,8.453456785992617961e-01,9.186025800900205970e-03,6.193514895370432410e-12,1.318245489749090107e-08
2.597934404065308918e+05,2.319596270873753863e+00,1.700244003692175056e+03,5.234641652288040542e-02,1.413003621042103086e+00,8.450624059887644757e-01,9.183814160019289699e-03,6.194620067487332981e-12,1.315379207899754652e-08
2.598089221465909795e+05,2.318821295088846046e+00,1.700150243073612046e+03,5.232807046840708826e-02,1.412532394552429738e+00,8.447792139363092812e-01,9.181603000315919152e-03,6.195725977044455234e-12,1.312518834733525723e-08
2.598244038866510673e+05,2.318046539303427966e+00,1.700056482325939214e+03,5.230972976861320706e-02,1.412061301687394854e+00,8.444961024228823110e-01,9.179392321696835597e-03,6.196832624475919550e-12,1.309664358753641671e-08
2.598259520606572332e+05,2.317969075822860603e+00,1.700047106244067891e+03,5.230789599309182414e-02,1.412014199749034749e+00,8.444677957004539381e-01,9.179171280290965643e-03,6.196943329818805230e-12,1.309379235058902585e-08
2.598275002346633701e+05,2.317891614541718326e+00,1.700037730160904630e+03,5.230606227110305706e-02,1.411967099146574034e+00,8.444394897832078195e-01,9.178950243694986022e-03,6.197054042545258538e-12,1.309094170209789465e-08
2.598290484086695360e+05,2.317814155459947845e+00,1.700028354076449432e+03,5.230422860264584417e-02,1.411919999879982068e+00,8.444111846711225278e-01,9.178729211908528973e-03,6.197164762655437802e-12,1.308809164194871665e-08
2.598305965826756728e+05,2.317736698577498977e+00,1.700018977990702297e+03,5.230239498771848544e-02,1.411872901949227987e+00,8.443828803641815206e-01,9.178508184932042055e-03,6.197275490150620952e-12,1.308524217002585037e-08
2.598313706696784066e+05,2.317697970961003051e+00,1.700014289947344196e+03,5.230147820032834266e-02,1.411849353484779579e+00,8.443687285126334485e-01,9.178397673247204111e-03,6.197330856667174989e-12,1.308381765461423068e-08
2.598321447566811112e+05,2.317659243894317100e+00,1.700009601903662997e+03,5.230056142632012739e-02,1.411825805354277596e+00,8.443545768623637038e-01,9.178287162764848725e-03,6.197386225030277266e-12,1.308239328621595053e-08
2.598329188436838449e+05,2.317620517377435796e+00,1.700004913859658700e+03,5.229964466569386045e-02,1.411802257557720042e+00,8.443404254133703990e-01,9.178176653484833650e-03,6.197441595239437452e-12,1.308096906481742432e-08
2.598336929306865495e+05,2.317581791410352032e+00,1.700000225815331305e+03,5.229872791844925040e-02,1.411778710095101808e+00,8.443262741656512027e-01,9.178066145407188375e-03,6.197496967295104680e-12,1.307954499040400762e-08
2.598344670176892832e+05,2.317543065993059592e+00,1.699995537779262804e+03,5.229770197754993188e-02,1.411755272173442100e+00,8.443120139121756962e-01,9.178064845567771718e-03,6.197697746189005293e-12,1.307812647206523754e-08
2.598352411046920170e+05,2.317504341125552259e+00,1.699990849751458200e+03,5.229678525423957225e-02,1.411731725381520253e+00,8.442978630641685411e-01,9.177954342723549513e-03,6.197753127612580199e-12,1.307670269644249447e-08
2.598371763221995207e+05,2.317407531362044359e+00,1.699979129680575852e+03,5.229449350450718348e-02,1.411672859862636908e+00,8.442624868246862979e-01,9.177678090872026795e-03,6.197891589247091954e-12,1.307314390023465811e-08
2.598391115397070243e+05,2.317310725034551933e+00,1.699967409607735135e+03,5.229220183840651431e-02,1.411613996430741924e+00,8.442271118430859644e-01,9.177401846533456142e-03,6.198030062418840204e-12,1.306958602220382484e-08
2.598410467572145280e+05,2.317213922142973281e+00,1.699955689532935821e+03,5.228991025593516390e-02,1.411555135085770907e+00,8.441917381193319025e-01,9.177125609707461121e-03,6.198168547128317704e-12,1.306602906212695863e-08
2.598616863335068047e+05,2.316181708924404781e+00,1.699830691896809412e+03,5.226547516023779399e-02,1.410927493998180182e+00,8.438145467891253748e-01,9.174179942511507396e-03,6.199646238984390141e-12,1.302815024166455392e-08
2.598823259097990813e+05,2.315149886398225387e+00,1.699705694037701505e+03,5.224104957383440134e-02,1.410300090211695778e+00,8.434374984864889679e-01,9.171235129629626281e-03,6.201125244395109328e-12,1.299037553996289842e-08
2.600442002499790397e+05,2.307070929246638702e+00,1.698725339320164949e+03,5.204981130609042522e-02,1.405387639183586002e+00,8.404852972260163924e-01,9.148168827041095255e-03,6.212770618518187223e-12,1.269769187797640553e-08
2.608535719508795009e+05,2.267034442547277262e+00,1.693823356749465802e+03,5.110233998451264165e-02,1.381043010739773091e+00,8.258554588598704393e-01,9.033621631182422659e-03,6.272228062743709214e-12,1.132566644045505573e-08
2.616629436517799622e+05,2.227589738716542644e+00,1.688921017764970657e+03,5.016926896683428921e-02,1.357057826448165860e+00,8.114422612818864566e-01,8.920371918312384324e-03,6.333783877986680917e-12,1.009500992167940321e-08
2.624723153526804526e+05,2.188729536705136258e+00,1.684018311217956807e+03,4.925041826639312698e-02,1.333427666701173742e+00,7.972430362028828377e-01,8.808406536399002867e-03,6.397504994459501658e-12,8.991890245062109902e-09
2.661520872967265896e+05,2.019226400871376725e+00,1.661723429784177142e+03,4.524734108532623561e-02,1.230351157360201286e+00,7.353126988507362460e-01,8.315198301900321790e-03,6.716511542733195408e-12,5.266496217311331802e-09
2.698318592407727265e+05,1.860999543206788953e+00,1.639419623701026012e+03,4.151829587188594212e-02,1.134124134094179448e+00,6.775100345644896604e-01,7.847075630435657034e-03,7.089276957742384801e-12,3.038708962257807332e-09
2.735116311848188634e+05,1.713419656686475889e+00,1.617105748397386378e+03,3.804773910561534689e-02,1.044364592130164970e+00,6.236044348256210013e-01,7.402888891446799020e-03,7.524923210299095387e-12,1.726102768581627613e-09
2.771914031288650003e+05,1.575886033174955791e+00,1.594780600537105556e+03,3.482084098300722991e-02,9.607078790754804976e-01,5.733757787904074643e-01,6.981533353418768913e-03,8.034673185743178598e-12,9.646070478176478720e-10
2.808711750729111372e+05,1.447825542502609864e+00,1.572442913176431375e+03,3.182345996983219905e-02,8.828060756278736099e-01,5.266140588139989198e-01,6.581947552343946073e-03,8.632411354573868884e-12,5.299286718580472329e-10
2.845509470169573324e+05,1.328691639090850307e+00,1.550091350429821432e+03,2.904211803380951987e-02,8.103273929375405249e-01,4.831190161143010808e-01,6.203111709891425025e-03,9.335419205115521351e-12,2.859722838946812407e-10
2.882307189610034693e+05,1.217963395580789587e+00,1.527724501582882567e+03,2.646397654607018576e-02,7.429555863112834446e-01,4.426997863632053942e-01,5.844046198603122105e-03,1.016534739633966098e-11,1.514621005255621109e-10
2.919104909050496062e+05,1.115144562927519845e+00,1.505340874581594335e+03,2.407681283980679307e-02,6.803893849466571275e-01,4.051745549996286777e-01,5.503810051615322732e-03,1.114951130449768529e-11,7.866239991915014447e-11
2.955902628490957431e+05,1.019762656429736625e+00,1.482938888815527434e+03,2.186899741446874865e-02,6.223419373837637547e-01,3.703702220645679888e-01,5.181499514591740747e-03,1.232263233362419890e-11,4.002182233048642943e-11
2.978256429965629941e+05,9.652596350283892956e-01,1.469320506261261471e+03,2.061064975755375409e-02,5.891692906221999149e-01,3.504856091611621705e-01,4.994085448056810074e-03,1.314591988924502487e-11,2.627063029343525119e-11
3.000610231440302450e+05,9.132379160805953466e-01,1.455694337243844984e+03,1.941201600535059912e-02,5.575044340718657843e-01,3.315086888032178769e-01,4.812777168990528022e-03,1.406728047934638911e-11,1.710323065628759046e-11
3.022964032914974960e+05,8.636036310910899516e-01,1.442059971952321121e+03,1.827078992165290586e-02,5.272903747715448342e-01,3.134050754389492432e-01,4.637390932800738476e-03,1.510098260795126720e-11,1.104103781532428938e-11
3.045317834389647469e+05,8.162657704578869522e-01,1.428416984557757360e+03,1.718473663707567600e-02,4.984718544301921517e-01,2.961414319034650355e-01,4.467747463824499853e-03,1.626380634074474626e-11,7.065632092686052924e-12
3.067671635864319978e+05,7.711361160585632479e-01,1.414764932290976276e+03,1.615169096815444530e-02,4.709953085211803225e-01,2.796854446991743903e-01,4.303671847997369605e-03,1.757555467352154637e-11,4.481070517435822159e-12
3.090025437338992488e+05,7.281291750164069487e-01,1.401103354453797238e+03,1.516955576601580931e-02,4.448088260922185011e-01,2.640057997090498598e-01,4.144993427247349940e-03,1.905968307891202993e-11,2.815639848378655540e-12
3.112379238813664997e+05,6.871621146312789641e-01,1.387431771357724983e+03,1.423630029423641162e-02,4.198621102817901019e-01,2.490721583371612036e-01,3.991545695594907184e-03,2.074407775607648909e-11,1.752291218206326147e-12
3.134733040288337506e+05,6.481546984611821216e-01,1.373749683184182459e+03,1.334995863552652755e-02,3.961064395336434951e-01,2.348551340713189717e-01,3.843166196951352653e-03,2.266202182389917027e-11,1.079773433546540666e-12
3.145298341584390146e+05,6.303778341740295943e-01,1.367279176114371467e+03,1.294681666207503877e-02,3.852794680228726620e-01,2.283767951525022266e-01,3.774754312062777051e-03,2.366095105570040883e-11,8.558756610761210653e-13
3.155863642880443367e+05,6.130133277106785128e-01,1.360806149471803792e+03,1.255353271537920298e-02,3.747031357859005318e-01,2.220492364697901344e-01,3.707422714206200405e-03,2.472565176409723888e-11,6.768306926592854720e-13
3.166428944176496007e+05,5.960532903271302807e-01,1.354330545331248913e+03,1.216991378080943022e-02,3.643726523099846681e-01,2.158695690508728171e-01,3.641155159068097755e-03,2.586137390720049730e-11,5.339797442289916627e-13
3.176994245472548646e+05,5.794899537639026654e-01,1.347852304569591524e+03,1.179576985217440678e-02,3.542833001871848464e-01,2.098349481071491440e-01,3.575935589900200440e-03,2.707385804456204922e-11,4.202701799396311920e-13
3.187559546768601285e+05,5.633156688354575836e-01,1.341371366830511079e+03,1.143091389656283180e-02,3.444304342584253997e-01,2.039425725165096015e-01,3.511748135260411244e-03,2.836938737529597298e-11,3.299702173399176009e-13
3.198124848064646940e+05,5.475229040315795492e-01,1.334887670487878040e+03,1.107516181948244027e-02,3.348094807648122062e-01,1.981896843104981043e-01,3.448577106773482830e-03,2.975484593018050197e-11,2.584319630898581957e-13
3.208690149360693176e+05,5.321042441308148074e-01,1.328401152607785889e+03,1.072833243029785999e-02,3.254159365062667675e-01,1.925735681658976850e-01,3.386406996912748324e-03,3.123778371854589049e-11,2.018950088637908198e-13
3.214314843673480791e+05,5.240458252338570100e-01,1.324946724563222460e+03,1.054726743133207502e-02,3.205062859975515432e-01,1.896385595533060242e-01,3.353712219420717719e-03,3.206984525453963021e-11,1.768448711003024090e-13
3.219939537986268988e+05,5.160902766758670435e-01,1.321491468778168382e+03,1.036865415572559013e-02,3.156591696687001680e-01,1.867411583337213743e-01,3.321294484631904294e-03,3.293321321252051898e-11,1.547896904502911525e-13
3.225564232299057185e+05,5.082365191647131297e-01,1.318035375280817789e+03,1.019246625226297685e-02,3.108739320536598183e-01,1.838809693106584486e-01,3.289151514167240175e-03,3.382930047423854665e-11,1.353852958595756709e-13
3.231188926611844799e+05,5.004834824141338734e-01,1.314578433984241883e+03,1.001867759462807261e-02,3.061499231507237018e-01,1.810576005902637398e-01,3.257281043640403682e-03,3.475959365689630272e-11,1.183254218670489327e-13
3.236813620924632996e+05,4.928301050865677158e-01,1.311120634684522656e+03,9.847262279977482893e-03,3.014864983878415838e-01,1.782706635603518719e-01,3.225680822567739050e-03,3.572565744306362003e-11,1.033377210031574929e-13
3.242438315237421193e+05,4.852753347341856038e-01,1.307661967058771324e+03,9.678194627479028145e-03,2.968830185868309712e-01,1.755197728687906966e-01,3.194348614265643625e-03,3.672913919151032174e-11,9.018017527523774814e-14
3.244726480048194062e+05,4.822299780018994286e-01,1.306254706121795152e+03,9.610082659100805877e-03,2.950272984809660382e-01,1.744109181899150263e-01,3.181678634683821408e-03,3.714846487141885947e-11,8.530110043961308968e-14
3.247014644858967513e+05,4.792006972727108072e-01,1.304847299048068180e+03,9.542353290170025107e-03,2.931813514103336904e-01,1.733079400425527050e-01,3.169052491999297966e-03,3.757439009483394391e-11,8.067577181556276223e-14
3.249302809669740964e+05,4.761874229435189010e-01,1.303439745125309855e+03,9.475004823013503247e-03,2.913451351024948788e-01,1.722108129423526590e-01,3.156470037574556943e-03,3.800703858517046388e-11,7.629153646750854241e-14
3.251590974480513833e+05,4.731900856508324815e-01,1.302032043637823563e+03,9.408035565939519562e-03,2.895186074303972568e-01,1.711195114928305006e-01,3.143931123146549798e-03,3.844653673042233411e-11,7.213634463148329140e-14
3.253879139291287283e+05,4.702086162679234849e-01,1.300624193866506857e+03,9.341443833178305484e-03,2.877017264106355166e-01,1.700340103843376860e-01,3.131435600810715536e-03,3.889301364681661538e-11,6.819872232040217267e-14
3.254107955772360438e+05,4.699113394105290942e-01,1.300483400705974191e+03,9.334805359017324389e-03,2.875205672625688602e-01,1.699257783204773387e-01,3.130188429459792275e-03,3.893805022490160892e-11,6.781650119882040092e-14
3.254336772253433592e+05,4.696142204744131465e-01,1.300342606054655562e+03,9.328170641620128767e-03,2.873395041207706391e-01,1.698176039825647909e-01,3.128941690407016380e-03,3.898315804092208996e-11,6.743633546576368403e-14
3.254565588734506746e+05,4.693172593908424561e-01,1.300201809911826331e+03,9.321539679310862983e-03,2.871585369434957458e-01,1.697094873454353947e-01,3.127695383504993602e-03,3.902833722862838140e-11,6.705821454352287912e-14
3.254794405215579900e+05,4.690204560911077625e-01,1.300061012276761176e+03,9.314912470414118961e-03,2.869776656890146715e-01,1.696014283839321624e-01,3.126449508606550867e-03,3.907358792206702084e-11,6.668212790632586760e-14
3.254817286863692570e+05,4.689907844366007494e-01,1.300046932431153664e+03,9.314249955897689268e-03,2.869595838377140273e-01,1.695906256589730376e-01,3.126324944871199715e-03,3.907811692939451993e-11,6.664463072458673377e-14
3.254840168511805823e+05,4.689611143591764786e-01,1.300032852570615887e+03,9.313587478896920291e-03,2.869415029451823917e-01,1.695798235104936380e-01,3.126200385454303010e-03,3.908264665325809981e-11,6.660715377046716277e-14
3.254863050159918494e+05,4.689314458587664491e-01,1.300018772695146936e+03,9.312925039410160574e-03,2.869234230113782425e-01,1.695690219384685948e-01,3.126075830355692919e-03,3.908717709379170557e-11,6.656969703352849270e-14
3.254885931808031746e+05,4.689017789353021604e-01,1.300004692804746355e+03,9.312262637435798560e-03,2.869053440362598351e-01,1.695582209428731502e-01,3.125951279575180791e-03,3.909170825112767320e-11,6.653226050333628999e-14
3.254888219972845400e+05,4.688988123296851107e-01,1.300003284814885092e+03,9.312196399301482519e-03,2.869035361914741289e-01,1.695571408750162490e-01,3.125938824734607411e-03,3.909216140629043523e-11,6.652851796128657862e-14
3.254890508137659635e+05,4.688958457398367252e-01,1.300001876824874444e+03,9.312130161542251858e-03,2.869017283562746989e-01,1.695560608129233759e-01,3.125926369937241656e-03,3.909261456862377396e-11,6.652477562118933583e-14
3.254892796302473871e+05,4.688928791657569484e-01,1.300000468834714411e+03,9.312063924158158618e-03,2.868999205306616007e-01,1.695549807565945588e-01,3.125913915183018907e-03,3.909306773812483303e-11,6.652103348303592831e-14
3.254893025118961232e+05,4.688925825092162269e-01,1.300000328035690245e+03,9.312057300440362145e-03,2.868997397486277579e-01,1.695548727512784792e-01,3.125912669709992112e-03,3.909311305547028409e-11,6.652065928032490794e-14
3.254893253935448010e+05,4.688922858528332127e-01,1.300000187236664488e+03,9.312050676726321349e-03,2.868995589666894497e-01,1.695547647460203533e-01,3.125911424237390324e-03,3.909315837288749307e-11,6.652028507963537835e-14
3.254893482751935371e+05,4.688919891966079057e-01,1.300000046437637366e+03,9.312044053016036230e-03,2.868993781848472313e-01,1.695546567408197092e-01,3.125910178765210941e-03,3.909320369037465698e-11,6.651991088096495403e-14
3.254893505633582245e+05,4.688919595309940513e-01,1.300000032357734653e+03,9.312043390645233926e-03,2.868993601066682775e-01,1.695546459403027839e-01,3.125910054217997686e-03,3.909320822212603586e-11,6.651987346121031228e-14
3.254893528515229700e+05,4.688919298653817513e-01,1.300000018277831941e+03,9.312042728274417744e-03,2.868993420284902118e-01,1.695546351397864970e-01,3.125909929670839076e-03,3.909321275388174451e-11,6.651983604147341675e-14
3.254893551396877156e+05,4.688919001997710612e-01,1.300000004197929229e+03,9.312042065903735136e-03,2.868993239503132009e-01,1.695546243392707653e-01,3.125909805123592428e-03,3.909321728563254177e-11,6.651979862176060357e-14
3.254893567383835907e+05,4.688918794729863837e-01,1.299999994360574874e+03,9.311715750247702428e-03,2.868996371723570582e-01,1.695542909402648069e-01,3.126235570937731766e-03,3.911256159167895079e-11,6.650125191041147385e-14
3.254893583370794659e+05,4.688918587462024834e-01,1.299999984521280112e+03,9.311715287462512050e-03,2.868996245414869306e-01,1.695542833941552641e-01,3.126235483918700896e-03,3.911256476076937804e-11,6.650122576810371016e-14
3.254894012623137096e+05,4.688913022289601384e-01,1.299999720334737049e+03,9.311702861612225837e-03,2.868992854007343385e-01,1.695540807799906791e-01,3.126233147443610669e-03,3.911264985140562307e-11,6.650052384693184166e-14
3.254894752528385143e+05,4.688903429581114390e-01,1.299999264954545424e+03,9.311681443128405969e-03,2.868987008225523661e-01,1.695537315331993589e-01,3.126229120052063676e-03,3.911279652343990416e-11,6.649931395721595002e-14
3.254896602291491581e+05,4.688879447882029483e-01,1.299998126504003949e+03,9.311627897090352796e-03,2.868972393814820943e-01,1.695528584188578658e-01,3.126219051593036227e-03,3.911316320680909710e-11,6.649628932532006508e-14
3.254898452054597437e+05,4.688855466285990481e-01,1.299996988053372888e+03,9.311574351297570440e-03,2.868957779466764224e-01,1.695519853082829431e-01,3.126208983162074434e-03,3.911352989485893031e-11,6.649326482542090539e-14
3.254900301817703294e+05,4.688831484792996274e-01,1.299995849602652243e+03,9.311520805749838592e-03,2.868943165181352950e-01,1.695511122014747019e-01,3.126198914759405981e-03,3.911389658760020883e-11,6.649024045750107815e-14
3.254909550633261679e+05,4.688711578873691055e-01,1.299990157347706827e+03,9.311253081688805264e-03,2.868870094693957151e-01,1.695467467239338000e-01,3.126148573168507482e-03,3.911573012157830868e-11,6.647512059751684180e-14
3.254914175041040871e+05,4.688651626880068202e-01,1.299987311219395224e+03,9.311119221956654091e-03,2.868833560037541419e-01,1.695445640204757409e-01,3.126123402637208913e-03,3.911664693249614212e-11,6.646756190462824703e-14
3.254918799448819482e+05,4.688591675530458525e-01,1.299984465090524054e+03,9.310985363756716510e-03,2.868797025772644171e-01,1.695423813405587121e-01,3.126098232282022507e-03,3.911756377270305811e-11,6.646000403635890288e-14
3.254923423856598674e+05,4.688531724824855917e-01,1.299981618961093545e+03,9.310851507088952622e-03,2.868760491899262077e-01,1.695401986841825193e-01,3.126073062102972550e-03,3.911848064220003893e-11,6.645244699262473571e-14
3.254959876442719251e+05,4.688059176965197472e-01,1.299959183900513153e+03,9.309796415521064128e-03,2.868472521883274617e-01,1.695229943929129068e-01,3.125874660566240002e-03,3.912570902867344967e-11,6.639290632144522057e-14
3.255142139373320970e+05,4.685697037807843301e-01,1.299847008076120346e+03,9.304522385512849908e-03,2.867033036649866418e-01,1.694369948740556686e-01,3.124882817001187890e-03,3.916187827986153731e-11,6.609596991249505214e-14
3.255324402303922107e+05,4.683335898629189531e-01,1.299734831382266520e+03,9.299250734599730228e-03,2.865594159338399893e-01,1.693510319083040561e-01,3.123891246911199987e-03,3.919809311230390975e-11,6.580030789716487738e-14
3.255415533769216272e+05,4.682155703923541190e-01,1.299678742709161270e+03,9.296615801039550056e-03,2.864874948587600167e-01,1.693080641288764732e-01,3.123395564396269468e-03,3.921621764280621109e-11,6.565295315027620529e-14
3.255506665234509856e+05,4.680975759082579568e-01,1.299622653818533990e+03,9.293981461936034333e-03,2.864155889738336236e-01,1.692651054829660551e-01,3.122899950222392685e-03,3.923435359420961534e-11,6.550591504016499832e-14
3.255597796699803439e+05,4.679796064062986538e-01,1.299566564710332386e+03,9.291347717183612992e-03,2.863436982764302474e-01,1.692221559689866817e-01,3.122404404380251571e-03,3.925250097505295285e-11,6.535919291562992399e-14
3.255688928165097022e+05,4.678616618821451190e-01,1.299510475384504389e+03,9.288714566676535556e-03,2.862718227639196034e-01,1.691792155853523716e-01,3.121908926860691123e-03,3.927065979389274145e-11,6.521278612674279557e-14
3.257577261752586346e+05,4.654233489762050202e-01,1.298348200326517372e+03,9.234286647627288139e-03,2.847859041858022411e-01,1.682915005981470147e-01,3.111657504916668249e-03,3.964951703453203029e-11,6.224896170949866211e-14
3.267760885277561611e+05,4.524569429000910303e-01,1.292078518165251353e+03,8.945119210142246993e-03,2.768838513205559848e-01,1.635710977446766523e-01,3.056874582887009282e-03,4.178071451888762781e-11,4.836501695035090042e-14
3.277944508802536875e+05,4.397952971354407992e-01,1.285806030581472669e+03,8.663198061887457391e-03,2.691670772838408165e-01,1.589620922207574394e-01,3.002929524847589536e-03,4.406995761817645142e-11,3.748029840720798454e-14
3.288128132327512139e+05,4.274325236097721303e-01,1.279530662987420783e+03,8.388379679641263034e-03,2.616320059484086857e-01,1.544623282697546174e-01,2.949809665407286847e-03,4.653132434791929520e-11,2.896867054361021062e-14
3.298311755852487986e+05,4.153628245209973202e-01,1.273252339761301982e+03,8.120522796510513605e-03,2.542751159568719110e-01,1.500696832410320369e-01,2.897502477380251365e-03,4.918034330817536156e-11,2.233000683867759137e-14
3.303752316704349942e+05,4.090327667237587672e-01,1.269896932427259117e+03,7.980226133220059970e-03,2.504165483528753566e-01,1.477661058552784679e-01,2.869886331687147244e-03,5.067834336123811602e-11,1.940946441499594411e-14
3.309192877556212479e+05,4.027838669453591702e-01,1.266540647806617699e+03,7.841855749726327901e-03,2.466073241277615957e-01,1.454921902902258091e-01,2.842496725391040983e-03,5.223758725829877370e-11,1.685765191705529283e-14
3.314633438408075017e+05,3.966152722051226043e-01,1.263183473984563989e+03,7.705390882249981734e-03,2.428469251949527674e-01,1.432476242781722253e-01,2.815331795871934672e-03,5.386105200638140291e-11,1.462973243386183616e-14
3.320073999259936973e+05,3.905261366179941795e-01,1.259825398952632440e+03,7.570810944377096355e-03,2.391348377729965169e-01,1.410320981536915541e-01,2.788389691364454460e-03,5.555188053169241185e-11,1.268610649120120600e-14
3.325514560111799510e+05,3.845156213503648224e-01,1.256466410606959926e+03,7.438095525954366467e-03,2.354705523587650173e-01,1.388453048374302945e-01,2.761668570890777035e-03,5.731339203099858734e-11,1.099182610287159735e-14
3.330955120963662048e+05,3.785828945744676433e-01,1.253106496746429912e+03,7.307224391956871658e-03,2.318535636997766658e-01,1.366869398193923113e-01,2.735166604183188969e-03,5.914909303406774096e-11,9.516071388815467545e-15
3.333185565578396199e+05,3.761729692988100560e-01,1.251728776176503061e+03,7.254100054843595248e-03,2.303842747545115643e-01,1.358102298121168505e-01,2.724364617405095751e-03,5.992396334708714827e-11,8.967799309769253871e-15
3.335416010193130351e+05,3.737759228792554289e-01,1.250350897134862862e+03,7.201280942869663429e-03,2.289228164968207802e-01,1.349382263454013131e-01,2.713599033443021922e-03,6.071218863613435716e-11,8.449944680197795972e-15
3.337646454807864502e+05,3.713916990112501870e-01,1.248972858766240506e+03,7.148765687049377961e-03,2.274691547266201874e-01,1.340709088083261169e-01,2.702869727732485489e-03,6.151404047072463598e-11,7.960886308400704171e-15
3.339876899422598653e+05,3.690202415850631912e-01,1.247594660212468625e+03,7.096552923264628707e-03,2.260232553620337148e-01,1.332082566614181951e-01,2.692176576009321955e-03,6.232979671178793942e-11,7.499085794565742435e-15
3.342107344037333387e+05,3.666614946834765854e-01,1.246216300612486066e+03,7.044641292217736911e-03,2.245850844379795597e-01,1.323502494358169135e-01,2.681519454295589692e-03,6.315974167300562734e-11,7.063083491835320144e-15
3.342330388498805114e+05,3.664263169252433006e-01,1.246078455761706209e+03,7.039466639227111647e-03,2.244416911057191544e-01,1.322647033980352549e-01,2.680455719011255473e-03,6.324352769149614094e-11,7.020848221662656108e-15
3.342553432960277423e+05,3.661912656592601900e-01,1.245940609290960765e+03,7.034294982663841754e-03,2.242983746855186089e-01,1.321792035850768154e-01,2.679392342666538432e-03,6.332745879556010418e-11,6.978855682719166420e-15
3.342776477421749150e+05,3.659563408299298937e-01,1.245802761199383667e+03,7.029126321176570706e-03,2.241551351436068540e-01,1.320937499765899581e-01,2.678329325138004754e-03,6.341153528050930634e-11,6.937104537406080022e-15
3.342999521883221460e+05,3.657215423816748689e-01,1.245664911486108849e+03,7.023960653414509231e-03,2.240119724462248108e-01,1.320083425522306786e-01,2.677266666302185929e-03,6.349575744233312684e-11,6.895593455173017575e-15
3.343021826329366886e+05,3.656980694856694081e-01,1.245651126425554594e+03,7.023444251241209475e-03,2.239976604016364614e-01,1.319998043491387163e-01,2.677160420141939511e-03,6.350418768215968937e-11,6.891455499402290533e-15
3.343044130775512895e+05,3.656745978528634922e-01,1.245637341348773816e+03,7.022927878990278990e-03,2.239833491251221331e-01,1.319912666076643037e-01,2.677054177567293660e-03,6.351261938201887920e-11,6.887319929701621326e-15
3.343066435221658321e+05,3.656511274832017211e-01,1.245623556255765607e+03,7.022411536660401986e-03,2.239690386166479918e-01,1.319827293277872904e-01,2.676947938578087913e-03,6.352105254220933439e-11,6.883186744751735540e-15
3.343088739667804330e+05,3.656276583766283617e-01,1.245609771146529283e+03,7.021895224250262676e-03,2.239547288761807586e-01,1.319741925094868595e-01,2.676841703174163544e-03,6.352948716301937907e-11,6.879055943234974353e-15
3.343090970112422947e+05,3.656253115354388128e-01,1.245608392634713027e+03,7.021843594654775776e-03,2.239532979443730754e-01,1.319733388530427709e-01,2.676831079830964064e-03,6.353033070544704852e-11,6.878642994121366271e-15
3.343093200557042146e+05,3.656229647068794941e-01,1.245607014122734427e+03,7.021791965358481838e-03,2.239518670202450545e-01,1.319724852012143235e-01,2.676820456523607873e-03,6.353117426248440780e-11,6.878230068827509464e-15
3.343095431001660763e+05,3.656206178909504056e-01,1.245605635610593708e+03,7.021740336361336626e-03,2.239504361037966962e-01,1.319716315540013230e-01,2.676809833252127499e-03,6.353201783413166369e-11,6.877817167352262449e-15
3.343097661446279380e+05,3.656182710876514363e-01,1.245604257098290645e+03,7.021688707663380907e-03,2.239490051950280558e-01,1.319707779114037416e-01,2.676799210016494752e-03,6.353286142038965632e-11,6.877404289694056971e-15
3.343098776668588980e+05,3.656170976907383019e-01,1.245603567842078292e+03,7.021662893426629248e-03,2.239482897435235431e-01,1.319703510918358302e-01,2.676793898412089742e-03,6.353328321899441381e-11,6.877197859796323410e-15
3.343099891890898580e+05,3.656159242969826417e-01,1.245602878585825238e+03,7.021637079264615548e-03,2.239475742939390779e-01,1.319699242734216904e-01,2.676788586816703126e-03,6.353370502125746802e-11,6.876991435851789413e-15
3.343101007113207597e+05,3.656147509063845114e-01,1.245602189329531711e+03,7.021611265177434349e-03,2.239468588462742438e-01,1.319694974561614886e-01,2.676783275230238627e-03,6.353412682716903498e-11,6.876785017861292750e-15
3.343109913431581226e+05,3.656053801613571852e-01,1.245596684853114084e+03,7.021405113115714372e-03,2.239411452518452472e-01,1.319660888764552509e-01,2.676740856396657084e-03,6.353749552758231133e-11,6.875136755175972506e-15
3.343118819749954273e+05,3.655960096177073293e-01,1.245591180417667601e+03,7.021198966031393963e-03,2.239354317796543870e-01,1.319626803705464257e-01,2.676698437927462881e-03,6.354086439564973038e-11,6.873488885145909879e-15
3.343127726068327320e+05,3.655866392754316685e-01,1.245585676026000101e+03,7.020992823937696921e-03,2.239297184296862031e-01,1.319592719384473090e-01,2.676656019809349821e-03,6.354423342717371241e-11,6.871841408518382548e-15
3.343172257660192554e+05,3.655397905845565454e-01,1.245558154724363703e+03,7.019962188326449304e-03,2.239011535131194830e-01,1.319422308850584369e-01,2.676443934484234490e-03,6.356108103675726512e-11,6.863609923160113217e-15
3.343394915619519306e+05,3.653056226303781351e-01,1.245420564635980099e+03,7.014810881377339831e-03,2.237583747546427193e-01,1.318570532912161364e-01,2.675383639489809125e-03,6.364538040464446747e-11,6.822599580402466722e-15
3.343617573578846059e+05,3.650715804733481451e-01,1.245283001920570314e+03,7.009662691996325530e-03,2.236156723479708341e-01,1.317719218057885333e-01,2.674323563855890949e-03,6.372978203333327139e-11,6.781833315384495729e-15
3.343840231538172811e+05,3.648376640636840640e-01,1.245145466587193823e+03,7.004517618896442810e-03,2.234730462629417047e-01,1.316868364104760436e-01,2.673263707548902655e-03,6.381428600576410754e-11,6.741309686266649442e-15
3.344062889497499564e+05,3.646038733516137054e-01,1.245007958644908058e+03,6.999375660791064616e-03,2.233304964693997030e-01,1.316017970869821641e-01,2.672204070535197980e-03,6.389889240480816900e-11,6.701027259634790185e-15
3.345176179294147296e+05,3.634368035138860198e-01,1.244320830116809020e+03,6.973712550160418057e-03,2.226188908190036286e-01,1.311772909066944437e-01,2.666909173697548825e-03,6.432346369587076281e-11,6.503183577928898787e-15
3.346289469090795028e+05,3.622728686562565192e-01,1.243634387724125645e+03,6.948127121500215393e-03,2.219091879361593800e-01,1.307539337796349843e-01,2.661619754204960255e-03,6.475060804947767723e-11,6.311159706527262952e-15
3.347402758887442760e+05,3.611120625690710795e-01,1.242948632597989217e+03,6.922619214196516074e-03,2.212013840586790070e-01,1.303317234230566557e-01,2.656335807952413426e-03,6.518033575635558053e-11,6.124785660748714065e-15
3.348516048684091074e+05,3.599543790492568673e-01,1.242263565868876185e+03,6.897188667759957849e-03,2.204954754284071117e-01,1.299106575565862898e-01,2.651057330884877723e-03,6.561265706688697052e-11,5.943896369420214915e-15
3.370781844616963062e+05,3.374469533133401256e-01,1.228708529015043950e+03,6.404577468093889010e-03,2.067695528719087628e-01,1.217261923804410784e-01,2.546630518074040946e-03,7.481910342350361260e-11,3.261747101216224259e-15
3.393047640549835633e+05,3.161371436073168173e-01,1.215438258601649068e+03,5.941575613358149148e-03,1.937705865693001850e-01,1.139806186982521702e-01,2.444362641261221911e-03,8.514324057481941304e-11,1.789088055660410293e-15
3.415313436482708203e+05,2.959769807748401926e-01,1.202461544728103036e+03,5.506930355160199152e-03,1.814695258893490315e-01,1.066562904276371904e-01,2.344234006043456695e-03,9.664937748673507610e-11,9.816929489607140610e-16
3.437579232415580773e+05,2.769195451080801451e-01,1.189786934435737066e+03,5.099018798249448613e-03,1.698383533120589595e-01,9.973554998558521734e-02,2.246622902738041640e-03,1.094479330066862784e-10,5.390678860366447655e-16
3.459845028348453343e+05,2.589189661841080903e-01,1.177422659470287954e+03,4.717432120007148018e-03,1.588485001052327150e-01,9.320231245237381446e-02,2.150721383058528877e-03,1.234355801785324307e-10,2.968019583641611333e-16
3.482110824281325913e+05,2.419304237992296047e-01,1.165376560891429335e+03,4.360560954941475158e-03,1.484732615310365156e-01,8.703965127489406151e-02,2.056949899701174429e-03,1.386562132713626688e-10,1.639211204860319995e-16
3.501911880738919717e+05,2.276372074674438140e-01,1.154937191417318672e+03,4.063008191730795200e-03,1.397414130273026966e-01,8.185742913965364520e-02,1.975356955573640341e-03,1.531829287535929110e-10,9.700951338533678115e-17
3.521712937196514104e+05,2.140796610256054944e-01,1.144760118810484755e+03,3.783264197326662547e-03,1.314564978068025192e-01,7.694442903568801673e-02,1.895469817220661688e-03,1.685675630642834249e-10,5.763579823665512900e-17
3.541513993654107908e+05,2.012283652207548235e-01,1.134849782681419128e+03,3.520532419396524282e-03,1.236007275045027803e-01,7.228980045794011766e-02,1.817304654213501135e-03,1.847018803076720444e-10,3.440128282029446235e-17
3.561315050111702294e+05,1.890545659739141515e-01,1.125210194518245999e+03,3.274030671961278977e-03,1.161567195968583738e-01,6.788293458922772805e-02,1.740880914427346982e-03,2.014394134473448021e-10,2.064280552069918828e-17
3.581116106569296680e+05,1.775301776092580719e-01,1.115844896591259840e+03,3.042991778700500013e-03,1.091074987984549105e-01,6.371346604711167205e-02,1.666220766397178733e-03,2.185937959507853243e-10,1.246182036657623827e-17
3.600917163026890485e+05,1.666277864648686713e-01,1.106756923146582494e+03,2.826664288607799985e-03,1.024364986273628847e-01,5.977127483351701159e-02,1.593348479442151418e-03,2.359388128203389766e-10,7.573857024038909450e-18
3.620718219484484871e+05,1.563206548098586279e-01,1.097948764629740481e+03,2.624313251663039446e-03,9.612756310401991688e-02,5.604648844906924554e-02,1.522289751895883683e-03,2.532105375195132041e-10,4.637400847743248563e-18
3.640519275942078675e+05,1.465827249779838581e-01,1.089422335668409687e+03,2.435221039503023682e-03,9.016494854188240871e-02,5.252948412641025855e-02,1.453071000076321768e-03,2.701118302634942431e-10,2.862501192038397369e-18
3.660320332399673061e+05,1.373886236138105732e-01,1.081178947509439922e+03,2.258688193766806435e-03,8.453332538151188402e-02,4.921089112965078977e-02,1.385718622561782701e-03,2.863193331224150235e-10,1.782427752958009396e-18
3.680121388857266866e+05,1.287136659146235207e-01,1.073219285547913159e+03,2.094034282999825657e-03,7.921778001341672759e-02,4.608159306092363128e-02,1.320258255790410055e-03,3.014929135603370378e-10,1.120322135347893233e-18
3.699922445314861252e+05,1.205338597400593542e-01,1.065543392505735483e+03,1.940598747837388345e-03,7.420381652905952419e-02,4.313273011000785806e-02,1.256714037867303181e-03,3.152872929830426542e-10,7.112031125700264085e-19
3.719723501772455638e+05,1.128259094525536910e-01,1.058150657715976422e+03,1.797741713735918510e-03,6.947735833426699203e-02,4.035570117950537661e-02,1.195107897680034196e-03,3.273653703433885012e-10,4.562496661414693083e-19
3.739524558230049442e+05,1.055672193455148289e-01,1.051039812848975089e+03,1.664844750821967275e-03,6.502474955508104337e-02,3.774216581624083300e-02,1.135458885958435518e-03,3.374125381609134924e-10,2.959303611300819362e-19
3.756853595121527906e+05,9.956612186847192680e-02,1.045046507836944556e+03,1.556242068969262374e-03,6.134230088233872530e-02,3.558270373511578794e-02,1.084874837728718637e-03,3.443194375316332298e-10,2.045156593097475687e-19
3.774182632013006369e+05,9.387810302660243300e-02,1.039265942661092595e+03,1.454425338596094597e-03,5.785084627540080376e-02,3.353702141393034852e-02,1.035809649372636775e-03,3.493025660148576305e-10,1.426252547910794112e-19
3.791511668904484250e+05,8.848934561500129692e-02,1.033696049890559152e+03,1.359022728532120142e-03,5.454202887282673384e-02,3.160002502797986529e-02,9.882686334197275223e-04,3.522428452243230304e-10,1.003935541904490462e-19
3.808840705795962713e+05,8.338644697192634792e-02,1.028334401439028397e+03,1.269676204953196523e-03,5.140773989375860969e-02,2.976677621889575395e-02,9.422543012568795852e-04,3.530619054083780098e-10,7.134237028862823578e-20
3.826169742687441176e+05,7.855641877478035384e-02,1.023178222033233624e+03,1.186041680022541190e-03,4.844011836040441193e-02,2.803249217355922862e-02,8.977662090686681223e-04,3.517255082603330756e-10,5.119175694846058174e-20
3.843498779578919057e+05,7.398668631022012332e-02,1.018224405236850430e+03,1.107789101941834180e-03,4.563155054689929657e-02,2.639254546471208815e-02,8.548008484216585183e-04,3.482452511604342563e-10,3.709601924579152553e-20
3.860827816470397520e+05,6.966508718003994183e-02,1.013469531802827760e+03,1.034602485026543586e-03,4.297466913170254477e-02,2.484246363877117350e-02,8.133515818612460603e-04,3.426784372681232498e-10,2.715055666938733796e-20
3.878156853361875983e+05,6.557986941107912804e-02,1.008909890092198111e+03,9.661798796254605307e-04,4.046235203365240729e-02,2.337792853981629157e-02,7.734086228588590590e-04,3.351261100236078903e-10,2.007193221758287885e-20
3.895485890253354446e+05,6.171968894457012522e-02,1.004541498268977080e+03,9.022332828534641814e-04,3.808772091518002056e-02,2.199477536231913416e-02,7.349590584881379252e-04,3.257293651451097465e-10,1.498922443819941049e-20
3.912814927144832327e+05,5.807360648810369619e-02,1.000360127960240789e+03,8.424884921701978951e-04,3.584413934002240315e-02,2.068899142889617931e-02,6.979869123507662738e-04,3.146641580558543483e-10,1.130720325396347275e-20
3.930143964036310790e+05,5.463108372126943002e-02,9.963613290563622513e+02,7.866799045579771135e-04,3.372521557702359840e-02,1.945670969278807949e-02,6.624782447691526278e-04,3.021306252060147730e-10,8.616097403502118074e-21
3.947473000927789253e+05,5.138197885412269794e-02,9.925404553230109741e+02,7.345705329642846122e-04,3.172477977788148301e-02,1.829422723640671336e-02,6.284010185070670841e-04,2.883631403996179881e-10,6.631696024357313153e-21
3.964802037819267134e+05,4.831654154561426662e-02,9.888926904947245475e+02,6.859208986513830363e-04,2.983691187455980026e-02,1.719797242711584850e-02,5.957360716907063531e-04,2.735965312918654170e-10,5.155433246690326901e-21
3.987139639289123588e+05,4.462097339932835638e-02,9.844379745010414808e+02,6.279575783965514165e-04,2.756028739457748455e-02,1.587705837077386939e-02,5.556698020961400039e-04,2.534843131205062970e-10,3.781014364372025440e-21
4.009477240758980042e+05,4.119593056421771288e-02,9.802517395637952404e+02,5.749317499922397415e-04,2.544962338691917833e-02,1.465353312583321348e-02,5.178420688351927743e-04,2.326378863703533609e-10,2.818030182908071673e-21
4.031814842228835914e+05,3.802330591854172909e-02,9.763228488947672759e+02,5.264317395604668510e-04,2.349389278075443913e-02,1.352079695620303154e-02,4.821842304751044724e-04,2.115486903487192247e-10,2.133681639287977390e-21
4.054152443698692368e+05,3.508598776546062448e-02,9.726400194214670591e+02,4.820769281476621989e-04,2.168266628635680260e-02,1.247262136463817700e-02,4.486229956562528946e-04,1.906617257669950526e-10,1.640548574259957099e-21
4.076490045168548822e+05,3.236783045747437804e-02,9.691919047344676983e+02,4.415161203378348363e-04,2.000609546914344089e-02,1.150313742234941768e-02,4.170812752819871199e-04,1.703616959982937238e-10,1.280361088258465779e-21
4.098827646638404694e+05,2.985362311468420238e-02,9.659671723209027050e+02,4.044258671453301282e-04,1.845489466526503003e-02,1.060682340145476139e-02,3.874790298545003633e-04,1.509645846341539304e-10,1.013796966059688593e-21
4.121165248108261148e+05,2.752905672997504882e-02,9.629545742988096890e+02,3.705087701993439427e-04,1.702032189689104552e-02,9.778491837450335039e-03,3.597340927199301581e-04,1.327143997346473936e-10,8.139953854252876697e-22
4.143502849578117603e+05,2.538068996528645982e-02,9.601430111087900059e+02,3.394917911488324605e-04,1.569415895541098269e-02,9.013276149578471758e-03,3.337629533637525604e-04,1.157844217839882129e-10,6.623869079711627101e-22
4.165840451047974057e+05,2.339591394608215094e-02,9.575215878471698261e+02,3.111245868526946114e-04,1.446869082599399128e-02,8.306616944613558554e-03,3.094814883398615095e-04,1.002820425760169690e-10,5.459826126349484582e-22
4.188178052517829929e+05,2.156291635673270035e-02,9.550796631315159857e+02,2.851778874695036579e-04,1.333668462762335749e-02,7.654248124632731867e-03,2.868056307509336367e-04,8.625617391436647230e-11,4.555922498209453424e-22
4.210515653987686383e+05,1.987064512876869291e-02,9.528068905701767335e+02,2.614419311789467821e-04,1.229136823930826634e-02,7.052182912280846941e-03,2.656519722944132166e-04,7.370621804946629021e-11,3.846401950068377796e-22
4.232853255457542837e+05,1.830877199793460100e-02,9.506932530597480309e+02,2.397249660747014074e-04,1.132640877624354475e-02,6.496699898369102076e-03,2.459382946555571854e-04,6.259169564328723735e-11,3.283701379895564899e-22
4.255190856927398709e+05,1.686765618581538215e-02,9.487290902570958906e+02,2.198518268495194285e-04,1.043589106987300244e-02,5.984329206838184638e-03,2.275840294128860213e-04,5.284178786265203597e-11,2.833052038568526847e-22
4.277528458397255163e+05,1.553830843863586268e-02,9.469051196663941710e+02,2.016625913010521704e-04,9.614296293765870610e-03,5.511838861606097040e-03,2.105106475986080012e-04,4.436423533195458938e-11,2.468776475688230244e-22
4.299866059867111617e+05,1.431235563069791460e-02,9.452124518483337852e+02,1.850113194465629598e-04,8.856480863578751819e-03,5.076221428989512001e-03,1.946419816298643982e-04,3.705322238448875084e-11,2.171722682845823898e-22
4.322203661336967489e+05,1.318200611378321160e-02,9.436426003008342605e+02,1.697648761501878380e-04,8.157655724748335765e-03,4.674680998571162892e-03,1.799044835174830955e-04,3.079604209771261873e-11,1.927468484424258810e-22
4.344541262806823943e+05,1.214001596752454365e-02,9.421874865813413180e+02,1.558018366248159015e-04,7.513366126472095438e-03,4.304620554847209297e-03,1.662274241019481868e-04,2.547847526194348879e-11,1.725052742069086761e-22
4.366878864276680397e+05,1.117965627994268671e-02,9.408394412435002323e+02,1.430114729478489512e-04,6.919471965455090828e-03,3.963629781946457868e-03,1.535430386043701789e-04,2.098892046840239255e-11,1.556070328060933557e-22
4.389216465746536269e+05,1.029468156261175923e-02,9.395912011490382838e+02,1.312928187944171717e-04,6.372128768211401950e-03,3.649473334324877544e-03,1.417866240596790152e-04,1.722138355240454488e-11,1.414020635333882005e-22
4.411554067216392723e+05,9.479299381656822523e-03,9.384359036922787709e+02,1.205538089074763844e-04,5.867769366699658595e-03,3.360079597705855486e-03,1.308965942663553920e-04,1.407747652305076133e-11,1.293834408993786435e-22
4.433891668686249177e+05,8.728141264351100062e-03,9.373670784428821889e+02,1.107104893557139797e-04,5.403086308998856536e-03,3.093529956742084672e-03,1.208144977868505705e-04,1.146759435760440314e-11,1.191527113505064000e-22
4.456229270156105049e+05,8.036234921594559086e-03,9.363786366747265220e+02,1.016862943410720932e-04,4.975015034709938215e-03,2.848048578927028004e-03,1.114850043050817841e-04,9.311438624744311292e-12,1.103942865868791548e-22
4.478566871625961503e+05,7.398977809167898642e-03,9.354648592076182467e+02,9.341138517529613535e-05,4.580717833926959380e-03,2.621992718199015956e-03,1.028558643285811366e-04,7.538045478539110818e-12,1.028563735389102749e-22
4.500904473095817957e+05,6.812112035405392535e-03,9.346203829456874246e+02,8.582204701959303200e-05,4.217568599012579654e-03,2.413843536444065536e-03,9.487784684369700695e-05,6.085456971408794232e-12,9.633666076379046824e-23
4.523242074565673829e+05,6.271700609649168666e-03,9.338401864532053196e+02,7.886013904497258490e-05,3.883138369959287118e-03,2.222197436628251324e-03,8.750465911650479143e-05,4.900152685722372115e-12,9.067149329943548788e-23
4.545579676035530283e+05,5.774105014689821271e-03,9.331195748666405052e+02,7.247259380373639957e-05,3.575181666936193530e-03,2.045757897610286057e-03,8.069285240326902844e-05,3.936336163264511153e-12,8.572762568916131294e-23
4.567917277505386737e+05,5.315964076973106987e-03,9.324541644016894679e+02,6.661096178208572333e-05,3.291623597487575072e-03,1.883327797643479656e-03,7.440171690481643034e-05,3.155149373765645369e-12,8.139589461114116588e-23
4.590254878975242609e+05,4.894174100643471255e-03,9.318398666761927416e+02,6.123099731603145752e-05,3.030547720767085527e-03,1.733802211153968225e-03,6.859316888251559613e-05,2.523869601090283016e-12,7.758633107473914612e-23
4.617087489724803017e+05,4.431540640739634399e-03,9.311641749991403003e+02,5.534845865440868887e-05,2.744172513754761407e-03,1.569815896581872126e-03,6.220376982312114363e-05,1.925471083775341911e-12,7.359622147254263796e-23
4.643920100474364008e+05,4.012691341503350426e-03,9.305506545442462993e+02,5.003934053625797842e-05,2.484883494263416016e-03,1.421366124931620466e-03,5.640238030668505578e-05,1.465370622824929390e-12,7.014659666683157201e-23
4.670752711223924416e+05,3.633500157934233844e-03,9.299937169675195037e+02,4.524666749517619759e-05,2.250131106365706440e-03,1.286985855674164592e-03,5.113652728642800743e-05,1.112758597828792656e-12,6.715163073846423287e-23
4.697585321973484824e+05,3.290224195566354790e-03,9.294882493085818851e+02,4.091927084031155547e-05,2.037602033659840443e-03,1.165344795741958235e-03,4.635809448092557782e-05,8.433186138810278049e-13,6.454134939170003556e-23
4.724417932723045233e+05,2.979469370070183913e-03,9.290295786722080038e+02,3.701117764264010853e-05,1.845198116546346292e-03,1.055237052775537948e-03,4.202302246768071815e-05,6.379785990181819235e-13,6.225831070088216974e-23
4.751250543472605641e+05,2.698158902985397806e-03,9.286134385654003154e+02,3.348106624135316887e-05,1.671016994643777709e-03,9.555698241302452468e-04,3.809101748815910577e-05,4.818628130944069561e-13,6.025505344313543320e-23
4.778083154222166049e+05,2.443504464769898337e-03,9.282359370113443902e+02,3.029178086928042908e-05,1.513334362465179042e-03,8.653530497151601776e-04,3.452527135685256183e-05,3.634260258657264262e-13,5.849212071653537352e-23
4.804915764971726458e+05,2.212979780187997007e-03,9.278935265081397574e+02,2.740989879939770263e-05,1.370587728098352377e-03,7.836899588508855832e-04,3.129219416561388958e-05,2.737474878388008736e-13,5.693651806595697215e-23
4.831748375721286866e+05,2.004296516791560095e-03,9.275829758571848060e+02,2.480534414422472838e-05,1.241361567523516533e-03,7.097684440210876369e-04,2.836116089676982342e-05,2.059615681816036395e-13,5.556050223280929122e-23
4.858580986470847274e+05,1.815382284376124795e-03,9.273013438520961245e+02,2.245104309809652885e-05,1.124373771046841735e-03,6.428531974869594904e-04,2.570427258942415015e-05,1.548029671161116000e-13,5.434062328034230811e-23
4.885413597220407682e+05,1.644360581403348951e-03,9.270459547927299582e+02,2.032261600249360195e-05,1.018463282861075975e-03,5.822785500952652217e-04,2.329613232826773355e-05,1.162464344695011148e-13,5.325696222787711261e-23
4.912246207969968091e+05,1.489532533127785633e-03,9.268143757690346547e+02,1.839810214145331775e-05,9.225788397430778782e-04,5.274419551266455470e-04,2.111363602938556421e-05,8.722339987912000330e-14,5.229252053822122092e-23
4.939078818719529081e+05,1.349360275270571714e-03,9.266043956450045016e+02,1.665771364263615216e-05,8.357687201811774685e-04,4.777980636108516478e-04,1.913577777050600506e-05,6.540049225295320082e-14,5.143272829862573669e-23
4.965911429469089489e+05,1.222451846320423948e-03,9.264140056629719311e+02,1.508361527521597850e-05,7.571714206454340174e-04,4.328533411081849627e-04,1.734346924258152122e-05,4.900738394723543703e-14,5.066504574301662938e-23
4.992744040218649898e+05,1.107547460738001963e-03,9.262413815820392529e+02,1.365972730358357044e-05,6.860071811552076763e-04,3.921611794668149187e-04,1.571937277569220446e-05,3.670362314768768149e-14,4.997863860997162384e-23
5.018823301262835739e+05,1.006289334258498322e-03,9.260890555560852135e+02,1.240598443215649162e-05,6.232934979470397454e-04,3.563027363308526462e-04,1.428711552074891217e-05,2.770050587414645496e-14,4.938046074715923526e-23
5.044902562307021581e+05,9.143447762911461512e-04,9.259505649120143289e+02,1.126840591610162896e-05,5.663472769759138065e-04,3.237433452628699776e-04,1.298574811536285978e-05,2.089786620194468452e-14,4.884266075383264807e-23
5.070981823351207422e+05,8.308531347433704278e-04,9.258246523974338515e+02,1.023611033231827509e-05,5.146357030636679883e-04,2.941779992355311908e-04,1.180332209609228914e-05,1.576069762917554207e-14,4.835865212160836222e-23
5.097061084395392681e+05,7.550334639695459489e-04,9.257101743337832431e+02,9.299249521510296067e-06,4.676752804309665043e-04,2.673299639552176375e-04,1.072897004996831471e-05,1.188310154360549417e-14,4.792264828036801039e-23
5.123140345439578523e+05,6.861771604386463635e-04,9.256060905455411785e+02,8.448908676060544470e-06,4.250272803666041411e-04,2.429481612085932331e-04,9.752810178431076563e-06,8.957457057861214231e-15,4.752955216583496795e-23
5.149219606483764364e+05,6.236412713391164056e-04,9.255114551427330980e+02,7.677016335875690617e-06,3.862936041010235546e-04,2.208047920916722095e-04,8.865858803794018697e-06,6.750844626809332770e-15,4.717486313147594617e-23
5.175298867527950206e+05,5.668424163563654189e-04,9.254254080921343757e+02,6.976263274662188328e-06,3.511130241467181104e-04,2.006931786794508444e-04,8.059950250447233045e-06,5.087052425985302314e-15,4.685459815656271876e-23
5.201378128572136047e+05,5.152512678204757479e-04,9.253471675159674987e+02,6.340029368472528432e-06,3.191577703935438606e-04,1.824258044993666767e-04,7.327663555259706432e-06,3.832867694961664437e-15,4.656522488888614152e-23
5.227457389616321889e+05,4.683875390384821579e-04,9.252760226604278841e+02,5.762317635361444624e-06,2.901304300665145074e-04,1.658325358466134533e-04,6.662255487105143612e-06,2.887648981539868400e-15,4.630360452575173289e-23
5.253536650660508312e+05,4.258154349077516998e-04,9.252113274799576175e+02,5.237694721071053853e-06,2.637611332727187049e-04,1.507590075288405180e-04,6.057599382946039149e-06,2.175405100141918125e-15,4.606694290724073072e-23
5.279615911704692990e+05,3.871395228681283459e-04,9.251524947867442279e+02,4.761237182116050110e-06,2.398049982899154507e-04,1.370651580579255698e-04,5.508129336532489324e-06,1.638785647204671920e-15,4.585274849187698506e-23
5.305695172748878831e+05,3.520009859059988126e-04,9.250989909184123690e+02,4.328482985598771554e-06,2.180398129906659219e-04,1.246239006237198372e-04,5.008789304779736567e-06,1.234526752956836606e-15,4.565879612276830841e-23
5.331774433793064672e+05,3.200742226897785626e-04,9.250503308802528863e+02,3.935387705546360203e-06,1.982639308620074933e-04,1.133199173955723812e-04,4.554986725722352693e-06,9.300030153797315825e-16,4.548309568400698656e-23
5.357853694837250514e+05,2.910637630106787700e-04,9.250060739215740568e+02,3.578284949399642046e-06,1.802943619816322555e-04,1.030485658087590238e-04,4.142550270187246976e-06,7.006191660633964178e-16,4.532386490239715654e-23
5.383932955881436355e+05,2.647014695422713823e-04,9.249658195088487673e+02,3.253850596272274322e-06,1.639650410574222932e-04,9.371488651138471838e-05,3.767691376664236884e-06,5.278384461408850533e-16,4.517950567572039117e-23
5.410012216925622197e+05,2.407439995345117946e-04,9.249292036612490620e+02,2.959070471400899319e-06,1.491252562382415416e-04,8.523270357939606503e-05,3.426969245075580434e-06,3.976932510498730051e-16,4.504858341161653029e-23
5.436091477969808038e+05,2.189705024392718275e-04,9.248958956169084331e+02,2.691211119428912025e-06,1.356382238700440759e-04,7.752380845940565928e-05,3.117258990093503429e-06,2.996607277028191356e-16,4.492980894539181259e-23
5.462170739013993880e+05,1.991805316413025422e-04,9.248655948008265568e+02,2.447793373316512162e-06,1.233797957123975960e-04,7.051721987711376553e-05,2.835722678248857126e-06,2.258143217999983355e-16,4.482202267420720623e-23
5.488250000058179721e+05,1.811921504564054412e-04,9.248380280677347400e+02,2.226568446214500175e-06,1.122372863557571297e-04,6.414851265900412534e-05,2.579782995259489068e-06,1.701838295790223191e-16,4.472418060218800711e-23
5.514329261102365563e+05,1.648402143721982975e-04,9.248129471954727023e+02,2.025496300977047049e-06,1.021084096981902554e-04,5.835920906212513668e-05,2.347099310777585330e-06,1.282728945797610341e-16,4.463534203810718974e-23
5.540408522146551404e+05,1.499748131601379771e-04,9.247901266065003938e+02,1.842726076476006355e-06,9.290031436018482359e-05,5.309622679625754308e-05,2.135545927122920975e-06,9.669532898802763686e-17,4.455465872649902479e-23
5.566487783190737246e+05,1.364598579934930551e-04,9.247693612970847425e+02,1.676578371829587419e-06,8.452870884562235061e-05,4.831137845940000744e-05,1.943192316568199821e-06,7.290107021991438177e-17,4.448136522560268626e-23
5.592567044234923087e+05,1.241718000769655769e-04,9.247504649554687148e+02,1.525529209348774517e-06,7.691706810340637342e-05,4.396091759573579627e-05,1.768285168419687735e-06,5.496972630744281371e-17,4.441477037285498249e-23
5.618646305279108929e+05,1.129984685410310649e-04,9.247332682519609079e+02,1.388195514677548149e-06,6.999591391456163323e-05,4.000512702919866370e-05,1.609232082551758638e-06,4.145506841306329563e-17,4.435424970142707140e-23
5.644725566323294770e+05,1.028380164883697587e-04,9.247176172853787648e+02,1.263321968477424514e-06,6.370216223031451702e-05,3.640794552927820404e-05,1.464586760268347410e-06,3.126791499452801725e-17,4.429923869049993377e-23
5.670804827367480611e+05,9.359796511077065739e-05,9.247033721716551327e+02,1.149769098272513490e-06,5.797853122371385488e-05,3.313662923231327665e-05,1.333035556447410006e-06,2.358793920130648247e-17,4.424922674821731170e-23
5.696884088411666453e+05,8.519433673163911145e-05,9.246904057616791306e+02,1.046502491899363798e-06,5.277300439629413101e-05,3.016144457448291792e-05,1.213385268944905727e-06,1.779726182840988801e-17,4.420375183991353434e-23
5.722963349455852294e+05,7.755086848003199139e-05,9.246786024765931415e+02,9.525830255462480921e-07,4.803834360720850560e-05,2.745538979500104280e-05,1.104552052262760744e-06,1.343045090199102014e-17,4.416239568587554482e-23
5.749042610500038136e+05,7.059829907462916113e-05,9.246678572498283302e+02,8.671580097555043351e-07,4.373164736987241520e-05,2.499394234240360883e-05,1.005551352587493670e-06,1.013687546182764863e-17,4.412477946280014228e-23
5.775121871544223977e+05,6.427372189723336965e-05,9.246580745661213996e+02,7.894531661164572514e-07,3.981395019475757256e-05,2.275482976579969958e-05,9.154887705519799114e-07,7.652361163441656561e-18,4.409055995155384415e-23
5.801201132588409819e+05,5.851999817169813541e-05,9.246491675886393296e+02,7.187653558054769898e-07,3.624985915052136089e-05,2.071782189884278222e-05,8.335517665227378039e-07,5.777849011558736019e-18,4.405942608111509323e-23
5.827280393632595660e+05,5.328522464149112759e-05,9.246410573661416947e+02,6.544559887251549152e-07,3.300722417276072846e-05,1.886454234906741426e-05,7.590021309334640347e-07,4.363326380650968647e-18,4.403109582478111213e-23
5.853359654676781502e+05,4.852225066278019228e-05,9.246336721128429872e+02,5.959450488441739157e-07,3.005683897365298593e-05,1.717829749105250062e-05,6.911691492272354853e-07,3.295727195702350584e-18,4.400531341010037024e-23
5.879438915720967343e+05,4.418824010488383534e-05,9.246269465543053911e+02,5.427056775165569636e-07,2.737216969960979738e-05,1.564392133036352571e-05,6.294433973914611912e-07,2.489820249370612804e-18,4.398184680859760914e-23
5.905518176765153185e+05,4.024427388062965839e-05,9.246208213333022741e+02,4.942592621332425208e-07,2.492910875058188842e-05,1.424763475799234267e-05,5.732711099203067999e-07,1.881347158664014807e-18,4.396048547541403322e-23
5.931597437809339026e+05,3.665498931968777513e-05,9.246152424701426753e+02,4.501709824893171982e-07,2.270575141632617491e-05,1.297691785350279587e-05,5.221490673680663657e-07,1.421854050522601142e-18,4.394103831242501615e-23
5.957676698853524867e+05,3.338825295200344547e-05,9.246101608724565040e+02,4.100457717922756100e-07,2.068219320407169824e-05,1.182039402063166408e-05,4.756199555067320762e-07,1.074798512036028326e-18,4.392333183147139712e-23
5.983755959897710709e+05,3.041486358941993258e-05,9.246055318898943369e+02,3.735246533380906762e-07,1.884034593068246484e-05,1.076772485288491077e-05,4.332681525136503425e-07,8.126167999842229136e-19,4.390720849695172530e-23
6.009835220941896550e+05,2.770828288453084282e-05,9.246013149096137340e+02,3.402814175870509861e-07,1.716377083251059227e-05,9.809514729804842467e-06,3.947159046277422000e-07,6.145141769063964293e-19,4.389252522936420766e-23
6.035914481986082392e+05,2.524439080952344951e-05,9.245974729888048387e+02,3.100196077188946730e-07,1.563752710938468739e-05,8.937224238058623786e-06,3.596198543607765711e-07,4.647998536676960924e-19,4.387915205343148792e-23
6.061993743030267069e+05,2.300126373680465511e-05,9.245939725208498885e+02,2.824697847720427098e-07,1.424803446715580026e-05,8.143091596210986187e-06,3.276678886654733776e-07,3.516321350236679628e-19,4.386697087617780712e-23
6.088073004074452911e+05,2.095897301984740146e-05,9.245907829320265137e+02,2.573870462066944442e-07,1.298294835734875206e-05,7.420061338817616818e-06,2.985762774740719116e-07,2.660725709705194764e-19,4.385587438196373195e-23
6.114152265118638752e+05,1.909940216904434829e-05,9.245878764059476680e+02,2.345487742039244713e-07,1.183104673403347496e-05,6.761719585049711719e-06,2.720870757570351942e-07,2.013729118857106625e-19,4.384576503281079961e-23
6.140231526162824593e+05,1.740608089530774479e-05,9.245852276331894473e+02,2.137525922490650856e-07,1.078212725821165835e-05,6.162235280111054622e-06,2.479657647358154063e-07,1.524374810614827425e-19,4.383655416362526163e-23
6.166310787207010435e+05,1.586403445543578089e-05,9.245828135837946320e+02,1.948145105699307082e-07,9.826913979877596313e-06,5.616306854848609699e-06,2.259991101395250005e-07,1.154177430266388435e-19,4.382816116299731089e-23
6.192390048251196276e+05,1.445964687942703666e-05,9.245806133005501124e+02,1.775672428299578703e-07,8.956972618416412780e-06,5.119113800737617379e-06,2.059932174429630829e-07,8.740651051781882648e-20,4.382051273121373659e-23
6.218469309295382118e+05,1.318053679239967663e-05,9.245786077111316672e+02,1.618586781316688797e-07,8.164633644035573906e-06,4.666272704350199620e-06,1.877717658821681552e-07,6.620726286007876962e-20,4.381354220795928567e-23
6.244548570339567959e+05,1.201544466383100380e-05,9.245767794573844185e+02,1.475504938838180358e-07,7.442922437272068146e-06,4.253797327944618745e-06,1.711744047304474956e-07,5.016009534624378489e-20,4.380718896301829730e-23
6.270627831383753801e+05,1.095413042564056233e-05,9.245751127401673557e+02,1.345168964411992718e-07,6.785495870998485118e-06,3.878062361352381297e-06,1.560552968484603220e-07,3.801037324103384590e-20,4.380139784385076825e-23
6.296707092427939642e+05,9.987280499276493322e-06,9.245735931783352726e+02,1.226434776534967234e-07,6.186584720435362900e-06,3.535770505276610191e-06,1.422817959109943910e-07,2.880959424204813576e-20,4.379611867466509200e-23
6.322786353472125484e+05,9.106423361337498691e-06,9.245722076805608367e+02,1.118261765703299694e-07,5.640941362025163202e-06,3.223922577768954519e-06,1.297332449730285947e-07,2.184054728870132453e-20,4.379130580200396315e-23
6.348865614516311325e+05,8.303852858297005443e-06,9.245709443288225202e+02,1.019703365557796431e-07,5.143792272208778071e-06,2.939790364351359840e-06,1.182998851810711731e-07,1.656080252241451116e-20,4.378691768249005095e-23
6.371443577051053289e+05,7.666833624656564051e-06,9.245699408415072185e+02,9.414756876992424091e-08,4.749193208355842057e-06,2.714267937122529721e-06,1.092249104082562137e-07,1.303492036905685100e-20,4.378343247949827341e-23
6.394021539585795254e+05,7.079063161653683490e-06,9.245690143069587066e+02,8.692962534696273545e-08,4.385101065970137014e-06,2.506180973002794939e-06,1.008514973337781740e-07,1.026134012562179843e-20,4.378021478004260224e-23
6.416599502120537218e+05,6.536704751557639486e-06,9.245681587783161604e+02,8.026938220681949044e-08,4.049139213466076237e-06,2.314171159647654836e-06,9.312499623708000269e-08,8.079203060926128987e-21,4.377724387644234344e-23
6.439177464655279182e+05,6.036222834927915640e-06,9.245673687717786606e+02,7.412341500299821011e-08,3.739117569150169210e-06,2.136986804505367835e-06,8.599504626937395212e-08,6.362118273854497310e-21,4.377450067863465663e-23
6.461755427190021146e+05,5.574359196025281548e-06,9.245666392302809982e+02,6.845170644298247067e-08,3.453017849597442479e-06,1.973474403563765052e-06,7.941523642108668934e-08,5.010761751426932267e-21,4.377196758651057877e-23
6.484333389724763110e+05,5.148111045085274233e-06,9.245659654900402984e+02,6.321737693838415720e-08,3.188979992996051172e-06,1.822570881674599764e-06,7.334279347623559306e-08,3.947067813115235977e-21,4.376962837246344320e-23
6.506911352259505074e+05,4.754710845292404917e-06,9.245653432497434778e+02,5.838643671075826083e-08,2.945289663209605370e-06,1.683296450580501833e-06,6.773829479153622392e-08,3.109669636569358399e-21,4.376746807329351061e-23
6.529489314794247039e+05,4.391607744599817644e-06,9.245647685421656661e+02,5.392755763100250716e-08,2.720366747929113410e-06,1.554748035127213749e-06,6.256540391248540406e-08,2.450319718210352739e-21,4.376547289074498983e-23
6.552067277328989003e+05,4.056450483814796662e-06,9.245642377080278038e+02,4.981186320939898102e-08,2.512754771270260519e-06,1.436093222136511091e-06,5.779062719862436365e-08,1.931079230886059739e-21,4.376363009993301780e-23
6.574645239863730967e+05,3.747071662738782132e-06,9.245637473719137915e+02,4.601273528130794805e-08,2.321111147593880199e-06,1.326564690086325106e-06,5.338308977726714561e-08,1.522110779885910835e-21,4.376192796506804970e-23
6.592617616476914845e+05,3.517892331392678594e-06,9.245633839237095799e+02,4.319845192550059281e-08,2.179146809797240850e-06,1.245428968772842196e-06,5.011810089709398208e-08,1.259575920389913520e-21,4.376066634580468732e-23
6.610589993090098724e+05,3.302841648771884445e-06,9.245630426985936765e+02,4.055767081696280014e-08,2.045934409360746207e-06,1.169295178509809490e-06,4.705439008436455195e-08,1.042427925597477937e-21,4.375948190061213450e-23
6.628562369703282602e+05,3.101041763767448719e-06,9.245627223269485739e+02,3.807961121964879797e-08,1.920930165348655013e-06,1.097852535237311935e-06,4.417945196183243722e-08,8.628023425609661841e-22,4.375836986942502360e-23
6.646534746316466480e+05,2.911669790592524857e-06,9.245624215242257833e+02,3.575416748513297287e-08,1.803624344779589413e-06,1.030809714238336673e-06,4.148156408946526809e-08,7.142005397098851615e-22,4.375732578828239846e-23
6.664507122929650359e+05,2.733954340978619900e-06,9.245621390856217658e+02,3.357186645269275652e-08,1.693539114523476498e-06,9.678936224259777693e-07,3.894973757647220779e-08,5.912519695445197641e-22,4.375634547073705381e-23
6.682479499542834237e+05,2.567172276797250256e-06,9.245618738810895820e+02,3.152382755816284199e-08,1.590226529738238793e-06,9.088482486692250478e-07,3.657367083162330151e-08,4.895179046305703572e-22,4.375542499046019370e-23
6.700451876156018116e+05,2.410645668992448929e-06,9.245616248506642023e+02,2.960172547798764806e-08,1.493266650103292810e-06,8.534335871601402887e-07,3.434370625102731152e-08,4.053293959275076420e-22,4.375456066493270513e-23
6.718424252769201994e+05,2.263738949621322138e-06,9.245613910000831766e+02,2.779775514613172530e-08,1.402265775671633966e-06,8.014246291480682899e-07,3.225078965548754135e-08,3.356534729570225639e-22,4.375374904016052242e-23
6.736396629382385872e+05,2.125856244653687022e-06,9.245611713966828802e+02,2.610459899202067076e-08,1.316854794691158519e-06,7.526104186688171042e-07,3.028643230169065246e-08,2.779826527121542670e-22,4.375298687638195008e-23
6.750173164971079677e+05,2.025923408118422564e-06,9.245610121599517015e+02,2.487745646775212554e-08,1.254951731727660783e-06,7.172314902454468309e-07,2.886272967756236851e-08,2.405957275083763241e-22,4.375243423150141858e-23
6.763949700559773482e+05,1.930726291982976835e-06,9.245608604070790761e+02,2.370846798454067916e-08,1.195982194058332258e-06,6.835291359418598928e-07,2.750649399824375353e-08,2.082493578497147876e-22,4.375190756631804268e-23
6.777726236148467287e+05,1.840038681438779992e-06,9.245607157834914460e+02,2.259485556680751027e-08,1.139806053804736055e-06,6.514232694624344006e-07,2.621450260480164490e-08,1.802623240916981171e-22,4.375140564937751640e-23
6.791502771737162257e+05,1.753645252654316082e-06,9.245605779515483391e+02,2.153397499093098840e-08,1.086289929453595542e-06,6.208376602264736090e-07,2.498368798331578728e-08,1.560456932818556428e-22,4.375092730808817824e-23
6.805279307325856062e+05,1.671341044359975461e-06,9.245604465897271211e+02,2.052330929504959754e-08,1.035306858533223078e-06,5.916997462935082614e-07,2.381113023819431941e-08,1.350902869800972016e-22,4.375047142588111095e-23
6.819055842914549867e+05,1.592930955267656886e-06,9.245603213918479923e+02,1.956046260624387658e-08,9.867359862930624986e-07,5.639404564349404260e-07,2.269404993340978419e-08,1.169558549315862188e-22,4.375003693951261114e-23
6.832832378503243672e+05,1.518229266036882350e-06,9.245602020663355916e+02,1.864315426926888512e-08,9.404622695883544492e-07,5.374940408959467919e-07,2.162980128331206821e-08,1.012617218471395649e-22,4.374962283649471735e-23
6.846608914091938641e+05,1.447059184621633503e-06,9.245600883355170936e+02,1.776921326250639297e-08,8.963761952478062104e-07,5.122979104348960340e-07,2.061586567642467027e-08,8.767870638767039389e-23,4.374922815265247406e-23
6.854984961284116143e+05,1.405442700749558954e-06,9.245600218098146570e+02,1.725817921483597295e-08,8.705970000814261213e-07,4.975645517104814503e-07,2.002296974281515170e-08,8.032964835089880936e-23,4.374899728789975458e-23
6.863361008476293646e+05,1.365032979289360584e-06,9.245599571970967645e+02,1.676196390384881006e-08,8.455653297851081855e-07,4.832584196254021541e-07,1.944726597500148432e-08,7.359816946362140582e-23,4.374877306292892696e-23
6.871737055668471148e+05,1.325794741844050711e-06,9.245598944418999281e+02,1.628013411018729728e-08,8.212593312854530068e-07,4.693670246602626368e-07,1.888825178814774688e-08,6.743223770521437664e-23,4.374855528516669217e-23
6.880113102860649815e+05,1.287693749650466517e-06,9.245598334903819477e+02,1.581226938176089853e-08,7.976577955058694693e-07,4.558782453550803569e-07,1.834543940775587796e-08,6.178421605876609838e-23,4.374834376767631124e-23
6.888489150052827317e+05,1.250696772701292339e-06,9.245597742902738219e+02,1.535796165451719309e-08,7.747401382393712846e-07,4.427803173775867839e-07,1.781835542981707044e-08,5.661049033305298582e-23,4.374813832898085206e-23
6.896865197245004820e+05,1.214771559780211426e-06,9.245597167908335905e+02,1.491681488442853943e-08,7.524863815870068934e-07,4.300618229148062431e-07,1.730654039396951234e-08,5.187112857939977574e-23,4.374793879291302585e-23
6.905241244437183486e+05,1.179886809398405789e-06,9.245596609428015427e+02,1.448844469055118526e-08,7.308771359546222522e-07,4.177116803837390180e-07,1.680954836949321632e-08,4.752956941687053326e-23,4.374774498845334510e-23
6.909429268033271655e+05,1.162825078694264868e-06,9.245596336230644283e+02,1.427893379452179332e-08,7.203083020875741581e-07,4.116713675783660230e-07,1.656647523380279547e-08,4.549739131891244211e-23,4.374765018350286850e-23
6.913617291629360989e+05,1.146012141642469422e-06,9.245596066983564469e+02,1.407247800927765482e-08,7.098935826141916200e-07,4.057191344647124417e-07,1.632694655428769059e-08,4.355233680998515761e-23,4.374755674957806749e-23
6.917805315225449158e+05,1.129444340256687036e-06,9.245595801629176549e+02,1.386903241501781016e-08,6.996307116079430322e-07,3.998536860157011329e-07,1.609091021802506241e-08,4.169066065075726857e-23,4.374746466668113243e-23
6.921993338821538491e+05,1.113118070773620910e-06,9.245595540110729189e+02,1.366855275782043555e-08,6.895174567305372561e-07,3.940737464007155285e-07,1.585831488454774164e-08,3.990877903276063491e-23,4.374737391511268817e-23
6.926181362417627824e+05,1.097029782844802154e-06,9.245595282372304382e+02,1.347099543971677653e-08,6.795516187312840552e-07,3.883780586994698393e-07,1.562910997433146312e-08,3.820326260191923093e-23,4.374728447545834642e-23
6.930369386013715994e+05,1.081175978727637108e-06,9.245595028358807212e+02,1.327631750875647559e-08,6.697310309459926864e-07,3.827653846156168392e-07,1.540324565727110162e-08,3.657082978302826369e-23,4.374719632859173264e-23
6.935500801529436139e+05,1.062065571588657095e-06,9.245594722124915279e+02,1.304164992029750129e-08,6.578931508967891599e-07,3.759997852965775150e-07,1.513098547499300524e-08,3.466571693270574565e-23,4.374709006061728776e-23
6.940632217045156285e+05,1.043295781556153231e-06,9.245594421303436548e+02,1.281116499990618550e-08,6.462662649789571406e-07,3.693547736521801759e-07,1.486357792510971045e-08,3.286011526247529953e-23,4.374698567107967691e-23
6.942873340031403350e+05,1.035203462318385196e-06,9.245594291594468359e+02,1.271179482349901904e-08,6.412535039073674248e-07,3.664898745103472117e-07,1.474828907717159712e-08,3.210140984025731426e-23,4.374694066020886809e-23
6.945114463017650414e+05,1.027174442365712747e-06,9.245594162891546830e+02,1.261320194152496473e-08,6.362799533673066977e-07,3.636473850283151938e-07,1.463390202856583947e-08,3.136027065519082035e-23,4.374689599849602203e-23
6.947355586003897479e+05,1.019208222425465379e-06,9.245594035186803694e+02,1.251538022297742338e-08,6.313453040860834397e-07,3.608271284499458009e-07,1.452040966645866515e-08,3.063628987697223862e-23,4.374685168320845527e-23
6.949596708990144543e+05,1.011304307202928570e-06,9.245593908472430940e+02,1.241832358569985676e-08,6.264492492551343474e-07,3.580289294274077594e-07,1.440780493468655478e-08,2.992906917039096591e-23,4.374680771163589513e-23
6.951837831976391608e+05,1.003462205313552981e-06,9.245593782740683082e+02,1.232202599555404262e-08,6.215914844880332057e-07,3.552526139971759004e-07,1.429608083278973103e-08,2.923821947049857143e-23,4.374676408108993901e-23
6.952061944275015267e+05,1.002681376058593866e-06,9.245593770221256591e+02,1.231243775327819229e-08,6.211078023196464134e-07,3.549761793962489239e-07,1.428495658942024045e-08,2.917002019843640801e-23,4.374675973668827819e-23
6.952286056573637761e+05,1.001901159574021907e-06,9.245593757711571925e+02,1.230285703561744936e-08,6.206244997298412500e-07,3.546999617326164090e-07,1.427384107594681857e-08,2.910198045399871481e-23,4.374675539566795625e-23
6.952510168872261420e+05,1.001121555374907142e-06,9.245593745211621126e+02,1.229328383661689262e-08,6.201415764182291277e-07,3.544239608346001298e-07,1.426273428546099684e-08,2.903409986297757987e-23,4.374675105802557603e-23
6.952734281170885079e+05,1.000342562976710938e-06,9.245593732721396236e+02,1.228371815032651433e-08,6.196590320846644508e-07,3.541481765306601914e-07,1.425163621105978430e-08,2.896637805204481358e-23,4.374674672376014422e-23
6.952756692400748143e+05,1.000264697367299244e-06,9.245593731472908985e+02,1.228276199466759187e-08,6.196107984835524323e-07,3.541206100063403458e-07,1.425052688273873852e-08,2.895961458950962225e-23,4.374674629051901176e-23
6.952779103630612371e+05,1.000186837870571330e-06,9.245593730224518367e+02,1.228180591407041474e-08,6.195625686689223747e-07,3.540930456460759662e-07,1.424941764150264227e-08,2.895285271067816753e-23,4.374674585731106939e-23
6.952801514860476600e+05,1.000108984486042481e-06,9.245593728976224384e+02,1.228084990852892799e-08,6.195143426404733696e-07,3.540654834496955285e-07,1.424830848734466967e-08,2.894609241517837021e-23,4.374674542413802156e-23
6.952823926090339664e+05,1.000031137213231370e-06,9.245593727728028171e+02,1.227989397803723878e-08,6.194661203979076847e-07,3.540379234170285144e-07,1.424719942025797000e-08,2.893933370264012002e-23,4.374674499099704710e-23
6.952826167213330045e+05,1.000023352822075506e-06,9.245593727603213665e+02,1.227979838911569449e-08,6.194612983818630591e-07,3.540351675327588459e-07,1.424708851833782346e-08,2.893865791843313691e-23,4.374674494768634566e-23
6.952828408336321590e+05,1.000015568492031798e-06,9.245593727478400297e+02,1.227970280094443611e-08,6.194564764036737122e-07,3.540324116701249401e-07,1.424697761728846649e-08,2.893798215005365627e-23,4.374674490437440407e-23
6.952830649459311971e+05,1.000007784223099188e-06,9.245593727353588065e+02,1.227960721352365389e-08,6.194516544633396442e-07,3.540296558291261615e-07,1.424686671710968568e-08,2.893730639749922131e-23,4.374674486106245660e-23
6.952831770020807162e+05,1.000003892103910711e-06,9.245593727291181949e+02,1.227955942000087644e-08,6.194492435026359799e-07,3.540282779140355805e-07,1.424681126723794138e-08,2.893696852649227397e-23,4.374674483940712351e-23
