 z(m),p_tot(bar),T(K),p_H2O(bar),p_CO2(bar),p_CO(bar),p_H2(bar),p_CH4(bar),p_O2(bar)
0.000000000000000000e+00,1.725403053118000116e+02,3.754588756503130298e+03,1.927228879686370533e+01,7.987014008137492738e+01,5.039623714017662337e+01,1.451226922266267927e+00,7.459734289193922758e-10,2.155041237037256252e+01
8.435352068145787143e+02,1.709127915372642121e+02,3.749082310565683201e+03,1.910812092160328746e+01,7.934322809733698989e+01,4.976597115165622398e+01,1.431304348318167330e+00,7.199047782590525683e-10,2.126416701762961026e+01
8.937954465890792562e+03,1.563689127260432770e+02,3.696376327218938059e+03,1.764012917955691506e+01,7.463624593642516913e+01,4.413231836510236406e+01,1.254249107292288334e+00,5.125540832186924546e-10,1.870597013715400436e+01
1.703237372496700482e+04,1.428420189264953422e+02,3.643802612515230521e+03,1.625927794429749795e+01,7.008338664504906035e+01,3.901174451069742588e+01,1.096195614350902847e+00,3.624510541420700543e-10,1.639141421173802726e+01
2.330336648229106140e+04,1.330268240322676547e+02,3.603162578915108043e+03,1.524713994336281253e+01,6.666221223896906167e+01,3.537634816561821793e+01,9.857342309103245270e-01,2.757908380889050789e-10,1.475538945313146932e+01
2.957435923961511799e+04,1.237649200017900597e+02,3.562601011135345743e+03,1.428356576563646030e+01,6.333384382379526301e+01,3.201410191884321677e+01,8.849273989853372324e-01,2.089564641728633731e-10,1.324848109432082843e+01
3.584535199693917093e+04,1.150325857901116109e+02,3.522117409533797399e+03,1.336697820120949842e+01,6.009854817392000825e+01,2.891044254059234575e+01,7.930779671089006611e-01,1.576315409090658708e-10,1.186353890712321579e+01
4.211634475426322751e+04,1.068067985061484251e+02,3.481711213111777852e+03,1.249583098296923289e+01,5.695664801792196386e+01,2.605118578990733269e+01,7.095270342220548754e-01,1.183882928683131126e-10,1.059360668100947045e+01
4.838733751158728410e+04,9.906521638429305199e+01,3.441381797224513321e+03,1.166860754886061535e+01,5.390850330562632564e+01,2.342252930428569613e+01,6.336526669696660452e-01,8.851590393818679210e-11,9.431923558462230517e+00
5.465833026891134068e+04,9.178616260899096346e+01,3.401128471319600976e+03,1.088381984853974771e+01,5.095449165965127492e+01,2.101105657895821466e+01,5.648686162141655087e-01,6.587967734790387822e-11,8.371925905561694137e+00
6.092932302623539726e+04,8.494861000552477037e+01,3.360950476711970168e+03,1.014000720285609880e+01,4.809498820431569044e+01,1.880374190973357429e+01,5.026230349573644896e-01,4.880593431771024012e-11,7.407249653613273033e+00
6.720031578355946112e+04,7.853216660468707744e+01,3.320846984402145608e+03,9.435735225391425729e+00,4.533034499291440511e+01,1.678795615042430711e+01,4.463971998997297574e-01,3.598832852467321231e-11,6.531733036021229566e+00
7.347130854088350316e+04,7.251706208247044572e+01,3.280817092943001171e+03,8.769594815870199511e+00,4.266087027965263445e+01,1.495147311432622672e+01,3.957042388753823636e-01,2.641190990399575394e-11,5.739419633719577085e+00
7.856778991363247042e+04,6.791091673040497767e+01,3.248338052173600772e+03,8.255348299307229354e+00,4.056164090266037192e+01,1.358285045402546842e+01,3.582651421386990331e-01,2.046834789196475230e-11,5.152811932252745919e+00
8.366427128638143768e+04,6.354719126217342051e+01,3.215906420012832314e+03,7.764640541781487215e+00,3.852552291273608631e+01,1.231870321343139807e+01,3.239479481449809017e-01,1.581241506308058321e-11,4.614376646063661269e+00
8.876075265913039038e+04,5.941614765560782274e+01,3.183521601305158129e+03,7.296749714322166014e+00,3.655256302782088085e+01,1.115307544033797704e+01,2.925344112906623217e-01,1.217714625634521274e-11,4.121225061823955649e+00
9.385723403187935764e+04,5.550830073691751210e+01,3.151182966096989730e+03,6.850963756781134784e+00,3.464275738323783571e+01,1.008019808996151667e+01,2.638182044741532173e-01,9.348206482176129263e-12,3.670563302453514254e+00
9.895371540462832490e+04,5.181441470856868392e+01,3.118889848953906494e+03,6.426580180888885607e+00,3.279604518591663265e+01,9.094491415726546180e+00,2.376044868576699109e-01,7.154098459928742490e-12,3.259693439171801099e+00
1.040501967773772776e+05,4.832549988986836098e+01,3.086641548284034343e+03,6.022905909057225671e+00,3.101230277938509872e+01,8.190567204971967996e+00,2.137094765585708656e-01,5.458074362826158043e-12,2.886014519890048202e+00
1.091466781501262449e+05,4.503280965764164989e+01,3.054437325662965577e+03,5.639257150562667853e+00,2.929133818690494806e+01,7.363230805041451887e+00,1.919600286789193422e-01,4.151477466369811971e-12,2.547023486449517815e+00
1.142431595228751976e+05,4.192783757265715394e+01,3.022276405154313125e+03,5.274959316440663848e+00,2.763288619682745662e+01,6.607482886448508452e+00,1.721932190560656328e-01,3.148279631916929293e-12,2.240315953881315547e+00
1.193396408956241648e+05,3.900231467578856837e+01,2.990157972618555505e+03,4.929346974073196996e+00,2.603660404987816079e+01,5.918520891814307738e+00,1.542559340890391206e-01,2.380615523006583429e-12,1.963586825931473934e+00
1.244361222683731321e+05,3.624820693633190416e+01,2.958081175001165320e+03,4.601763842070128341e+00,2.450206778275483899e+01,5.291740122006836522e+00,1.380044669652022438e-01,1.795144745923784277e-12,1.714630722533107887e+00
1.295326036411220848e+05,3.365771283345063836e+01,2.926045119589211481e+03,4.291562825635634404e+00,2.302876927623735170e+01,4.722734414313396023e+00,1.233041205778743210e-01,1.350099269828247149e-12,1.491342196685033095e+00
1.346290850138710521e+05,3.122326105041956978e+01,2.894048873223561259e+03,3.998106092188592253e+00,2.161611404915392143e+01,4.207296371435533366e+00,1.100288173873922443e-01,1.012896005592073316e-12,1.291715720253119093e+00
1.397255663866200193e+05,2.893750826020288613e+01,2.862091461451642772e+03,3.720765186584950257e+00,2.026341983224652665e+01,3.741417104466344234e+00,9.806071643250627301e-02,7.582137481084892652e-13,1.113845420471801573e+00
1.448220477593689575e+05,2.679333697993668650e+01,2.830171867603405190e+03,3.458921184889526490e+00,1.896991594851476393e+01,3.321285457601745428e+00,8.728983764282619018e-02,5.664502114300934716e-13,9.559245512872583950e-01
1.483010527722816623e+05,2.540742559406797341e+01,2.808403809769728923e+03,3.288765624114880826e+00,1.812048875453717400e+01,3.058900299235397746e+00,8.057196988235668100e-02,4.637665311538292162e-13,8.586989462976999388e-01
1.517800577851943381e+05,2.408213826201230390e+01,2.786652532460495422e+03,3.125356128683946189e+00,1.729794818508094423e+01,2.815046602750857829e+00,7.433340411886535382e-02,3.794501604720154252e-13,7.694539413773122671e-01
1.552590627981070138e+05,2.281538936966902753e+01,2.764917676884315370e+03,2.968503764945519929e+00,1.650197896070161008e+01,2.588668595788622628e+00,6.854495928955273154e-02,3.103036248385172929e-13,6.876930889434065275e-01
1.587380678110197186e+05,2.160514081821669663e+01,2.743198874229266039e+03,2.818021837656205619e+00,1.573224746677995967e+01,2.378751988137761231e+00,6.317889827596588626e-02,2.536661765355299263e-13,6.129406273665539695e-01
1.622170728239323944e+05,2.044940171086496505e+01,2.721495745443835858e+03,2.673725934174218111e+00,1.498840218572030381e+01,2.184323495520227532e+00,5.820887670767069255e-02,2.073276902699575020e-13,5.447412187423410490e-01
1.656960778368450701e+05,1.934622803422520931e+01,2.699807900999082904e+03,2.535433971670353337e+00,1.427007421535323495e+01,2.004450300178577837e+00,5.360989240895248920e-02,1.694556383421782067e-13,4.826596546139179655e-01
1.691750828497577459e+05,1.829372233252150082e+01,2.678134940631103291e+03,2.402966247250115650e+00,1.357687787373361488e+01,1.838239447058030329e+00,4.935823543261096819e-02,1.385332839934581654e-13,4.262805290469930397e-01
1.726540878626704507e+05,1.729003337298263077e+01,2.656476453062889050e+03,2.276145490924123660e+00,1.290841139080265876e+01,1.684837174259881776e+00,4.543143860780600451e-02,1.133074764704689813e-13,3.752078783880463120e-01
1.746669822495301196e+05,1.673089831341654588e+01,2.643951656606461711e+03,2.205279209113394590e+00,1.253277811695494925e+01,1.601608888495906990e+00,4.329941535343290182e-02,1.009000531355497810e-13,3.479326834987611083e-01
1.766798766363897885e+05,1.618715717874420079e+01,2.631431480179932350e+03,2.136211276941680115e+00,1.216520100573907470e+01,1.522242627128406189e+00,4.126505539530155031e-02,8.987900345372145356e-14,3.222372135396478487e-01
1.786927710232494574e+05,1.565847234534888344e+01,2.618915838842746325e+03,2.068908518551838771e+00,1.180559547847500390e+01,1.446590424690446852e+00,3.932454014587152130e-02,8.009140653503728726e-14,2.980533834856418096e-01
1.807056654101091262e+05,1.514451124250866698e+01,2.606404646308281826e+03,2.003338051481900806e+00,1.145387546198112538e+01,1.374508421474329056e+00,3.747417303615209472e-02,7.140076446875732340e-14,2.753151345350913215e-01
1.827185597969688242e+05,1.464494632728646017e+01,2.593897814921659119e+03,1.939467290815141576e+00,1.110995345616521668e+01,1.305856802251603721e+00,3.571037636959491918e-02,6.368530564577729921e-14,2.539584016848427384e-01
1.847314541838284931e+05,1.415945505877068555e+01,2.581395255637370155e+03,1.877263953439491040e+00,1.077374060505361619e+01,1.240499732214328077e+00,3.402968817159564979e-02,5.683645482902075535e-14,2.339210798915998812e-01
1.867443485706881620e+05,1.368771987160528347e+01,2.568896877996983221e+03,1.816696062414038026e+00,1.044514677125235558e+01,1.178305290105369885e+00,3.242875903066951004e-02,5.075745455408529174e-14,2.151429888028005277e-01
1.877507957641179964e+05,1.345691292316013232e+01,2.562649228633268649e+03,1.787015501303862219e+00,1.028367848660404249e+01,1.148353882147289173e+00,3.165718741441559542e-02,4.797933498885833138e-14,2.062078656904770824e-01
1.887572429575478309e+05,1.322942814872392248e+01,2.556402590107305969e+03,1.757731951436346529e+00,1.012408061379706226e+01,1.119145398516504519e+00,3.090434892737032452e-02,4.536212376474681402e-14,1.975658360465931407e-01
1.897636901509776653e+05,1.300522723974553863e+01,2.550156950704766587e+03,1.728841503813113079e+00,9.966341560493363616e+00,1.090664418239710276e+00,3.016985513679665970e-02,4.289651758816097864e-14,1.892099020625102601e-01
1.907701373444074998e+05,1.278427219339696919e+01,2.543912298619050034e+03,1.700340269428763706e+00,9.810449669474527568e+00,1.062895751364753893e+00,2.945332404759891040e-02,4.057374080844839060e-14,1.811331790812846509e-01
1.917765845378373342e+05,1.256652531165534192e+01,2.537668621950690067e+03,1.672224379419830820e+00,9.656393221363831714e+00,1.035824436542097660e+00,2.875438000165988703e-02,3.838551649688321415e-14,1.733288943278813166e-01
1.927830317312671687e+05,1.235194920034815524e+01,2.531425908706788050e+03,1.644489985212015615e+00,9.504160437378789794e+00,1.009435738562682872e+00,2.807265357679737672e-02,3.632403903671114605e-14,1.657903856178337965e-01
1.940980542005336902e+05,1.207630082395501603e+01,2.523270620171385417e+03,1.608820785438004330e+00,9.307981712473148761e+00,9.759608640325485585e-01,2.720725340501799552e-02,3.380933952245670430e-14,1.563302086062610119e-01
1.954130766698001826e+05,1.180592033426887788e+01,2.515116928545442534e+03,1.573787855836595639e+00,9.114869598636870407e+00,9.435947988719037838e-01,2.636983267707447912e-02,3.148315418998998822e-14,1.472982482464101073e-01
1.958362579709323763e+05,1.172001745285700025e+01,2.512493361858237222e+03,1.562648005415449681e+00,9.053372907014596294e+00,9.334099011500854859e-01,2.610616842830417589e-02,3.077230021713896900e-14,1.444804708485386835e-01
1.962594392720645701e+05,1.163464902031826043e+01,2.509869956779162749e+03,1.551572893861054903e+00,8.992190135194990219e+00,9.233355729323887706e-01,2.584529548449792519e-02,3.007903960133562891e-14,1.417051228453077016e-01
1.966826205731967639e+05,1.154981236305916603e+01,2.507246712383270733e+03,1.540562242389951875e+00,8.931320389513004443e+00,9.133707960305247342e-01,2.558718848061896506e-02,2.940293381871903978e-14,1.389717466450421934e-01
1.971058018743289867e+05,1.146550481681655143e+01,2.504623627742619647e+03,1.529615772879027169e+00,8.870762774942500428e+00,9.035145588839734732e-01,2.533182222913725121e-02,2.874355513428220333e-14,1.362798878818896609e-01
1.975289831754611805e+05,1.138172372664424437e+01,2.502000701926269812e+03,1.518733207867569934e+00,8.810516395135930878e+00,8.937658565246924258e-01,2.507917171867433959e-02,2.810048634421338090e-14,1.336290953973483242e-01
1.975713013055746851e+05,1.137337447077310237e+01,2.501738418044040827e+03,1.517648455451469314e+00,8.804508840519444490e+00,8.927968622066267956e-01,2.505405507566852916e-02,2.803706075509204698e-14,1.333662575198635569e-01
1.976136194356881897e+05,1.136503045035803439e+01,2.501476135739782421e+03,1.516564339035420428e+00,8.798504388377009988e+00,8.918289322521250062e-01,2.502896531682359885e-02,2.797379378604924873e-14,1.331038253766269885e-01
1.976559375658016943e+05,1.135669166275944164e+01,2.501213855012558270e+03,1.515480858343058790e+00,8.792503037810163846e+00,8.908620656670347415e-01,2.500390241741538497e-02,2.791068503673827556e-14,1.328417985217405783e-01
1.976982556959151989e+05,1.134835810533865441e+01,2.500951575861432957e+03,1.514398013098088525e+00,8.786504787920364379e+00,8.898962614578240782e-01,2.497886635273797659e-02,2.784773410781290074e-14,1.325801765096107920e-01
1.977405738260287035e+05,1.134002977545791246e+01,2.500689298285469249e+03,1.513315803024277262e+00,8.780509637808885159e+00,8.889315186316477657e-01,2.495385709810218552e-02,2.778494060092154702e-14,1.323189588949720275e-01
1.977617328910854412e+05,1.133586757002102274e+01,2.500558160087880424e+03,1.512774936090253375e+00,8.777513224889153420e+00,8.884495449271051504e-01,2.494136251683954156e-02,2.775360275652636448e-14,1.321885015976461686e-01
1.977828919561422081e+05,1.133170667048040769e+01,2.500427022283730821e+03,1.512234227845462353e+00,8.774517586576928707e+00,8.879678361962892730e-01,2.492887462883653510e-02,2.772230411870737814e-14,1.320581452328638550e-01
1.978040510211989458e+05,1.132754707650661885e+01,2.500295884872903571e+03,1.511693678255396023e+00,8.771522722759860002e+00,8.874863923152785938e-01,2.491639343101274134e-02,2.769104463795210562e-14,1.319278897450450461e-01
1.978252100862557127e+05,1.132338878777149560e+01,2.500164747853114022e+03,1.511153287286049585e+00,8.768528633331619915e+00,8.870052131567766063e-01,2.490391892020641859e-02,2.765982426467711123e-14,1.317977350768147760e-01
1.978521412429911434e+05,1.131809802513452468e+01,2.499997837875449932e+03,1.510465951052690325e+00,8.764718785196292217e+00,8.863932985656042263e-01,2.488781600580260850e-02,2.762017153398724284e-14,1.316321743141075085e-01
1.978701429206870962e+05,1.131456268248502894e+01,2.499886270080376107e+03,1.510006494492803109e+00,8.762172926091555070e+00,8.859844164126966515e-01,2.487721553171961045e-02,2.759368288246656158e-14,1.315216299562255164e-01
1.978881445983830490e+05,1.131102828385336778e+01,2.499774702569714009e+03,1.509547152668043735e+00,8.759627627249555459e+00,8.855757255949306961e-01,2.486661989097126157e-02,2.756722242646596888e-14,1.314111584498401375e-01
1.979061462760789727e+05,1.130749482903683578e+01,2.499663135343391787e+03,1.509087925557172083e+00,8.757082888601066983e+00,8.851672260361146405e-01,2.485602908166455183e-02,2.754079013568657953e-14,1.313007597607900312e-01
1.979241479537749256e+05,1.130396231783275951e+01,2.499551568401337136e+03,1.508628813138951585e+00,8.754538710076873897e+00,8.847589176600751948e-01,2.484544310190510766e-02,2.751438597985956395e-14,1.311904338549268190e-01
1.979259481215446722e+05,1.130360911860323547e+01,2.499540411722763565e+03,1.508582908204408213e+00,8.754284323028620918e+00,8.847180973345967203e-01,2.484438476948133342e-02,2.751174711053503420e-14,1.311794052661020005e-01
1.979277482893143897e+05,1.130325592880760510e+01,2.499529255047031711e+03,1.508537004416557359e+00,8.754029941580856899e+00,8.846772789200997300e-01,2.484332648533246757e-02,2.750910852222778156e-14,1.311683774047304740e-01
1.979295484570841363e+05,1.130290274844567122e+01,2.499518098374142028e+03,1.508491101775377707e+00,8.753775565733501907e+00,8.846364624165211632e-01,2.484226824945615780e-02,2.750647021490643460e-14,1.311573502707844840e-01
1.979313486248538538e+05,1.130254957751722600e+01,2.499506941704094061e+03,1.508445200280849940e+00,8.753521195486488438e+00,8.845956478237825271e-01,2.484121006185071104e-02,2.750383218854196010e-14,1.311463238642262552e-01
1.979315286416314193e+05,1.130251426094321587e+01,2.499505826037245697e+03,1.508440610194461629e+00,8.753495758769810564e+00,8.845915664695989111e-01,2.484110424574542328e-02,2.750356840135808798e-14,1.311452212635726700e-01
1.979317086584089557e+05,1.130247894446353740e+01,2.499504710370425528e+03,1.508436020119540144e+00,8.753470322109130564e+00,8.845874851345205681e-01,2.484099843012204864e-02,2.750330461698149099e-14,1.311441186701963191e-01
1.979318886751864920e+05,1.130244362807819236e+01,2.499503594703634008e+03,1.508431430056084821e+00,8.753444885504443107e+00,8.845834038185610426e-01,2.484089261498170081e-02,2.750304083541504690e-14,1.311430160840932890e-01
1.979319066768646589e+05,1.130244009644484571e+01,2.499503483136956220e+03,1.508430971050370051e+00,8.753442341847060604e+00,8.845829956880117972e-01,2.484088203349451088e-02,2.750301445741347298e-14,1.311429058258804792e-01
1.979319246785428550e+05,1.130243656481244408e+01,2.499503371570278887e+03,1.508430512044770078e+00,8.753439798190230547e+00,8.845825875576588393e-01,2.484087145201158489e-02,2.750298807943828488e-14,1.311427955677443857e-01
1.979319426802210219e+05,1.130243303318098391e+01,2.499503260003602009e+03,1.508430053039283569e+00,8.753437254533965373e+00,8.845821794274917327e-01,2.484086087053392553e-02,2.750296170149323127e-14,1.311426853096801515e-01
1.979319516810601053e+05,1.130243126736549186e+01,2.499503204220263797e+03,1.508429823536569403e+00,8.753435982705948248e+00,8.845819753624798443e-01,2.484085557979648362e-02,2.750294851253025283e-14,1.311426301806722650e-01
1.979319606818991888e+05,1.130242950155023429e+01,2.499503148436925585e+03,1.508429594033881882e+00,8.753434710878069680e+00,8.845817712975081459e-01,2.484085028906062032e-02,2.750293532357452876e-14,1.311425750516851119e-01
1.979319696827383013e+05,1.130242773573521298e+01,2.499503092653587373e+03,1.508429364531223671e+00,8.753433439050334997e+00,8.845815672325854084e-01,2.484084499832578050e-02,2.750292213462546899e-14,1.311425199227156391e-01
1.979319786835773848e+05,1.130242596992042614e+01,2.499503036870249161e+03,1.508429135028594326e+00,8.753432167222733540e+00,8.845813631677131861e-01,2.484083970759172130e-02,2.750290894568273588e-14,1.311424647937665389e-01
1.979319876844164683e+05,1.130242420410587734e+01,2.499502981086910950e+03,1.508428905525994068e+00,8.753430895395293732e+00,8.845811591028807097e-01,2.484083441685953561e-02,2.750289575674845936e-14,1.311424096648309834e-01
1.983820296268263482e+05,1.121442774920735808e+01,2.496713902795317608e+03,1.496989553657550820e+00,8.690014358124821925e+00,8.744374319070314927e-01,2.457780129858261678e-02,2.685214968456968344e-14,1.284086042193509636e-01
1.988320715692361991e+05,1.112701771135331619e+01,2.493925000975692910e+03,1.485621534388921861e+00,8.626946753748839569e+00,8.644119409925624664e-01,2.431775550837027983e-02,2.621849610310769571e-14,1.257197267146022424e-01
1.992821135116460791e+05,1.104019094246458899e+01,2.491136274494041118e+03,1.474324517249974376e+00,8.564226998235959343e+00,8.545035092750724592e-01,2.406066780520388013e-02,2.560148145640351782e-14,1.230752498983519738e-01
2.020095525576393411e+05,1.052628437698239772e+01,2.474239132001715006e+03,1.407360123382519035e+00,8.191499073406925291e+00,7.968921642303180564e-01,2.256424457930510108e-02,2.219354038818107573e-14,1.079687713833090423e-01
2.047369916036325740e+05,1.003299769438659617e+01,2.457348130921485790e+03,1.342918840976604189e+00,7.831264540088577419e+00,7.432843215181965668e-01,2.116912953255290289e-02,1.929201682257089970e-14,9.436086227064639786e-02
2.074644306496258359e+05,9.559657804592726293e+00,2.440463009798391340e+03,1.280929172343627798e+00,7.483279406119351940e+00,6.934366961573151800e-01,1.986930153597163407e-02,1.682058089347815943e-14,8.214322843644226990e-02
2.096681515241931193e+05,9.191327123661016785e+00,2.426824253393450363e+03,1.232585237653326615e+00,7.210893396248669873e+00,6.557475353478992020e-01,1.888471561195138870e-02,1.509316258227219120e-14,7.321623879915600819e-02
2.118718723987604026e+05,8.835249429101377672e+00,2.413189018708796084e+03,1.185759397565430806e+00,6.946214826679359966e+00,6.202425447768182831e-01,1.795564871394466147e-02,1.357449339836942884e-14,6.507701136581031665e-02
2.140755932733277150e+05,8.491091790882231649e+00,2.399557160680060406e+03,1.140415688507974812e+00,6.689114123032796400e+00,5.868074951528124972e-01,1.707927874033586535e-02,1.223873245135903175e-14,5.767520544829950191e-02
2.162793141478949983e+05,8.158527731247668058e+00,2.385928532248913598e+03,1.096518680466253004e+00,6.439461745769715861e+00,5.553320732257034376e-01,1.625287856076732332e-02,1.106324392660364178e-14,5.096235322521754790e-02
2.184830350224623107e+05,7.837237160766019173e+00,2.372302984461674441e+03,1.054033480488109520e+00,6.197128298886302566e+00,5.257097684859218800e-01,1.547381177835532862e-02,1.002820358383924805e-14,4.489180112731912947e-02
2.206867558970295941e+05,7.526906313389794434e+00,2.358680366590137510e+03,1.012925734598162375e+00,5.961984617618311333e+00,4.978377736538106002e-01,1.473952893721344054e-02,9.116252120057535755e-15,3.941865858228712355e-02
2.228904767715968774e+05,7.227227680862380765e+00,2.345060526275031407e+03,9.731616278374944917e-01,5.733901830945120182e+00,4.716169020463608086e-01,1.404756428048860653e-02,8.312190110013295324e-15,3.449975575290809698e-02
2.250941976461641898e+05,6.937899946867477574e+00,2.331443309691627746e+03,9.347078821805989701e-01,5.512751395211183514e+00,4.469515245834995709e-01,1.339553316071034200e-02,7.602709810217621551e-15,3.009361173148123944e-02
2.266866640834222781e+05,6.735099643020740601e+00,2.321604697705403851e+03,9.077172592969919851e-01,5.357184607798355813e+00,4.300436597961013740e-01,1.294790802901702592e-02,7.142248904821785125e-15,2.720620810026941339e-02
2.282791305206803663e+05,6.537440773483296219e+00,2.311767315943635822e+03,8.813815966732085894e-01,5.205122575123970918e+00,4.138662619453866709e-01,1.251908577451435640e-02,6.721145937326914755e-15,2.455125396621049907e-02
2.298715969579384546e+05,6.344815562172051671e+00,2.301931105268243755e+03,8.556888508494897572e-01,5.056517086018002871e+00,3.983866631182835794e-01,1.210824315270661068e-02,6.335842187497144347e-15,2.211471903356224816e-02
2.314640633951965137e+05,6.157117860738662962e+00,2.292096006334410504e+03,8.306271180018987010e-01,4.911319983977314507e+00,3.835731523647797903e-01,1.171457821911912368e-02,5.983104407127309893e-15,1.988302817554404855e-02
2.330565298324546020e+05,5.974243136415314126e+00,2.282261959635496169e+03,8.061846316100403920e-01,4.769483147398233314e+00,3.693949818563632692e-01,1.133731049658072768e-02,5.659994902472163663e-15,1.784306505409078564e-02
2.346489962697126903e+05,5.796088460156632038e+00,2.272428905548042167e+03,7.823497598874745718e-01,4.630958466592823619e+00,3.558223754216942036e-01,1.097568124633763187e-02,5.363844388224042181e-15,1.598217700829583990e-02
2.362414627069707785e+05,5.622552495122209670e+00,2.262596784376150936e+03,7.591110030344691006e-01,4.495697818427963455e+00,3.428265389100514926e-01,1.062895382941065996e-02,5.092227368371372991e-15,1.428818092031057009e-02
2.378339291442288668e+05,5.453535485469657829e+00,2.252765536394279025e+03,7.364569903750161073e-01,4.363653039531230959e+00,3.303796717158556384e-01,1.029641414040934760e-02,4.842939817780900939e-15,1.274936970714155189e-02
2.397527703087115078e+05,5.255742442283726668e+00,2.240920457199178145e+03,7.099208963356865576e-01,4.208749378017241582e+00,3.160731408112906760e-01,9.913588981645946041e-03,4.569395221648684317e-15,1.108543813785642373e-02
2.420650325079676113e+05,5.025684022910447801e+00,2.226648196083192488e+03,6.790227859967348234e-01,4.028075889839367818e+00,2.997770628854137254e-01,9.476661172807899006e-03,4.274536358498538261e-15,9.331623016118856945e-03
2.438390945897927450e+05,4.855145591139372385e+00,2.215698879914604731e+03,6.560961140388589241e-01,3.893807301033203050e+00,2.879296272352867003e-01,9.158365438925737678e-03,4.071214405133252943e-15,8.154183393093575663e-03
2.456131566716178786e+05,4.689651487232967320e+00,2.204750294728895369e+03,6.338299255937175358e-01,3.763242978319290444e+00,2.766163205872507747e-01,8.853854174890098475e-03,3.885627298240683677e-15,7.108408557815017355e-03
2.473872187534429831e+05,4.529076245403695467e+00,2.193802358658354024e+03,6.122094662165218359e-01,3.636315352310552917e+00,2.658069867025343314e-01,8.562335077458562912e-03,3.716032324202057859e-15,6.182105096623410900e-03
2.491612808352681168e+05,4.373296729994286203e+00,2.182854990086242196e+03,5.912201553944721466e-01,3.512956591649426752e+00,2.554730720960806667e-01,8.283055210817465153e-03,3.560864375297791091e-15,5.363855643486572893e-03
2.509353429170932213e+05,4.222192119848796388e+00,2.171908107656524862e+03,5.708475848587675205e-01,3.393098605342956819e+00,2.455876147249793640e-01,8.015301266541695682e-03,3.418718353312835537e-15,4.643013655548462390e-03
2.527094049989183550e+05,4.075643892679030600e+00,2.160961630271140166e+03,5.510775178040977496e-01,3.276673058360564994e+00,2.361252235668443444e-01,7.758399576698913475e-03,3.288333349981721026e-15,4.009693370821279870e-03
2.544834670807434886e+05,3.933535809267642236e+00,2.150015477074610317e+03,5.318958890225211622e-01,3.163611400580587762e+00,2.270620489362397132e-01,7.511715862717716248e-03,3.168578408821345761e-15,3.454754865573311795e-03
2.567306854814274411e+05,3.759722844412867193e+00,2.136150238048388474e+03,5.084214479584374669e-01,3.025117157619218400e+00,2.161199991349367355e-01,7.212982080509853719e-03,3.030570981119846903e-15,2.851257619760896953e-03
2.589779038821113936e+05,3.592625144993546016e+00,2.122285226313309977e+03,4.858410734975607270e-01,2.891770223119042083e+00,2.057406883446252499e-01,6.928568502792591816e-03,2.906181076066694192e-15,2.344591529522231654e-03
2.612251222827953752e+05,3.432021977763840326e+00,2.108420278645894541e+03,4.641273892868020279e-01,2.763430567925070580e+00,1.958855967875569315e-01,6.657446903565944311e-03,2.793826356543255833e-15,1.920976860842555246e-03
2.626291214399044402e+05,3.334882217725955389e+00,2.099757807497548583e+03,4.509892120774470214e-01,2.685726888888958275e+00,1.899787345886461420e-01,6.494383972213996215e-03,2.729120949155259627e-15,1.692998198687604159e-03
2.640331205970135634e+05,3.240142145014311748e+00,2.091095257871946160e+03,4.381723586640533519e-01,2.609889105348698113e+00,1.842547636548368950e-01,6.335929888106045862e-03,2.668275681105699030e-15,1.489987458615172223e-03
2.654371197541226866e+05,3.147751276266629095e+00,2.082432589913394168e+03,4.256704361534328074e-01,2.535883269756849856e+00,1.787061938528380634e-01,6.181885402648093497e-03,2.611018210562285362e-15,1.309491100858104287e-03
2.668411189112318098e+05,3.057659970315962372e+00,2.073769763691839216e+03,4.134771273912871137e-01,2.463675553000911567e+00,1.733259674948773033e-01,6.032063165551027582e-03,2.557099691432001190e-15,1.149259263332697576e-03
2.682451180683408747e+05,2.969819421289193517e+00,2.065106739175560961e+03,4.015861922209766344e-01,2.393232271741247086e+00,1.681074363389559179e-01,5.886287156203779541e-03,2.506292871130478129e-15,1.007233831808210592e-03
2.696491172254499979e+05,2.884181651453707751e+00,2.056443476202930469e+03,3.899914687149926840e-01,2.324519915469975384e+00,1.630443386306148768e-01,5.744392104557237075e-03,2.458390335678009812e-15,8.815365335648313533e-04
2.710531163825591211e+05,2.800699503813950386e+00,2.047779934453422811e+03,3.786868743583172714e-01,2.257505172997384957e+00,1.581307763885097251e-01,5.606222907833458696e-03,2.413202891678938304e-15,7.704571619025223127e-04
2.718528330671065487e+05,2.754093976844274927e+00,2.042845048574793282e+03,3.723751797821288068e-01,2.220079825571318111e+00,1.553967202282145743e-01,5.529131296066819995e-03,2.388611184213217111e-15,7.131199665440876188e-04
2.726525497516539763e+05,2.708164328630280338e+00,2.037910051593142498e+03,3.661545694466132872e-01,2.183188439204561071e+00,1.527083914034393919e-01,5.453175568416776531e-03,2.364814530760382076e-15,6.597530072473802238e-04
2.734522664362014038e+05,2.662902196007888467e+00,2.032974935966773273e+03,3.600239546134881286e-01,2.146824962642435608e+00,1.500648424792116187e-01,5.378331071835762249e-03,2.341784865669633132e-15,6.101052009150868686e-04
2.742519831207488314e+05,2.618299299599748053e+00,2.028039694127371149e+03,3.539822552437418834e-01,2.110983373713235967e+00,1.474651571572054842e-01,5.304574034084262590e-03,2.319495588210702074e-15,5.639394514780656084e-04
2.750516998052962590e+05,2.574347443317768214e+00,2.023104318478183586e+03,3.480284000485877605e-01,2.075657680656929571e+00,1.449084490598597785e-01,5.231881530725801706e-03,2.297921492668162073e-15,5.210320216622862715e-04
2.758514164898436866e+05,2.531038513856963768e+00,2.018168801392190971e+03,3.421613265364593648e-01,2.040841923403055258e+00,1.423938605441452399e-01,5.160231452712956031e-03,2.277038701760755937e-15,4.811719205889332276e-04
2.768155400574873784e+05,2.479669444411067847e+00,2.012218434823908410e+03,3.352019721959841880e-01,1.999538237683549102e+00,1.394171402759224188e-01,5.075207119508673773e-03,2.252749855002400700e-15,4.368871361010568093e-04
2.777796636251310701e+05,2.429209239549399157e+00,2.006267838067432194e+03,3.283653886743383432e-01,1.958956773790015093e+00,1.364990291907432207e-01,4.991631002620915483e-03,2.229395664521154616e-15,3.964168916798437524e-04
2.778916653584888554e+05,2.423405597467658268e+00,2.005576544794376332e+03,3.275790628753509348e-01,1.954288800336400289e+00,1.361637712411182255e-01,4.982014311690091159e-03,2.226741596727287549e-15,3.919487030965697707e-04
2.780036670918465825e+05,2.417614013779669779e+00,2.004885248210576492e+03,3.267943666393650082e-01,1.949630419181202168e+00,1.358292838904545108e-01,4.972416646375176809e-03,2.224099616188348805e-15,3.875274222711358962e-04
2.781156688252043677e+05,2.411834467120226311e+00,2.004193948294685924e+03,3.260112971483962174e-01,1.944981614344286180e+00,1.354955650759247232e-01,4.962837954283472013e-03,2.221469670622577551e-15,3.831525973332180926e-04
2.782276705585621530e+05,2.406066936155028646e+00,2.003502645025343099e+03,3.252298515879113450e-01,1.940342369859761495e+00,1.351626127437742519e-01,4.953278183280969589e-03,2.218851708154390731e-15,3.788237802981558704e-04
2.783396722919198801e+05,2.400311399580655980e+00,2.002811338381171709e+03,3.244500271468276353e-01,1.935712669776017636e+00,1.348304248492789015e-01,4.943737281490855930e-03,2.216245677311915898e-15,3.745405270388760038e-04
2.783956731585987727e+05,2.397438122541145855e+00,2.002465683786840827e+03,3.240607219685419649e-01,1.933401393903482868e+00,1.346646169296265017e-01,4.938973890409019234e-03,2.214947120275149512e-15,3.724158490833867348e-04
2.784516740252776654e+05,2.394567836124536608e+00,2.002120028340779754e+03,3.236718210175152377e-01,1.931092498155792647e+00,1.344989993566762521e-01,4.934215197292253323e-03,2.213651527024357214e-15,3.703023972580053876e-04
2.785076748919564998e+05,2.391700537676572313e+00,2.001774372040312073e+03,3.232833239433336447e-01,1.928785980543038958e+00,1.343335718773502885e-01,4.929461195727707912e-03,2.212358891237976501e-15,3.682001171193896040e-04
2.785636757586353924e+05,2.388836224544879094e+00,2.001428714882820486e+03,3.228952303957933756e-01,1.926481839076182201e+00,1.341683342391229161e-01,4.924711879318059357e-03,2.211069206617853925e-15,3.661089544604621891e-04
2.786196766253142850e+05,2.385974894079299524e+00,2.001083056865274784e+03,3.225075400249456936e-01,1.924180071767328748e+00,1.340032861900328776e-01,4.919967241683378956e-03,2.209782466898879841e-15,3.640288553067231973e-04
2.786756774919931777e+05,2.383116543630694029e+00,2.000737397985911457e+03,3.221202524809380074e-01,1.921880676628740181e+00,1.338384274786341976e-01,4.915227276453699654e-03,2.208498665814030831e-15,3.619597659254160491e-04
2.789725786584147718e+05,2.368012030749136354e+00,1.998904795298917861e+03,3.200736748837950674e-01,1.909729453569055435e+00,1.329675515312002398e-01,4.890175346132445700e-03,2.201741619712743265e-15,3.511754189511978553e-04
2.792694798248363659e+05,2.352990813281774951e+00,1.997072167882058466e+03,3.180383590407334093e-01,1.897644566996047555e+00,1.321019464262163656e-01,4.865253362662269078e-03,2.195065600387151627e-15,3.406874561134825403e-04
2.795663809912579018e+05,2.338052499238597370e+00,1.995239515345193922e+03,3.160142523505418688e-01,1.885625711868236909e+00,1.312415824295150579e-01,4.840460669241446537e-03,2.188470195018597204e-15,3.304919210601198610e-04
2.798632821576794959e+05,2.323196698147129702e+00,1.993406837287019471e+03,3.140013031659640852e-01,1.873672594070142639e+00,1.303864232546958213e-01,4.815796350917599458e-03,2.181954525069137209e-15,3.205813054075993965e-04
2.816730068698131945e+05,2.234406697011174892e+00,1.982235397134961204e+03,3.019699023258211046e-01,1.802218301262263234e+00,1.252843932242238278e-01,4.668182208965874873e-03,2.143914409474543062e-15,2.659179898983292227e-04
2.834827315819468349e+05,2.148581179778955796e+00,1.971062901991054105e+03,2.903396302809853058e-01,1.733129742444081023e+00,1.203666418046746844e-01,4.525109770446058763e-03,2.108625753297790106e-15,2.200554787663600053e-04
2.852924562940804753e+05,2.065635299267190028e+00,1.959889258865635384e+03,2.790992045558410850e-01,1.666342162923458492e+00,1.156258640381929437e-01,4.386397852267283869e-03,2.075929770877210795e-15,1.816698974277389993e-04
2.871021810062141740e+05,1.985486216259740866e+00,1.948714373425812482e+03,2.682375801310193930e-01,1.601791924280791202e+00,1.110552133235599287e-01,4.251878316050171878e-03,2.045687683428413101e-15,1.496202083182997516e-04
2.889119057183478144e+05,1.908053066022696642e+00,1.937538149892181991e+03,2.577439492133923871e-01,1.539416538979628601e+00,1.066482572489287212e-01,4.121394777807421347e-03,2.017778731579251071e-15,1.229258029373008962e-04
2.907216304304814548e+05,1.833256924536569965e+00,1.926360490936427823e+03,2.476077405467910775e-01,1.479154698578781790e+00,1.023989376461548612e-01,3.994801430584467468e-03,1.992098429959755920e-15,1.007463342554361152e-04
2.925313551426151535e+05,1.761020774532382704e+00,1.915181297579697912e+03,2.378186182972839569e-01,1.420946295971233120e+00,9.830153462692990673e-02,3.871961975736869059e-03,1.968557041778485258e-15,8.236366119711325282e-05
2.943410798547487939e+05,1.691269471412503833e+00,1.904000469091609830e+03,2.283664805490548955e-01,1.364732442107454480e+00,9.435063433530736787e-02,3.752748657380893405e-03,1.947078253418877012e-15,6.716576330458833022e-05
2.961508045668824343e+05,1.623929709131039179e+00,1.892817902889685911e+03,2.192414574478732670e-01,1.310455477675864788e+00,9.054110013722629913e-02,3.637041393783345053e-03,1.927598031092370764e-15,5.463247628956334619e-05
2.979605292790161329e+05,1.558929986102662202e+00,1.881633494438977777e+03,2.104339090291320047e-01,1.258058980214616707e+00,8.686804696314813501e-02,3.524726998987263299e-03,1.910063643492725691e-15,4.432289677602984583e-05
2.997702539911497734e+05,1.496200571198756268e+00,1.870447137151664492e+03,2.019344227660778701e-01,1.207487767116428801e+00,8.332681852245385490e-02,3.415698487744733922e-03,1.894432836201555245e-15,3.586430604904138270e-05
3.019729241581938113e+05,1.422815725552059485e+00,1.856829099531892780e+03,1.919918251317179192e-01,1.148320870813264394e+00,7.918812984486690854e-02,3.287283835388533741e-03,1.877930309961385724e-15,2.761592681984250061e-05
3.041755943252378493e+05,1.352574298436882483e+00,1.843207813073406669e+03,1.824758713529002485e-01,1.091683326313509728e+00,7.523050784038522176e-02,3.163414104711296301e-03,1.864160036219417930e-15,2.117882537432614275e-05
3.063782644922819454e+05,1.285360736117927116e+00,1.829583071955700007e+03,1.733709165119605711e-01,1.037483029882723340e+00,7.144668823328771678e-02,3.043926185514298551e-03,1.853100979310667602e-15,1.617530443929735310e-05
3.085809346593259834e+05,1.221063044663973640e+00,1.815954664856903037e+03,1.646617854167966299e-01,9.856305432054784932e-01,6.782974848823564162e-02,2.928665638046514929e-03,1.844750462735302382e-15,1.230191541426595322e-05
3.107836048263700213e+05,1.159572702739800398e+00,1.802322374669688998e+03,1.563337634454042002e-01,9.360390604469084330e-01,6.437307725813704029e-02,2.817485748024409990e-03,1.839123721648164245e-15,9.315841324507031596e-06
3.129862749934140593e+05,1.100784575556213563e+00,1.788685978210060284e+03,1.483725870979672457e-01,8.886243699571668708e-01,6.107034821161449328e-02,2.710246718594294234e-03,1.836253774570093999e-15,7.023570868693080227e-06
3.151889451604580972e+05,1.044596830064607129e+00,1.775045245917632428e+03,1.407644343340513082e-01,8.433048116306325337e-01,5.791549759839390715e-02,2.606814980573904459e-03,1.836191605174985196e-15,5.271520953476687630e-06
3.165313692383934394e+05,1.011586175402180876e+00,1.766729632880969348e+03,1.362950303287887577e-01,8.166783410738698290e-01,5.606279759007579827e-02,2.545590657172847309e-03,1.837559602475463169e-15,4.415752271763812289e-06
3.178737933163287234e+05,9.794829492502167279e-01,1.758412267015286034e+03,1.319488150912085656e-01,7.907831543447759737e-01,5.426158247115630412e-02,2.485704862845872481e-03,1.840015109228866340e-15,3.692480228097565564e-06
3.192162173942640657e+05,9.482658281000166944e-01,1.750093092582172858e+03,1.277228919576378352e-01,7.656021171324091101e-01,5.251060651771902177e-02,2.427130260848987808e-03,1.843580056811918700e-15,3.082231400046734072e-06
3.205586414721994079e+05,9.179139075439146644e-01,1.741772052820331510e+03,1.236144207783560767e-01,7.411184254884242151e-01,5.080865289195864165e-02,2.369840151811786460e-03,1.848279223953322658e-15,2.568233362014156814e-06
3.219010655501346919e+05,8.884066956131969617e-01,1.733449089916286539e+03,1.196206170818086834e-01,7.173156014189694396e-01,4.915453260528804269e-02,2.313808443303736265e-03,1.854140360826045564e-15,2.136063825047857503e-06
3.232434896280700341e+05,8.597241061899046910e-01,1.725124144974309957e+03,1.157387512403836582e-01,6.941774884203505414e-01,4.754708356497881760e-02,2.259009622179339923e-03,1.861194331891998262e-15,1.773342010437847379e-06
3.245859137060053763e+05,8.318464524956556971e-01,1.716797157985478862e+03,1.119661476390902133e-01,6.716882469737436301e-01,4.598516969576501440e-02,2.205418729432485989e-03,1.869475278587546739e-15,1.469457622543548328e-06
3.249981705820616335e+05,8.234438230760566801e-01,1.714239530691790378e+03,1.108291086755401333e-01,6.649096534723417662e-01,4.551447474177083841e-02,2.189199680653315574e-03,1.872270314720988864e-15,1.386505748829000331e-06
3.254104274581179488e+05,8.151147331116159744e-01,1.711681703261011762e+03,1.097020515520922279e-01,6.581903444622675403e-01,4.504793755037411057e-02,2.173091546131071614e-03,1.875185743741529393e-15,1.308000749161473785e-06
3.258226843341742642e+05,8.068586345841931573e-01,1.709123673889336715e+03,1.085849017768431984e-01,6.515298788261958407e-01,4.458552663121612830e-02,2.157093632652610973e-03,1.878222755854012016e-15,1.233717283571834116e-06
3.262349412102305796e+05,7.986749828791891437e-01,1.706565440762301250e+03,1.074775853191247271e-01,6.449278181603690374e-01,4.412721070751256247e-02,2.141205251435916983e-03,1.881382575078590805e-15,1.163440745034859691e-06
3.266471980862868368e+05,7.905632367684274353e-01,1.704007002054689792e+03,1.063800286072703327e-01,6.383837267621061962e-01,4.367295871418709619e-02,2.125425718079473718e-03,1.884666459898370025e-15,1.096966782402524914e-06
3.270594549623431521e+05,7.825228583930099457e-01,1.701448355930441721e+03,1.052921585263746768e-01,6.318971716172372410e-01,4.322273979604050048e-02,2.109754352512752638e-03,1.888075703928263523e-15,1.034100842937537001e-06
3.271024094141653623e+05,7.816891877325360394e-01,1.701181749846641651e+03,1.051793639135711750e-01,6.312246076608908352e-01,4.317606071300455345e-02,2.108127694444829770e-03,1.888438189287835609e-15,1.027750622659095985e-06
3.271453638659876306e+05,7.808562854510573414e-01,1.700915141488933386e+03,1.050666735902955756e-01,6.305526631741590338e-01,4.312942504667782034e-02,2.106502202573270338e-03,1.888802051506949816e-15,1.021437349761131033e-06
3.271883183178098407e+05,7.800241509464467260e-01,1.700648530855219406e+03,1.049540874746942576e-01,6.298813376722448565e-01,4.308283276254715188e-02,2.104877876136865972e-03,1.889167292116401775e-15,1.015160821508156353e-06
3.272312727696320508e+05,7.791927836169705301e-01,1.700381917943400822e+03,1.048416054849671680e-01,6.292106306706659602e-01,4.303628382612433717e-02,2.103254714374836343e-03,1.889533912651220144e-15,1.008920836207937032e-06
3.272742272214543191e+05,7.783621828612845572e-01,1.700115302751377840e+03,1.047292275393669342e-01,6.285405416852507532e-01,4.298977820294469510e-02,2.101632716526968380e-03,1.889901914650950204e-15,1.002717193206294401e-06
3.272785226666359813e+05,7.782791649241345144e-01,1.700088641106683326e+03,1.047179954640882621e-01,6.284735667589671504e-01,4.298513002152894863e-02,2.101470580728228774e-03,1.889938790890908663e-15,1.002098820038216923e-06
3.272828181118176435e+05,7.781961546461120260e-01,1.700061979439163679e+03,1.047067644283521670e-01,6.284065980075229652e-01,4.298048227286668105e-02,2.101308456560240651e-03,1.889975680962445000e-15,1.001480808097030706e-06
3.272871135569993057e+05,7.781131520266160173e-01,1.700035317748816851e+03,1.046955344320770753e-01,6.283396354304336962e-01,4.297583495692389871e-02,2.101146344022295376e-03,1.890012584867217007e-15,1.000863157183755428e-06
3.272914090021809097e+05,7.780301570650485221e-01,1.700008656035640797e+03,1.046843054751815799e-01,6.282726790272183948e-01,4.297118807366587939e-02,2.100984243113594111e-03,1.890049502606650155e-15,1.000245867099578056e-06
3.272918385466987966e+05,7.780218579900542997e-01,1.700005989863067498e+03,1.046831826366547563e-01,6.282659837264411573e-01,4.297072340913633826e-02,2.100968033662294673e-03,1.890053195141537258e-15,1.000184157929108102e-06
3.272922680912166834e+05,7.780135589916327143e-01,1.700003323690265916e+03,1.046820598085208137e-01,6.282592884873972050e-01,4.297025874893311420e-02,2.100951824327259437e-03,1.890056887814745994e-15,1.000122452364762337e-06
3.272926976357345702e+05,7.780052600697832110e-01,1.700000657517236050e+03,1.046809369907796550e-01,6.282525933100862048e-01,4.296979409305651948e-02,2.100935615108555192e-03,1.890060580626375363e-15,1.000060750406306131e-06
3.272927405901869643e+05,7.780044301818097585e-01,1.700000390899920603e+03,1.046808247095771249e-01,6.282519237957504554e-01,4.296974762770681966e-02,2.100933994193077397e-03,1.890060949915186425e-15,1.000054580408781014e-06
3.272927835446393001e+05,7.780036002946019158e-01,1.700000124282602656e+03,1.046807124284785534e-01,6.282512542820317680e-01,4.296970116240046711e-02,2.100932373278774010e-03,1.890061319205377599e-15,1.000048410447291220e-06
3.272928264990916359e+05,7.780027704081599049e-01,1.699999857667869264e+03,1.046805723389378912e-01,6.282506125734081959e-01,4.296962689146673758e-02,2.100958560721814892e-03,1.890109193441942922e-15,1.000043623356114158e-06
3.272928479763178038e+05,7.780023554651301909e-01,1.699999724361795188e+03,1.046805161984518256e-01,6.282502778170263591e-01,4.296960365883144284e-02,2.100957750280227354e-03,1.890109378083452150e-15,1.000040538464305815e-06
3.272928694535440300e+05,7.780019405222921014e-01,1.699999591055720657e+03,1.046804600579918226e-01,6.282499430607990654e-01,4.296958042620677848e-02,2.100956939838886581e-03,1.890109562725111656e-15,1.000037453581536583e-06
3.272928909307701979e+05,7.780015255796454143e-01,1.699999457749645671e+03,1.046804039175577156e-01,6.282496083047260926e-01,4.296955719359302900e-02,2.100956129397894487e-03,1.890109747367386079e-15,1.000034368707743148e-06
3.272929124079963658e+05,7.780011106371901297e-01,1.699999324443570003e+03,1.046803477771496571e-01,6.282492735488074409e-01,4.296953396099020828e-02,2.100955318957150892e-03,1.890109932009838785e-15,1.000031283842990943e-06
3.272929338852225337e+05,7.780006956949262475e-01,1.699999191137493881e+03,1.046802916367675362e-01,6.282489387930428881e-01,4.296951072839828162e-02,2.100954508516747737e-03,1.890110116652739958e-15,1.000028198987228299e-06
3.272934708158698631e+05,7.779903222029356247e-01,1.699995858485413692e+03,1.046788881359805995e-01,6.282405699510222874e-01,4.296892991724341609e-02,2.100934247606836124e-03,1.890114732853517559e-15,9.999510805231048413e-07
3.272940077465172508e+05,7.779799488305866317e-01,1.699992525833002901e+03,1.046774846514322149e-01,6.282322012054576410e-01,4.296834911284870551e-02,2.100913986878544422e-03,1.890119349269832864e-15,9.998739676927451116e-07
3.272945446771645802e+05,7.779695755778781585e-01,1.699989193180261736e+03,1.046760811831222576e-01,6.282238325563475057e-01,4.296776831521407353e-02,2.100893726331863956e-03,1.890123965901741883e-15,9.997968604957198757e-07
3.272958870037836605e+05,7.779436429695246735e-01,1.699980861546962842e+03,1.046725725833890369e-01,6.282029113555549493e-01,4.296631635070196492e-02,2.100843075759705608e-03,1.890135508424603360e-15,9.996041171465853344e-07
3.272972293304027990e+05,7.779177111088980690e-01,1.699972529911598258e+03,1.046690640851421911e-01,6.281819907575847406e-01,4.296486442843774206e-02,2.100792426322562953e-03,1.890147052294682675e-15,9.994114089974808210e-07
3.272985716570218792e+05,7.778917799959803592e-01,1.699964198274167984e+03,1.046655556883792498e-01,6.281610707624221135e-01,4.296341254842041268e-02,2.100741778020472419e-03,1.890158597512209780e-15,9.992187360423250626e-07
3.273052832901187357e+05,7.777621356463877422e-01,1.699922540056027856e+03,1.046480152267373898e-01,6.280564798282110006e-01,4.295615378200404177e-02,2.100488553534484923e-03,1.890216343811792899e-15,9.982558989637563533e-07
3.273119949232155923e+05,7.776325099867638091e-01,1.699880881786234568e+03,1.046304773018199713e-01,6.279519039619733123e-01,4.294889607160719963e-02,2.100235357420552566e-03,1.890274123802518508e-15,9.972939408253336611e-07
3.273187065563124488e+05,7.775029030148182807e-01,1.699839223464779934e+03,1.046129419133157018e-01,6.278473431618653011e-01,4.294163941709876892e-02,2.099982189675722415e-03,1.890331937490114921e-15,9.963328608704524293e-07
3.273522647217996418e+05,7.768551483901263710e-01,1.699630931082292136e+03,1.045253030060965677e-01,6.273247650887476823e-01,4.290537197828531851e-02,2.098716776387498598e-03,1.890621511589112634e-15,9.915406074103431807e-07
3.273858228872868349e+05,7.762078606139981574e-01,1.699422637407014690e+03,1.044377274625237634e-01,6.268025633923851592e-01,4.286913091699849632e-02,2.097452071893379354e-03,1.890911928996672113e-15,9.867701953972017080e-07
3.275536137147198897e+05,7.729784144564428860e-01,1.698381149602225378e+03,1.040007988392157579e-01,6.241971925058986681e-01,4.268832070016771035e-02,2.091139168674790820e-03,1.892376691570004385e-15,9.632424840403942593e-07
3.277214045421529445e+05,7.697605966728646720e-01,1.697339629320917538e+03,1.035654484833319344e-01,6.216011965445502607e-01,4.250816746699173643e-02,2.084843931104057857e-03,1.893862648336128947e-15,9.402468849035989107e-07
3.278891953695860575e+05,7.665543716570955013e-01,1.696298076432224434e+03,1.031316715545011475e-01,6.190145468385910288e-01,4.232866917783757732e-02,2.078566314129248662e-03,1.895369893247574185e-15,9.177720346041355676e-07
3.312450119182431372e+05,7.048103161429801755e-01,1.675459967691571137e+03,9.477920662714472977e-02,5.692007521513593460e-01,3.887314943091922659e-02,1.956645919331216534e-03,1.930139385309237374e-15,5.620142236144599420e-07
3.346008284669001587e+05,6.474136994741515050e-01,1.654607693822101510e+03,8.701673224937356288e-02,5.228921717175506467e-01,3.566304869956202217e-02,1.841407033920199098e-03,1.974330247943981006e-15,3.397737430137733412e-07
3.372349166350934538e+05,6.052353940378548680e-01,1.638229435209160329e+03,8.131372411978020354e-02,4.888605387932331570e-01,3.330548881773558179e-02,1.755415536295898285e-03,2.016293638210502570e-15,2.267708079681835412e-07
3.398690048032866907e+05,5.654521715744831312e-01,1.621841219508129825e+03,7.593568209038403793e-02,4.567601720337565174e-01,3.108298686002771566e-02,1.673180519500636976e-03,2.065315624102791614e-15,1.500708121423082325e-07
3.425030929714799277e+05,5.279476306326215118e-01,1.605442480065622476e+03,7.086678022985673508e-02,4.264972719314482630e-01,2.898892678700579553e-02,1.594553238868803933e-03,2.122111600525103478e-15,9.844543985674820015e-08
3.451371811396732228e+05,4.926101042953208720e-01,1.589032633109486824e+03,6.609183657067337070e-02,3.979818454858424781e-01,2.701696789353697295e-02,1.519390348479335686e-03,2.187520609076347205e-15,6.399678653179023874e-08
3.477712693078664597e+05,4.593325035269822387e-01,1.572611076602144976e+03,6.159629196966119602e-02,3.711275825384355853e-01,2.516103413509613793e-02,1.447553669205483206e-03,2.262527544697025105e-15,4.121458160369147656e-08
3.504053574760596966e+05,4.280121645445666978e-01,1.556177189011595374e+03,5.736618946300969801e-02,3.458517346592714370e-01,2.341530415578436247e-02,1.378909979894579968e-03,2.348290268239915334e-15,2.628660430731691246e-08
3.530394456442529918e+05,3.985507001495783852e-01,1.539730327991941522e+03,5.338815412045336273e-02,3.220749967091081634e-01,2.177420189470661432e-02,1.313330827030928039e-03,2.446172811549531033e-15,1.659827692798591040e-08
3.556735338124462287e+05,3.708538549587160893e-01,1.523269828965539773e+03,4.964937340045972453e-02,2.997213911608035408e-01,2.023238767570866015e-02,1.250692349240804324e-03,2.557786190827252784e-15,1.037250081494568227e-08
3.567393391551613458e+05,3.601279092190746711e-01,1.516605546735875123e+03,4.820176323184074269e-02,2.910644004142680652e-01,1.963558117063043604e-02,1.226155852630711734e-03,2.607272334704239319e-15,8.549702143110492727e-09
3.578051444978764630e+05,3.496702424460751413e-01,1.509938872566682448e+03,4.679052045350395178e-02,2.826237793026577516e-01,1.905386217188020925e-02,1.202073483367854106e-03,2.659456974242230254e-15,7.034662721253542900e-09
3.588709498405915219e+05,3.394751581821749409e-01,1.503269759002954970e+03,4.541487082546367265e-02,2.743949357428580038e-01,1.848690819252737927e-02,1.178437643700766145e-03,2.714492644967122225e-15,5.777622399531236013e-09
3.599367551833066391e+05,3.295370603450860081e-01,1.496598157871032072e+03,4.407405377190778267e-02,2.663733585256531922e-01,1.793440246376985792e-02,1.155240847256315539e-03,2.772543106154191578e-15,4.736496041622320043e-09
3.610025605260217562e+05,3.198504518003176256e-01,1.489924020258574046e+03,4.276732218697178872e-02,2.585546161684926236e-01,1.739603385160085058e-02,1.132475717500133500e-03,2.833784276593666355e-15,3.875749428452698409e-09
3.620683658687368734e+05,3.104099329492981951e-01,1.483247296493907243e+03,4.149394224260264524e-02,2.509343557803862534e-01,1.687149677465202627e-02,1.110134986223762629e-03,2.898405259439434417e-15,3.165430620262426119e-09
3.631341712114519905e+05,3.012102003333709810e-01,1.476567936124689595e+03,4.025319319855592826e-02,2.435083019392241810e-01,1.636049112319217652e-02,1.088211492059098714e-03,2.966609465576680985e-15,2.580336618504744528e-09
3.635973080038171611e+05,2.972862619167876974e-01,1.473664641250698651e+03,3.972402712044392770e-02,2.403408386704750377e-01,1.614258068739070351e-02,1.078813078838695419e-03,2.997418658569058724e-15,2.359636339594634933e-09
3.640604447961822734e+05,2.934063837032718780e-01,1.470760834594486369e+03,3.920083146845661226e-02,2.372089127777887441e-01,1.592714575550408657e-02,1.069491544505089993e-03,3.028964523059775099e-15,2.157014307860873866e-09
3.645235815885474440e+05,2.895701471319120923e-01,1.467856511872440706e+03,3.868354936401867394e-02,2.341121868296529296e-01,1.571416264726187284e-02,1.060246319918619739e-03,3.061266619048759533e-15,1.971056963582793152e-09
3.649867183809125563e+05,2.857771369299081377e-01,1.464951668770795095e+03,3.817212437617491239e-02,2.310503260442616225e-01,1.550360786941098329e-02,1.051076839601650320e-03,3.094345153958746959e-15,1.800455848259913008e-09
3.654498551732777269e+05,2.820269410918017639e-01,1.462046300945257826e+03,3.766650051876241356e-02,2.280229982727973448e-01,1.529545811452175455e-02,1.041982541716929668e-03,3.128221006956903970e-15,1.644000207719117925e-09
3.659129919656428392e+05,2.783191508584874074e-01,1.459140404020628694e+03,3.716662224755335614e-02,2.250298739825371264e-01,1.508969025977893209e-02,1.032962868044734949e-03,3.162915754294309986e-15,1.500570085255823788e-09
3.660113874387678225e+05,2.775368373976075387e-01,1.458522964720178152e+03,3.706115564802293233e-02,2.243983455619352474e-01,1.504627855921924530e-02,1.031056156751425021e-03,3.170394382137151426e-15,1.471675477035175775e-09
3.661097829118928057e+05,2.767564158078288372e-01,1.457905501296617786e+03,3.695594537168343796e-02,2.237683430941579399e-01,1.500297311525310498e-02,1.029152783418857972e-03,3.177911194319491294e-15,1.443312312667299104e-09
3.662081783850177890e+05,2.759778822254853048e-01,1.457288013707443497e+03,3.685099089353458673e-02,2.231398634643838863e-01,1.495977370933584440e-02,1.027252742756540500e-03,3.185466410529221465e-15,1.415471286758457676e-09
3.663065738581427140e+05,2.752012327934366676e-01,1.456670501910086386e+03,3.674629168946431240e-02,2.225129035630504515e-01,1.491668012329401376e-02,1.025356029481369656e-03,3.193060252009877382e-15,1.388143248424959324e-09
3.664049693312676973e+05,2.744264636609985430e-01,1.456052965861912980e+03,3.664184723623963025e-02,2.218874602857978662e-01,1.487369213932141637e-02,1.023462638317256413e-03,3.200692941569526939e-15,1.361319198871831485e-09
3.664148088785794680e+05,2.743490900161795754e-01,1.455991210921657284e+03,3.663141678209608232e-02,2.218249992530385573e-01,1.486939914066354347e-02,1.023273481714047448e-03,3.201458355795066934e-15,1.358664171325286967e-09
3.664246484258912969e+05,2.742717351320694830e-01,1.455929455738423940e+03,3.662098886971499462e-02,2.217625533524285597e-01,1.486510719563465151e-02,1.023084358274009261e-03,3.202224160969438895e-15,1.356014086286541773e-09
3.664344879732030677e+05,2.741943990048283375e-01,1.455867700312169973e+03,3.661056349857459008e-02,2.217001225808724885e-01,1.486081630401721310e-02,1.022895267991850727e-03,3.202990357317748225e-15,1.353368935002932110e-09
3.664443275205148384e+05,2.741170816306168212e-01,1.455805944642852637e+03,3.660014066815321654e-02,2.216377069352750140e-01,1.485652646559436178e-02,1.022706210862323441e-03,3.203756945065667913e-15,1.350728708736307689e-09
3.664453114752463298e+05,2.741093509244644788e-01,1.455799769062550695e+03,3.659909852483052978e-02,2.216314662025238025e-01,1.485609753966941546e-02,1.022687306972566929e-03,3.203833625376243635e-15,1.350464956649565599e-09
3.664462954299777630e+05,2.741016204058002170e-01,1.455793593479817673e+03,3.659805640690930867e-02,2.216252256209980953e-01,1.485566862427411747e-02,1.022668403414274006e-03,3.203910309603171779e-15,1.350201253717085322e-09
3.664472793847092544e+05,2.740938900746202611e-01,1.455787417894653572e+03,3.659701431438903280e-02,2.216189851906950614e-01,1.485523971940795433e-02,1.022649500187434914e-03,3.203986997746731998e-15,1.349937599930104741e-09
3.664482633394406876e+05,2.740861599309207253e-01,1.455781242307058164e+03,3.659597224726912623e-02,2.216127449116111758e-01,1.485481082507110820e-02,1.022630597292086951e-03,3.204063689807547886e-15,1.349673995279829065e-09
3.664487553168057348e+05,2.740822949293748034e-01,1.455778154512348920e+03,3.659545122323418220e-02,2.216096248287756088e-01,1.485459638185094092e-02,1.022621145968683788e-03,3.204102037306642074e-15,1.349542211378340357e-09
3.664492472941707238e+05,2.740784299746975572e-01,1.455775066717031677e+03,3.659493020554911713e-02,2.216065047837435520e-01,1.485438194126307426e-02,1.022611694728172652e-03,3.204140385785338213e-15,1.349410439757663266e-09
3.664497392715357710e+05,2.740745650668884870e-01,1.455771978921106665e+03,3.659440919421393101e-02,2.216033847765150055e-01,1.485416750330719078e-02,1.022602243570484805e-03,3.204178735242981153e-15,1.349278680416954068e-09
3.664504296389614465e+05,2.740691417125664109e-01,1.455767645983255306e+03,3.659367809558947832e-02,2.215990066889074739e-01,1.485386659762529503e-02,1.022588981347133386e-03,3.204232549998560268e-15,1.349093810372266799e-09
3.664512889537450392e+05,2.740623912788536232e-01,1.455762252727696932e+03,3.659276809936826830e-02,2.215935572955448907e-01,1.485349206133715176e-02,1.022572473736383476e-03,3.204299534536322260e-15,1.348863734431351405e-09
3.664555855276629445e+05,2.740286412549441386e-01,1.455735287236653221e+03,3.658821841013706888e-02,2.215663120572729794e-01,1.485161950165328829e-02,1.022489938163647152e-03,3.204634456163497415e-15,1.347713951060051921e-09
3.664598821015809081e+05,2.739948948052459143e-01,1.455708323056897143e+03,3.658366920733500949e-02,2.215390696997312225e-01,1.484974714488554101e-02,1.022407406725766481e-03,3.204969376009015227e-15,1.346565160944518438e-09
3.664603117589734029e+05,2.739915203568466517e-01,1.455705626711044488e+03,3.658321431380688604e-02,2.215363456224083427e-01,1.484955992036850018e-02,1.022399153809396650e-03,3.205002867895057292e-15,1.346450336528786710e-09
3.664607414163658977e+05,2.739881459441863010e-01,1.455702930378305382e+03,3.658275942514262191e-02,2.215336215738900050e-01,1.484937269788058276e-02,1.022390900934365063e-03,3.205036359763023794e-15,1.346335522036145635e-09
3.664611710737583926e+05,2.739847715672645845e-01,1.455700234058679825e+03,3.658230454134217546e-02,2.215308975541763203e-01,1.484918547742147821e-02,1.022382648100685163e-03,3.205069851612917492e-15,1.346220717465714678e-09
3.664616007311508874e+05,2.739813972260812802e-01,1.455697537752167818e+03,3.658184966240551894e-02,2.215281735632669280e-01,1.484899825899137736e-02,1.022374395308348494e-03,3.205103343444935601e-15,1.346105922816582907e-09
3.664616436968907365e+05,2.739810597939285608e-01,1.455697268122237801e+03,3.658180417477935320e-02,2.215279011657602104e-01,1.484897953725998650e-02,1.022373570031397116e-03,3.205106692627174174e-15,1.346094443897296177e-09
3.664616866626305273e+05,2.739807223621332222e-01,1.455696998492438979e+03,3.658175868720182217e-02,2.215276287685415402e-01,1.484896081554884679e-02,1.022372744754851013e-03,3.205110041809172144e-15,1.346082965077243410e-09
3.664617296283703181e+05,2.739803849306952088e-01,1.455696728862771351e+03,3.658171319967294666e-02,2.215273563716109173e-01,1.484894209385795999e-02,1.022371919478704547e-03,3.205113390990892434e-15,1.346071486356391312e-09
3.664617511112395441e+05,2.739802162150655751e-01,1.455696594047970393e+03,3.658169045592074564e-02,2.215272201732174651e-01,1.484893273301776846e-02,1.022371506840663840e-03,3.205115065581227593e-15,1.346065747032434933e-09
3.664617725941087701e+05,2.739800474995252588e-01,1.455696459233202177e+03,3.658166771218070851e-02,2.215270839748960385e-01,1.484892337218258855e-02,1.022371094202712688e-03,3.205116740171333982e-15,1.346060007733326439e-09
3.664617940769779379e+05,2.739798787840742600e-01,1.455696324418466702e+03,3.658164496845282831e-02,2.215269477766466932e-01,1.484891401135242199e-02,1.022370681564871474e-03,3.205118414761429326e-15,1.346054268459017439e-09
3.664618155598471640e+05,2.739797100687126896e-01,1.455696189603763969e+03,3.658162222473711200e-02,2.215268115784692904e-01,1.484890465052747174e-02,1.022370268927128272e-03,3.205120089351559775e-15,1.346048529209466990e-09
3.664618370427163318e+05,2.739795413534403812e-01,1.455696054789093978e+03,3.658159948103353876e-02,2.215266753803639965e-01,1.484889528970733362e-02,1.022369856289490671e-03,3.205121763941550991e-15,1.346042789984747675e-09
3.665692513906804379e+05,2.731370814990210505e-01,1.455022391548490987e+03,3.646803291225545612e-02,2.208465847328280607e-01,1.480215457553165498e-02,1.020307960748116942e-03,3.213494111343368324e-15,1.317654498843473996e-09
3.666766657386444858e+05,2.722968507670153748e-01,1.454349548768263276e+03,3.635476971088848902e-02,2.201682907084774321e-01,1.475554041075213992e-02,1.018248647021168874e-03,3.221865078993639226e-15,1.289872905492050485e-09
3.672137374784647836e+05,2.681289768590984224e-01,1.450997671536728149e+03,3.579298273648143236e-02,2.168036434301307269e-01,1.452435880841226011e-02,1.007990724452073475e-03,3.263690293586171472e-15,1.159618664746043890e-09
3.677508092182851397e+05,2.640161591691420617e-01,1.447666432592030105e+03,3.523868808037900618e-02,2.134833706803406783e-01,1.429630236230628598e-02,9.977970034223148689e-04,3.305442286666857086e-15,1.042690463303109437e-09
3.682878809581054375e+05,2.599578410588811450e-01,1.444355935712641440e+03,3.469180962081611780e-02,2.102070241919421489e-01,1.407133910168350578e-02,9.876672067196860891e-04,3.347087696543491699e-15,9.377163572778566153e-10
3.704361679173895973e+05,2.442585411544609120e-01,1.431323377862323014e+03,3.257695002824556596e-02,1.975320239411771650e-01,1.320178453808247034e-02,9.477820323778650240e-04,3.511900573281290234e-15,6.145743435433942895e-10
3.725844548766736989e+05,2.293875174375318848e-01,1.418630485700012741e+03,3.057476923700347404e-02,1.855246398307283939e-01,1.237920817878830106e-02,9.088997867935618476e-04,3.672081499949110612e-15,4.042144527703852580e-10
3.747327418359578005e+05,2.153106497498374072e-01,1.406282908499370706e+03,2.868059774276782506e-02,1.741573978578034865e-01,1.160164692884561519e-02,8.710069534591073637e-04,3.825050920087545352e-15,2.669575828724921592e-10
3.768810287952419021e+05,2.019946240350443678e-01,1.394285687321461864e+03,2.688987453120907783e-02,1.634034748939082182e-01,1.086718227052433684e-02,8.340921622555746810e-04,3.968055044785522266e-15,1.771432186517485598e-10
3.790293157545260619e+05,1.894069356493102985e-01,1.382643200797134341e+03,2.519814764988064990e-02,1.532367012463307920e-01,1.017394056230089272e-02,7.981460726215158005e-04,4.098231541000215728e-15,1.181723420189506679e-10
3.811776027138101636e+05,1.775158931403824081e-01,1.371359114669281098e+03,2.360107487694469708e-02,1.436315635590356687e-01,9.520093401145878972e-03,7.631612239526040136e-04,4.212690858877534619e-15,7.929936846519241505e-11
3.833258896730942652e+05,1.662906223880002421e-01,1.360436336134490148e+03,2.209442447159183295e-02,1.345632079688965088e-01,8.903858040207600008e-03,7.291318537408162650e-04,4.308611056758680410e-15,5.355918863498792127e-11
3.854741766323784250e+05,1.557010709800693837e-01,1.349876973988046529e+03,2.067407598731500762e-02,1.260074434190279757e-01,8.323497852174307696e-03,6.960536851185893277e-04,4.383342564729617412e-15,3.642911383580576917e-11
3.876224635916625266e+05,1.457180126820245281e-01,1.339682305507012643e+03,1.933602112565171657e-02,1.179407450180411515e-01,7.777322826701898485e-03,6.639236866596206219e-04,4.434517965429003559e-15,2.496569645125442355e-11
3.897707505509466282e+05,1.363130518416551529e-01,1.329852750902940443e+03,1.807636460475843185e-02,1.103402573227677402e-01,7.263690088428910625e-03,6.327398084476667768e-04,4.460160727013466634e-15,1.724794897221606351e-11
3.919190375102307880e+05,1.274586275592700935e-01,1.320387856040863198e+03,1.689132501440037890e-02,1.031837974129196089e-01,6.781004420432217017e-03,6.025006994953656641e-04,4.458786064810664646e-15,1.201806082229122286e-11
3.940673244695148896e+05,1.191280174440026013e-01,1.311286283957034129e+03,1.577723562676913369e-02,9.644985761966173854e-02,6.327718776602766874e-03,5.732054125151849052e-04,4.429486882561398906e-15,8.449353309478115385e-12
3.960527998139669653e+05,1.118720827238862126e-01,1.303195644745488153e+03,1.480758782298505563e-02,9.058389714865502929e-02,5.933628918220096131e-03,5.469688278696225713e-04,4.377337135497926610e-15,6.152036196311005835e-12
3.980382751584190992e+05,1.050216690071206910e-01,1.295411043740868536e+03,1.389272822896196052e-02,8.504517818861491441e-02,5.562160383252553846e-03,5.216022017715618315e-04,4.303617103073891216e-15,4.515384938817633804e-12
4.000237505028711748e+05,9.855760297167825978e-02,1.287929442267065042e+03,1.303016012741922865e-02,7.981813481986223258e-02,5.212337327386666434e-03,4.969706936625664130e-04,4.204640524825578444e-15,3.343369105069095278e-12
4.020092258473232505e+05,9.246132839454349051e-02,1.280747196082683104e+03,1.221726982122078690e-02,7.488789945370975809e-02,4.883017976815436610e-03,4.731411402961371773e-04,4.083981243365449758e-15,2.497281276056509537e-12
4.039947011917753262e+05,8.671490564037741267e-02,1.273860078978314505e+03,1.145159747224262087e-02,7.024003151192018124e-02,4.573165507637871538e-03,4.501111466907974220e-04,3.943383664638163628e-15,1.882009286765913524e-12
4.059801765362274600e+05,8.130101027442010464e-02,1.267263311316743511e+03,1.073076853490563531e-02,6.586058468647208730e-02,4.281779589388651913e-03,4.278774622187161655e-04,3.784988648868718483e-15,1.431229698764553228e-12
4.079656518806795357e+05,7.620293072790199074e-02,1.260951593050835299e+03,1.005249357389787976e-02,6.173610492251480758e-02,4.007896387927188143e-03,4.064358424600569776e-04,3.611263665881270797e-15,1.098441087771074452e-12
4.099511272251316113e+05,7.140456495723351837e-02,1.254919140675954850e+03,9.414567921214752472e-03,5.785362761406470655e-02,3.750588487465806448e-03,3.857809336339763462e-04,3.424920986090226544e-15,8.508542937121144910e-13
4.119366025695836870e+05,6.689041605258840006e-02,1.249159727512006157e+03,8.814871164673492021e-03,5.420067397847481983e-02,3.508964727413279184e-03,3.659061813583641882e-04,3.228828412511627355e-15,6.652127877184754881e-13
4.139220779140358209e+05,6.264558676679349292e-02,1.243666726666312343e+03,8.251366462867976148e-03,5.076524658731252498e-02,3.282169951305059178e-03,3.468037647799842617e-04,3.025917392342953717e-15,5.249212792315014710e-13
4.158578978961397661e+05,5.875255760569682989e-02,1.238560938968268601e+03,7.734934049189393611e-03,4.761416772943818237e-02,3.074541843177733009e-03,3.289139834682859348e-04,2.824290771225090185e-15,4.204036057801066514e-13
4.177937178782437695e+05,5.508922397355948963e-02,1.233695014014657545e+03,7.249311732575126031e-03,4.464866835351943147e-02,2.879503838061058321e-03,3.117400490616025117e-04,2.621538455385615206e-15,3.396497255113978650e-13
4.197295378603477729e+05,5.164338560641841547e-02,1.229061959410331156e+03,6.792835869923358715e-03,4.185891858342527527e-02,2.696360046712703226e-03,2.952711060778623136e-04,2.420090895662272872e-15,2.767915355059514866e-13
4.216653578424517764e+05,4.840335503835375974e-02,1.224654586325370246e+03,6.363914358785674810e-03,3.923550009471619970e-02,2.524445444189993976e-03,2.794951404321577033e-04,2.222162011228077196e-15,2.275015905657979195e-13
4.236011778245557216e+05,4.535794817522489919e-02,1.220465550395444325e+03,5.961025298081230710e-03,3.676939857371786663e-02,2.363125278276870939e-03,2.643990249583365185e-04,2.029708455933298855e-15,1.885687279819232966e-13
4.255369978066597250e+05,4.249647406199825311e-02,1.216487391670189936e+03,5.582715522290017038e-03,3.445199554342134873e-02,2.211794415356276716e-03,2.499685807711618914e-04,1.844402073298830308e-15,1.575952082121378588e-13
4.274728177887637285e+05,3.980872390129253785e-02,1.212712573193839717e+03,5.227599019274296877e-03,3.227505960034846716e-02,2.069876629306182693e-03,2.361886522291411616e-04,1.667615344415148108e-15,1.327794470122441265e-13
4.294086377708677319e+05,3.728495938807807608e-02,1.209133517857002744e+03,4.894355243016190911e-03,3.023073711226883370e-02,1.936823839556204565e-03,2.230431931225939246e-04,1.500418940776553913e-15,1.127593215136737264e-13
4.313444577529717353e+05,3.491590043138273480e-02,1.205742643216294482e+03,4.581727333422777951e-03,2.831154243136599705e-02,1.812115304835828665e-03,2.105153616602855270e-04,1.343589952863735298e-15,9.649855369924404157e-14
4.332802777350756805e+05,3.269271233839667057e-02,1.202532394037907807e+03,4.288520255948710669e-03,2.651034768112719639e-02,1.695256779384117594e-03,1.985876218522477971e-04,1.197628994157235717e-15,8.320388059740312364e-14
4.356403041437697830e+05,3.016750368225144113e-02,1.198852123462616191e+03,3.955648186146022184e-03,2.446429300087864245e-02,1.562690248946115501e-03,1.848722462095254385e-04,1.035394317835278171e-15,7.010035003321055113e-14
4.380003305524638272e+05,2.783225099107520389e-02,1.195415765629736825e+03,3.648060385005362071e-03,2.257190612600125032e-02,1.440340229534736944e-03,1.719442504732591776e-04,8.889092381234273282e-16,5.970473205920844808e-14
4.403603569611578714e+05,2.567345388980571755e-02,1.192210163179488291e+03,3.363894480542495204e-03,2.082233111180124829e-02,1.327415230931811409e-03,1.598130664780455850e-04,7.585493715253917214e-16,5.135939174468484988e-14
4.427203833698519156e+05,2.367846041520469888e-02,1.189222468820894392e+03,3.101449047412418222e-03,1.920535033142490439e-02,1.223217411520837340e-03,1.484436248012901884e-04,6.435924594476781719e-16,4.460276911232145569e-14
4.450804097785459599e+05,2.183542832916047713e-02,1.186440193818234548e+03,2.859134020753110756e-03,1.771139761638551233e-02,1.127096060851145044e-03,1.378006311310745011e-04,5.430810527468823518e-16,3.908778489660310045e-14
4.474404361872400041e+05,2.013328634271224077e-02,1.183851248034247874e+03,2.635465123375823476e-03,1.633152729963697689e-02,1.038445102630505259e-03,1.278488170339253649e-04,4.559004922828343658e-16,3.455125927909979830e-14
4.498004625959341065e+05,1.856169551338886226e-02,1.181443971951230651e+03,2.429058337600463208e-03,1.505738337727709902e-02,9.567006286150355658e-04,1.185531698650932791e-04,3.808470570374066435e-16,3.079200028881225174e-14
4.521604890046281507e+05,1.711101105431042310e-02,1.179207161196510015e+03,2.238624456775861749e-03,1.388116897847563487e-02,8.813384795221589161e-04,1.098791395087966687e-04,3.166848843653688058e-16,2.765498008548920692e-14
4.545205154133221949e+05,1.577224476745759177e-02,1.177130084173121304e+03,2.062963746959488309e-03,1.279561631325373296e-02,8.118718865924091140e-04,1.017928206266800029e-04,2.621913397087997690e-16,2.501981883423436215e-14
4.568805418220162392e+05,1.453702828652758162e-02,1.175202493443014646e+03,1.900960744666393368e-03,1.179395724688235732e-02,7.478491850021868302e-04,9.426110995363411291e-05,2.161913246417008822e-16,2.279233951875213090e-14
4.592749957017683191e+05,1.338162735262401169e-02,1.173389538034618454e+03,1.749488606721465601e-03,1.085695925700694980e-02,6.880261892800315377e-04,8.715329959451412483e-05,1.770678632864245095e-16,2.087285816232797277e-14
4.616694495815203991e+05,1.231725535838692868e-02,1.171710744700979376e+03,1.610004985692094085e-03,9.993728507101990940e-03,6.329710790953789771e-04,8.055078647808474473e-05,1.444918866890747661e-16,1.923526282460053226e-14
4.640639034612725372e+05,1.133690612734294771e-02,1.170156955550854491e+03,1.481579577342357528e-03,9.198594983212871404e-03,5.823092967459345039e-04,7.442227002383544469e-05,1.175049350083170939e-16,1.783063551999947677e-14
4.664583573410246172e+05,1.043408503722431137e-02,1.168719521603812609e+03,1.363351021047838011e-03,8.466301648339093211e-03,5.356946504481172131e-04,6.873771737254818104e-05,9.525320109772288608e-17,1.661975172678899376e-14
4.688528112207766972e+05,9.602775912134984757e-03,1.167390291927652243e+03,1.254522306843190282e-03,7.791977845444593084e-03,4.928073475765602524e-04,6.346841225499272614e-05,7.698584614756413422e-17,1.557095368793406839e-14
4.712472651005287771e+05,8.837409432066520645e-03,1.166161600089742933e+03,1.154356409383648771e-03,7.171113903005947587e-03,4.533521344577226986e-04,5.858698520448092845e-05,6.205004662464398115e-17,1.465852934912541407e-14
4.736417189802808571e+05,8.132833084037120047e-03,1.165026248471493773e+03,1.062172149958418845e-03,6.599536964827727725e-03,4.170565419301818953e-04,5.406742730687930218e-05,4.988390334306494582e-17,1.386146850682565475e-14
4.760361728600329370e+05,7.484282661663566039e-03,1.163977490939133986e+03,9.773402853242927745e-04,6.073388051771881797e-03,3.836692348998112473e-04,4.988508965437811325e-05,4.000812216828837850e-17,1.316250223244003828e-14
4.784306267397850170e+05,6.887355304943093733e-03,1.163009014307970801e+03,8.992798201451207693e-04,5.589100350868946368e-03,3.529584633276707222e-04,4.601667058877639702e-05,3.201716751542130533e-17,1.254735641123548110e-14
4.808250806195370969e+05,6.337984059183254283e-03,1.162114918982595555e+03,8.274545381807866477e-04,5.143378716825550839e-03,3.247106114650196492e-04,4.244019269986860828e-05,2.557040497201075265e-17,1.200416814310927782e-14
4.832195344992891769e+05,5.832413921477488765e-03,1.161289699103582734e+03,7.613697460681202820e-04,4.733180362314197767e-03,2.987288416845863435e-04,3.913497139904173906e-05,2.038359303104970569e-17,1.152302678261528413e-14
4.856139883790413151e+05,5.367179334430931432e-03,1.160528222482634874e+03,7.005692225052114743e-04,4.355696706272653256e-03,2.748318289159161704e-04,3.608157672603745994e-05,1.622095705420257849e-17,1.109561093657081009e-14
4.880084422587933950e+05,4.939083079944377869e-03,1.159825710562999120e+03,6.446323648733823936e-04,4.008336343720340748e-03,2.528525814624723255e-04,3.326178987745379386e-05,1.288797959758755389e-17,1.071489976668879488e-14
4.908903986818433623e+05,4.468918982635890734e-03,1.159052092544232892e+03,5.832100310851934689e-04,3.626830547473062702e-03,2.287247789133744201e-04,3.015362515393962942e-05,9.752663076612644310e-18,1.031025122107966149e-14
4.937723551048933296e+05,4.043593539698779431e-03,1.158350322047902409e+03,5.276556877306701849e-04,3.281697972844883730e-03,2.069082583939314466e-04,2.733162071933066775e-05,7.366097768063816547e-18,9.955980293915628310e-15
4.966543115279433550e+05,3.658844096127948121e-03,1.157713861715768644e+03,4.774096842335278377e-04,2.969482545219126642e-03,1.871814932321611371e-04,2.477037343348194366e-05,5.554063050415503348e-18,9.644868360585124534e-15
4.995362679509933223e+05,3.310808153741928630e-03,1.157136740639387654e+03,4.319652211582614924e-04,2.687052315120915576e-03,1.693440665086080117e-04,2.244655094476847348e-05,4.181378442307500917e-18,9.370895866904208498e-15
5.024182243740432896e+05,2.995986963957793323e-03,1.156613510764723515e+03,3.908634873620799206e-04,2.431570022861245968e-03,1.532146961156983015e-04,2.033875760963683394e-05,3.143643738200783064e-18,9.129015095628383995e-15
5.053001807970932568e+05,2.711212202350777797e-03,1.156139205604830977e+03,3.536892181601242104e-04,2.200466145428853302e-03,1.386294363759386699e-04,1.842740237694429954e-05,2.360566284503970465e-18,8.914970843409060462e-15
5.081821372201432823e+05,2.453615508081377454e-03,1.155709301352212378e+03,3.200666432108254574e-04,1.991414252571556062e-03,1.254400421321480766e-04,1.669457015812100603e-05,1.770624330873318335e-18,8.725158009641955291e-15
5.110640936431932496e+05,2.220600678044561994e-03,1.155319680425107663e+03,2.896557941390913373e-04,1.802308504077433302e-03,1.135124819966758551e-04,1.512389782280378947e-05,1.326835908699835455e-18,8.556507807311918082e-15
5.139460500662432169e+05,2.009818314028914438e-03,1.154966597436700340e+03,2.621491433935014864e-04,1.631243126732391394e-03,1.027255882560586546e-04,1.370045563855568131e-05,9.934295390252624180e-19,8.406396306019096431e-15
5.168280064892932423e+05,1.819142730770177598e-03,1.154646647541237144e+03,2.372685474171681061e-04,1.476493716887925488e-03,9.296983174984128028e-05,1.241063470696953480e-05,7.432418601008211496e-19,8.272570504359341750e-15
5.197099629123432096e+05,1.646650943132260594e-03,1.154356737084728593e+03,2.147624688499519870e-04,1.336500222683962647e-03,8.414621085942909640e-05,1.124204073076321930e-05,5.556952650822749471e-19,8.153088241629619037e-15
5.225919193353931769e+05,1.490603561415072050e-03,1.154094056468745976e+03,1.944034541326438456e-04,1.209851468461373277e-03,7.616524454175700200e-05,1.018339427125114258e-05,4.152343152692152402e-19,8.046269096930561797e-15
5.254738757584431442e+05,1.349427434706758702e-03,1.153856055122589623e+03,1.759858445208607443e-04,1.095271092547329050e-03,6.894606011365353004e-05,9.224437516964733544e-06,3.101223135238172602e-19,7.950654058822897242e-15
5.283558321814931696e+05,1.221699893056957514e-03,1.153640418470620489e+03,1.593237001143861216e-04,9.916047782287081350e-04,6.241556722936652266e-05,8.355847476631569323e-06,2.315187770157461520e-19,7.864972232809728560e-15
5.312377886045430787e+05,1.106134449888660550e-03,1.153445046776919753e+03,1.442489180496304079e-04,8.978086662113518666e-04,5.650771019162510571e-05,7.569155428264862102e-06,1.727747443841633569e-19,7.788113225071024760e-15
5.340208179366419790e+05,1.004986650211367634e-03,1.153273826804468399e+03,1.310554584612930022e-04,8.157136807126172699e-04,5.133753395572572407e-05,6.879977074010122721e-06,1.301996083531478050e-19,7.721352439022431224e-15
5.368038472687407630e+05,9.131462333507658902e-04,1.153118170355808843e+03,1.190765423144160540e-04,7.411723705499153074e-04,4.664361748288621394e-05,6.253702995886989086e-06,9.809214502511213087e-20,7.661140039135126504e-15
5.395868766008395469e+05,8.297524410261116878e-04,1.152976660942252238e+03,1.081997584818078230e-04,6.734862511272527233e-04,4.238182703411723541e-05,5.684604375327018301e-06,7.388774938791024537e-20,7.606793920711965881e-15
5.423699059329383308e+05,7.540243415987917365e-04,1.152848010413647444e+03,9.832313619004199158e-05,6.120215998880951724e-04,3.851213718562433762e-05,5.167468327472366619e-06,5.564692124862063580e-20,7.557709527837133101e-15
5.451529352650371147e+05,6.852534366827382891e-04,1.152731047513003205e+03,8.935417539063987644e-05,5.562034608436140434e-04,3.499824766118469105e-05,4.697552779786290993e-06,4.190401695738665506e-20,7.513349978236675493e-15
5.479359645971358987e+05,6.227969463185578083e-04,1.152624707412315729e+03,8.120896658659003647e-05,5.055101989010300084e-04,3.180723579458311377e-05,4.270545028881416865e-06,3.155221900437585237e-20,7.473237613546647201e-15
5.507189939292347990e+05,5.660717119422378242e-04,1.152528022153221855e+03,7.381139202200710271e-05,4.594685548354025969e-04,2.890924135024936352e-05,3.882523727141850789e-06,2.375617673322790031e-20,7.436946743550244914e-15
5.535020232613335829e+05,5.145486615139783408e-04,1.152440111920546315e+03,6.709240084087224104e-05,4.176491558872844436e-04,2.627718072110860954e-05,3.529924057308923285e-06,1.788574659384629166e-20,7.404097394401007094e-15
5.562850525934323668e+05,4.677477859330834986e-04,1.152360177081317261e+03,6.098935146537993372e-05,3.796624408087264464e-04,2.388648778961156074e-05,3.209505861991208455e-06,1.346579284463203881e-20,7.374349904259287642e-15
5.590680819255311508e+05,4.252335802665020703e-04,1.152287490926280725e+03,5.544541503821918754e-05,3.451549617329722542e-04,2.171487898258011722e-05,2.918324505382992226e-06,1.013819405614794516e-20,7.347400236825814023e-15
5.618511112576299347e+05,3.866109073790298910e-04,1.152221393055323233e+03,5.040903431908680242e-05,3.138060285224299932e-04,1.974214027438226388e-05,2.653704255807877978e-06,7.633113114971244912e-21,7.322975905228861637e-15
5.646341405897287186e+05,3.515212452910843575e-04,1.152161283352433202e+03,4.583343292683967479e-05,2.853246642697582799e-04,1.794993409756553615e-05,2.413213989619985195e-06,5.747289091662545496e-21,7.300832416648487672e-15
5.674171699218275025e+05,3.196392830246800069e-04,1.152106616499887878e+03,4.167617027794223743e-05,2.594468434034118164e-04,1.632162430687565462e-05,2.194645029169475088e-06,4.327646019934561299e-21,7.280750162717408683e-15
5.702001992539264029e+05,2.906698328492293248e-04,1.152056896985206095e+03,3.789873799216847650e-05,2.359329863971452556e-04,1.484211751294354870e-05,1.995990939709461125e-06,3.258923758304367501e-21,7.262531692791048841e-15
5.729832285860251868e+05,2.643450297253553466e-04,1.152011674558057848e+03,3.446619392072561289e-05,2.145656874181156245e-04,1.349771925716872328e-05,1.815429122099380671e-06,2.454348871771452280e-21,7.245999317107862303e-15
5.757662579181239707e+05,2.404217913858416997e-04,1.151970540097747062e+03,3.134683030279641458e-05,1.951476533853506597e-04,1.227600364066288072e-05,1.651304049800783618e-06,1.848601557360956195e-21,7.230992995049273669e-15
5.785492872502227547e+05,2.186795149063034652e-04,1.151933121855098534e+03,2.851187287655295073e-05,1.774998348639357038e-04,1.116569514874213836e-05,1.502112009855307431e-06,1.392515583823038323e-21,7.217368470544017660e-15
5.813323165823215386e+05,1.989179878215089237e-04,1.151899082035573429e+03,2.593520806242128042e-05,1.614597310042643907e-04,1.015656152939847223e-05,1.366487218219805866e-06,1.049085540234616491e-21,7.204995622305288351e-15
5.841153459144203225e+05,1.809554938529878056e-04,1.151868113693225041e+03,2.359313560208833757e-05,1.468798523632654327e-04,9.239316690485143178e-06,1.243189189955101302e-06,7.904597759378585387e-22,7.193757001339358925e-15
5.868983752465192229e+05,1.646270951451712906e-04,1.151839937907685453e+03,2.146414427859410376e-05,1.336263269281766125e-04,8.405532676912536315e-06,1.131091254304488540e-06,5.956762219915958836e-22,7.183546532118316730e-15
5.896814045786180068e+05,1.497830745754105566e-04,1.151814301218760193e+03,1.952870856285688673e-05,1.215776360149022620e-04,7.647559876836223944e-06,1.029170113640912280e-06,4.489578935072449314e-22,7.174268357151764869e-15
5.924644339107167907e+05,1.362875232214384160e-04,1.151790973295413096e+03,1.776910423200397761e-05,1.106234679432343605e-04,6.958454685419357758e-06,9.364963536148746171e-07,3.384299211117216825e-22,7.165835807491254753e-15
5.952474632428155746e+05,1.240170594508560511e-04,1.151769744817946730e+03,1.616924118665587988e-05,1.006636785104607563e-04,6.331913926976165032e-06,8.522258196050707093e-07,2.551539791518692993e-22,7.158170484090612220e-15
5.980304925749143586e+05,1.128596673528071959e-04,1.151750425554050025e+03,1.471451185943196587e-05,9.160734830260864367e-05,5.762215401831797297e-06,7.755917817835802010e-07,1.924016515639603571e-22,7.151201436950444843e-15
6.008135219070131425e+05,1.027136433730249714e-04,1.151732842611094839e+03,1.339165375688336685e-05,8.337192780755825169e-05,5.244163983662061299e-06,7.058978177764420786e-07,1.451076399750150350e-22,7.144864430697829408e-15
6.035965512391120428e+05,9.348664104994060774e-05,1.151716838848628868e+03,1.218862481316451390e-05,7.588246213461975948e-05,4.773042746961713299e-06,6.425113480555199065e-07,1.094583160007109938e-22,7.139101286712200654e-15
6.063795805712108267e+05,8.509480469077001347e-05,1.151702271436450701e+03,1.109449035726945547e-05,6.907088790835032039e-05,4.344568653148603867e-06,5.848577648677558194e-07,8.258211929825603112e-23,7.133859293165971414e-15
6.091626099033096107e+05,7.746198368093254916e-05,1.151689010544963367e+03,1.009932060771836686e-05,6.287539559727428227e-05,3.954852368090119264e-06,5.324151007206709960e-07,6.231658841129375720e-23,7.129090675423749969e-15
6.119456392354083946e+05,7.051901989559737009e-05,1.151676938155699645e+03,9.194097710224679028e-06,5.723985116704294053e-05,3.600361823976719173e-06,4.847091872282742869e-07,4.703305055277044445e-23,7.124752120162798872e-15
6.147286685675071785e+05,6.420310138572618477e-05,1.151665946981015395e+03,8.370631426053341288e-06,5.211327151820866724e-05,3.277889174835716905e-06,4.413092595076582760e-07,3.550469339404824234e-23,7.120804347395270499e-15
6.175116978996059624e+05,5.845717614921487674e-05,1.151655939482932808e+03,7.621482662362120772e-06,4.744934868646604565e-05,2.984520827936351541e-06,4.018239653331537456e-07,2.680727709517076598e-23,7.117211725242584217e-15
6.202947272317047464e+05,5.322942037658757238e-05,1.151646826982041603e+03,6.939894111594063763e-06,4.320601825275812319e-05,2.717610263194566533e-06,3.658977419268712275e-07,2.024440510558148837e-23,7.113941922935070036e-15
6.230777565638036467e+05,4.847275608560836039e-05,1.151638528848179703e+03,6.319727335677623372e-06,3.934506783645938771e-05,2.474753379739868433e-06,3.332075266205162493e-07,1.529127391980958746e-23,7.110965598014846187e-15
6.258607858959024306e+05,4.414441353510562335e-05,1.151630971765385766e+03,5.755405693050471509e-06,3.583178193094871758e-05,2.253766133312394002e-06,3.034597706857756668e-07,1.155232789576401352e-23,7.108256114192034431e-15
6.286438152280012146e+05,4.020553423977231286e-05,1.151624089064289365e+03,5.241862562948333943e-06,3.263461969093423427e-05,2.052664250359133470e-06,2.763877284248241526e-07,8.729378123060567071e-24,7.105789286688170986e-15
6.314268445600999985e+05,3.662081079882596523e-05,1.151617820115742006e+03,4.774494372535485869e-06,2.972492259821887312e-05,1.869644824809447588e-06,2.517489961586094856e-07,6.597596533576856979e-24,7.103543152266346577e-15
6.342098738921987824e+05,3.335816010592717478e-05,1.151612109780053970e+03,4.349117978791340737e-06,2.707664922023785481e-05,1.703069621725835944e-06,2.293232780706431805e-07,4.987437499984127806e-24,7.101497761440357001e-15
6.369929032242975663e+05,3.038842682906899432e-05,1.151606907906721062e+03,3.961931999056171685e-06,2.466613453640923885e-05,1.551449928528150390e-06,2.089103579757966796e-07,3.771021387012800299e-24,7.099634990635530449e-15
6.397759325563964667e+05,2.768511434035364238e-05,1.151602168879998544e+03,3.609481722185115555e-06,2.247187154362919275e-05,1.413432809435752073e-06,1.903282580056454927e-07,2.851877266674671828e-24,7.097938372307787945e-15
6.425589618884952506e+05,2.522414053947875427e-05,1.151597851206102177e+03,3.288627266732740849e-06,2.047431306638722404e-05,1.287788632312292187e-06,1.734115669501031243e-07,2.157214893028747061e-24,7.096392941239830980e-15
6.453419912205940345e+05,2.298361625391074511e-05,1.151593917138207871e+03,2.996514683825171904e-06,1.865569189104431536e-05,1.173399749361595931e-06,1.580099225846737083e-07,1.632101326967963164e-24,7.094985095419561824e-15
6.481250205526928185e+05,2.094364411544839949e-05,1.151590332335774065e+03,2.730549730677590070e-06,1.699985751968635019e-05,1.069250224233151048e-06,1.439866337576063020e-07,1.235072058717312833e-24,7.093702470072070751e-15
6.509080498847916024e+05,1.908613600927156021e-05,1.151587065555029312e+03,2.488374066356983643e-06,1.549212799833858236e-05,9.744165081592569095e-07,1.312174293242056167e-07,9.348226940946690123e-25,7.092533823560973545e-15
6.536910792168903863e+05,1.739464736953623587e-05,1.151584088367761296e+03,2.267843644623283312e-06,1.411915541875070764e-05,8.880589768624676515e-07,1.195893222083090953e-07,7.077147253069313128e-25,7.091468934012062385e-15
6.564741085489892866e+05,1.585422675685138822e-05,1.151581374905804751e+03,2.067009099733600775e-06,1.286880382384164532e-05,8.094142482312444918e-07,1.089995779543955752e-07,5.358947241349801313e-25,7.090498505618447836e-15
6.592571378810880706e+05,1.445127929910958447e-05,1.151578901628867470e+03,1.884097940168053489e-06,1.173003836549159301e-05,7.377882082428517067e-07,9.935477811747074510e-08,4.058758341275496181e-25,7.089614083701851773e-15
6.620401672131868545e+05,1.317344270958206809e-05,1.151576647113550962e+03,1.717498382519725573e-06,1.069282467085036460e-05,6.725496793920818343e-07,9.056996973108807618e-08,3.074677296933164403e-25,7.088807977690670125e-15
6.648231965452856384e+05,1.200947471620196922e-05,1.151574591861620320e+03,1.565744673452424068e-06,9.748037470731499629e-06,6.131246720252580269e-07,8.256789290471409820e-08,2.329692855131672998e-25,7.088073191255731112e-15
6.676062258773844223e+05,1.094915084471497216e-05,1.151572718125756410e+03,1.427503761820871357e-06,8.887377631925956606e-06,5.589911645432992062e-07,7.527827933744089330e-08,1.765593399915066379e-25,7.087403358933882233e-15
6.703892552094832063e+05,9.983171596957023846e-06,1.151571009751186011e+03,1.301563195910160790e-06,8.103296815276563855e-06,5.096743634803636422e-07,6.863721520314222445e-08,1.338368570709725160e-25,7.086792688610929972e-15
6.731722845415819902e+05,9.103078154832947938e-06,1.151569452031735409e+03,1.186820132403887952e-06,7.388929053842513109e-06,4.647423990322731579e-07,6.258656246803712343e-08,1.014737822955605582e-25,7.086235909325626967e-15
6.759553138736808905e+05,8.301175821544383513e-06,1.151568031578984574e+03,1.082271354254071613e-06,6.738028611202973905e-06,4.238024157498393530e-07,5.707343325177060415e-08,7.695292264488852309e-26,7.085728223882007777e-15
6.783661367713881191e+05,7.664302590735847073e-06,1.151566902613888487e+03,9.992384301033142650e-07,6.221081505388196647e-06,3.912877866748551514e-07,5.269486148415406849e-08,6.056725872333868952e-26,7.085324738599796013e-15
6.807769596690954641e+05,7.076676510708247515e-06,1.151565860231976558e+03,9.226261698788159761e-07,5.744108065903047783e-06,3.612874207316841454e-07,4.865484710974744719e-08,4.767829088341716013e-26,7.084952211476154863e-15
6.831877825668026926e+05,6.534459847149326406e-06,1.151564897740809783e+03,8.519342205268578693e-07,5.303993226222770670e-06,3.336053830538240881e-07,4.492701026126582938e-08,3.753819774934650269e-26,7.084608246228774001e-15
6.855986054645100376e+05,6.034116223952387376e-06,1.151564008969226279e+03,7.867015197133260715e-07,4.897866530037229291e-06,3.080611250468071713e-07,4.148704207073386160e-08,2.955943602905028946e-26,7.084290633611016781e-15
6.880094283622173825e+05,5.572386780884696383e-06,1.151563188226433113e+03,7.265031872179127457e-07,4.523082778678966304e-06,2.844882670126950537e-07,3.831254089112382388e-08,2.328031539699078131e-26,7.083997336665797758e-15
6.904202512599246111e+05,5.146268231481052695e-06,1.151562430264332306e+03,6.709476640937077901e-07,4.177204220933587920e-06,2.627334778095959280e-07,3.538286156043494096e-08,1.833798287351265731e-26,7.083726477157572714e-15
6.928310741576319560e+05,4.752992668620788054e-06,1.151561730242823614e+03,6.196740797010616048e-07,3.857984161418395088e-06,2.426554437550327981e-07,3.267897666282202510e-08,1.444721862009804375e-26,7.083476323082318928e-15
6.952418970553391846e+05,4.390008977594210721e-06,1.151561083697845106e+03,5.723498283349689443e-07,3.563351873737241662e-06,2.241239196129972936e-07,3.018334882575795267e-08,1.138379044217143408e-26,7.083245277170487806e-15
6.976527199530465296e+05,4.054965727777042625e-06,1.151560486511936688e+03,5.286683386405447788e-07,3.291398713801548378e-06,2.070188550823710284e-07,2.787981316954613362e-08,8.971384874817498086e-27,7.083031866302040859e-15
7.000635428507538745e+05,3.745695424432618591e-06,1.151559934887124882e+03,4.883470203675894740e-07,3.040365337149636502e-06,1.912295907358963160e-07,2.575346909666129196e-08,7.071344748539545232e-27,7.082834731761740079e-15
7.019820915131679503e+05,3.516656379561788235e-06,1.151559526114058599e+03,4.584859087459126227e-07,2.854455324539231004e-06,1.795363993421861354e-07,2.417873985176953945e-08,5.851933771924969398e-27,7.082688643215466636e-15
7.039006401755821425e+05,3.301735360805267897e-06,1.151559142329325141e+03,4.304654467312178281e-07,2.680004850367688725e-06,1.685639822417712486e-07,2.270107438203898711e-08,4.843296407109031839e-27,7.082551479691450874e-15
7.058191888379963348e+05,3.100055209429007171e-06,1.151558781993097682e+03,4.041712736623035426e-07,2.516301929175690365e-06,1.582675570845052007e-07,2.131444242408468393e-08,4.008915784565296414e-27,7.082422690383293242e-15
7.077377375004105270e+05,2.910793692203753067e-06,1.151558443661187539e+03,3.794961899004358563e-07,2.362679158226396072e-06,1.486051457214052783e-07,2.001319127321404058e-08,3.318616280410322879e-27,7.082301758698648120e-15
7.096562861628247192e+05,2.733180035542089692e-06,1.151558125979057650e+03,3.563397049555916129e-07,2.218510904288961665e-06,1.395373972513677985e-07,1.879202196398017623e-08,2.747459815980873584e-27,7.082188200112046983e-15
7.115748348252387950e+05,2.566491679996186877e-06,1.151557827676214629e+03,3.346076143435763929e-07,2.083210669286713740e-06,1.310274223192205870e-07,1.764596696459449336e-08,2.274834694488374920e-27,7.082081560151965190e-15
7.134933834876529872e+05,2.410051241000578589e-06,1.151557547560953026e+03,3.142116033335283788e-07,1.956228623352455249e-06,1.230406379443216989e-07,1.657036928829145604e-08,1.883703311669975497e-27,7.081981412515800979e-15
7.154119321500671795e+05,2.263223662656613438e-06,1.151557284515431320e+03,2.950688758642805530e-07,1.837049294573965019e-06,1.155446222054816022e-07,1.556086293099860386e-08,1.559980976081348705e-27,7.081887357303787090e-15
7.173304808124813717e+05,2.125413552209447153e-06,1.151557037491058054e+03,2.771018070194425859e-07,1.725189405406023355e-06,1.085089781516587697e-07,1.461335455052314170e-08,1.292022937512963316e-27,7.081799019365043687e-15
7.188010961150450166e+05,2.025534063991402435e-06,1.151556858371322051e+03,2.640799646175765341e-07,1.644117642620676843e-06,1.034098136293600324e-07,1.392663604205400893e-08,1.118306181383331048e-27,7.081734956426480506e-15
7.202717114176085452e+05,1.930386733008758556e-06,1.151556687667160077e+03,2.516750803549085861e-07,1.566886951493196343e-06,9.855224131156789634e-08,1.327245276741219910e-08,9.680039436816297329e-28,7.081673895701142574e-15
7.217423267201721901e+05,1.839745540456480628e-06,1.151556524979942424e+03,2.398576868270226958e-07,1.493313873585213147e-06,9.392472214150585326e-08,1.264925082112308117e-08,8.379525300202359182e-28,7.081615694533322580e-15
7.232129420227357186e+05,1.753395348943253855e-06,1.151556369930074425e+03,2.285997353084335618e-07,1.423223782847635257e-06,8.951627260178980365e-08,1.205555110383501916e-08,7.254167580260537032e-28,7.081560217064108004e-15
7.246835573252993636e+05,1.671131374493167216e-06,1.151556222156080139e+03,2.178745269136467796e-07,1.356450457047500354e-06,8.531643775755805599e-08,1.148994569295471070e-08,6.280317760134110388e-28,7.081507333903778233e-15
7.261541726278630085e+05,1.592758684366665813e-06,1.151556081313730374e+03,2.076566471245050101e-07,1.292835670152127902e-06,8.131526561785768048e-08,1.095109439071844150e-08,5.437528002638076768e-28,7.081456921817736153e-15
7.276247879304265371e+05,1.518091719412941531e-06,1.151555947075213680e+03,1.979219035159130072e-07,1.232228804625263330e-06,7.750328274950728742e-08,1.043772144084915924e-08,4.708116905830382656e-28,7.081408863430714499e-15
7.290954032329901820e+05,1.446953839788332954e-06,1.151555819128346684e+03,1.886472665279821791e-07,1.174486482689248524e-06,7.387147108393767103e-08,9.948612405801814187e-09,4.076794316022068501e-28,7.081363046941846397e-15
7.299896825055092340e+05,1.405348685149323242e-06,1.151555744273295886e+03,1.832229736229080628e-07,1.140715751028221026e-06,7.174739771558018164e-08,9.662555701277748427e-09,3.735149277191541201e-28,7.081336236670685021e-15
7.308839617780284025e+05,1.364949855575005941e-06,1.151555671570313962e+03,1.779559560562552247e-07,1.107924188321686684e-06,6.968491112059312598e-08,9.384792995160486705e-09,3.422210114035948285e-28,7.081310192914612128e-15
7.317782410505474545e+05,1.325722084873361198e-06,1.151555600957011393e+03,1.728416159717017841e-07,1.076083169156530834e-06,6.768221084064210114e-08,9.115081823201893897e-09,3.135558584864411492e-28,7.081284893319499543e-15
7.326725203230665065e+05,1.287631146252134681e-06,1.151555532372821972e+03,1.678754910257831209e-07,1.045164911795527041e-06,6.573754948259803542e-08,8.853186866966232824e-09,2.872980694871114502e-28,7.081260316179475004e-15
7.335667995955855586e+05,1.250643821440915772e-06,1.151555465758949822e+03,1.630532503621333769e-07,1.015142453113898801e-06,6.384923114208298314e-08,8.598879741564205637e-09,2.632449400725616570e-28,7.081236440420385274e-15
7.344610788681047270e+05,1.214727870726634918e-06,1.151555401058316420e+03,1.583706907048117971e-07,9.859896242772859920e-07,6.201560987365687562e-08,8.351938789666952058e-09,2.412108783410240337e-28,7.081213245580130628e-15
7.353553581406237790e+05,1.179852003890693664e-06,1.151555338215510574e+03,1.538237325691857278e-07,9.576810271515670728e-07,6.023508820703459676e-08,8.112148881715602293e-09,2.210259564445152006e-28,7.081190711789920726e-15
7.358024977768840035e+05,1.162794576420075959e-06,1.151555307473920720e+03,1.515998621772886115e-07,9.438355836676662873e-07,5.936425341548773218e-08,7.994870078453602455e-09,2.115777750895739792e-28,7.081179686737874457e-15
7.362496374131442280e+05,1.145985852057774894e-06,1.151555277176739082e+03,1.494084165916738058e-07,9.301920114526866298e-07,5.850611570984720807e-08,7.879301222398445270e-09,2.025345851378773043e-28,7.081168819757883662e-15
7.366967770494044526e+05,1.129422174161131828e-06,1.151555247317486646e+03,1.472489190750088913e-07,9.167473424256411960e-07,5.766048840634930438e-08,7.765417172974364320e-09,1.938789793517174164e-28,7.081158108525370889e-15
7.371439166856647935e+05,1.113099940296168646e-06,1.151555217889779442e+03,1.451208999574710324e-07,9.034986525064815419e-07,5.682718758877621472e-08,7.653193162292436905e-09,1.855943007225271993e-28,7.081147550750593999e-15
7.375910563219250180e+05,1.097015601429426424e-06,1.151555188887327631e+03,1.430238965313806310e-07,8.904430609601119590e-07,5.600603206720082362e-08,7.542604789595760170e-09,1.776646100505787926e-28,7.081137144176235398e-15
7.380381959581852425e+05,1.081165661119060826e-06,1.151555160303933235e+03,1.409574529457400868e-07,8.775777297398126264e-07,5.519684333668347415e-08,7.433628015697850149e-09,1.700746549231384547e-28,7.081126886577892716e-15
7.385860754757147515e+05,1.062059270728785687e-06,1.151555125843113501e+03,1.384664481366586292e-07,8.620691513911332197e-07,5.422140272605834055e-08,7.302261393821120058e-09,1.612165249823845945e-28,7.081114517852145119e-15
7.391339549932442605e+05,1.043293395216840329e-06,1.151555091991235940e+03,1.360198381402792086e-07,8.468369675438902720e-07,5.326334648042100366e-08,7.173235971147680398e-09,1.528210168409257089e-28,7.081102365538004909e-15
7.393732757709498983e+05,1.035201513708891761e-06,1.151555077392621570e+03,1.349648552247679693e-07,8.402688206515229205e-07,5.285023079681968333e-08,7.117599954683912176e-09,1.492927048498311727e-28,7.081097124168250653e-15
7.396125965486555360e+05,1.027172931861116190e-06,1.151555062907230877e+03,1.339181250367133447e-07,8.337520538285734464e-07,5.244034676150860250e-08,7.062399153228809018e-09,1.458460829013767602e-28,7.081091923026049629e-15
7.398519173263610573e+05,1.019207150313414913e-06,1.151555048534178013e+03,1.328795824717093943e-07,8.272862617466003906e-07,5.203366888050956999e-08,7.007630133508798917e-09,1.424792543623783352e-28,7.081086761793102773e-15
7.400912381040666951e+05,1.011303673685438588e-06,1.151555034272584635e+03,1.318491629442145563e-07,8.208710423075070917e-07,5.163017186302421264e-08,6.953289489610922454e-09,1.391903667600894836e-28,7.081081640154645117e-15
7.403305588817723328e+05,1.003462010508756839e-06,1.151555020121578764e+03,1.308268023787064526e-07,8.145059965884838030e-07,5.122983061797234350e-08,6.899373842517734787e-09,1.359776107364926915e-28,7.081076557797107606e-15
7.403544909595423378e+05,1.002681225128387668e-06,1.151555018712527044e+03,1.307250071136735684e-07,8.138722363092589613e-07,5.118996910102031623e-08,6.894005523358773658e-09,1.356604539736614197e-28,7.081076051709651895e-15
7.403784230373123428e+05,1.001901052518683268e-06,1.151555017304571720e+03,1.306232917389455490e-07,8.132389734134221985e-07,5.115013886795069298e-08,6.888641417289328330e-09,1.353440390760619021e-28,7.081075546012098575e-15
7.404023551150823478e+05,1.001121492194632574e-06,1.151555015897711883e+03,1.305216561912883409e-07,8.126062075072925060e-07,5.111033989400172946e-08,6.883281520975112336e-09,1.350283643034631889e-28,7.081075040703148392e-15
7.404262871928523527e+05,1.000342543671615848e-06,1.151555014491946849e+03,1.304201004075194537e-07,8.119739381975054538e-07,5.107057215443233443e-08,6.877925831084061844e-09,1.347134279196826926e-28,7.081074535783057726e-15
7.404286804006297607e+05,1.000264682449725554e-06,1.151555014351430600e+03,1.304099492137254855e-07,8.119107385641912813e-07,5.106659709741416613e-08,6.877390493320017477e-09,1.346819748259714692e-28,7.081074485312424897e-15
7.404310736084071686e+05,1.000186827340519040e-06,1.151555014210925265e+03,1.303997988168759123e-07,8.118475438925163812e-07,5.106262235246861128e-08,6.876855197583686618e-09,1.346505290970977002e-28,7.081074434845555723e-15
7.404334668161845766e+05,1.000108978343512013e-06,1.151555014070430843e+03,1.303896492169077361e-07,8.117843541820890007e-07,5.105864791956924643e-08,6.876319943871481785e-09,1.346190907313180806e-28,7.081074384382820969e-15
7.404358600239619846e+05,1.000031135458222514e-06,1.151555013929947336e+03,1.303795004137579588e-07,8.117211694325170696e-07,5.105467379869281787e-08,6.875784732180356473e-09,1.345876597269222193e-28,7.081074333923773351e-15
7.404360993447401561e+05,1.000023351505819128e-06,1.151555013915899508e+03,1.303784855772655435e-07,8.117148512303915604e-07,5.105427640376555497e-08,6.875731213322255134e-09,1.345845170312922940e-28,7.081074328878096728e-15
7.404363386655183276e+05,1.000015567614527476e-06,1.151555013901851908e+03,1.303774707487407172e-07,8.117085330778704183e-07,5.105387901195786148e-08,6.875677694884169641e-09,1.345813744092460981e-28,7.081074323832812957e-15
7.404365779862964991e+05,1.000007783784347133e-06,1.151555013887804307e+03,1.303764559281830563e-07,8.117022149749524785e-07,5.105348162327077632e-08,6.875624176866562386e-09,1.345782318608122180e-28,7.081074318786870488e-15
7.404366976466856431e+05,1.000003891884534683e-06,1.151555013880780507e+03,1.303759485198961429e-07,8.116990559358947062e-07,5.105328292970686802e-08,6.875597417962699855e-09,1.345766606111013425e-28,7.081074316264086213e-15
