 z(m),p_tot(bar),T(K),p_H2O(bar),p_CO2(bar),p_CO(bar),p_H2(bar),p_CH4(bar),p_O2(bar)
0.000000000000000000e+00,1.697497640552696225e+02,1.760005352069500532e+03,1.760115289197522515e+01,1.288065662923338550e+02,2.249943046579297246e+01,8.426135956438886021e-01,2.196874577619512047e-07,5.898361996103429001e-07
9.704576555188125440e+02,1.658853425913671060e+02,1.753932213601680132e+03,1.719542649009701307e+01,1.258792624291584019e+02,2.198219268247958524e+01,8.284602521835233713e-01,2.203246860329507811e-07,5.171239022480527325e-07
2.248090082887978951e+03,1.609289435326424211e+02,1.745935533740527717e+03,1.667512309229567080e+01,1.221247142519886353e+02,2.131886792082118376e+01,8.102376119419765210e-01,2.213373620769074763e-07,4.342575787389846050e-07
3.525722510257144677e+03,1.561008756988114783e+02,1.737937569888678127e+03,1.616839310319220502e+01,1.184672772145330839e+02,2.067281970152016157e+01,7.923850930185435404e-01,2.224802025264193127e-07,3.640672928458318287e-07
4.803354937626310857e+03,1.513983118651263169e+02,1.729938274280867290e+03,1.567493607197544669e+01,1.149048133157152449e+02,2.004366598809934885e+01,7.748959608687651102e-01,2.237574375297721579e-07,3.047100742142136635e-07
6.080987364995477037e+03,1.468184766267028181e+02,1.721937598261822359e+03,1.519445707097400877e+01,1.114352237247841231e+02,1.943103176302734170e+01,7.577635881474251711e-01,2.251736379370232978e-07,2.545962861323194544e-07
6.583372048059930421e+03,1.450506355505835074e+02,1.718791220716448606e+03,1.500901681759324902e+01,1.100959162152863513e+02,1.919457888474251916e+01,7.511231700748350892e-01,2.257696403769818670e-07,2.371169142862478998e-07
7.085756731124382895e+03,1.433011852836353910e+02,1.715644619027525096e+03,1.482552101479292972e+01,1.087705261676880042e+02,1.896060114201038971e+01,7.445365119776508056e-01,2.263882044143032706e-07,2.207782186635509897e-07
7.588141414188836279e+03,1.415699635247001709e+02,1.712497790119617093e+03,1.464395241771309131e+01,1.074589308436900694e+02,1.872907660649065420e+01,7.380032242669426479e-01,2.270296558124482293e-07,2.055097593639782543e-07
8.090526097253288754e+03,1.398568091607799033e+02,1.709350730894514754e+03,1.446429390812438953e+01,1.061610084031293582e+02,1.849998351076712666e+01,7.315229198195074556e-01,2.276943301621857195e-07,1.912451904945635233e-07
8.592910780317741228e+03,1.381615622600181723e+02,1.706203438231011205e+03,1.428652849367885480e+01,1.048766378986747867e+02,1.827330024739535475e+01,7.250952139645451267e-01,2.283825731542569557e-07,1.779220377074851148e-07
9.095295463382195521e+03,1.364840640646272050e+02,1.703055908984673351e+03,1.411063930715525316e+01,1.036056992704821909e+02,1.804900536794373167e+01,7.187197244697810516e-01,2.290947408609437537e-07,1.654814869443747286e-07
9.184885709679390857e+03,1.361867685997758315e+02,1.702494585085285507e+03,1.407946884160779355e+01,1.033804549456821178e+02,1.800925617916202270e+01,7.175882407481990466e-01,2.292242831852226890e-07,1.633514199096261436e-07
9.274475955976586192e+03,1.358900316673369559e+02,1.701933253543462797e+03,1.404835741576790475e+01,1.031556333105330054e+02,1.796958214707527901e+01,7.164584033588130563e-01,2.293546001042916823e-07,1.612473495253956212e-07
9.364066202273781528e+03,1.355938523786456074e+02,1.701371914341136744e+03,1.401730493522321730e+01,1.029312336929820191e+02,1.792998315162751055e+01,7.153302101581920924e-01,2.294856937454370552e-07,1.591689763165983962e-07
9.453656448570978682e+03,1.352982298462100914e+02,1.700810567460214770e+03,1.398631130568638525e+01,1.027072554218634650e+02,1.789045907292129911e+01,7.142036590053586487e-01,2.296175662471664101e-07,1.571160040467456342e-07
9.543246694868174018e+03,1.350031631836996269e+02,1.700249212882580650e+03,1.395537643299381436e+01,1.024836978268890704e+02,1.785100979121664722e+01,7.130787477617227532e-01,2.297502197592215474e-07,1.550881396852884260e-07
9.552205719497611426e+03,1.349736870562062734e+02,1.700193077000799803e+03,1.395228617372949209e+01,1.024613651788002926e+02,1.784706897227615130e+01,7.129663467500981788e-01,2.297635281490962750e-07,1.548867229972941038e-07
9.561164744127047015e+03,1.349442164776751270e+02,1.700136941041852424e+03,1.394919650099913255e+01,1.024390367301093363e+02,1.784312889999016960e+01,7.128539621140824734e-01,2.297768443728558797e-07,1.546855541990969038e-07
9.570123768756484424e+03,1.349147514472219029e+02,1.700080805005720094e+03,1.394610741470883042e+01,1.024167124801474102e+02,1.783918957423935581e+01,7.127415938515111460e-01,2.297901684326412640e-07,1.544846330028978209e-07
9.579082793385920013e+03,1.348852919639622314e+02,1.700024668892384852e+03,1.394301891476460753e+01,1.023943924282457942e+02,1.783525099490410426e+01,7.126292419602697770e-01,2.298035003306402874e-07,1.542839591211979381e-07
9.579978695849005817e+03,1.348823463206978772e+02,1.700019055276804465e+03,1.394271009701560438e+01,1.023921606539231561e+02,1.783485717801888981e+01,7.126180076714844214e-01,2.298048339516242730e-07,1.542639053242679658e-07
9.580874598312091621e+03,1.348794007328957036e+02,1.700013441660451917e+03,1.394240128512902821e+01,1.023899289215738264e+02,1.783446336859643111e+01,7.126067735463927910e-01,2.298061676510179926e-07,1.542438539973196315e-07
9.581770500775175606e+03,1.348764552005548865e+02,1.700007828043326981e+03,1.394209247910477600e+01,1.023876972311970803e+02,1.783406956663671750e+01,7.125955395849934426e-01,2.298075014288182963e-07,1.542238051400735994e-07
9.582666403238261410e+03,1.348735097236745162e+02,1.700002214425429884e+03,1.394178367894279091e+01,1.023854655827922215e+02,1.783367577213965660e+01,7.125843057872617292e-01,2.298088352850243372e-07,1.542037587522397874e-07
9.582755993484499413e+03,1.348732151790367766e+02,1.700001653063597587e+03,1.394175279924899336e+01,1.023852424202601270e+02,1.783363639310043425e+01,7.125831824165079764e-01,2.298089686749748598e-07,1.542017542492583981e-07
9.582845583730737417e+03,1.348729206349536298e+02,1.700001091701757787e+03,1.394172191961382623e+01,1.023850192581478211e+02,1.783359701413572296e+01,7.125820590473745941e-01,2.298091020656879239e-07,1.541997497709724926e-07
9.582935173976973601e+03,1.348726260914250759e+02,1.700000530339910256e+03,1.394169104003730020e+01,1.023847960964552328e+02,1.783355763524569326e+01,7.125809356798720184e-01,2.298092354571845729e-07,1.541977453173806416e-07
9.583011659870442600e+03,1.348723746311766547e+02,1.700000051088376495e+03,1.394166467725855618e+01,1.023846055769246846e+02,1.783352401635955786e+01,7.125799766284744985e-01,2.298093493381450936e-07,1.541960340744748201e-07
9.583088145763909779e+03,1.348721231713324471e+02,1.699999571840512317e+03,1.394162910363557195e+01,1.023844242686019328e+02,1.783348118663018766e+01,7.125882284550799639e-01,2.298151462634732217e-07,1.541945098877493489e-07
9.583164631657376958e+03,1.348718717118924815e+02,1.699999092596317723e+03,1.394160274092286400e+01,1.023842337497027017e+02,1.783344756783337814e+01,7.125872694254877793e-01,2.298152601499265922e-07,1.541927987058572693e-07
9.583839032108844549e+03,1.348696545315164315e+02,1.699994866947583205e+03,1.394137029434836883e+01,1.023825538972038629e+02,1.783315114256222600e+01,7.125788134079810154e-01,2.298162643475630585e-07,1.541777114497275936e-07
9.585525033237514435e+03,1.348641117180618494e+02,1.699984302823978169e+03,1.394078919244465098e+01,1.023783543700043595e+02,1.783241009788420683e+01,7.125576737698610108e-01,2.298187750356227440e-07,1.541399994297156155e-07
9.587211034366184322e+03,1.348585691010109997e+02,1.699973738697846329e+03,1.394020811130127768e+01,1.023741549914410882e+02,1.783166907963386194e+01,7.125365347111957126e-01,2.298212860007866377e-07,1.541022961514881112e-07
9.588897035494854208e+03,1.348530266803579707e+02,1.699963174569187686e+03,1.393962705091759346e+01,1.023699557615095017e+02,1.783092808781051986e+01,7.125153962319846768e-01,2.298237972430848622e-07,1.540646016131250160e-07
9.598981334540219905e+03,1.348198804898538867e+02,1.699899988418419071e+03,1.393615204969440491e+01,1.023448424574819313e+02,1.782649662400578450e+01,7.123889749936366256e-01,2.298388232557275226e-07,1.538393256484348691e-07
9.635742459712631899e+03,1.346991094224711389e+02,1.699669649977382960e+03,1.392349062772013646e+01,1.022533398688264299e+02,1.781035024629496277e+01,7.119282967151769892e-01,2.298936828115154446e-07,1.530207489247111525e-07
9.672503584885043892e+03,1.345784316426173461e+02,1.699439310333318190e+03,1.391083906641063983e+01,1.021619078791909772e+02,1.779421642114939317e+01,7.114678937113800838e-01,2.299486743087209291e-07,1.522063010877627644e-07
9.709264710057457705e+03,1.344578470892883786e+02,1.699208969484922591e+03,1.389819735928509914e+01,1.020705464424407722e+02,1.777809514032794169e+01,7.110077658347957463e-01,2.300037978974918423e-07,1.513959624842193899e-07
9.893070335920227080e+03,1.338563205876658913e+02,1.698057247132385555e+03,1.383513640983204773e+01,1.016147959389908380e+02,1.769767661295142247e+01,7.087112482049541251e-01,2.302814024937486058e-07,1.474052262252032053e-07
1.007687596178299646e+04,1.332571156174407179e+02,1.696905494476021204e+03,1.377232084486708530e+01,1.011608023517591874e+02,1.761757046005748961e+01,7.064215866803142951e-01,2.305623320915368754e-07,1.435143228554030098e-07
1.099590409109755274e+04,1.302956488577764276e+02,1.691146270910332305e+03,1.346189564830787333e+01,9.891698784185915372e+01,1.722168953028447902e+01,6.950754798308470539e-01,2.320175322025405098e-07,1.254765232811865060e-07
1.191493222041210902e+04,1.273910908030323554e+02,1.685386265119181644e+03,1.315748506661831740e+01,9.671624198260168725e+01,1.683346536957325057e+01,6.838980410782052877e-01,2.335588174392164990e-07,1.096020776590420106e-07
1.283396034972666348e+04,1.245425132545334890e+02,1.679625456368815549e+03,1.285899049983064302e+01,9.455786281124545667e+01,1.645277259348631560e+01,6.728870191378598653e-01,2.351887951488083364e-07,9.564442692335065830e-08
1.651007286698418102e+04,1.136898808070863396e+02,1.656573769789018570e+03,1.172224691038264055e+01,8.633430383292312627e+01,1.500286677651782519e+01,6.304629896839712977e-01,2.426529638373176585e-07,5.492579847145828707e-08
1.994146007901966732e+04,1.043049374003150263e+02,1.635043563356051209e+03,1.073989851006003882e+01,7.922221886657467849e+01,1.374970762398274893e+01,5.931121163215898884e-01,2.511210633108775354e-07,3.225491402166929220e-08
2.337284729105515362e+04,9.559479181250242164e+01,1.613499505923187826e+03,9.828807294495351954e+00,7.262088404386012996e+01,1.258727754789215325e+01,5.578226463447115702e-01,2.612449043461179681e-07,1.866516924898649586e-08
2.680423450309063992e+04,8.751798706787946003e+01,1.591940385041783429e+03,8.984571615640124520e+00,6.649894473640232206e+01,1.150997861574418479e+01,5.244918161836312764e-01,2.732725031942994435e-07,1.063669195413261234e-08
3.023562171512612622e+04,8.003519126521710803e+01,1.570364936049799780e+03,8.203016231297734606e+00,6.082665276498403273e+01,1.051250062424298726e+01,4.930213512185193103e-01,2.875086227225963320e-07,5.965201370132875130e-09
3.366700892716160888e+04,7.310910938458577846e+01,1.548771837676793893e+03,7.480182897674865217e+00,5.557579974247180132e+01,9.589809145998572149e+00,4.633172908214404639e-01,3.043292686558615461e-07,3.289839109215711443e-09
3.709839613919709518e+04,6.670439793338974255e+01,1.527159707213067350e+03,6.812321264634568330e+00,5.071965256243660036e+01,8.737133961169003982e+00,4.352898191660914962e-01,3.242005842327513715e-07,1.782882807094265526e-09
4.052978335123258148e+04,6.078758236731344766e+01,1.505527095190164573e+03,6.195880066918098450e+00,4.623289098484772097e+01,7.949957865347243136e+00,4.088531015480569297e-01,3.477036596236109162e-07,9.486716073689679407e-10
4.396117056326806778e+04,5.532697722233771032e+01,1.483872479512312566e+03,5.627498604651713698e+00,4.209154727056952794e+01,7.224005845091076239e+00,3.839251259628392310e-01,3.755673623568240973e-07,4.951963175627588040e-10
4.632883711140657397e+04,5.180940226748909794e+01,1.468917072543518771e+03,5.261666412429031325e+00,3.942350119779209905e+01,6.756670929630508304e+00,3.675633295172381909e-01,3.978076833372770310e-07,3.125334349310395077e-10
4.869650365954507288e+04,4.848533714255188443e+01,1.453949879360136947e+03,4.916203384564044931e+00,3.690198654225765296e+01,6.315289067236117937e+00,3.518577253727853127e-01,4.229259735921285919e-07,1.953075239983459886e-10
5.106417020768357906e+04,4.534575247647980234e+01,1.438970329548970312e+03,4.590152432643471059e+00,3.452017263830165206e+01,5.898642618259253290e+00,3.367843357954193872e-01,4.513591981475713925e-07,1.208089402063368721e-10
5.343183675582207798e+04,4.238196755706326968e+01,1.423977830606429507e+03,4.282593597700619981e+00,3.227149240628268956e+01,5.505561133205547186e+00,3.223199361733435353e-01,4.836271356308820837e-07,7.394079100708634301e-11
5.579950330396058416e+04,3.958563952351717319e+01,1.408971766518577397e+03,3.992642897658753576e+00,3.014963418389528016e+01,5.134919888280641942e+00,3.084420332871233295e-01,5.203506138658815720e-07,4.476246702568381412e-11
5.816716985209908307e+04,3.694875281770741537e+01,1.393951496230077737e+03,3.719451202437602078e+00,2.814853375290347159e+01,4.785638456055083978e+00,2.951288440101196286e-01,5.622743427219269148e-07,2.679298168763615499e-11
6.053483640023758926e+04,3.446360888950404444e+01,1.378916351991095780e+03,3.462203136250348035e+00,2.626236655788055074e+01,4.456679310642210012e+00,2.823592744194431403e-01,6.102956470984215137e-07,1.584999482010923804e-11
6.290250294837609545e+04,3.212281615206719465e+01,1.363865637571422212e+03,3.220116006650587615e+00,2.448554011378342565e+01,4.147046466823947952e+00,2.701128992991635447e-01,6.655008132603218199e-07,9.263036382244699439e-12
6.389278228246657818e+04,3.118488409072843837e+01,1.357565867844994500e+03,3.123178763705253491e+00,2.377351904195228016e+01,4.023044330245376443e+00,2.651412637905912750e-01,6.910275676756780528e-07,7.371778212075725509e-12
6.488306161655706819e+04,3.027045544394733056e+01,1.351263192820363656e+03,3.028708583623145767e+00,2.307930240572467895e+01,3.902187464867674649e+00,2.602562715763857004e-01,7.181495978225641530e-07,5.853535315104734635e-12
6.587334095064755820e+04,2.937903488272705133e+01,1.344957556655731196e+03,2.936653042439099082e+00,2.240251541236991173e+01,3.784409153342715992e+00,2.554565275830394389e-01,7.469876502515759778e-07,4.637418379506735760e-12
6.686362028473804821e+04,2.851013563925391381e+01,1.338648902457475742e+03,2.846960627621420770e+00,2.174278974170053402e+01,3.669643836775215551e+00,2.507406554797843579e-01,7.776732941624201419e-07,3.665481293200841322e-12
6.785389961882853822e+04,2.766327938922978547e+01,1.332337172249748164e+03,2.759580725531685097e+00,2.109976345712829016e+01,3.557827098784975828e+00,2.461072974319140350e-01,8.103500270979744934e-07,2.890458474428121850e-12
6.884417895291902823e+04,2.683799613542519680e+01,1.326022306943008061e+03,2.674463609015525378e+00,2.047308091764221416e+01,3.448895649735135294e+00,2.415551138555404598e-01,8.451745070403355313e-07,2.273879385052340710e-12
6.983445828700951824e+04,2.603382409247697638e+01,1.319704246301415878e+03,2.591560425126708811e+00,1.986239269072730451e+01,3.342787311129237882e+00,2.370827831740125458e-01,8.823179268495560692e-07,1.784500564627495652e-12
7.026409191447077319e+04,2.569138492499335769e+01,1.316962140377354444e+03,2.556269278633694686e+00,1.960233302884983431e+01,3.297614752322578724e+00,2.351669659850882665e-01,8.992005541996184577e-07,1.605174720801845756e-12
7.069372554193204269e+04,2.535279737234161601e+01,1.314219416375570745e+03,2.521381940183208048e+00,1.934519154512335604e+01,3.252957142301395876e+00,2.332658281612156048e-01,9.165709925531408435e-07,1.443196576953822005e-12
7.112335916939329763e+04,2.501802513588851440e+01,1.311476069166555135e+03,2.486894570626289713e+00,1.909094077148221302e+01,3.208809594455204195e+00,2.313792648773066174e-01,9.344462026469549706e-07,1.296954745421845870e-12
7.155299279685456713e+04,2.468703219647115077e+01,1.308732093576641546e+03,2.452803360564409285e+00,1.883955345115295543e+01,3.165167259986969128e+00,2.295071719218172990e-01,9.528438328659956640e-07,1.164981134711364331e-12
7.198262642431583663e+04,2.435978281269319723e+01,1.305987484387438371e+03,2.419104530167987210e+00,1.859100253736644603e+01,3.122025327682413476e+00,2.276494456930534815e-01,9.717822507179814887e-07,1.045938791823843497e-12
7.241226005177709158e+04,2.403624151920187657e+01,1.303242236335239340e+03,2.385794328992989488e+00,1.834526119205526840e+01,3.079379023676794169e+00,2.258059831953082575e-01,9.912805759039877481e-07,9.386107247062187988e-13
7.250539852937633987e+04,2.396658798377972488e+01,1.302647020712331823e+03,2.378624043225994633e+00,1.829235591072715295e+01,3.070198816306888734e+00,2.254082179354663928e-01,9.955833076069026575e-07,9.167786388831910622e-13
7.259853700697558816e+04,2.389710670241822399e+01,1.302051774761623165e+03,2.371471808789702873e+00,1.823958114579782119e+01,3.061041630754846032e+00,2.250111171614620487e-01,9.999134930523630243e-07,8.954340274141966468e-13
7.269167548457483645e+04,2.382779731888476249e+01,1.301456498428628947e+03,2.364337588016259151e+00,1.818693662768811592e+01,3.051907419073022432e+00,2.246146798351476015e-01,1.004271341900354068e-06,8.745664690661217927e-13
7.278481396217409929e+04,2.375865947754858354e+01,1.300861191658761982e+03,2.357221343301874050e+00,1.813442208727392568e+01,3.042796133395165192e+00,2.242189049197015338e-01,1.008657065665323179e-06,8.541657552678155739e-13
7.287795243977334758e+04,2.368969282337434024e+01,1.300265854397331395e+03,2.350123037106145674e+00,1.808203725588126787e+01,3.033707725935610444e+00,2.238237913796007617e-01,1.013070877734262590e-06,8.342218859818204845e-13
7.288726628753305704e+04,2.368280555960018674e+01,1.300206318992043634e+03,2.349414191661737483e+00,1.807680589640801472e+01,3.032800141654386827e+00,2.237843163614032516e-01,1.013513812069548643e-06,8.322522466227299035e-13
7.289658013529276650e+04,2.367592000379874762e+01,1.300146783281237504e+03,2.348705525190258658e+00,1.807157583107447252e+01,3.031892785630571296e+00,2.237448479455869388e-01,1.013957029655496170e-06,8.302870679034355866e-13
7.290589398305247596e+04,2.366903615561597363e+01,1.300087247264858206e+03,2.347997037654272035e+00,1.806634705961270271e+01,3.030985657816525070e+00,2.237053861311177061e-01,1.014400530708585195e-06,8.283263401596940160e-13
7.291520783081219997e+04,2.366215401469789370e+01,1.300027710942850717e+03,2.347288729016359987e+00,1.806111958175483778e+01,3.030078758164600039e+00,2.236659309169539422e-01,1.014844315445385735e-06,8.263700537472258880e-13
7.291613921558845323e+04,2.366146589449201798e+01,1.300021757293838391e+03,2.347217907990522878e+00,1.806059690510696214e+01,3.029988080746481405e+00,2.236619857585140370e-01,1.014888709530010782e-06,8.261746690085106746e-13
7.291707060036470648e+04,2.366077779135489223e+01,1.300015803641769025e+03,2.347147088753253286e+00,1.806007424139216155e+01,3.029897405609478511e+00,2.236580406660673703e-01,1.014933106453870575e-06,8.259793285772016234e-13
7.291800198514095973e+04,2.366008970528617184e+01,1.300009849986642848e+03,2.347076271304515238e+00,1.805955159061020154e+01,3.029806732753513643e+00,2.236540956396117219e-01,1.014977506217190847e-06,8.257840324437083061e-13
7.291893336991721299e+04,2.365940163628549442e+01,1.300003896328459632e+03,2.347005455644269212e+00,1.805902895276079434e+01,3.029716062178546832e+00,2.236501506791464533e-01,1.015021908820182723e-06,8.255887805984389821e-13
7.291902650839455600e+04,2.365933283032415346e+01,1.300003300962473077e+03,2.346998374176613389e+00,1.805897668968713532e+01,3.029706995246501666e+00,2.236497561867274719e-01,1.015026349236643848e-06,8.255692578494046659e-13
7.291911964687189902e+04,2.365926402453348842e+01,1.300002705596456053e+03,2.346991292726835709e+00,1.805892442674279152e+01,3.029697928337276025e+00,2.236493616949731811e-01,1.015030789681583491e-06,8.255497355431249320e-13
7.291921278534924204e+04,2.365919521891350286e+01,1.300002110230408562e+03,2.346984211294947720e+00,1.805887216392777361e+01,3.029688861450855697e+00,2.236489672038742549e-01,1.015035230154843681e-06,8.255302136796294668e-13
7.291930592382658506e+04,2.365912641346419321e+01,1.300001514864330375e+03,2.346977129880943647e+00,1.805881990124208158e+01,3.029679794587235353e+00,2.236485727134348844e-01,1.015039670656510392e-06,8.255106922588910073e-13
7.291935249306559854e+04,2.365909201080354052e+01,1.300001217181279799e+03,2.346973589180645359e+00,1.805879376994773011e+01,3.029675261163981670e+00,2.236483754684657210e-01,1.015041890918009162e-06,8.255009317145504672e-13
7.291939906230462657e+04,2.365905760818555592e+01,1.300000919498221720e+03,2.346970048484819937e+00,1.805876763868570833e+01,3.029670727746430092e+00,2.236481782236599825e-01,1.015044111186633809e-06,8.254911712808881470e-13
7.291944563154365460e+04,2.365902320561023942e+01,1.300000621815155910e+03,2.346966507793470491e+00,1.805874150745601270e+01,3.029666194334585949e+00,2.236479809790146711e-01,1.015046331462257701e-06,8.254814109579441335e-13
7.291949220078268263e+04,2.365898880307759455e+01,1.300000324133404092e+03,2.346962967107151243e+00,1.805871537625808898e+01,3.029661660929003020e+00,2.236477837339741204e-01,1.015048551715577733e-06,8.254716507889659778e-13
7.291955569270468550e+04,2.365894189916053847e+01,1.299999918260811228e+03,2.346931203782157471e+00,1.805870668678238289e+01,3.029628543133791041e+00,2.236744498892400124e-01,1.015572138778603916e-06,8.252406078139790933e-13
7.291958743866567966e+04,2.365891844723175197e+01,1.299999715319090001e+03,2.346928790136090459e+00,1.805868887334449013e+01,3.029625452759023396e+00,2.236743154176733250e-01,1.015573653213610166e-06,8.252339558318093804e-13
7.291961918462668837e+04,2.365889499532279672e+01,1.299999512377365136e+03,2.346926376492093791e+00,1.805867105992163246e+01,3.029622362386886536e+00,2.236741809461900987e-01,1.015575167652023606e-06,8.252273039010401781e-13
7.291965093058768252e+04,2.365887154343366561e+01,1.299999309435636860e+03,2.346923962850178569e+00,1.805865324651380277e+01,3.029619272017400444e+00,2.236740464747801471e-01,1.015576682093718875e-06,8.252206520217122798e-13
7.291973029548983322e+04,2.365881291379758622e+01,1.299998802081301164e+03,2.346917928754479021e+00,1.805860871305992887e+01,3.029611546105290820e+00,2.236737102965909718e-01,1.015580468212335645e-06,8.252040225483950513e-13
7.291980966039198393e+04,2.365875428428543259e+01,1.299998294726943641e+03,2.346911894671764642e+00,1.805856417969996386e+01,3.029603820209745724e+00,2.236733741188813296e-01,1.015584254351608583e-06,8.251873933964959549e-13
7.291988902529413463e+04,2.365869565489720472e+01,1.299997787372564517e+03,2.346905860602035876e+00,1.805851964643389351e+01,3.029596094330755829e+00,2.236730379416523584e-01,1.015588040511530490e-06,8.251707645659829816e-13
7.292008743754985335e+04,2.365854908196881112e+01,1.299996518986521778e+03,2.346890775484528735e+00,1.805840831367953925e+01,3.029576779705740464e+00,2.236721975006700780e-01,1.015597506001522880e-06,8.251291938959171825e-13
7.292028584980558662e+04,2.365840250981493753e+01,1.299995250600343752e+03,2.346875690448182894e+00,1.805829698151203999e+01,3.029557465184240073e+00,2.236713570626817915e-01,1.015606971620400015e-06,8.250876252345894248e-13
7.292048426206130534e+04,2.365825593843559105e+01,1.299993982214030211e+03,2.346860605492996132e+00,1.805818564993139574e+01,3.029538150766252880e+00,2.236705166276876933e-01,1.015616437368251469e-06,8.250460585818785396e-13
7.292714231565486989e+04,2.365333794080496688e+01,1.299951419320932018e+03,2.346354451759270265e+00,1.805445007361938892e+01,3.028890083323431792e+00,2.236423161678977034e-01,1.015934151065155033e-06,8.236523843146842681e-13
7.294639084954735881e+04,2.363912483932891107e+01,1.299828368493518383e+03,2.344891667539699132e+00,1.804365418183159520e+01,3.027017165933719500e+00,2.235608071695877608e-01,1.016853483507351862e-06,8.196359397255639780e-13
7.304263351901122951e+04,2.356816854749386181e+01,1.299213095213300903e+03,2.337589190682081153e+00,1.798975747617625842e+01,3.017667174699298016e+00,2.231536844670002628e-01,1.021468424844111426e-06,7.998338834918417737e-13
7.313887618847511476e+04,2.349739399577500620e+01,1.298597789981295819e+03,2.330305757341021966e+00,1.793599847638434497e+01,3.008341471190778549e+00,2.227472647440748854e-01,1.026114008671794326e-06,7.804911600678304082e-13
7.506372957774761016e+04,2.211947400179499468e+01,1.286284876810901551e+03,2.188573388109785522e+00,1.688928690269965216e+01,2.826847830344626722e+00,2.147647547877991892e-01,1.125852653677638403e-06,4.758572359345136111e-13
7.698858296702010557e+04,2.081104632688253986e+01,1.273958638436104138e+03,2.054119740613942646e+00,1.589523317799431545e+01,2.654638144200089922e+00,2.070540239421109485e-01,1.240131793278983239e-06,2.872072291176739474e-13
7.891343635629261553e+04,1.956915957139056061e+01,1.261618538970518102e+03,1.926632876763855640e+00,1.495160369048226379e+01,2.491315304415989029e+00,1.996063281758438668e-01,1.371552435155744227e-06,1.715461400630122394e-13
7.997187130095651082e+04,1.891359182405046013e+01,1.254826880301509163e+03,1.859389874115308094e+00,1.445342533549082376e+01,2.405155168465965776e+00,1.956199937408482359e-01,1.452237383504431859e-06,1.286247965929537048e-13
8.103030624562040612e+04,1.827682005000278664e+01,1.248030768023617384e+03,1.794113526185890262e+00,1.396949171039717008e+01,2.321504048291150646e+00,1.917092254748599400e-01,1.539653619592027165e-06,9.612290954739112330e-14
8.208874119028430141e+04,1.765839258411047652e+01,1.241230105235142219e+03,1.730756124878504387e+00,1.349946096782536742e+01,2.240301201288726674e+00,1.878726556391138169e-01,1.634478692506056422e-06,7.159144967416898496e-14
8.314717613494821126e+04,1.705786661996835107e+01,1.234424793011099837e+03,1.669270905012366635e+00,1.304299795827969710e+01,2.161487083244626017e+00,1.841089359621865262e-01,1.737469418123773655e-06,5.313740681188570529e-14
8.420561107961210655e+04,1.647480807281137061e+01,1.227614730330762768e+03,1.609612029739293293e+00,1.259977412651646489e+01,2.085003329773566616e+00,1.804167373096381144e-01,1.849472366112560048e-06,3.930218705174083566e-14
8.526404602427600184e+04,1.590879144399622724e+01,1.220799814002094990e+03,1.551734576127631104e+00,1.216946740910938018e+01,2.010792737969104405e+00,1.767947493541927595e-01,1.971435889390718451e-06,2.896554682904899077e-14
8.632248096893989714e+04,1.535939968709665138e+01,1.213979938582775276e+03,1.495594520917436832e+00,1.175176213324040830e+01,1.938799248268021636e+00,1.732416802468155492e-01,2.104423945174885685e-06,2.126993388354739367e-14
8.665308739264603355e+04,1.519113758807796266e+01,1.211848689616199863e+03,1.478408205954499621e+00,1.162382394616040138e+01,1.916757498904181345e+00,1.721457886510068258e-01,2.148407855323120894e-06,1.929949349098877258e-14
8.698369381635215541e+04,1.502444526665500568e+01,1.209716942986206050e+03,1.461385888128382327e+00,1.149707568505248467e+01,1.894925041582873115e+00,1.710564582690411173e-01,2.193622204427617515e-06,1.750522172062004603e-14
8.731430024005829182e+04,1.485931050916586571e+01,1.207584695337319545e+03,1.444526278607806802e+00,1.137150810468006057e+01,1.873300234957814503e+00,1.699736508124034817e-01,2.240107765384555981e-06,1.587195104580924279e-14
8.764490666376441368e+04,1.469572117912763787e+01,1.205451943290515146e+03,1.427828096776772249e+00,1.124711201816169037e+01,1.851881448122056684e+00,1.688973281602494103e-01,2.287906855450650463e-06,1.438576836384075919e-14
8.797551308747055009e+04,1.453366521685322255e+01,1.203318683442945485e+03,1.411290070193786050e+00,1.112387829668154815e+01,1.830667060556043557e+00,1.678274523584314115e-01,2.337063401526473904e-06,1.303391562049556655e-14
8.830611951117667195e+04,1.437313063906751864e+01,1.201184912367664310e+03,1.394910934551049531e+00,1.100179786919937897e+01,1.809655462075586474e+00,1.667639856184819080e-01,2.387623008469996395e-06,1.180469795050300678e-14
8.833984078769526968e+04,1.435684142682969799e+01,1.200967242585808435e+03,1.393249171668400344e+00,1.098941034005915895e+01,1.807523649656563647e+00,1.666558725848616973e-01,2.392860702078704984e-06,1.168578190140963053e-14
8.837356206421386742e+04,1.434056790599821340e+01,1.200749567445760249e+03,1.391589047425928927e+00,1.097703470602384357e+01,1.805393928637453405e+00,1.665478257974394027e-01,2.398113535021026782e-06,1.156801861514508496e-14
8.840728334073245060e+04,1.432431006399017548e+01,1.200531886943840163e+03,1.389930560496189571e+00,1.096467095756835874e+01,1.803266297327650314e+00,1.664398452164054243e-01,2.403381558792033780e-06,1.145139736213860541e-14
8.844100461725104833e+04,1.430806788823089093e+01,1.200314201076366089e+03,1.388273709552608315e+00,1.095231908517387254e+01,1.801140754037608094e+00,1.663319308019668707e-01,2.408664825085675797e-06,1.133590750846629711e-14
8.847472589376964606e+04,1.429184136615378620e+01,1.200096509839653436e+03,1.386618493269477392e+00,1.093997907932767077e+01,1.799017297078890909e+00,1.662240825143462830e-01,2.413963385795965485e-06,1.122153851503419237e-14
8.847809802142121771e+04,1.429021957441502977e+01,1.200074740420532180e+03,1.386453061496475403e+00,1.093874573103715520e+01,1.798805066066274660e+00,1.662133013210294608e-01,2.414494085063834479e-06,1.121016286005886578e-14
8.848147014907278935e+04,1.428859793907495224e+01,1.200052970947677977e+03,1.386287646055503142e+00,1.093751250130754826e+01,1.798592855898407672e+00,1.662025207885449996e-01,2.415024937848897582e-06,1.119879829876444579e-14
8.848484227672437555e+04,1.428697646012100009e+01,1.200031201421086962e+03,1.386122246945241443e+00,1.093627939012934824e+01,1.798380666573611730e+00,1.661917409168469084e-01,2.415555944203235037e-06,1.118744482076729989e-14
8.848821440437594720e+04,1.428535513754061803e+01,1.200009431840755724e+03,1.385956864164358926e+00,1.093504639749305341e+01,1.798168498090188194e+00,1.661809617059031019e-01,2.416087104179284113e-06,1.117610241569186086e-14
8.848855161714110000e+04,1.428519301388264395e+01,1.200007254879766833e+03,1.385940326784338428e+00,1.093492310474886331e+01,1.798147282388057100e+00,1.661798838211460960e-01,2.416140228627924014e-06,1.117496878379612770e-14
8.848888882990626735e+04,1.428503089178826713e+01,1.200005077918240431e+03,1.385923789567592213e+00,1.093479981318998639e+01,1.798126066894319974e+00,1.661788059430009679e-01,2.416193354613694934e-06,1.117383526251509072e-14
8.848922604267142015e+04,1.428486877125747512e+01,1.200002900956176518e+03,1.385907252514127830e+00,1.093467652281641556e+01,1.798104851608980814e+00,1.661777280714594462e-01,2.416246482136070017e-06,1.117270185183914790e-14
8.848956325543657294e+04,1.428470665229025549e+01,1.200000723993575093e+03,1.385890715623936176e+00,1.093455323362814369e+01,1.798083636532026519e+00,1.661766502065278872e-01,2.416299611195510897e-06,1.117156855175748869e-14
8.848959697671330650e+04,1.428469044047952785e+01,1.200000506297285483e+03,1.385889061943896827e+00,1.093454090477450436e+01,1.798081515035794498e+00,1.661765424203979769e-01,2.416304924185917934e-06,1.117145522783175542e-14
8.848963069799004006e+04,1.428467422868443926e+01,1.200000288600990416e+03,1.385887408265492393e+00,1.093452857593271865e+01,1.798079393541647919e+00,1.661764346343329868e-01,2.416310237191745629e-06,1.117134190501176690e-14
8.848966441926675907e+04,1.428465801690498438e+01,1.200000070904689892e+03,1.385885754588718655e+00,1.093451624710278836e+01,1.798077272049581676e+00,1.661763268483358036e-01,2.416315550212980431e-06,1.117122858329751525e-14
8.848966779139422579e+04,1.428465639572789847e+01,1.200000049135059498e+03,1.385885589221131697e+00,1.093451501422044814e+01,1.798077059900486940e+00,1.661763160697393160e-01,2.416316081515943278e-06,1.117121725118684579e-14
8.848967116352167795e+04,1.428465477455097066e+01,1.200000027365429105e+03,1.385885423853559839e+00,1.093451378133822693e+01,1.798076847751417073e+00,1.661763052911442995e-01,2.416316612819039533e-06,1.117120591908722353e-14
8.848967453564914467e+04,1.428465315337419739e+01,1.200000005595798712e+03,1.385885258486005300e+00,1.093451254845611942e+01,1.798076635602368301e+00,1.661762945125489777e-01,2.416317144122285713e-06,1.117119458699896245e-14
8.848967487286188407e+04,1.428465299125652699e+01,1.200000003418835604e+03,1.385885241949251112e+00,1.093451242516792021e+01,1.798076614387459582e+00,1.661762934346891762e-01,2.416317197252628923e-06,1.117119345379058962e-14
8.848967521007463802e+04,1.428465282913886014e+01,1.200000001241872496e+03,1.385885225412496702e+00,1.093451230187971390e+01,1.798076593172557303e+00,1.661762923568296524e-01,2.416317250382981028e-06,1.117119232058251182e-14
8.848967554728737741e+04,1.428465266702119507e+01,1.199999999065464408e+03,1.385850170814705073e+00,1.093454722085622599e+01,1.798041530900359675e+00,1.662113265899444470e-01,2.417859947472985149e-06,1.116591756689314494e-14
8.848967571589410363e+04,1.428465258596236431e+01,1.199999997977537987e+03,1.385850162546705233e+00,1.093454715921175158e+01,1.798041520293285567e+00,1.662113260506380974e-01,2.417859974018079956e-06,1.116591700085254205e-14
8.848967588450082985e+04,1.428465250490353178e+01,1.199999996889611566e+03,1.385850154278703839e+00,1.093454709756727716e+01,1.798041509686206352e+00,1.662113255113321364e-01,2.417860000563232361e-06,1.116591643481175458e-14
8.848967605310755607e+04,1.428465242384470102e+01,1.199999995801685145e+03,1.385850146010700445e+00,1.093454703592280630e+01,1.798041499079128025e+00,1.662113249720287012e-01,2.417860027108470740e-06,1.116591586877085666e-14
8.848967622171428229e+04,1.428465234278586848e+01,1.199999994713758724e+03,1.385850137742699273e+00,1.093454697427832478e+01,1.798041488472055693e+00,1.662113244327231010e-01,2.417860053653634156e-06,1.116591530273020960e-14
8.848967639032100851e+04,1.428465226172703773e+01,1.199999993625832303e+03,1.385850129474700099e+00,1.093454691263384859e+01,1.798041477864981807e+00,1.662113238934162240e-01,2.417860080198734469e-06,1.116591473668971400e-14
8.848968060548069479e+04,1.428465023525627586e+01,1.199999966427669733e+03,1.385849922774678999e+00,1.093454537152197226e+01,1.798041212688096913e+00,1.662113104107734718e-01,2.417860743827563228e-06,1.116590058568212344e-14
8.848968482064036652e+04,1.428464820878575736e+01,1.199999939229506936e+03,1.385849716074687210e+00,1.093454383041027533e+01,1.798040947511248655e+00,1.662112969281272501e-01,2.417861407456494902e-06,1.116588643469200143e-14
8.848981380613373767e+04,1.428458619813561192e+01,1.199999106955299794e+03,1.385843390988590329e+00,1.093449667189609720e+01,1.798032833014557408e+00,1.662108843546407366e-01,2.417881714876288744e-06,1.116545341732419742e-14
8.849073410429041542e+04,1.428414376519796924e+01,1.199993168762710866e+03,1.385798262846613449e+00,1.093416020580664494e+01,1.797974937804562634e+00,1.662079407135244880e-01,2.418026612725380751e-06,1.116236435199609282e-14
8.849165440244707861e+04,1.428370134390676327e+01,1.199987230566306607e+03,1.385753135920831935e+00,1.093382374854598105e+01,1.797917044146807974e+00,1.662049971216094935e-01,2.418171521991959350e-06,1.115927610889417722e-14
8.849257470060375636e+04,1.428325893426175242e+01,1.199981292366087018e+03,1.385708010211217145e+00,1.093348730011392789e+01,1.797859152041258124e+00,1.662020535788973075e-01,2.418316442677241304e-06,1.115618868780773482e-14
8.849303484968173143e+04,1.428303773380647890e+01,1.199978323264546589e+03,1.385685447812465387e+00,1.093331907920855883e+01,1.797830206570545819e+00,1.662005818259899015e-01,2.418388907302082122e-06,1.115464528545529816e-14
8.849349499875970650e+04,1.428281653626265779e+01,1.199975354162052327e+03,1.385662885717741766e+00,1.093315086051026874e+01,1.797801261487876223e+00,1.661991100853854320e-01,2.418461374782137174e-06,1.115310208852755813e-14
8.849395514783769613e+04,1.428259534163025180e+01,1.199972385058604232e+03,1.385640323927047390e+00,1.093298264401903275e+01,1.797772316793236014e+00,1.661976383570802074e-01,2.418533845117373848e-06,1.115155909699886731e-14
8.850015602322625637e+04,1.427961485169936040e+01,1.199932373931378152e+03,1.385336315475940605e+00,1.093071600804749366e+01,1.797382301819805406e+00,1.661778068453919899e-01,2.419510719164499627e-06,1.113078607766698281e-14
8.852159304412624624e+04,1.426931508435993834e+01,1.199794050292653765e+03,1.384285754346562980e+00,1.092288311711489435e+01,1.796034525393253256e+00,1.661092646133492945e-01,2.422891865806767279e-06,1.105925819212201384e-14
8.854303006502625067e+04,1.425902163162180258e+01,1.199655724582956509e+03,1.383235852621810036e+00,1.091505501308422588e+01,1.794687590572568103e+00,1.660407490639635997e-01,2.426279226787136485e-06,1.098817263243235316e-14
8.856446708592625509e+04,1.424873449026304684e+01,1.199517396801694758e+03,1.382186609961894241e+00,1.090723169351644906e+01,1.793341496924950818e+00,1.659722601869267344e-01,2.429672815517072922e-06,1.091752677236860015e-14
8.858590410682624497e+04,1.423845365706312904e+01,1.199379066948277341e+03,1.381138026027183940e+00,1.089941315597354432e+01,1.791996244017816764e+00,1.659037979719273082e-01,2.433072645440580192e-06,1.084731800063299075e-14
8.869308921132623800e+04,1.418714400081957905e+01,1.198687386578120822e+03,1.375904975354275361e+00,1.086039211337136479e+01,1.785282575461122567e+00,1.655618864669186896e-01,2.450165885816475894e-06,1.050274010651034750e-14
8.880027431582624558e+04,1.413599156622833952e+01,1.197995654315141110e+03,1.370688341947197797e+00,1.082149025626508276e+01,1.778589860630544583e+00,1.652206399683116833e-01,2.467417191691634671e-06,1.016870617106181489e-14
8.933619983832551225e+04,1.388257370959683357e+01,1.194536212001255080e+03,1.344849956651009038e+00,1.062875814840927546e+01,1.745438710776636704e+00,1.635243376543217553e-01,2.556105582054618482e-06,8.646143711402318427e-15
8.987212536082479346e+04,1.363302658561435976e+01,1.191075461145123427e+03,1.319415696146321038e+00,1.043896040107565781e+01,1.712803370872135522e+00,1.618444685076904366e-01,2.649012545403438030e-06,7.344210561099553157e-15
9.201582745082258771e+04,1.267256688688899224e+01,1.177219181164569363e+03,1.221616732471646261e+00,9.708372226953697393e+00,1.587288695197771604e+00,1.552861644624340676e-01,3.067803439822505377e-06,3.784524837119999913e-15
9.415952954082038195e+04,1.177018519493590354e+01,1.163341185991017255e+03,1.129877512440126130e+00,9.021816337354785276e+00,1.469509480676133295e+00,1.489782883854646189e-01,3.576079390405226850e-06,1.917745950955782681e-15
9.630323163081819075e+04,1.092293305246015045e+01,1.149440820734944509e+03,1.043887343151207459e+00,8.377060468934255155e+00,1.359069909231817697e+00,1.429111341960043746e-01,4.196946864605341582e-06,9.549826772989496279e-16
9.844693372081598500e+04,1.012798440056253035e+01,1.135517399618528088e+03,9.633485526231833074e-01,7.771964923939094660e+00,1.255590702119949942e+00,1.370752614172516259e-01,4.960463048706941303e-06,4.670033023919226960e-16
1.005906358108137792e+05,9.382631541182679058e+00,1.121570205256640520e+03,8.879760601174802037e-01,7.204479524006919711e+00,1.158708569123411358e+00,1.314614819204489582e-01,5.906014418557673227e-06,2.241004801932092873e-16
1.018910723984488723e+05,8.953543388304698425e+00,1.113097500723634994e+03,8.446543262878496439e-01,6.877718257347607000e+00,1.103003796159787608e+00,1.281604188171296677e-01,6.589692323884857188e-06,1.421877111304775563e-16
1.031915089860839798e+05,8.541191127947842077e+00,1.104615599049943512e+03,8.030743377467519650e-01,6.563650082911307138e+00,1.049523502401936703e+00,1.249358312269099880e-01,7.373660936841325620e-06,8.954866929163244109e-17
1.044919455737190729e+05,8.145030468651055955e+00,1.096124322392932982e+03,7.631788532905695588e-01,6.261862842267941431e+00,9.981947070732843930e-01,1.217857908151483148e-01,8.275204111848434967e-06,5.596956771423043024e-17
1.057923821613541659e+05,7.764531482949789343e+00,1.087623488287256578e+03,7.249121588227706026e-01,5.971955247947405176e+00,9.489463644018875099e-01,1.187083967801191575e-01,9.314997606951930953e-06,3.471007840361204461e-17
1.070928187489892589e+05,7.399178308667852200e+00,1.079112909574617561e+03,6.882200351415732609e-01,5.693536660043099218e+00,9.017093213456617296e-01,1.157017742855258047e-01,1.051785199164412508e-05,2.135414375556931262e-17
1.083932553366243519e+05,7.048468854899134328e+00,1.070592394331669084e+03,6.530497260966379169e-01,5.426226866979995123e+00,8.564162754742726813e-01,1.127640727136954152e-01,1.191363457413485274e-05,1.302988682490158511e-17
1.096936919242594449e+05,6.711914512596147020e+00,1.062061745795984280e+03,6.193499070801092854e-01,5.169655870532887221e+00,8.130017328795025033e-01,1.098934636863650449e-01,1.353841726945441339e-05,7.883821552984282474e-18
1.109941285118945380e+05,6.389039869685038120e+00,1.053520762290079574e+03,5.870706537970736827e-01,4.923463675259078798e+00,7.714019659397947093e-01,1.070881387785234118e-01,1.543591056652927901e-05,4.729039665218610452e-18
1.118262945908010006e+05,6.189391912373774396e+00,1.048049759240316007e+03,5.671376418484573856e-01,4.771205795158045326e+00,7.457052557416430361e-01,1.053264023113144737e-01,1.681731431256705737e-05,3.394032833089166465e-18
1.126584606697074632e+05,5.995037528248881920e+00,1.042574384370481766e+03,5.477539910719766425e-01,4.622964622986973637e+00,7.207103669222630904e-01,1.035901990118756055e-01,1.834825532606829636e-05,2.426894095514299654e-18
1.134906267486139259e+05,5.805860343092393627e+00,1.037094581579043961e+03,5.289074881867521505e-01,4.478652050892538483e+00,6.964016920331007610e-01,1.018790646665079375e-01,2.004731349204325091e-05,1.728818489412251958e-18
1.143227928275203885e+05,5.621746043944578552e+00,1.031610293896174198e+03,5.105861377556566438e-01,4.338181538023151873e+00,6.727638959364862226e-01,1.001925365788699646e-01,2.193565041186705056e-05,1.226826644271156427e-18
1.151549589064268366e+05,5.442582350414136627e+00,1.026121463474695929e+03,4.927781588834090343e-01,4.201468090172027381e+00,6.497819109067803911e-01,9.853015304841745980e-02,2.403740350000529652e-05,8.672074630198093903e-19
1.159871249853332993e+05,5.268258986257748688e+00,1.020628031580881157e+03,4.754719819098731093e-01,4.068428239816038960e+00,6.274409316133729986e-01,9.689145277322711025e-02,2.638014523378911806e-05,6.105748671974452412e-19
1.168192910642397619e+05,5.098667651229764175e+00,1.015129938585096397e+03,4.586562450858548412e-01,3.938980026623724040e+00,6.057264099430637039e-01,9.527597415795288627e-02,2.899541905983454517e-05,4.281543524594052059e-19
1.171021483344676817e+05,5.042081368933479801e+00,1.013260038064178275e+03,4.530501903612033088e-01,3.895783505195383523e+00,5.984856496024212325e-01,9.473207107942238636e-02,2.995269493434952730e-05,3.791428368391064719e-19
1.173850056046956015e+05,4.986025373444562092e+00,1.011389589634073332e+03,4.474990751910464803e-01,3.852989513337824246e+00,5.913150585078058574e-01,9.419077926729793604e-02,3.094714066774200843e-05,3.355813264183310270e-19
1.176678628749235213e+05,4.930495564482965776e+00,1.009518590881262526e+03,4.420024694145503474e-01,3.810594949188491398e+00,5.842140850213591863e-01,9.365208047520649781e-02,3.198038335197239457e-05,2.968820219051810601e-19
1.179507201451514411e+05,4.875487867154331134e+00,1.007647039379923399e+03,4.365599455258591388e-01,3.768596730339971224e+00,5.771821807396665394e-01,9.311595642025853603e-02,3.305412853770019693e-05,2.625185075772836521e-19
1.182335774153793609e+05,4.820998231826043146e+00,1.005774932691887557e+03,4.311710786585840061e-01,3.726991793757143068e+00,5.702188004677579691e-01,9.258238877807289935e-02,3.417016433212898620e-05,2.320195563837337381e-19
1.185164346856072661e+05,4.767022634001778947e+00,1.003902268366590306e+03,4.258354465692827384e-01,3.685777095700255135e+00,5.633234021898022581e-01,9.205135917674010793e-02,3.533036572426913574e-05,2.049635379350966150e-19
1.185732548653149861e+05,4.756241698689463782e+00,1.003526021328800880e+03,4.247700121390589056e-01,3.677544715663562336e+00,5.619464111577483489e-01,9.194499080360628296e-02,3.556892561404062373e-05,1.999097143821723707e-19
1.186300750450227060e+05,4.745481312311115474e+00,1.003149751669576631e+03,4.237067055346749322e-01,3.669327936197471107e+00,5.605721372621119691e-01,9.183872395377837283e-02,3.580936313530110109e-05,1.949766232337068477e-19
1.186868952247304114e+05,4.734741442608894957e+00,1.002773459368871613e+03,4.226455233719095261e-01,3.661126732908700276e+00,5.592005761556076981e-01,9.173255847772193716e-02,3.605169484540907940e-05,1.901614745364764667e-19
1.187437154044381314e+05,4.724022057365409921e+00,1.002397144406619304e+03,4.215864622700705167e-01,3.652941081437390380e+00,5.578317234950885828e-01,9.162649422544624778e-02,3.629593746127626096e-05,1.854615405927965856e-19
1.188005355841458513e+05,4.713323124403681064e+00,1.002020806762733059e+03,4.205295188529776240e-01,3.644770957452175608e+00,5.564655749435077903e-01,9.152053104715809906e-02,3.654210786184126800e-05,1.808741546199675617e-19
1.188289456739997113e+05,4.707981317484210670e+00,1.001832629428894506e+03,4.200018402221479819e-01,3.640691710672621095e+00,5.557835133542927686e-01,9.146758731381375573e-02,3.666592130053155350e-05,1.786218500868262037e-19
1.188573557638535567e+05,4.702644611587103896e+00,1.001644446417105655e+03,4.194746897484887826e-01,3.636616336654480364e+00,5.551021261681755581e-01,9.141466879277347635e-02,3.679022308911561315e-05,1.763967094408131472e-19
1.188857658537074167e+05,4.697313002701585916e+00,1.001456257724849820e+03,4.189480670107022520e-01,3.632544832366650933e+00,5.544214128438095246e-01,9.136177546503855551e-02,3.691501538337572708e-05,1.741984158878850113e-19
1.189141759435612767e+05,4.691986486819410551e+00,1.001268063349609406e+03,4.184219715884781032e-01,3.628477194777392612e+00,5.537413728411961777e-01,9.130890731199885202e-02,3.704030035000171003e-05,1.720266561993705429e-19
1.189425860334151366e+05,4.686665059934915334e+00,1.001079863288865113e+03,4.178964030615423542e-01,3.624413420858219048e+00,5.530620056201522861e-01,9.125606431487341685e-02,3.716608016594399508e-05,1.698811206746436151e-19
1.189779969894204405e+05,4.680039435837280770e+00,1.000845278662449118e+03,4.172420599937031738e-01,3.619353648890708985e+00,5.522161685622118954e-01,9.119023483964337762e-02,3.732355097481872237e-05,1.672431284760266984e-19
1.190134079454257444e+05,4.673421703874744537e+00,1.000610685194420853e+03,4.165885340276739845e-01,3.614299868836597263e+00,5.513713748322252028e-01,9.112444438015600279e-02,3.748179822339403551e-05,1.646448163590811449e-19
1.190488189014310483e+05,4.666811856306994244e+00,1.000376082879893943e+03,4.159358243509636566e-01,3.609252074843390723e+00,5.505276233864692115e-01,9.105869289997403637e-02,3.764082619628210288e-05,1.620856070905701939e-19
1.190842298574363522e+05,4.660209885399843266e+00,1.000141471713978831e+03,4.152839301524220428e-01,3.604210261063812037e+00,5.496849131817829193e-01,9.099298036275023371e-02,3.780063920402720304e-05,1.595649315441110496e-19
1.190877709530367429e+05,4.659550121227889363e+00,1.000118010110372666e+03,4.152187855525231175e-01,3.603706408372403303e+00,5.496006993895276027e-01,9.098641124948161907e-02,3.781666384845845501e-05,1.593149616719343846e-19
1.190913120486371190e+05,4.658890435737529145e+00,1.000094548418198769e+03,4.151536490985887062e-01,3.603202615419382138e+00,5.495164959980080033e-01,9.097984252521829074e-02,3.783269639088035198e-05,1.590653709625732112e-19
1.190948531442375097e+05,4.658230828921038125e+00,1.000071086637452254e+03,4.150885207898197815e-01,3.602698882198155594e+00,5.494323030064818258e-01,9.097327418999220927e-02,3.784873683575075382e-05,1.588161588598212484e-19
1.190983942398379004e+05,4.657571300770692702e+00,1.000047624768128230e+03,4.150234006251538044e-01,3.602195208703044660e+00,5.493481204138453977e-01,9.096670624369797287e-02,3.786478518735915736e-05,1.585673248085338842e-19
1.191001647876384523e+05,4.657241566192911186e+00,1.000035893800248118e+03,4.149908435965840581e-01,3.601943394351291960e+00,5.493060330166503746e-01,9.096342241635456405e-02,3.787281232950161745e-05,1.584430493790112144e-19
1.191019353354390041e+05,4.656911851278770165e+00,1.000024162810221810e+03,4.149582886037334606e-01,3.601691594928239759e+00,5.492639482190424527e-01,9.096013868628857746e-02,3.788084145005378249e-05,1.583188682543114564e-19
1.191037058832395414e+05,4.656582156027304187e+00,1.000012431798048738e+03,4.149257356467680458e-01,3.601439810434294841e+00,5.492218660204367664e-01,9.095685505344799915e-02,3.788887254944559285e-05,1.581947813656245038e-19
1.191054764310400933e+05,4.656252480437542474e+00,1.000000700764599628e+03,4.148931847255165617e-01,3.601188040867749240e+00,5.491797864212334401e-01,9.095357151759833614e-02,3.789690562708219421e-05,1.580707886527826680e-19
1.191077358918068931e+05,4.655831797920654047e+00,9.999857303217685285e+02,4.148507307322495952e-01,3.600867686503451459e+00,5.491251742258105306e-01,9.095029974892497593e-02,3.790671009348552356e-05,1.579133011387447820e-19
1.191079618378835003e+05,4.655789731429880618e+00,9.999842332748611398e+02,4.148465772711787958e-01,3.600835560770747179e+00,5.491198049075931564e-01,9.094988074462663497e-02,3.790773567622240275e-05,1.578974999886815610e-19
1.191081877839601220e+05,4.655747665259264423e+00,9.999827362275929090e+02,4.148424238434590960e-01,3.600803435280458320e+00,5.491144356319620501e-01,9.094946174201441746e-02,3.790876129134351314e-05,1.578817003692482503e-19
1.191084137300367292e+05,4.655705599408805462e+00,9.999812391799638362e+02,4.148382704487796890e-01,3.600771310033463291e+00,5.491090663985642717e-01,9.094904274094549324e-02,3.790978693867763888e-05,1.578659022805622835e-19
1.191084363246445282e+05,4.655701392841367969e+00,9.999810894751810793e+02,4.148378551111666646e-01,3.600768097522291100e+00,5.491085294774896708e-01,9.094900084091639414e-02,3.790988950516609017e-05,1.578643225559317199e-19
1.191084589192523272e+05,4.655697186277131472e+00,9.999809397703946843e+02,4.148374397737912833e-01,3.600764885013544081e+00,5.491079925568385089e-01,9.094895894088569910e-02,3.790999207196387111e-05,1.578627428465979995e-19
1.191084815138601261e+05,4.655692979716096858e+00,9.999807900656047650e+02,4.148370244367221571e-01,3.600761672507287514e+00,5.491074556365889148e-01,9.094891704085789064e-02,3.791009463906909113e-05,1.578611631525923221e-19
1.191084928111636837e+05,4.655690876436380243e+00,9.999807152132088959e+02,4.148368167683108565e-01,3.600760066254684588e+00,5.491071871766048940e-01,9.094889609085773929e-02,3.791014592275123281e-05,1.578603733113058240e-19
1.191085041084672266e+05,4.655688773157463878e+00,9.999806403608121173e+02,4.148366091000318390e-01,3.600758460002563499e+00,5.491069187167783028e-01,9.094887514088337288e-02,3.791019720653936203e-05,1.578595834738089542e-19
1.191085154057707696e+05,4.655686669879347761e+00,9.999805655084144291e+02,4.148364014317700299e-01,3.600756853751209352e+00,5.491066502569934560e-01,9.094885419088429013e-02,3.791024849037518936e-05,1.578587936401854907e-19
1.191085267030743271e+05,4.655684566602031893e+00,9.999804906560158315e+02,4.148361937635338670e-01,3.600755247500594169e+00,5.491063817972627881e-01,9.094883324086291965e-02,3.791029977425960251e-05,1.578580038104361796e-19
1.191085380003778700e+05,4.655682463325517162e+00,9.999804158036163244e+02,4.148359860954671241e-01,3.600753641250131309e+00,5.491061133378171144e-01,9.094881229090782948e-02,3.791035105830756755e-05,1.578572139843641189e-19
1.191155997980732936e+05,4.654367889388878687e+00,9.999336263654132608e+02,4.147061917191920410e-01,3.599749714242725940e+00,5.489383234943566725e-01,9.093571750894814676e-02,3.794242381773688371e-05,1.573642520038590647e-19
1.191226615957687318e+05,4.653053628127269192e+00,9.998868365747183589e+02,4.145764297135638987e-01,3.598746024629909002e+00,5.487705749829404622e-01,9.092262427298895833e-02,3.797452812377057215e-05,1.568727806670668266e-19
1.191297233934641554e+05,4.651739679479468315e+00,9.998400464314927376e+02,4.144467000722136807e-01,3.597742572365202118e+00,5.486028677953888044e-01,9.090953258276868176e-02,3.800666401114905901e-05,1.563827956162799456e-19
1.191367851911595790e+05,4.650426043384262798e+00,9.997932559356972888e+02,4.143170027885564877e-01,3.596739357403097692e+00,5.484352019231409914e-01,9.089644243789657407e-02,3.803883151448215794e-05,1.558942925063813927e-19
1.191374913709294051e+05,4.650294696962779639e+00,9.997885768667249522e+02,4.143040348398343009e-01,3.596639048956623341e+00,5.484184376079894729e-01,9.089513350845197792e-02,3.804205000509011518e-05,1.558455235351729880e-19
1.191381975506992312e+05,4.650163353666147970e+00,9.997838977942263909e+02,4.142910672144143880e-01,3.596538742882564144e+00,5.484016737059402846e-01,9.089382459442116313e-02,3.804526881221509442e-05,1.557967693356764750e-19
1.191389037304690573e+05,4.650032013494308281e+00,9.997792187182017187e+02,4.142780999123785168e-01,3.596438439181022240e+00,5.483849102169274792e-01,9.089251569581176249e-02,3.804848793589241357e-05,1.557480299036050946e-19
1.191396099102388835e+05,4.649900676447199288e+00,9.997745396386508219e+02,4.142651329340462096e-01,3.596338137852324035e+00,5.483681471407935160e-01,9.089120681265935864e-02,3.805170737615918620e-05,1.556993052347550714e-19
1.191396805282160785e+05,4.649887542914346028e+00,9.997740717305017597e+02,4.142638362540215224e-01,3.596328107849842137e+00,5.483664708559342627e-01,9.089107592520601075e-02,3.805202933761651132e-05,1.556944335796484453e-19
1.191397511461932736e+05,4.649874409412739773e+00,9.997736038223174546e+02,4.142625395772321362e-01,3.596318077871100805e+00,5.483647945751993769e-01,9.089094503790547119e-02,3.805235130223877165e-05,1.556895620721270345e-19
1.191398217641704687e+05,4.649861275942378747e+00,9.997731359140979066e+02,4.142612429035939514e-01,3.596308047916383810e+00,5.483631182984745056e-01,9.089081415071388614e-02,3.805267326996892462e-05,1.556846907122796245e-19
1.191398570731590589e+05,4.649854709215011539e+00,9.997729019599793219e+02,4.142605945675952306e-01,3.596303032944841771e+00,5.483622801612246800e-01,9.089074870709361320e-02,3.805283425491978554e-05,1.556822550877222886e-19
1.191398923821476637e+05,4.649848142495454084e+00,9.997726680058519833e+02,4.142599462324963455e-01,3.596298017979141282e+00,5.483614420250411126e-01,9.089068326353932914e-02,3.805299524068996448e-05,1.556798195000358946e-19
1.191399276911362540e+05,4.649841575783709047e+00,9.997724340517157771e+02,4.142592978983912211e-01,3.596293003019019441e+00,5.483606038900344926e-01,9.089061782009737189e-02,3.805315622733762890e-05,1.556773839491266013e-19
1.191399630001248588e+05,4.649835009079776427e+00,9.997722000975708170e+02,4.142586495647973543e-01,3.596287988065456354e+00,5.483597657558093585e-01,9.089055237657192587e-02,3.805331721463298215e-05,1.556749484353083114e-19
1.191399983091134491e+05,4.649828442383654448e+00,9.997719661434169893e+02,4.142580012321745997e-01,3.596282973117439941e+00,5.483589276227678333e-01,9.089048693315614214e-02,3.805347820280583442e-05,1.556725129582570593e-19
1.193165432515062130e+05,4.617092486488697745e+00,9.986020850326585787e+02,4.110264337613550034e-01,3.571282279166720031e+00,5.441811528895401651e-01,9.056375226282839530e-02,3.886840861019919853e-05,1.439452995680585328e-19
1.194930881938989769e+05,4.584550866340048714e+00,9.974319829200031791e+02,4.078149840222142219e-01,3.546429135844224145e+00,5.400290640984536372e-01,9.023797869049647591e-02,3.970368452866341024e-05,1.330755419068615921e-19
1.196696331362917408e+05,4.552202631380001030e+00,9.962616591933254995e+02,4.046235522604374468e-01,3.521722824609939018e+00,5.359025329589381936e-01,8.991316167543432492e-02,4.055987534423316249e-05,1.230024830171431521e-19
1.198461780786844902e+05,4.520046834764225530e+00,9.950911132385309656e+02,4.014520391056473070e-01,3.497162629786796373e+00,5.318014316396054708e-01,8.958929666424637894e-02,4.143756790786032887e-05,1.136695308798201989e-19
1.209619739788588922e+05,4.321207769574708202e+00,9.876878711647588034e+02,3.818619513112517794e-01,3.345272305309654026e+00,5.064618511263850875e-01,8.756413925245001839e-02,4.752257507245343947e-05,6.871554311069718291e-20
1.220777698790332943e+05,4.129783676073505383e+00,9.802755700208562075e+02,3.630389605921806595e-01,3.199013113765686533e+00,4.821012801273560910e-01,8.557565700130541353e-02,5.466458697608302472e-05,4.120552992638007561e-20
1.231935657792076963e+05,3.945545605909476450e+00,9.728540492188177495e+02,3.449590194392690434e-01,3.058212204567710923e+00,4.586886598481462740e-01,8.362265004630874132e-02,6.307200804606360707e-05,2.450525138904181086e-20
1.243093616793820984e+05,3.768270269526099892e+00,9.654231448977473065e+02,3.275986571418928461e-01,2.922701154871671925e+00,4.361935832842736560e-01,8.170387552453389768e-02,7.299870374096408443e-05,1.445030631358475805e-20
1.254251575795565004e+05,3.597739922497562581e+00,9.579826898622350200e+02,3.109349624490116981e-01,2.792315918103848826e+00,4.145862537737154963e-01,7.981803344690026336e-02,8.475472408638807967e-05,8.447299318557538116e-21
1.265409534797309025e+05,3.433742252383401361e+00,9.505325135167363442e+02,2.949455652690070040e-01,2.666896781141692596e+00,3.938374374387588750e-01,7.796374884755158385e-02,9.871968639083402363e-05,4.894271614014978314e-21
1.276567493799053045e+05,3.276070265811459770e+00,9.430724417947130860e+02,2.796086172123697366e-01,2.546288331895178558e+00,3.739184080294727930e-01,7.613954919673653066e-02,1.153594777015768406e-04,2.809906683255169963e-21
1.287725452800797066e+05,3.124522175428825932e+00,9.356022970807567845e+02,2.649027707708677681e-01,2.430339439381076438e+00,3.548008823856016458e-01,7.434383580788726797e-02,1.352470833832027824e-04,1.598202456126606989e-21
1.298883411802541086e+05,2.978901286275878579e+00,9.281218981229015981e+02,2.508071569306679072e-01,2.318903248744474954e+00,3.364569444236261697e-01,7.257484766836867773e-02,1.590885087374247918e-04,9.003444312766878754e-22
1.306633176479625545e+05,2.881146722458492793e+00,9.229202521826199472e+02,2.413653418690165087e-01,2.244085285225629001e+00,3.241567756657749988e-01,7.136089272329569633e-02,1.784269747763002887e-04,6.009080088979584843e-22
1.314382941156709858e+05,2.786096006230322608e+00,9.177135073625471477e+02,2.322013290702798494e-01,2.171328844311170680e+00,3.122072424703955518e-01,7.015815356776751444e-02,2.004368107193561939e-04,3.991325938062241942e-22
1.322132705833794316e+05,2.693687399678586392e+00,9.125015996705266161e+02,2.233084967037450019e-01,2.100588397811880004e+00,3.005991585967918711e-01,6.896582546374242784e-02,2.255211024223650071e-04,2.638169946559938469e-22
1.329882470510878775e+05,2.603860257481971363e+00,9.072844641656366775e+02,2.146803136501131970e-01,2.031819442783694196e+00,2.893233363022271187e-01,6.778301810127014548e-02,2.541466446569035044e-04,1.735127871172276745e-22
1.337632235187963233e+05,2.516555006952918561e+00,9.020620349250818890e+02,2.063103347883975258e-01,1.964978515790584579e+00,2.783705619769621387e-01,6.660874063444159610e-02,2.868537625329718233e-04,1.135456873460157884e-22
1.345381999865047692e+05,2.431713127561716981e+00,8.968342450039755249e+02,1.981921962567327888e-01,1.900023210035061139e+00,2.677315693942781683e-01,6.544188453595570221e-02,3.242673396960526360e-04,7.392449269595528581e-23
1.353131764542132150e+05,2.349277129857613833e+00,8.916010263856898064e+02,1.903196108256569874e-01,1.836912195090425026e+00,2.573970107503137372e-01,6.428120415783793173e-02,3.671090333836810851e-04,4.787997159107345731e-23
1.360881529219216609e+05,2.269190533723421055e+00,8.863623099205894960e+02,1.826863635922834350e-01,1.775605238643116923e+00,2.473574259343434556e-01,6.312529499779935549e-02,4.162105558793808028e-04,3.084878627915422501e-23
1.368631293896301067e+05,2.191397845851865700e+00,8.811180252484004995e+02,1.752863082886620405e-01,1.716063229110570854e+00,2.376032108505233553e-01,6.197256985312210587e-02,4.725277489904690766e-04,1.977032715229065173e-23
1.378566119549004652e+05,2.094939456969872271e+00,8.743868451595537863e+02,1.661311555196371137e-01,1.642254156776866925e+00,2.255005087943836306e-01,6.049658992387586115e-02,5.570459551092364278e-04,1.108905282422410108e-23
1.388500945201708528e+05,2.002048715774309429e+00,8.676462418977160951e+02,1.573365905299451140e-01,1.571206105029126165e+00,2.138295933273110516e-01,5.901851666587391160e-02,6.579102220532579912e-04,6.164504610342332862e-24
1.394215024633006833e+05,1.950195138715205001e+00,8.637650101005231136e+02,1.524368214820138734e-01,1.531564127896861915e+00,2.073041616129877029e-01,5.816550397248371196e-02,7.245237508583268239e-04,4.379921999393768509e-24
1.399929104064305138e+05,1.899464659015805523e+00,8.598805776212219598e+02,1.476498639925541423e-01,1.492797344327014164e+00,2.009101621029270313e-01,5.730905282884533880e-02,7.982357644672471043e-04,3.102682711586023388e-24
1.405643183495603153e+05,1.849836923205146144e+00,8.559929128591578547e+02,1.429733991025859130e-01,1.454892473724876956e+00,1.946432949536314738e-01,5.644799167372784032e-02,8.797637503250719171e-04,2.191336039607350252e-24
1.411357262926901458e+05,1.801291825358219523e+00,8.521019835240412021e+02,1.384051356646559539e-01,1.417836557909196715e+00,1.884991978271791935e-01,5.558105858899566737e-02,9.698753681921253684e-04,1.543053700117781732e-24
1.417071342358199763e+05,1.753809501789643344e+00,8.482077565561029360e+02,1.339428148321259449e-01,1.381616941521681463e+00,1.824734577289777171e-01,5.470690311895094055e-02,1.069384587906194910e-03,1.083316947762809408e-24
1.422785421789498068e+05,1.707370326049757914e+00,8.443101980334421341e+02,1.295842158284103152e-01,1.346221244193146260e+00,1.765616292834313872e-01,5.382409156874413958e-02,1.179145176024596741e-03,7.582926060563681730e-25
1.428499501220796374e+05,1.661954904378395881e+00,8.404092730653196668e+02,1.253271631216281712e-01,1.311637322928566274e+00,1.707592606795245715e-01,5.293111668473369363e-02,1.300040963942346002e-03,5.292145072842499788e-25
1.434213580652094388e+05,1.617544071802657468e+00,8.365049456703529813e+02,1.211695350810495370e-01,1.277853223270956518e+00,1.650619284546418486e-01,5.202641265794209074e-02,1.432972338066943168e-03,3.682559304717446385e-25
1.439927660083392693e+05,1.574118889094000329e+00,8.325971786388995497e+02,1.171092741146174260e-01,1.244857118082970837e+00,1.594652820825834538e-01,5.110837635628281278e-02,1.578838457545359833e-03,2.555070851458151893e-25
1.444527382423677482e+05,1.539865806937581239e+00,8.294489774863375260e+02,1.139102301121326238e-01,1.218860368320532350e+00,1.550303639379336240e-01,5.035859365538124938e-02,1.706250911601419869e-03,1.899791382933091612e-25
1.449127104763962270e+05,1.506229630496592753e+00,8.262985016417723045e+02,1.107720003439830042e-01,1.193360451778045395e+00,1.506558347242347717e-01,4.959829617119326101e-02,1.843047479135643705e-03,1.409962711936145123e-25
1.453726827104246768e+05,1.473200796407855506e+00,8.231457295405299419e+02,1.076936333492053560e-01,1.168351168120246086e+00,1.463396854519648516e-01,4.882667893009465243e-02,1.989630556344481379e-03,1.044522754623769547e-25
1.458326549444531556e+05,1.440769836046805086e+00,8.199906388403419442e+02,1.046742237572151624e-01,1.143826234115765450e+00,1.420800404311833853e-01,4.804297869595527265e-02,2.146359046685381283e-03,7.724091605590306814e-26
1.462926271784816345e+05,1.408927376833646328e+00,8.168332063535814314e+02,1.017129167721927824e-01,1.119779245966466164e+00,1.378751862507868187e-01,4.724649207526467748e-02,2.313535768935116345e-03,5.701741585869933886e-26
1.467525994125101133e+05,1.377664144107091149e+00,8.136734079776653061e+02,9.880891237714216346e-02,1.096203640819197744e+00,1.337236016252990323e-01,4.643659500275536256e-02,2.491394282695541095e-03,4.201555840218347435e-26
1.472125716465385631e+05,1.346970963581598957e+00,8.105112186246645933e+02,9.596146904572919190e-02,1.073092658796870102e+00,1.296239871056787119e-01,4.561276309415834146e-02,2.680085539160923392e-03,3.090775307370102705e-26
1.476725438805670419e+05,1.316838764393881034e+00,8.073466121515411942e+02,9.316990673837949322e-02,1.050439307122097432e+00,1.255752934722797753e-01,4.477459221048869786e-02,2.879664850633136073e-03,2.269821209136306726e-26
1.481325161145955208e+05,1.287258582688916020e+00,8.041795612920856229e+02,9.043360895825211521e-02,1.028236328040124548e+00,1.215767474970040896e-01,4.392181845501676868e-02,3.090079738518780768e-03,1.664158906742936563e-26
1.486861887047111813e+05,1.252372276741958057e+00,8.003640721402128975e+02,8.721242418544190855e-02,1.002097028188646100e+00,1.168295233445920817e-01,4.287582290778336330e-02,3.357478115494538957e-03,1.142874330172070676e-26
1.492398612948268419e+05,1.218257759826495867e+00,7.965449479546068687e+02,8.406967658752251271e-02,9.765855593895890197e-01,1.121540636782076966e-01,4.180868201242544241e-02,3.639778158750975670e-03,7.830551206558893231e-27
1.499546511019144673e+05,1.175333120057513669e+00,7.916090042028589551e+02,8.012725491164927882e-02,9.445552776827442765e-01,1.062250101498096594e-01,4.040068428049933824e-02,4.024893032811355936e-03,4.789989828463289030e-27
1.505968849556386122e+05,1.137815468515760875e+00,7.871687437577095352e+02,7.669448514169804887e-02,9.166212556341777340e-01,1.010026657667949246e-01,3.910818064149403778e-02,4.388881331596082049e-03,3.070100037780692187e-27
1.512391188093627570e+05,1.101268351952383151e+00,7.827233214941844608e+02,7.336459651840543383e-02,8.894612395631649182e-01,9.588283346499830440e-02,3.779220387545401127e-02,4.767478530360491976e-03,1.961845653025244493e-27
1.518813526630869019e+05,1.065669982515079717e+00,7.782726357596925482e+02,7.013702847602218404e-02,8.630494285529640708e-01,9.086971939407244292e-02,3.645589933214509609e-02,5.157906759875915091e-03,1.249896908485696594e-27
1.525235865168110467e+05,1.030999131726674678e+00,7.738165795077466100e+02,6.701131807036946053e-02,8.373593475921313756e-01,8.596839824045590661e-02,3.510306827318554479e-02,5.556999550532458129e-03,7.939154507555599080e-28
1.531658203705351916e+05,9.972351461967688957e-01,7.693550403871074650e+02,6.398705112671587703e-02,8.123641427051330188e-01,8.118459894738035143e-02,3.373806618014145442e-02,5.961287237398113330e-03,5.027468729768603706e-28
1.538080542242593365e+05,9.643579573014112727e-01,7.648879009017683757e+02,6.106381337242398899e-02,7.880369052037886624e-01,7.652446579175414820e-02,3.236567797794994567e-02,6.367094955494380024e-03,3.173764682030143386e-28
1.544502880779835104e+05,9.323480842340011732e-01,7.604150386309694341e+02,5.824114446648318705e-02,7.643510026943791669e-01,7.199431121150509649e-02,3.099097958622558380e-02,6.770646275407871811e-03,1.997177438501436325e-28
1.550925219317076553e+05,9.011866302804051321e-01,7.559363264962340736e+02,5.551849727344163044e-02,7.412803960041864926e-01,6.760037581448877231e-02,2.961919544741984864e-02,7.168165740868280567e-03,1.252660523500405062e-28
1.557347557854318002e+05,8.708552725860804200e-01,7.514516330615493871e+02,5.289520399209538676e-02,7.187999248435742450e-01,6.334860845203914292e-02,2.825556078992478778e-02,7.555974508446697963e-03,7.830254355821404100e-29
1.562822027407300775e+05,8.456425175801399741e-01,7.476240088950002018e+02,5.073691454367559861e-02,7.000851679791209037e-01,5.984071994757680230e-02,2.710346727758320903e-02,7.876247832183437894e-03,5.231541407483480905e-29
1.568296496960283548e+05,8.210093023631136466e-01,7.437918542683978558e+02,4.864962805384363820e-02,6.817675744085280876e-01,5.644313943110679938e-02,2.596406575763616359e-02,8.184894711998923211e-03,3.486057722000721866e-29
1.573770966513266612e+05,7.969452047880342116e-01,7.399550813189812288e+02,4.663265319769129696e-02,6.638337597269081680e-01,5.315850050110258046e-02,2.484024291133985970e-02,8.480048450992223180e-03,2.316597901544273523e-29
1.579245436066249385e+05,7.734400623474227965e-01,7.361136005135772393e+02,4.468520359487353905e-02,6.462711417345387011e-01,4.998900477268217873e-02,2.373469256612245615e-02,8.760019679205850382e-03,1.535097410174712698e-29
1.584719905619232450e+05,7.504839588293263919e-01,7.322673207846337391e+02,4.280639755868329704e-02,6.290679657827508153e-01,4.693639515135699519e-02,2.264989055015837263e-02,9.023309786377047004e-03,1.014254017775219604e-29
1.590194375172215223e+05,7.280672104208240070e-01,7.284161496584194992e+02,4.099525977414122946e-02,6.122133132939356903e-01,4.400194129822964512e-02,2.158807699171990876e-02,9.268619062797701577e-03,6.680946433409468670e-30
1.595668844725197996e+05,7.061803515499133210e-01,7.245599933742757912e+02,3.925072455171061542e-02,5.956970956452446453e-01,4.118643581170781248e-02,2.055124541121195955e-02,9.494850130038335126e-03,4.386958416517332409e-30
1.601143314278181060e+05,6.848141207213678250e-01,7.206987569942385790e+02,3.757164032091095396e-02,5.795100357381715028e-01,3.849019953861599480e-02,1.954113781404675718e-02,9.701107309622843469e-03,2.871284607229635485e-30
1.606617783831163833e+05,6.639594465655671574e-01,7.168323445027021990e+02,3.595677505885990638e-02,5.636436395579859093e-01,3.591309442585981226e-02,1.855924492894390002e-02,9.886692593917627628e-03,1.872959391449792452e-30
1.611385720367437752e+05,6.462061146262192413e-01,7.134606369900354821e+02,3.460162856797534270e-02,5.500801533736128235e-01,3.376521022693194929e-02,1.772803837217809195e-02,1.003108408552096098e-02,1.287358444756783559e-30
1.616153656903711671e+05,6.288282931883487636e-01,7.100848649889807120e+02,3.329329941791553393e-02,5.367493344261327071e-01,3.170661896045264688e-02,1.691985482434847296e-02,1.015918555949936117e-02,8.824572901946027854e-31
1.620921593439985299e+05,6.118202954207964117e-01,7.067049633640516504e+02,3.203084675225041644e-02,5.236468843713582011e-01,2.973645399170665726e-02,1.613523599034672254e-02,1.027087431513440917e-02,6.032237586771399572e-31
1.625689529976259219e+05,5.951765164484047466e-01,7.033208665244195572e+02,3.081329754036997784e-02,5.107688630143167874e-01,2.785363691438874287e-02,1.537459764311350716e-02,1.036612133621580591e-02,4.111695228636187296e-31
1.630457466512532847e+05,5.788914277840160327e-01,6.999325084515562594e+02,2.963965003476031271e-02,4.981116632902553576e-01,2.605689279279660084e-02,1.463823652542585105e-02,1.044498514077784636e-02,2.794732014202352495e-31
1.635225403048806766e+05,5.629595721152045318e-01,6.965398227232183217e+02,2.850887719600846484e-02,4.856719859513318749e-01,2.434476583284479051e-02,1.392633773631090678e-02,1.050760539870850691e-02,1.893642881144878283e-31
1.639993339585080685e+05,5.473755584545867414e-01,6.931427425339588808e+02,2.741993005699599334e-02,4.734468143061321688e-01,2.271563523196189899e-02,1.323898242814541132e-02,1.055419643135123084e-02,1.279127264435231238e-31
1.644761276121354313e+05,5.321340576576566450e-01,6.897412007123479043e+02,2.637174100503277344e-02,4.614333892952788285e-01,2.116773100240862057e-02,1.257615566693160054e-02,1.058504068800481847e-02,8.612976866960850637e-32
1.647962186803667282e+05,5.220913360261288938e-01,6.874550698707730589e+02,2.569037442403930213e-02,4.534858094480493373e-01,2.017318330764047984e-02,1.214488583630241383e-02,1.059708301009729473e-02,6.592563089577024699e-32
1.651163097485980252e+05,5.121990263264002419e-01,6.851668772350252539e+02,2.502655860645576838e-02,4.456318105439854849e-01,1.921378225479237339e-02,1.172457432857043451e-02,1.060230059259620501e-02,5.038591609378646856e-32
1.654364008168293221e+05,5.024555578508554943e-01,6.828766022199255303e+02,2.437996048212036707e-02,4.378707217575267263e-01,1.828889939091943306e-02,1.131515404043186186e-02,1.060082217985709382e-02,3.845097045751672577e-32
1.657564918850605900e+05,4.928593699376550008e-01,6.805842241732849516e+02,2.375024527057564491e-02,4.302019086682040139e-01,1.739788628895169026e-02,1.091654364118778593e-02,1.059278606873588144e-02,2.929800599471891000e-32
1.660765829532918870e+05,4.834089115623125821e-01,6.782897223766150319e+02,2.313707686652016066e-02,4.226247703135898037e-01,1.654007649611121192e-02,1.052864858827367613e-02,1.057833929781774700e-02,2.228900357914642532e-32
1.663966740215231839e+05,4.741026409592838942e-01,6.759930760456086318e+02,2.254011821452800782e-02,4.151387363371136785e-01,1.571478743094510688e-02,1.015136211867537566e-02,1.055763685802176867e-02,1.692989160930108863e-32
1.667167650897544809e+05,4.649390252747674368e-01,6.736942643303818841e+02,2.195903167319911836e-02,4.077432642353281400e-01,1.492132222652663674e-02,9.784566213769288479e-03,1.053084092594428443e-02,1.283859816823185289e-32
1.671090112405189429e+05,4.539020244510051927e-01,6.708742701220335221e+02,2.126810323256635854e-02,3.988034293385026574e-01,1.399134591870416881e-02,9.349202350407273543e-03,1.048994361082530163e-02,9.127015758711231502e-33
1.673322350252940960e+05,4.477145211468536723e-01,6.692679559977849522e+02,2.088507940248256201e-02,3.937758722463767791e-01,1.348245878121282632e-02,9.108291026814131774e-03,1.046281968997264146e-02,7.507771337792768107e-33
1.675554588100692199e+05,4.415942400485550201e-01,6.676605589566804611e+02,2.050929470953657616e-02,3.887916526045044341e-01,1.298802645868693019e-02,8.872286850509043463e-03,1.043297942530905728e-02,6.170732393201152907e-33
1.677786825948443729e+05,4.355406717819079732e-01,6.660520718429861518e+02,2.014063493408277741e-02,3.838506142805918619e-01,1.250779958979857109e-02,8.641138149588244166e-03,1.040048482783629408e-02,5.067594890606314841e-33
1.680019063796195260e+05,4.295533087838261932e-01,6.644424874850832339e+02,1.977898608445664494e-02,3.789526050278065883e-01,1.204152727489338388e-02,8.414791551795915842e-03,1.036539884486262220e-02,4.158173314033900269e-33
1.682251301643946499e+05,4.236316452690676582e-01,6.628317986953225045e+02,1.942423444800729301e-02,3.740974761216865896e-01,1.158895732806900641e-02,8.193192115299105516e-03,1.032778525599382068e-02,3.409061056515602622e-33
1.684483539491698029e+05,4.177751771986610296e-01,6.612199982698433587e+02,1.907626664101718522e-02,3.692850820075219698e-01,1.114983652252594069e-02,7.976283455554376151e-03,1.028770857204086217e-02,2.792507807031248312e-33
1.685663027756012161e+05,4.147068425788990043e-01,6.603678905280987692e+02,1.889510531490712006e-02,3.667594767304167003e-01,1.092315446670466539e-02,7.863545973420024704e-03,1.026556009344981729e-02,2.512249634173032243e-33
1.686842516020326584e+05,4.116564959608453034e-01,6.595154693415755673e+02,1.871578981238938150e-02,3.642457421030412812e-01,1.070011887316531934e-02,7.752093386986281393e-03,1.024275178526234779e-02,2.259567936602808866e-33
1.688022004284640716e+05,4.086240635634914575e-01,6.586627336419512631e+02,1.853830354439996164e-02,3.617438575424242742e-01,1.048069216145151687e-02,7.641916956316659876e-03,1.021929335889836497e-02,2.031803077991383346e-33
1.689201492548954848e+05,4.056094717362592195e-01,6.578096823595858496e+02,1.836262995894443958e-02,3.592538026345403201e-01,1.026483672528146797e-02,7.533007857394407626e-03,1.019519456009781826e-02,1.826546788658691962e-33
1.690380980813269271e+05,4.026126469566387867e-01,6.569563144235279424e+02,1.818875254293087287e-02,3.567755571202255727e-01,1.005251494159352561e-02,7.425357186717215958e-03,1.017046516517131592e-02,1.641618889341624473e-33
1.690534434461292985e+05,4.022240566978310117e-01,6.568452663108637353e+02,1.816626194679158562e-02,3.564539998107842944e-01,1.002514928643723387e-02,7.411443675907691125e-03,1.016720197790991001e-02,1.618948638778899069e-33
1.690687888109316700e+05,4.018357657690467821e-01,6.567342128178490839e+02,1.814380143841736251e-02,3.561326420082778776e-01,9.997842723818557015e-03,7.397551294146946857e-03,1.016392830438579524e-02,1.596584714495421026e-33
1.690841341757340706e+05,4.014477740088575053e-01,6.566231539421204388e+02,1.812137098159816162e-02,3.558114836686158133e-01,9.970595170865521883e-03,7.383680021552672945e-03,1.016064416622503713e-02,1.574523067485301231e-33
1.690994795405364421e+05,4.010600812558718364e-01,6.565120896813140234e+02,1.809897054013611534e-02,3.554905247477466723e-01,9.943406544705941930e-03,7.369829838222859662e-03,1.015734958506023418e-02,1.552759701085270686e-33
1.691010140770167636e+05,4.010213284197570727e-01,6.565009829589630499e+02,1.809673214544129868e-02,3.554584398219984842e-01,9.940690919873113734e-03,7.368445979032580209e-03,1.015701955341160624e-02,1.550599617552829030e-33
1.691025486134970561e+05,4.009825785719393632e-01,6.564898761827353155e+02,1.809449405050197329e-02,3.554263568899539982e-01,9.937975883396584983e-03,7.367062330515890441e-03,1.015668941757092748e-02,1.548442473417808335e-33
1.691040831499773776e+05,4.009438317122574480e-01,6.564787693526284329e+02,1.809225625528210549e-02,3.553942759515689720e-01,9.935261435193716920e-03,7.365678892652692718e-03,1.015635917755986634e-02,1.546288264768559887e-33
1.691056176864576701e+05,4.009050878405506779e-01,6.564676624686401283e+02,1.809001875974525220e-02,3.553621970068007729e-01,9.932547575181241081e-03,7.364295665423193846e-03,1.015602883340017103e-02,1.544136987698503388e-33
1.691057711401056440e+05,4.009012136177123597e-01,6.564665517772776866e+02,1.808979502667279818e-02,3.553589892219709556e-01,9.932276221527419971e-03,7.364157354284272573e-03,1.015599579325685529e-02,1.543922021078091477e-33
1.691059245937535889e+05,4.008973394247519195e-01,6.564654410853764830e+02,1.808957129659674590e-02,3.553557814570769691e-01,9.932004873754457161e-03,7.364019045251546727e-03,1.015596275207227527e-02,1.543707083730569794e-33
1.691060780474015628e+05,4.008934652616693572e-01,6.564643303929364038e+02,1.808934756951709188e-02,3.553525737121185357e-01,9.931733531862343978e-03,7.363880738324887071e-03,1.015592970984646043e-02,1.543492175652044401e-33
1.691061546067625459e+05,4.008915324191460461e-01,6.564637762587462930e+02,1.808923595125595807e-02,3.553509733476465371e-01,9.931598159256246894e-03,7.363811736595040659e-03,1.015591322439221220e-02,1.543384967108668665e-33
1.691062311661235581e+05,4.008895995840595639e-01,6.564632221249867143e+02,1.808912433376680048e-02,3.553493729879929064e-01,9.931462788223880539e-03,7.363742735440279366e-03,1.015589673863559819e-02,1.543277765951665084e-33
1.691063077254845412e+05,4.008876667564099106e-01,6.564626679919413164e+02,1.808901271706289324e-02,3.553477726330852016e-01,9.931327418820894842e-03,7.363673734886008217e-03,1.015588025255493090e-02,1.543170572231983654e-33
1.691063153814209218e+05,4.008874734740539014e-01,6.564626125786760440e+02,1.808900155543547925e-02,3.553476125978557443e-01,9.931313881969938695e-03,7.363666834863690815e-03,1.015587860392909263e-02,1.543159853269015464e-33
1.691063230373573024e+05,4.008872801917723883e-01,6.564625571654179339e+02,1.808899039381615947e-02,3.553474525626734715e-01,9.931300345135550892e-03,7.363659934847267136e-03,1.015587695529996011e-02,1.543149134380442674e-33
1.691063306932936830e+05,4.008870869095652045e-01,6.564625017521669861e+02,1.808897923220464943e-02,3.553472925275386052e-01,9.931286808317436529e-03,7.363653034836882896e-03,1.015587530666759233e-02,1.543138415566280337e-33
1.691063345212618879e+05,4.008869902684801256e-01,6.564624740455432175e+02,1.808897365140132649e-02,3.553472125099809142e-01,9.931280039914135160e-03,7.363649584833788925e-03,1.015587448235000592e-02,1.543133056186864722e-33
1.691063383492300636e+05,4.008868936274136430e-01,6.564624463389212679e+02,1.808896807060019624e-02,3.553471324924347141e-01,9.931273271515059578e-03,7.363646134832113957e-03,1.015587365803150531e-02,1.543127696826024863e-33
1.691063421771982685e+05,4.008867969863658121e-01,6.564624186323011372e+02,1.808896248980082153e-02,3.553470524749006154e-01,9.931266503119986003e-03,7.363642684832038404e-03,1.015587283371227785e-02,1.543122337483784711e-33
1.691063460051664733e+05,4.008867003453365219e-01,6.564623909256827119e+02,1.808895690900335848e-02,3.553469724573787292e-01,9.931259734728721880e-03,7.363639234833422621e-03,1.015587200939228191e-02,1.543116978160155211e-33
1.691063498331346491e+05,4.008866037043258279e-01,6.564623632190661056e+02,1.808895132820803262e-02,3.553468924398682227e-01,9.931252966341907323e-03,7.363635784836304772e-03,1.015587118507138564e-02,1.543111618855081284e-33
1.691082638171630679e+05,4.008382855322491500e-01,6.564485101348583385e+02,1.808616117656758338e-02,3.553068851748804602e-01,9.927869283101950493e-03,7.361910974404950112e-03,1.015545892329431342e-02,1.540434293648844402e-33
1.691101778011914575e+05,4.007899720078951789e-01,6.564346574970426218e+02,1.808337151556401942e-02,3.552668808761681452e-01,9.924486617854683806e-03,7.360186539254201521e-03,1.015504645905408732e-02,1.537761608227307751e-33
1.691120917852198763e+05,4.007416631309992927e-01,6.564208053056668177e+02,1.808058234510726003e-02,3.552268795437786841e-01,9.921104970370474979e-03,7.358462479324125172e-03,1.015463379241874665e-02,1.535093554567920791e-33
1.691216617053633090e+05,4.005001884491257713e-01,6.563515510470558638e+02,1.806664384788115793e-02,3.550269173782987786e-01,9.904211991367904006e-03,7.349847805887766740e-03,1.015256742569012674e-02,1.521822482882984447e-33
1.691312316255067708e+05,4.002588299139944739e-01,6.562823079565998796e+02,1.805271760084218788e-02,3.548270293778685858e-01,9.887344422032933941e-03,7.341242503985228977e-03,1.015049600926550347e-02,1.508666009798490061e-33
1.691408015456502326e+05,4.000175874925096520e-01,6.562130760402636724e+02,1.803880359275679413e-02,3.546272155482975141e-01,9.870502233697222780e-03,7.332646566128543306e-03,1.014841955162949956e-02,1.495623147939601785e-33
1.691503714657936653e+05,3.997764611515712274e-01,6.561438553040117085e+02,1.802490181239632325e-02,3.544274758953806503e-01,9.853685397701391832e-03,7.324059984828076679e-03,1.014633806126476537e-02,1.482692918411188948e-33
1.691982210665095190e+05,3.985725694962625187e-01,6.557979195327324078e+02,1.795557593382112252e-02,3.534298904824300092e-01,9.769980500359634959e-03,7.281267164391160528e-03,1.013585541526060459e-02,1.419697578887979157e-33
1.692460706672253436e+05,3.973715748870760844e-01,6.554522641579236506e+02,1.788655406701024700e-02,3.524341603467549544e-01,9.686905117759618891e-03,7.238707133304994254e-03,1.012524822224629070e-02,1.359375963999207807e-33
1.692939202679411974e+05,3.961734731815610422e-01,6.551068899245494777e+02,1.781783481416185713e-02,3.514402861962045432e-01,9.604455677735952018e-03,7.196378953294221142e-03,1.011451754016449121e-02,1.301614827512095770e-33
1.693417698686570220e+05,3.949782602345549010e-01,6.547617975772329828e+02,1.774941678073847437e-02,3.504482687291514131e-01,9.522628614070022257e-03,7.154281685058623726e-03,1.010366442553642732e-02,1.246305705243555129e-33
1.695810178722355049e+05,3.890453816058522252e-01,6.530405901673904054e+02,1.741179632957054121e-02,3.455160553967157600e-01,9.122704561522752484e-03,6.947226083811920867e-03,1.004759923423271910e-02,1.003054154891395926e-33
1.705380098865487089e+05,3.660246035884394677e-01,6.462282711380291857e+02,1.613285454840583319e-02,3.262530777025239304e-01,7.668934565327609892e-03,6.174137373999096998e-03,9.795599398187016665e-03,4.207597226692708658e-34
1.714950019008619129e+05,3.441158165845268901e-01,6.395363739663342812e+02,1.496045886539723764e-02,3.077382495842858612e-01,6.428202188587230081e-03,5.483613805558772494e-03,9.505292140706207357e-03,1.765458189447684003e-34
1.724519939151751169e+05,3.232851336343686155e-01,6.329706725937410283e+02,1.388459971679985479e-02,2.899733414602002624e-01,5.374560348066242076e-03,4.868252556066718709e-03,9.184379553248385800e-03,7.415771885437470822e-35
1.734089859294883208e+05,3.034983483768549650e-01,6.265367827990979777e+02,1.289599700172153023e-02,2.729575184217756245e-01,4.483922912996284905e-03,4.320933613179187005e-03,8.839976427165045780e-03,3.121162201191454606e-35
1.743659779438015248e+05,2.847210112706397012e-01,6.202401214627146828e+02,1.198613968706685635e-02,2.566871607681759371e-01,3.734253055642980986e-03,3.834922956555475177e-03,8.478534803189892444e-03,1.317481231229168502e-35
1.752533763270910131e+05,2.681810175573935418e-01,6.145285030197835567e+02,1.120606110751966138e-02,2.422605473345167681e-01,3.147679247456860573e-03,3.433550934131528263e-03,8.133178933764197496e-03,5.941787752195624427e-36
1.761407747103804722e+05,2.524515920224572607e-01,6.089432544969605487e+02,1.048146984028451752e-02,2.284621438361368606e-01,2.650966823081457851e-03,3.074843861618158179e-03,7.782167661333841413e-03,2.690927357563092668e-36
1.770281730936699314e+05,2.375051044383983123e-01,6.034880663139600756e+02,9.807349738977627282e-03,2.152827554042402725e-01,2.231445615226127291e-03,2.754522462816881741e-03,7.429031217136137198e-03,1.224801443539800665e-36
1.779155714769593906e+05,2.233140042744100606e-01,5.981663768822822931e+02,9.179207920145135424e-03,2.027113986716233551e-01,1.877921836355575134e-03,2.468665548373763161e-03,7.076810297911726756e-03,5.607707390668355439e-37
1.788029698602488497e+05,2.098508833810540375e-01,5.929813499248731432e+02,8.593039034746046551e-03,1.907354750214726724e-01,1.580584674545451726e-03,2.213697958422806544e-03,6.728086691866972009e-03,2.584914960046079440e-37
1.796903682435383089e+05,1.970885363121007428e-01,5.879358529579658352e+02,8.045284996836177607e-03,1.793409606387033062e-01,1.330898087356700930e-03,1.986373437663430715e-03,6.385019151541343300e-03,1.200714065742690532e-37
1.805777666268277681e+05,1.850000176180721934e-01,5.830324371210942900e+02,7.532792334120423997e-03,1.685126041614695425e-01,1.121484546401978850e-03,1.783754434554089569e-03,6.049382141526538602e-03,5.625480182962657749e-38
1.814651650101172272e+05,1.735586956740956255e-01,5.782733185926214219e+02,7.052769015469593020e-03,1.582341245027521492e-01,9.460062798883194391e-04,1.603190322393078376e-03,5.722605553592910628e-03,2.660728233230485922e-38
1.823525633934066864e+05,1.627383027883463062e-01,5.736603618690494386e+02,6.602742259602651861e-03,1.484884031152552131e-01,7.990483637583170986e-04,1.442295129776550956e-03,5.405813919954004232e-03,1.271608167818920149e-38
1.832399617766961455e+05,1.525129814784457749e-01,5.691950652131747574e+02,6.180518469330545210e-03,1.392576665306798078e-01,6.760068891347179379e-04,1.298925538910314413e-03,5.099864050390480810e-03,6.146135443403729447e-39
1.839696069042757154e+05,1.445332965467095443e-01,5.656349868294440739e+02,5.852799959373663520e-03,1.320408248554961195e-01,5.899889397355198182e-04,1.192811147647106999e-03,4.856871644457218078e-03,3.411252328232161521e-39
1.846992520318552561e+05,1.369248575374870935e-01,5.621759265321229577e+02,5.541576878607591509e-03,1.251494840785606355e-01,5.156407155523491876e-04,1.096276615265966408e-03,4.621879249500636909e-03,1.909806388079375700e-39
1.854288971594348259e+05,1.296740275853852098e-01,5.588181312378403618e+02,5.245955021230696083e-03,1.185732249609800504e-01,4.513550182813282378e-04,1.008441228387109683e-03,4.395051356506092521e-03,1.079000626843319315e-39
1.861585422870143957e+05,1.227674198770294239e-01,5.555616667725900015e+02,4.965113626468274123e-03,1.123015803854562206e-01,3.957408086326847404e-04,9.285023623250070147e-04,4.176482694147273106e-03,6.154530855673439874e-40
1.868881874145939655e+05,1.161919087266842926e-01,5.524064175094667917e+02,4.698296238394808477e-03,1.063240795099116287e-01,3.475962380205668356e-04,8.557291680922578378e-04,3.966207572265061099e-03,3.545544062544114989e-40
1.876178325421735062e+05,1.099346396077640342e-01,5.493520871092513289e+02,4.444802645499870003e-03,1.006302874824399340e-01,3.058844821402637222e-04,7.894566745068945773e-04,3.764208323177098154e-03,2.063706181564575180e-40
1.883474776697530760e+05,1.039830381700897061e-01,5.463982003854777076e+02,4.203981834102406799e-03,9.520984093075676724e-02,2.697122247769270743e-04,7.290802950373402678e-04,3.570422885416301220e-03,1.214059036111876177e-40
1.890771227973326459e+05,9.832481827030857546e-02,5.435441062986225234e+02,3.975225877816400064e-03,9.005247947363237415e-02,2.383106107475587419e-04,6.740507246213187174e-04,3.384751583490935769e-03,7.220965269239114353e-41
1.898067679249122157e+05,9.294798904025226849e-02,5.407889820662990132e+02,3.757964678606414907e-03,8.514807351999847951e-02,2.110184702853712651e-04,6.238692090307397520e-04,3.207063162331281244e-03,4.343467755800112704e-41
1.905364130524917564e+05,8.784086101553030546e-02,5.381318383584130061e+02,3.551661472495614910e-03,8.048664862734170033e-02,1.872676106482611179e-04,5.780831679080008318e-04,3.037200137136734576e-03,2.642843319120350839e-41
1.912660581800713262e+05,8.299205134461620781e-02,5.355715255287174159e+02,3.355809013743200984e-03,7.605840668793358017e-02,1.665699718208948996e-04,5.362821519827230777e-04,2.874983519135807051e-03,1.627016519783251340e-41
1.919957033076508960e+05,7.839048809725034095e-02,5.331067408176288609e+02,3.169926354446905847e-03,7.185374420213533342e-02,1.485064497952349300e-04,4.980941149132305477e-04,2.720216975959643523e-03,1.013619226624942274e-41
1.927253484352304367e+05,7.402541369026513496e-02,5.307360364460396340e+02,2.993556141331231955e-03,6.786326788468698135e-02,1.327172013330004795e-04,4.631819804848520640e-04,2.572690482429080931e-03,6.391176241630596909e-42
1.934549935628100066e+05,6.988638744898829913e-02,5.284578285066355647e+02,2.826262357362773880e-03,6.407780783429732618e-02,1.188932569488880986e-04,4.312404864039087390e-04,2.432183513975406594e-03,4.079009080595634102e-42
1.941846386903895764e+05,6.596328732310859089e-02,5.262704065481426596e+02,2.667628442315065230e-03,6.048842848024450075e-02,1.067692830209384931e-04,4.019932865598204808e-04,2.298467830968256662e-03,2.635272508343911494e-42
1.949142838179691462e+05,6.224631077737715484e-02,5.241719437395807972e+02,2.517255733125708939e-03,5.708643750315362669e-02,9.611734861397480667e-05,3.751902943356825808e-04,2.171309898148163654e-03,1.723482523678620044e-42
1.956439289455486869e+05,5.872597487943496258e-02,5.221605074951859251e+02,2.374762171564613524e-03,5.386339291108001998e-02,8.674156718570461412e-05,3.506052502855449291e-04,2.050472979319075718e-03,1.141030039414025306e-42
1.963735740731282567e+05,5.539311560960982067e-02,5.202340704386227799e+02,2.239781233177900316e-03,5.081110843718403963e-02,7.847349741836225632e-05,3.280334982633842009e-04,1.935718943566135282e-03,7.646801190012124134e-43
1.971032192007078265e+05,5.223888642018047895e-02,5.183905215823530170e+02,2.111961037542141578e-03,4.792165741152078218e-02,7.116820068043232120e-05,3.072899548353163145e-04,1.826809815601803094e-03,5.187100708183988504e-43
1.980795599464222323e+05,4.828283080402866190e-02,5.160495158000186393e+02,1.951539689953588367e-03,4.429669273026554804e-02,6.268437178993673962e-05,2.821039114535894886e-04,1.689810100565999895e-03,3.144373907898478739e-43
1.990559006921366672e+05,4.461181116543368186e-02,5.138476097603102062e+02,1.802563376771317135e-03,4.093196623325329186e-02,5.545102575155675875e-05,2.595367360593507752e-04,1.562293793598165670e-03,1.946912516443435321e-43
2.000322414378510730e+05,4.120724708736906577e-02,5.117792582435247368e+02,1.664299629187267985e-03,3.781069530008869528e-02,4.926131043115819768e-05,2.392766126746876125e-04,1.443714234987258623e-03,1.230794058777269143e-43
2.010085821835655079e+05,3.805152534315008050e-02,5.098388136453311290e+02,1.536054490101347115e-03,3.491693470885914169e-02,4.394506000987056745e-05,2.210510101478249851e-04,1.333540074031899130e-03,7.940400706468611949e-44
2.019849229292799137e+05,3.512797794516849675e-02,5.080205697876793920e+02,1.417170927940893978e-03,3.223556571664660392e-02,3.936199432439370724e-05,2.046216786289633183e-04,1.231257627627640756e-03,5.224929568495149058e-44
2.029612636749943485e+05,3.242085744274206954e-02,5.063188029943794959e+02,1.307027427569422895e-03,2.975228091489008284e-02,3.539621012578806443e-05,1.897802661486366741e-04,1.136372624008140592e-03,3.504597127721556030e-44
2.039376044207087543e+05,2.991530982726566326e-02,5.047278099963254476e+02,1.205036692502165678e-03,2.745356550264498388e-02,3.195171755167447035e-05,1.763444844560453661e-04,1.048411430110793730e-03,2.394605189455138285e-44
2.049139451664231892e+05,2.759734540835569183e-02,5.032419423508449654e+02,1.110644411554112879e-03,2.532667556844014553e-02,2.894882139134411297e-05,1.641547599455948567e-04,9.669218470244913795e-04,1.665598508328973375e-44
2.058902859121375950e+05,2.545380802352647728e-02,5.018556371744313083e+02,1.023328057901759774e-03,2.335961392300742179e-02,2.632118476436392843e-05,1.530713118304078888e-04,8.914735460225280215e-04,1.178521468154930558e-44
2.068666266578520299e+05,2.347234293647725359e-02,5.005634440942541801e+02,9.425956999983542677e-04,2.154110397941042671e-02,2.401344393137410876e-05,1.429716056756189630e-04,8.216582074614774264e-04,8.476508601200287907e-45
2.078429674035664357e+05,2.164136376592313768e-02,4.993600484184859738e+02,8.679848124379751064e-04,1.986056213320700273e-02,2.197926826638957551e-05,1.337481359552777373e-04,7.570894160564930380e-04,6.192772618596099473e-45
2.088193081492808706e+05,1.995001876888039677e-02,4.982402906067929393e+02,7.990610812393275468e-04,1.830806905277601246e-02,2.017977994660502314e-05,1.253064964284179546e-04,6.974023584900328676e-04,4.592148542548100369e-45
2.097956488949952764e+05,1.838815678034304638e-02,4.971991821894445707e+02,7.354172025688692675e-04,1.687434024864272603e-02,1.858226451504758385e-05,1.175637018363708252e-04,6.422533627800303731e-04,3.453694548500409203e-45
2.107719896407097112e+05,1.694629308633187684e-02,4.962319183363168804e+02,6.766716770292513462e-04,1.555069625056339395e-02,1.715911686475840613e-05,1.104467287077852546e-04,5.913193131666883090e-04,2.632488938533027515e-45
2.117483303864241170e+05,1.561557548031132503e-02,4.953338873161811762e+02,6.224676036262278070e-04,1.432903268242769618e-02,1.588697798126392124e-05,1.038912469313708843e-04,5.442969693447634143e-04,2.032105351978588152e-45
2.127246711321385519e+05,1.438775072486349685e-02,4.945006771131489813e+02,5.724714786619129097e-04,1.320179048793958948e-02,1.474602645906574869e-05,9.784051723636520053e-05,5.009022145665646122e-04,1.587493900640810902e-45
2.137010118778529577e+05,1.325513161207408051e-02,4.937280794823707879e+02,5.263720053018540023e-04,1.216192652477460050e-02,1.371939578434288428e-05,9.224443282960700095e-05,4.608692533836758931e-04,1.254184582506542417e-45
2.146773526235673926e+05,1.221056478803602720e-02,4.930120917326413519e+02,4.838789196036158901e-04,1.120288471173638660e-02,1.279269398157121151e-05,8.705868620094634456e-05,4.239497765135080785e-04,1.001385227680030559e-45
2.156536933692817984e+05,1.124739947978699826e-02,4.923489165210934289e+02,4.447218385147295745e-04,1.031856788254251374e-02,1.195360672520619740e-05,8.224404455304344511e-05,3.899121074515076151e-04,8.075108728473580694e-46
2.166300341149962333e+05,1.035945723729991483e-02,4.917349599362642607e+02,4.086491348559369882e-04,9.503310471391000075e-03,1.119156863627627829e-05,7.776571946499742378e-05,3.585403429517065497e-04,6.572510246461726691e-46
2.176063748607106681e+05,9.541002779231881961e-03,4.911668281320416440e+02,3.754268436873370546e-04,8.751852129534805694e-03,1.049749039280707899e-05,7.359281828989360462e-05,3.296334973270416565e-04,5.396220147146532712e-46
2.185827156064250739e+05,8.786716009165420130e-03,4.906413227576740610e+02,3.448376037712492701e-04,8.059312348692988445e-03,9.863531623163250068e-06,6.969786644068723001e-05,3.030046586373376502e-04,4.466581283687142815e-46
2.195590563521395088e+05,8.091665249235263993e-03,4.901554354093879624e+02,3.166796371442500064e-04,7.421166146285686563e-03,9.282911435564301572e-06,6.605639116267372313e-05,2.784801632070955739e-04,3.725218807123710306e-46
2.205353970978539146e+05,7.451281720398389950e-03,4.897063413082374268e+02,2.907657691265647494e-04,6.833220849149070596e-03,8.749749955728244522e-06,6.264655864810994568e-05,2.558987935189172501e-04,3.128924999363101287e-46
2.215117378435683495e+05,6.861335283020296959e-03,4.892913923873532553e+02,2.669224904464111343e-04,6.291593996332309029e-03,8.258935470077592402e-06,5.944885744059463822e-05,2.351110033309051649e-04,2.645411284620050014e-46
2.224880785892827553e+05,6.317911438118372150e-03,4.889081099505924612e+02,2.449890625651586560e-04,5.792692367912040570e-03,7.806012762390160121e-06,5.644582202488179719e-05,2.159781728539010039e-04,2.250326889746136562e-46
2.234644193349971902e+05,5.817389578120340729e-03,4.885541770440801770e+02,2.248166667530364599e-04,5.333192135050536346e-03,7.387089033257060412e-06,5.362179131862785948e-05,1.983718959648831791e-04,1.925145704450760538e-46
2.244407600807115959e+05,5.356422466370975265e-03,4.882274306625966460e+02,2.062675969931566467e-04,4.910020116731125817e-03,6.998754441383729671e-06,5.096269749269092793e-05,1.821733007126185623e-04,1.655654204554871461e-46
2.256141391262465913e+05,4.850409575039177704e-03,4.878678745308867519e+02,1.859437339660683882e-04,4.445516730062408148e-03,6.568318971225468063e-06,4.796740347004352492e-05,1.644133885694325703e-04,1.390115033254846569e-46
2.267875181717815576e+05,4.392150924284041712e-03,4.875414413293942744e+02,1.675782920827493855e-04,4.024873848301213988e-03,6.173237988190619453e-06,4.517249852267113581e-05,1.483530473892170291e-04,1.174699617361069700e-46
2.279608972173165530e+05,3.977174581395574032e-03,4.872451618718373538e+02,1.509868687284739305e-04,3.643984576666384635e-03,5.809619222440291844e-06,4.256061442831669611e-05,1.338329023499587665e-04,9.985021753392068839e-47
2.291342762628515193e+05,3.601419281808795284e-03,4.869763172647107581e+02,1.360018922003506964e-04,3.299118882325810260e-03,5.474100549920061595e-06,4.011633439866356518e-05,1.207080723340509367e-04,8.532728199265978785e-47
2.303076553083865147e+05,3.261198296654802160e-03,4.867324207340982980e+02,1.224711684278970093e-04,2.986890497329270505e-03,5.163767819837475721e-06,3.782593587960330435e-05,1.088469271981934618e-04,7.327105418453275950e-47
2.314810343539214809e+05,2.953166187941607713e-03,4.865112002271625329e+02,1.102565388606529400e-04,2.704226454326220854e-03,4.876086560982593951e-06,3.567717016052663736e-05,9.812993803322407561e-05,6.319586534491129107e-47
2.326544133994564763e+05,2.674288273885263786e-03,4.863105818674039256e+02,9.923264359344748510e-05,2.448339095949318266e-03,4.608845050923572086e-06,3.365907327185327673e-05,8.844861601972105062e-05,5.472410156472231023e-47
2.338277924449914717e+05,2.421812627628319725e-03,4.861286743129271031e+02,8.928578361648070109e-05,2.216700398635759652e-03,4.360106718102385104e-06,3.176180350680067604e-05,7.970453515117640556e-05,4.755971945981770426e-47
2.350011714905264380e+05,2.193244435704924840e-03,4.859637540426551823e+02,8.031287602085107375e-05,2.007018453912541838e-03,4.128170233533638001e-06,2.997650162324420607e-05,7.180843391475418556e-05,4.146878397437979263e-47
2.361745505360614334e+05,1.986322547583215317e-03,4.858142515759890330e+02,7.222049603530717235e-05,1.817215954245878558e-03,3.911535957469065290e-06,2.829517038674634412e-05,6.467939095781409140e-05,3.626503873763348954e-47
2.373479295815963997e+05,1.798998053962278226e-03,4.856787386161289533e+02,6.492399989457004329e-05,1.645410535989333791e-03,3.708877653560066137e-06,2.671057062524157398e-05,5.824406979957288022e-05,3.179911644373264878e-47
2.385213086271313950e+05,1.629414738826352130e-03,4.855559160955402263e+02,5.834672272472203521e-05,1.489896838375837822e-03,3.519018581628434558e-06,2.521613139499850618e-05,5.243602774916529476e-05,2.795040532794780521e-47
2.396946876726663613e+05,1.475891258234238688e-03,4.854446030932762142e+02,5.241924586070425987e-05,1.349130144568253236e-03,3.340911240208989890e-06,2.380587221941158466e-05,4.719508434566068919e-05,2.462087017398163531e-47
2.408680667182013567e+05,1.336904907179121190e-03,4.853437265875669482e+02,4.707872827166507262e-05,1.221711478252970320e-03,3.173620159444809141e-06,2.247433566772605548e-05,4.246674482731477057e-05,2.173032323817919447e-47
2.420414457637363521e+05,1.211076844379032355e-03,4.852523120027947243e+02,4.226829705070487788e-05,1.106374036924821736e-03,3.016307249899666901e-06,2.121652879907427635e-05,3.820167435453156190e-05,1.921277908905196868e-47
2.432148248092713184e+05,1.097158653379486787e-03,4.851694745073206718e+02,3.793649221760302489e-05,1.001970850703916630e-03,2.868219298282950759e-06,2.002787221570582221e-05,3.435521894397820781e-05,1.701362575902797491e-47
2.443882038548063138e+05,9.940201267375670287e-04,4.850944110172787305e+02,3.403676137933129040e-05,9.074635631204874776e-04,2.728677270813629088e-06,1.890415565442682801e-05,3.088696931250770956e-05,1.508741503778192644e-47
2.454786805890327378e+05,9.069356063807708888e-04,4.850309815385739398e+02,3.076299644808639809e-05,8.276810737381954872e-04,2.606117393220369821e-06,1.791465127612836916e-05,2.797076752514030483e-05,1.350861231763958470e-47
2.465691573232591909e+05,8.275309373490104085e-04,4.849731040635558088e+02,2.779533884242915915e-05,7.549476745166082111e-04,2.489959198727210706e-06,1.697499686476476038e-05,2.532296792648107105e-05,1.210684859872577981e-47
2.476596340574856440e+05,7.551263121131101576e-04,4.849202925113398805e+02,2.510586560968449042e-05,6.886388396359509247e-04,2.379792124693562733e-06,1.608250881532519635e-05,2.291930592745597742e-05,1.086007221981139320e-47
2.487501107917120680e+05,6.891021192350462376e-04,4.848721030822099465e+02,2.266915412634578296e-05,6.281853590990618642e-04,2.275239355351591915e-06,1.523468546766512576e-05,2.073768118662184398e-05,9.749360887086637449e-48
2.498405875259385211e+05,6.288936369848921850e-04,4.848281306459694520e+02,2.046206153998520992e-05,5.730684633710135794e-04,2.175954220053478651e-06,1.442919078007814034e-05,1.875796707376183340e-05,8.758416333320802681e-48
2.509310642601649743e+05,5.739861887914718928e-04,4.847880054262336103e+02,1.846352327957979551e-05,5.228153720978804360e-04,2.081617040200353452e-06,1.366383979254677996e-05,1.696183658126444325e-05,7.873150007606229101e-48
2.520215409943914274e+05,5.239107214788716986e-04,4.847513899586734851e+02,1.665436904845445828e-05,4.769952310922345100e-04,1.991932363652527202e-06,1.293658565630494584e-05,1.533260331822517008e-05,7.081341896308348052e-48
2.531120177286178514e+05,4.782397703347113162e-04,4.847179763024467434e+02,1.501715483542881439e-05,4.352154046029187953e-04,1.906626534338596333e-06,1.224550803596039765e-05,1.385507632606470782e-05,6.372358359088470147e-48
2.542024944628443045e+05,4.365837779419195867e-04,4.846874834852861227e+02,1.353600959365594829e-05,3.971180925278158824e-04,1.825445552328573175e-06,1.158880271602590059e-05,1.251542755209330624e-05,5.736917795614680477e-48
2.552929711970707576e+05,3.985877363907602161e-04,4.846596551639436257e+02,1.219649534320044418e-05,3.623772446867656307e-04,1.748153186043710139e-06,1.096477226584535848e-05,1.130107090890505388e-05,5.166895241658032084e-48
2.563834479312971816e+05,3.639281249803000512e-04,4.846342574828921670e+02,1.098547955280543224e-05,3.306957465548171428e-04,1.674529303724061881e-06,1.037181763606701595e-05,1.020055193288635637e-05,4.655158779607921118e-48
2.574739246655236348e+05,3.323101178275290326e-04,4.846110771153534529e+02,9.891018748784048922e-06,3.018028529717489456e-04,1.604368395913485290e-06,9.808430576425413756e-06,9.203447134657182299e-06,4.195432052499629678e-48
2.585644013997500879e+05,3.034650379375941425e-04,4.845899194718439276e+02,8.902252384846046521e-06,2.754518483009163444e-04,1.537478264684704618e-06,9.273186778988887780e-06,8.300272208158063070e-06,3.782178279083663750e-48
2.596548781339765410e+05,2.771480362600040157e-04,4.845706070625049051e+02,8.009306086233919974e-06,2.514179133179241465e-04,1.473678858711357259e-06,8.764739663527310734e-06,7.482398333607310256e-06,3.410502046229238815e-48
2.607453548682029650e+05,2.531359760731596701e-04,4.845529780005005591e+02,7.203203455144270311e-06,2.294961807763608807e-04,1.412801236194951709e-06,8.281814732506231493e-06,6.741975872953374259e-06,3.076065854486709308e-48
2.618358316024294181e+05,2.312255047130498057e-04,4.845368846347319050e+02,6.475785692380819327e-06,2.094999631328579534e-04,1.354686640141743079e-06,7.823204432643488280e-06,6.071864815025825398e-06,2.775018951669181640e-48
2.629263083366558421e+05,2.112312962010394284e-04,4.845221923010209366e+02,5.819638352871745493e-06,1.912591373257529212e-04,1.299185672619159378e-06,7.387763468166255475e-06,5.465571381629333699e-06,2.503936437790457901e-48
2.640167850708822953e+05,1.929844497397294471e-04,4.845087781817684345e+02,5.228024610427772687e-06,1.746186727991864539e-04,1.246157556458606307e-06,6.974404518041013508e-06,4.917190255615626113e-06,2.259766985780451224e-48
2.651072618051087484e+05,1.763310303438142426e-04,4.844965302648836882e+02,4.694824460243650437e-06,1.594372901556709049e-04,1.195469474449571890e-06,6.582094315656739235e-06,4.421351937793355795e-06,2.039787814166145047e-48
2.661977385393352015e+05,1.611307390632640900e-04,4.844853463935234004e+02,4.214479336481064372e-06,1.455862389128451671e-04,1.146995977428296392e-06,6.209850054846152794e-06,3.973174781663414231e-06,1.841565784469064793e-48
2.672882152735616546e+05,1.472557013470967712e-04,4.844751333988663760e+02,3.781941667119908745e-06,1.329481838416525963e-04,1.100618453832516726e-06,5.856736090826587713e-06,3.568221293665167817e-06,1.662923688515161531e-48
2.683786920077881077e+05,1.345893630951181354e-04,4.844658063087867390e+02,3.392628929421905991e-06,1.214161902805378313e-04,1.056224654295669356e-06,5.521860908726580296e-06,3.202458322136133069e-06,1.501910947913280758e-48
2.694691687420145026e+05,1.230254848594730958e-04,4.844572876258811220e+02,3.042381807093288873e-06,1.108927996599978001e-04,1.013708265712249407e-06,5.204374335905492048e-06,2.872220790764253298e-06,1.356778076550842505e-48
2.705596454762409558e+05,1.124672254943738574e-04,4.844495066688496081e+02,2.727426084827118456e-06,1.012891872400983298e-04,9.729685299382017710e-07,4.903464977337208102e-06,2.574178662173007065e-06,1.225954362556321563e-48
2.716501222104674089e+05,1.028263073172199383e-04,4.844423989717349173e+02,2.444337947596290601e-06,9.252439476610706194e-05,9.339099029103948148e-07,4.618357855966320404e-06,2.305306844639875821e-06,1.108028313169049529e-48
2.727405989446938620e+05,9.402225554332913451e-05,4.844359057359889107e+02,2.190012381084363756e-06,8.452463138953769130e-05,8.964417504913658716e-07,4.348312242211428408e-06,2.062857780004289723e-06,1.001730477823282393e-48
2.738310756789203151e+05,8.598170539506492572e-05,4.844299733307613565e+02,1.961634396208834526e-06,7.722263678860616636e-05,8.604780777797817595e-07,4.092619658708537501e-06,1.844336473761598373e-06,9.059183243017992812e-49
2.749215524131467682e+05,7.863777086929050564e-05,4.844245528372012473e+02,1.756652824999716165e-06,7.055710095796038450e-05,8.259372889846208022e-07,3.850602048009713609e-06,1.647477749336063677e-06,8.195628922993787534e-49
2.760120291473732213e+05,7.192946967943397176e-05,4.844195996329196987e+02,1.572756457343110304e-06,6.447213562680721819e-05,7.927419752492205529e-07,3.621610092295281567e-06,1.470225527739159573e-06,7.417369899733964074e-49
2.771025058815996163e+05,6.580119937429245499e-05,4.844150730130962188e+02,1.407852308452106699e-06,5.891679271114460642e-05,7.608187280414840185e-07,3.405021675256138496e-06,1.310713951398122533e-06,6.716047335265231366e-49
2.781929826158260694e+05,6.020226007897828220e-05,4.844109358450139098e+02,1.260045825548621870e-06,5.384462561332847760e-05,7.300979759040025496e-07,3.200240477175713231e-06,1.167250187021466002e-06,6.084122587538060865e-49
2.792834593500525225e+05,5.508641970774712075e-05,4.844071542530862757e+02,1.127622859276919029e-06,4.921328955398179583e-05,7.005138424954332017e-07,3.006694694917565771e-06,1.038298757075407655e-06,5.514794577704737350e-49
2.803739360842789756e+05,5.041151786718526027e-05,4.844036973316959802e+02,1.009033240956354914e-06,4.498417746035226865e-05,6.720040239573068605e-07,2.823835879023137756e-06,9.224672628962026755e-07,5.001926146088924869e-49
2.814644128185054287e+05,4.613910500443817528e-05,4.844005368833962279e+02,9.028758210433641994e-07,4.112208824444336567e-05,6.445096837207281657e-07,2.651137880471479814e-06,8.184933747592311820e-07,4.539978306848691721e-49
2.825548895527318818e+05,4.223411366164714727e-05,4.843976471802416199e+02,8.078848372204604171e-07,3.759492458615911923e-05,6.179753629326445155e-07,2.488095899870928592e-06,7.252329754640010834e-07,4.123951458125154025e-49
2.836453662869583350e+05,3.866455897711143193e-05,4.843950047462095654e+02,7.229174924683718697e-07,3.437341759367586370e-05,5.923489047409605746e-07,2.334225631966875766e-06,6.416493542593609765e-07,3.749332729362351242e-49
2.847358430211847299e+05,3.540126582827215031e-05,4.843925881588511970e+02,6.469426343946928629e-07,3.143087594744760794e-05,5.675813907390289579e-07,2.189062498385206071e-06,5.668033573056167082e-07,3.412048754009143379e-49
2.858263197554111830e+05,3.241762024358758773e-05,4.843903778684756958e+02,5.790304370752974847e-07,2.874295734764344465e-05,5.436270879382921440e-07,2.052160961510079607e-06,4.998444094204716155e-07,3.108423246980494033e-49
2.869167964896376361e+05,2.968934292173058606e-05,4.843883560333192690e+02,5.183429957843813941e-07,2.628746027923611626e-05,5.204434047159132331e-07,1.923093912342803339e-06,4.400023296513738427e-07,2.835138844464250334e-49
2.880072732238640892e+05,2.719428288908369354e-05,4.843865063692865078e+02,4.641257533151164929e-07,2.404413428605823433e-05,4.979908542699675076e-07,1.801452125120551112e-06,3.865798703198240399e-07,2.589202730945402246e-49
2.890977499580905423e+05,2.491222950191828819e-05,4.843848140129770172e+02,4.156996841834658692e-07,2.199450710647401681e-05,4.762330241999079626e-07,1.686843771407432751e-06,3.389459156534619959e-07,2.367915636326016532e-49
2.901882266923169955e+05,2.282474115942097971e-05,4.843832653968224236e+02,3.724541699192629527e-07,2.012172717027429814e-05,4.551365509011817154e-07,1.578893986308771493e-06,2.965292820174651958e-07,2.168843836133921600e-49
2.912787034265434486e+05,2.091498923924658580e-05,4.843818481352624872e+02,3.338405049301066089e-07,1.841042009028543208e-05,4.346710974954744333e-07,1.477244479399956365e-06,2.588130671356149853e-07,1.989793831172023730e-49
2.923691801607698435e+05,1.916761589984086088e-05,4.843805509209844331e+02,2.993659781229795307e-07,1.684655790423072877e-05,4.148093339830954056e-07,1.381553182890437279e-06,2.253295006136204781e-07,1.828789420533242126e-49
2.934596568949962966e+05,1.756860451445590012e-05,4.843793634303346494e+02,2.685884806281698413e-07,1.541733993363634926e-05,3.955269181588359217e-07,1.291493929431555390e-06,1.956552526009869507e-07,1.684050914513623090e-49
2.945501336292227497e+05,1.610516161170160349e-05,4.843782762370905743e+02,2.411115946342294503e-07,1.411108422812704419e-05,3.768024755347272581e-07,1.206756151789735723e-06,1.694071616158668608e-07,1.553976262322952236e-49
2.955356483901167521e+05,1.488945860595313398e-05,4.843773727886260758e+02,2.188222912547056617e-07,1.302744167494377614e-05,3.603449154973768444e-07,1.134506330546587595e-06,1.483433937106866260e-07,1.447833046524826543e-49
2.965211631510108127e+05,1.376702963714531645e-05,4.843765383931383894e+02,1.987022608245656018e-07,1.202829546259438541e-05,3.443164405086609192e-07,1.066154161778104696e-06,1.295613114396003532e-07,1.351525620952171795e-49
2.975066779119048151e+05,1.273059731852228088e-05,4.843757676831035042e+02,1.805380863832845454e-07,1.110700180294292395e-05,3.287074168838614966e-07,1.001502134162049870e-06,1.128478781501610611e-07,1.264180157010612472e-49
2.984921926727988175e+05,1.177345907526820441e-05,4.843750557133612347e+02,1.641368362990126855e-07,1.025744155324679628e-05,3.135101003566730787e-07,9.403624141766649798e-07,9.800817118905781814e-08,1.185002867760204899e-49
2.994777074336928781e+05,1.088944141586429831e-05,4.843743979276472942e+02,1.493241841257923072e-07,9.473978227064987071e-06,2.987185930240426553e-07,8.825566549578897823e-07,8.486375669158710164e-08,1.113272683000060335e-49
3.004632221945868805e+05,1.007285787900737589e-05,4.843737901278042273e+02,1.359426881842437958e-07,8.751419409916872690e-06,2.843287850065207165e-07,8.279157868181277674e-07,7.325120908160870193e-08,1.048334486908535346e-49
3.014487369554808829e+05,9.318470357438667941e-06,4.843732284454541741e+02,1.238502191393597774e-07,8.084981311690688622e-06,2.703382762628587986e-07,7.762797831897048015e-07,6.302076715605846937e-08,9.895928704578962635e-50
3.024342517163749435e+05,8.621453523824632763e-06,4.843727093159348556e+02,1.129185247437555177e-07,7.470256210313486517e-06,2.567462735216343343e-07,7.274973955585652854e-07,5.403511968719063232e-08,9.365063582924211930e-50
3.034197664772689459e+05,7.977362105634670060e-06,4.843722294543136968e+02,1.030319216976595708e-07,6.903182561412278025e-06,2.435534571398980003e-07,6.814258511032987571e-07,4.616831428153577974e-08,8.885820774551592097e-50
3.044052812381629483e+05,7.382100775980495661e-06,4.843717858333121171e+02,9.408610524645238533e-08,6.380017566547470735e-06,2.307618130519450319e-07,6.379305074398684264e-07,3.930478369475812911e-08,8.453708431956132960e-50
3.052999074622937478e+05,6.880847254852113386e-06,4.843714121604398315e+02,8.670086931616878988e-08,5.940222129446028509e-06,2.194998239595557354e-07,6.005706170868632803e-07,3.385381504349685297e-08,8.098810278049136590e-50
3.061945336864245473e+05,6.414109697109170741e-06,4.843710641197039877e+02,7.994966877162238278e-08,5.531377800889097487e-06,2.085738795442805118e-07,5.651392879394035821e-07,2.906905996478157413e-08,7.776551581582506380e-50
3.070891599105553469e+05,5.979465072957744837e-06,4.843707399184035580e+02,7.377463219223822922e-08,5.151268655237966741e-06,1.979873072092151659e-07,5.315514665501278245e-07,2.488301176820827169e-08,7.484331370720161946e-50
3.079837861346861464e+05,5.574663810240084687e-06,4.843704378917082636e+02,6.812316029246372660e-08,4.797837229103644103e-06,1.877436412694082371e-07,4.997264309505386882e-07,2.123334862403811764e-08,7.219742469897034009e-50
3.088784123588169459e+05,5.197617283318281228e-06,4.843701564934699491e+02,6.294746756398395852e-08,4.469173337127467101e-06,1.778464107459823880e-07,4.695874469238639820e-07,1.806262095698808976e-08,6.980552673706993449e-50
3.097730385829477455e+05,4.846386197971975069e-06,4.843698942876894762e+02,5.820416402504149239e-08,4.163503727104827632e-06,1.682989171088209768e-07,4.410614117568258342e-07,1.531797797646284518e-08,6.764688082559186436e-50
3.106676648070785450e+05,4.519169805948778884e-06,4.843696499405905342e+02,5.385387337821072895e-08,3.879182502069460416e-06,1.591040097862634149e-07,4.140784942874684793e-07,1.295092642737691814e-08,6.570218573598891268e-50
3.115622910312093445e+05,4.214295888349416281e-06,4.843694222132560299e+02,4.986088400881349198e-08,3.614682240117996605e-06,1.502638686119708743e-07,3.885717815107749954e-07,1.091711409986098177e-08,6.395345342891263372e-50
3.124569172553401440e+05,3.930211452238835034e-06,4.843692099547867542e+02,4.619282943983088789e-08,3.368585746597638486e-06,1.417798030452049471e-07,3.644769426911019273e-07,9.176130465059157203e-09,6.238390406969060810e-50
3.133515434794710018e+05,3.665474089715560115e-06,4.843690120959447540e+02,4.282039510596392672e-08,3.139578378031354300e-06,1.336520778007357404e-07,3.417319216712432337e-07,7.691317106263449002e-09,6.097787899098986244e-50
3.142461697036018013e+05,3.418743953102275065e-06,4.843688276432484940e+02,3.971704861975513419e-08,2.926440882871086898e-06,1.258797733910362111e-07,3.202766667966586630e-07,6.429581423738591421e-09,5.972076945228177011e-50
3.151407959277326008e+05,3.188776303905108047e-06,4.843686556734880924e+02,3.685879106451178512e-08,2.728042710711115604e-06,1.184606880891876039e-07,3.000529056763986825e-07,5.361208363893080133e-09,5.859895863731372124e-50
3.160354221518634004e+05,2.974414596702999931e-06,4.843684953286330028e+02,3.422392724007560289e-08,2.543335748635347916e-06,1.113912851758044638e-07,2.810039691128501329e-07,4.459666538922760682e-09,5.759977408023694107e-50
3.169300483759941999e+05,2.774584062167657544e-06,4.843683458111054279e+02,3.179285317918732687e-08,2.371348450459412728e-06,1.046666863503584557e-07,2.630746652930023753e-07,3.701406885695900453e-09,5.671144765555516309e-50
3.178246746001249994e+05,2.588285756009606897e-06,4.843682063793958150e+02,2.954785961418338393e-08,2.211180331273969009e-06,9.828070922471275369e-08,2.462112021339000785e-07,3.065653762841722183e-09,5.592308041433435046e-50
3.187193008242557989e+05,2.414591042827422062e-06,4.843680763439976431e+02,2.747295037980799977e-08,2.061996805444005002e-06,9.222594421136131267e-08,2.303611528758711660e-07,2.534189916376402118e-09,5.522460987562064513e-50
3.196139270483865985e+05,2.252636485704356958e-06,4.843679550636399540e+02,2.555367497139921853e-08,1.923024350788366255e-06,8.649386413071538484e-08,2.154734578981415421e-07,2.091137915734418299e-09,5.460677784050603583e-50
3.205085532725173980e+05,2.101619114030447457e-06,4.843678419417980194e+02,2.377697463229397842e-08,1.793545984920642870e-06,8.107495863630379879e-08,2.014984544443065809e-07,1.722741396900354708e-09,5.406109732563909242e-50
3.211111199802482151e+05,2.005689714466393576e-06,4.843677700674442690e+02,2.265467256111296048e-08,1.711352090725502029e-06,7.759644729479030478e-08,1.925758406119522856e-07,1.510663273035460151e-09,5.373030209193655651e-50
3.217136866879789741e+05,1.914167384716741579e-06,4.843677014820561340e+02,2.158835465270926056e-08,1.632972154968171651e-06,7.425199246252599983e-08,1.840310193209442030e-07,1.323863312390327677e-09,5.342652051511558845e-50
3.223162533957097912e+05,1.826847550537857593e-06,4.843676360335517757e+02,2.057491922484757386e-08,1.558225049762620910e-06,7.103813894621142779e-08,1.758499583666171772e-07,1.159484237559643153e-09,5.314770343356805250e-50
3.229188201034406084e+05,1.743535315579464139e-06,4.843675735770171400e+02,1.961146360001094684e-08,1.486938598312516772e-06,6.795133747050429198e-08,1.680189527466989054e-07,1.014963449732789066e-09,5.289193476560275281e-50
3.235213868111714255e+05,1.664044987864894862e-06,4.843675139743567115e+02,1.869526979944227145e-08,1.418949111524562252e-06,6.498796609319664802e-08,1.605246328451727619e-07,8.880076025206091410e-10,5.265742581528747236e-50
3.241239535189022426e+05,1.588199630520746355e-06,4.843674570939617752e+02,1.782379122868437464e-08,1.354100948223859935e-06,6.214435068960807844e-08,1.533539718528465168e-07,7.765685257474718165e-10,5.244250946707548511e-50
3.247265202266330598e+05,1.515830635483475199e-06,4.843674028103955038e+02,1.699464030947096701e-08,1.292246098116559173e-06,5.941678428350066276e-08,1.464942922022353251e-07,6.788205717095677706e-10,5.224563431018458907e-50
3.253290869343638769e+05,1.446777319020653474e-06,4.843673510040943597e+02,1.620557701153899797e-08,1.233243786661565044e-06,5.680154506056249034e-08,1.399332708598354133e-07,5.931394271500756809e-10,5.206535873549796993e-50
3.257058909156912123e+05,1.405212672071664625e-06,4.843673198159785898e+02,1.573158208705931417e-08,1.197737569414152947e-06,5.522158155898331831e-08,1.359768951237549979e-07,5.450438877142751512e-10,5.196046334670978533e-50
3.260826948970185476e+05,1.364848550297100383e-06,4.843672895250946908e+02,1.527194942905615148e-08,1.163262873496789530e-06,5.368318055355731553e-08,1.321297669235021859e-07,5.007798941949898432e-10,5.186122661294486735e-50
3.264594988783458248e+05,1.325650008448487632e-06,4.843672601054284428e+02,1.482620892053037495e-08,1.129789221539700317e-06,5.218543912044376862e-08,1.283890877565602435e-07,4.600511112552390943e-10,5.176735557887078339e-50
3.268363028596731601e+05,1.287583132623118066e-06,4.843672315317303969e+02,1.439390815538499315e-08,1.097287067360812797e-06,5.072745948865759433e-08,1.247521146267837818e-07,4.225829914800677917e-10,5.167857118980839409e-50
3.272131068410004955e+05,1.250615008988793819e-06,4.843672037794928542e+02,1.397461164388291717e-08,1.065727765802565035e-06,4.930835018210391073e-08,1.212161600465692259e-07,3.881213136706175288e-10,5.159460775543650636e-50
3.275899108223278308e+05,1.214713693493577539e-06,4.843671768249274692e+02,1.356790005748814335e-08,1.035083543599593199e-06,4.792722707208010749e-08,1.177785919622684287e-07,3.564308021482957655e-10,5.151521242256994970e-50
3.279667148036551662e+05,1.179848182543716580e-06,4.843671506449435356e+02,1.317336951150939127e-08,1.005327471257852236e-06,4.658321434285531577e-08,1.144368336068467468e-07,3.272938246561119576e-10,5.144014465805267311e-50
3.281551167943195323e+05,1.162794415316443541e-06,4.843671378383893966e+02,1.298054996942053835e-08,9.907742998495454069e-07,4.592485317076480554e-08,1.128010929044944133e-07,3.136194222196182501e-10,5.140416169130109680e-50
3.283435187849838985e+05,1.145988384656146576e-06,4.843671252171270680e+02,1.279063088424383225e-08,9.764334359449092278e-07,4.527544537425353340e-08,1.111883632864788870e-07,3.005091662625810680e-10,5.136917574267325912e-50
3.285319207756483229e+05,1.129426467127749845e-06,4.843671127784572832e+02,1.260356581625666706e-08,9.623017387381909464e-07,4.463488419342302918e-08,1.095983380989043794e-07,2.879402809745492976e-10,5.133515998704978188e-50
3.287203227663126891e+05,1.113105092912603491e-06,4.843671005197204522e+02,1.241930916932046618e-08,9.483761152376494550e-07,4.400306353856620989e-08,1.080307140906917560e-07,2.758908763770601282e-10,5.130208827654062896e-50
3.289087247569770552e+05,1.097020744998474720e-06,4.843670884382961503e+02,1.223781617244290747e-08,9.346535194975296583e-07,4.337987801095415713e-08,1.064851914014548338e-07,2.643399160945708018e-10,5.126993512570516019e-50
3.290971267476414214e+05,1.081169958369713357e-06,4.843670765316026632e+02,1.205904286167219532e-08,9.211309518526514217e-07,4.276522292197874411e-08,1.049614735472650933e-07,2.532671861453492941e-10,5.123867569698640519e-50
3.293274714649895323e+05,1.062102777808372646e-06,4.843670622078982433e+02,1.184410272510288981e-08,9.048654151051882768e-07,4.202516988500158132e-08,1.031277391930784884e-07,2.403509000013992585e-10,5.120163622043402450e-50
3.295578161823376431e+05,1.043373490028537399e-06,4.843670481370097036e+02,1.163308616882717586e-08,8.888891609003754139e-07,4.129752438942018548e-08,1.013256320299084608e-07,2.280865400050521643e-10,5.116585356483303441e-50
3.296588074077317142e+05,1.035266910955692127e-06,4.843670420464038671e+02,1.154178686192541568e-08,8.819744899333130804e-07,4.098236355574998577e-08,1.005453639608129090e-07,2.229066438887728331e-10,5.115055078536168840e-50
3.297597986331257853e+05,1.027223622442982580e-06,4.843670360031577502e+02,1.145122092578426231e-08,8.751139904990178411e-07,4.066953620872129006e-08,9.977103160719679293e-08,2.178432022616943494e-10,5.113547814983847980e-50
3.298607898585198564e+05,1.019243127219870881e-06,4.843670300069007908e+02,1.136138214376777991e-08,8.683072329125414055e-07,4.035902677904215451e-08,9.900259174188377454e-08,2.128936426340951476e-10,5.112063227711974192e-50
3.299617810839139274e+05,1.011324931971210809e-06,4.843670240572652688e+02,1.127226435842426115e-08,8.615537909914626718e-07,4.005081976367620096e-08,9.824000141000684262e-08,2.080554476388653386e-10,5.110600983324559754e-50
3.300627723093079985e+05,1.003468547269507403e-06,4.843670181538864199e+02,1.118386147040724792e-08,8.548532419954179384e-07,3.974489972502464114e-08,9.748321792476623929e-08,2.033261538914020167e-10,5.109160753078829712e-50
3.300728714318478014e+05,1.002686289654726900e-06,4.843670175660786867e+02,1.117506026788534817e-08,8.541860800357591061e-07,3.971443291261597489e-08,9.740785731763553397e-08,2.028591208305753299e-10,5.109017928313355628e-50
3.300829705543876626e+05,1.001904644803751684e-06,4.843670169787295663e+02,1.116626614786782633e-08,8.535194423923874534e-07,3.968398880089419838e-08,9.733255431234963183e-08,2.023931502531538001e-10,5.108875320122710926e-50
3.300930696769274655e+05,1.001123612233571592e-06,4.843670163918386606e+02,1.115747910435041823e-08,8.528533286482397333e-07,3.965356737453312395e-08,9.725730886666639098e-08,2.019282397825984393e-10,5.108732928185606426e-50
3.301031687994673266e+05,1.000343191461564192e-06,4.843670158054056287e+02,1.114869913133472770e-08,8.521877383865953232e-07,3.962316861821484232e-08,9.718212093837162164e-08,2.014643870475475831e-10,5.108590752180921016e-50
3.301041787117211497e+05,1.000265183014694320e-06,4.843670157467875015e+02,1.114782152268033218e-08,8.521212081359364243e-07,3.962012998884569625e-08,9.717460530737478818e-08,2.014180598583430249e-10,5.108576546444785216e-50
3.301051886239749729e+05,1.000187180680501240e-06,4.843670156881739217e+02,1.114694398466458844e-08,8.520546831155201569e-07,3.961709158600859007e-08,9.716709025108783743e-08,2.013717432204794634e-10,5.108562342863799554e-50
3.301061985362288542e+05,1.000109184458503201e-06,4.843670156295649463e+02,1.114606651728210160e-08,8.519881633249340159e-07,3.961405340968833014e-08,9.715957576946731926e-08,2.013254371315658039e-10,5.108548141438750264e-50
3.301072084484826773e+05,1.000031194348220359e-06,4.843670155709605183e+02,1.114518912052677205e-08,8.519216487637606258e-07,3.961101545986935883e-08,9.715206186247432308e-08,2.012791415892672256e-10,5.108533942168617521e-50
3.301073094397083623e+05,1.000023395673317300e-06,4.843670155651003029e+02,1.114510138473568620e-08,8.519149975952465055e-07,3.961071167734427630e-08,9.715131050337697040e-08,2.012745126149916864e-10,5.108532522360290963e-50
3.301074104309339891e+05,1.000015597059526187e-06,4.843670155592401443e+02,1.114501364965038889e-08,8.519083464790199407e-07,3.961040789708411355e-08,9.715055915002622010e-08,2.012698837461817787e-10,5.108531102573235425e-50
3.301075114221596741e+05,1.000007798506846383e-06,4.843670155533800425e+02,1.114492591527148729e-08,8.519016954150822020e-07,3.961010411908890366e-08,9.714980780242017960e-08,2.012652549827977720e-10,5.108529682807789901e-50
3.301075619177725166e+05,1.000003899245784414e-06,4.843670155504499917e+02,1.114488204826075300e-08,8.518983698962069797e-07,3.960995223064300834e-08,9.714943213003744832e-08,2.012629406361167568e-10,5.108528972931753443e-50
