 z(m),p_tot(bar),T(K),p_H2O(bar),p_CO2(bar),p_CO(bar),p_H2(bar),p_CH4(bar),p_O2(bar)
0.000000000000000000e+00,1.574086535755892839e+02,1.983985083191575995e+03,8.754710073697177464e+00,1.173342637000372122e+02,3.080918182341881106e+01,5.104787534359562784e-01,2.349431043209148250e-08,1.920150580478775776e-05
1.729333701388955205e+03,1.510096575394848344e+02,1.971850236005313718e+03,8.394314856847723050e+00,1.125688822474917856e+02,2.955222026788931800e+01,4.942245333540687402e-01,2.320083776611756542e-08,1.561070111118893303e-05
5.767736758391652984e+03,1.372409316916137811e+02,1.943506606675849298e+03,7.618997755917880532e+00,1.023150562200520000e+02,2.684776357964616977e+01,4.591045861028467678e-01,2.275269348769433700e-08,9.527142179367392521e-06
8.656375454281380371e+03,1.280687231941121809e+02,1.923228288440234564e+03,7.102826309877359634e+00,9.548402313579637735e+01,2.504647388125887275e+01,4.353932135926603664e-01,2.250229473466133753e-08,6.631084613658610370e-06
1.154501415017110958e+04,1.194294091009111725e+02,1.902945786365110507e+03,6.616901324273799290e+00,8.904960554318031996e+01,2.335009574180168457e+01,4.128018904152676583e-01,2.231090034321481369e-08,4.578929180273630477e-06
1.443365284606083696e+04,1.112966091220760489e+02,1.882658578261112552e+03,6.159717194833892684e+00,8.299217830441388344e+01,2.175342699335601893e+01,3.912834712366357603e-01,2.217947897836990868e-08,3.136056156746596139e-06
1.732229154195056617e+04,1.036450281877352921e+02,1.862366120260253638e+03,5.729830461397251717e+00,7.729292325793858254e+01,2.025147977674876643e+01,3.707925398241606052e-01,2.210953515914929322e-08,2.129716998055742978e-06
2.021093023784029356e+04,9.645042049565765296e+01,1.842067845577786102e+03,5.325857747058591940e+00,7.193380252335170155e+01,1.883947341484951110e+01,3.512853546223577705e-01,2.210316897870410649e-08,1.433672338612683875e-06
2.309956893373002094e+04,8.968955447955451632e+01,1.821763163179774438e+03,4.946473749823949717e+00,6.689753248138244146e+01,1.751282747399879725e+01,3.327197957996779198e-01,2.216314993625462262e-08,9.563865138557988448e-07
2.598820762961975197e+04,8.334017868109101812e+01,1.801451456347724843e+03,4.590409285873566780e+00,6.216755841832001295e+01,1.626715500886655263e+01,3.150553137168791151e-01,2.229300788536423091e-08,6.320210053467576170e-07
2.887684632550947936e+04,7.738098850970311560e+01,1.781132081131781888e+03,4.256449383573997380e+00,5.772802982472534694e+01,1.509825598651746681e+01,2.982528787743169429e-01,2.249714488494085708e-08,4.136148414239238374e-07
3.002044994153471271e+04,7.512504765054472955e+01,1.773085433505086257e+03,4.130085210181449362e+00,5.604731825030382453e+01,1.465581311373195739e+01,2.918307049943906217e-01,2.259964358383249958e-08,3.487334678823966820e-07
3.116405355755994606e+04,7.292583020931576243e+01,1.765037435801222955e+03,4.006932876714426328e+00,5.440883195879963097e+01,1.422452958441981430e+01,2.855354731092645815e-01,2.271500401122876161e-08,2.935576160232565839e-07
3.230765717358517941e+04,7.078213099891095794e+01,1.756988044192023608e+03,3.886923678787120640e+00,5.281167426763440886e+01,1.380416783355778954e+01,2.793649493789352456e-01,2.284364123995704954e-08,2.467090616153652527e-07
3.345126078961041640e+04,6.869276592203485166e+01,1.748937214057966912e+03,3.769990119297271125e+00,5.125496417999552534e+01,1.339449445863094645e+01,2.733169341307530309e-01,2.298600311699995537e-08,2.069943483480060264e-07
3.459486440563564975e+04,6.665657167681037265e+01,1.740884899968489663e+03,3.656065891543529567e+00,4.973783616596765000e+01,1.299528016145973730e+01,2.673892613153114883e-01,2.314257249767374500e-08,1.733815625974325967e-07
3.573846802166088310e+04,6.467240546549346902e+01,1.732831055661679784e+03,3.545085862520896747e+00,4.825943994596634212e+01,1.260629969064558331e+01,2.615797980669523071e-01,2.331386967622391025e-08,1.449798215574352722e-07
3.688207163768611645e+04,6.273914470635447316e+01,1.724775634023310204e+03,3.436986056397669298e+00,4.681894027652033685e+01,1.222733178464584114e+01,2.558864442689943730e-01,2.350045503154180771e-08,1.210211835268233492e-07
3.737412559174574562e+04,6.192271592780974743e+01,1.721309161292414046e+03,3.391344901359202968e+00,4.621059764910982892e+01,1.206730124510283453e+01,2.534719967407559893e-01,2.358558932478396567e-08,1.119115321105111573e-07
3.786617954580536752e+04,6.111542013666277029e+01,1.717842383805816098e+03,3.346220371555368001e+00,4.560905419001716865e+01,1.190906694962237999e+01,2.510784983403712145e-01,2.367371565197177718e-08,1.034537641236836570e-07
3.835823349986499670e+04,6.031717129467678262e+01,1.714375297659288663e+03,3.301607564513747928e+00,4.501424588264405457e+01,1.175261194088197314e+01,2.487057872683819393e-01,2.376488627301415552e-08,9.560373154201056350e-08
3.885028745392462588e+04,5.952788402880084817e+01,1.710907898917210105e+03,3.257501615834460296e+00,4.442610920514563588e+01,1.159791939283554285e+01,2.463537028059553380e-01,2.385915512693980041e-08,8.832010059521179063e-08
3.934234140798424778e+04,5.874747362708383491e+01,1.707440183612218334e+03,3.213897698955825444e+00,4.384458112739195457e+01,1.144497260990658027e+01,2.440220853087243791e-01,2.395657788492337618e-08,8.156418403853080822e-08
3.983439536204387696e+04,5.797585603454518832e+01,1.703972147744853146e+03,3.170791024917739787e+00,4.326959910789767605e+01,1.129375502617242155e+01,2.417107762003609939e-01,2.405721200524389465e-08,7.529978269113535138e-08
3.993791640971308516e+04,5.781463053165235522e+01,1.703242481876930015e+03,3.161784867490463835e+00,4.314945883123840531e+01,1.126215965372336214e+01,2.412270810801201704e-01,2.407879838257317592e-08,7.404120656000615892e-08
4.004143745738229336e+04,5.765378975001234352e+01,1.702512801604173774e+03,3.152800464584591289e+00,4.302960497320317046e+01,1.123063993890639800e+01,2.407442764150760639e-01,2.410053008247328291e-08,7.280257679735863786e-08
4.014495850505149428e+04,5.749333291791343470e+01,1.701783106888790144e+03,3.143837772235370309e+00,4.291003695959345521e+01,1.119919572963213028e+01,2.402623607464758893e-01,2.412240767152515293e-08,7.158359501987967888e-08
4.024847955272070249e+04,5.733325926491439617e+01,1.701053397692920498e+03,3.134896746550762892e+00,4.279075421715567984e+01,1.116782687406191776e+01,2.397813326176322368e-01,2.414443172008875415e-08,7.038396703442122484e-08
4.035200060038991069e+04,5.717356802183097386e+01,1.700323673978641864e+03,3.125977343710678369e+00,4.267175617357124651e+01,1.113653322060515372e+01,2.393011905738932354e-01,2.416660280232097919e-08,6.920340278311974877e-08
4.036235270515683078e+04,5.715761990049286823e+01,1.700250700807239582e+03,3.125086590998245484e+00,4.265987200564409676e+01,1.113340798554705380e+01,2.392532250482604372e-01,2.416882801961640392e-08,6.908638381819919170e-08
4.037270480992375087e+04,5.714167559480657843e+01,1.700177727490235384e+03,3.124196054033020697e+00,4.264799067842012192e+01,1.113028350084533180e+01,2.392052683674997238e-01,2.417105471360481597e-08,6.896955234378178581e-08
4.038305691469067096e+04,5.712573510400501675e+01,1.700104754027591071e+03,3.123305732771301635e+00,4.263611219132862828e+01,1.112715976634873449e+01,2.391573205301608107e-01,2.417328288486814350e-08,6.885290807652078273e-08
4.039340901945759106e+04,5.710979842732122336e+01,1.700031780419268671e+03,3.122415627169402796e+00,4.262423654379891502e+01,1.112403678190615963e+01,2.391093815347874185e-01,2.417551253398469496e-08,6.873645073347244974e-08
4.039444422993371700e+04,5.710820496939979307e+01,1.700024483050422759e+03,3.122326628468819365e+00,4.262304913519986371e+01,1.112372452470905415e+01,2.391045881215036473e-01,2.417573558020114681e-08,6.872481526911763269e-08
4.039547944040984294e+04,5.710661154961110952e+01,1.700017185680119610e+03,3.122237631924350776e+00,4.262186175499017082e+01,1.112341227501082486e+01,2.390997947966267967e-01,2.417595864120331977e-08,6.871318167089482424e-08
4.039651465088596888e+04,5.710501816795440533e+01,1.700009888308359223e+03,3.122148637535964610e+00,4.262067440316923950e+01,1.112310003281132964e+01,2.390950015601434886e-01,2.417618171698889441e-08,6.870154993852815634e-08
4.039754986136209482e+04,5.710342482442890599e+01,1.700002590935141598e+03,3.122059645303600917e+00,4.261948707973652262e+01,1.112278779811039264e+01,2.390902084120685167e-01,2.417640480756195701e-08,6.868992007172818196e-08
4.039765338240942219e+04,5.710326549217353431e+01,1.700001861197739572e+03,3.122050746198944182e+00,4.261936834895456627e+01,1.112275657505272086e+01,2.390897291021225612e-01,2.417642711743293701e-08,6.868875718764264547e-08
4.039775690345675685e+04,5.710310616029948250e+01,1.700001131460322995e+03,3.122041847115847091e+00,4.261924961845647886e+01,1.112272535207003621e+01,2.390892497930616756e-01,2.417644942745118825e-08,6.868759432221159352e-08
4.039786042450408422e+04,5.710294682880672923e+01,1.700000401722891866e+03,3.122032948054312751e+00,4.261913088824230300e+01,1.112269412916232625e+01,2.390887704848829454e-01,2.417647173761746512e-08,6.868643147543207472e-08
4.039793435192435572e+04,5.710283304574132046e+01,1.699999880598101072e+03,3.122023518351721538e+00,4.261904917431881756e+01,1.112266875737725513e+01,2.390915028307964152e-01,2.417709437318335281e-08,6.868564895100531910e-08
4.039800827934461995e+04,5.710271926287037303e+01,1.699999359475454185e+03,3.122017163286606944e+00,4.261896438591220004e+01,1.112264646025781545e+01,2.390911605518230565e-01,2.417711030744281477e-08,6.868481855540805077e-08
4.039808220676489145e+04,5.710260548019387983e+01,1.699998838352800021e+03,3.122010808232494661e+00,4.261887959765030587e+01,1.112262416317666158e+01,2.390908182732938148e-01,2.417712624177636564e-08,6.868398816932470944e-08
4.039858094646401150e+04,5.710183786837083630e+01,1.699995322680713343e+03,3.121967935148245221e+00,4.261830759078006281e+01,1.112247374042999937e+01,2.390885091569067422e-01,2.417723374221861232e-08,6.867838634895582793e-08
4.039936268603908684e+04,5.710063470836553989e+01,1.699989812110098001e+03,3.121900735595966481e+00,4.261741102329917652e+01,1.112223796680355115e+01,2.390848898198373318e-01,2.417740224853587581e-08,6.866960675859195317e-08
4.040089677520049736e+04,5.709827368510864432e+01,1.699978998139888290e+03,3.121768866474165627e+00,4.261565164240474957e+01,1.112177529603618531e+01,2.390777873634262751e-01,2.417773295055531604e-08,6.865238074303927153e-08
4.040243086436190060e+04,5.709591274558311369e+01,1.699968184166595393e+03,3.121637002086782076e+00,4.261389232384722447e+01,1.112131264173479472e+01,2.390706851010868661e-01,2.417806368501422888e-08,6.863515882188384710e-08
4.041679133379284758e+04,5.707381626492072968e+01,1.699866955394380739e+03,3.120402861086313706e+00,4.259742652509044802e+01,1.111698257521047140e+01,2.390042108781960106e-01,2.418116123377528826e-08,6.847414436495513143e-08
4.045269250737020775e+04,5.701860714867607527e+01,1.699613882281164706e+03,3.117319322783075553e+00,4.255628591536790850e+01,1.110616371856899676e+01,2.388380996940079881e-01,2.418891755306753488e-08,6.807317259349793911e-08
4.048859368094756792e+04,5.696344384316925158e+01,1.699360807477109574e+03,3.114238374734894510e+00,4.251517941115177734e+01,1.109535387070289048e+01,2.386720947085745614e-01,2.419669167376692065e-08,6.767442627531001820e-08
4.052449485452492809e+04,5.690832631645925233e+01,1.699107730980592805e+03,3.111160015122238054e+00,4.247410698867595613e+01,1.108455302531732656e+01,2.385061958613597655e-01,2.420448362019591395e-08,6.727789375645108270e-08
4.056039602810228098e+04,5.685325453662356665e+01,1.698854652789991405e+03,3.108084242126648356e+00,4.243306862418803860e+01,1.107376117612117739e+01,2.383404030918382377e-01,2.421229341672819884e-08,6.688356344025644687e-08
4.073990189599191217e+04,5.657858072453679199e+01,1.697589236368839920e+03,3.092744112830522418e+00,4.222838684117461838e+01,1.101993665304159542e+01,2.375130282939069415e-01,2.425161100808266247e-08,6.494454299147514289e-08
4.091940776388153608e+04,5.630504580635519574e+01,1.696323777351614353e+03,3.077468376786932414e+00,4.202455295275515823e+01,1.096633609308412183e+01,2.366882963787178829e-01,2.429137854098211303e-08,6.305887058132200783e-08
4.109891363177116727e+04,5.603264581219482920e+01,1.695058275534498989e+03,3.062256807856158947e+00,4.182156400507776794e+01,1.091295871388838457e+01,2.358661998157607076e-01,2.433159912635921734e-08,6.122515949776877314e-08
4.468903098956653412e+04,5.081696585234277563e+01,1.669738932796120480e+03,2.771157960770846529e+00,3.793474768432902522e+01,9.891093889243020243e+00,2.199662591608143036e-01,2.523627690157683691e-08,3.360280251676952333e-08
4.827914834736190824e+04,4.602308374083040121e+01,1.644400702644130433e+03,2.503893628675923910e+00,3.436196947525746026e+01,8.952161456109465121e+00,2.050591363427431424e-01,2.635253808469003611e-08,1.809226522692910900e-08
5.137647522233134077e+04,4.220386275788671071e+01,1.622523945944339630e+03,2.291197415477370658e+00,3.151535576651859927e+01,8.204356367532048111e+00,1.929531704103460421e-01,2.751305257654697769e-08,1.043530080307877656e-08
5.447380209730077331e+04,3.865933611787342272e+01,1.600630623961713582e+03,2.094006606501982226e+00,2.887327500895731092e+01,7.510543955338747857e+00,1.815105122633126622e-01,2.888665236622811569e-08,5.925417780269037632e-09
5.757112897227020585e+04,3.537274492320010921e+01,1.578719485649274475e+03,1.911367455117119141e+00,2.642325657586807353e+01,6.867422390986728686e+00,1.706984674092942855e-01,3.050887605949653945e-08,3.310015863499745208e-09
6.066845584723963839e+04,3.232817415180304010e+01,1.556789216944724330e+03,1.742374489442887420e+00,2.415345753393905071e+01,6.271856356481854355e+00,1.604857376978972017e-01,3.242368581093849295e-08,1.817666856936852028e-09
6.376578272220907093e+04,2.951051879329778416e+01,1.534838435445681171e+03,1.586168572550803457e+00,2.205263745760495553e+01,5.720870359598801080e+00,1.508423678770118848e-01,3.468575609340633857e-08,9.804534267870072014e-10
6.686310959717851074e+04,2.690545101942797146e+01,1.512865684536459867e+03,1.441935021875954126e+00,2.011013401251473454e+01,5.211642253344724196e+00,1.417396938100235482e-01,3.736349419396611166e-08,5.190402900533299346e-10
6.996043647214793600e+04,2.449938836648719231e+01,1.490869426897115318e+03,1.308901786616115226e+00,1.831583929151882728e+01,4.741496955272554992e+00,1.331502922672071487e-01,4.054305891486053964e-08,2.694295576208730210e-10
7.305776334711737582e+04,2.227946290764074888e+01,1.468848037314882504e+03,1.186337681905170305e+00,1.666017688674849140e+01,4.307900362311448461e+00,1.250479322048794750e-01,4.433375343143096666e-08,1.370066610429492905e-10
7.484821821011570864e+04,2.107629921564515740e+01,1.456106119328705972e+03,1.119989991248268479e+00,1.576275457274903680e+01,4.072978093133262867e+00,1.205765115658076758e-01,4.685700873766424819e-08,9.177135316336724933e-11
7.663867307311405602e+04,1.992899905333797506e+01,1.443354882001175611e+03,1.056780799683698202e+00,1.490694211421361715e+01,3.849021329658749657e+00,1.162547600576947504e-01,4.966319626664681455e-08,6.101590089141455859e-11
7.842912793611240340e+04,1.883538129017403406e+01,1.430593964915089600e+03,9.965862812453863961e-01,1.409111618658335452e+01,3.635600648899684373e+00,1.120781206149880499e-01,5.279036210057726901e-08,4.025823366058568707e-11
8.021958279911075078e+04,1.779333440443735626e+01,1.417822994683167963e+03,9.392865902652153265e-01,1.331370524376283981e+01,3.432300361010558465e+00,1.080421530895635529e-01,5.628282577617691631e-08,2.635382599860776447e-11
8.201003766210908361e+04,1.680081473207196296e+01,1.405041584240011616e+03,8.847657611161999780e-01,1.257318821564236799e+01,3.238718163673705241e+00,1.041425314301995669e-01,6.019237835363930809e-08,1.711225664115608389e-11
8.380049252510743099e+04,1.585584474867967941e+01,1.392249332086197228e+03,8.329116098676822011e-01,1.186809323027626561e+01,3.054464803043197119e+00,1.003750409017737377e-01,6.457974090670915445e-08,1.101890953666665641e-11
8.559094738810577837e+04,1.495651138423449389e+01,1.379445821480426957e+03,7.836156378280147994e-01,1.119699636038140866e+01,2.879163741159616929e+00,9.673557534207102848e-02,6.951634678981512690e-08,7.034385889568480159e-12
8.738140225110412575e+04,1.410096437009664427e+01,1.366630619575778383e+03,7.367729369520711336e-01,1.055852039384469876e+01,2.712450829754700976e+00,9.322013445419359556e-02,7.508652809451876319e-08,4.450960179853303671e-12
8.822289793288000510e+04,1.371348038871519748e+01,1.360603438331516827e+03,7.155758280256271364e-01,1.026933128130607997e+01,2.636963557740037434e+00,9.160964368880587794e-02,7.795106911728378821e-08,3.578202511040014987e-12
8.906439361465588445e+04,1.333509119097732487e+01,1.354573527416332809e+03,6.948879077400064164e-01,9.986918173601374349e+00,2.563259738982742508e+00,9.002528966122863574e-02,8.098910365924586317e-08,2.870673090520520376e-12
8.990588929643176380e+04,1.296561849054569926e+01,1.348540837868658627e+03,6.746990740173767209e-01,9.711148360166660609e+00,2.491304291786623715e+00,8.846668035936162966e-02,8.421337917542315660e-08,2.298248060774697858e-12
9.074738497820764314e+04,1.260488683693146328e+01,1.342505319799432527e+03,6.549993869120733780e-01,9.441891239907914013e+00,2.421062693914892261e+00,8.693342855699953686e-02,8.763774857459988033e-08,1.836076867570961875e-12
9.158888065998350794e+04,1.225272358022542818e+01,1.336466922366538711e+03,6.357790665939686559e-01,9.179018294966585501e+00,2.352500975631822033e+00,8.542515175430848151e-02,9.127727938700207138e-08,1.463698996901641880e-12
9.243037634175938729e+04,1.190895883615223205e+01,1.330425593748387655e+03,6.170284913505711399e-01,8.922403064725163091e+00,2.285585712808397840e+00,8.394147211855942925e-02,9.514837498394637960e-08,1.164301685106075655e-12
9.327187202353526664e+04,1.157342545145130863e+01,1.324381281116581022e+03,5.987381956080677359e-01,8.671921120055605670e+00,2.220284020092669675e+00,8.248201642513167120e-02,9.926890931617368344e-08,9.240972693664370744e-13
9.370103863413247745e+04,1.140541834024514856e+01,1.321297487967737197e+03,5.895842888160983675e-01,8.546496324339008410e+00,2.187590729619517393e+00,8.174689599704333676e-02,1.014726599592493861e-07,8.206629666455440311e-13
9.413020524472968827e+04,1.123948787665895033e+01,1.318212897418949069e+03,5.805464585671847866e-01,8.422618908964794926e+00,2.155304473470189386e+00,8.101793190695837088e-02,1.037490933880117953e-07,7.283767221885242705e-13
9.455937185532691365e+04,1.107561269128309078e+01,1.315127502146065581e+03,5.716234951900084349e-01,8.300272966077191228e+00,2.123421047912676496e+00,8.029507600147293978e-02,1.061010972655211247e-07,6.460845350837598951e-13
9.498853846592412447e+04,1.091377159253137030e+01,1.312041294750841189e+03,5.628141991800037491e-01,8.179442720095860153e+00,2.091936284296244342e+00,7.957828042699781335e-02,1.085316928680036994e-07,5.727467975351313534e-13
9.541770507652133529e+04,1.075394356549071340e+01,1.308954267759864706e+03,5.541173811336147503e-01,8.060112526860276461e+00,2.060846048824493959e+00,7.886749762778057227e-02,1.110440420655177521e-07,5.074274735224672567e-13
9.584687168711854611e+04,1.059610777074210297e+01,1.305866413623431754e+03,5.455318616811232202e-01,7.942266872752442808e+00,2.030146242322970362e+00,7.816268034366154194e-02,1.136414547061000825e-07,4.492842503774448862e-13
9.599660087052619201e+04,1.054150641687868450e+01,1.304788915987109704e+03,5.425624879271765399e-01,7.901498935547822455e+00,2.019526702634195203e+00,7.791817620076046946e-02,1.145682985431520221e-07,4.305456442872328836e-13
9.614633005393383792e+04,1.048714416756568646e+01,1.303711316417056651e+03,5.396064696080663525e-01,7.860909172814908530e+00,2.008954019162740412e+00,7.767439047349018744e-02,1.155060684488214214e-07,4.125577171651728443e-13
9.629605923734146927e+04,1.043302015277540384e+01,1.302633614585975010e+03,5.366637574948048828e-01,7.820496936864928195e+00,1.998428020780284919e+00,7.743132118007230169e-02,1.164549186884484609e-07,3.952916591739076408e-13
9.644578842074911518e+04,1.037913350504004661e+01,1.301555810165389175e+03,5.337343025047364131e-01,7.780261581913378244e+00,1.987948536863477500e+00,7.718896634307043092e-02,1.174150060470000763e-07,3.787197165504566398e-13
9.659551760415676108e+04,1.032548335942213136e+01,1.300477902825652109e+03,5.308180556999898547e-01,7.740202464057816201e+00,1.977515397288277299e+00,7.694732398919419680e-02,1.183864898744182627e-07,3.628151547598886463e-13
9.661049052249710076e+04,1.032013131925408445e+01,1.300370106418397427e+03,5.305271555900147318e-01,7.736206220579860293e+00,1.976474625735029855e+00,7.692319886454637712e-02,1.184842712756814520e-07,3.612604047821623987e-13
9.662546344083744043e+04,1.031478163462042374e+01,1.300262308978312376e+03,5.302363870251495248e-01,7.732211732410413596e+00,1.975434315759261095e+00,7.689908084307037206e-02,1.185821684224858694e-07,3.597120450999627557e-13
9.664043635917778010e+04,1.030943430466042443e+01,1.300154510505065218e+03,5.299457499566965213e-01,7.728218998908710446e+00,1.974394467191675107e+00,7.687496992280068442e-02,1.186801814785080192e-07,3.581700505873231817e-13
9.665540927751811978e+04,1.030408932851360682e+01,1.300046710998324215e+03,5.296552443359711093e-01,7.724228019434156600e+00,1.973355079863039707e+00,7.685086610177345456e-02,1.187783106077137335e-07,3.566343962124755648e-13
9.665690656935158768e+04,1.030355496032553120e+01,1.300035930990795123e+03,5.296262010016482558e-01,7.723829017933541152e+00,1.973251166491798436e+00,7.684845611005466925e-02,1.187881299109828059e-07,3.564811785216394502e-13
9.665840386118505558e+04,1.030302061566612437e+01,1.300025150972927577e+03,5.295971589812696889e-01,7.723430033966149466e+00,1.973147257731093118e+00,7.684604618930437891e-02,1.187979503767845079e-07,3.563280239578536833e-13
9.665990115301852347e+04,1.030248629453452658e+01,1.300014370944721122e+03,5.295681182747837834e-01,7.723031067531346494e+00,1.973043353580742787e+00,7.684363633952383255e-02,1.188077720052888548e-07,3.561749324962286803e-13
9.666139844485199137e+04,1.030195199692988162e+01,1.300003590906175305e+03,5.295390788821425776e-01,7.722632118628491860e+00,1.972939454040586682e+00,7.684122656071011581e-02,1.188175947966594034e-07,3.560219041118885392e-13
9.666154817403506604e+04,1.030189856846336660e+01,1.300002512901751970e+03,5.295361750151388325e-01,7.722592224702440333e+00,1.972929064340122940e+00,7.684098558673130297e-02,1.188185771397610725e-07,3.560066047417515912e-13
9.666169790321812616e+04,1.030184514023211051e+01,1.300001434897225408e+03,5.295332711612709131e-01,7.722552330951697463e+00,1.972918674685763429e+00,7.684074461346394880e-02,1.188195594944979302e-07,3.559913060020992388e-13
9.666184763240118627e+04,1.030179171223611512e+01,1.300000356892595391e+03,5.295303673205430384e-01,7.722512437376270356e+00,1.972908285077499269e+00,7.684050364090397323e-02,1.188205418608561593e-07,3.559760078929399132e-13
9.666186260531906737e+04,1.030178636944945403e+01,1.300000249092126751e+03,5.295300769371918959e-01,7.722508448028368555e+00,1.972907246119210312e+00,7.684047954368804223e-02,1.188206400981350205e-07,3.559744781166978077e-13
9.666187757823694847e+04,1.030178102666514661e+01,1.300000141291656973e+03,5.295297865539737581e-01,7.722504458682219131e+00,1.972906207161382541e+00,7.684045544647735704e-02,1.188207383355254915e-07,3.559729483467603290e-13
9.666189255115482956e+04,1.030177568388319109e+01,1.300000033491186286e+03,5.295294961708861825e-01,7.722500469337823858e+00,1.972905168204013293e+00,7.684043134927492913e-02,1.188208365730322311e-07,3.559714185831271741e-13
9.666189404844606179e+04,1.030177514960512575e+01,1.300000022711139081e+03,5.295294671325840863e-01,7.722500070403484074e+00,1.972905064308299705e+00,7.684042893955540798e-02,1.188208463967908499e-07,3.559712656071137545e-13
9.666189554573727946e+04,1.030177461532708172e+01,1.300000011931091876e+03,5.295294380942846546e-01,7.722499671469158500e+00,1.972904960412592557e+00,7.684042652983505417e-02,1.188208562205471130e-07,3.559711126311610707e-13
9.666189704302849714e+04,1.030177408104906256e+01,1.300000001151044899e+03,5.295294090559865552e-01,7.722499272534848025e+00,1.972904856516893846e+00,7.684042412011432566e-02,1.188208660443018011e-07,3.559709596552796243e-13
9.666189779167482629e+04,1.030177381391006008e+01,1.299999995761021410e+03,5.295202370575138318e-01,7.722508230707526344e+00,1.972895646983635620e+00,7.684958027847368922e-02,1.188825539282931718e-07,3.558737445356423704e-13
9.666189854032114090e+04,1.030177354677106116e+01,1.299999990370472460e+03,5.295202225384415540e-01,7.722508031240304938e+00,1.972895595035862870e+00,7.684957907353728856e-02,1.188825588435035508e-07,3.558736680611084708e-13
9.666190398237586487e+04,1.030177160488495325e+01,1.299999951185507143e+03,5.295201169964350862e-01,7.722506581273699489e+00,1.972895217417246272e+00,7.684957031462107124e-02,1.188825945731469906e-07,3.558731121530850320e-13
9.666191758751338057e+04,1.030176675017142962e+01,1.299999853223092941e+03,5.295198531415160614e-01,7.722502956358487047e+00,1.972894273371049279e+00,7.684954841733618314e-02,1.188826838973371303e-07,3.558717223866658477e-13
9.666193119265089626e+04,1.030176189545984755e+01,1.299999755260677830e+03,5.295195892867072818e-01,7.722499331444719672e+00,1.972893329325235978e+00,7.684952652005543061e-02,1.188827732216152290e-07,3.558703326254641515e-13
9.666194479778841196e+04,1.030175704075020882e+01,1.299999657298262036e+03,5.295193254320048615e-01,7.722495706532402693e+00,1.972892385279800376e+00,7.684950462278269945e-02,1.188828625459993524e-07,3.558689428694530339e-13
9.666210116912714147e+04,1.030170124303871759e+01,1.299998531362217591e+03,5.295162928124299562e-01,7.722454043523129030e+00,1.972881534873136111e+00,7.684925294577611699e-02,1.188838892071589161e-07,3.558529700122066204e-13
9.666264616730641865e+04,1.030150677429620032e+01,1.299994607156968641e+03,5.295057233906317329e-01,7.722308837689883632e+00,1.972843718541323232e+00,7.684837578653795631e-02,1.188874675098039692e-07,3.557973054777136743e-13
9.666319116548571037e+04,1.030131230867045744e+01,1.299990682950397286e+03,5.294951541428900565e-01,7.722163634179211478e+00,1.972805902820255586e+00,7.684749863669836090e-02,1.188910459665979278e-07,3.557416492941640167e-13
9.666673805580008775e+04,1.030004678747916635e+01,1.299965143878146137e+03,5.294263729133275032e-01,7.721218695240777308e+00,1.972559810103118538e+00,7.684179030724834492e-02,1.189143386065963161e-07,3.553796384907207316e-13
9.666709274483181071e+04,1.029992024262012329e+01,1.299962589967840358e+03,5.294194951958149931e-01,7.721124206757041364e+00,1.972535202254052100e+00,7.684121949619326930e-02,1.189166682297759962e-07,3.553434568487052438e-13
9.666744743386353366e+04,1.029979369908105014e+01,1.299960036056974559e+03,5.294126175520180722e-01,7.721029719256923940e+00,1.972510594663638983e+00,7.684064868911642809e-02,1.189189979182595739e-07,3.553072787396271247e-13
9.666780212289525662e+04,1.029966715686193446e+01,1.299957482145548511e+03,5.294057399819336318e-01,7.720935232740416154e+00,1.972485987331881629e+00,7.684007788602077726e-02,1.189213276720657105e-07,3.552711041631322074e-13
9.666815681192697957e+04,1.029954061596276560e+01,1.299954928233562441e+03,5.293988624855643366e-01,7.720840747207507349e+00,1.972461380258778263e+00,7.683950708690288900e-02,1.189236574911824681e-07,3.552349331189042910e-13
9.666819228083000053e+04,1.029952796194544540e+01,1.299954672842332911e+03,5.293981747399807425e-01,7.720831298708314527e+00,1.972458919565694302e+00,7.683945000721076335e-02,1.189238904766920090e-07,3.552313162087395954e-13
9.666822774973303603e+04,1.029951530794132530e+01,1.299954417451097925e+03,5.293974869951357798e-01,7.720821850218960947e+00,1.972456458875193164e+00,7.683939292755719019e-02,1.189241234628482992e-07,3.552276993338954210e-13
9.666826321863607154e+04,1.029950265395040354e+01,1.299954162059857254e+03,5.293967992510280052e-01,7.720812401739439501e+00,1.972453998187281066e+00,7.683933584794307159e-02,1.189243564496531254e-07,3.552240824943859548e-13
9.666828095308758202e+04,1.029949632695824313e+01,1.299954034364235440e+03,5.293964553791647987e-01,7.720807677502130595e+00,1.972452767843979382e+00,7.683930730813977317e-02,1.189244729432469879e-07,3.552222740878717913e-13
9.666829868753909250e+04,1.029948999996937964e+01,1.299953906668612262e+03,5.293961115074868884e-01,7.720802953267278390e+00,1.972451537501324070e+00,7.683927876834494020e-02,1.189245894370017733e-07,3.552204656901899922e-13
9.666831642199061753e+04,1.029948367298381839e+01,1.299953778972987720e+03,5.293957676359921649e-01,7.720798229034888216e+00,1.972450307159316241e+00,7.683925022856152864e-02,1.189247059309227493e-07,3.552186573013347009e-13
9.666833415644212801e+04,1.029947734600155584e+01,1.299953651277361814e+03,5.293954237646831817e-01,7.720793504804955631e+00,1.972449076817955005e+00,7.683922168878663805e-02,1.189248224250003734e-07,3.552168489213218715e-13
9.666835189089363848e+04,1.029947101902259377e+01,1.299953523581734544e+03,5.293950798935568303e-01,7.720788780577481525e+00,1.972447846477237920e+00,7.683919314902315501e-02,1.189249389192472850e-07,3.552150405501347926e-13
9.675702414876305556e+04,1.026787735875667451e+01,1.299315027921349156e+03,5.276780269768562848e-01,7.697198370606451512e+00,1.966304222954688763e+00,7.669661870887370392e-02,1.195094578322196960e-07,3.462827195294447273e-13
9.684569640663247264e+04,1.023636601569391580e+01,1.298676497178201544e+03,5.259655709867111506e-01,7.673669302255078151e+00,1.960176729767693304e+00,7.655429258600145170e-02,1.200980936755271068e-07,3.375660447360199724e-13
9.693436866450188973e+04,1.020493681174314915e+01,1.298037931278501219e+03,5.242577018475528261e-01,7.650201442942692331e+00,1.954065331888364287e+00,7.641221437333137190e-02,1.206908811356425297e-07,3.290600307443813383e-13
9.702304092237130681e+04,1.017358956912371148e+01,1.297399330148331501e+03,5.225544095015610679e-01,7.626794660319580643e+00,1.947969994350078338e+00,7.627038366431576621e-02,1.212878552365149426e-07,3.207598021706292872e-13
9.746640221171696612e+04,1.001807657535585605e+01,1.294205793444475603e+03,5.141062488850891565e-01,7.510672281432378306e+00,1.917732992219913335e+00,7.556492848141768692e-02,1.243367752798102812e-07,2.821822176870256405e-13
9.790976350106262544e+04,9.864586125579895892e+00,1.291011364818107268e+03,5.057710095904652814e-01,7.396057099586045958e+00,1.887892288699701604e+00,7.486560020762031420e-02,1.274958155449889487e-07,2.480773181919870145e-13
9.835312479040828475e+04,9.713096344025631268e+00,1.287816034885194767e+03,4.975474542179919024e-01,7.282932829048178291e+00,1.858443581379909393e+00,7.417234860957773457e-02,1.307697566068388754e-07,2.179464226376044080e-13
1.001265699477880844e+05,9.126713040598104953e+00,1.275025511509850048e+03,4.657457044967401871e-01,6.845024096450415207e+00,1.744483979005719165e+00,7.145911552624852059e-02,1.451188531647752913e-07,1.289446682017545683e-13
1.019000151051678986e+05,8.570639473446101775e+00,1.262219794619766390e+03,4.356347131603160450e-01,6.429703614414266077e+00,1.636461810826358887e+00,6.883917328759359133e-02,1.617574920167792679e-07,7.542904040746771962e-14
1.027008971488125680e+05,8.329100299476987601e+00,1.256431623569035537e+03,4.225709258625075515e-01,6.249287339316468071e+00,1.589556094128504515e+00,6.768577003113013246e-02,1.701383186111565061e-07,5.898208296809226967e-14
1.035017791924572521e+05,8.093356985573459284e+00,1.250640162556520863e+03,4.098301633886393125e-01,6.073190697788628967e+00,1.543785455841019338e+00,6.655048943141975148e-02,1.791237061709002017e-07,4.600951346370441530e-14
1.043026612361019215e+05,7.863293817198128366e+00,1.244845349792655043e+03,3.974058884870522168e-01,5.901327536422253495e+00,1.499127145924688431e+00,6.543305759801712473e-02,1.887660805819598991e-07,3.580177654825349979e-14
1.051035432797466055e+05,7.638796944511788034e+00,1.239047122414316846e+03,3.852916705462083313e-01,5.733613088861300611e+00,1.455558782233153714e+00,6.433320374796448748e-02,1.991231318687574641e-07,2.778906531883911723e-14
1.059044253233912750e+05,7.419754359111783160e+00,1.233245416451832853e+03,3.734811842697942641e-01,5.569963958495370626e+00,1.413058345927820314e+00,6.325066016036814953e-02,2.102584103964089386e-07,2.151485248083947272e-14
1.067053073670359590e+05,7.206055870977552402e+00,1.227440166794778179e+03,3.619682083638147696e-01,5.410298101307030372e+00,1.371604176933651553e+00,6.218516213104001433e-02,2.222419979796593824e-07,1.661422679827042007e-14
1.075061894106806285e+05,6.997593085626666820e+00,1.221631307156495268e+03,3.507466242358409092e-01,5.254534808875881424e+00,1.331174969436453859e+00,6.113644792721425331e-02,2.351512642134950685e-07,1.279620190359996082e-14
1.078956123898529186e+05,6.898089453990912112e+00,1.218805467469744826e+03,3.453936967738398534e-01,5.180182376168677827e+00,1.311880633861444156e+00,6.063250539888857815e-02,2.417880504251549169e-07,1.125962366416037576e-14
1.082850353690252086e+05,6.799786366809211557e+00,1.215978750462033986e+03,3.401075562865552016e-01,5.106724829059660742e+00,1.292821292426190816e+00,6.013244036243186458e-02,2.486743628760319243e-07,9.901258355134905258e-15
1.086744583481974987e+05,6.702671813798148470e+00,1.213151148196324812e+03,3.348875251651585727e-01,5.034153224591277009e+00,1.273994584748824987e+00,5.963622347155418668e-02,2.558213238627311730e-07,8.701185831941012425e-15
1.090638813273697888e+05,6.606733881316933399e+00,1.210322652663487588e+03,3.297329313296073483e-01,4.962458691692292589e+00,1.255398169515832940e+00,5.914382553857003982e-02,2.632406228320861507e-07,7.641626583631147367e-15
1.094533043065420788e+05,6.511960751768159916e+00,1.207493255781195103e+03,3.246431081945306274e-01,4.891632430731974956e+00,1.237029724363920336e+00,5.865521753317756021e-02,2.709445486964262508e-07,6.706721208514648305e-15
1.098427272857143689e+05,6.418340702986329305e+00,1.204662949392763721e+03,3.196173946345273187e-01,4.821665713065080183e+00,1.218886945759585894e+00,5.817037058110560710e-02,2.789460241731600269e-07,5.882331596915864656e-15
1.099605414619684598e+05,6.390242770943282302e+00,1.203806501513108969e+03,3.181094714537167079e-01,4.800666360888717676e+00,1.213442233184997665e+00,5.802442398842817817e-02,2.814274163855710350e-07,5.652757178429080231e-15
1.100783556382225652e+05,6.362248992454005325e+00,1.202949969406302898e+03,3.166073379559813383e-01,4.779744649208168106e+00,1.208017903138469906e+00,5.787881821370974289e-02,2.839376707483399556e-07,5.431812635145276351e-15
1.101961698144766560e+05,6.334359048046399820e+00,1.202093352842374543e+03,3.151109761273971910e-01,4.758900340131707374e+00,1.202613892844341947e+00,5.773355246576624550e-02,2.864771822316179864e-07,5.219186199904184369e-15
1.103139839907307469e+05,6.306572619036507454e+00,1.201236651590704241e+03,3.136203679991204640e-01,4.738133196353857990e+00,1.197230139682458727e+00,5.758862595471263973e-02,2.890463519498953138e-07,5.014576902640421670e-15
1.104317981669848523e+05,6.278889387519681620e+00,1.200379865420025908e+03,3.121354956469437059e-01,4.717442981148787240e+00,1.191866581186472818e+00,5.744403789188678305e-02,2.916455872670547980e-07,4.817694212967000949e-15
1.104435795846106776e+05,6.276126728014627787e+00,1.200294182123489009e+03,3.119873231906904465e-01,4.715378181603572472e+00,1.191331333643244061e+00,5.742959766993497445e-02,2.919071802794157469e-07,4.798420024981436896e-15
1.104553610022365174e+05,6.273365096996035284e+00,1.200208497975211003e+03,3.118392078955164459e-01,4.713314148746411192e+00,1.190796287361219008e+00,5.741516082380486441e-02,2.921690784969175354e-07,4.779220015665485013e-15
1.104671424198623572e+05,6.270604494147295149e+00,1.200122812974959515e+03,3.116911497435715384e-01,4.711250882341542656e+00,1.190261442278183424e+00,5.740072735270987381e-02,2.924312823374665789e-07,4.760093911003199632e-15
1.104789238374881825e+05,6.267844919151878358e+00,1.200037127122502170e+03,3.115431487170097213e-01,4.709188382153261188e+00,1.189726798331946167e+00,5.738629725586399249e-02,2.926937922196179616e-07,4.741041437947797248e-15
1.104801019792504812e+05,6.267569018172085116e+00,1.200028558490376099e+03,3.115283517555637038e-01,4.708982174267273280e+00,1.189673344997452364e+00,5.738485443173204498e-02,2.927200600562452600e-07,4.739140229897272057e-15
1.104812801210127800e+05,6.267293127467344682e+00,1.200019989849725562e+03,3.115135553651743328e-01,4.708775974040857015e+00,1.189619893673641959e+00,5.738341164133448080e-02,2.927463309579096120e-07,4.737239755169509332e-15
1.104824582627750933e+05,6.267017247037339978e+00,1.200011421200550103e+03,3.114987595458246772e-01,4.708569781473782356e+00,1.189566444360452557e+00,5.738196888467020362e-02,2.927726049250127757e-07,4.735340013493344446e-15
1.104836364045373921e+05,6.266741376881756587e+00,1.200002852542849496e+03,3.114839642974967515e-01,4.708363596565810383e+00,1.189512997057824428e+00,5.738052616173853343e-02,2.927988819579996023e-07,4.733441004597110270e-15
1.104837542187141808e+05,6.266713790431278852e+00,1.200001995676610477e+03,3.114824848040694261e-01,4.708342978496254716e+00,1.189507652438139829e+00,5.738038189130059002e-02,2.928015098299366949e-07,4.733251143999901806e-15
1.104838720328909840e+05,6.266686204083542044e+00,1.200001138810286193e+03,3.114810053163524217e-01,4.708322360503286674e+00,1.189502307838561590e+00,5.738023762119980747e-02,2.928041377325326745e-07,4.733061290727594224e-15
1.104839898470677726e+05,6.266658617838545275e+00,1.200000281943876644e+03,3.114795258343450723e-01,4.708301742586907146e+00,1.189496963259086826e+00,5.738009335143656742e-02,2.928067656657945820e-07,4.732871444779759172e-15
1.104840016284858721e+05,6.266655859219696367e+00,1.200000196257230982e+03,3.114793778864586860e-01,4.708299680799481024e+00,1.189496428802244044e+00,5.738007892447850866e-02,2.928070284608051454e-07,4.732852460587845669e-15
1.104840134099039860e+05,6.266653100601875082e+00,1.200000110570584411e+03,3.114792299386288099e-01,4.708297619012823176e+00,1.189495894345603100e+00,5.738006449752439120e-02,2.928072912561294815e-07,4.732833476469114004e-15
1.104840251913220854e+05,6.266650341985080530e+00,1.200000024883937158e+03,3.114790819908559993e-01,4.708295557226927386e+00,1.189495359889164883e+00,5.738005007057360440e-02,2.928075540517617142e-07,4.732814492423583897e-15
1.104840263694634777e+05,6.266650066123451879e+00,1.200000016315272433e+03,3.114790671960828705e-01,4.708295351048375821e+00,1.189495306443530742e+00,5.738004862787737109e-02,2.928075803313218564e-07,4.732812594023297125e-15
1.104840275476048555e+05,6.266649790261834774e+00,1.200000007746607707e+03,3.114790524013085760e-01,4.708295144869833138e+00,1.189495252997898822e+00,5.738004718518303210e-02,2.928076066109103212e-07,4.732810695623428449e-15
1.104840281366762647e+05,6.266649652331031106e+00,1.200000003462275345e+03,3.114790450039218728e-01,4.708295041780567125e+00,1.189495226275081752e+00,5.738004646383567525e-02,2.928076197506949980e-07,4.732809746423858171e-15
1.104840287257476593e+05,6.266649514400230103e+00,1.199999999177942982e+03,3.114671059623203564e-01,4.708306870832449142e+00,1.189483267579615422e+00,5.739197702723145000e-02,2.929986099051753267e-07,4.730478747380901067e-15
1.104840294940250169e+05,6.266649334508247904e+00,1.199999993593072077e+03,3.114670963151628946e-01,4.708306736380805546e+00,1.189483232727866824e+00,5.739197608578113646e-02,2.929986270305156711e-07,4.730477510669343705e-15
1.104840308008539432e+05,6.266649028514634345e+00,1.199999984093288731e+03,3.114670799054921613e-01,4.708306507680539710e+00,1.189483173445555320e+00,5.739197448438625171e-02,2.929986561604445953e-07,4.730475407042081177e-15
1.104840345819513750e+05,6.266648143171789087e+00,1.199999956607206741e+03,3.114670324267703738e-01,4.708305845973449699e+00,1.189483001921810779e+00,5.739196985101344128e-02,2.929987404432262142e-07,4.730469320542466369e-15
1.104840531053072045e+05,6.266643805933637346e+00,1.199999821954627805e+03,3.114667998315492348e-01,4.708302604312591733e+00,1.189482161637932967e+00,5.739194715240562156e-02,2.929991533395187453e-07,4.730439503274957329e-15
1.104840716286630341e+05,6.266639468698026683e+00,1.199999687302046823e+03,3.114665672364695936e-01,4.708299362653629139e+00,1.189481321354551424e+00,5.739192445380576768e-02,2.929995662365595241e-07,4.730409686188296230e-15
1.104841179370504979e+05,6.266628625623287263e+00,1.199999350670582771e+03,3.114659857495453710e-01,4.708291258516888789e+00,1.189479220648878455e+00,5.739186770737216697e-02,2.930005984829368823e-07,4.730335144261980739e-15
1.104841642454379617e+05,6.266617782564423145e+00,1.199999014039106214e+03,3.114654042635022768e-01,4.708283154391986969e+00,1.189477119946306116e+00,5.739181096099200963e-02,2.930016307340671012e-07,4.730260603465341675e-15
1.104842105538254400e+05,6.266606939521433439e+00,1.199998677407617151e+03,3.114648227783423651e-01,4.708275050278917462e+00,1.189475019246843734e+00,5.739175421466313765e-02,2.930026629899080409e-07,4.730186063798755324e-15
1.104844420957655821e+05,6.266552724544602881e+00,1.199996994249982890e+03,3.114619153657757211e-01,4.708234529891074160e+00,1.189464515796123667e+00,5.739147048380081884e-02,2.930078243399892270e-07,4.729813382414231905e-15
1.104845578667349619e+05,6.266525617205011223e+00,1.199996152671047867e+03,3.114604616677639770e-01,4.708214269808092212e+00,1.189459264099886893e+00,5.739132861885786613e-02,2.930104050593324755e-07,4.729627052314169258e-15
1.104846736377043271e+05,6.266498509964637087e+00,1.199995311092034399e+03,3.114590079752661556e-01,4.708194009799075097e+00,1.189454012423063922e+00,5.739118675424096511e-02,2.930129858082075806e-07,4.729440729275340203e-15
1.104847894086736924e+05,6.266471402823476922e+00,1.199994469512942260e+03,3.114575542882818682e-01,4.708173749864016600e+00,1.189448760765656754e+00,5.739104488995031006e-02,2.930155665866364065e-07,4.729254413297129426e-15
1.104856183156306215e+05,6.266277321678863643e+00,1.199988443900213952e+03,3.114471462161503279e-01,4.708028693197359615e+00,1.189411160064004713e+00,5.739002916729819131e-02,2.930340455289168395e-07,4.727920618357278817e-15
1.104860327691090788e+05,6.266180283013827790e+00,1.199985431092339240e+03,3.114419422860859599e-01,4.707956166285812927e+00,1.189392360086406031e+00,5.738952131223294673e-02,2.930432855679086321e-07,4.727253856591256835e-15
1.104864472225875361e+05,6.266083245620289510e+00,1.199982418283457491e+03,3.114367384266885086e-01,4.707883640322106267e+00,1.189373560357622983e+00,5.738901346134144682e-02,2.930525259854823829e-07,4.726587185278672085e-15
1.104868616760659934e+05,6.265986209498235482e+00,1.199979405473568931e+03,3.114315346379567528e-01,4.707811115306233418e+00,1.189354760877649797e+00,5.738850561462396915e-02,2.930617667816626556e-07,4.725920604408023764e-15
1.104924757512559299e+05,6.264671909575626252e+00,1.199938594663049344e+03,3.113610524785589972e-01,4.706828804343833994e+00,1.189100132695354084e+00,5.738162687089664454e-02,2.931869774254442539e-07,4.716900183445061829e-15
1.105081517899992177e+05,6.261003258398260662e+00,1.199824638700941478e+03,3.111643155791482540e-01,4.704086843113763905e+00,1.188389382583904919e+00,5.736242358447057876e-02,2.935369681140588954e-07,4.691800296052160766e-15
1.105238278287425201e+05,6.257336425185678230e+00,1.199710681297742667e+03,3.109676797171285201e-01,4.701346237091741820e+00,1.187678988222916177e+00,5.734322626638575088e-02,2.938875018008907024e-07,4.666828916398046457e-15
1.106022080224589736e+05,6.239029502534347849e+00,1.199140872653152428e+03,3.099860144994062705e-01,4.687663515695970951e+00,1.184132347555031606e+00,5.724732913558409908e-02,2.956483498254704235e-07,4.543877632300751112e-15
1.106805882161754416e+05,6.220767917383451362e+00,1.198571027928827107e+03,3.090068689267367885e-01,4.674014591381266293e+00,1.180594578719751375e+00,5.715158093277198509e-02,2.974229217273804714e-07,4.424045556327313481e-15
1.107589684098918951e+05,6.202551576875227290e+00,1.198001147080958617e+03,3.080302377667036295e-01,4.660399394998524514e+00,1.177065663474199386e+00,5.705598142445236776e-02,2.992113429363856470e-07,4.307256660581337941e-15
1.111508693784770294e+05,6.112145304641951604e+00,1.195151199449088153e+03,3.031846156324720098e-01,4.592826919797841967e+00,1.159553254700035785e+00,5.658020614592775693e-02,3.083656704495402546e-07,3.766421020094751649e-15
1.115427703470621491e+05,6.022856307478267723e+00,1.192300342107183269e+03,2.984010739623737529e-01,4.526087335747376983e+00,1.142259466529410128e+00,5.610811335329319444e-02,3.178858102902146544e-07,3.291236598446584998e-15
1.131103742214026570e+05,5.676645754917577946e+00,1.180887703316820080e+03,2.798749069456048510e-01,4.267288631180588432e+00,1.075225865369737077e+00,5.425599143866035451e-02,3.599829854901924191e-07,1.905695351708390144e-15
1.146779780957431649e+05,5.347413519306904561e+00,1.169460053189327027e+03,2.622914462309735018e-01,4.021147377985836435e+00,1.011513780008034269e+00,5.246050559162021565e-02,4.094904387353313211e-07,1.090905880083222817e-15
1.162455819700836873e+05,5.034466114865217001e+00,1.158017011613152590e+03,2.456116551741536480e-01,3.787147114078658117e+00,9.509870072149561038e-01,5.071987042489495279e-02,4.679725534262551669e-07,6.171593957236303564e-16
1.178131858444241952e+05,4.737132956841654696e+00,1.146558183730300470e+03,2.297978067118550405e-01,3.564788413196640970e+00,8.935138613349458137e-01,4.903233822221864796e-02,5.373759941154008129e-07,3.449157092214322753e-16
1.193807897187647031e+05,4.454765771105476446e+00,1.135083159608673213e+03,2.148134498493518285e-01,3.353588445750882663e+00,8.389670578699582881e-01,4.739619749987503822e-02,6.201354083091706372e-07,1.903511651202074521e-16
1.212622244915683259e+05,4.134748450920643137e+00,1.121288875852806541e+03,1.978749625298068526e-01,3.114183828206763316e+00,7.771909188979481131e-01,4.549799982306012430e-02,7.414630647476172932e-07,9.166956850899181120e-17
1.225299520116294734e+05,3.930240531501223433e+00,1.111980278915446434e+03,1.870773554123958682e-01,2.961164747020196941e+00,7.377396552446243705e-01,4.425793388165966125e-02,8.399423465936660988e-07,5.541621490281236713e-17
1.237976795316906209e+05,3.734328547497722361e+00,1.102660221462902882e+03,1.767553053558984788e-01,2.814555752392037924e+00,6.999682918687811783e-01,4.304824296933489058e-02,9.549116701472796953e-07,3.319580811984377582e-17
1.250654070517517684e+05,3.546712931538865021e+00,1.093328453664019435e+03,1.668920110845067695e-01,2.674133691640297794e+00,6.638180497015752080e-01,4.186808949647907729e-02,1.089616006349583788e-06,1.969930322411420730e-17
1.263331345718129014e+05,3.367102509936216403e+00,1.083984718463038689e+03,1.574711515799862016e-01,2.539681657310557839e+00,6.292318047135035952e-01,4.071664830365882143e-02,1.248028509893458959e-06,1.157768474655184022e-17
1.276008620918740489e+05,3.195214320467156366e+00,1.074628751429699605e+03,1.484768755799973083e-01,2.410988852192033072e+00,5.961540515680248120e-01,3.959310609377916096e-02,1.435033321986434330e-06,6.737101144247851511e-18
1.288685896119351964e+05,3.030773433092587066e+00,1.065260280602808052e+03,1.398937911888343544e-01,2.287850456703849122e+00,5.645308677116539497e-01,3.849666082922059696e-02,1.656659029406434874e-06,3.880406106648398339e-18
1.301363171319963440e+05,2.873512773565283673e+00,1.055879026326851772e+03,1.317069555832237893e-01,2.170067498673467821e+00,5.343098778506329971e-01,3.742652107984072857e-02,1.920378118851153654e-06,2.211571998848557012e-18
1.308975876169809490e+05,2.782419828025732400e+00,1.050239319800680505e+03,1.269751178547604553e-01,2.101831643996459942e+00,5.168147461760367323e-01,3.679621724427509233e-02,2.102754200516540062e-06,1.569693443962784221e-18
1.316588581019655394e+05,2.693767532618025040e+00,1.044594836385364715e+03,1.223778631423324825e-01,2.035416294217673450e+00,4.997961196867306555e-01,3.617494955459302219e-02,2.306016429482748021e-06,1.109675938055911257e-18
1.324201285869501589e+05,2.607501989482579052e+00,1.038945511373194222e+03,1.179121803327599777e-01,1.970781293802449818e+00,4.832434309488222723e-01,3.556255148802855981e-02,2.532910518507731627e-06,7.812918494935152325e-19
1.331813990719347494e+05,2.523570251267781117e+00,1.033291278981243067e+03,1.135751124673372164e-01,1.907887195496797750e+00,4.671462991640532580e-01,3.495885755292171132e-02,2.786586449478777330e-06,5.478146636277399613e-19
1.339426695569193398e+05,2.441920308223034741e+00,1.027632072336044075e+03,1.093637559491067307e-01,1.846695250955142642e+00,4.514945274530370312e-01,3.436370320168202069e-02,3.070664066026726405e-06,3.824933186281903271e-19
1.347039400419039594e+05,2.362501075414290774e+00,1.021967823457821055e+03,1.052752597402844409e-01,1.787167401501420505e+00,4.362781001316761720e-01,3.377692473062825912e-02,3.389310254334331132e-06,2.659191701114368528e-19
1.354652105268885498e+05,2.285262380063835419e+00,1.016298463244232835e+03,1.013068245612734203e-01,1.729266269026217051e+00,4.214871799777362704e-01,3.319835916859303210e-02,3.747329920816482381e-06,1.840669874217366810e-19
1.357418256055652746e+05,2.257727410396340506e+00,1.014237166020851532e+03,9.989405548730596884e-02,1.708623072573895119e+00,4.162162597956869381e-01,3.299013430940850311e-02,3.888229849722696622e-06,1.608581401435528481e-19
1.360184406842419994e+05,2.230471489076815583e+00,1.012175181275736577e+03,9.849664456684498193e-02,1.688188060195449758e+00,4.109997843799571560e-01,3.278296458851226447e-02,4.035346129276026941e-06,1.404924147054437638e-19
1.362950557629186951e+05,2.203492296779155257e+00,1.010112505581171149e+03,9.711446246622848499e-02,1.667959504179360009e+00,4.058372989056924229e-01,3.257684223987881988e-02,4.188988154715232138e-06,1.226319489484377620e-19
1.365716708415954199e+05,2.176787529486500006e+00,1.008049135489053924e+03,9.574738071491574465e-02,1.647935688259469345e+00,4.007283515266010232e-01,3.237175950320753115e-02,4.349482327065752182e-06,1.069777626794702229e-19
1.368482859202721447e+05,2.150354898413601834e+00,1.005985067530786409e+03,9.439527170077549600e-02,1.628114907559051971e+00,3.956724933576078462e-01,3.216770862304647871e-02,4.517173070573022515e-06,9.326543259433686060e-20
1.371249009989488695e+05,2.124192129928297756e+00,1.003920298217158461e+03,9.305800866393496018e-02,1.608495468536838668e+00,3.906692784563405851e-01,3.196468184725526074e-02,4.692423915462280719e-06,8.126123122522153151e-20
1.371808348101964511e+05,2.118934405557852507e+00,1.003502699562972339e+03,9.278939648856439348e-02,1.604552581326220695e+00,3.896639469553919710e-01,3.192375197383275076e-02,4.728813842237606682e-06,7.902263265422988124e-20
1.372367686214440619e+05,2.113687604364959061e+00,1.003085072059115419e+03,9.252138514932649327e-02,1.600617843924090788e+00,3.886607461666057306e-01,3.188286359314827095e-02,4.765531786957302500e-06,7.684377367520556194e-20
1.372927024326916435e+05,2.108451707775849560e+00,1.002667415676429528e+03,9.225397361081470737e-02,1.596691242496307783e+00,3.876596724465081745e-01,3.184201664114327812e-02,4.802581063353745523e-06,7.472311239017336150e-20
1.373486362439392542e+05,2.103226697241780130e+00,1.002249730385721705e+03,9.198716083908058117e-02,1.592772763227395583e+00,3.866607221564961616e-01,3.180121105378496543e-02,4.839965021935582928e-06,7.265914532427188875e-20
1.374045700551868358e+05,2.098012554239009120e+00,1.001832016157763860e+03,9.172094580127504448e-02,1.588862392321157113e+00,3.856638916626174418e-01,3.176044676690700092e-02,4.877687050374049898e-06,7.065040650328570796e-20
1.374325369608113542e+05,2.095409552280020016e+00,1.001623148183172816e+03,9.158806211036617240e-02,1.586910243197545034e+00,3.851662702050419607e-01,3.174008009116297685e-02,4.896675909744985614e-06,6.966629959944510470e-20
1.374605038664358435e+05,2.092809260268767346e+00,1.001414272963292888e+03,9.145532746638342092e-02,1.584960115999217933e+00,3.846691773360550459e-01,3.171972371653496159e-02,4.915750574065918724e-06,6.869546655202990207e-20
1.374884707720603619e+05,2.090211675896802568e+00,1.001205390494460744e+03,9.132274174058094274e-02,1.583012009007034759e+00,3.841726126027257826e-01,3.169937763498425348e-02,4.934911477454025741e-06,6.773773426336582174e-20
1.375164376776848512e+05,2.087616796857246992e+00,1.000996500773010894e+03,9.119030480451605081e-02,1.581065920502477073e+00,3.836765755526224675e-01,3.167904183857293138e-02,4.954159056475194440e-06,6.679293181417372692e-20
1.375444045833093696e+05,2.085024620844760257e+00,1.000787603795275459e+03,9.105801652949335745e-02,1.579121848769021952e+00,3.831810657333142300e-01,3.165871631920541551e-02,4.973493750060851157e-06,6.586089043744710304e-20
1.375673710022484302e+05,2.082897945932009165e+00,1.000616052198017655e+03,9.094949249292018367e-02,1.577526884240148419e+00,3.827745470771083958e-01,3.164203268498030908e-02,4.989436850953524137e-06,6.510492347242968213e-20
1.375903374211875198e+05,2.080773091028822019e+00,1.000444495702835980e+03,9.084106855119064572e-02,1.575933277652653564e+00,3.823683834142498905e-01,3.162535597148429661e-02,5.005439242549236720e-06,6.435735854138786156e-20
1.376133038401265803e+05,2.078650054860877727e+00,1.000272934307695891e+03,9.073274463318607708e-02,1.574341028057591796e+00,3.819625744946825718e-01,3.160868617424524019e-02,5.021501171639251767e-06,6.361810536568450418e-20
1.376362702590656409e+05,2.076528836154567070e+00,1.000101368010561828e+03,9.062452066798279415e-02,1.572750134506206265e+00,3.815571200686093123e-01,3.159202328886329125e-02,5.037622886169271978e-06,6.288707460274807780e-20
1.376385669009588310e+05,2.076316814195314997e+00,1.000084211111160357e+03,9.061370376607282007e-02,1.572591119696915340e+00,3.815165941135469363e-01,3.159035738028748846e-02,5.039238355395082716e-06,6.281442034716329340e-20
1.376408635428520502e+05,2.076104810396676825e+00,1.000067054162716545e+03,9.060288786305568942e-02,1.572432118437749882e+00,3.814760717006310808e-01,3.158869154082687147e-02,5.040854425227837935e-06,6.274184734290394488e-20
1.376431601847452403e+05,2.075892824757379795e+00,1.000049897165228344e+03,9.059207295851504083e-02,1.572273130727638746e+00,3.814355528296559106e-01,3.158702577036134884e-02,5.042471095881921675e-06,6.266935550213195451e-20
1.376454568266384304e+05,2.075680857276179125e+00,1.000032740118693823e+03,9.058125905272204625e-02,1.572114156565496357e+00,3.813950375004315774e-01,3.158536006901511289e-02,5.044088367650110874e-06,6.259694473708930309e-20
1.376466051475857385e+05,2.075574880344430717e+00,1.000024161577033510e+03,9.057585247436648890e-02,1.572034674564796397e+00,3.813747811638186769e-01,3.158452724426100144e-02,5.044897229027837503e-06,6.256076973061800945e-20
1.376477534685330465e+05,2.075468907951722120e+00,1.000015583023110821e+03,9.057044614548648287e-02,1.571955195950825335e+00,3.813545257125153798e-01,3.158369443671576321e-02,5.045706240754462842e-06,6.252461496024290797e-20
1.376489017894803546e+05,2.075362940097895237e+00,1.000007004456925415e+03,9.056504006629384484e-02,1.571875720723169945e+00,3.813342711465925738e-01,3.158286164647005484e-02,5.046515402894223328e-06,6.248848041496414605e-20
1.376500501104276627e+05,2.075256976782792417e+00,9.999984258749968831e+02,9.055932466377418499e-02,1.571796558314777492e+00,3.813137079856526723e-01,3.158233854776896360e-02,5.047270841521779434e-06,6.245249203333643579e-20
1.376511984313749708e+05,2.075151018006255121e+00,9.999898472773234062e+02,9.055391909029365805e-02,1.571717089853445382e+00,3.812934551967473440e-01,3.158150578549558801e-02,5.048080295358362052e-06,6.241639780719537030e-20
1.376523467523222789e+05,2.075045063768121256e+00,9.999812686673836879e+02,9.054851376638199667e-02,1.571637624778098541e+00,3.812732032931208659e-01,3.158067304048608331e-02,5.048889899689728711e-06,6.238032377342837239e-20
1.376531746367856686e+05,2.074968678646958775e+00,9.999750838924331902e+02,9.054461694138099537e-02,1.571580336361439345e+00,3.812586031885711324e-01,3.158007268190769073e-02,5.049473679060548902e-06,6.235432864147974382e-20
1.376540025212490582e+05,2.074892295884589011e+00,9.999688991111069072e+02,9.054072024602455304e-02,1.571523049704662833e+00,3.812440035441196362e-01,3.157947233227789696e-02,5.050057536673897990e-06,6.232834399520628624e-20
1.376548304057124769e+05,2.074815915480952455e+00,9.999627143234046116e+02,9.053682368040433248e-02,1.571465764807700172e+00,3.812294043597640458e-01,3.157887199162829478e-02,5.050641472552033461e-06,6.230236983051922631e-20
1.376556582901758666e+05,2.074739537435989600e+00,9.999565295293263034e+02,9.053292724440849260e-02,1.571408481670773849e+00,3.812148056353973358e-01,3.157827165990971519e-02,5.051225486687687771e-06,6.227640614338110469e-20
1.376557410786229011e+05,2.074731899761218301e+00,9.999559110495678169e+02,9.053253760803015027e-02,1.571402753453703172e+00,3.812133457883221110e-01,3.157821162727014741e-02,5.051283892421260655e-06,6.227381035074060247e-20
1.376558238670699648e+05,2.074724262110032580e+00,9.999552925697455521e+02,9.053214797282040094e-02,1.571397025254423818e+00,3.812118859457792053e-01,3.157815159466569738e-02,5.051342298917843358e-06,6.227121466286754755e-20
1.376559066555169993e+05,2.074716624482433325e+00,9.999546740898595090e+02,9.053175833893406521e-02,1.571391297072843640e+00,3.812104261078024803e-01,3.157809156215503343e-02,5.051400706197248830e-06,6.226861907974098341e-20
1.376559149343617028e+05,2.074715860720970806e+00,9.999546122418673804e+02,9.053171937561536875e-02,1.571390724255646187e+00,3.812102801242603367e-01,3.157808555890914692e-02,5.051406546968443538e-06,6.226835952718619068e-20
1.376559232132064062e+05,2.074715096959743654e+00,9.999545503938746833e+02,9.053168041235115648e-02,1.571390151438519789e+00,3.812101341408010158e-01,3.157807955568330688e-02,5.051412387754840793e-06,6.226809997565994083e-20
1.376559314920511097e+05,2.074714333198752758e+00,9.999544885458813042e+02,9.053164144903100286e-02,1.571389578621743999e+00,3.812099881573207671e-01,3.157807355242559649e-02,5.051418228536296458e-06,6.226784042521424602e-20
1.376559356314727629e+05,2.074713951318316152e+00,9.999544576218844441e+02,9.053162196742441103e-02,1.571389292213280164e+00,3.812099151656425655e-01,3.157807055082006292e-02,5.051421148938962797e-06,6.226771065035973873e-20
1.376559397708944161e+05,2.074713569437938165e+00,9.999544266978873566e+02,9.053160248582015068e-02,1.571389005804866512e+00,3.812098421739677501e-01,3.157806754921396730e-02,5.051424069343013187e-06,6.226758087576987829e-20
1.376559439103160403e+05,2.074713187557619687e+00,9.999543957738901554e+02,9.053158300415398152e-02,1.571388719396641154e+00,3.812097691822545209e-01,3.157806454757879772e-02,5.051426989738076558e-06,6.226745110146818512e-20
1.376559480497376935e+05,2.074712805677359828e+00,9.999543648498927269e+02,9.053156352255205264e-02,1.571388432988344741e+00,3.812096961905933057e-01,3.157806154597022491e-02,5.051429910144687529e-06,6.226732132740765449e-20
1.376559521891593467e+05,2.074712423797159033e+00,9.999543339258951846e+02,9.053154404088543938e-02,1.571388146580223077e+00,3.812096231988976736e-01,3.157805854433224507e-02,5.051432830542351291e-06,6.226719155363287168e-20
1.378629233050911862e+05,2.055691967778420004e+00,9.984079345387940521e+02,8.956150760406381139e-02,1.557122616707365959e+00,3.775743862062546086e-01,3.142825733025114698e-02,5.199930500258080844e-06,5.609537003859009880e-20
1.380698944210230256e+05,2.036817995591820196e+00,9.968611351422099460e+02,8.859952633588277782e-02,1.542966382806351566e+00,3.739677194097403845e-01,3.127901353081752323e-02,5.353509100010876800e-06,5.051761460532802759e-20
1.382768655369548942e+05,2.018089583261057030e+00,9.953139342307605375e+02,8.764554873171788441e-02,1.528918756757030373e+00,3.703894415114321603e-01,3.113032389710861797e-02,5.512363792428180971e-06,4.547847923792382944e-20
1.395283634798985440e+05,1.907892897994655890e+00,9.859497907898479525e+02,8.204471267688644154e-02,1.446251584232917553e+00,3.493471448003326874e-01,3.024285869414674796e-02,6.597590382408510645e-06,2.390848033927977742e-20
1.404112129949090013e+05,1.833229314060247583e+00,9.793349547841853564e+02,7.826255995424630241e-02,1.390228358529046915e+00,3.351023473513303208e-01,2.962853607184532875e-02,7.512153774073514065e-06,1.506888288645893486e-20
1.412940625099194876e+05,1.761029914383887451e+00,9.727124944101515212e+02,7.461576060152833034e-02,1.336044051827462109e+00,3.213379027570065771e-01,2.902362364967840322e-02,8.575548217152006192e-06,9.433208069266515301e-21
1.421769120249299449e+05,1.691227860598771393e+00,9.660822852504762750e+02,7.110058638041978629e-02,1.283648924242288825e+00,3.080406709022759371e-01,2.842786385961562634e-02,9.815214172134947398e-06,5.864332066015775328e-21
1.430597615399404312e+05,1.623757753552672156e+00,9.594442004641659878e+02,6.771338696045088590e-02,1.232994325439381811e+00,2.951977815740849387e-01,2.784099537353684067e-02,1.126420521171168389e-05,3.619827432896935782e-21
1.439426110549509176e+05,1.558555609103425166e+00,9.527981107325618950e+02,6.445058757485951084e-02,1.184032680854401276e+00,2.827966265696932324e-01,2.726275166262395397e-02,1.296244184912299792e-05,2.218168601242718903e-21
1.448254605699613749e+05,1.495558834088287492e+00,9.461438842027754390e+02,6.130868648432839102e-02,1.136717479026338795e+00,2.708248511189476071e-01,2.669285919195089896e-02,1.495826672169327474e-05,1.349160344275478964e-21
1.457083100849718612e+05,1.434706202437389777e+00,9.394813864282606346e+02,5.828425220267752921e-02,1.091003260268274877e+00,2.592703444386441625e-01,2.613103515007760003e-02,1.731037771597938274e-05,8.143621187088284254e-22
1.465911595999823476e+05,1.375937831393442501e+00,9.328104803061578423e+02,5.537392042861195157e-02,1.046845606951777974e+00,2.481212291917538337e-01,2.557698458563562385e-02,2.009023566511732638e-05,4.877270609491128256e-22
1.474740091149928048e+05,1.319195157791979822e+00,9.261310260110041099e+02,5.257439061528491192e-02,1.004201135753902241e+00,2.373658495672628932e-01,2.503039678710907226e-02,2.338506842182992590e-05,2.897739707970263866e-22
1.482195850076487113e+05,1.272810756689956690e+00,9.204833921323066761e+02,5.029406143345096364e-02,9.693346632237199723e-01,2.285810190217080762e-01,2.457436615751847422e-02,2.664685355899582114e-05,1.854942876899773282e-22
1.489651609003046178e+05,1.227796430448706122e+00,9.148294725540635000e+02,4.808852299744637016e-02,9.354922251757359364e-01,2.200620444654882712e-01,2.412320866405517558e-02,3.042914598144976052e-05,1.180347038895964335e-22
1.497107367929605243e+05,1.184119031188606508e+00,9.091691782924004883e+02,4.595588052937502055e-02,9.026494040337939007e-01,2.118022281098266846e-01,2.367669430207661185e-02,3.482421353421838076e-05,7.465235825967517779e-23
1.504563126856164017e+05,1.141746037431802474e+00,9.035024188317050857e+02,4.389426288322802183e-02,8.707823065455553291e-01,2.037949530347775984e-01,2.323457289317271829e-02,3.994207506881111003e-05,4.692210402655060772e-23
1.512018885782723082e+05,1.100645543595802689e+00,8.978291020834419669e+02,4.190181977791551660e-02,8.398675675274909214e-01,1.960336727414227209e-01,2.279656943831026225e-02,4.591411066425776089e-05,2.930596010812396352e-23
1.519474644709282147e+05,1.060786249302206219e+00,8.921491343405506314e+02,3.997671864934325414e-02,8.098823557807302009e-01,1.885118990163789088e-01,2.236237843914084394e-02,5.289741661314909503e-05,1.818537911755978239e-23
1.526930403635841212e+05,1.022137448440125551e+00,8.864624202261534265e+02,3.811714106705363370e-02,7.808043825536422622e-01,1.812231878012008079e-01,2.193165697090849672e-02,6.108004732038262955e-05,1.121035112780267449e-23
1.534386162562399986e+05,9.846690179124922837e-01,8.807688626347990066e+02,3.632127866145878209e-02,7.526119129625939985e-01,1.741611227283505203e-01,2.150401625647597667e-02,7.068730361331891665e-05,6.864174799508194048e-24
1.539469803515424428e+05,9.597831350339854906e-01,8.768827880364956400e+02,3.513239475830946812e-02,7.338859875972300051e-01,1.694725871667196460e-01,2.121397440657545042e-02,7.819110515111833280e-05,4.893577011227034775e-24
1.544553444468448579e+05,9.354230460250204660e-01,8.729934540682879742e+02,3.397172308500518573e-02,7.155553326345709397e-01,1.648844083682156902e-01,2.092500078760132706e-02,8.658114962750711088e-05,3.477422454327281121e-24
1.549637085421473021e+05,9.115796518155685479e-01,8.691008284619035749e+02,3.283869167623480745e-02,6.976135242747583121e-01,1.603945459409729934e-01,2.063691993672847960e-02,9.596998687367750639e-05,2.462990623434782835e-24
1.554720726374497463e+05,8.882439704148471504e-01,8.652048785129057933e+02,3.173272691378101890e-02,6.800542724882333578e-01,1.560009489083856171e-01,2.034953720577233061e-02,1.064848986751034689e-04,1.738696407270264197e-24
1.559804367327521613e+05,8.654071348991801971e-01,8.613055710618251624e+02,3.065325258921551208e-02,6.628714251153779990e-01,1.517015513345246480e-01,2.006263612654228534e-02,1.182697335194647480e-04,1.223269118084103440e-24
1.564888008280546055e+05,8.430603913125336302e-01,8.574028724720898254e+02,2.959968892972177079e-02,6.460589723708687337e-01,1.474942676110924666e-01,1.977597549126359697e-02,1.314869095875743086e-04,8.577077227605908477e-25
1.569971649233570206e+05,8.211950964708913947e-01,8.534967486040526410e+02,2.857145160515096177e-02,6.296110517007925678e-01,1.433769874404811628e-01,1.948928614875464899e-02,1.463195757122673617e-04,5.993186766903768164e-25
1.575055290186594648e+05,7.998027156629212708e-01,8.495871647842627681e+02,2.756795074330786743e-02,6.135219528994880767e-01,1.393475705805282960e-01,1.920226753236380438e-02,1.629739072331461245e-04,4.173112224460658843e-25
1.580138931139618799e+05,7.788748202401962750e-01,8.456740857689734412e+02,2.658858999186249072e-02,5.977861233360833859e-01,1.354038414586275774e-01,1.891458395768806991e-02,1.816814959346618784e-04,2.895537763121691730e-25
1.584494281607939047e+05,7.613082178335227601e-01,8.423187935618439042e+02,2.576827732802166801e-02,5.845815265394659344e-01,1.320915733058262154e-01,1.866730287393692650e-02,1.995377862718892149e-04,2.111090423874081893e-25
1.588849632076259004e+05,7.440712595540583951e-01,8.389608866351601364e+02,2.496485629841140377e-02,5.716289787552486512e-01,1.288391538174687712e-01,1.841899891438832787e-02,2.192717685411030401e-04,1.535103581459419281e-25
1.593204982544578961e+05,7.271588223083176317e-01,8.356003416674431037e+02,2.417793813394687394e-02,5.589252800696806744e-01,1.256451360066006273e-01,1.816938670912367215e-02,2.410813889656221399e-04,1.113301300166563258e-25
1.597560333012899209e+05,7.105658348035676086e-01,8.322371349179843492e+02,2.340712949717365862e-02,5.464673238348859430e-01,1.225080443773903516e-01,1.791815435950549346e-02,2.651827346121029020e-04,8.052366094234598277e-26
1.601915683481219166e+05,6.942872762174532308e-01,8.288712421888614017e+02,2.265203261263182277e-02,5.342520971577903177e-01,1.194263737554535493e-01,1.766496201063788574e-02,2.918106809398508784e-04,5.808478534359574062e-26
1.606271033949539124e+05,6.783181748502509212e-01,8.255026387809532480e+02,2.191224564117775012e-02,5.222766803107383726e-01,1.163985889019525100e-01,1.740944077233596080e-02,3.212192240464280322e-04,4.178520081303785665e-26
1.610626384417859372e+05,6.626536067771460203e-01,8.221312994431800689e+02,2.118736336136066781e-02,5.105382447090639486e-01,1.134231251789690892e-01,1.715119214757696714e-02,3.536813801752347760e-04,2.997767102866285563e-26
1.614981734886179329e+05,6.472886945232587674e-01,8.187571983141666578e+02,2.047697822789653482e-02,4.990340490439387766e-01,1.104983905772034952e-01,1.688978816002380604e-02,3.894885141960923434e-04,2.144784391340194343e-26
1.618860755906092818e+05,6.338525573120579182e-01,8.157497640754910435e+02,1.985615973404121493e-02,4.889830811168100477e-01,1.079349241396812542e-01,1.665394675867964969e-02,4.244455628458324611e-04,1.588064303031214694e-26
1.622739776926006307e+05,6.206468972973873122e-01,8.127400988175676275e+02,1.924622907606768352e-02,4.791139769487947064e-01,1.054092625567928099e-01,1.641490070137247709e-02,4.625280143596484264e-04,1.173285800936819878e-26
1.626618797945919796e+05,6.076683570856151739e-01,8.097281827711552751e+02,1.864690069861904206e-02,4.694249444520432468e-01,1.029202455600362887e-01,1.617229541193331011e-02,5.039709629833557776e-04,8.649471854628118426e-27
1.630497818965833285e+05,5.949136058703879959e-01,8.067139955936389697e+02,1.805789304252837860e-02,4.599142216067351741e-01,1.004667121641140554e-01,1.592576464754413834e-02,5.490144094661912177e-04,6.362457527040579785e-27
1.634376839985746774e+05,5.823793390532824299e-01,8.036975163115497480e+02,1.747893067070972403e-02,4.505800657908790030e-01,9.804750818603501228e-02,1.567493431148839558e-02,5.979000941702316760e-04,4.669925315500262663e-27
1.638255861005660263e+05,5.700622780149906532e-01,8.006787232581832541e+02,1.690974674329862731e-02,4.414207409376052493e-01,9.566149541929816480e-02,1.541942733164818405e-02,6.508675831404433371e-04,3.420153336004502942e-27
1.642134882025573752e+05,5.579591700695405443e-01,7.976575940066180692e+02,1.635008583055851464e-02,4.324345024748505462e-01,9.330756251083652253e-02,1.515886967791066700e-02,7.081495753842247890e-04,2.499385752318572188e-27
1.644738650700132130e+05,5.499534293280454733e-01,7.956283578654982875e+02,1.597963743589892599e-02,4.264987485963143699e-01,9.174495609922170281e-02,1.498095666375202049e-02,7.491305328584710842e-04,2.022417912110008865e-27
1.647342419374690508e+05,5.420416655296882436e-01,7.935980513871198809e+02,1.561330241494297832e-02,4.206396393254082655e-01,9.019600845035205539e-02,1.480049796063918552e-02,7.922173783457053592e-04,1.634869043125349853e-27
1.649946188049248594e+05,5.342229149684963874e-01,7.915666671173275972e+02,1.525101639376286351e-02,4.148566168811375632e-01,8.866042115706088134e-02,1.461739285402137434e-02,8.374676825135907252e-04,1.320292709870512827e-27
1.652549956723806972e+05,5.264962195212247176e-01,7.895341973972082315e+02,1.489271959419985643e-02,4.091491086880887362e-01,8.713791088638049576e-02,1.443154697459112998e-02,8.849333779645112167e-04,1.065205550782267329e-27
1.655153725398365350e+05,5.188606267909929848e-01,7.875006343525218426e+02,1.453835732130932465e-02,4.035165243893981124e-01,8.562821161521122493e-02,1.424287371067398632e-02,9.346597544003787655e-04,8.585652340203741661e-28
1.657757494072923728e+05,5.113151902799553117e-01,7.854659698831964079e+02,1.418788044178067968e-02,3.979582528345566583e-01,8.413107689899929076e-02,1.405129567291030571e-02,9.866844317083561713e-04,6.913381982725530782e-28
1.660361262747482106e+05,5.038589695910761224e-01,7.834301956529891413e+02,1.384124584329964221e-02,3.924736590967573546e-01,8.264628213391557454e-02,1.385674618898523336e-02,1.041036328118325653e-03,5.561421308839983687e-28
1.662262332490141271e+05,4.984708277314943703e-01,7.819431255086606143e+02,1.359056562298827445e-02,3.885153903358102290e-01,8.156987792006722970e-02,1.371279267558492970e-02,1.082201177043743030e-03,4.741540915469661996e-28
1.664163402232800436e+05,4.931293855162338091e-01,7.804554557786475470e+02,1.334190197279900084e-02,3.845957782944110503e-01,8.049987507976355539e-02,1.356720918306950768e-02,1.124620986190726741e-03,4.040439796528120896e-28
1.666064471975459892e+05,4.878342835358747687e-01,7.789671829623116537e+02,1.309524492671788366e-02,3.807145468012104739e-01,7.943621212690414601e-02,1.341998324897862235e-02,1.168296432063593978e-03,3.441226722151726971e-28
1.667965541718119057e+05,4.825851643763228727e-01,7.774783034826482435e+02,1.285058659770414204e-02,3.768714103087109635e-01,7.837883581322822868e-02,1.327110688414750994e-02,1.213224772532085771e-03,2.929364762017403382e-28
1.669866611460778513e+05,4.773816726855595327e-01,7.759888136846104771e+02,1.260792123002387084e-02,3.730660734556848768e-01,7.732770147996230470e-02,1.312057684166015488e-02,1.259399678228258299e-03,2.492350248399332941e-28
1.671767681203437678e+05,4.722234552447332478e-01,7.744987098335495830e+02,1.236724524028142563e-02,3.692982306873048293e-01,7.628277337039904293e-02,1.296839486630638021e-02,1.306811080441601250e-03,2.119434481912889081e-28
1.672110394001206441e+05,4.712983538916342696e-01,7.742300177401797328e+02,1.232406919932536697e-02,3.686229524686338022e-01,7.609505840990647696e-02,1.294078517565697486e-02,1.315488638111642159e-03,2.058291008657640964e-28
1.672453106798975496e+05,4.703747104257542389e-01,7.739613055445271357e+02,1.228095775916587286e-02,3.679488806227784181e-01,7.590754413071587603e-02,1.291312207085164830e-02,1.324205842242482094e-03,1.998877806588595066e-28
1.672795819596744259e+05,4.694525228008272211e-01,7.736925732238676119e+02,1.223791092170203355e-02,3.672760132497018826e-01,7.572023041921771558e-02,1.288540561691481692e-02,1.332962593290817552e-03,1.941146894036917714e-28
1.673138532394513022e+05,4.685317889730302165e-01,7.734238207553894426e+02,1.219492869117805474e-02,3.666043484379234996e-01,7.553311717179719831e-02,1.285763588466710960e-02,1.341758787464472939e-03,1.885051591230216880e-28
1.673481245192282076e+05,4.676125069009742785e-01,7.731550481161939388e+02,1.215201107418421855e-02,3.659338842644641598e-01,7.534620429486406368e-02,1.282981295075696221e-02,1.350594316704824575e-03,1.830546485798413707e-28
1.673515516472056042e+05,4.675206584618160077e-01,7.731281697420006367e+02,1.214772286655294020e-02,3.658669038078486424e-01,7.532752402424473803e-02,1.282702773440013919e-02,1.351480028769535754e-03,1.825181724725384279e-28
1.673549787751830008e+05,4.674288245177865564e-01,7.731012911658473286e+02,1.214343530515438890e-02,3.657999353363406425e-01,7.530884575640842127e-02,1.282424198693274051e-02,1.352366132950421750e-03,1.819832379339496000e-28
1.673584059031603974e+05,4.673370050668486653e-01,7.730744123877109359e+02,1.213914838999942229e-02,3.657329788479976029e-01,7.529016949127853575e-02,1.282145570844095417e-02,1.353252629132231221e-03,1.814498406250718786e-28
1.673618330311378231e+05,4.672452001069651861e-01,7.730475334075684941e+02,1.213486212109853891e-02,3.656660343408766889e-01,7.527149522877880916e-02,1.281866889901177135e-02,1.354139517199457821e-03,1.809179762188138757e-28
1.673621757439362700e+05,4.672360204079064605e-01,7.730448454984430100e+02,1.213443352975275905e-02,3.656593405490570770e-01,7.526962791267050035e-02,1.281839018887072704e-02,1.354228227555420326e-03,1.808648739215935107e-28
1.673625184567347169e+05,4.672268408537358364e-01,7.730421575872971971e+02,1.213400494486976088e-02,3.656526468770280869e-01,7.526776061658789485e-02,1.281811147342117735e-02,1.354316941828959814e-03,1.808117869059330204e-28
1.673628611695331638e+05,4.672176614444513709e-01,7.730394696740455629e+02,1.213357636644244765e-02,3.656459533248079818e-01,7.526589334051508873e-02,1.281783275266097817e-02,1.354405660024896648e-03,1.807587151658476719e-28
1.673632038823316107e+05,4.672084821800508991e-01,7.730367817581335430e+02,1.213314779442645729e-02,3.656392598925218840e-01,7.526402608435299457e-02,1.281755402657468873e-02,1.354494382174964559e-03,1.807056586862118048e-28
1.673633752387301356e+05,4.672038926021815364e-01,7.730354378022808532e+02,1.213293351107202003e-02,3.656359132206398743e-01,7.526309246429459254e-02,1.281741466162063942e-02,1.354538744554429361e-03,1.806791362282478678e-28
1.673635465951286315e+05,4.671993030605324226e-01,7.730340938498940204e+02,1.213271922965270498e-02,3.656325665777904188e-01,7.526215884995451910e-02,1.281727529545003894e-02,1.354583107684765317e-03,1.806526176643909763e-28
1.673637179515271564e+05,4.671947135551033914e-01,7.730327499009730445e+02,1.213250495016844101e-02,3.656292199639728513e-01,7.526122524133303793e-02,1.281713592806303995e-02,1.354627471565950092e-03,1.806261029940683469e-28
1.673645747335211490e+05,4.671717665712513678e-01,7.730260302083569286e+02,1.213143358177383273e-02,3.656124873303560618e-01,7.525655728400551525e-02,1.281643907288231368e-02,1.354849302233592304e-03,1.804935880254726690e-28
1.673654315155151417e+05,4.671488204928669341e-01,7.730193106023899645e+02,1.213036226175740438e-02,3.655957554224992245e-01,7.525188946964642134e-02,1.281574218729607251e-02,1.355071151667760609e-03,1.803611703095962026e-28
1.673655171937151172e+05,4.671465259348280830e-01,7.730186386465589976e+02,1.213025513241663272e-02,3.655940822716291505e-01,7.525142269607378032e-02,1.281567249706527627e-02,1.355093337643192191e-03,1.803479338841610809e-28
1.673656028719150927e+05,4.671442313858436557e-01,7.730179666915945518e+02,1.213014800355943258e-02,3.655924091280163823e-01,7.525095592393096777e-02,1.281560280653062413e-02,1.355115523806285508e-03,1.803346984304625674e-28
1.673656885501150391e+05,4.671419368459135413e-01,7.730172947374966270e+02,1.213004087518619253e-02,3.655907359916608645e-01,7.525048915321760901e-02,1.281553311569187843e-02,1.355137710156959028e-03,1.803214639484402156e-28
1.673656971179351967e+05,4.671417073924184482e-01,7.730172275421344921e+02,1.213003016237565630e-02,3.655905686784239328e-01,7.525044247622536542e-02,1.281552614659121382e-02,1.355139928802291151e-03,1.803201405536852303e-28
1.673657056857553252e+05,4.671414779390140048e-01,7.730171603467809973e+02,1.213001944956980382e-02,3.655904013652601092e-01,7.525039579924701350e-02,1.281551917748758283e-02,1.355142147449540577e-03,1.803188171686378129e-28
1.673657142535754538e+05,4.671412484857000447e-01,7.730170931514361428e+02,1.213000873676860908e-02,3.655902340521690053e-01,7.525034912228278916e-02,1.281551220838095771e-02,1.355144366098734628e-03,1.803174937932992415e-28
1.673657185374848195e+05,4.671411337590656854e-01,7.730170595537658755e+02,1.213000338036964755e-02,3.655901503956417997e-01,7.525032578380413950e-02,1.281550872382615155e-02,1.355145475423960490e-03,1.803168321092589265e-28
1.673657228213941853e+05,4.671410190324539746e-01,7.730170259560977684e+02,1.212999802397178584e-02,3.655900667391328018e-01,7.525030244532916746e-02,1.281550523927064110e-02,1.355146584749697446e-03,1.803161704276407951e-28
1.673657271053035511e+05,4.671409043058649124e-01,7.730169923584318212e+02,1.212999266757515751e-02,3.655899830826417896e-01,7.525027910685770649e-02,1.281550175471433961e-02,1.355147694075888682e-03,1.803155087484557214e-28
1.673657313892129168e+05,4.671407895792984988e-01,7.730169587607681478e+02,1.212998731117974176e-02,3.655898994261690405e-01,7.525025576838992314e-02,1.281549827015730607e-02,1.355148803402542656e-03,1.803148470716970016e-28
1.673657356731222826e+05,4.671406748527547337e-01,7.730169251631066345e+02,1.212998195478550735e-02,3.655898157697144435e-01,7.525023242992560923e-02,1.281549478559951272e-02,1.355149912729677365e-03,1.803141853973716982e-28
1.673871552229835361e+05,4.665673251198503291e-01,7.728489639495816164e+02,1.210321510957568410e-02,3.651717602827075360e-01,7.513358481628973351e-02,1.279806250918414344e-02,1.360702402093182627e-03,1.770359964822527364e-28
1.674942529722870095e+05,4.637090493860705487e-01,7.720099712548183106e+02,1.196983497964745381e-02,3.630882677274189785e-01,7.455168930342397082e-02,1.271061885441531272e-02,1.388638521165194532e-03,1.615179890808976552e-28
1.679226439695023291e+05,4.524162092772026633e-01,7.686676197956322767e+02,1.144391994543120065e-02,3.548661989944713047e-01,7.224663772964315389e-02,1.235632091635222550e-02,1.503131691305256961e-03,1.119128828958485074e-28
1.683510349667176488e+05,4.413451751800405165e-01,7.653472362424242874e+02,1.093029378686268850e-02,3.468198031489711508e-01,6.997815213862752792e-02,1.199534724926658649e-02,1.621578856313166681e-03,7.755193777597633924e-29
1.687794259639329393e+05,4.304925080237463342e-01,7.620490616534615356e+02,1.042914444918006597e-02,3.389444161586502857e-01,6.774707628193521458e-02,1.162855262786992479e-02,1.743318506111636969e-03,5.375028190186756272e-29
1.692078169611482590e+05,4.198548297760200665e-01,7.587733446132156132e+02,9.940686581948254136e-03,3.312352021366423149e-01,6.555441741713895210e-02,1.125690908288564870e-02,1.867614557405992103e-03,3.726178746096038455e-29
1.696362079583635787e+05,4.094288266573068436e-01,7.555203426478171878e+02,9.465151939928516736e-03,3.236872053784954906e-01,6.340131081222080689e-02,1.088148685311582549e-02,1.993671673550053650e-03,2.583795334298735971e-29
1.701555010184574930e+05,3.970696450849177106e-01,7.516079143594877223e+02,8.906381952866247384e-03,3.147465220843784217e-01,6.084612101461748385e-02,1.042298575988927396e-02,2.147634273171501306e-03,1.658372806220082597e-29
1.706747940785514074e+05,3.850110851319458183e-01,7.477297571097207083e+02,8.367370232020497275e-03,3.060264201725281796e-01,5.835311821709953523e-02,9.962759201854222424e-03,2.301417308450159124e-03,1.064907543607697491e-29
1.711940871386453218e+05,3.732476456034286572e-01,7.438863962284525542e+02,7.848504286735447089e-03,2.975180974268337164e-01,5.592456822652971948e-02,9.502995235048966594e-03,2.453480428280827540e-03,6.841712539956992573e-30
1.717133801987392362e+05,3.617739719937593801e-01,7.400783843686310775e+02,7.350119866032169165e-03,2.892130225843889679e-01,5.356263843176584105e-02,9.045868749309248641e-03,2.602322362263120772e-03,4.398006947804476490e-30
1.722326732588331506e+05,3.505848523249373572e-01,7.363063017660545029e+02,6.872483432196755358e-03,2.811030506849097055e-01,5.126931283654662802e-02,8.593485574955123107e-03,2.746519796329183801e-03,2.828777409581235207e-30
1.727519663189270650e+05,3.396752107494492301e-01,7.325707556458017962e+02,6.415778946211391810e-03,2.731805147591310767e-01,4.904632269609025125e-02,8.147834847607150766e-03,2.884759500409392937e-03,1.820567387385667928e-30
1.732712593790209794e+05,3.290400993557472398e-01,7.288723788368561145e+02,5.980099015526610384e-03,2.654382922236439013e-01,4.689509414666805098e-02,7.710751004582557487e-03,3.015862965326073647e-03,1.172449041799761421e-30
1.737905524391149229e+05,3.186746886450971261e-01,7.252118276827316095e+02,5.565440144838854075e-03,2.578698464574690208e-01,4.481671273997390320e-02,7.283885815217470278e-03,3.138803487597893824e-03,7.555726501694750309e-31
1.743098454992088373e+05,3.085742571411651536e-01,7.215897793510187057e+02,5.171701622777906404e-03,2.504692455905063175e-01,4.281190369102905180e-02,6.868690076031822543e-03,3.252716160820034921e-03,4.872723760435883937e-31
1.748291385593027517e+05,2.987341805586595789e-01,7.180069286506105755e+02,4.798687464762215089e-03,2.432311615182795872e-01,4.088102593616100427e-02,6.466404061401869949e-03,3.356901578054889788e-03,3.144865297790428144e-31
1.753484316193966661e+05,2.891499209058752129e-01,7.144639844641715172e+02,4.446110796984040041e-03,2.361508526385821538e-01,3.902407773313513323e-02,6.078055500302187442e-03,3.450824236871720494e-03,2.031383863446991645e-31
1.758677246794905805e+05,2.798170158300232191e-01,7.109616658962939937e+02,4.113600086806426005e-03,2.292241338873224898e-01,3.724071144424975777e-02,5.704463713458879544e-03,3.534106698185658126e-03,1.313320201914625781e-31
1.764998655792409554e+05,2.687888356833466053e-01,7.067541340629741171e+02,3.735257007590368512e-03,2.209941773140900734e-01,3.516810931759117853e-02,5.270484163595936904e-03,3.620807880479005002e-03,7.733195202146186539e-32
1.771320064789913595e+05,2.581187906046742975e-01,7.026091894179730843e+02,3.385034770210754856e-03,2.129807269424449923e-01,3.320173034196585715e-02,4.860026559344589672e-03,3.691271990708099200e-03,4.560804876614457297e-32
1.777641473787417344e+05,2.477991595518506396e-01,6.985281366363595907e+02,3.061861257596582443e-03,2.051790026204641793e-01,3.133920083940541085e-02,4.473468015928452543e-03,3.745626818454453680e-03,2.694936330157069611e-32
1.783962882784921385e+05,2.378223017767412684e-01,6.945122625063153237e+02,2.764561035281280516e-03,1.975849917975649184e-01,2.957765852851763563e-02,4.110859688563874882e-03,3.784230726811756151e-03,1.595378678931867484e-32
1.790284291782425134e+05,2.281806399857186918e-01,6.905628250879773304e+02,2.491878724570459943e-03,1.901953159422977158e-01,2.791383746354860959e-02,3.771972373500383571e-03,3.807635481800123855e-03,9.465367201320834628e-33
1.796605700779929175e+05,2.188666465920593995e-01,6.866810432921608935e+02,2.242501207361581074e-03,1.830071034994088797e-01,2.634415032544122279e-02,3.456341365794016532e-03,3.816550194053705547e-03,5.629581088800113461e-33
1.804580400447669672e+05,2.075724981726230212e-01,6.818823466927434538e+02,1.959050268764734801e-03,1.742224679561490686e-01,2.449225260322360903e-02,3.090300199685132830e-03,3.808427144800465101e-03,2.934226970463603205e-33
1.812555100115410460e+05,1.967729452949291136e-01,6.771953936979258515e+02,1.707790851541303228e-03,1.657501593182163502e-01,2.277599244317758329e-02,2.758554917263494194e-03,3.780447764730375092e-03,1.536871363776832554e-33
1.820529799783150957e+05,1.864530848454263035e-01,6.726222235921118227e+02,1.485981975175823923e-03,1.575862308748044727e-01,2.118707081455100880e-02,2.459171438023685045e-03,3.734629742871321476e-03,8.094171042198011703e-34
1.828504499450891453e+05,1.765980699282556354e-01,6.681646770326448177e+02,1.290934075038443650e-03,1.497269112818977455e-01,1.971712785453448233e-02,2.190036099778940124e-03,3.673060617006043607e-03,4.289209238968166408e-34
1.836479199118632241e+05,1.671931108617852879e-01,6.638243751771117331e+02,1.120046218981364918e-03,1.421684044688166226e-01,1.835788840238984643e-02,1.948936900061905503e-03,3.597834871535558841e-03,2.288453033903202763e-34
1.844453898786372738e+05,1.582234827474382766e-01,6.596027020955357330e+02,9.708357654751845114e-04,1.349067338116167747e-01,1.710128011379221172e-02,1.733629937018531979e-03,3.511003119535632214e-03,1.230167409538589146e-34
1.851628073978169705e+05,1.505141289624667422e-01,6.559071182052751965e+02,8.531888474719917298e-04,1.286241261315849149e-01,1.605207858426714249e-02,1.560137762751527372e-03,3.424597636391149558e-03,7.087284776432990901e-35
1.858802249169966381e+05,1.431346383544705447e-01,6.523091055590055021e+02,7.495915197771416561e-04,1.225749289713748552e-01,1.507422748295869641e-02,1.404143173658691868e-03,3.331747206701112744e-03,4.112405245635575969e-35
1.865976424361763347e+05,1.360744851598266469e-01,6.488091312803264827e+02,6.585558381857644066e-04,1.167554969374570567e-01,1.416258428282744092e-02,1.264128770000558103e-03,3.233719331355768695e-03,2.404530904168483678e-35
1.873150599553560023e+05,1.293232301656098426e-01,6.454074830779263721e+02,5.787060832968479469e-04,1.111618931663519300e-01,1.331229509895067234e-02,1.138649835794616934e-03,3.131685981215734035e-03,1.417415807664138491e-35
1.880324774745356990e+05,1.228705342920457799e-01,6.421042679384948997e+02,5.087795431408639922e-04,1.057898864326797805e-01,1.251880595918871894e-02,1.026343751844042843e-03,3.026718605192343578e-03,8.427610785979255638e-36
1.887498949937153666e+05,1.167061725066766420e-01,6.388994123681244446e+02,4.476251614534492405e-04,1.006349584229149774e-01,1.177786685442456203e-02,9.259359451357137422e-04,2.919786122747927443e-03,5.056518816973990159e-36
1.894673125128950633e+05,1.108200477433663733e-01,6.357926640931012798e+02,3.942004075490086333e-04,9.569231923674510754e-02,1.108552975116603757e-02,8.362429544997331118e-04,2.811755393406482721e-03,3.062868749347301703e-36
1.901847300320747308e+05,1.052022045468673922e-01,6.327835951202446267e+02,3.475667201037183529e-04,9.095692930504659102e-02,1.043814169591928027e-02,7.561731371357818549e-04,2.703393688662004274e-03,1.873754472302942229e-36
1.909021475512544275e+05,9.984284220971625934e-02,6.298716060484142645e+02,3.068838641889113858e-04,8.642352606043424146e-02,9.832334070053721370e-03,6.847254860519795495e-04,2.595372728987405900e-03,1.158161878608691738e-36
1.916195650704340951e+05,9.473232721204377649e-02,6.270559315164872487e+02,2.714035188945242757e-04,8.208665386085381432e-02,9.265008967024460432e-03,6.209869753463753000e-04,2.488273889924589796e-03,7.235165185497368637e-37
1.923369825896137918e+05,8.986120481568128648e-02,6.243356466688055662e+02,2.404623830539777678e-04,7.794069584475028789e-02,8.733323563332199765e-03,5.641287988983709634e-04,2.382594225646466387e-03,4.569672727662286325e-37
1.930544001087934594e+05,8.522020970155987085e-02,6.217096745168889811e+02,2.134750508546592949e-04,7.397990658290627686e-02,8.234673244365909098e-03,5.134018186631493421e-04,2.278753004769882955e-03,2.918756306104350864e-37
1.937718176279731560e+05,8.080027557280224093e-02,6.191767940753436505e+02,1.899268698215108360e-04,7.019844458025087386e-02,7.766674130923568314e-03,4.681314916644281859e-04,2.177098500141871635e-03,1.885769153718644963e-37
1.944892351471528527e+05,7.659254367532436492e-02,6.167356491511408194e+02,1.693669532171302870e-04,6.659040386462161676e-02,7.327145536786600598e-03,4.277125003840805389e-04,2.077914820314933752e-03,1.232656171953953194e-37
1.952066526663325203e+05,7.258837021388324373e-02,6.143847576668738384e+02,1.514014794933233926e-04,6.314984407343572637e-02,6.914092776865607588e-03,3.916032699884984883e-04,1.981428614100090146e-03,8.153155548171971483e-38
1.960781717518902442e+05,6.798581544178435021e-02,6.116479967088220064e+02,1.325762106568145011e-04,5.918698643462878828e-02,6.445314157477710290e-03,3.528430244353814352e-04,1.868095614585648170e-03,5.014441910020396287e-38
1.969496908374479972e+05,6.365659502024324790e-02,6.090389879787229575e+02,1.165488959178906392e-04,5.545189612334960882e-02,6.009952633465625270e-03,3.189704764738458018e-04,1.759226891036275598e-03,3.139218319645665157e-38
1.978212099230057211e+05,5.958656395382997545e-02,6.065544539666053652e+02,1.028761361136196250e-04,5.193406062232642367e-02,5.605335342839985052e-03,2.893254281977011995e-04,1.654966424352247037e-03,2.000527493195817544e-38
1.986927290085634449e+05,5.576208849202544948e-02,6.041909406488198329e+02,9.118571441501120071e-05,4.862312497068078943e-02,5.229051721674797364e-03,2.633373669743491186e-04,1.555388718280502998e-03,1.297716906155562834e-38
1.995642480941211979e+05,5.217005055009416720e-02,6.019448447543687735e+02,8.116562933862189202e-05,4.550893747586217536e-02,4.878922533044469621e-03,2.405141205127135726e-04,1.460510791336186182e-03,8.568098282255911270e-39
2.004357671796789218e+05,4.879784930061607795e-02,5.998124405897515317e+02,7.255459678762566191e-05,4.258158789607757039e-02,4.552972476202957024e-03,2.204316209337306930e-04,1.370302710614193899e-03,5.756851724692963369e-39
2.013072862652366457e+05,4.563340016859793874e-02,5.977899061278503723e+02,6.513390083417423826e-05,3.983143859346117283e-02,4.249406160539937090e-03,2.027247719535559749e-04,1.284696741809100576e-03,3.935335478809296146e-39
2.021788053507943987e+05,4.266513146891415253e-02,5.958733481036803141e+02,5.872045599075469732e-05,3.724914925593340170e-02,3.966587162424376617e-03,1.870793755691319352e-04,1.203595218996495429e-03,2.736213684495537296e-39
2.030503244363521226e+05,3.988197892495919800e-02,5.940588258982730849e+02,5.316093881272359158e-05,3.482569583126155638e-02,3.703019851356880061e-03,1.732250502148753851e-04,1.126877253313166537e-03,1.934386476985498961e-39
2.039218435219098465e+05,3.727337830333115470e-02,5.923423740309150389e+02,4.832685010565640596e-05,3.255238432450645314e-02,3.457333665225118414e-03,1.609290583024598146e-04,1.054404405191464037e-03,1.389938473584529657e-39
2.047600267519664776e+05,3.491983626061279100e-02,5.907803952912131535e+02,4.426143647946563704e-05,3.049988095170965904e-02,3.236739790777742962e-03,1.503865206527363037e-04,9.885675609931881928e-04,1.026662969557131451e-39
2.055982099820231088e+05,3.270988664203528656e-02,5.893019383786510161e+02,4.068637363850845533e-05,2.857139211651887195e-02,3.030487265125406549e-03,1.409457213018659597e-04,9.263751654506338857e-04,7.692115227312107301e-40
2.064363932120797399e+05,3.063538956889051701e-02,5.879035130890939627e+02,3.753320185126150289e-05,2.676008313459300389e-02,2.837620197672537092e-03,1.324729528781604787e-04,8.676800818955519856e-04,5.843379227754510647e-40
2.072745764421363710e+05,2.868859629314757589e-02,5.865816700977674145e+02,3.474383504537546693e-05,2.505941546360082595e-02,2.657252361401990070e-03,1.248520695535855235e-04,8.123325635457991382e-04,4.498723747643087092e-40
2.081127596721930022e+05,2.686213808641464001e-02,5.853330127215791663e+02,3.226889790120997123e-05,2.346314422833723282e-02,2.488560825536254711e-03,1.179820508603053299e-04,7.601820837796328424e-04,3.508500926415419625e-40
2.089509429022496333e+05,2.514901457570235463e-02,5.841542073125431216e+02,3.006633624261950168e-05,2.196531413450570139e-02,2.330780375459817061e-03,1.117749070072620796e-04,7.110788224869578518e-04,2.770486977143115336e-40
2.097891261323062645e+05,2.354258164703323941e-02,5.830419923134785449e+02,2.810025620251657434e-05,2.056025404737997497e-02,2.183198603292258941e-03,1.061538798824479193e-04,6.648748602760430875e-04,2.214036779573115982e-40
2.106273093623628956e+05,2.203653902839229975e-02,5.819931860223833837e+02,2.633995448774542963e-05,1.924257047952001448e-02,2.045151569604677054e-03,1.010518992075089685e-04,6.214251255723593622e-04,1.789772558776138800e-40
2.114654925924195268e+05,2.062491765390060683e-02,5.810046931223193951e+02,2.475910802575928164e-05,1.800714020218850339e-02,1.916019951871942087e-03,9.641025826688181893e-05,5.805881335475228042e-04,1.462799090395623478e-40
2.123036758224761579e+05,1.930206690169887843e-02,5.800735100460233298e+02,2.333509640784794159e-05,1.684910216827657098e-02,1.795225608441418678e-03,9.217747820653630865e-05,5.422265503665038176e-04,1.208190615449696281e-40
2.135053520429318596e+05,1.754979328835022667e-02,5.788326978438702781e+02,2.152882157857970231e-05,1.531472731555678056e-02,1.635520730549096160e-03,8.673324000374366984e-05,4.912831806620286505e-04,9.345813682535742688e-41
2.147070282633875613e+05,1.595433579856287559e-02,5.776955121703356326e+02,1.995714988153884329e-05,1.391729147429410056e-02,1.490382028452802779e-03,8.192299975235060026e-05,4.447821461820826720e-04,7.369668330669325343e-41
2.159087044838432921e+05,1.450214511061374660e-02,5.766541747890881879e+02,1.858085366686383692e-05,1.264506441269252178e-02,1.358477331421250331e-03,7.765111337860850947e-05,4.023713994545013778e-04,5.916151108760932990e-41
2.171103807042989938e+05,1.318075771664413420e-02,5.757013452871070740e+02,1.736784271777701193e-05,1.148723578515075533e-02,1.238595897768716460e-03,7.383729453458043204e-05,3.637208964723045871e-04,4.828602437311914672e-41
2.183120569247546955e+05,1.197872302208752293e-02,5.748301210760955655e+02,1.629174091313555903e-05,1.043385797718850497e-02,1.129636898329986622e-03,7.041387924421822265e-05,3.285225264116788785e-04,4.001721702899081019e-41
2.195137331452104263e+05,1.088553298810165416e-02,5.740340323494474433e+02,1.533077055990262908e-05,9.475789730620196374e-03,1.030599191196649974e-03,6.732361912633569485e-05,2.964896765985717522e-04,3.363505116059409108e-41
2.207154093656661280e+05,9.891554655817553360e-03,5.733070329071086917e+02,1.446687486956478350e-05,8.604641159694892405e-03,9.405721873447019056e-04,6.451789749985704545e-05,2.673565364085350011e-04,2.863909769138283432e-41
2.219170855861218588e+05,8.987965796075537625e-03,5.726434876827922835e+02,1.368502522253337036e-05,7.812720616697202414e-03,8.587276491743320132e-04,6.195528419483819376e-05,2.408772207866314544e-04,2.467615956712972978e-41
2.231187618065775605e+05,8.166693845750782818e-03,5.720381577223572549e+02,1.297267218378669869e-05,7.092983739647238176e-03,7.843122960606076785e-04,5.960036200067867212e-05,2.168247758584712019e-04,2.149329739093795512e-41
2.243204380270332622e+05,7.420358221219567132e-03,5.714861832735982716e+02,1.231930862155112091e-05,6.438984911358133952e-03,7.166411152873044003e-04,5.742277125212068745e-05,1.949901147004565996e-04,1.890686113101047461e-41
2.255221142474889930e+05,6.742216040213234313e-03,5.709830655599746478e+02,1.171612044555703585e-05,5.844831274848364538e-03,6.550912951500706231e-04,5.539642980443578541e-05,1.751809199648063874e-04,1.678176707889092027e-41
2.267237904679446947e+05,6.126111234335799953e-03,5.705246477267095315e+02,1.115570596197141942e-05,5.305139382060880711e-03,5.990967110588387877e-04,5.349889416802095258e-05,1.572205410860875725e-04,1.501743198237296053e-41
2.279254666884003964e+05,5.566426994885266370e-03,5.701070953691312297e+02,1.063184904853170423e-05,4.814994498500984807e-03,5.481429062730620730e-04,5.171083433193010039e-05,1.409469067307578076e-04,1.353809547689305228e-41
2.291271429088561272e+05,5.058041463284969515e-03,5.697268769813082372e+02,1.013933459605379441e-05,4.369912543597771933e-03,5.017625173163431894e-04,5.001560018269746746e-05,1.262114675921020162e-04,1.228607515909640981e-41
2.303288191293118289e+05,4.596286553373580240e-03,5.693807445985789855e+02,9.673797175494993399e-06,3.965804613443969090e-03,4.595311007715072974e-04,4.839886171779159802e-05,1.128781802648163516e-04,1.121700732450139890e-41
2.315304953497675597e+05,4.176909775031750066e-03,5.690657148506842304e+02,9.231595849125799139e-06,3.598944007459148071e-03,4.210633235193433173e-04,4.684830869696489781e-05,1.008225395071664718e-04,1.029644906591872805e-41
2.327321715702232614e+05,3.796038916210095048e-03,5.687790505927348477e+02,8.809709581938906839e-06,3.265935662064378773e-03,3.860094828931846236e-04,4.535339815295469530e-05,8.993066351763567953e-05,9.497424887554649851e-42
2.339338477906789631e+05,3.450149432511684464e-03,5.685182432388274947e+02,8.405648923425397895e-06,2.963687881466590263e-03,3.540523269214642830e-04,4.390514043717829877e-05,8.009843476302311337e-05,8.798636105482705972e-42
2.351355240111346939e+05,3.136034389298026324e-03,5.682809958872375091e+02,8.017380593339197629e-06,2.689386247120981004e-03,3.249041479932889475e-04,4.249591631531481588e-05,7.123069727509899539e-05,8.183140402467248051e-42
2.363372002315903956e+05,2.850776800141412073e-03,5.680652072961745489e+02,7.643262372118930659e-06,2.440469582517088617e-03,2.983041260283768575e-04,4.111931913512542098e-05,6.324051008869881630e-05,7.637368359904478204e-42
2.375388764520460973e+05,2.591724206732766433e-03,5.678689567444461090e+02,7.281986307352064477e-06,2.214607847901877997e-03,2.740158996441853859e-04,3.977001732747298006e-05,5.604845555187350258e-05,7.150383918540886941e-42
2.387405526725018281e+05,2.356465348547577381e-03,5.676904897913952937e+02,6.932528732135596157e-06,2.009681839809912725e-03,2.518253459457406502e-04,3.844363351935069196e-05,4.958200054043283177e-05,6.713323101582952932e-42
2.399422288929575298e+05,2.142808775223245792e-03,5.675282049345453288e+02,6.594105972132476969e-06,1.823764572314673588e-03,2.315385514557655644e-04,3.713663737119309434e-05,4.377490810947505295e-05,6.318964213333227758e-42
2.411439051134132606e+05,1.948763260328141263e-03,5.673806411509174268e+02,6.266134913479509523e-06,1.655104220328204806e-03,2.129799583814280051e-04,3.584624992834265173e-05,3.856669677667969877e-05,5.961395873334913679e-42
2.423455813338689622e+05,1.772519881687046250e-03,5.672464662984593815e+02,5.948197827855678531e-06,1.502108509711815119e-03,1.959906718999239624e-04,3.457035782072444876e-05,3.390214442671954116e-05,5.635758487152016281e-42
2.435472575543246639e+05,1.612435640406020701e-03,5.671244663469498164e+02,5.640011016205089907e-06,1.363330444131268925e-03,1.804269154559400815e-04,3.330743607403617931e-05,2.973083372856206435e-05,5.338041308420028357e-42
2.447489337747803947e+05,1.467018497996916112e-03,5.670135354027095218e+02,5.341396949373150262e-06,1.237455264259792369e-03,1.661586222151401602e-04,3.205647862540962292e-05,2.600673594720078537e-05,5.064921932977399500e-42
2.459506099952360964e+05,1.334913718365257108e-03,5.669126664880816406e+02,5.052259661724419839e-06,1.123288540908098541e-03,1.530681518246386822e-04,3.081693587973681015e-05,2.268783009105880850e-05,4.813638442870017083e-42
2.471707304000553559e+05,1.213137387150442330e-03,5.668196019940802444e+02,4.768343772461987558e-06,1.018233554892600083e-03,1.408724788359877629e-04,2.956989476104821349e-05,1.969311488834429028e-05,4.578471451896141231e-42
2.483908508048745862e+05,1.102649793524799289e-03,5.667350936924071902e+02,4.494166699173965008e-06,9.231001841652982948e-04,1.296808086241945052e-04,2.833468241409843529e-05,1.703995162203421544e-05,4.361425042851955120e-42
2.496109712096938165e+05,1.002392614098004823e-03,5.666583491924362761e+02,4.229761058674711418e-06,8.369537423013177248e-04,1.194023310388031198e-04,2.711183802607256262e-05,1.469494167313666748e-05,4.160809123557761033e-42
2.508310916145130759e+05,9.114068316247000067e-04,5.665886489703384541e+02,3.975171839505181978e-06,7.589467483431682837e-04,1.099550922569729759e-04,2.590218484598327727e-05,1.262763433907023191e-05,3.975201032080659472e-42
2.520512120193323062e+05,8.288235068453789428e-04,5.665253398403162919e+02,3.730444594714493553e-06,6.883108617480688737e-04,1.012651426487955674e-04,2.470679420746950124e-05,1.081026364633048697e-05,3.803397202564827869e-42
2.532713324241515656e+05,7.538553930447112507e-04,5.664678289809421585e+02,3.495616010948918612e-06,6.243495485711006085e-04,9.326576638064726647e-05,2.352695440963728082e-05,9.217507672377189842e-06,3.644373302604701363e-42
2.544914528289707960e+05,6.857893192103341803e-04,5.664155784749860914e+02,3.270706623148540219e-06,5.664314151194595843e-04,8.589678519854305875e-05,2.236414367008450775e-05,7.826268599098420200e-06,3.497251124560948073e-42
2.557115732337900554e+05,6.239792736526420880e-04,5.663681003231620252e+02,3.055715430109160618e-06,5.139841509291453656e-04,7.910392911900944977e-05,2.122000614138670554e-05,6.615472032991533165e-06,3.361270869417688228e-42
2.569316936386092857e+05,5.678401255014869269e-04,5.663249518943548537e+02,2.850616155588564781e-06,4.664890281909515250e-04,7.283826698416501037e-05,2.009632973040059855e-05,5.565884440381283232e-06,3.235767743296598786e-42
2.581518140434285451e+05,5.168419266411793502e-04,5.662857317770703958e+02,2.655354894005865368e-06,4.234759096569215456e-04,6.705569003946986004e-05,1.899502420617339544e-05,4.659947844604991981e-06,3.120152017673824946e-42
2.591696055110670568e+05,4.778852297100631414e-04,5.662557565157613908e+02,2.499940452767180798e-06,3.907151438504325174e-04,6.257273184424342000e-05,1.809490790910107640e-05,4.002505653516049184e-06,3.030886728602185767e-42
2.601873969787055976e+05,4.419168119817176374e-04,5.662280678502141882e+02,2.351251063003353700e-06,3.605500947276060308e-04,5.837722148298613321e-05,1.721295981691140588e-05,3.425284891208517897e-06,2.947845605553554217e-42
2.612051884463441093e+05,4.087026124491170741e-04,5.662024879269717985e+02,2.209209063552631304e-06,3.327727148698892551e-04,5.444992559870421569e-05,1.635040770408197264e-05,2.920355212887298116e-06,2.870759153869929218e-42
2.622229799139826209e+05,3.780271755978505143e-04,5.661788528911810090e+02,2.073722992946576382e-06,3.071913964692496359e-04,5.077319773352728866e-05,1.550848710889726631e-05,2.480371293228554847e-06,2.799368933267173163e-42
2.632407713816211908e+05,3.496921790949119951e-04,5.661570117964653264e+02,1.944687958237194566e-06,2.836296948349705167e-04,4.733083636396703120e-05,1.468842429696584360e-05,2.098535640770553081e-06,2.733423597849451085e-42
2.642585628492597025e+05,3.235150760427521954e-04,5.661368255972136012e+02,1.821986076936904392e-06,2.619251561888298109e-04,4.410795073898302748e-05,1.389141678672263198e-05,1.768566251279320516e-06,2.672675565568877270e-42
2.652763543168982142e+05,2.993278426940223125e-04,5.661181662170596383e+02,1.705486969618941663e-06,2.419282414598965432e-04,4.109083389571672828e-05,1.311861165999849271e-05,1.484668708791235649e-06,2.616878346199786657e-42
2.662941457845367258e+05,2.769758232439965698e-04,5.661009156877734085e+02,1.595048295251398467e-06,2.235013379497721980e-04,3.826684261030917242e-05,1.237108220084494738e-05,1.241512187818640135e-06,2.565784564097911417e-42
2.673119372521752957e+05,2.563166640136888995e-04,5.660849653532258117e+02,1.490516335162839783e-06,2.065178508688318010e-04,3.562428442617689568e-05,1.164980373240849966e-05,1.034208651108722103e-06,2.519144706362321400e-42
2.683297287198138074e+05,2.372193300070751538e-04,5.660702151335268582e+02,1.391726642880485485e-06,1.908613669141912916e-04,3.315231224235232541e-05,1.095562980692738387e-05,8.582944007235895595e-07,2.476706607994044754e-42
2.693475201874523191e+05,2.195631974660565118e-04,5.660565728448585787e+02,1.298504784156558930e-06,1.764248823431043185e-04,3.084082718851378089e-05,1.028927009569083620e-05,7.097130545909953032e-07,2.438215654826541840e-42
2.703653116550908308e+05,2.032372166492696429e-04,5.660439535709323309e+02,1.210667192943481736e-06,1.631100884503311000e-04,2.868039061658080174e-05,9.651271378851148224e-06,5.847990105630770144e-07,2.403415646345614216e-42
2.713831031227293424e+05,1.881391396155287284e-04,5.660322790823731793e+02,1.128022164372947945e-06,1.508267080132977658e-04,2.666214597543817828e-05,9.042002923133754666e-06,4.802605392861088668e-07,2.372050219886413839e-42
2.724008945903679123e+05,1.741748082890061779e-04,5.660214773006759970e+02,1.050370995496773029e-06,1.394918771111713690e-04,2.477775110745905623e-05,8.461647260732889676e-06,3.931618141460483033e-07,2.343864701886765359e-42
2.734186860580064240e+05,1.612574985144883341e-04,5.660114818036724955e+02,9.775092703329332037e-07,1.290295676982045135e-04,2.301932114550506026e-05,7.910196977700725401e-06,3.209034227450917848e-07,2.318608227113065390e-42
2.744364775256449357e+05,1.493073161726004151e-04,5.660022313696922538e+02,9.092282700683769140e-07,1.193700473283164273e-04,2.137938175392156508e-05,7.387457642566514561e-06,2.612011777275195805e-07,2.296035957346216416e-42
2.754542689932834473e+05,1.382506417200114388e-04,5.659936695578062427e+02,8.453164748004039119e-07,1.104493733863357247e-04,1.985083201626142046e-05,6.893056525906676631e-06,2.120633167072294108e-07,2.275911238275780615e-42
2.764720604609220172e+05,1.280196197567801521e-04,5.659857443216935735e+02,7.855611123075170172e-07,1.022089199908451506e-04,1.842691589251977771e-05,6.426456346143356986e-06,1.717664149643541546e-07,2.258007555607355138e-42
2.774898519285605289e+05,1.185516904112253120e-04,5.659784076548005487e+02,7.297497035265937802e-07,9.459493632954960279e-05,1.710120089881386857e-05,5.986972975892823899e-06,1.388305034424209036e-07,2.242110184472906766e-42
2.785076433961990406e+05,1.097891594915412325e-04,5.659716152645638658e+02,6.776715541726736270e-07,8.755813555171173233e-05,1.586756252837566582e-05,5.573795881948412298e-06,1.119939753327473961e-07,2.228017464704150204e-42
2.795254348638375523e+05,1.016788044909340457e-04,5.659653262735599810e+02,6.291191466991557487e-07,8.105331348378643982e-05,1.472017293285934687e-05,5.186010049159228973e-06,9.018887842985656350e-08,2.215541672895283838e-42
2.805432263314761221e+05,9.417151366333315803e-05,5.659595029455275608e+02,5.838893953147114900e-07,7.503899639948507832e-05,1.365349249614622045e-05,4.822618232189556934e-06,7.251714019758048527e-08,2.204509495993189058e-42
2.817826847553923726e+05,8.577819269326183679e-05,5.659529899159709885e+02,5.330102319895972451e-07,6.832229911987906736e-05,1.245589328412816734e-05,4.411488648102716652e-06,5.550140916230443308e-08,2.192795188500492940e-42
2.830221431793086231e+05,7.813724136994191084e-05,5.659470583025930637e+02,4.864222750441918575e-07,6.221417749363221622e-05,1.136126029193140084e-05,4.032977071101971453e-06,4.240423823211103911e-08,2.182728906091546518e-42
2.842616016032248735e+05,7.118061209245605885e-05,5.659416557483381212e+02,4.437977999178313492e-07,5.665817151537445889e-05,1.036123832353295758e-05,3.685054890503682355e-06,3.234956312712151837e-08,2.174082512608887980e-42
2.855010600271411240e+05,6.484651412016458137e-05,5.659367346875371823e+02,4.048264296127368802e-07,5.160330137501900979e-05,9.448045220282083286e-06,3.365693150023275356e-06,2.464794522749640585e-08,2.166656056399779186e-42
2.867405184510573745e+05,5.907881958793224962e-05,5.659322518934359323e+02,3.692159330229290601e-07,4.700349574539373475e-05,8.614452300468401213e-06,3.072895591023051196e-06,1.876001802415668782e-08,2.160275471118797954e-42
2.879799768749736249e+05,5.382652914810590945e-05,5.659281680708751310e+02,3.366925660906322309e-07,4.281708403745740626e-05,7.853762287911008686e-06,2.804724271099898291e-06,1.426598554694013949e-08,2.154790086087004949e-42
2.892194352988898754e+05,4.904329082030509145e-05,5.659244474892993821e+02,3.070010331318472142e-07,3.900634581184526332e-05,7.159784959859089411e-06,2.559318454580787649e-06,1.084056088812250523e-08,2.150070096370058475e-42
2.904588937228061259e+05,4.468696632923971563e-05,5.659210576517831441e+02,2.799041458737346148e-07,3.553711086536373261e-05,6.526810994644959463e-06,2.334907678795723485e-06,8.232644561583825738e-09,2.146004102214171218e-42
2.916983521467223763e+05,4.071923985515902363e-05,5.659179689962517159e+02,2.551822524905760746e-07,3.237840400060444863e-05,5.949584605630859681e-06,2.129819966248426854e-06,6.249030184705763766e-09,2.142496791472148046e-42
2.929378105706386268e+05,3.710526470491344982e-05,5.659151546255038738e+02,2.326325005295899352e-07,2.950212906139409590e-05,5.423275556000196592e-06,1.942486124029858011e-06,4.741462959694162619e-09,2.139466809126729462e-42
2.941772689945548773e+05,3.381334393255071627e-05,5.659125900630391470e+02,2.120679878742710347e-07,2.688278741754911698e-05,4.943451097371387665e-06,1.771440986563197622e-06,3.596443192772602277e-09,2.136844835372079756e-42
2.954167274184711277e+05,3.081464139891856928e-05,5.659102530320348023e+02,1.933168460424451456e-07,2.449722666815991180e-05,4.506048293083590599e-06,1.615322344993841936e-06,2.727246638796501830e-09,2.134571877352979387e-42
2.966561858423873782e+05,2.808292016414518311e-05,5.659081232551238827e+02,1.762212909298801479e-07,2.232441587786507557e-05,4.107347094284960084e-06,1.472868186088916348e-06,2.067714976283391835e-09,2.132597768577275332e-42
2.978956442663036287e+05,2.559430546049981615e-05,5.659061822728907600e+02,1.606366679959679357e-07,2.034524415200600515e-05,3.743944446169772012e-06,1.342912747730118324e-06,1.567446597906297252e-09,2.130879863078115261e-42
2.991351026902198792e+05,2.332706980177457506e-05,5.659044132792332675e+02,1.464305120016744776e-07,1.854233978955530774e-05,3.412729619834490436e-06,1.224381793732559411e-06,1.188086650528055297e-09,2.129381907553884337e-42
3.003745611141361296e+05,2.126143805464571061e-05,5.659028009719426109e+02,1.334816357455341835e-07,1.689990762825712014e-05,3.110860895411716314e-06,1.116287420732174549e-06,9.004744991548064760e-10,2.128073073055216155e-42
3.016140195380523801e+05,1.937941053273775383e-05,5.659013314170317699e+02,1.216792577039088568e-07,1.540358251867428619e-05,2.835743665129494940e-06,1.017722634762893098e-06,6.824564672017192602e-10,2.126927127609591020e-42
3.028534779619686306e+05,1.766460238005529345e-05,5.658999919254970337e+02,1.109221749256182038e-07,1.404029713854958765e-05,2.585009980056638146e-06,9.278558740079250122e-07,5.172125155161137091e-10,2.125921731931851661e-42
3.040929363858848810e+05,1.610209769120882724e-05,5.658987709413320317e+02,1.011179848041661326e-07,1.279816259226486928e-05,2.356499530151773905e-06,8.459256054711731384e-07,3.919785168588032842e-10,2.125037841672459805e-42
3.053323948098011315e+05,1.467831697499633911e-05,5.658976579397385649e+02,9.218235730354405956e-08,1.166636043824186822e-05,2.148242022180219178e-06,7.712350851460252253e-07,2.970721246834484165e-10,2.124259201232512098e-42
3.065718532337173820e+05,1.338089670846295474e-05,5.658966433345793803e+02,8.403835771198361473e-08,1.063504495540750369e-05,1.958440902446033675e-06,7.031473418407079232e-07,2.251510567373951280e-10,2.123571915842411560e-42
3.078113116576336324e+05,1.219857985310350155e-05,5.658957183942160327e+02,7.661581892606178712e-08,9.695254603156323232e-06,1.785458359586806351e-06,6.410804224940060421e-07,1.706489403047007501e-10,2.122964090235658834e-42
3.090507700815498829e+05,1.112111631556156349e-05,5.658948751649570568e+02,6.985076152771374311e-08,8.838831751749742381e-06,1.627801535574476870e-06,5.845029201252307281e-07,1.293465844010685918e-10,2.122425523799166348e-42
3.102902285054661334e+05,1.013917243386613492e-05,5.658941064014163658e+02,6.368485943229642894e-08,8.058349865264419478e-06,1.484109869457824929e-06,5.329297933115954544e-07,9.804639999735793618e-11,2.121947453484307075e-42
3.115296869293823838e+05,9.244248658422179484e-06,5.658934055031492107e+02,5.806494859081358123e-08,7.347047409923067336e-06,1.353143497363995824e-06,4.859184772503870491e-07,7.432529392167008114e-11,2.121522337028477383e-42
3.127691453532986343e+05,8.428604675996669986e-06,5.658927664569927174e+02,5.294257607723344699e-08,6.698767839304549047e-06,1.233772633140295852e-06,4.430652802652978003e-07,5.634720908882845979e-11,2.121143670143835664e-42
3.138417928666632506e+05,7.781274838232962789e-06,5.658922591053302540e+02,4.887704886766985642e-08,6.184271617687756108e-06,1.139030739477681726e-06,4.090510896905701923e-07,4.434250938315794993e-11,2.120849105362023330e-42
3.149144403800278087e+05,7.183845680127067908e-06,5.658917907123508257e+02,4.512478439244989854e-08,5.709440726813744186e-06,1.051589262075630544e-06,3.776560093781019914e-07,3.489746707230922939e-11,2.120581924772059117e-42
3.159870878933924250e+05,6.632456197722045456e-06,5.658913582753655191e+02,4.166157638823496058e-08,5.271205172471836473e-06,9.708839708844921032e-07,3.486780120472136274e-07,2.746593046811601286e-11,2.120339313945630606e-42
3.170597354067570413e+05,6.123545257271675717e-06,5.658909590239821910e+02,3.846509132810260599e-08,4.866733596079140649e-06,8.963943227210444756e-07,3.219306288031939893e-07,2.161834013822151539e-11,2.120118780172939295e-42
3.181323829201215995e+05,5.653828212210105077e-06,5.658905904020634807e+02,3.551472400763734081e-08,4.493414623808942128e-06,8.276400834877948938e-07,2.972417640731614914e-07,1.701683249139415198e-11,2.119918112131482675e-42
3.192050304334862158e+05,5.220275351970350641e-06,5.658902500510927212e+02,3.279146409011072125e-08,4.148839685953863126e-06,7.641782088695148583e-07,2.744525973979881412e-07,1.339565883020020584e-11,2.119735344955642513e-42
3.202776779468508321e+05,4.820092038197029967e-06,5.658899357948370152e+02,3.027777282368576287e-08,3.830787188653805598e-06,7.055999644305077185e-07,2.534165665033386741e-07,1.054578585364422867e-11,2.119568729957408209e-42
3.213503254602153902e+05,4.450700395437780787e-06,5.658896456252052758e+02,2.795746918969901807e-08,3.537207929931081544e-06,6.515282672834874997e-07,2.339984262483072970e-07,8.302785119700980041e-12,2.119416708347526938e-42
3.224229729735800065e+05,4.109722433969424306e-06,5.658893776892083451e+02,2.581562478678147567e-08,3.266211660906588796e-06,6.016152327014296499e-07,2.160733782653936336e-07,6.537309224271670800e-12,2.119277888408865817e-42
3.234956204869446228e+05,3.794964492128138329e-06,5.658891302769341110e+02,2.383846680052017553e-08,3.016054701183399697e-06,5.555399101916501524e-07,1.995262663502665945e-07,5.147602248602718354e-12,2.119151025642724757e-42
3.243531461959301960e+05,3.560827876710322009e-06,5.658889461828082403e+02,2.236772570899051599e-08,2.829972699331527609e-06,5.212659616369821912e-07,1.872172374836165194e-07,4.252549307839486004e-12,2.119057453990858608e-42
3.252106719049157691e+05,3.341191200749244405e-06,5.658887734451147935e+02,2.098806171731446903e-08,2.655414909839716488e-06,4.891144004477188949e-07,1.756703154567859577e-07,3.513287514130551555e-12,2.118970293769528486e-42
3.260681976139012841e+05,3.135153121817813015e-06,5.658886113606597519e+02,1.969381451673006170e-08,2.491664920213182541e-06,4.589533264268028672e-07,1.648381579877355461e-07,2.902672926384907405e-12,2.118889071442026637e-42
3.269257233228868572e+05,2.941868536335472429e-06,5.658884592699541827e+02,1.847967672023382565e-08,2.338051026346952019e-06,4.306590637501366749e-07,1.546763712226287903e-07,2.398295495866249522e-12,2.118813352082454282e-42
3.277832490318724304e+05,2.760545057350608903e-06,5.658883165544874601e+02,1.734067180765653678e-08,2.193943431028129933e-06,4.041156468368822401e-07,1.451433260251939456e-07,1.981652745601697834e-12,2.118742735863421997e-42
3.286407747408580035e+05,2.590439713774943421e-06,5.658881826341715851e+02,1.627213344843720973e-08,2.058751618829757844e-06,3.792143383768204260e-07,1.361999856521276623e-07,1.637467800121767238e-12,2.118676854900524950e-42
3.294983004498435766e+05,2.430855857086553377e-06,5.658880569649454628e+02,1.526968611673533083e-08,1.931921896205597660e-06,3.558531775131846888e-07,1.278097441245022516e-07,1.353126533220447948e-12,2.118615370405436354e-42
3.303558261588291498e+05,2.281140262406803456e-06,5.658879390365291329e+02,1.432922691844932057e-08,1.812935086331389407e-06,3.339365563022952445e-07,1.199382746416557137e-07,1.118213013643422162e-12,2.118557970122499279e-42
3.312133518678147229e+05,2.140680411690781081e-06,5.658878283703181751e+02,1.344690855504846463e-08,1.701304368897634997e-06,3.133748226861556899e-07,1.125533874258728032e-07,9.241260694349140025e-13,2.118504366015446636e-42
3.318696771637734491e+05,2.039070524719139762e-06,5.658877482952407263e+02,1.280863157866035562e-08,1.620549768679838485e-06,2.985002585096139472e-07,1.072110672623457951e-07,7.986886810910664629e-13,2.118465737267766945e-42
3.325260024597321171e+05,1.942302158748990169e-06,5.658876720206235404e+02,1.220076726539164475e-08,1.543643002912217911e-06,2.843344204092694308e-07,1.021232778652092350e-07,6.902969015833949696e-13,2.118429064990442158e-42
3.331823277556908433e+05,1.850143745387537533e-06,5.658875993654019112e+02,1.162186104443508551e-08,1.470400026940654043e-06,2.708434128877457953e-07,9.727784788286684167e-08,5.966318357254130446e-13,2.118394244544218415e-42
3.338386530516495695e+05,1.762374834059094772e-06,5.658875301571705450e+02,1.107052816776010837e-08,1.400645632813182886e-06,2.579949674382945130e-07,9.266318994946049708e-08,5.156903966017467853e-13,2.118361177356632166e-42
3.344949783476082375e+05,1.678785556212022127e-06,5.658874642317675807e+02,1.054545034734412977e-08,1.334213023344510734e-06,2.457583641864125688e-07,8.826827259150470709e-08,4.457422502988525837e-13,2.118329770532106666e-42
3.351513036435669637e+05,1.599176115445298289e-06,5.658874014328788462e+02,1.004537255474772432e-08,1.270943406795862937e-06,2.341043573152861384e-07,8.408259348676523630e-08,3.852926364770018207e-13,2.118299936489294476e-42
3.358076289395256899e+05,1.523356302280304784e-06,5.658873416116617818e+02,9.569099975098794693e-09,1.210685611155185870e-06,2.230051040899420189e-07,8.009615400981574285e-08,3.330502621239178509e-13,2.118271592625582820e-42
3.364639542354843579e+05,1.451145032424227821e-06,5.658872846263864176e+02,9.115495108304759239e-09,1.153295717098998099e-06,2.124340973124942401e-07,7.629943500485511695e-08,2.878995756099621679e-13,2.118244661003449156e-42
3.368614944279564661e+05,1.409087873143570960e-06,5.658872514318840103e+02,8.851307447004451982e-09,1.119870802220864297e-06,2.062773470227810334e-07,7.408815286549926166e-08,2.635874219595378351e-13,2.118229003875357070e-42
3.372590346204285161e+05,1.368254384592803004e-06,5.658872191993636989e+02,8.594806497232324538e-09,1.087418402740394046e-06,2.002997277128770658e-07,7.194120631146627181e-08,2.413308333158829920e-13,2.118213822196249853e-42
3.376565748129006242e+05,1.328608825153492967e-06,5.658871879008381711e+02,8.345767742144266058e-09,1.055910112619017573e-06,1.944960074275493520e-07,6.985671640897652137e-08,2.209558054408301316e-13,2.118199100891917463e-42
3.380541150053726742e+05,1.290116501201430126e-06,5.658871575091375234e+02,8.103973247656911537e-09,1.025318358748410411e-06,1.888611076028339612e-07,6.783285929944814395e-08,2.023030810761986378e-13,2.118184825399297224e-42
3.384516551978447824e+05,1.252743736262681149e-06,5.658871279978855000e+02,7.869211468760244130e-09,9.956163764340094652e-07,1.833900985529702804e-07,6.586786458004235308e-08,1.852268986712022380e-13,2.118170981647881166e-42
3.388491953903168323e+05,1.216457841069868974e-06,5.658870993414756185e+02,7.641277061475635658e-09,9.667781855942606994e-07,1.780781950889342053e-07,6.396001373135098999e-08,1.695938473954563582e-13,2.118157556041213855e-42
3.392467355827889405e+05,1.181227084507599747e-06,5.658870715150493425e+02,7.419970700394824252e-09,9.387785676667738368e-07,1.729207522669557914e-07,6.210763859165608684e-08,1.552818194069742524e-13,2.118144535439410120e-42
3.394455056790256640e+05,1.163997722292168122e-06,5.658870579055106873e+02,7.311742350097693491e-09,9.250855454546074730e-07,1.703985393843137619e-07,6.120174651726562972e-08,1.485858834680358616e-13,2.118138173029777526e-42
3.396442757752624457e+05,1.147020665457443624e-06,5.658870444944735709e+02,7.205098901862660118e-09,9.115930432296335431e-07,1.679132612685703214e-07,6.030911987832603269e-08,1.421790511182633324e-13,2.118131907142371835e-42
3.398430458714991692e+05,1.130292204680263905e-06,5.658870312790313619e+02,7.100017054773979790e-09,8.982981129817328620e-07,1.654643749291650589e-07,5.942956366576767133e-08,1.360488242785658400e-13,2.118125736255674614e-42
3.400418159677359508e+05,1.113808685384695988e-06,5.658870182563199478e+02,6.996473851813969779e-09,8.851978502124608986e-07,1.630513453891084629e-07,5.856288574806710606e-08,1.301832458425576919e-13,2.118119658873865595e-42
3.402405860639726743e+05,1.097566506932851922e-06,5.658870054235175076e+02,6.894446674779167679e-09,8.722893932918870832e-07,1.606736455665637246e-07,5.770889682874576804e-08,1.245708762326989594e-13,2.118113673525731726e-42
3.404393561602093978e+05,1.081562121815056047e-06,5.658869927778436022e+02,6.793913239195769639e-09,8.595699228149254704e-07,1.583307561563343086e-07,5.686741040382956903e-08,1.192007709692813583e-13,2.118107778765235269e-42
3.406824864199343720e+05,1.062304203733346808e-06,5.658869775604268852e+02,6.672942371202185349e-09,8.442647105023541744e-07,1.555115801989587037e-07,5.585485771449057198e-08,1.129463411581437631e-13,2.118100689545058840e-42
3.409256166796593461e+05,1.043390543105511439e-06,5.658869626139550064e+02,6.554134017568827371e-09,8.292330970212202193e-07,1.527427999050634578e-07,5.486040514116589189e-08,1.070204929800792939e-13,2.118093731176695338e-42
3.410312232531356858e+05,1.035280841582106793e-06,5.658869562049502520e+02,6.503191992980663996e-09,8.227879197455917450e-07,1.515556165143490781e-07,5.443400878469977164e-08,1.045444854367072209e-13,2.118090748853248441e-42
3.411368298266119673e+05,1.027234424469317267e-06,5.658869498457580676e+02,6.452647500574611015e-09,8.163930377879031376e-07,1.503776972996091963e-07,5.401093975539354799e-08,1.021258368409143855e-13,2.118087790542597633e-42
3.412424364000883070e+05,1.019250795961150993e-06,5.658869435359897579e+02,6.402497425831138024e-09,8.100480571038213811e-07,1.492089696815189139e-07,5.359117198676295472e-08,9.976321670458165425e-14,2.118084856044657261e-42
3.413480429735646467e+05,1.011329464158730697e-06,5.658869372752598110e+02,6.352738678773100526e-09,8.037525867542655725e-07,1.480493616526676489e-07,5.317467961769885448e-08,9.745532544301484131e-14,2.118081945160818786e-42
3.414536495470409282e+05,1.003469941004163719e-06,5.658869310631853295e+02,6.303368193551503601e-09,7.975062388528504333e-07,1.468988017678777086e-07,5.276143698899040680e-08,9.520089364611307644e-14,2.118079057694256340e-42
3.414642102043881314e+05,1.002687369490977327e-06,5.658869304446393471e+02,6.298452382129287960e-09,7.968842909566128821e-07,1.467842406937898340e-07,5.272029048010258715e-08,9.497834274865916340e-14,2.118078770228096308e-42
3.414747708617353346e+05,1.001905410737175344e-06,5.658869298265757379e+02,6.293540419861948904e-09,7.962628300511234742e-07,1.466697693213260893e-07,5.267917618855081249e-08,9.475631279899146929e-14,2.118078482993858597e-42
3.414853315190825379e+05,1.001124064261041240e-06,5.658869292089940473e+02,6.288632303723708557e-09,7.956418557535357054e-07,1.465553875799702935e-07,5.263809408900894991e-08,9.453480257605147238e-14,2.118078195991463552e-42
3.414958921764297411e+05,1.000343329581242825e-06,5.658869285918940477e+02,6.283728030690771794e-09,7.950213676813083210e-07,1.464410953992614285e-07,5.259704415617150630e-08,9.431381086166784396e-14,2.118077909220756642e-42
3.414969482421645080e+05,1.000265289743542204e-06,5.658869285302105254e+02,6.283237814641930257e-09,7.949593456017624068e-07,1.464296711043148530e-07,5.259294093108287575e-08,9.429174016138406322e-14,2.118077880556421478e-42
3.414980043078992167e+05,1.000187256018514562e-06,5.658869284685317780e+02,6.282747636990925251e-09,7.948973283802654355e-07,1.464182477042003793e-07,5.258883802738314243e-08,9.426967463281703064e-14,2.118077851894409998e-42
3.414990603736339253e+05,1.000109228405678574e-06,5.658869284068579191e+02,6.282257497734704481e-09,7.948353160164345482e-07,1.464068251988481006e-07,5.258473544504701446e-08,9.424761427475556072e-14,2.118077823234669630e-42
3.415001164393686340e+05,1.000031206904556301e-06,5.658869283451888350e+02,6.281767396870314083e-09,7.947733085098905918e-07,1.463954035881869191e-07,5.258063318404932571e-08,9.422555908598088231e-14,2.118077794577337699e-42
3.415002220459425589e+05,1.000023405090569257e-06,5.658869283390222336e+02,6.281718388895270679e-09,7.947671080263716365e-07,1.463942614763263054e-07,5.258022297562220643e-08,9.422335385136731237e-14,2.118077791711739409e-42
3.415003276525164256e+05,1.000015603337694158e-06,5.658869283328556321e+02,6.281669381304206997e-09,7.947609075914214446e-07,1.463931193734117361e-07,5.257981277040811474e-08,9.422114866843488547e-14,2.118077788846145898e-42
3.415004332590903505e+05,1.000007801645930368e-06,5.658869283266890307e+02,6.281620374096850895e-09,7.947547072050399101e-07,1.463919772794428140e-07,5.257940256840724252e-08,9.421894353718269285e-14,2.118077785980463174e-42
3.415004860623772838e+05,1.000003900815326301e-06,5.658869283236057299e+02,6.281595870589259798e-09,7.947516070239912542e-07,1.463914062346949038e-07,5.257919746820997232e-08,9.421784098876941528e-14,2.118077784547794981e-42
