z(m),p_tot(bar),T(K),p_H2O(bar),p_CO2(bar),p_CO(bar),p_H2(bar),p_CH4(bar),p_O2(bar)
0.000000000000000000e+00,1.530075999999999965e+02,3.027029090050801187e+03,1.031031372964218562e+01,1.191780053694887016e+02,1.561069758526499207e+01,1.841436956071470232e-01,4.591327200379100737e-12,7.724439619992359063e+00
2.145294587635753942e+03,1.478974926006229396e+02,3.012544302715682534e+03,9.980640026588671887e+00,1.156502438529925456e+02,1.478141466146997196e+01,1.745840921884829477e-01,3.989370294607185259e-12,7.310609967379273932e+00
6.261445515200191039e+03,1.386122974371897669e+02,2.984780187533805929e+03,9.380290940973946334e+00,1.091996858667579460e+02,1.330215970030384831e+01,1.575291777480410937e-01,3.042086649615665655e-12,6.572631751402954414e+00
1.037759644276462677e+04,1.298244549408228750e+02,2.957043273267727272e+03,8.809805850199678545e+00,1.030244482415528040e+02,1.194990132301406049e+01,1.419340957402305814e-01,2.310751039629735438e-12,5.898365430313806002e+00
1.362594282528948679e+04,1.232263455554726761e+02,2.935172993316593875e+03,8.379940234786877440e+00,9.834093379051830652e+01,1.096657963920840650e+01,1.305878792323740822e-01,1.854798509136041517e-12,5.408304011724851534e+00
1.687428920781434499e+04,1.169143278623001692e+02,2.913319105501315335e+03,7.967431721020701296e+00,9.382111632320527406e+01,1.005268859777021540e+01,1.200355477183683295e-01,1.485073225864490877e-12,4.953055672584130598e+00
2.012263559033920683e+04,1.108783915509718128e+02,2.891481358082425686e+03,7.571749002671245066e+00,8.946154953034965729e+01,9.204247033824955793e+00,1.102301148159754718e-01,1.186006585773848506e-12,4.530615869308770804e+00
2.337098197286406503e+04,1.051087774478052523e+02,2.869659493287008900e+03,7.192370671732402521e+00,8.525877792706734226e+01,8.417438635771398836e+00,1.011268167606307472e-01,9.447014822673483956e-13,4.139063396472546508e+00
2.661932835538892687e+04,9.959597434405402794e+01,2.847853247260176431e+03,6.828785183647274160e+00,8.120933867993609567e+01,7.688608709622958948e+00,9.268303751027859305e-02,7.504990120204017697e-13,3.776558733336677243e+00
2.986767473791378507e+04,9.433071581916732384e+01,2.826062350015492484e+03,6.480490824240859205e+00,7.730976356536007188e+01,7.014260850117000956e+00,8.485823510543571979e-02,5.946111626563166303e-13,3.441342344343354842e+00
3.311602112043864327e+04,8.930397705656432095e+01,2.804286525384158267e+03,6.146995678022465270e+00,7.355658105106023470e+01,6.391053522595921521e+00,7.761386929879923735e-02,4.698101274630793783e-13,3.131732935586436728e+00
3.704876028127822792e+04,8.352478469064033106e+01,2.777942526795819049e+03,5.762351514844506362e+00,6.920357541971976900e+01,5.700422855294128510e+00,6.956765676830552192e-02,3.519069645450179443e-13,2.788867244013261804e+00
4.098149944211780530e+04,7.806721021179896525e+01,2.751619693385516712e+03,5.397856901079098435e+00,6.505389783013707472e+01,5.074712656806412703e+00,6.225734376769081341e-02,2.624905111585817068e-13,2.478485480008431718e+00
4.491423860295738268e+04,7.291661897065056053e+01,2.725317497993192774e+03,5.052696161187657964e+00,6.110139739385144253e+01,4.508858785794194191e+00,5.562541950634246335e-02,1.949575389645529624e-13,2.198041210310732296e+00
4.884697776379696734e+04,6.805886482292441997e+01,2.699035399641158619e+03,4.726074385861285698e+00,5.733993854976666427e+01,3.998095330036766981e+00,4.961802002739194167e-02,1.441673011631806676e-13,1.945138537232164122e+00
5.277971692463654472e+04,6.348028163305292537e+01,2.672772843366692086e+03,4.417217352066422187e+00,5.376340779047559693e+01,3.537944677868196219e+00,4.418475884030589884e-02,1.061335505909648378e-13,1.717527053802313075e+00
5.671245608547612937e+04,5.916767471264504508e+01,2.646529260042168517e+03,4.125371439784659700e+00,5.036572056190812674e+01,3.124207428607802317e+00,3.927856181828517923e-02,7.777786093613337725e-14,1.513096720526084127e+00
5.864790640909215290e+04,5.713903418714451021e+01,2.633620584710707590e+03,3.987764537713242685e+00,4.875740892683025862e+01,2.936423943507550760e+00,3.704404278227106662e-02,6.663127329185161935e-14,1.420392736311119508e+00
6.058335673270817642e+04,5.517024545343483766e+01,2.620716292686302950e+03,3.854014290848080559e+00,4.719023024333581162e+01,2.758480186818649482e+00,3.492152917942762530e-02,5.701703924691207755e-14,1.332599203252807563e+00
6.251880705632420722e+04,5.325985789401737946e+01,2.607816312267923422e+03,3.724036329574995197e+00,4.566346995254323105e+01,2.589945513730695481e+00,3.290622668715960375e-02,4.873382586401409670e-14,1.249499871481252855e+00
6.445425737994023075e+04,5.140644702356621565e+01,2.594920570886580663e+03,3.597747476422141766e+00,4.417641643640511262e+01,2.430403793617333275e+00,3.099350786351702525e-02,4.160547543809916648e-14,1.170885809258080501e+00
6.638970770355625427e+04,4.960861423382605295e+01,2.582028995098180530e+03,3.475065742966789273e+00,4.272836122430599914e+01,2.279453108514735149e+00,2.917890784980084820e-02,3.547802442081051649e-14,1.096555250188692821e+00
6.832515802717229235e+04,4.786498653742184928e+01,2.569141510576032033e+03,3.355910326613923189e+00,4.131859919925667413e+01,2.136705451165327396e+00,2.745812013605174184e-02,3.021705462944393329e-14,1.026313440249841724e+00
7.026060835078831587e+04,4.617421631056775055e+01,2.556258042102985200e+03,3.240201607237838566e+00,3.994642880335711510e+01,2.001786422842741775e+00,2.582699238960591004e-02,2.570534213281320669e-14,9.599724847404288441e-01
7.138295749495443306e+04,4.521744583912258975e+01,2.548788851603462263e+03,3.174651146262261303e+00,3.916766529600602809e+01,1.926991531425247040e+00,2.492060587363299773e-02,2.339146904997944624e-14,9.232172595554074546e-01
7.250530663912055024e+04,4.427775065683748323e+01,2.541320971031478621e+03,3.110218201686097750e+00,3.840117264612325698e+01,1.854639127952775635e+00,2.404226318427811829e-02,2.127715181150033328e-14,8.876784178910581691e-01
7.362765578328665288e+04,4.335487949878860547e+01,2.533854385301637194e+03,3.046887791192100625e+00,3.764681584903334510e+01,1.784662262593601723e+00,2.319122274701664044e-02,1.934596322151407209e-14,8.533223732225283520e-01
7.475000492745277006e+04,4.244858387542868172e+01,2.526389079224732541e+03,2.984645064866915387e+00,3.690446037502111665e+01,1.716995416498191984e+00,2.236675897740991042e-02,1.758276131366773534e-14,8.201162600650366841e-01
7.587235407161888725e+04,4.155861805542531329e+01,2.518925037507120578e+03,2.923475304939964214e+00,3.617397218241052315e+01,1.651574482064311677e+00,2.156816202399242099e-02,1.597359425654907760e-14,7.880279239865125573e-01
7.699470321578500443e+04,4.068473904830379695e+01,2.511462244750063746e+03,2.863363925504774699e+00,3.545521773042209901e+01,1.588336743228573988e+00,2.079473751353604072e-02,1.450561187372866063e-14,7.570259116347961559e-01
7.715706383108717273e+04,4.055964011359552046e+01,2.510382769080394610e+03,2.854754898843301358e+00,3.535220529944530909e+01,1.579365790239692480e+00,2.068489657259045891e-02,1.430422820602989385e-14,7.526292284946132227e-01
7.731942444638932648e+04,4.043487207109343728e+01,2.509303319176228797e+03,2.846167674592964048e+00,3.524943523302999182e+01,1.570439055416474217e+00,2.057556614557722735e-02,1.410551578060795978e-14,7.482545419084181137e-01
7.748178506169148022e+04,4.031043419932049687e+01,2.508223894990399003e+03,2.837602209281237631e+00,3.514690712959666286e+01,1.561556355998934942e+00,2.046674420917666756e-02,1.390944087773323078e-14,7.439017602344677460e-01
7.764414567699364852e+04,4.018632577798276628e+01,2.507144496475691085e+03,2.829058459493073663e+00,3.504462058779817113e+01,1.552717509816824881e+00,2.035842874659616816e-02,1.371597018095808288e-14,7.395707921280936237e-01
7.780650629229580227e+04,4.006254608796830041e+01,2.506065123584843604e+03,2.820536381870882181e+00,3.494257520652046622e+01,1.543922335288329339e+00,2.025061774755431906e-02,1.352507077257230911e-14,7.352615465410617945e-01
7.788768659994688642e+04,4.000077929280774924e+01,2.505525446733585795e+03,2.816283456588483780e+00,3.489164282579272225e+01,1.539541068310475325e+00,2.019690079542389369e-02,1.343057512266175228e-14,7.331150413206279914e-01
7.796886690759797057e+04,3.993909441134606197e+01,2.504985776270549195e+03,2.812035933114509501e+00,3.484077058488343681e+01,1.535170651418889864e+00,2.014330920826503182e-02,1.333671012910245980e-14,7.309739327209449078e-01
7.805004721524904016e+04,3.987749135402620482e+01,2.504446112189812538e+03,2.807793806045411511e+00,3.478995843371929197e+01,1.530811062080792428e+00,2.008984273661679545e-02,1.324347178732888097e-14,7.288382094440761794e-01
7.813122752290012431e+04,3.981597003136358381e+01,2.503906454485780614e+03,2.803557069981061023e+00,3.473920632223818217e+01,1.526462277801564849e+00,2.003650113144206379e-02,1.315085611689745580e-14,7.267078602113181685e-01
7.821240783055120846e+04,3.975453035395479873e+01,2.503366803150814121e+03,2.799325719525956213e+00,3.468851420041455214e+01,1.522124276113053565e+00,1.998328414398646904e-02,1.305885916109987909e-14,7.245828737572331812e-01
7.876256491880340036e+04,3.934029971725438912e+01,2.499709765943762250e+03,2.770791655746817295e+00,3.434655184496845237e+01,1.493008224153885788e+00,1.962570891644733334e-02,1.245140575248776841e-14,7.103222834687642484e-01
8.232203357527185290e+04,3.674890025207259470e+01,2.476055989826542373e+03,2.592035081364910898e+00,3.219954972370504009e+01,1.316105487967930809e+00,1.744634391893293626e-02,9.126357761273174825e-15,6.237636151157752717e-01
8.632635003357302048e+04,3.401054537042662673e+01,2.449459962232172074e+03,2.402664608060703255e+00,2.991598682713921420e+01,1.139247194164078492e+00,1.525190959728040321e-02,6.401097715267094339e-15,5.373948314653484992e-01
9.033066649187418807e+04,3.144982052430164643e+01,2.422877940657042473e+03,2.225118664220434361e+00,2.776629522836514852e+01,9.835638715601661142e-01,1.330462862493288038e-02,4.464533812906030352e-15,4.615381315309644572e-01
9.433498295017535565e+04,2.905707526046159828e+01,2.396309167877886466e+03,2.058803276824812123e+00,2.574471637201017771e+01,8.468743160090885791e-01,1.158029559509504008e-02,3.096139354079611896e-15,3.951010000224267071e-01
9.833929940847652324e+04,2.682306395620685890e+01,2.369752867784281534e+03,1.903145117459462687e+00,2.384560013468634665e+01,7.271794314697296313e-01,1.005668153583849471e-02,2.134755559270199940e-15,3.370825910554768878e-01
1.023436158667776908e+05,2.473893556130168037e+01,2.343208244756342538e+03,1.757591277534845231e+00,2.206341107180327299e+01,6.226514972542469550e-01,8.713409421266056845e-03,1.463265224038545679e-15,2.865683052880468318e-01
1.063479323250788584e+05,2.279622328955320043e+01,2.316674482967929634e+03,1.621609026377278440e+00,2.039273427837911257e+01,5.316236653421246849e-01,7.531834670677119148e-03,9.970426410731181011e-16,2.427244847840085429e-01
1.090611856785324781e+05,2.155612973633529705e+01,2.298701428998164374e+03,1.534648952177008807e+00,1.932140328354922687e+01,4.768426254984091672e-01,6.814421478550292469e-03,7.661966958918384227e-16,2.164204536321038541e-01
1.117744390319860977e+05,2.037481739497230393e+01,2.280732711882748845e+03,1.451693121835013089e+00,1.829722723384329797e+01,4.271261205988565735e-01,6.158499154657099198e-03,5.871681866729093815e-16,1.926124195404782524e-01
1.144876923854397173e+05,1.924993909754139310e+01,2.262768060890514334e+03,1.372591241123218175e+00,1.731862305734825824e+01,3.820678434223120368e-01,5.559471686499847277e-03,4.487210145534809011e-16,1.710974839611030807e-01
1.172009457388933370e+05,1.817922133439146393e+01,2.244807200399528483e+03,1.297197071407810931e+00,1.638403656980255363e+01,3.412883896514464221e-01,5.013031240908323929e-03,3.419638462428501955e-16,1.516862722887482029e-01
1.199141990923469566e+05,1.716046276768731715e+01,2.226849849737514432e+03,1.225368384630207474e+00,1.549194303801127148e+01,3.044339347830029574e-01,4.515144035881392924e-03,2.598811762988706527e-16,1.342022662269521383e-01
1.226274524458005762e+05,1.619153274551094412e+01,2.208895723009658923e+03,1.156966916633235032e+00,1.464084769437772948e+01,2.711749446248348239e-01,4.062036676230539219e-03,1.969538418692667799e-16,1.184811531989135303e-01
1.253407057992541959e+05,1.527036981739403387e+01,2.190944528912823444e+03,1.091858318861404387e+00,1.382928620180554802e+01,2.412049204447090089e-01,3.650182948987449032e-03,1.488528057227973353e-16,1.043701933333855136e-01
1.280539591527078155e+05,1.439498025212522059e+01,2.172995970535163451e+03,1.029912108466585430e+00,1.305582506836999102e+01,2.142391797179845347e-01,3.276291074194938573e-03,1.121927816959441760e-16,9.172760449646594205e-02
1.299343851789288747e+05,1.381412650502508122e+01,2.160558070997007235e+03,9.887686220059312969e-01,1.254138935707876001e+01,1.971732253315053307e-01,3.037810948369698907e-03,9.208260539414405541e-17,8.375748966051631272e-02
1.318148112051499484e+05,1.325370819158456470e+01,2.148121189692200915e+03,9.490420734288288473e-01,1.204412192471494869e+01,1.813406997219625949e-01,2.815123826834274763e-03,7.548091754802865315e-17,7.638836989199086769e-02
1.336952372313709930e+05,1.271311669485160678e+01,2.135685222710083508e+03,9.106922177158778275e-01,1.156357215645755865e+01,1.666635612695831770e-01,2.607314287582767395e-03,6.179492387779555562e-17,6.958144512100554457e-02
1.355756632575920667e+05,1.219175786996978594e+01,2.123250064661260240e+03,8.736796601517802241e-01,1.109929679182808826e+01,1.530679116084563973e-01,2.413511791067273447e-03,5.052838917632300088e-17,6.329999459039138687e-02
1.374560892838131113e+05,1.168905181033276186e+01,2.110815608633547527e+03,8.379658473491450321e-01,1.065085995668832730e+01,1.404838260031503194e-01,2.232888941060991433e-03,4.126654410938549463e-17,5.750929135107652607e-02
1.393365153100341849e+05,1.120443261449404737e+01,2.098381746145587840e+03,8.035130581231028080e-01,1.021783318965544751e+01,1.288451880015502038e-01,2.064659792989441845e-03,3.366324475670493311e-17,5.217651892095596239e-02
1.412169413362552586e+05,1.073734815389823893e+01,2.085948367098055769e+03,7.702843942213292161e-01,9.799795462968706516e+00,1.180895283826063347e-01,1.908078209257592925e-03,2.743006563026588705e-17,4.727069011634019158e-02
1.425373269791179046e+05,1.041956224294354172e+01,2.077218204523608165e+03,7.476641957298838514e-01,9.514995069247017767e+00,1.110329822139498601e-01,1.804708903084911676e-03,2.374122324905641708e-17,4.406528684960492326e-02
1.438577126219805505e+05,1.010997343994984021e+01,2.068488186036424850e+03,7.256174859709549896e-01,9.237239934814841291e+00,1.043632091554506508e-01,1.706498376329063918e-03,2.053796401928696069e-17,4.104631163226470786e-02
1.451780982648431964e+05,9.808402412265136761e+00,2.059758272007416053e+03,7.041322033466398400e-01,8.966390888413810600e+00,9.806156655893290275e-02,1.613221059740924199e-03,1.775818800652673438e-17,3.820453288601396991e-02
1.464984839077058714e+05,9.514672984921286769e+00,2.051028422368798601e+03,6.831964783999813218e-01,8.702310573367050495e+00,9.211017288858176777e-02,1.524659783000399367e-03,1.534746692533878206e-17,3.553110048267274501e-02
1.478188695505685173e+05,9.228612101734766426e+00,2.042298596603689475e+03,6.627986321390978430e-01,8.444863447234640219e+00,8.649188336147127509e-02,1.440605527166388851e-03,1.325813353613964725e-17,3.301753347239096831e-02
1.491392551934311632e+05,8.950049786552026987e+00,2.033568753735304426e+03,6.429271743476416834e-01,8.193915780846834807e+00,8.119026610302242097e-02,1.360857182443160444e-03,1.144847433450150234e-17,3.065570807208370385e-02
1.497671406486526539e+05,8.820166817652332014e+00,2.029417417241117846e+03,6.336590570581225323e-01,8.076824122328989830e+00,7.877569371326849368e-02,1.324388666029821483e-03,1.067530109475898114e-17,2.958355588592092786e-02
1.503950261038741155e+05,8.691923999461442563e+00,2.025266063018731529e+03,6.245062128868325013e-01,7.961158291540171739e+00,7.642752162297471175e-02,1.288829791295415059e-03,9.953510889063764577e-18,2.854314362016882600e-02
1.510229115590956062e+05,8.565303772763957824e+00,2.021114686548140980e+03,6.154674505581562149e-01,7.846904339167575237e+00,7.414414393651165558e-02,1.254160727367634913e-03,9.279779992647238058e-18,2.753367837434709739e-02
1.516507970143170678e+05,8.440288730039210208e+00,2.016963283284075715e+03,6.065415881908720053e-01,7.734048408296988697e+00,7.192398776396943805e-02,1.220362012781991187e-03,8.650992451387922209e-18,2.655438377459892751e-02
1.522786824695385585e+05,8.316861614535243419e+00,2.012811848655699123e+03,5.977274532561103193e-01,7.622576734337138227e+00,6.976551268716781051e-02,1.187414550058375068e-03,8.064227609372742122e-18,2.560449970476891962e-02
1.529065679247600201e+05,8.195005319314619285e+00,2.008660378066293333e+03,5.890238825330115224e-01,7.512475644909565098e+00,6.766721023132911406e-02,1.155299600333390027e-03,7.516748351101570107e-18,2.468328204038035961e-02
1.531388749293569126e+05,8.150315251379421255e+00,2.007124394086541315e+03,5.858314980384102810e-01,7.472084735647480436e+00,6.690582695414082348e-02,1.143624907940814749e-03,7.323627944544804267e-18,2.434956583144824716e-02
1.533711819339538051e+05,8.105837032586586943e+00,2.005588404316571996e+03,5.826540322264331939e-01,7.431878897807322026e+00,6.615240433249981733e-02,1.132060736962309157e-03,7.135408419970989732e-18,2.401963748336899060e-02
1.536034889385506976e+05,8.061569811991063261e+00,2.004052408520839208e+03,5.794914271470044120e-01,7.391857448523156293e+00,6.540686921275758181e-02,1.120606174860320353e-03,6.951968583002658345e-18,2.369346093328447700e-02
1.538357959431475902e+05,8.017512741413415966e+00,2.002516406463294970e+03,5.763436250226907642e-01,7.352019706657268117e+00,6.466914901328370269e-02,1.109260315547541589e-03,6.773190136110039566e-18,2.337100040462547143e-02
1.540681029477444827e+05,7.973664975407775302e+00,2.000980397907391762e+03,5.732105682465573615e-01,7.312364992775786554e+00,6.393917172080267053e-02,1.098022259348950015e-03,6.598957612116891632e-18,2.305222040528136923e-02
1.540913336482045706e+05,7.969291678092592868e+00,2.000826796685269301e+03,5.728980713504638889e-01,7.308409561821402001e+00,6.386659709581112010e-02,1.096904348453533497e-03,6.581780022848600811e-18,2.302054347646191254e-02
1.541145643486646877e+05,7.964920464552960766e+00,2.000673195395555695e+03,5.725857212760360193e-01,7.304455953691801007e+00,6.379409911380717890e-02,1.095787505761271381e-03,6.564646652362584466e-18,2.298890296555565829e-02
1.541377950491248048e+05,7.960551333947980090e+00,2.000519594038013565e+03,5.722735179659516058e-01,7.300504167710400338e+00,6.372167770370716633e-02,1.094671730383023562e-03,6.547557389728162074e-18,2.295729883753734255e-02
1.541610257495849219e+05,7.956184285437023718e+00,2.000365992612405535e+03,5.719614613629044886e-01,7.296554203200796174e+00,6.364933279448643788e-02,1.093557021430287442e-03,6.530512124284223213e-18,2.292573105740654954e-02
1.541726410998149950e+05,7.954001541704188938e+00,2.000289191874002654e+03,5.718054880586171951e-01,7.294579903786591935e+00,6.361318900552238864e-02,1.093000066585932085e-03,6.522005955998924710e-18,2.290996078687152979e-02
1.541842564500450389e+05,7.951819318179750518e+00,2.000212391118494224e+03,5.716495514096072705e-01,7.292606059486761438e+00,6.357706431516924050e-02,1.092443378015060893e-03,6.513510745634925039e-18,2.289419959019687797e-02
1.541958718002750829e+05,7.949637614758706228e+00,2.000135590345850460e+03,5.714936514087166630e-01,7.290632670216804279e+00,6.354095871456455491e-02,1.091886955606769308e-03,6.505026479434783525e-18,2.287844746301509816e-02
1.542074871505051560e+05,7.947456431334137150e+00,2.000058789557841919e+03,5.713377880486200100e-01,7.288659735889624791e+00,6.350487219539302508e-02,1.091330799258076337e-03,6.496553143776438502e-18,2.286270440124105185e-02
1.542225063715757860e+05,7.944636824280199683e+00,1.999959482302051128e+03,5.711362929225221041e-01,7.286109025115761639e+00,6.345843146714057192e-02,1.090615389395541710e-03,6.485692164202261149e-18,2.284245938537923792e-02
1.542375255926464160e+05,7.941818086263547016e+00,1.999860175003828317e+03,5.709348694580441697e-01,7.283559358500306224e+00,6.341182986324368775e-02,1.089897089057540250e-03,6.474770015114514492e-18,2.282213135289750533e-02
1.543126216979967721e+05,7.927737423583262277e+00,1.999363638075802101e+03,5.699286701254013821e-01,7.270822424046639476e+00,6.317929920647477604e-02,1.086312245087705857e-03,6.420431580290777705e-18,2.272071795966030400e-02
1.543877178033470991e+05,7.913678452464837143e+00,1.998867100413715889e+03,5.689239993590698985e-01,7.258104470572875222e+00,6.294756240451618301e-02,1.082738475417610851e-03,6.366544301680872078e-18,2.261968165295375269e-02
1.547631983301002474e+05,7.843707980578225936e+00,1.996384400811700061e+03,5.639235065291690052e-01,7.194798620793529942e+00,6.180070309116764138e-02,1.065034700645614302e-03,6.103748436571046820e-18,2.212011546370758544e-02
1.551386788568533957e+05,7.774275564261631466e+00,1.993901681653677997e+03,5.589609391143903760e-01,7.131963884492954264e+00,6.067333555869131728e-02,1.047603341111116599e-03,5.851695699542114945e-18,2.162980175447897987e-02
1.555141593836065149e+05,7.705377694816194278e+00,1.991418941932203779e+03,5.540360576981545604e-01,7.069597431276215538e+00,5.956516820233375559e-02,1.030440738922383439e-03,5.609957377831179428e-18,2.114859690056376459e-02
1.558896399103596632e+05,7.637010882051935567e+00,1.988936180636239214e+03,5.491486240241013617e-01,7.007696442468427378e+00,5.847591314077975333e-02,1.013543278374921201e-03,5.378121320793363646e-18,2.067635914025258564e-02
1.584280012259080540e+05,7.188496893477951843e+00,1.972151323349102768e+03,5.170723590242948253e-01,6.601223010398751256e+00,5.158693937850630101e-02,9.059970676686041925e-04,4.041872794276552275e-18,1.770858760873086218e-02
1.605852390855822014e+05,6.825494918029613167e+00,1.957885587197932864e+03,4.910953663082971432e-01,6.271763969342666556e+00,4.633940180937549252e-02,8.232098292938117750e-04,3.170019581542552848e-18,1.547297073998030875e-02
1.627424769452563196e+05,6.478526461720126584e+00,1.943618675793944249e+03,4.662520351082899417e-01,5.956451236374702418e+00,4.159949464240242367e-02,7.476959621069562134e-04,2.486453256787348367e-18,1.347599963262521156e-02
1.648997148049304378e+05,6.146986851726857992e+00,1.929350385115689733e+03,4.425007984550631823e-01,5.654787460174381941e+00,3.732348004980035050e-02,6.788940009217468187e-04,1.951100133083859155e-18,1.169621904669051506e-02
1.670569526646045560e+05,5.830290063280538781e+00,1.915080506605886967e+03,4.198012798470584506e-01,5.366287785433884849e+00,3.347090334440175341e-02,6.162805554173740683e-04,1.532228766333578865e-18,1.011381409977487808e-02
1.692141905242786743e+05,5.527868297632215544e+00,1.900808826967968571e+03,3.981142720786668421e-01,5.090479754457426509e+00,3.000439313338549435e-02,5.593682607582231483e-04,1.204762897859276350e-18,8.710509701978655719e-03
1.713714283839527925e+05,5.239171564234005984e+00,1.886535127948948229e+03,3.774017159906535857e-01,4.826903200388541926e+00,2.688946983716907282e-02,5.077038055501721138e-04,9.489239629236979284e-19,7.469474212090967437e-03
1.735286662436269107e+05,4.963667267260849059e+00,1.872259186107853793e+03,3.576266791728946459e-01,4.575110132756448067e+00,2.409436218431049853e-02,4.608660304586489919e-04,7.491413460659864318e-19,6.375227116737288910e-03
1.756859041033010290e+05,4.700839796588106800e+00,1.857980772569026385e+03,3.387533346546096613e-01,4.334664616165646578e+00,2.158983119529199815e-02,4.184640885472251182e-04,5.931796299917948846e-19,5.413550484011854513e-03
1.778431419629751472e+05,4.450190123324450298e+00,1.843699652759687751e+03,3.207469396238301629e-01,4.105142643121425294e+00,1.934900104424467845e-02,3.801356553159278024e-04,4.714412728066691718e-19,4.571403879633700873e-03
1.800003798226492654e+05,4.211235399980624905e+00,1.829415586131385453e+03,3.035738142260858141e-01,3.886132002188275703e+00,1.734719603742686245e-02,3.455451723921063945e-04,3.764107578547841143e-19,3.836842356444806861e-03
1.814342217725631781e+05,4.058650169128351415e+00,1.819919706134880244e+03,2.926043311983901885e-01,3.746180958213748635e+00,1.613769801609541560e-02,3.244684155694803687e-04,3.250790389673222240e-19,3.402713284548029588e-03
1.828680637224771199e+05,3.910891516179471505e+00,1.810422341316641905e+03,2.819791973151010711e-01,3.610581629143811533e+00,1.501758062201795189e-02,3.048199197071708370e-04,2.815262188622678611e-19,3.008289178833326548e-03
1.843019056723910326e+05,3.767829028239071398e+00,1.800923416280515085e+03,2.716892758732720736e-01,3.479221452439399176e+00,1.398101457736931549e-02,2.865185686414370349e-04,2.445672784169080077e-19,2.650766780389568218e-03
1.857357476223049744e+05,3.629335197266151170e+00,1.791422854261354132e+03,2.617256241168455788e-01,3.351990079354108421e+00,1.302250011848467455e-02,2.694873175866170016e-04,2.131984206938341466e-19,2.327506359125994153e-03
1.871695895722188870e+05,3.495285370746686215e+00,1.781920577081041984e+03,2.520794906218888909e-01,3.228779357493892110e+00,1.213684769565859592e-02,2.536529473323059065e-04,1.865698588911959384e-19,2.036021987914553820e-03
1.886034315221328288e+05,3.365557702760365366e+00,1.772416505103746431e+03,2.427423127172568251e-01,3.109483313628357504e+00,1.131915875384116414e-02,2.389458089075116489e-04,1.639625843072465811e-19,1.773971852001828301e-03
1.900372734720467415e+05,3.240033105435403904e+00,1.762910557190673899e+03,2.337057139415047724e-01,2.993998136754449924e+00,1.056480659052023985e-02,2.252995576505608321e-04,1.447685482730586791e-19,1.539148591279728036e-03
1.910110435358176765e+05,3.157122279326727288e+00,1.756453638110157499e+03,2.277358616623030296e-01,2.917689304881514900e+00,1.008637710892628693e-02,2.166044703287169060e-04,1.334142775259078529e-19,1.394131203654760866e-03
1.919848135995886114e+05,3.076060520656804353e+00,1.749995789384822729e+03,2.218983422691555019e-01,2.843059910956336811e+00,9.633830099874920311e-03,2.083503285493264667e-04,1.232560604629610391e-19,1.260087002888357101e-03
1.929585836633595463e+05,2.996812637728610618e+00,1.743536984351884939e+03,2.161906754878007708e-01,2.770079121042460901e+00,9.205905004521570956e-03,2.005185746457250002e-04,1.141694909543409867e-19,1.136417619181871383e-03
1.939323537271304813e+05,2.919343991479690814e+00,1.737077195996744877e+03,2.106104188821390777e-01,2.698716549060000691e+00,8.801385812102638720e-03,1.930911507177701040e-04,1.060436367279143818e-19,1.022546574730775386e-03
1.949061237909014453e+05,2.843620488707118810e+00,1.730616396946721579e+03,2.051551674968467298e-01,2.628942254149813529e+00,8.419098575593031430e-03,1.860504573683602488e-04,9.877958484303188629e-20,9.179180274974015888e-04
1.958798938546723803e+05,2.769608575333146749e+00,1.724154559464910790e+03,1.998225534965356875e-01,2.560726737875744785e+00,8.057909063301688796e-03,1.793793138718337613e-04,9.228913874912159227e-20,8.219955836928287234e-04
1.962926749429217598e+05,2.738743407958618370e+00,1.721415066599010061e+03,1.975985003749354540e-01,2.532273514803483838e+00,7.910899356942358365e-03,1.766588359927716192e-04,8.975182286218338759e-20,7.838345872640090865e-04
1.967054560311711393e+05,2.708177371257301402e+00,1.718675379928841494e+03,1.953958892048882068e-01,2.504092973731111282e+00,7.767401645828911350e-03,1.740004796729997805e-04,8.733376643564166017e-20,7.471061958001857291e-04
1.971182371194205189e+05,2.677907995437613042e+00,1.715935497280924665e+03,1.932145455735012618e-01,2.476182938939429867e+00,7.627335476197132785e-03,1.714029953752331070e-04,8.502971621965660607e-20,7.117724531091481309e-04
1.975310182076698984e+05,2.647932827504039910e+00,1.713195416469477095e+03,1.910542962320012639e-01,2.448541248692947203e+00,7.490621495638502721e-03,1.688651439445091208e-04,8.283466735470760738e-20,6.777959395082685167e-04
1.979437992959193070e+05,2.618249431167609664e+00,1.710455135296337176e+03,1.889149690903788037e-01,2.421165755187271174e+00,7.357181432346125011e-03,1.663856962513313425e-04,8.074385138462886302e-20,6.451397613626152919e-04
1.983565803841686866e+05,2.588855386752529686e+00,1.707714651550883218e+03,1.867963932116508963e-01,2.394054324490167307e+00,7.226938076246387267e-03,1.639634328718044974e-04,7.875272482703566309e-20,6.137675415930902338e-04
1.985629709282933618e+05,2.574266119890077587e+00,1.706344333019295391e+03,1.857448338921660613e-01,2.380596969622314596e+00,7.162991321381597179e-03,1.627733668141798692e-04,7.779318406443479023e-20,5.985516874013136141e-04
1.987693614724180661e+05,2.559748291114776642e+00,1.704973963009963427e+03,1.846983988068706117e-01,2.367204836490722553e+00,7.099815262169175030e-03,1.615971438090122564e-04,7.685695827904749591e-20,5.836434112049863031e-04
1.989757520165427704e+05,2.545301602601054203e+00,1.703603541243021937e+03,1.836570669105221376e-01,2.353877662230134060e+00,7.037400538804024913e-03,1.604346140408926386e-04,7.594353804181586436e-20,5.690383075532610795e-04
1.991821425606674457e+05,2.530925757547844768e+00,1.702233067437810632e+03,1.826208172290894882e-01,2.340615184833547691e+00,6.975737855065123824e-03,1.592856282567272448e-04,7.505242603274147225e-20,5.547320018858457012e-04
1.993885331047921500e+05,2.516620460162939388e+00,1.700862541312881831e+03,1.815896288586397178e-01,2.327417143138234223e+00,6.914817977942975917e-03,1.581500377602334390e-04,7.418313674189653707e-20,5.407201503622979842e-04
1.994177842804602114e+05,2.514598699672441207e+00,1.700668296088959778e+03,1.814438896007798396e-01,2.325551818504886459e+00,6.906243535705895720e-03,1.579901687877471764e-04,7.406167280485907720e-20,5.387578622813925071e-04
1.994470354561282729e+05,2.512578349486814133e+00,1.700474049807637812e+03,1.812982515298357522e-01,2.323687782197973561e+00,6.897683803648034344e-03,1.578305654840107439e-04,7.394063634248177934e-20,5.368013898730863423e-04
1.994762866317963344e+05,2.510559408768963330e+00,1.700279802468111029e+03,1.811527145866433097e-01,2.321825033478179812e+00,6.889138755791611966e-03,1.576712274284228167e-04,7.382002602840076494e-20,5.348507209199916896e-04
1.995055378074643959e+05,2.508541876682204741e+00,1.700085554069573618e+03,1.810072787120671489e-01,2.319963571606537212e+00,6.880608366181950944e-03,1.575121542005465431e-04,7.369984054065303773e-20,5.329058432173282853e-04
1.995084629250312282e+05,2.508340200916040263e+00,1.700066129171443208e+03,1.809927406811077111e-01,2.319777496167582775e+00,6.879756132426269495e-03,1.574962614271071192e-04,7.368784530657206974e-20,5.327116734962893943e-04
1.995113880425980315e+05,2.508138539226986818e+00,1.700046704262714002e+03,1.809782036601841337e-01,2.319591433588983787e+00,6.878904044967981517e-03,1.574803712973267501e-04,7.367585430626936239e-20,5.325175615536073635e-04
1.995143131601648347e+05,2.507936891614209074e+00,1.700027279343384862e+03,1.809636676492374363e-01,2.319405383870002613e+00,6.878052103780860592e-03,1.574644838107749532e-04,7.366386753841450737e-20,5.323235073771436822e-04
1.995172382777316379e+05,2.507735258076874807e+00,1.700007854413455334e+03,1.809491326482088047e-01,2.319219347009905174e+00,6.877200308839057606e-03,1.574485989670412224e-04,7.365188500169982230e-20,5.321295109547009676e-04
1.995175307894890138e+05,2.507715095497258240e+00,1.700005911919879281e+03,1.809476792036491533e-01,2.319200744031105099e+00,6.877115137387380603e-03,1.574470106280058390e-04,7.365068698069089249e-20,5.321101144884585622e-04
1.995178233012464189e+05,2.507694933058386866e+00,1.700003969426197273e+03,1.809462257691880627e-01,2.319182141180885726e+00,6.877029967397906354e-03,1.574454223153974228e-04,7.364948900198159538e-20,5.320907185996176731e-04
1.995181158130037948e+05,2.507674770760259353e+00,1.700002026932409308e+03,1.809447723448253387e-01,2.319163538459245277e+00,6.876944798871621918e-03,1.574438340292319116e-04,7.364829106560882456e-20,5.320713232880159953e-04
1.995182620688824973e+05,2.507664689663974933e+00,1.700001055685475421e+03,1.809440456364309890e-01,2.319154237146643815e+00,6.876902215155261504e-03,1.574430398960237711e-04,7.364769211321820036e-20,5.320616258489604521e-04
1.995184083247611998e+05,2.507654608602876145e+00,1.700000084438515159e+03,1.809433189305610645e-01,2.319144935866185087e+00,6.876859631806417003e-03,1.574422457694645006e-04,7.364709317148560024e-20,5.320519285539542865e-04
1.995185545806398732e+05,2.507644527576962989e+00,1.699999113196412054e+03,1.809425900141979904e-01,2.319135636051788296e+00,6.876815373772697353e-03,1.574436458930851947e-04,7.364851113234694293e-20,5.320424913106969189e-04
1.995200406083361886e+05,2.507542101663459810e+00,1.699989244973438190e+03,1.809352065134493537e-01,2.319041132866074051e+00,6.876382733337581959e-03,1.574355777355873024e-04,7.364242629838930731e-20,5.319439728626722567e-04
1.995215266360324749e+05,2.507439679382236886e+00,1.699979376747847255e+03,1.809278232733186331e-01,2.318946632998709845e+00,6.875950130633468049e-03,1.574275102599235565e-04,7.363634255566995781e-20,5.318454693151982229e-04
1.995327389342508686e+05,2.506667005242355195e+00,1.699904919445430096e+03,1.808721240380034290e-01,2.318233724521256534e+00,6.872687295457444688e-03,1.573666619418147674e-04,7.359047498245741062e-20,5.311027256958946374e-04
1.995439512324692332e+05,2.505894537832161095e+00,1.699830461993983363e+03,1.808164396356958525e-01,2.317521004907759696e+00,6.869426606728133537e-03,1.573058524154184691e-04,7.354466945304883199e-20,5.303608295620403828e-04
1.995551635306875978e+05,2.505122277104596673e+00,1.699756004393460898e+03,1.807607700630698422e-01,2.316808474116655248e+00,6.866168062986141227e-03,1.572450816570554423e-04,7.349892589359410116e-20,5.296197802280724161e-04
1.996112250217780529e+05,2.501264072059796728e+00,1.699383714153086430e+03,1.804826445287954495e-01,2.313248651042787429e+00,6.849907468083174349e-03,1.569418085582429431e-04,7.327113506952809180e-20,5.259272115728830547e-04
1.996672865128684789e+05,2.497411027027071295e+00,1.699011420178856497e+03,1.802048892380072043e-01,2.309693542298313584e+00,6.833700279435021840e-03,1.566395011152685052e-04,7.304488248025199944e-20,5.222557102005523453e-04
1.997233480039589340e+05,2.493563136134052005e+00,1.698639122464968523e+03,1.799275037756394025e-01,2.306143142695984860e+00,6.817546315362590925e-03,1.563381563768815295e-04,7.282015900854165002e-20,5.186051906880171335e-04
1.997794094950493891e+05,2.489720393513869645e+00,1.698266821005616521e+03,1.796504877270083955e-01,2.302597447053158053e+00,6.801445394531473176e-03,1.560377713949282505e-04,7.259695559652433684e-20,5.149755677765360546e-04
2.000597169505001802e+05,2.470583699549034229e+00,1.696405257323439855e+03,1.782709342026702615e-01,2.284939347160825029e+00,6.721730115958077754e-03,1.545501398531579063e-04,7.150342649297410982e-20,4.971379297274652973e-04
2.016003057438529213e+05,2.367669700585839809e+00,1.686172270318511664e+03,1.708512020723213787e-01,2.189957582684161075e+00,6.306208558063620268e-03,1.467847512822474687e-04,6.612024620697483973e-20,4.079225200114030940e-04
2.031408945372056623e+05,2.268497812680381642e+00,1.675936306327493867e+03,1.637001378847975086e-01,2.098399270357828250e+00,5.926322099455403475e-03,1.396710518405807223e-04,6.168200454960916735e-20,3.324112864595947731e-04
2.046814833305584034e+05,2.172951622259811089e+00,1.665697241274826183e+03,1.568095067100443440e-01,2.010161323423929502e+00,5.578643146535540963e-03,1.331509150989398048e-04,5.805003071563358208e-20,2.689980642025690985e-04
2.062220721239111444e+05,2.080917709456093334e+00,1.655454948953258054e+03,1.501712808399343346e-01,1.925143143235838794e+00,5.259943310592441953e-03,1.271682233295619963e-04,5.510796280670904563e-20,2.161738463981934812e-04
2.077626609172638855e+05,1.992285587834380589e+00,1.645209300965352440e+03,1.437776347294265622e-01,1.843246548944704744e+00,4.967203085257036570e-03,1.216692053103757054e-04,5.275801948126044478e-20,1.725318696818327530e-04
2.093032497106165974e+05,1.906947645401665170e+00,1.634960166654736213e+03,1.376209398738217349e-01,1.764375705366960423e+00,4.697623552694422944e-03,1.166028543634266778e-04,5.091796127188675708e-20,1.367737538253242650e-04
2.108438385039693385e+05,1.824799086895352751e+00,1.624707413024565767e+03,1.316937597749538724e-01,1.688437052845414676e+00,4.448637533020322402e-03,1.119213693255281014e-04,4.951862806636067188e-20,1.077153726383901235e-04
2.123844272973220795e+05,1.745737877303291663e+00,1.614450904641357965e+03,1.259888451475438542e-01,1.615339242765212679e+00,4.217917665646228956e-03,1.075805567605224206e-04,4.850194936590964147e-20,8.429116812824588676e-05
2.142366274890056520e+05,1.654632172020054082e+00,1.602114669656080650e+03,1.194142852692623852e-01,1.531091085945899710e+00,3.961784020362427335e-03,1.027561165352396593e-04,4.771814235552888174e-20,6.226066799443384582e-05
2.160888276806892245e+05,1.567678077924794300e+00,1.589772562852088640e+03,1.131388549220864598e-01,1.450669432675060877e+00,3.725887972414089564e-03,9.830396023600099394e-05,4.734862684447404166e-20,4.559839499703028894e-05
2.179410278723727970e+05,1.484713442615360313e+00,1.577424333352611256e+03,1.071509798707884487e-01,1.373927627052897948e+00,3.507540454796829500e-03,9.417053558715110084e-05,4.733883041096083491e-20,3.312470129012536687e-05
2.197932280640563695e+05,1.405581384785893562e+00,1.565069723943846611e+03,1.014394427644191715e-01,1.300723266301092140e+00,3.304488897070332470e-03,9.031053305064688395e-05,4.764649307989086650e-20,2.387629026132878995e-05
2.216454282557399420e+05,1.330130163450860215e+00,1.552708470654390794e+03,9.599337616192323008e-02,1.230918152387867615e+00,3.114867519093071808e-03,8.668622374732183448e-05,4.823993575469700269e-20,1.708115822893946343e-05
2.234976284474235144e+05,1.258213048540772316e+00,1.540340302311404230e+03,9.080225602933540696e-02,1.164378251801416519e+00,2.937142993349704800e-03,8.326659962205998399e-05,4.909664779671285048e-20,1.213111704876653242e-05
2.253498286391070869e+05,1.189688192781202636e+00,1.527964940077838037e+03,8.585589541088028964e-02,1.100973656248485311e+00,2.770060316639598626e-03,8.002642803816237824e-05,5.020214259535219421e-20,8.554377159457202595e-06
2.272020288307906594e+05,1.124418504885749348e+00,1.515582096973150556e+03,8.114443805631710305e-02,1.040578539139884739e+00,2.612592390688557847e-03,7.694531087392572567e-05,5.154904957701936811e-20,5.989987984986642470e-06
2.290542290224742319e+05,1.062271524172322179e+00,1.503191477378186391e+03,7.665835187396108363e-02,9.830711049070399721e-01,2.463895380005268806e-03,7.400680958554313156e-05,5.313642246941246116e-20,4.165201730410097437e-06
2.309064292141578044e+05,1.003119296747494449e+00,1.490792776523352359e+03,7.238842215279993331e-02,9.283335300056588801e-01,2.323270708943019850e-03,7.119767086499258918e-05,5.496925018057848760e-20,2.876209227573543161e-06
2.331675347200313117e+05,9.347881549004154467e-01,1.475645434693913330e+03,6.745590203361906401e-02,8.651008122464737271e-01,2.161699440780281631e-03,6.792827194850107600e-05,5.755533634843740929e-20,1.812907593859075588e-06
2.354286402259048191e+05,8.705199023902139288e-01,1.460484987471626482e+03,6.281667389976253180e-02,8.056268746193122610e-01,2.010403033087932584e-03,6.482016891822350402e-05,6.055391511481862738e-20,1.130669132993425096e-06
2.376897457317783264e+05,8.101074727455741531e-01,1.445310817685657412e+03,5.845580231666595850e-02,7.497204745237492363e-01,1.868637320546742610e-03,6.186097879035121270e-05,6.400809732910348191e-20,6.976058218483691872e-07
2.399508512376518338e+05,7.533526385192839125e-01,1.430122282198999983e+03,5.435898481005774219e-02,6.971984229225247631e-01,1.735764431626014978e-03,5.904067318886696629e-05,6.797448713491055392e-20,4.256818864662647936e-07
2.422119567435253412e+05,7.000657059718625730e-01,1.414918710132193155e+03,5.051253146664934357e-02,6.478853418045997792e-01,1.611224955193337697e-03,5.635092700384282925e-05,7.252477175660454809e-20,2.568184162997061615e-07
2.444730622493988485e+05,6.500652173130383460e-01,1.399699400960476623e+03,4.690334460208143291e-02,6.016134167128061039e-01,1.494518214154641304e-03,5.378464673248513020e-05,7.774808271535204898e-20,1.531372637392997841e-07
2.467341677552723559e+05,6.031776605935479374e-01,1.384463622467337473e+03,4.351889862906146295e-02,5.582221476786740633e-01,1.385188436459051280e-03,5.133563377425170277e-05,8.375426481794543616e-20,9.021557909839816323e-08
2.489952732611458632e+05,5.592371872689428924e-01,1.369210608536083328e+03,4.034722022549212805e-02,5.175581010782085434e-01,1.282815132021682082e-03,4.899834690540202215e-05,9.067825223222523574e-20,5.248631515441713255e-08
2.512563787670193415e+05,5.180853374102516451e-01,1.353939556761590893e+03,3.737686887473825464e-02,4.794746642365103617e-01,1.187006420164000379e-03,4.676773635969904758e-05,9.868583305626995556e-20,3.014247928019864123e-08
2.519930025359501597e+05,5.052555610066450376e-01,1.348960512902482151e+03,3.645082111305079919e-02,4.676015022277246747e-01,1.157149285007564752e-03,4.606329330143885717e-05,1.015614856559300271e-19,2.508756061429178338e-08
2.527296263048809778e+05,4.927005594748716244e-01,1.343979435656109672e+03,3.554461085037919493e-02,4.559826208209842302e-01,1.127937433791644179e-03,4.536951949683849008e-05,1.045815124204011720e-19,2.085021973275259717e-08
2.534662500738117960e+05,4.804153357191664475e-01,1.338996294521248501e+03,3.465787728436989235e-02,4.446133960037251254e-01,1.099358864072415547e-03,4.468626373984270131e-05,1.077545714677186155e-19,1.730325914649968123e-08
2.542028738427426142e+05,4.683949680606632193e-01,1.334011058505283927e+03,3.379026505611093523e-02,4.334892735003665898e-01,1.071401788013093184e-03,4.401337771456803778e-05,1.110899486602256402e-19,1.433845805631958081e-08
2.549394976116734324e+05,4.566346093197178324e-01,1.329023696112665903e+03,3.294142418421241308e-02,4.226057679308459769e-01,1.044054624969755624e-03,4.335071582220283967e-05,1.145976084867339422e-19,1.186386749419364573e-08
2.556761213806042215e+05,4.451294859067550513e-01,1.324034175333037183e+03,3.211100999945656204e-02,4.119584619759907862e-01,1.017305994807963252e-03,4.269813502764129335e-05,1.182882496812417280e-19,9.801472113577489310e-09
2.564127451495350397e+05,4.338748969218119145e-01,1.319042463629014037e+03,3.129868308003530553e-02,4.015430055500177620e-01,9.911447118635060855e-04,4.205549472370911858e-05,1.221733660546876774e-19,8.085171648214974241e-09
2.567320600835810474e+05,4.290728788407224825e-01,1.316877945300620240e+03,3.095208724071063164e-02,3.970990202802420210e-01,9.799839117766607089e-04,4.177997370022252963e-05,1.239210076694562802e-19,7.434292980907156588e-09
2.570513750176270260e+05,4.243166947091525087e-01,1.314713006343584311e+03,3.060880035972655261e-02,3.926974507064506237e-01,9.689305257410297124e-04,4.150628343104147318e-05,1.257085624015060577e-19,6.833803272729857327e-09
2.573706899516730045e+05,4.196059741063661308e-01,1.312547644011850480e+03,3.026879569125320857e-02,3.883379540470341951e-01,9.579836752606411647e-04,4.123441285715032106e-05,1.275371241093285151e-19,6.279960953680294243e-09
2.576900048857189831e+05,4.149403490887620394e-01,1.310381855539447088e+03,2.993204666830145272e-02,3.840201898119821600e-01,9.471424881939923858e-04,4.096435099424696879e-05,1.294078220435556463e-19,5.769290117275848318e-09
2.580093198197649908e+05,4.103194541766221892e-01,1.308215638140280817e+03,2.959852690176827464e-02,3.797438197906718993e-01,9.364060986880419837e-04,4.069608693138678998e-05,1.313218221349528358e-19,5.298562548104679758e-09
2.583286347538109694e+05,4.057429263403063424e-01,1.306048989007917044e+03,2.926821017944207515e-02,3.755085080391397101e-01,9.257736471139938611e-04,4.042960982968710291e-05,1.332803283351029653e-19,4.864780902785814130e-09
2.584882922208346718e+05,4.034711872958952616e-01,1.304965501659167558e+03,2.910424481670262006e-02,3.734061446491991343e-01,9.204961311045986713e-04,4.029703802154101808e-05,1.342766581995025704e-19,4.660867367299911176e-09
2.586479496878583741e+05,4.012104049882190826e-01,1.303881905315387257e+03,2.894107046513578335e-02,3.713139208689924531e-01,9.152442800067559078e-04,4.016490892114696218e-05,1.352845840120706927e-19,4.465162974552366282e-09
2.588076071548820764e+05,3.989605347219601916e-01,1.302798199619958496e+03,2.877868389755530026e-02,3.692317953377693973e-01,9.100179880909183830e-04,4.003322119340011799e-05,1.363042675912118875e-19,4.277351149336188669e-09
2.589672646219057788e+05,3.967215319528684114e-01,1.301714384214949405e+03,2.861708189768209093e-02,3.671597268345466181e-01,9.048171500051827888e-04,3.990197350747351669e-05,1.373358734034961557e-19,4.097126975494480880e-09
2.591269220889294811e+05,3.944933522855493813e-01,1.300630458741122538e+03,2.845626125998464151e-02,3.650976742760598803e-01,8.996416607714198543e-04,3.977116453668745930e-05,1.383795686116065108e-19,3.924196787300227366e-09
2.591482025964376226e+05,3.941971765755013513e-01,1.300485975586240102e+03,2.843488455756245162e-02,3.648235806176141072e-01,8.989537363756469526e-04,3.975376226640546339e-05,1.385196033724389356e-19,3.901682760128480592e-09
2.591694831039457931e+05,3.939011922560209378e-01,1.300341490468633992e+03,2.841352167236705500e-02,3.645496640763803975e-01,8.982662602172266676e-04,3.973636776363895977e-05,1.386598563320385182e-19,3.879292621656500148e-09
2.591907636114539637e+05,3.936053992225860831e-01,1.300197003387448376e+03,2.839217259685150249e-02,3.642759245556345116e-01,8.975792320491220166e-04,3.971898102526508028e-05,1.388003278973804727e-19,3.857025719755270166e-09
2.592120441189621051e+05,3.933097973707222472e-01,1.300052514341826736e+03,2.837083732347230047e-02,3.640023619586961190e-01,8.968926516241890060e-04,3.970160204815296074e-05,1.389410184762000812e-19,3.834881405570835944e-09
2.592141721697123721e+05,3.932802476965015503e-01,1.300038065329187702e+03,2.836870455496156435e-02,3.639750154260910642e-01,8.968240181980590038e-04,3.969986457719057536e-05,1.389550995955432376e-19,3.832673691593386287e-09
2.592163002204626100e+05,3.932506999329477559e-01,1.300023616296894716e+03,2.836657192438925626e-02,3.639476706616607826e-01,8.967553892466954791e-04,3.969812718380888629e-05,1.389691829095545603e-19,3.830467196389947486e-09
2.592184282712128770e+05,3.932211540799566696e-01,1.300009167246239258e+03,2.836443943174793078e-02,3.639203276653090180e-01,8.966867647698700990e-04,3.969638986788857031e-05,1.389832684145112506e-19,3.828261919515502990e-09
2.592205563219631149e+05,3.931916101374236527e-01,1.299994718165591621e+03,2.836230167601661023e-02,3.638929918410770958e-01,8.966127415963638268e-04,3.970005371818606396e-05,1.390739882028969960e-19,3.825015422387889234e-09
2.592207691270377254e+05,3.931886558482414751e-01,1.299993273255799977e+03,2.836208844815333099e-02,3.638902578154523670e-01,8.966058798650655432e-04,3.969987997558547583e-05,1.390753976978040948e-19,3.824795143069807592e-09
2.592209819321123359e+05,3.931857015781627940e-01,1.299991828345811655e+03,2.836187522166918815e-02,3.638875238075060525e-01,8.965990181789157149e-04,3.969970623377868632e-05,1.390768072149365455e-19,3.824574875912831919e-09
2.592211947371869173e+05,3.931827473271873874e-01,1.299990383435626882e+03,2.836166199656419556e-02,3.638847898172385409e-01,8.965921565372892994e-04,3.969953249273825156e-05,1.390782167539099807e-19,3.824354620921527424e-09
2.592214075422615279e+05,3.931797930953152553e-01,1.299988938525245658e+03,2.836144877283833243e-02,3.638820558446495546e-01,8.965852949405009320e-04,3.969935875247794093e-05,1.390796263149123952e-19,3.824134378092653213e-09
2.592214288227684156e+05,3.931794976731787239e-01,1.299988794034196644e+03,2.836142745054159864e-02,3.638817824483631669e-01,8.965846087831372572e-04,3.969934137848837158e-05,1.390797672721321846e-19,3.824112354479897976e-09
2.592214501032753033e+05,3.931792022512332063e-01,1.299988649543145812e+03,2.836140612825865243e-02,3.638815090522531936e-01,8.965839226265389207e-04,3.969932400452013391e-05,1.390799082297657600e-19,3.824090330986241858e-09
2.592214713837822201e+05,3.931789068294787026e-01,1.299988505052092933e+03,2.836138480598950767e-02,3.638812356563201345e-01,8.965832364702400409e-04,3.969930663055299400e-05,1.390800491875241115e-19,3.824068307615394764e-09
2.592214820240363479e+05,3.931787591186492459e-01,1.299988432806565925e+03,2.836137414485838046e-02,3.638810989583978750e-01,8.965828933921284397e-04,3.969929794356644588e-05,1.390801196664154809e-19,3.824057295976263553e-09
2.592214926642905048e+05,3.931786114078675842e-01,1.299988360561038462e+03,2.836136348373070881e-02,3.638809622605198579e-01,8.965825503141313301e-04,3.969928925658275056e-05,1.390801901453691540e-19,3.824046284367378201e-09
2.592215033045446617e+05,3.931784636971336067e-01,1.299988288315510545e+03,2.836135282260647886e-02,3.638808255626859167e-01,8.965822072364027775e-04,3.969928056960817610e-05,1.390802606244737238e-19,3.824035272787626977e-09
2.592215139447988186e+05,3.931783159864474242e-01,1.299988216069982172e+03,2.836134216148569059e-02,3.638806888648962179e-01,8.965818641586328084e-04,3.969927188262734036e-05,1.390803311035285083e-19,3.824024261239630390e-09
2.592215245850529755e+05,3.931781682758089813e-01,1.299988143824453346e+03,2.836133150036836484e-02,3.638805521671507615e-01,8.965815210809764636e-04,3.969926319564977079e-05,1.390804015826511337e-19,3.824013249721992158e-09
2.592268447119307239e+05,3.931043189498960588e-01,1.299952020998357284e+03,2.835600137438033450e-02,3.638122088407377830e-01,8.964099963147361457e-04,3.969491995193293998e-05,1.391156480520137342e-19,3.818511297302358758e-09
2.592321648388084723e+05,3.930304815617644554e-01,1.299915898049437601e+03,2.835067211022659905e-02,3.637438765618214442e-01,8.962384995062980253e-04,3.969057719312357247e-05,1.391509082618458599e-19,3.813016936247460149e-09
2.592374849656862207e+05,3.929566561097835864e-01,1.299879774977680881e+03,2.834534370778943671e-02,3.636755553288933407e-01,8.960670306514944292e-04,3.968623491915694140e-05,1.391861822183392310e-19,3.807530156542408895e-09
2.592428050925639691e+05,3.928828425923228673e-01,1.299843651783073710e+03,2.834001616695109790e-02,3.636072451404442352e-01,8.958955897466299627e-04,3.968189312999280931e-05,1.392214699280300205e-19,3.802050948180368512e-09
2.592433371052518778e+05,3.928754618969125811e-01,1.299840039456855720e+03,2.833948346025067302e-02,3.636004147289874644e-01,8.958784471932723387e-04,3.968145897773986977e-05,1.392249994556884066e-19,3.801503443382963331e-09
2.592438691179398156e+05,3.928680813208296763e-01,1.299836427129409003e+03,2.833895076216492656e-02,3.635935844279590268e-01,8.958613049193590427e-04,3.968102483033373408e-05,1.392285291209418002e-19,3.800956014189154762e-09
2.592444011306277243e+05,3.928607008640722653e-01,1.299832814800733786e+03,2.833841807269376137e-02,3.635867542373571459e-01,8.958441629248930019e-04,3.968059068777520182e-05,1.392320589238041883e-19,3.800408660588927302e-09
2.592449331433156331e+05,3.928533205266390160e-01,1.299829202470829841e+03,2.833788539183706989e-02,3.635799241571806562e-01,8.958270212098684701e-04,3.968015655006306005e-05,1.392355888642669283e-19,3.799861382572415996e-09
2.592449863445849915e+05,3.928525824994584248e-01,1.299828841237771940e+03,2.833783212422518599e-02,3.635792411552363212e-01,8.958253070536971886e-04,3.968011313655721046e-05,1.392359418658653658e-19,3.799806658927721991e-09
2.592450395458543499e+05,3.928518444734710457e-01,1.299828480004701760e+03,2.833777885669945540e-02,3.635785581543962142e-01,8.958235929003653241e-04,3.968006972310134258e-05,1.392362948688612581e-19,3.799751936038397740e-09
2.592450927471237083e+05,3.928511064486769344e-01,1.299828118771619302e+03,2.833772558925985383e-02,3.635778751546604459e-01,8.958218787497179442e-04,3.968002630968949331e-05,1.392366478731679384e-19,3.799697213905782450e-09
2.592451193477583874e+05,3.928507374365782234e-01,1.299827938155075117e+03,2.833769895556160698e-02,3.635775336550685077e-01,8.958210216752748433e-04,3.968000460299411932e-05,1.392368243757791322e-19,3.799669853121622390e-09
2.592451459483930666e+05,3.928503684247777739e-01,1.299827757538527749e+03,2.833767232188489499e-02,3.635771921557527375e-01,8.958201646013856613e-04,3.967998289630392239e-05,1.392370008786416118e-19,3.799642492527723796e-09
2.592451725490277458e+05,3.928499994132755857e-01,1.299827576921977425e+03,2.833764568822970745e-02,3.635768506567128577e-01,8.958193075283051856e-04,3.967996118963085586e-05,1.392371773819168903e-19,3.799615132121746576e-09
2.592451991496624250e+05,3.928496304020717145e-01,1.299827396305423918e+03,2.833761905459606517e-02,3.635765091579492569e-01,8.958184504556808338e-04,3.967993948295960537e-05,1.392373538853909249e-19,3.799587771906691740e-09
2.592452257502971042e+05,3.928492613911661602e-01,1.299827215688867454e+03,2.833759242098395428e-02,3.635761676594614911e-01,8.958175933840145915e-04,3.967991777631169910e-05,1.392375303893665919e-19,3.799560411878382854e-09
2.593782289222238178e+05,3.910079329090010991e-01,1.298924094458515583e+03,2.820469335787645360e-02,3.618721233894984790e-01,8.915409605577913127e-04,3.957153597190804793e-05,1.401243691969874396e-19,3.665096460141128632e-09
2.595112320941505313e+05,3.891740365898888609e-01,1.298020896224499211e+03,2.807233085087663949e-02,3.601749570146102752e-01,8.872817328377703575e-04,3.946345636173681661e-05,1.410199107023444971e-19,3.535202392968538271e-09
2.608793613198375679e+05,3.707352075086869370e-01,1.288725680885034762e+03,2.674150559960471532e-02,3.431108647821155544e-01,8.444656314413918766e-04,3.836906413002447001e-05,1.507621671812357743e-19,2.431395253066599897e-09
2.617402275681342871e+05,3.595224789808424970e-01,1.282872571540489616e+03,2.593223236344391683e-02,3.327341118495374950e-01,8.184364290377978786e-04,3.769642332479021985e-05,1.574240122580429537e-19,1.915498484163952865e-09
2.626010938164310064e+05,3.486026903860129922e-01,1.277016075372129308e+03,2.514410738463933315e-02,3.226284526986696877e-01,7.930929080817132474e-04,3.703588907104080795e-05,1.645364405609705927e-19,1.505551242464318675e-09
2.634619600647277548e+05,3.379693527047544221e-01,1.271156131525419596e+03,2.437666212927740508e-02,3.127878823592374347e-01,7.684197700171448847e-04,3.638726568150839856e-05,1.721364151280998106e-19,1.180540970742187720e-09
2.643228263130244450e+05,3.276160959637177683e-01,1.265292677883127908e+03,2.362943665927655368e-02,3.032065060157135283e-01,7.444020046757180570e-04,3.575036058293049312e-05,1.802644660349029794e-19,9.234690510785927753e-10
2.651836925613211934e+05,3.175366674792815536e-01,1.259425651027866024e+03,2.290197950565626278e-02,2.938785373840706039e-01,7.210248847102989581e-04,3.512498422988811261e-05,1.889650811985605858e-19,7.206144978928828559e-10
2.660445588096179417e+05,3.077249301209898369e-01,1.253554986203278759e+03,2.219384754321904185e-02,2.847982971064924596e-01,6.982739603245643502e-04,3.451095002687696391e-05,1.982871450641855918e-19,5.609268888603685031e-10
2.669054250579146319e+05,2.981748605952465603e-01,1.247680617273762891e+03,2.150460586668093491e-02,2.759602111645214073e-01,6.761350542597747504e-04,3.390807425751668833e-05,2.082844316260166545e-19,4.355269218081843779e-10
2.672331952298705000e+05,2.946062674310002127e-01,1.245442995358930830e+03,2.124705694913455595e-02,2.726576649110319384e-01,6.678637477765198352e-04,3.368142779691907603e-05,2.122804942343876098e-19,3.952602709769406297e-10
2.675609654018263682e+05,2.910744272246523767e-01,1.243204822910759731e+03,2.099216128164736392e-02,2.693891308349946057e-01,6.596783866255312000e-04,3.345636280231463201e-05,2.163864554569298463e-19,3.585825383211168087e-10
2.678887355737822363e+05,2.875790202458861078e-01,1.240966096114044149e+03,2.073989577850170532e-02,2.661543130541043078e-01,6.515782186422036139e-04,3.323286945183736592e-05,2.206059399194363914e-19,3.251860711475259083e-10
2.682165057457381045e+05,2.841197290591878644e-01,1.238726811122092386e+03,2.049023751968516438e-02,2.629529178096137731e-01,6.435624971198346386e-04,3.301093798058434800e-05,2.249427106480432621e-19,2.947885146289041586e-10
2.685442759176939726e+05,2.806962385106515079e-01,1.236486964056359966e+03,2.024316374993784945e-02,2.597846534541278229e-01,6.356304807748805030e-04,3.279055868020329211e-05,2.294006750114464817e-19,2.671308225070221745e-10
2.688720460896498407e+05,2.773082357146989807e-01,1.234246551006074469e+03,1.999865187779375705e-02,2.566492304393191426e-01,6.277814337122183735e-04,3.257172189845128541e-05,2.339838909446236829e-19,2.419754168503608671e-10
2.689247775078359991e+05,2.767664693244736296e-01,1.233886061926598813e+03,1.995955271301436823e-02,2.561478533308610972e-01,6.265263834538079566e-04,3.253665899716175273e-05,2.347332125789792800e-19,2.381471845331266703e-10
2.689775089260221575e+05,2.762256121004633136e-01,1.233525558079743632e+03,1.992051918176848332e-02,2.556473175899172112e-01,6.252734586692178156e-04,3.250163573122561648e-05,2.354859026804937803e-19,2.343771796627612269e-10
2.690302403442083159e+05,2.756856627561695694e-01,1.233165039448987727e+03,1.988155119116639252e-02,2.551476220259448757e-01,6.240226563329157603e-04,3.246665206084963472e-05,2.362419792995241457e-19,2.306645528051747638e-10
2.690829717623944744e+05,2.751466200065961765e-01,1.232804506017787844e+03,1.984264864842680970e-02,2.546487654497913145e-01,6.227739734232214455e-04,3.243170794629438258e-05,2.370014605982167865e-19,2.270084663790082174e-10
2.691357031805806328e+05,2.746084825682336694e-01,1.232443957769578219e+03,1.980381146087587321e-02,2.541507466736803722e-01,6.215274069214848712e-04,3.239680334783037600e-05,2.377643648499708525e-19,2.234080944985287325e-10
2.691409763223989285e+05,2.745547185671444179e-01,1.232407902129183185e+03,1.979993133309149167e-02,2.541009908293844211e-01,6.214028665575948435e-04,3.239331505983793924e-05,2.378408442443846198e-19,2.230510901590623507e-10
2.691462494642172824e+05,2.745009636050648738e-01,1.232371846340435695e+03,1.979605185784075877e-02,2.540512433500381473e-01,6.212783473247410811e-04,3.238982716657682178e-05,2.379173580707401887e-19,2.226946340040678756e-10
2.691515226060356363e+05,2.744472176807140062e-01,1.232335790403318924e+03,1.979217303503117212e-02,2.540015042344563878e-01,6.211538492197331025e-04,3.238633966799694025e-05,2.379939063472147750e-19,2.223387252267574629e-10
2.691567957478539320e+05,2.743934807928108954e-01,1.232299734317816501e+03,1.978829486457023973e-02,2.539517734814535910e-01,6.210293722396364059e-04,3.238285256406324105e-05,2.380704890924073249e-19,2.219833630213011947e-10
2.691573230620364775e+05,2.743881076009759279e-01,1.232296128701104408e+03,1.978790708339977014e-02,2.539468008660495379e-01,6.210169257033850993e-04,3.238250387537413969e-05,2.380781492634179388e-19,2.219478568312197838e-10
2.691578503762190230e+05,2.743827344994913542e-01,1.232292523082908247e+03,1.978751930875176715e-02,2.539418283342583238e-01,6.210044793783155593e-04,3.238215519062949459e-05,2.380858097792808500e-19,2.219123560980238517e-10
2.691583776904015685e+05,2.743773614883558420e-01,1.232288917462483141e+03,1.978713154062608157e-02,2.539368558860786163e-01,6.209920332644227985e-04,3.238180650989111204e-05,2.380934706445564199e-19,2.218768608135381915e-10
2.691589050045841141e+05,2.743719885675681702e-01,1.232285311844043008e+03,1.978674377902295278e-02,2.539318835215090275e-01,6.209795873620232954e-04,3.238145783282359410e-05,2.381011318339312364e-19,2.218413710184648196e-10
2.691591686616746592e+05,2.743693021410543720e-01,1.232283509041110847e+03,1.978654990066774574e-02,2.539293973705771257e-01,6.209733644906521030e-04,3.238128349523256586e-05,2.381049625170119438e-19,2.218236282336883879e-10
2.691594323187652044e+05,2.743666157371270620e-01,1.232281706245280247e+03,1.978635602394368531e-02,2.539269112405470041e-01,6.209671416724771818e-04,3.238110915802569755e-05,2.381087932411437999e-19,2.218058868860957223e-10
2.691596959758558078e+05,2.743639293557861847e-01,1.232279903456551438e+03,1.978616214885074026e-02,2.539244251314181633e-01,6.209609189079258159e-04,3.238093482122649604e-05,2.381126240070163839e-19,2.217881469752520361e-10
2.691603551185828983e+05,2.743572135012480318e-01,1.232275396515799684e+03,1.978567746825443674e-02,2.539182099500390533e-01,6.209453622298099747e-04,3.238049898093823842e-05,2.381222011021487647e-19,2.217438034841393319e-10
2.691610142613100470e+05,2.743504977878715168e-01,1.232270889619434229e+03,1.978519279785240573e-02,2.539119948992911158e-01,6.209298058854150317e-04,3.238006314311898698e-05,2.381317784558397442e-19,2.216994689712068684e-10
2.691616734040371375e+05,2.743437822156544192e-01,1.232266382767455070e+03,1.978470813764450498e-02,2.539057799791722414e-01,6.209142498747444562e-04,3.237962730776967006e-05,2.381413560681145522e-19,2.216551434346050441e-10
2.691649691176741035e+05,2.743102064718812017e-01,1.232243849173371700e+03,1.978228498951091138e-02,2.538747073379422625e-01,6.208364748263517840e-04,3.237744816803386484e-05,2.381892480068512599e-19,2.214336503330831745e-10
2.691814476858576527e+05,2.741423806771019489e-01,1.232131197849613045e+03,1.977017307086250189e-02,2.537193931078209896e-01,6.204477246940687425e-04,3.236655339485773814e-05,2.384288046223946635e-19,2.203295422800773428e-10
2.691979262540412019e+05,2.739746430633973606e-01,1.232018574274323328e+03,1.975806752038787584e-02,2.535641604805988769e-01,6.200591830156320077e-04,3.235566016393185958e-05,2.386685227081595014e-19,2.192310091145373563e-10
2.692144048222246929e+05,2.738069935956778389e-01,1.231905978453006355e+03,1.974596833555262304e-02,2.534090094238043434e-01,6.196708497078214735e-04,3.234476847499182612e-05,2.389084021758794412e-19,2.181380224920215988e-10
2.692308833904082421e+05,2.736394322388610023e-01,1.231793410391162070e+03,1.973387551382283292e-02,2.532539399049723583e-01,6.192827246874180094e-04,3.233387832777486783e-05,2.391484429367727717e-19,2.170505542124800418e-10
2.693132762313244748e+05,2.728029458909648208e-01,1.231230986666263107e+03,1.967350676310823665e-02,2.524798142444729665e-01,6.173452209804517572e-04,3.227945070812990964e-05,2.403510629860193966e-19,2.116950109780907503e-10
2.693956690722407075e+05,2.719686570576011486e-01,1.230669257750987981e+03,1.961329671025912463e-02,2.517077221673094667e-01,6.154129119676808113e-04,3.222506159162839438e-05,2.415577017073200280e-19,2.064732780884494706e-10
2.694780619131568819e+05,2.711365613618928472e-01,1.230108224328534334e+03,1.955324503914672093e-02,2.509376596231662204e-01,6.134857872522636894e-04,3.217071094569229648e-05,2.427683473724696618e-19,2.013819886758017435e-10
2.695604547540731146e+05,2.703066544316279907e-01,1.229547887079694192e+03,1.949335143397867842e-02,2.501696225660449691e-01,6.115638364481440102e-04,3.211639873835028959e-05,2.439829879129386167e-19,1.964178607838663185e-10
2.699724189586556749e+05,2.661897985613254081e-01,1.226756667096810361e+03,1.919624336813384111e-02,2.463596782782618844e-01,6.020313283304153150e-04,3.184541320379494868e-05,2.501156672159605807e-19,1.733954546171428756e-10
2.703843831632381771e+05,2.621270086804235455e-01,1.223982952161028152e+03,1.890303977564978394e-02,2.425997667512674871e-01,5.926266162152157499e-04,3.157538418600152225e-05,2.563462082351772799e-19,1.531050241470507394e-10
2.707963473678207374e+05,2.581177435190363245e-01,1.221226824569487235e+03,1.861370156150112670e-02,2.388893871001034896e-01,5.833484138410910879e-04,3.130630837069822036e-05,2.626727053712884283e-19,1.352199580555858531e-10
2.724442041861480102e+05,2.426052071560475809e-01,1.210379775886547122e+03,1.749422797722699138e-02,2.245332644023677882e-01,5.474752097290595983e-04,3.023948424627618159e-05,2.888919547435283795e-19,8.247746472145119336e-11
2.740920610044752830e+05,2.279065271899511635e-01,1.199820267394239409e+03,1.643352068713952244e-02,2.109302937130171363e-01,5.135178594761239616e-04,2.919487980762441396e-05,3.166594115029588988e-19,5.051074714819012417e-11
2.757399178228026140e+05,2.139884741601530971e-01,1.189552709676182985e+03,1.542919400526285116e-02,1.980497104111838547e-01,4.814118446665525248e-04,2.815786792886874741e-05,3.452949010727273400e-19,3.111097568256192189e-11
2.773877746411298867e+05,2.008185785126702372e-01,1.179580992634233553e+03,1.447889495271718896e-02,1.858614752563415573e-01,4.510722787002371579e-04,2.713600563565597969e-05,3.746971000982440628e-19,1.927561691770836014e-11
2.790356314594571595e+05,1.883651362280819030e-01,1.169908442040628415e+03,1.358033323741923183e-02,1.743362500267129911e-01,4.224234909052789421e-04,2.612946102276418438e-05,4.044833666054922664e-19,1.202163481101096251e-11
2.806834882777844905e+05,1.765972148209129233e-01,1.160537779554683084e+03,1.273127420515354595e-02,1.634454105557930637e-01,3.953915568087910601e-04,2.513849560541316658e-05,4.342033881064126614e-19,7.552134766701991860e-12
2.823313450961117633e+05,1.654846595986765034e-01,1.151471087039722534e+03,1.192953929694597764e-02,1.531610525205356343e-01,3.699043173139269255e-04,2.416345909894879087e-05,4.633462249118858330e-19,4.781998828036158107e-12
2.839792019144390360e+05,1.549981000510267104e-01,1.142709775975015873e+03,1.117300651755555319e-02,1.434559973476510208e-01,3.458914003014636066e-04,2.320478246477766695e-05,4.913518455247872035e-19,3.053902341488350964e-12
2.856270587327663670e+05,1.451089562231983876e-01,1.134254562689317481e+03,1.045961090451332821e-02,1.343037981033400607e-01,3.232842441107251405e-04,2.226296926608157544e-05,5.176271578056543382e-19,1.968188493467028355e-12
2.872749155510936398e+05,1.357894449137889981e-01,1.126105450047650265e+03,9.787344986049134610e-03,1.256787452186960419e-01,3.020161223208454046e-04,2.133858544214462373e-05,5.415661507768566340e-19,1.280823506513419254e-12
2.889227723694209126e+05,1.270125855257654424e-01,1.118261716103496383e+03,9.154259215375317935e-03,1.175558718926792007e-01,2.820221691952079653e-04,2.043224767364564435e-05,5.625733402221343552e-19,8.420760705808168989e-13
2.905706291877482436e+05,1.187522053918982357e-01,1.110721910087305560e+03,8.558462368181035326e-03,1.099109590074851539e-01,2.632394051013125396e-04,1.954461057115597979e-05,5.800893030076293288e-19,5.595803493891956031e-13
2.919766932096098899e+05,1.120931549016487561e-01,1.104527121837514642e+03,8.078191237278743719e-03,1.037480368112276702e-01,2.481243386679267762e-04,1.880251407610593735e-05,5.918985034077904848e-19,3.983232175609468054e-13
2.933827572314715362e+05,1.057763736366715279e-01,1.098550277242573657e+03,7.622629217559421556e-03,9.790185968497118474e-02,2.338097788063376139e-04,1.807495504867683453e-05,6.005425071989750003e-19,2.859149341130105454e-13
2.947888212533331825e+05,9.978701070548089136e-02,1.092789242068214662e+03,7.190703135422489740e-03,9.235868527522810012e-02,2.202599343536152234e-04,1.736236026968856724e-05,6.058176340851353518e-19,2.069946213337175508e-13
2.961948852751948871e+05,9.411064996110750369e-02,1.087241522483142944e+03,6.781371228623766199e-03,8.710517352640073652e-02,2.074400572129203070e-04,1.666514871890086933e-05,6.075846000324479077e-19,1.511759535182448686e-13
2.976009492970565334e+05,8.873331026382985653e-02,1.081904278674806392e+03,6.393623171617451341e-03,8.212838691755060261e-02,1.953164493389938135e-04,1.598372521139675281e-05,6.057744812576932539e-19,1.113974987987877350e-13
2.990070133189181797e+05,8.364144518060825928e-02,1.076774340930882317e+03,6.026480059933163325e-03,7.741579017817401542e-02,1.838564681088251495e-04,1.531847430943704088e-05,6.003920372785035301e-19,8.283080761119347425e-14
3.004130773407798260e+05,7.882194208127271673e-02,1.071848227964328771e+03,5.678994350593212156e-03,7.295524944612720442e-02,1.730285298713736769e-04,1.466975461876457180e-05,5.915161726383939175e-19,6.215466693724079298e-14
3.018191413626415306e+05,7.426212059832110191e-02,1.067122167227311593e+03,5.350249756078011461e-03,6.873503083712834139e-02,1.628021115001178994e-04,1.403789356755324121e-05,5.792974899916460434e-19,4.707059806932037075e-14
3.032252053845031769e+05,6.994973042453611622e-02,1.062592116932973113e+03,5.039361089892151029e-03,6.474379840205378434e-02,1.531477498019280818e-04,1.342318275227426311e-05,5.639530649700173248e-19,3.597790076019218643e-14
3.046312694063648232e+05,6.587294843062613259e-02,1.058253789485192101e+03,4.745474062377485515e-03,6.097061145563016649e-02,1.440370386718733920e-04,1.282587391884967562e-05,5.457587403909157705e-19,2.775464249517101523e-14
3.060373334282265278e+05,6.202037509313708397e-02,1.054102676003430133e+03,4.467765026017840937e-03,5.740492126754844632e-02,1.354426239192659377e-04,1.224617562992229708e-05,5.250393797588316615e-19,2.160930223015999983e-14
3.074433974500881741e+05,5.838103023123609320e-02,1.050134071627257526e+03,4.205440670101737513e-03,5.403656711473693586e-02,1.273381957296222677e-04,1.168425065081796575e-05,5.021576263031127000e-19,1.697974639922534383e-14
3.088494614719498204e+05,5.494434805912890019e-02,1.046343101283147234e+03,3.957737665217155899e-03,5.085577170106587303e-02,1.196984787638133348e-04,1.114021406858943697e-05,4.775017767326369530e-19,1.346406307363394372e-14
3.106849494303450920e+05,5.074624191910663551e-02,1.041653293853136347e+03,3.655172707834854467e-03,4.697022744694683699e-02,1.103847190604610821e-04,1.045704525440116332e-05,4.433123749804204268e-19,1.008162831534243900e-14
3.125204373887403053e+05,4.685465813808674385e-02,1.037246166124248248e+03,3.374718629289642606e-03,4.336836475287678128e-02,1.017702669073918009e-04,9.804489005260935838e-06,4.076761817538289072e-19,7.663676404891175629e-15
3.143559253471355769e+05,4.324917377872994351e-02,1.033110010005662161e+03,3.114900309266823396e-03,4.003128443486739935e-02,9.380660975845931705e-05,9.182424831349132084e-06,3.714475706502485526e-19,5.912278063954161593e-15
3.161914133055308484e+05,3.991047888763660234e-02,1.029232961176196568e+03,2.874323160657844909e-03,3.694111710932071468e-02,8.644802277085934534e-05,8.590594882554934727e-06,3.354086953044210291e-19,4.627230321767946146e-15
3.180269012639260618e+05,3.682034469396697901e-02,1.025603086414278323e+03,2.651670825522152875e-03,3.408099377141596970e-02,7.965148619552025913e-05,8.028610829663540929e-06,3.002435057968481100e-19,3.672437777097897263e-15
3.198623892223213334e+05,3.396158956276561919e-02,1.022208464944623643e+03,2.445702706678153180e-03,3.143501429791834695e-02,7.337659523759883131e-05,7.495962928564966830e-06,2.665210389539340135e-19,2.954319892975604902e-15
3.216978771807165467e+05,3.131804303324178113e-02,1.019037262972745225e+03,2.255251359248656648e-03,2.898821417954942220e-02,6.758546364355143266e-05,6.992030797747637809e-06,2.346877345144870982e-19,2.407798808826510254e-15
3.235333651391118183e+05,2.887450828573874875e-02,1.016077800832007938e+03,2.079219767461483893e-03,2.672652980053309008e-02,6.224262230446471846e-05,6.516095437726815712e-06,2.050677950549384213e-19,1.987112188949388400e-15
3.253688530975070898e+05,2.661672338537677054e-02,1.013318612406983334e+03,1.916578532294119317e-03,2.463676258688423520e-02,5.731491415669657619e-05,6.067352040060092130e-06,1.778701139259995771e-19,1.659727424115255539e-15
3.272043410559023032e+05,2.453132164623974751e-02,1.010748496713982490e+03,1.766362995218812579e-03,2.270654234123485257e-02,5.277138661585457869e-05,5.644923168824748486e-06,1.532000487611991967e-19,1.402268895375384991e-15
3.290398290142975748e+05,2.260579144858435377e-02,1.008356561709789275e+03,1.627670322434782331e-03,2.092429007149803483e-02,4.858318270600562417e-05,5.247871944336293314e-06,1.310742909064667635e-19,1.197764737585955563e-15
3.308753169726928463e+05,2.082843582409954139e-02,1.006132260559878432e+03,1.499656572659436183e-03,1.927918060457570887e-02,4.472343195028212752e-05,4.875214913078493404e-06,1.114372244553049289e-19,1.033766944491241900e-15
3.327108049310880597e+05,1.918833210201526668e-02,1.004065420726783714e+03,1.381533769887313082e-03,1.776110525580293364e-02,4.116714197877993663e-05,4.525934345338708691e-06,9.417742470505422396e-20,9.010551145241423232e-16
3.345462928894833312e+05,1.767529188311119104e-02,1.002146266338385658e+03,1.272567000608106069e-03,1.636063480105223039e-02,3.789109169061728434e-05,4.198989759441336949e-06,7.914325869598310410e-20,7.927339700308090025e-16
3.363817808478785446e+05,1.627982158059813195e-02,1.000365434366522550e+03,1.172071552892233305e-03,1.506898297249330276e-02,3.487372668567400663e-05,3.893328526219104543e-06,6.615687282326697943e-20,7.035990584191164411e-16
3.382172688062738162e+05,1.499308373752853384e-02,9.987139851912181712e+02,1.079410066484539927e-03,1.387797071802443147e-02,3.209501146140422375e-05,3.607941557530094483e-06,5.502582814059478643e-20,6.296886105963315485e-16
3.400527567646690877e+05,1.380685930076520213e-02,9.971834081481881640e+02,9.939899868974333766e-04,1.277999111098489585e-02,2.953651879043697731e-05,3.341684091869134697e-06,4.555419704788792058e-20,5.679540407240942924e-16
3.418882447230643011e+05,1.271351100240915299e-02,9.957656226606565042e+02,9.152606260313971747e-04,1.176797575816190995e-02,2.718104826597536982e-05,3.093569949355960574e-06,3.754805216278193859e-20,5.160387523593242368e-16
3.437237326814595726e+05,1.170594797159314054e-02,9.944529755444333432e+02,8.427107943968158935e-04,1.083536186363209634e-02,2.501273050348487177e-05,2.862583060271668755e-06,3.082249982754931869e-20,4.721009257366139087e-16
3.455592206398548442e+05,1.077759167315448657e-02,9.932382350510251854e+02,7.758662857078432902e-04,9.976060763950500218e-03,2.301689102768382026e-05,2.647732468024129969e-06,2.520510144011793237e-20,4.346910985201528704e-16
3.473947085982500575e+05,9.922343245315028842e-03,9.921145821804645948e+02,7.142875131589750300e-04,9.184427707332574672e-03,2.117996811707668352e-05,2.448056705999053634e-06,2.053819516443386119e-20,4.026600347176487975e-16
3.492301965566453291e+05,9.134552286271762148e-03,9.910755997562389439e+02,6.575672512593683065e-04,8.455232972738853034e-03,1.948943499515680709e-05,2.262627278009899914e-06,1.668002744494678334e-20,3.750899691466817657e-16
3.510656845150405425e+05,8.408987119716961750e-03,9.901152597116133620e+02,6.053284853140316127e-04,7.783634356720428582e-03,1.793372636052656887e-05,2.090551321623698592e-06,1.350497136736820053e-20,3.512429043329364414e-16
3.529011724734358140e+05,7.740806551815795564e-03,9.892279089917930150e+02,5.572223693735002233e-04,7.165151039701856198e-03,1.650216920241412969e-05,1.930973537693939635e-06,1.090307922788458127e-20,3.305214427334153445e-16
3.547366604318310856e+05,7.125533116888108434e-03,9.884082544311828542e+02,5.129262923689446212e-04,6.595638829237754873e-03,1.518491781082169321e-05,1.783077470273832977e-06,8.779179786535952724e-21,3.124389025274989566e-16
3.565721483902262989e+05,6.559027796156883736e-03,9.876513469210102585e+02,4.721420512205702592e-04,6.071266765854978903e-03,1.397289286155587715e-05,1.646086219481596346e-06,7.051691805201216193e-21,2.965963585681514809e-16
3.584076363486215705e+05,6.037466182995278666e-03,9.869525651404899236e+02,4.345941289211324027e-04,5.588495066973724057e-03,1.285772443377725073e-05,1.519262666362086147e-06,5.651288164843798838e-21,2.826648855314650089e-16
3.602431243070167839e+05,5.557316059118015683e-03,9.863075990849515620e+02,4.000280749521060715e-04,5.144054376080432756e-03,1.183169880124263760e-05,1.401909283964225227e-06,4.519511294779807769e-21,2.703717355903889511e-16
3.624507703141270322e+05,5.030075889782531680e-03,9.855974926513123364e+02,3.620726724195325562e-04,4.656025123574975173e-03,1.070571552790631079e-05,1.272378259859240704e-06,3.445484178579154721e-21,2.574374666549561851e-16
3.646584163212372223e+05,4.552842620764833287e-03,9.849529883925697504e+02,3.277178169939167396e-04,4.214283143106390545e-03,9.687136758264967688e-06,1.154523906015099235e-06,2.620038166880178412e-21,2.462198109332176882e-16
3.668660623283474124e+05,4.120900438604520148e-03,9.843681734685741276e+02,2.966238595034165009e-04,3.814463500128405845e-03,8.765728037299134499e-06,1.047350935162523092e-06,1.987779183037735800e-21,2.364529324533858551e-16
3.690737083354576607e+05,3.729971106347287641e-03,9.838376387587613863e+02,2.684826847514454416e-04,3.452606260626908934e-03,7.932222760857621309e-06,9.499382078479760149e-07,1.504970236350632965e-21,2.279188579191843876e-16
3.712813543425678508e+05,3.376174843830806894e-03,9.833564414420287676e+02,2.430148892593480441e-04,3.125120286818724481e-03,7.178232556007703007e-06,8.614351965063336447e-07,1.137300111609695175e-21,2.204376901674268380e-16
3.734890003496780409e+05,3.055994421861887682e-03,9.829200693220683434e+02,2.199671913940664245e-04,2.828750006703472514e-03,6.496165545742296060e-06,7.810582183924769265e-07,8.580061378858162804e-22,2.138600352468436065e-16
3.756966463567882311e+05,2.766242259077273877e-03,9.825244070291275875e+02,1.991100585193498573e-04,2.560544962125214236e-03,5.879151890159794612e-06,7.080865423417881034e-07,6.463201873874103712e-22,2.080611001204274779e-16
3.779042923638984794e+05,2.504030314023618711e-03,9.821657041721141468e+02,1.802355360993939607e-04,2.317831943444633846e-03,5.320976025008808426e-06,6.418584543794797685e-07,4.861995668373189752e-22,2.029360605396472661e-16
3.801119383710086695e+05,2.266742570973373592e-03,9.818405454690089300e+02,1.631552641332814418e-04,2.098189524439866404e-03,4.816015050264303388e-06,5.817673497630762256e-07,3.653024303026744005e-22,1.983964015007864612e-16
3.823195843781188596e+05,2.052009925639716389e-03,9.815458228472102746e+02,1.476986668659668064e-04,1.899424818114963179e-03,4.359182754588849291e-06,5.272579040031889646e-07,2.741687239650625111e-22,1.943670075152366880e-16
3.845272303852290497e+05,1.857687285784265403e-03,9.812787094772758110e+02,1.337113023721935349e-04,1.719552282253887640e-03,3.945878795352663057e-06,4.778223626407963247e-07,2.055709949891482174e-22,1.907838347529943293e-16
3.867348763923392980e+05,1.681832711327099945e-03,9.810366356822728449e+02,1.210533593150272841e-04,1.556774412445555492e-03,3.571942587478737578e-06,4.329969788509773901e-07,1.540036406037718330e-22,1.875920375929631263e-16
3.889425223994494881e+05,1.522688428643696398e-03,9.808172666494356235e+02,1.095982889173180246e-04,1.409464169619865058e-03,3.233611487243777038e-06,3.923586190848609163e-07,1.152836734765627170e-22,1.847444521996889437e-16
3.911501684065596783e+05,1.378663564007297270e-03,9.806184818600368089e+02,9.923156093377144972e-05,1.276148998634758606e-03,2.927482888859606411e-06,3.555215497253878497e-07,8.624042718062372208e-23,1.822003622638442242e-16
3.933578144136699266e+05,1.248318451399863449e-03,9.804383561464202330e+02,8.984953315859637332e-05,1.155496303947254081e-03,2.650479881928647158e-06,3.221344119043587605e-07,6.447559432420040606e-23,1.799244890059720303e-16
3.955654604207801167e+05,1.130350380012004521e-03,9.802751422812693818e+02,8.135842473769059149e-05,1.046300257740600138e-03,2.399820146531399148e-06,2.918773870044423052e-07,4.817847519320136349e-23,1.778861604025580308e-16
3.976946189683487173e+05,1.027196884825119826e-03,9.801322665573181894e+02,7.393367159102800026e-05,9.508171545867349743e-04,2.180669955126628991e-06,2.653886920540580557e-07,3.635983996532905514e-23,1.761202556753847122e-16
3.998237775159173179e+05,9.335007354659561251e-04,9.800023541075615867e+02,6.718966205457379832e-05,8.640881329215132581e-04,1.981637392021645415e-06,2.413030976727148717e-07,2.743029699574611642e-23,1.745293635063698391e-16
4.019529360634859768e+05,8.483918776409136000e-04,9.798842291106242328e+02,6.106376487315647798e-05,7.853078415623107860e-04,1.800867288961836313e-06,2.194039163112431665e-07,2.068712758699002494e-23,1.730949425344646091e-16
4.040820946110545774e+05,7.710803985466119963e-04,9.797768217558156039e+02,5.549911857158229956e-05,7.137451101962287740e-04,1.636676117172360417e-06,1.994936614567931033e-07,1.559734164412598786e-23,1.718006139466983637e-16
4.062112531586231780e+05,7.008491662679533149e-04,9.796791588495069618e+02,5.044410139781103263e-05,6.487361363627412118e-04,1.487536092223567361e-06,1.813924150068615862e-07,1.175708066875388775e-23,1.706318768347263395e-16
4.083404117061917786e+05,6.370471379581302317e-04,9.795903552203197933e+02,4.585184944954293079e-05,5.896782914423162993e-04,1.352060745735081186e-06,1.649363203663628840e-07,8.860600120604679055e-24,1.695758661475177646e-16
4.104695702537604375e+05,5.790832776332311685e-04,9.795096058616036316e+02,4.167981871748874088e-05,5.360244908912732307e-04,1.228991830229618578e-06,1.499761940709032566e-07,6.676613604523968268e-24,1.686211460801271437e-16
4.125987288013290381e+05,5.264210293355867012e-04,9.794361787532005792e+02,3.788938713419183967e-05,4.872780785173355970e-04,1.117187435245965371e-06,1.363762486454178797e-07,5.030280699582892202e-24,1.677575330638063723e-16
4.147278873488976387e+05,4.785732959915409428e-04,9.793694083080579276e+02,3.444549304745084158e-05,4.429881788207994304e-04,1.015611203674294497e-06,1.240129194493955379e-07,3.789511739128268203e-24,1.669759435800488609e-16
4.168570458964662394e+05,4.350978785242453880e-04,9.793086893927987830e+02,3.131630684315647056e-05,4.027454753453075837e-04,9.233225472126264058e-07,1.127737884024083727e-07,2.854568257800502421e-24,1.662682628737594424e-16
4.189862044440348982e+05,3.955933336957084541e-04,9.792534718748398745e+02,2.847293272483670198e-05,3.661783766040543550e-04,8.394677689490078150e-07,1.025565977027655582e-07,2.150175043557064530e-24,1.656272313265391770e-16
4.211153629916034988e+05,3.596952127613977377e-04,9.792032556520150592e+02,2.588913791762996914e-05,3.329495344872848619e-04,7.632720093931077394e-07,9.326834692477448768e-08,1.619543293192295595e-24,1.650463458081712412e-16
4.232445215391720994e+05,3.270726463426435523e-04,9.791575861239056167e+02,2.354110680405709121e-05,3.027526831313549142e-04,6.940319398775159368e-07,8.482446718956334552e-08,1.219845933190806560e-24,1.645197737788382159e-16
4.253736800867407001e+05,2.974252439746659154e-04,9.791160500671617228e+02,2.140721771912839432e-05,2.753097690547396531e-04,6.311091341948226334e-07,7.714806643901622188e-08,9.187950209487754874e-25,1.640422782801426199e-16
4.275028386343093589e+05,2.704802795889412717e-04,9.790782718800259090e+02,1.946784033429968213e-05,2.503683459586406404e-04,5.739240556504028634e-07,7.016924018695649829e-08,6.920546242131336200e-25,1.636091522594149660e-16
4.296319971818779595e+05,2.459901367552018566e-04,9.790439101640207582e+02,1.770515174483518357e-05,2.276992099652547263e-04,5.219506024765426405e-07,6.382444247216192477e-08,5.212864547063119328e-25,1.632161609194619002e-16
4.317611557294465601e+05,2.237299898574558884e-04,9.790126546133486727e+02,1.610296954447413038e-05,2.070942532409316219e-04,4.747111598018342262e-07,5.805591208545871471e-08,3.926743090856976248e-25,1.628594909900107881e-16
4.338903142770151608e+05,2.034956995262130126e-04,9.789842231849593190e+02,1.464660032610240565e-05,1.883645159393233565e-04,4.317721111417019837e-07,5.281114948301550236e-08,2.958105489922889970e-25,1.625357059880416117e-16
4.360194728245838196e+05,1.851019026110040750e-04,9.789583595244918115e+02,1.332270218851875542e-05,1.713384182154765914e-04,3.927397667191962531e-07,4.804244012726663643e-08,2.228561443825525635e-25,1.622417066749713386e-16
4.381486313721524202e+05,1.683802787678955241e-04,9.789348306253765486e+02,1.211915995841331625e-05,1.558601557191350304e-04,3.572566698726624680e-07,4.370642031251906859e-08,1.679073037369110827e-25,1.619746960369080256e-16
4.402777899197210209e+05,1.531779773697464425e-04,9.789134247003165683e+02,1.102497195433788061e-05,1.417882434870166328e-04,3.249982463971013825e-07,3.976368183312248132e-08,1.265180314148279986e-25,1.617321482109106010e-16
4.424069484672896215e+05,1.393561899353210911e-04,9.788939492461464624e+02,1.003014722667423728e-05,1.289941945314244758e-04,2.956697649246746780e-07,3.617841213619631397e-08,9.534032180853370149e-26,1.615117808633768892e-16
4.445361070148582803e+05,1.267888546290523615e-04,9.788762292847128492e+02,9.125612305266953006e-06,1.173613206773461580e-04,2.690035794095890808e-07,3.291806686834634618e-08,7.185306762572267490e-26,1.613115305969246847e-16
4.466652655624268809e+05,1.153614806174346400e-04,9.788601057639300507e+02,8.303126575286356125e-06,1.067836443425375343e-04,2.447566274729892555e-07,2.995307197663238599e-08,5.415784778028311844e-26,1.611295310190370111e-16
4.487944241099954816e+05,1.049700811910532630e-04,9.788454341045562614e+02,7.555205482775304798e-06,9.716491099455607059e-05,2.227081608030918255e-07,2.725655275782855910e-08,4.082511950310696801e-26,1.609640931554687507e-16
4.509235826575641404e+05,9.552020558271954260e-05,9.788320828795086754e+02,6.875050844900859801e-06,8.841769296417102100e-05,2.026576860194929146e-07,2.480408746736944013e-08,3.077838838278656964e-26,1.608136879351366325e-16
4.530527412051327410e+05,8.692606034090470484e-05,9.788199326137043954e+02,6.256487606815691332e-06,8.046257615420494206e-05,1.844230964220912222e-07,2.257348330130356707e-08,2.320698749766319820e-26,1.606769305072981716e-16
4.551818997527013416e+05,7.910971196179125719e-05,9.788088746934853361e+02,5.693906447822760383e-06,7.322742196418815489e-05,1.678389768685880735e-07,2.054457275120372808e-08,1.750040423797667896e-26,1.605525661815453102e-16
4.573110583002699423e+05,7.200036325026426120e-05,9.787988103756616738e+02,5.182211694768694660e-06,6.664669746115499101e-05,1.527550656762344357e-07,1.869902850390417838e-08,1.319883401771175742e-26,1.604394578118438145e-16
4.594402168478386011e+05,6.553369657690790091e-05,9.787896498871033373e+02,4.716774050761294562e-06,6.066086747182115353e-05,1.390348589479651434e-07,1.702019521714917684e-08,9.955952562102000712e-27,1.603365744615901640e-16
4.615693753954072017e+05,5.965127783084379594e-05,9.787813116066259909e+02,4.293387692868680653e-06,5.521584285708722395e-05,1.265543440799565883e-07,1.549293664769710501e-08,7.510887775185817409e-27,1.602429812128205144e-16
4.636985339429758023e+05,5.430001544280068255e-05,9.787737213216615828e+02,3.908231333826098702e-06,5.026247976162682307e-05,1.152008504447793023e-07,1.410349674282450695e-08,5.667117697502701730e-27,1.601578299941240901e-16
4.658276924905444030e+05,4.943166937440247259e-05,9.787668115528844055e+02,3.557832880330817507e-06,4.575612511412140859e-05,1.048720063613165377e-07,1.283937342885317309e-08,4.276582695758270519e-27,1.600803513206788219e-16
4.679568510381130618e+05,4.500240544310806954e-05,9.787605209405822961e+02,3.239037354591986253e-06,4.165620409193363606e-05,9.547479247929807933e-08,1.168920394315184382e-08,3.227723046995379399e-27,1.600098468480841288e-16
4.700860095856816624e+05,4.097239078191737777e-05,9.787547936871258116e+02,2.948977776737301430e-06,3.792584566173654666e-05,8.692468262468586260e-08,1.064266065889973871e-08,2.436471640028173007e-27,1.599456826570877496e-16
4.722151681332502631e+05,3.730542662287135772e-05,9.787495790504044635e+02,2.685048733749073357e-06,3.453154266852835781e-05,7.914486398777169765e-08,9.690356446273567605e-09,1.839471378268557442e-27,1.598872831924521600e-16
4.743443266808188637e+05,3.396861494716501179e-05,9.787448308835646458e+02,2.444882386072335700e-06,3.144284327294162974e-05,7.206552929152865351e-08,8.823758699682361960e-09,1.388967450851781250e-27,1.598341257896409384e-16
4.764734852283875225e+05,3.093205586567622891e-05,9.787405072168101015e+02,2.226326686145116438e-06,2.863207083386808450e-05,6.562323426396087061e-08,8.035111239282484222e-09,1.048960581388790829e-27,1.597857357290882566e-16
4.786026437759561231e+05,2.816857288491320937e-05,9.787365698774141265e+02,2.027425604064011953e-06,2.607406960296315820e-05,5.976031435967296791e-08,7.317363366626596129e-09,7.923096939744652806e-28,1.597416817653106673e-16
4.807318023235247238e+05,2.565346347754426660e-05,9.787329841444427529e+02,1.846401174614472892e-06,2.374597384211072577e-05,5.442435523972773011e-08,6.664105419638603471e-09,5.985494617184252088e-28,1.597015720836126144e-16
4.828609608710933244e+05,2.336427261629333836e-05,9.787297184350109092e+02,1.681637197144412830e-06,2.162699819672752127e-05,4.956771203007909128e-08,6.069510231660763244e-09,4.522461800814652629e-28,1.596650506412039601e-16
4.849901194186619832e+05,2.128058714733691083e-05,9.787267440191830019e+02,1.531664435405924168e-06,1.969824735897590624e-05,4.514707284195461118e-08,5.528279953491225630e-09,3.417590462070601494e-28,1.596317938554387197e-16
4.871192779662305838e+05,1.938384907648157927e-05,9.787240347608932325e+02,1.395147178681084187e-06,1.794254323743630560e-05,4.112306245786783884e-08,5.035597746717879232e-09,2.583067725598052658e-28,1.596015076048825774e-16
4.892484365137991845e+05,1.765718602021324797e-05,9.787215668825051580e+02,1.270871038379288388e-06,1.634426801530512421e-05,3.745988246770386774e-08,4.587083901557040372e-09,1.952641878954315697e-28,1.595739245130490126e-16
4.913775950613677851e+05,1.608525723589358583e-05,9.787193187508433994e+02,1.157731865968007695e-06,1.488922162930792115e-05,3.412498448481950153e-08,4.178755973288236691e-09,1.476320901483905873e-28,1.595488014867242332e-16
4.935067536089364439e+05,1.465411379247173305e-05,9.787172706827334423e+02,1.054725688686860550e-06,1.356449233767183937e-05,3.108877338499085929e-08,3.806992568515724040e-09,1.116376264073360313e-28,1.595259174851752045e-16
4.956359121565050445e+05,1.335107157649813264e-05,9.787154047682622604e+02,9.609395690985235362e-07,1.235833916899860071e-05,2.832433779519074333e-08,3.468500446312759189e-09,8.443302284435863515e-29,1.595050714969712498e-16
4.977650707040736452e+05,1.216459594923128572e-05,9.787137047101401777e+02,8.755433032399631446e-07,1.126008515588552766e-05,2.580720531632296844e-08,3.160284629987430491e-09,6.386842872463579339e-29,1.594860807061757295e-16
4.998942292516422458e+05,1.108419698037293522e-05,9.787121556776885427e+02,7.977818800368878924e-07,1.026002035872559168e-05,2.351512019781350462e-08,2.879621253174765528e-09,4.832061803110505240e-29,1.594687788279677863e-16
5.020233877992109046e+05,1.010033428352430455e-05,9.787107441741173943e+02,7.269686318104183742e-07,9.349313777271855120e-06,2.142784139328878005e-08,2.624032889288735863e-09,3.656379484814699125e-29,1.594530145992784379e-16
5.041525463467795053e+05,9.204330568727359940e-06,9.787094579158767829e+02,6.624790122026176955e-07,8.519933331110071342e-06,1.952695911877949000e-08,2.391266136452469188e-09,2.767213954622406750e-29,1.594386504085154703e-16
5.062817048943481059e+05,8.388293109361106347e-06,9.787082857229793262e+02,6.037449437430381752e-07,7.764573165998909466e-06,1.779572820878924272e-08,2.179271250943546777e-09,2.094628673692838868e-29,1.594255610522196235e-16
5.081235340215811157e+05,7.741338706445941153e-06,9.787073558677087703e+02,5.571805824699606771e-07,7.165723713541585032e-06,1.642320991802823598e-08,2.011200356951066230e-09,1.646457156518728847e-29,1.594151784472700328e-16
5.099653631488141255e+05,7.144587681304474310e-06,9.787064977070383520e+02,5.142295962761599350e-07,6.613344714733982059e-06,1.515719952191653785e-08,1.856170613010947397e-09,1.294340317356823628e-29,1.594055968866871861e-16
5.118071922760471352e+05,6.594120629939128590e-06,9.787057056793630636e+02,4.746098869169955885e-07,6.103808197079688746e-06,1.398938173369924681e-08,1.713164049348508988e-09,1.017656562568311860e-29,1.593967541387665096e-16
5.136490214032801450e+05,6.086325971068201341e-06,9.787049746570979778e+02,4.380615116441280792e-07,5.633771122285238579e-06,1.291209435751817796e-08,1.581242621927869631e-09,8.002188166652420268e-30,1.593885928407370734e-16
5.154908505305131548e+05,5.617875627749191141e-06,9.787042999126098266e+02,4.043449328902737974e-07,5.200152876107878478e-06,1.191827668990323999e-08,1.459541901754350500e-09,6.293193525428474714e-30,1.593810601143604948e-16
5.173326796577461646e+05,5.185702641284638552e-06,9.787036770868378426e+02,3.732394070305282770e-07,4.800114546807988156e-06,1.100142202166724596e-08,1.347265265080310078e-09,4.949806903530658438e-30,1.593741072125446715e-16
5.191745087849791744e+05,4.786980563005965632e-06,9.787031021603904719e+02,3.445415011068744140e-07,4.431039849282657898e-06,1.015553391249560580e-08,1.243678544569630151e-09,3.893680378549971313e-30,1.593676891941810120e-16
5.210163379122121842e+05,4.419104481953107963e-06,9.787025714269215086e+02,3.180637272965971602e-07,4.090517563455574471e-06,9.375085936896127014e-09,1.148105104678411296e-09,3.063283811778819135e-30,1.593617646240970973e-16
5.228581670394451940e+05,4.079673557856136634e-06,9.787020814686045469e+02,2.936332857250467243e-07,3.776325366040020678e-06,8.654984624275991200e-09,1.059921307436741651e-09,2.410288825961480544e-30,1.593562952978943552e-16
5.246999961666782619e+05,3.766474939303757132e-06,9.787016291335406777e+02,2.710909069773852084e-07,3.486414944491197143e-06,7.990535338287372502e-09,9.785523375358494055e-10,1.896731544603947501e-30,1.593512459876504401e-16
5.261614409649381414e+05,3.535268096891829714e-06,9.787012950537208553e+02,2.544498624629637851e-07,3.272399718255711025e-06,7.500031374536974717e-09,9.184846392708131037e-10,1.568459919212062542e-30,1.593475167340138366e-16
5.276228857631981373e+05,3.318342992717772068e-06,9.787009814769724017e+02,2.388367420016836636e-07,3.071604297175305088e-06,7.039826176810360973e-09,8.621272046288138236e-10,1.297106318091580230e-30,1.593440163346952952e-16
5.290843305614581332e+05,3.114811966939624039e-06,9.787006871371175976e+02,2.241876565116754163e-07,2.883207024269696824e-06,6.608036554253852813e-09,8.092494446570786091e-10,1.072784072993584833e-30,1.593407306414639297e-16
5.305457753597180126e+05,2.923842869101950407e-06,9.787004108466542220e+02,2.104427121864656358e-07,2.706437624485513929e-06,6.202897082471585864e-09,7.596351881614478334e-10,8.873269091849169378e-31,1.593376463859057421e-16
5.320072201579780085e+05,2.744655565870965248e-06,9.787001514918375733e+02,1.975457591397695023e-07,2.540573972102740756e-06,5.822752694237940101e-09,7.130817748818708844e-10,7.339890454375108079e-31,1.593347511242228094e-16
5.334686649562380044e+05,2.576518669788304852e-06,9.786999080280714907e+02,1.854441559580970282e-07,2.384939062725688971e-06,5.466051739156390811e-09,6.693992060299295696e-10,6.071976646786002887e-31,1.593320331856795963e-16
5.349301097544980003e+05,2.418746474973078276e-06,9.786996794755888232e+02,1.740885491484495350e-07,2.238898176834345682e-06,5.131339482412552435e-09,6.284093485409269191e-10,5.023485940883213012e-31,1.593294816240376461e-16
5.363915545527578797e+05,2.270696086604105712e-06,9.786994649154040644e+02,1.634326665333342798e-07,2.101856222707147106e-06,4.817252014672939473e-09,5.899451896245999937e-10,4.156376387393940883e-31,1.593270861723234547e-16
5.378529993510178756e+05,2.131764731859955422e-06,9.786992634855188271e+02,1.534331237061902851e-07,1.973255247309035516e-06,4.522510546985342427e-09,5.538501384195664999e-10,3.439213364283984925e-31,1.593248372003293536e-16
5.389723883838428883e+05,2.031164283068801796e-06,9.786991175750608818e+02,1.461924364396875599e-07,1.880135045114519462e-06,4.309087744925206991e-09,5.277136103467577147e-10,2.974945170174037624e-31,1.593232080195600208e-16
5.400917774166679010e+05,1.935341578830808638e-06,9.786989785491263092e+02,1.392956259385321941e-07,1.791437333489339953e-06,4.105800905640581722e-09,5.028183379742078740e-10,2.573469867125420367e-31,1.593216556281774983e-16
5.412111664494929137e+05,1.844068280687287380e-06,9.786988460808117907e+02,1.327262576064752190e-07,1.706950752312252763e-06,3.912165607617351153e-09,4.791050016215933661e-10,2.226278440713669927e-31,1.593201763738398580e-16
5.423305554823179264e+05,1.757127031098441522e-06,9.786987198588344654e+02,1.264686871960464856e-07,1.626474105883320256e-06,3.727720725666817020e-09,4.565171340893089369e-10,1.926017111563916967e-31,1.593187667785605647e-16
5.434499445151429391e+05,1.674310922106618603e-06,9.786985995867805741e+02,1.205080225657090425e-07,1.549815871095279607e-06,3.552027303656285291e-09,4.350009826561288208e-10,1.666330198404555543e-31,1.593174235305112257e-16
5.445693335479678353e+05,1.595422989866592491e-06,9.786984849823911645e+02,1.148300872987887425e-07,1.476793729548568400e-06,3.384667482125527852e-09,4.145053777939152458e-10,1.441724395090503967e-31,1.593161434757121980e-16
5.456887225807928480e+05,1.520275733760409467e-06,9.786983757768815622e+02,1.094213860918749985e-07,1.407234122422898092e-06,3.225243478056317584e-09,3.949816082650532899e-10,1.247451537920934731e-31,1.593149236107116881e-16
5.468081116136178607e+05,1.448690658936075369e-06,9.786982717142942647e+02,1.042690718291480566e-07,1.340971827030966393e-06,3.073376614344373654e-09,3.763833023028402345e-10,1.079407339679267483e-31,1.593137610751521678e-16
5.474876667889194796e+05,1.406898304451490181e-06,9.786982109452534360e+02,1.012610796727633610e-07,1.302286984621070194e-06,2.984714650656930669e-09,3.655253476866074834e-10,9.886613457190957601e-32,1.593130821322542283e-16
5.481672219642210985e+05,1.366319444771855772e-06,9.786981519291167615e+02,9.834042844524692844e-08,1.264725406398333107e-06,2.898627106114243486e-09,3.549826628490602089e-10,9.055599391209047367e-32,1.593124227253001062e-16
5.488467771395227173e+05,1.326918617374027765e-06,9.786980946149921010e+02,9.550456574172857134e-08,1.228254266691204581e-06,2.815038746989002026e-09,3.447460347938528304e-10,8.294578210720542535e-32,1.593117822854512502e-16
5.495263323148242198e+05,1.288661402682706653e-06,9.786980389534743381e+02,9.275101422322406423e-08,1.192841705226524797e-06,2.733876552184864629e-09,3.348065214618746546e-10,7.597642739931319178e-32,1.593111602602561901e-16
5.502058874901258387e+05,1.251514393206899883e-06,9.786979848966017244e+02,9.007736939524010016e-08,1.158456798560883185e-06,2.655069647752407076e-09,3.251554437136883607e-10,6.959385356342752202e-32,1.593105561138587475e-16
5.508854426654274575e+05,1.215445163584292298e-06,9.786979323978135881e+02,8.748129745172433144e-08,1.125069532352363428e-06,2.578549243344901137e-09,3.157843775495334145e-10,6.374855660072200151e-32,1.593099693255259965e-16
5.515649978407290764e+05,1.180422241522042560e-06,9.786978814119084973e+02,8.496053318353691444e-08,1.092650774462072866e-06,2.504248570562875676e-09,3.066851465603809302e-10,5.839521737254842101e-32,1.593093993898578539e-16
5.519047754283798859e+05,1.163293564398095633e-06,9.786978564725237675e+02,8.372770180719949678e-08,1.076795717145004664e-06,2.467910306556232401e-09,3.022349800261286761e-10,5.588992611358673993e-32,1.593091205879322197e-16
5.522445530160306953e+05,1.146415079644195563e-06,9.786978318950052653e+02,8.251287795217505064e-08,1.061172248894868730e-06,2.432102823227609592e-09,2.978498146152122397e-10,5.349234712474364627e-32,1.593088458162812716e-16
5.525843306036813883e+05,1.129783108862574619e-06,9.786978076740676897e+02,8.131579686685555591e-08,1.045776964824856020e-06,2.396818316867234545e-09,2.935286946873139374e-10,5.119783959446820207e-32,1.593085750158531503e-16
5.529241081913321977e+05,1.113394028086559296e-06,9.786977838045035014e+02,8.013619771729584587e-08,1.030606510431970532e-06,2.362049099242153510e-09,2.892706787425912267e-10,4.900196308460472249e-32,1.593083081283633855e-16
5.532638857789830072e+05,1.097244266971989696e-06,9.786977602811814450e+02,7.897382352901624977e-08,1.015657580848574269e-06,2.327787595879794698e-09,2.850748392115115682e-10,4.690046886097893162e-32,1.593080450964233324e-16
5.536036633666338166e+05,1.081330307987934189e-06,9.786977370990460940e+02,7.782842112875442670e-08,1.000926920093276804e-06,2.294026344350602774e-09,2.809402622445926258e-10,4.488929159829710845e-32,1.593077858635715290e-16
5.540196919172945200e+05,1.062161076226053839e-06,9.786977091718507609e+02,7.644872145267227966e-08,9.831830356002604245e-07,2.253359076071744292e-09,2.759599377419254384e-10,4.254409159546177364e-32,1.593074735471582287e-16
5.544357204679551069e+05,1.043333907640687142e-06,9.786976817397008972e+02,7.509364167163216240e-08,9.657557798354363528e-07,2.213417491290663744e-09,2.710684830209501688e-10,4.032167352414208522e-32,1.593071667420478842e-16
5.546170231537196087e+05,1.035234594866681122e-06,9.786976699375666158e+02,7.451069607763225740e-08,9.582586995071887156e-07,2.196234908560599574e-09,2.689642139924899082e-10,3.938992169142847697e-32,1.593070347373750756e-16
5.547983258394841105e+05,1.027198575392083828e-06,9.786976582270483505e+02,7.393230599995767629e-08,9.508202062420174230e-07,2.179186601901405282e-09,2.668763889003721082e-10,3.847974770003958825e-32,1.593069037525932171e-16
5.549796285252484959e+05,1.019225351339354088e-06,9.786976466074302152e+02,7.335843560401806032e-08,9.434398391825641158e-07,2.162271515068765640e-09,2.648048783963883012e-10,3.759065075777834655e-32,1.593067737795988336e-16
5.551609312110129977e+05,1.011314428780336081e-06,9.786976350780018947e+02,7.278904933947903604e-08,9.361171411271961312e-07,2.145488600196239263e-09,2.627495541582331743e-10,3.672214172101882370e-32,1.593066448104647851e-16
5.553422338967774995e+05,1.003465317669142983e-06,9.786976236380586442e+02,7.222411193543134816e-08,9.288516584678791774e-07,2.128836817653648593e-09,2.607102888721699663e-10,3.587374281937204687e-32,1.593065168373325625e-16
5.553603641653540544e+05,1.002683787439003308e-06,9.786976224989590492e+02,7.216786153292494022e-08,9.281282396941541986e-07,2.127178811902674603e-09,2.605072407150731571e-10,3.578999092567052086e-32,1.593065040944516598e-16
5.553784944339307258e+05,1.001902869974823137e-06,9.786976213607465525e+02,7.211165523406548145e-08,9.274053881235659768e-07,2.125522106127438992e-09,2.603043517578666575e-10,3.570643499713912702e-32,1.593064913615512280e-16
5.553966247025072807e+05,1.001122564792965501e-06,9.786976202234205857e+02,7.205549300404308083e-08,9.266831033084372706e-07,2.123866699303380552e-09,2.601016218750850045e-10,3.562307457433782722e-32,1.593064786383995639e-16
5.554147549710838357e+05,1.000342871410182013e-06,9.786976190869803531e+02,7.199937480807635533e-08,9.259613848014544276e-07,2.122212590403822972e-09,2.598990509409970553e-10,3.553990919870302433e-32,1.593064659252098819e-16
5.554165679979420966e+05,1.000264935702259922e-06,9.786976189733850333e+02,7.199376540901448593e-08,9.258892440804934865e-07,2.122047250860470579e-09,2.598788025849655388e-10,3.553160337113023757e-32,1.593064646544087047e-16
5.554183810248003574e+05,1.000187006107016952e-06,9.786976188597985811e+02,7.198815644991095257e-08,9.258171090176978099e-07,2.121881924284722357e-09,2.598585558169865882e-10,3.552329948896977974e-32,1.593064633837659900e-16
5.554201940516585018e+05,1.000109082623970082e-06,9.786976187462209964e+02,7.198254793073081515e-08,9.257449796126191058e-07,2.121716610676657714e-09,2.598383106370792289e-10,3.551499755184172378e-32,1.593064621131129215e-16
5.554220070785167627e+05,1.000031165252639468e-06,9.786976186326521656e+02,7.197693985143967619e-08,9.256728558648145876e-07,2.121551310033787250e-09,2.598180670449460894e-10,3.550669755919413873e-32,1.593064608426657456e-16
5.554221883812020533e+05,1.000023373851631844e-06,9.786976186212957600e+02,7.197637906770309911e-08,9.256656438011665109e-07,2.121534780682732965e-09,2.598160427730741766e-10,3.550586766687002813e-32,1.593064607156044866e-16
5.554223696838872274e+05,1.000015582511735953e-06,9.786976186099394681e+02,7.197581828836497883e-08,9.256584317940860472e-07,2.121518251461326419e-09,2.598140185170881124e-10,3.550503779398836991e-32,1.593064605885392340e-16
5.554225509865725180e+05,1.000007791232951371e-06,9.786976185985832899e+02,7.197525751342540801e-08,9.256512198435735143e-07,2.121501722369199518e-09,2.598119942769256514e-10,3.550420794051853805e-32,1.593064604615409852e-16
5.554226416379158618e+05,1.000003895608836908e-06,9.786976185929052008e+02,7.197497712705536915e-08,9.256476138824609511e-07,2.121493457856289052e-09,2.598109821609039648e-10,3.550379302030981118e-32,1.593064603979286224e-16
