z(m),p_tot(bar),T(K),p_H2O(bar),p_CO2(bar),p_CO(bar),p_H2(bar),p_CH4(bar),p_O2(bar)
0.000000000000000000e+00,2.065379342903371196e+02,1.307456276252026782e+03,6.791118997203187746e+01,1.223741520508711034e+02,1.240648837073621280e+01,3.845456286905141408e+00,6.476097897399892781e-04,3.041851763812054881e-12
3.930125185169148949e+02,2.040784225321968393e+02,1.304922867371795746e+03,6.708699710582722275e+01,1.209324249287919457e+02,1.224321526415777583e+01,3.815127276663349498e+00,6.579567537775031028e-04,2.758712277757168037e-12
7.979876632836812860e+02,2.015704631227756352e+02,1.302311578155304460e+03,6.624666865630470625e+01,1.194622002122104334e+02,1.207682445124200399e+01,3.784100912760255842e+00,6.688902557550104868e-04,2.493454953778107535e-12
8.639460964927932309e+02,2.011644768208776668e+02,1.301886203634343929e+03,6.611064682339871013e+01,1.192241918008317754e+02,1.204989896634591062e+01,3.779068533010178310e+00,6.706972886390104175e-04,2.452636559067943197e-12
9.299045297019050622e+02,2.007591841742947736e+02,1.301460808613807103e+03,6.597486014226014106e+01,1.189865873238841090e+02,1.202302220788794607e+01,3.774041988476104947e+00,6.725117841082569334e-04,2.412459019270138319e-12
9.958629629110168935e+02,2.003545841984503397e+02,1.301035393074766944e+03,6.583930827725184542e+01,1.187493862100177893e+02,1.199619410472379144e+01,3.769021272675650902e+00,6.743337788732297429e-04,2.372912711312846565e-12
1.061821396120128838e+03,1.999506759099017472e+02,1.300609956998276175e+03,6.570399089312518015e+01,1.185125878885406223e+02,1.196941458579195938e+01,3.764006379131842994e+00,6.761633098536105673e-04,2.333988149887680319e-12
1.127779829329240783e+03,1.995474583263284956e+02,1.300184500365366148e+03,6.556890765501555052e+01,1.182761917894101060e+02,1.194268358011336240e+01,3.758997301372971833e+00,6.780004141795897138e-04,2.295675985576358643e-12
1.134375672650434808e+03,1.995071745189598573e+02,1.300141953570741180e+03,6.555541219635502159e+01,1.182525742797994610e+02,1.194001314504420108e+01,3.758496713216262997e+00,6.781845425820314660e-04,2.291878095043162829e-12
1.140971515971628833e+03,1.994668976078476703e+02,1.300099406570343035e+03,6.554191907547533447e+01,1.182289607861488605e+02,1.193734319432773106e+01,3.757996183146274483e+00,6.783687471286180271e-04,2.288086227076066261e-12
1.147567359292823085e+03,1.994266275920114708e+02,1.300056859364152842e+03,6.552842829204223563e+01,1.182053513078893303e+02,1.193467372789312542e+01,3.757495711156564777e+00,6.785530278568801393e-04,2.284300372545994315e-12
1.154163202614017109e+03,1.993863644704750300e+02,1.300014311952151729e+03,6.551493984572296370e+01,1.181817458444545110e+02,1.193200474566970648e+01,3.756995297240698584e+00,6.787373848043021414e-04,2.280520522337196112e-12
1.154822786945570670e+03,1.993823385374693942e+02,1.300010057199631319e+03,6.551359112961917219e+01,1.181793855189040841e+02,1.193173787407619990e+01,3.756945259042940410e+00,6.787558246925432751e-04,2.280142867203453625e-12
1.155482371277124230e+03,1.993783126733959534e+02,1.300005802445052495e+03,6.551224243688284332e+01,1.181770252334955700e+02,1.193147100732405086e+01,3.756895221425815556e+00,6.787742653433784983e-04,2.279765272012739189e-12
1.156141955608677790e+03,1.993742868782536561e+02,1.300001547688415485e+03,6.551089376751366444e+01,1.181746649882284288e+02,1.193120414541318119e+01,3.756845184389337788e+00,6.787927067568574674e-04,2.279387736756050348e-12
1.156207914041267259e+03,1.993738843025306267e+02,1.300001122212638620e+03,6.551075890186186257e+01,1.181744289659094704e+02,1.193117745948834951e+01,3.756840180717661681e+00,6.787945509401731824e-04,2.279349986526380519e-12
1.156273872473856727e+03,1.993734817274968805e+02,1.300000696736841064e+03,6.551062403644385768e+01,1.181741929439919403e+02,1.193115077361197152e+01,3.756835177051749408e+00,6.787963951310928409e-04,2.279312236895956596e-12
1.156339830906446423e+03,1.993730791531525597e+02,1.300000271262106935e+03,6.551048917126607307e+01,1.181739569224692445e+02,1.193112408779056288e+01,3.756830173385051541e+00,6.787982393144473704e-04,2.279274487960977907e-12
1.156405789339035891e+03,1.993726765794967548e+02,1.299999845778680083e+03,6.550997347778258018e+01,1.181741025529476730e+02,1.193071583876912456e+01,3.757205620366481646e+00,6.790896285824903284e-04,2.278748681984978656e-12
1.156438768555330626e+03,1.993724752929270778e+02,1.299999633034248973e+03,6.550990604564297826e+01,1.181739845422931410e+02,1.193070249614490486e+01,3.757203118292772981e+00,6.790905510176449555e-04,2.278729811493385634e-12
1.156471747771625360e+03,1.993722740065297216e+02,1.299999420289812633e+03,6.550983861356174032e+01,1.181738665317389660e+02,1.193068915353279635e+01,3.757200616220514711e+00,6.790914734547334741e-04,2.278710941151504629e-12
1.156504726987920094e+03,1.993720727203046863e+02,1.299999207545371291e+03,6.550977118153895162e+01,1.181737485212850629e+02,1.193067581093280261e+01,3.757198114149697510e+00,6.790923958937018909e-04,2.278692070959426921e-12
1.156587175030071649e+03,1.993715695054960690e+02,1.299998675684245654e+03,6.550960260173752658e+01,1.181734534955895271e+02,1.193064245448572436e+01,3.757191858979013865e+00,6.790947019994747046e-04,2.278644896134576994e-12
1.156669623072223203e+03,1.993710662917644640e+02,1.299998143823088185e+03,6.550943402230119261e+01,1.181731584705211588e+02,1.193060909811428871e+01,3.757185603817432717e+00,6.790970081171935832e-04,2.278597722245784923e-12
1.156752071114374530e+03,1.993705630791098713e+02,1.299997611961898656e+03,6.550926544322997813e+01,1.181728634460798446e+02,1.193057574181861469e+01,3.757179348664876350e+00,6.790993142468115806e-04,2.278550549293094330e-12
1.156958191217631338e+03,1.993693050521852683e+02,1.299996282308785567e+03,6.550884399714917095e+01,1.181721258877208101e+02,1.193049235141007003e+01,3.757163710823303138e+00,6.791050796230586320e-04,2.278432621006592042e-12
1.157164311320888373e+03,1.993680470319920062e+02,1.299994952655473298e+03,6.550842255335025754e+01,1.181713883332816692e+02,1.193040896147434182e+01,3.757148073038379721e+00,6.791108450737861442e-04,2.278314698570333119e-12
1.157370431424145181e+03,1.993667890185299996e+02,1.299993623001961851e+03,6.550800111183322372e+01,1.181706507827623511e+02,1.193032557201141231e+01,3.757132435310149621e+00,6.791166105990122234e-04,2.278196781983998076e-12
1.157885731682994447e+03,1.993636440143241373e+02,1.299990298867311139e+03,6.550694751802356564e+01,1.181688069236135874e+02,1.193011710042229012e+01,3.757093341237689010e+00,6.791310247381012431e-04,2.277902016109481936e-12
1.158401031941843939e+03,1.993604990521880893e+02,1.299986974731415103e+03,6.550589393847519659e+01,1.181669630889637546e+02,1.192990863178785865e+01,3.757054247519632462e+00,6.791454393428780810e-04,2.277607286790717742e-12
1.158916332200693205e+03,1.993573541321214293e+02,1.299983650594273513e+03,6.550484037318801711e+01,1.181651192788127105e+02,1.192970016610802375e+01,3.757015154156008840e+00,6.791598544133823105e-04,2.277312594023423380e-12
1.160204582849231429e+03,1.993494920160046604e+02,1.299975340245971211e+03,6.550220652236123442e+01,1.181605098606147664e+02,1.192917901483476406e+01,3.756917422297456621e+00,6.791958941272796535e-04,2.276576021989162036e-12
1.161492833497769425e+03,1.993416301628112137e+02,1.299967029889884770e+03,6.549957276066324141e+01,1.181559005955276689e+02,1.192865788202739274e+01,3.756819692653841525e+00,6.792319367522990778e-04,2.275839678306605565e-12
1.162781084146307649e+03,1.993337685725338133e+02,1.299958719526014193e+03,6.549693908809150855e+01,1.181512914835474390e+02,1.192813676768515663e+01,3.756721965225130688e+00,6.792679822887313663e-04,2.275103562908027745e-12
1.174147818050113983e+03,1.992644141128849355e+02,1.299885393632887826e+03,6.547370503815278653e+01,1.181106301399016587e+02,1.192353957438259116e+01,3.755859774293410780e+00,6.795861522213469995e-04,2.268618414686989176e-12
1.185514551953920318e+03,1.991950801162336120e+02,1.299812067133633946e+03,6.545047792497894079e+01,1.180699807127058847e+02,1.191894381823588311e+01,3.754997755761677158e+00,6.799045490284535065e-04,2.262150987203902231e-12
1.245891980550067274e+03,1.988271369856346098e+02,1.299422563776668085e+03,6.532721715251948069e+01,1.178542601151416420e+02,1.189455631452687712e+01,3.750421803835025436e+00,6.815996093507459318e-04,2.228092699041428527e-12
1.306269409146214230e+03,1.984597703231944763e+02,1.299033043300125655e+03,6.520415179568982467e+01,1.176388752206417792e+02,1.187020929549636605e+01,3.745850710259019944e+00,6.833011053098606404e-04,2.194526216977568414e-12
1.366646837742360958e+03,1.980929793787593383e+02,1.298643505689027052e+03,6.508128159878110353e+01,1.174238255938808067e+02,1.184590270695082914e+01,3.741284470078424906e+00,6.850090660151393054e-04,2.161444748316917314e-12
2.170707611244536110e+03,1.932628573319933878e+02,1.293454298596657509e+03,6.346347082702645537e+01,1.145917089813072351e+02,1.152603410530472594e+01,3.680935033182596072e+00,7.083851706075277406e-04,1.763994615036780252e-12
3.203838005139097277e+03,1.872035434316936460e+02,1.286782211471926303e+03,6.143454024002395641e+01,1.110382811885207133e+02,1.112534564057243891e+01,3.604636134469494380e+00,7.402281056966047903e-04,1.355226414176537603e-12
4.236968399033657988e+03,1.813060152124651836e+02,1.280104967415105875e+03,5.946043998731208546e+01,1.075790825039357372e+02,1.073600520333062924e+01,3.529713260672788344e+00,7.742572129266204377e-04,1.038179533332278010e-12
5.270098792928219154e+03,1.755666718633955838e+02,1.273422488454792983e+03,5.753994288097797494e+01,1.042120232007157909e+02,1.035775279472371402e+01,3.456142333620110030e+00,8.106533572596367424e-04,7.929717868557882903e-13
6.303229186822780321e+03,1.699819776340427495e+02,1.266734695312126178e+03,5.567184400949725642e+01,1.009350512654907277e+02,9.990333164260951193e+00,3.383899579936636481e+00,8.496148565951844875e-04,6.038733393783842308e-13
7.336359580717341487e+03,1.645484609101591218e+02,1.260041507354503665e+03,5.385496042188187715e+01,9.774615186806218503e+01,9.633495737535188397e+00,3.312961523302087041e+00,8.913593773235137848e-04,4.584737822601000395e-13
8.591765541039205345e+03,1.581444891316676262e+02,1.251900916668026866e+03,5.171443412392739702e+01,9.398685162138848170e+01,9.213773373979327275e+00,3.228483834876571201e+00,9.461774529139255251e-04,3.266900833086225667e-13
9.392987748663383172e+03,1.541686681046554952e+02,1.246701151671445587e+03,5.038601013043426491e+01,9.165245643514725771e+01,8.953678813188551189e+00,3.175539012062697619e+00,9.837138202286126697e-04,2.625116520301601236e-13
1.019420995628756100e+04,1.502777510404427801e+02,1.241497991835482026e+03,4.908633803812421093e+01,8.936753751555265524e+01,8.699514413084239450e+00,3.123337675835228033e+00,1.023397848181982440e-03,2.105356417282327674e-13
1.099543216391173883e+04,1.464702306948558146e+02,1.236291396881029186e+03,4.781490444374639992e+01,8.713122005891547417e+01,8.451171440040123883e+00,3.071869375648804468e+00,1.065376504746842453e-03,1.685216533988389828e-13
1.179665437153591665e+04,1.427446214765938635e+02,1.231081325949158554e+03,4.657120336005873895e+01,8.494264182708587896e+01,8.208542728313778625e+00,3.021123752808250185e+00,1.109808341837842643e-03,1.346254786008491706e-13
1.259787657916009448e+04,1.390994592027564067e+02,1.225867737584572751e+03,4.535473613238772828e+01,8.280095300890174315e+01,7.971522659663765609e+00,2.971090537289080125e+00,1.156864512343848839e-03,1.073318199839214962e-13
1.339909878678427413e+04,1.355333008563609667e+02,1.220650589718450647e+03,4.416501135647595788e+01,8.070531608186475125e+01,7.740007143489716412e+00,2.921759544647875018e+00,1.206729884607163480e-03,8.539794474453272706e-14
1.378852718723579346e+04,1.338280998732561216e+02,1.218113533577518410e+03,4.359626661143887105e+01,7.970313026427436398e+01,7.629437818872625954e+00,2.898033138356823191e+00,1.232040299236667131e-03,7.636076501245785258e-14
1.417795558768731462e+04,1.321410648200627520e+02,1.215575621512455882e+03,4.303366994718942351e+01,7.871153473511196808e+01,7.520132969445967319e+00,2.874469082677975074e+00,1.258085609658425455e-03,6.824650054441971788e-14
1.456738398813883396e+04,1.304720353279726623e+02,1.213036848528587370e+03,4.247716676279453907e+01,7.773043641928727254e+01,7.412081026162543829e+00,2.851066228680696035e+00,1.284891061408505045e-03,6.096440440697615768e-14
1.495681238859035511e+04,1.288208521698279299e+02,1.210497209593949037e+03,4.192670284837807060e+01,7.675974290505735098e+01,7.305270501899150837e+00,2.827823431606377280e+00,1.312482886914463328e-03,5.443229808034413677e-14
1.534624078904187445e+04,1.271873572537611636e+02,1.207956699638765031e+03,4.138222438322573282e+01,7.579936244068366591e+01,7.199689990787117466e+00,2.804739550720159791e+00,1.340888347926734231e-03,4.857579691076882458e-14
1.573566918949339561e+04,1.255713936166408899e+02,1.205415313554877457e+03,4.084367793349486675e+01,7.484920393020912854e+01,7.095328167900229133e+00,2.781813449304203267e+00,1.370135780198383953e-03,4.332760235047298936e-14
1.588290877705475577e+04,1.249649464915571855e+02,1.204454207638319531e+03,4.064159252657531596e+01,7.449260137536936099e+01,7.056185015254285986e+00,2.773186155055083368e+00,1.381419385635918214e-03,4.148901987908351546e-14
1.603014836461611776e+04,1.243609748485455242e+02,1.203492975461300375e+03,4.044034467983411218e+01,7.413744228177307605e+01,7.017213864957166258e+00,2.764581192808333476e+00,1.392829187552460917e-03,3.972557208365977223e-14
1.617738795217747793e+04,1.237594703289332756e+02,1.202531616743352060e+03,4.023993154825055285e+01,7.378372179863390556e+01,6.978414113759941806e+00,2.755998501520418031e+00,1.404366845210479504e-03,3.803430899187166907e-14
1.632462753973883991e+04,1.231604245968222102e+02,1.201570131203186747e+03,4.004035029425304515e+01,7.343143508818201326e+01,6.939785160147301291e+00,2.747438020250845714e+00,1.416034042618311917e-03,3.641239161290116824e-14
1.647186712730020008e+04,1.225638293387517450e+02,1.200608518558707374e+03,3.984159808818565551e+01,7.308057732581386290e+01,6.901326404148947269e+00,2.738899688114284636e+00,1.427832488807479275e-03,3.485708795118399635e-14
1.649288226385414964e+04,1.224788781471709882e+02,1.200471259619226430e+03,3.981329812881633501e+01,7.303061652783173940e+01,6.895851127140138814e+00,2.737682836127265595e+00,1.429527255378695285e-03,3.464038128993880688e-14
1.651389740040809920e+04,1.223939766815365999e+02,1.200333998083899814e+03,3.978501499239534667e+01,7.298068472718577482e+01,6.890379303301778613e+00,2.736466433917545960e+00,1.431224735994031600e-03,3.442497043230145089e-14
1.653491253696204876e+04,1.223091249177901574e+02,1.200196733951903070e+03,3.975674867072196861e+01,7.293078190991634813e+01,6.884910930894247549e+00,2.735250481306251036e+00,1.432924935746362040e-03,3.421084794365395532e-14
1.655592767351599832e+04,1.222243228318825743e+02,1.200059467222411740e+03,3.972849915571281798e+01,7.288090806197476468e+01,6.879446008232793730e+00,2.734034978147640071e+00,1.434627859798495589e-03,3.399800642956881600e-14
1.655802918717181819e+04,1.222158453546473709e+02,1.200045740406568711e+03,3.972567512820572233e+01,7.287592226993206168e+01,6.878899705647202545e+00,2.733913452546278045e+00,1.434798302243811942e-03,3.397679244817815335e-14
1.656013070082763807e+04,1.222073683739261298e+02,1.200032013564741646e+03,3.972285126873855887e+01,7.287093676744527215e+01,6.878353437532198633e+00,2.733791931438191103e+00,1.434968771985612812e-03,3.395559119572816022e-14
1.656223221448345794e+04,1.221988918896948206e+02,1.200018286696929636e+03,3.972002757722597721e+01,7.286595155449481354e+01,6.877807203888714582e+00,2.733670414819158179e+00,1.435139269025971628e-03,3.393440266486013385e-14
1.656433372813927781e+04,1.221904159019294980e+02,1.200004559803131997e+03,3.971720405366664863e+01,7.286096663106184224e+01,6.877261004717487580e+00,2.733548902690589699e+00,1.435309793372806968e-03,3.391322684822278042e-14
1.656454387950457385e+04,1.221895683304576323e+02,1.200003187112323076e+03,3.971692171053832965e+01,7.286046815467764759e+01,6.877206386678805572e+00,2.733536751715743396e+00,1.435326847292145306e-03,3.391110996576580934e-14
1.656475403086987353e+04,1.221887207639501867e+02,1.200001814421254267e+03,3.971663936911701853e+01,7.285996968112816319e+01,6.877151769013933880e+00,2.733524600801521487e+00,1.435343901514417536e-03,3.390899321002813455e-14
1.656496418223517321e+04,1.221878732024071041e+02,1.200000441729925569e+03,3.971635702934982248e+01,7.285947121048521069e+01,6.877097151688199794e+00,2.733512449927828047e+00,1.435360956002702457e-03,3.390687658140970221e-14
1.656498519737142124e+04,1.221877884465258433e+02,1.200000304460778352e+03,3.971632879546801576e+01,7.285942136357502363e+01,6.877091689977040012e+00,2.733511234844290261e+00,1.435362661469143705e-03,3.390666492550583746e-14
1.656500621250766562e+04,1.221877036906942209e+02,1.200000167191628634e+03,3.971630056158485900e+01,7.285937151676476731e+01,6.877086228235130605e+00,2.733510019743638608e+00,1.435364366904126393e-03,3.390645327127714724e-14
1.656502722764391365e+04,1.221876189349122370e+02,1.200000029922476187e+03,3.971627232775522742e+01,7.285932166984963487e+01,6.877080766561150860e+00,2.733508804676723525e+00,1.435366072406392282e-03,3.390624161755735434e-14
1.656502932915739802e+04,1.221876104593367671e+02,1.200000016195560875e+03,3.971626950436824188e+01,7.285931668516869308e+01,6.877080220389649945e+00,2.733508683167613196e+00,1.435366242952240343e-03,3.390622045230654220e-14
1.656503143067088240e+04,1.221876019837618088e+02,1.200000002468645562e+03,3.971626668099118973e+01,7.285931170048969818e+01,6.877079674217356775e+00,2.733508561658842595e+00,1.435366413498073658e-03,3.390619928707798224e-14
1.656503353218436314e+04,1.221875935081872768e+02,1.199999988744545362e+03,3.971579335674820754e+01,7.285977908815485193e+01,6.876606956604460308e+00,2.733978081742971966e+00,1.436024948868425610e-03,3.389372728659345005e-14
1.656503458294110533e+04,1.221875892704001103e+02,1.199999981883903047e+03,3.971579194507038579e+01,7.285977659580100863e+01,6.876606683541176324e+00,2.733978020953219179e+00,1.436025034065535827e-03,3.389371671245346101e-14
1.656503563369784752e+04,1.221875850326130717e+02,1.199999975023260731e+03,3.971579053341366716e+01,7.285977410341040184e+01,6.876606410495641697e+00,2.733977960173383792e+00,1.436025119281202165e-03,3.389370613810597631e-14
1.656503668445458970e+04,1.221875807948261468e+02,1.199999968162618416e+03,3.971578912175372977e+01,7.285977161103292588e+01,6.876606137443824984e+00,2.733977899390305666e+00,1.436025204490615692e-03,3.389369556383679710e-14
1.656503773521133189e+04,1.221875765570393639e+02,1.199999961301976100e+03,3.971578771009481557e+01,7.285976911865552097e+01,6.876605864392026035e+00,2.733977838607260846e+00,1.436025289700036374e-03,3.389368498957137287e-14
1.656503878596807044e+04,1.221875723192526948e+02,1.199999954441333784e+03,3.971578629841615538e+01,7.285976662634210754e+01,6.876605591309423282e+00,2.733977777808271004e+00,1.436025374878620829e-03,3.389367441567068637e-14
1.656525462427607999e+04,1.221867018286685038e+02,1.199998545181309282e+03,3.971549632684583031e+01,7.285925466418315466e+01,6.876549502785065826e+00,2.733965291976685030e+00,1.436042877555381231e-03,3.389150240613797105e-14
1.656536254343008477e+04,1.221862665853403200e+02,1.199997840551197442e+03,3.971535134171104886e+01,7.285899868430610127e+01,6.876521458631727590e+00,2.733959049064610625e+00,1.436051628974159252e-03,3.389041645189206122e-14
1.656547046258408955e+04,1.221858313433213681e+02,1.199997135921019208e+03,3.971520635699699397e+01,7.285874270525943075e+01,6.876493414537030446e+00,2.733952806147475378e+00,1.436060380432158719e-03,3.388933053149068866e-14
1.656557838173809432e+04,1.221853961026116764e+02,1.199996431290774581e+03,3.971506137275346759e+01,7.285848672690464412e+01,6.876465370567761859e+00,2.733946563260560847e+00,1.436069131997224886e-03,3.388824464414260066e-14
1.656621381548473073e+04,1.221828334086035568e+02,1.199992282388893045e+03,3.971420770673724121e+01,7.285697952809925937e+01,6.876300248048338837e+00,2.733909805059895781e+00,1.436120663160513847e-03,3.388185155960269596e-14
1.656684924923137078e+04,1.221802707599854614e+02,1.199988133484710033e+03,3.971335405604946800e+01,7.285547235585742953e+01,6.876135128635242566e+00,2.733873047246485832e+00,1.436172196769495112e-03,3.387545963545542922e-14
1.656716696610469080e+04,1.221789894526974649e+02,1.199986059031755531e+03,3.971292723646548950e+01,7.285471877969938248e+01,6.876052570092716643e+00,2.733854668485431905e+00,1.436197964491189557e-03,3.387226410847583509e-14
1.656748468297801082e+04,1.221777081567567222e+02,1.199983984578225545e+03,3.971250042073005204e+01,7.285396521006411774e+01,6.875970012383597840e+00,2.733836289849362444e+00,1.436223732880034798e-03,3.386906887084840151e-14
1.656780239985133085e+04,1.221764268721631481e+02,1.199981910124120304e+03,3.971207360885475879e+01,7.285321164700691554e+01,6.875887455481263899e+00,2.733817911326364314e+00,1.436249501911278500e-03,3.386587392286277296e-14
1.656812338135880782e+04,1.221751324335148610e+02,1.199979814353802567e+03,3.971164241520874327e+01,7.285245034771450889e+01,6.875804051020694807e+00,2.733799344030026113e+00,1.436275536296572133e-03,3.386264644089246396e-14
1.656844436286628115e+04,1.221738380064479657e+02,1.199977718582897523e+03,3.971121122551592464e+01,7.285168905513322102e+01,6.875720647384834905e+00,2.733780776850669003e+00,1.436301571339874137e-03,3.385941925447842253e-14
1.656876534437375813e+04,1.221725435909623627e+02,1.199975622811405174e+03,3.971078003973179449e+01,7.285092776926880731e+01,6.875637244570842910e+00,2.733762209783825448e+00,1.436327607035137481e-03,3.385619236363067038e-14
1.656879744252436285e+04,1.221724141500507699e+02,1.199975413234223652e+03,3.971073692136102551e+01,7.285085164108539857e+01,6.875628904318468848e+00,2.733760353075162630e+00,1.436330210624521281e-03,3.385586969099076285e-14
1.656882954067497121e+04,1.221722847092549813e+02,1.199975203657036218e+03,3.971069380305021213e+01,7.285077551290945053e+01,6.875620564103062549e+00,2.733758496382710845e+00,1.436332814249470600e-03,3.385554702096827688e-14
1.656886163882557594e+04,1.221721552685750254e+02,1.199974994079842872e+03,3.971065068474089088e+01,7.285069938491528774e+01,6.875612223838714954e+00,2.733756639661763188e+00,1.436335417823659958e-03,3.385522435457055628e-14
1.656887768790158589e+04,1.221720905482640092e+02,1.199974889291244608e+03,3.971062912560285696e+01,7.285066132089990276e+01,6.875608053728516467e+00,2.733755711310999814e+00,1.436336719631707603e-03,3.385506302225467430e-14
1.656889373697759584e+04,1.221720258279819404e+02,1.199974784502644980e+03,3.971060756648904544e+01,7.285062325687374596e+01,6.875603883629766599e+00,2.733754782966254737e+00,1.436338021451881398e-03,3.385490169055913992e-14
1.656890978605360942e+04,1.221719611077288192e+02,1.199974679714043759e+03,3.971058600738831501e+01,7.285058519284979184e+01,6.875599713544017000e+00,2.733753854626925772e+00,1.436339323283924822e-03,3.385474035948113216e-14
1.656892583512961937e+04,1.221718963875046597e+02,1.199974574925441175e+03,3.971056444827790699e+01,7.285054712889375139e+01,6.875595543433734136e+00,2.733752926274080508e+00,1.436340625090987795e-03,3.385457902945107878e-14
1.656894188420562932e+04,1.221718316673094478e+02,1.199974470136836999e+03,3.971054288919822284e+01,7.285050906494876699e+01,6.875591373328264311e+00,2.733751997924253718e+00,1.436341926903811133e-03,3.385441770012755448e-14
1.664918726111419892e+04,1.218485925248630934e+02,1.199450508752151563e+03,3.960286983342227529e+01,7.266040029802910283e+01,6.854765991862130647e+00,2.729113530591882331e+00,1.442870930981709435e-03,3.305694694442786110e-14
1.672943263802276851e+04,1.215260758692503771e+02,1.198926510632390773e+03,3.949544119848415136e+01,7.247071285163703180e+01,6.833990775291056252e+00,2.724481603877805025e+00,1.449439959127182256e-03,3.227755811134928838e-14
1.833434017618425059e+04,1.152254237239729235e+02,1.188438786871133743e+03,3.739750223248329064e+01,6.876425653864163223e+01,6.428873830015986002e+00,2.633201437316334381e+00,1.589685517602298448e-03,1.993665528234306922e-14
1.993924771434573631e+04,1.092027446284846235e+02,1.177936110025435710e+03,3.539358123687902236e+01,6.521993202371139375e+01,6.043027632703377172e+00,2.544455138100294000e+00,1.748597090426669146e-03,1.220417955417389887e-14
2.154415525250722203e+04,1.034478348774555911e+02,1.167418226212977288e+03,3.348020695617205433e+01,6.183181828691660087e+01,5.675715474166834085e+00,2.458165029300602988e+00,1.929130904633157917e-03,7.402198304980598527e-15
2.314906279066870775e+04,9.795079390624898963e+01,1.156884873827303409e+03,3.165401213132082248e+01,5.859417110939584461e+01,5.326221827186033764e+00,2.374254062605713145e+00,2.134775740405072102e-03,4.447298163685626624e-15
2.447353689659086740e+04,9.360167399946350031e+01,1.148180224928003327e+03,3.021025836747127613e+01,5.603162298781892048e+01,5.050723571403176848e+00,2.306742768879888050e+00,2.326303889279127384e-03,2.899424009462882906e-15
2.579801100251302705e+04,8.941638243190665492e+01,1.139464701954290831e+03,2.882186891623209135e+01,5.356470993370407996e+01,4.786506590960984298e+00,2.240756556421278134e+00,2.540434587651699272e-03,1.877489355005993945e-15
2.712248510843519034e+04,8.538980071291923934e+01,1.130738145475006149e+03,2.748710453874862125e+01,5.119046437101761882e+01,4.533199239201169739e+00,2.176252281685112422e+00,2.780282268601639434e-03,1.207326582539703430e-15
2.844695921435734999e+04,8.151693906257497702e+01,1.122000392157214947e+03,2.620427035231063329e+01,4.890599430345832843e+01,4.290438427909659680e+00,2.113186541005137808e+00,3.049437898407059144e-03,7.708736913711914851e-16
2.977143332027950964e+04,7.779293381628023951e+01,1.113251274679241305e+03,2.497171501367500213e+01,4.670848195786918211e+01,4.057869313578622794e+00,2.051515485518914161e+00,3.352045646913811693e-03,4.886309729416759598e-16
3.109590742620166930e+04,7.421304486105871945e+01,1.104490621635689195e+03,2.378782992868072910e+01,4.459518246427465726e+01,3.835144971405826553e+00,1.991194605324329681e+00,3.692891376416897447e-03,3.074289565197353953e-16
3.242038153212383259e+04,7.077265310187503644e+01,1.095718257432552718e+03,2.265104849073707172e+01,4.256342257186321376e+01,3.621926056900469426e+00,1.932178478150561318e+00,4.077504222494756150e-03,1.919552499069657232e-16
3.342365377054934652e+04,6.825669682940585403e+01,1.089065398174458778e+03,2.182037022525919667e+01,4.107707106227465488e+01,3.466539159179743645e+00,1.888314533086304481e+00,4.401849605288392538e-03,1.336630592401849315e-16
3.442692600897486409e+04,6.581628579847308913e+01,1.082405636193001101e+03,2.101519591623942418e+01,3.963490616137292477e+01,3.316273940698596601e+00,1.845151678934200845e+00,4.758101229137205561e-03,9.265051139127158332e-17
3.543019824740038166e+04,6.344954591237996055e+01,1.075738890110643979e+03,2.023489130417097570e+01,3.823584549778203012e+01,3.170990864511612717e+00,1.802668477588386109e+00,5.149768323353135814e-03,6.392575896030174820e-17
3.643347048582589923e+04,6.115464005462418129e+01,1.069065077010021241e+03,1.947883516163851070e+01,3.687882887434274437e+01,3.030552473610107267e+00,1.760842785131241595e+00,5.580759897660321316e-03,4.389976144269652209e-17
3.743674272425141680e+04,5.892976748463203052e+01,1.062384112386844208e+03,1.874641914475604310e+01,3.556281797583431370e+01,2.894823301311865382e+00,1.719651637210263262e+00,6.055425517247823262e-03,3.000358918616279230e-17
3.844001496267693437e+04,5.677316323740186021e+01,1.055695910096296075e+03,1.803704765351599448e+01,3.428679607617962688e+01,2.763669785232357956e+00,1.679071124728050757e+00,6.578597745976817908e-03,2.040684259124846224e-17
3.944328720110244467e+04,5.468309752689783210e+01,1.049000382291561209e+03,1.735013770132304600e+01,3.304976774183230503e+01,2.636960187735865713e+00,1.639076260743857594e+00,7.155635263611784778e-03,1.381138066077145007e-17
4.010567148497578455e+04,5.333882808303005163e+01,1.044575776688513997e+03,1.690865585122844550e+01,3.225394848007844217e+01,2.555675778856308700e+00,1.612978986455301467e+00,7.568986412878588727e-03,1.064423049796544346e-17
4.076805576884911716e+04,5.202234315157833322e+01,1.040147912668304343e+03,1.647655473685783534e+01,3.147442567697991578e+01,2.476234761789287919e+00,1.587117738120469523e+00,8.010237831882215803e-03,8.185304006667193771e-18
4.143044005272245704e+04,5.073316940475503145e+01,1.035716763635743746e+03,1.605367547731052014e+01,3.071092773481482752e+01,2.398600455753408855e+00,1.561484377856278138e+00,8.481359020714493435e-03,6.280435697771146480e-18
4.209282433659578965e+04,4.947083982762190857e+01,1.031282302618536960e+03,1.563986151815479175e+01,2.996318689715843320e+01,2.322736496005218587e+00,1.536070473089232058e+00,8.984443215121698176e-03,4.808065869735979093e-18
4.275520862046912225e+04,4.823489364533180179e+01,1.026844502252760094e+03,1.523495861942713425e+01,2.923093920183330496e+01,2.248606834261424492e+00,1.510867279612252201e+00,9.521710197688571312e-03,3.672554327621275709e-18
4.341759290434246213e+04,4.702487625079429989e+01,1.022403334766719922e+03,1.483881484401248763e+01,2.851392443042761826e+01,2.176175742466417429e+00,1.485865725994131470e+00,1.009550789249410128e-02,2.798820405353710136e-18
4.407997718821579474e+04,4.584033913284369532e+01,1.017958771962958394e+03,1.445128054621136293e+01,2.781188605365018773e+01,2.105407820574928479e+00,1.461056400007687328e+00,1.070831239946052303e-02,2.128055474357838640e-18
4.444010144029569346e+04,4.520686616182036488e+01,1.015540922704202785e+03,1.424414668041106857e+01,2.743639717047363646e+01,2.067618237862385300e+00,1.447645302453144822e+00,1.105877061995197072e-02,1.831756018599630359e-18
4.480022569237558491e+04,4.458072355315110968e+01,1.013122056716079328e+03,1.403949066127120382e+01,2.706522009481863478e+01,2.030304306168570161e+00,1.434286531558063071e+00,1.142195933451316953e-02,1.575627943227178565e-18
4.516034994445547636e+04,4.396184145485226225e+01,1.010702169295998033e+03,1.383728928576761064e+01,2.669831493681366297e+01,1.993460467506548373e+00,1.420978442342311743e+00,1.179832242251059073e-02,1.354378252567994850e-18
4.552047419653537509e+04,4.335015052853815121e+01,1.008281255698085033e+03,1.363751954785108822e+01,2.633564211116664211e+01,1.957081197515788462e+00,1.407719358259421849e+00,1.218831374556472724e-02,1.163390320111309151e-18
4.588059844861526653e+04,4.274558194615048023e+01,1.005859311131878940e+03,1.344015863780674103e+01,2.597716233341618519e+01,1.921161006925856896e+00,1.394507571336543128e+00,1.259239666460195903e-02,9.986402532757164251e-19
4.624072270069516526e+04,4.214806738665091501e+01,1.003436330760913052e+03,1.324518394154974033e+01,2.562283661593850681e+01,1.885694443218038696e+00,1.381341342488447310e+00,1.301104345611078794e-02,8.566232409779968177e-19
4.633449713216754753e+04,4.199362695592451900e+01,1.002805229037452023e+03,1.319480237349030816e+01,2.553124898226715800e+01,1.876532909365100421e+00,1.377920184791919356e+00,1.312250601017700240e-02,8.229865794743317504e-19
4.642827156363993709e+04,4.183965903307925771e+01,1.002174056663194392e+03,1.314458068872425756e+01,2.543993971100255891e+01,1.867401671406974550e+00,1.374501964761240203e+00,1.323499718428660168e-02,7.906331865710682615e-19
4.652204599511231936e+04,4.168616242860734644e+01,1.001542813551143922e+03,1.309451849447001415e+01,2.534890812348839972e+01,1.858300634389098871e+00,1.371086650678203123e+00,1.334852558136905010e-02,7.595155975204629901e-19
4.661582042658470891e+04,4.153313595529978386e+01,1.000911499614074842e+03,1.304461539883922505e+01,2.525815354238259758e+01,1.849229703551003912e+00,1.367674210690695613e+00,1.346309983638268801e-02,7.295880457436211086e-19
4.670959485805709119e+04,4.138057842822114907e+01,1.000280114764531959e+03,1.299487101082498874e+01,2.516767529164252082e+01,1.840188784326609150e+00,1.364264612811443067e+00,1.357872861508688245e-02,7.008064042063256917e-19
4.671897230120461609e+04,4.136534842200542528e+01,1.000216972376017452e+03,1.298990528591597382e+01,2.515864263875088369e+01,1.839286339408014337e+00,1.363923808103991719e+00,1.359034982628173037e-02,6.979896137512326477e-19
4.672834974435213371e+04,4.135012309224245541e+01,1.000153829277413706e+03,1.298494114379204412e+01,2.514961274174006789e+01,1.838384193567672131e+00,1.363583031464556505e+00,1.360198167836316509e-02,6.951838140057998566e-19
4.673772718749965861e+04,4.133490243775107587e+01,1.000090685468632842e+03,1.297997858406300864e+01,2.514058559993697983e+01,1.837482346711001080e+00,1.363242282860605226e+00,1.361362418003367845e-02,6.923889634321467089e-19
4.674710463064717624e+04,4.131968645735529577e+01,1.000027540949587433e+03,1.297501760634095724e+01,2.513156121267030940e+01,1.836580798744234633e+00,1.362901562260214305e+00,1.362527734002058621e-02,6.896050206436598510e-19
4.674804237496249698e+04,4.131816511634465172e+01,1.000021226458614933e+03,1.297452159556372564e+01,2.513065892541698076e+01,1.836490660382711360e+00,1.362867491739002235e+00,1.362644324255775016e-02,6.893272247042144668e-19
4.674898011927781772e+04,4.131664382206193409e+01,1.000014911960538825e+03,1.297402560060229249e+01,2.512975666570092770e+01,1.836400525009331819e+00,1.362833421497681163e+00,1.362760925178199516e-02,6.890495373887957640e-19
4.674991786359313119e+04,4.131512257450594916e+01,1.000008597455358995e+03,1.297352962145654587e+01,2.512885443352235271e+01,1.836310392623618171e+00,1.362799351535958436e+00,1.362877536769201842e-02,6.887719586565154798e-19
4.675038673575008579e+04,4.131436196825015372e+01,1.000005440200105113e+03,1.297328163781390842e+01,2.512840332775990504e+01,1.836265327550906434e+00,1.362782316659724380e+00,1.362935846564954610e-02,6.886332099963789153e-19
4.675085560790704039e+04,4.131360137367560270e+01,1.000002282943075329e+03,1.297303365812569709e+01,2.512795222888096092e+01,1.836220263225342153e+00,1.362765281853649313e+00,1.362994159029083836e-02,6.884944884663987803e-19
4.675132448006398772e+04,4.131284079078801597e+01,9.999991256814101916e+02,1.297277535923271685e+01,2.512751055192863703e+01,1.836165687125639545e+00,1.362758987228005036e+00,1.363020527322230530e-02,6.883634420456842094e-19
4.675155891614246502e+04,4.131246050372753587e+01,9.999975470484818061e+02,1.297265137290253811e+01,2.512728500844328039e+01,1.836143155687116391e+00,1.362750469842359369e+00,1.363049685211462601e-02,6.882941041448011516e-19
4.675179335222094232e+04,4.131208021958726562e+01,9.999959684151092461e+02,1.297252738756075452e+01,2.512705946667941603e+01,1.836120624435093607e+00,1.362741952473993656e+00,1.363078843766952521e-02,6.882247730235533803e-19
4.675202778829941963e+04,4.131169993836719811e+01,9.999943897812925115e+02,1.297240340320739804e+01,2.512683392663636184e+01,1.836098093369848305e+00,1.362733435123144599e+00,1.363108002989524281e-02,6.881554486810996494e-19
4.675205123190782615e+04,4.131166191040579605e+01,9.999942319178863954e+02,1.297239100482656227e+01,2.512681137272790011e+01,1.836095840273094471e+00,1.362732583388639673e+00,1.363110918946977904e-02,6.881485166200626661e-19
4.675207467551623995e+04,4.131162388247359729e+01,9.999940740544758455e+02,1.297237860645610752e+01,2.512678881883502413e+01,1.836093587178892594e+00,1.362731731654892586e+00,1.363113834913286075e-02,6.881415846262543119e-19
4.675209811912465375e+04,4.131158585457060184e+01,9.999939161910608618e+02,1.297236620809509233e+01,2.512676626495948184e+01,1.836091334086504157e+00,1.362730879921244309e+00,1.363116750885997805e-02,6.881346527002835660e-19
4.675210984092815488e+04,4.131156684062640494e+01,9.999938372593522899e+02,1.297236000891648544e+01,2.512675498802620666e+01,1.836090207540732600e+00,1.362730454054198015e+00,1.363118208873996713e-02,6.881311867628321241e-19
4.675212156273165601e+04,4.131154782668951242e+01,9.999937583276425812e+02,1.297235380974056440e+01,2.512674371109693894e+01,1.836089080995564782e+00,1.362730028187337794e+00,1.363119666864135229e-02,6.881277208422029099e-19
4.675213328453515715e+04,4.131152881275991717e+01,9.999936793959317356e+02,1.297234761056781238e+01,2.512673243417263791e+01,1.836087954450578597e+00,1.362729602320348121e+00,1.363121124855124107e-02,6.881242549387778353e-19
4.675214500633865100e+04,4.131150979883761920e+01,9.999936004642198668e+02,1.297234141139696817e+01,2.512672115725192512e+01,1.836086827906355801e+00,1.362729176453603364e+00,1.363122582848686273e-02,6.881207890520212029e-19
4.675215672814215213e+04,4.131149078492262561e+01,9.999935215325068611e+02,1.297233521222898744e+01,2.512670988033604402e+01,1.836085701362384581e+00,1.362728750586751580e+00,1.363124040843256314e-02,6.881173231824076581e-19
4.676023949809656187e+04,4.129838148026342282e+01,9.999390939046419362e+02,1.296806116484479965e+01,2.511893490852700239e+01,1.835309004274752853e+00,1.362435104631255500e+00,1.364129798591929427e-02,6.857314625457818668e-19
4.676832226805097162e+04,4.128527564604892319e+01,9.998846657486948288e+02,1.296378829209485950e+01,2.511116198195787064e+01,1.834532529075437290e+00,1.362141479423368162e+00,1.365136349737535414e-02,6.833536324385632994e-19
4.677640503800538136e+04,4.127217328152338638e+01,9.998302370646089230e+02,1.295951659373043974e+01,2.510339110019928199e+01,1.833756275703415373e+00,1.361847874941811254e+00,1.366143694836518402e-02,6.809838066798918849e-19
4.678448780795978382e+04,4.125907438593121412e+01,9.997758078523274889e+02,1.295524606950262125e+01,2.509562226281942543e+01,1.832980244098701972e+00,1.361554291166195529e+00,1.367151834448867599e-02,6.786219591704687596e-19
4.678529608495465800e+04,4.125776468713424805e+01,9.997703649020463672e+02,1.295481908164691376e+01,2.509484549150488064e+01,1.832902653133425153e+00,1.361524933926876901e+00,1.367252692130796476e-02,6.783862122205958069e-19
4.678610436194953945e+04,4.125645502301829737e+01,9.997649219464826729e+02,1.295439210553077736e+01,2.509406874063020965e+01,1.832825064384838942e+00,1.361495576894176773e+00,1.367353557763077015e-02,6.781505447672951315e-19
4.678691263894441363e+04,4.125514539358262311e+01,9.997594789856364059e+02,1.295396514115321018e+01,2.509329201019428623e+01,1.832747477853141183e+00,1.361466220068245470e+00,1.367454431346974350e-02,6.779149567843789010e-19
4.678772091593928781e+04,4.125383579882645790e+01,9.997540360195074527e+02,1.295353818851402572e+01,2.509251530019673382e+01,1.832669893538260597e+00,1.361436863449082102e+00,1.367555312883161726e-02,6.776794482458820169e-19
4.678780174363862898e+04,4.125370484125818393e+01,9.997534917226040534e+02,1.295349549389516142e+01,2.509243763032046459e+01,1.832662135228939393e+00,1.361433927798698651e+00,1.367565401474879483e-02,6.776559017602605265e-19
4.678788257133797742e+04,4.125357388403669745e+01,9.997529474256477897e+02,1.295345279939417615e+01,2.509235996064931484e+01,1.832654376941488472e+00,1.361430992150161945e+00,1.367575490145195478e-02,6.776323560690757011e-19
4.678796339903732587e+04,4.125344292716199845e+01,9.997524031286386617e+02,1.295341010501066670e+01,2.509228229118254205e+01,1.832646618676203376e+00,1.361428056503717121e+00,1.367585578895103883e-02,6.776088111720052364e-19
4.678797148180782096e+04,4.125342983149360521e+01,9.997523486989348385e+02,1.295340583557890568e+01,2.509227452424681815e+01,1.832645842851007734e+00,1.361427762939309893e+00,1.367586587774923153e-02,6.776064567258592297e-19
4.678797956457832333e+04,4.125341673582867941e+01,9.997522942692304468e+02,1.295340156614816252e+01,2.509226675731380496e+01,1.832645067025763019e+00,1.361427469374661969e+00,1.367587596654552470e-02,6.776041022879016993e-19
4.678798764734882570e+04,4.125340364016721395e+01,9.997522398395256005e+02,1.295339729671828799e+01,2.509225899038192154e+01,1.832644291201116715e+00,1.361427175810318246e+00,1.367588605536139770e-02,6.776017478575849109e-19
4.678799168873407325e+04,4.125339709233735164e+01,9.997522126246730068e+02,1.295339516200390939e+01,2.509225510691741334e+01,1.832643903288478482e+00,1.361427029027846514e+00,1.367589109976008119e-02,6.776005706457110457e-19
4.678799573011932807e+04,4.125339054450835619e+01,9.997521854098202994e+02,1.295339302728973152e+01,2.509225122345243619e+01,1.832643515376292109e+00,1.361426882245724057e+00,1.367589614417409789e-02,6.775993934354848136e-19
4.678799977150457562e+04,4.125338399668022760e+01,9.997521581949674783e+02,1.295339089257582899e+01,2.509224733998840762e+01,1.832643127463994270e+00,1.361426735463419302e+00,1.367590118858325217e-02,6.775982162274159119e-19
4.678800381288982317e+04,4.125337744885296587e+01,9.997521309801145435e+02,1.295338875786224619e+01,2.509224345652492261e+01,1.832642739551729960e+00,1.361426588681121652e+00,1.367590623299418280e-02,6.775970390213305255e-19
4.678800785427507799e+04,4.125337090102657100e+01,9.997521037652613813e+02,1.295338662314889433e+01,2.509223957306154773e+01,1.832642351639683032e+00,1.361426441898981432e+00,1.367591127741287806e-02,6.775958618170812244e-19
4.699007710312396375e+04,4.092706136231037561e+01,9.983911958694499162e+02,1.284701713025268965e+01,2.489870399594840222e+01,1.813315865344400368e+00,1.354093738694545968e+00,1.393063207034488972e-02,6.211510016114954541e-19
4.719214635197284952e+04,4.060290745517009725e+01,9.970299569117157716e+02,1.274137736871411875e+01,2.470643905105321991e+01,1.794126990683735601e+00,1.346773633411275428e+00,1.419041130750724709e-02,5.692819668430645565e-19
4.820249259621869714e+04,3.901406357998887842e+01,9.902187647202231346e+02,1.222398999405399955e+01,2.376394052353922248e+01,1.700214245439995997e+00,1.310350531391289985e+00,1.556828556457875296e-02,3.668857389679021257e-19
4.921283884046454477e+04,3.747737175257956466e+01,9.833991595245021244e+02,1.172427449781256215e+01,2.285221529865015810e+01,1.609603722021053507e+00,1.274192246837067444e+00,1.708598725863277878e-02,2.351314141860737238e-19
5.022318508471039240e+04,3.599141401553572450e+01,9.765710237247407122e+02,1.124176675405983872e+01,2.197045284745215810e+01,1.522184036932378248e+00,1.238255705427222075e+00,1.875467166409465827e-02,1.498495733818630229e-19
5.123353132895624003e+04,3.455480192331780387e+01,9.697342355505489877e+02,1.077601401681278759e+01,2.111785751308410042e+01,1.437848092549696366e+00,1.202497136539599998e+00,2.058516433127971501e-02,9.496378940622042372e-20
5.224387757320208766e+04,3.316617609378943854e+01,9.628886685897650750e+02,1.032657455641362354e+01,2.029364720092340590e+01,1.356493959015178774e+00,1.166872859709784827e+00,2.258751772748786302e-02,5.984322678866079510e-20
5.313704604082552396e+04,3.197749507913344047e+01,9.568296198849012626e+02,9.942499712935036982e+00,1.958804822178208127e+01,1.286981419465938137e+00,1.135457929011513878e+00,2.450779593882279617e-02,3.959993926369749917e-20
5.403021450844896026e+04,3.082437383689996224e+01,9.507635132073444311e+02,9.570545126078602749e+00,1.890350510029529474e+01,1.219662795266686972e+00,1.104086790855085543e+00,2.657402440423433862e-02,2.608954027456182618e-20
5.492338297607239656e+04,2.970592859311983958e+01,9.446902500414598762e+02,9.210425110170293195e+00,1.823949841783117876e+01,1.154481759419623943e+00,1.072733895269648796e+00,2.878941042907473200e-02,1.711337527057197446e-20
5.581655144369583286e+04,2.862129257820909700e+01,9.386097276198163399e+02,8.861859224172331295e+00,1.759551351489429294e+01,1.091387714511253826e+00,1.041376955282463435e+00,3.115516934878307873e-02,1.117657367143451859e-20
5.670971991131926916e+04,2.756961593277380729e+01,9.325218385275467199e+02,8.524571761401990244e+00,1.697103972882352352e+01,1.030336366255325986e+00,1.009997968917631939e+00,3.367010737532389469e-02,7.267628348957350353e-21
5.760288837894270546e+04,2.655006564544905601e+01,9.264264702949770935e+02,8.198291191570520553e+00,1.636556976466946622e+01,9.712901907713071825e-01,9.785842742991723853e-01,3.633022413867023626e-02,4.705383412011237299e-21
5.849605684656614176e+04,2.556182552025330423e+01,9.203235049880146335e+02,7.882749573636604445e+00,1.577859926375510469e+01,9.142187386075437683e-01,9.471295793147354036e-01,3.912836493934522542e-02,3.033345862669902378e-21
5.938922531418957806e+04,2.460409616858393278e+01,9.142128188075040498e+02,7.577681964720016872e+00,1.520962663263018300e+01,8.590987195444185209e-01,9.156348964580819372e-01,4.205395523118971024e-02,1.947052920921746203e-21
6.028239378181301436e+04,2.367609501852290066e+01,9.080942817099530657e+02,7.282825855664498249e+00,1.465815318531530131e+01,8.059138201817154235e-01,8.841093082791967595e-01,4.509284908222929711e-02,1.244410331995627152e-21
6.117556224943645066e+04,2.277705633183581213e+01,9.019677570624547798e+02,6.997920666663864253e+00,1.412368363344309685e+01,7.546542216816417570e-01,8.525704913888163539e-01,4.822731865838589954e-02,7.919107463008874639e-22
6.206873071705988696e+04,2.190623121723850275e+01,8.958331013441423920e+02,6.722707335768064674e+00,1.360572693313248394e+01,7.053158069760351312e-01,8.210449382759288373e-01,5.143620308599566870e-02,5.017725120119684891e-22
6.296189918468332326e+04,2.106288762746516952e+01,8.896901639050539643e+02,6.456928028654815854e+00,1.310379746683642388e+01,6.578990730064037118e-01,7.895678359019985271e-01,5.469522306553470381e-02,3.165484183025041798e-22
6.385506765230675956e+04,2.024631032762814442e+01,8.835387867909249735e+02,6.200325990051882563e+00,1.261741650694306038e+01,6.124077907659237763e-01,7.581825861282144308e-01,5.797745373905661276e-02,1.988168796694218599e-22
6.474823611993019585e+04,1.945580082336841699e+01,8.773788046393765399e+02,5.952645546524896858e+00,1.214611388009413595e+01,5.688474801561528293e-01,7.269399821442670273e-01,6.125393444897887785e-02,1.243126058713172218e-22
6.564140458755362488e+04,1.869067723938428216e+01,8.712100446495192045e+02,5.713632258488356541e+00,1.168942973122781126e+01,5.272237843679976610e-01,6.958970831429189818e-01,6.449438215718744649e-02,7.737242609204172749e-23
6.653457305517706845e+04,1.795027414177677372e+01,8.650323266234953508e+02,5.483033207867916481e+00,1.124691627705837149e+01,4.875408371466652957e-01,6.651158526259216552e-01,6.766796707790187493e-02,4.793114194960136659e-23
6.742774152280049748e+04,1.723394230096167590e+01,8.588454630752747789e+02,5.260597398360296495e+00,1.081813944105877745e+01,4.497997150136046618e-01,6.346616410308961731e-01,7.074410549811792348e-02,2.954964570949778421e-23
6.832090999042394105e+04,1.654104839571960994e+01,8.526492593993783657e+02,5.046076238905315314e+00,1.040268027529318395e+01,4.139970561000061444e-01,6.046015994569864382e-01,7.369322596410508852e-02,1.812689151085572675e-23
6.944081871624021733e+04,1.570442887070429272e+01,8.448665767133300051e+02,4.787903972338992453e+00,9.899954959451669367e+00,3.718302516974633098e-01,5.675706303967412714e-01,7.716905681939195683e-02,9.750913397255029367e-24
7.056072744205650815e+04,1.490250334803484300e+01,8.370684806009986687e+02,4.541312573492369609e+00,9.416779667765956319e+00,3.326642979366765673e-01,5.313948605074864107e-01,8.035194833239177326e-02,5.200944665781680591e-24
7.168063616787279898e+04,1.413412366497288453e+01,8.292545436642138839e+02,4.305836001717316286e+00,8.952441968103300951e+00,2.964494171427476954e-01,4.961968280234201334e-01,8.319944998618754306e-02,2.749478718220573451e-24
7.280054489368907525e+04,1.339817624946532248e+01,8.214243239668172691e+02,4.081020027843956122e+00,8.506272656272033217e+00,2.631176638389852718e-01,4.620886389059940536e-01,8.567726260434768704e-02,1.439955882067105095e-24
7.392045361950536608e+04,1.269358057577516696e+01,8.135773660204164344e+02,3.866423527385076664e+00,8.077644454771036209e+00,2.325833700572364493e-01,4.291694875101281226e-01,8.775973605169863634e-02,7.467290804864274630e-25
7.504036234532165690e+04,1.201928760853237321e+01,8.057132017513300752e+02,3.661619509310915621e+00,7.665969730354121658e+00,2.047444317144503645e-01,3.975240046456337550e-01,8.942993250724572130e-02,3.832327657506882257e-25
7.616027107113793318e+04,1.137427827672175873e+01,7.978313514183382722e+02,3.466195869230024318e+00,7.270697481984246480e+00,1.794842332675953278e-01,3.672213658402938008e-01,9.067932639959684626e-02,1.945386842843248751e-25
7.728017979695422400e+04,1.075756201133457246e+01,7.899313244583809137e+02,3.279755877579169088e+00,6.891309852296385152e+00,1.566740045155374239e-01,3.383150540748363078e-01,9.150722286865205224e-02,9.762015896856781568e-26
7.840008852277050028e+04,1.016817537193855969e+01,7.820126202440071665e+02,3.101918427489995356e+00,6.527318394400358770e+00,1.361754192318386514e-01,3.108431540217607703e-01,9.191997679461053061e-02,4.839479073195159387e-26
7.951999724858679110e+04,9.605180779195524821e+00,7.740747287418887481e+02,2.932318074360138471e+00,6.178260291259795700e+00,1.178432724313281110e-01,2.848290536150150931e-01,9.193008752926004612e-02,2.368688497921421714e-26
8.063990597440308193e+04,9.067665362975295906e+00,7.661171310660372455e+02,2.770604901510652862e+00,5.843694684795722516e+00,1.015281050242304445e-01,2.602824380638646407e-01,9.155523358083549057e-02,1.143882829955091750e-26
8.175981470021935820e+04,8.554739929494164841e+00,7.581392999225954554e+02,2.616444245304023308e+00,5.523199231810568932e+00,8.707867681234711388e-02,2.372004764919495856e-01,9.081729907528836299e-02,5.446564212114718364e-27
8.287972342603564903e+04,8.065538045946151868e+00,7.501406999453771505e+02,2.469516310129828973e+00,5.216366967230028351e+00,7.434421838684668327e-02,2.155691186938698267e-01,8.974143150559439619e-02,2.555190684022633022e-27
8.399963215185193985e+04,7.599215237361899078e+00,7.421207879228840056e+02,2.329515699792130246e+00,4.922803523761149158e+00,6.317641803294458958e-02,1.953644366934091103e-01,8.835515908228325221e-02,1.180222883261041348e-27
8.511954087766821613e+04,7.154948287782143090e+00,7.340790129185110118e+02,2.196150887754605652e+00,4.642124731422079265e+00,5.343112073316041988e-02,1.765539614712104410e-01,8.668758640110667268e-02,5.363062115999972923e-28
8.623944960348450695e+04,6.731934636133290795e+00,7.260148162862100207e+02,2.069143644849584351e+00,4.373954600365125955e+00,4.496973288989563472e-02,1.590979787362709619e-01,8.476867929244066846e-02,2.395656424508264509e-28
8.735935832930079778e+04,6.329391856257014837e+00,7.179276315841071892e+02,1.948228439646734644e+00,4.117923675422002106e+00,3.766033888736536328e-02,1.429507587546983705e-01,8.262864354625203134e-02,1.051089678314622054e-28
8.847926705511707405e+04,5.946557210193673448e+00,7.098168843886111290e+02,1.833151823776856704e+00,3.873667740108841961e+00,3.137854465028746404e-02,1.280617041185254656e-01,8.029739753916979861e-02,4.525679957809985175e-29
8.940447652496545925e+04,5.644617048765667278e+00,7.030980254410484349e+02,1.742313541801812526e+00,3.680502742203063615e+00,2.688111907978441018e-02,1.166716598161379598e-01,7.824798586487505259e-02,2.222844489604105080e-29
9.032968599481384445e+04,5.355210904138458794e+00,6.963623541139157851e+02,1.655164019361673233e+00,3.494927559233495629e+00,2.294432270452518435e-02,1.060710678235351895e-01,7.610393501523909920e-02,1.076743505402008163e-29
9.125489546466222964e+04,5.077938087781492804e+00,6.896095332201105066e+02,1.571577239827400829e+00,3.316742571413101359e+00,1.951096949600878913e-02,9.622675279195465337e-02,7.388055425303764745e-02,5.139851255845012233e-30
9.218010493451061484e+04,4.812406534032440675e+00,6.828392211628490713e+02,1.491431774430133750e+00,3.145749535997517832e+00,1.652791093357770108e-02,8.710485614665759713e-02,7.159245652456572295e-02,2.416731471266669975e-30
9.310531440435900004e+04,4.558232707783207438e+00,6.760510716991093432e+02,1.414610557708823269e+00,2.981751542591162263e+00,1.394600068425392095e-02,7.867111313821402441e-02,6.925349366076670454e-02,1.118632334407361893e-30
9.403052387420737068e+04,4.315041519245027324e+00,6.692447336742504831e+02,1.341000669419262437e+00,2.824553020314445551e+00,1.172001760162546570e-02,7.089110210840662840e-02,6.687670980130139275e-02,5.093990195490999111e-31
9.495573334405575588e+04,4.082466244060827698e+00,6.624198507278612169e+02,1.270493123700140226e+00,2.673959788296647044e+00,9.808553789503220849e-03,6.373046739450748122e-02,6.447431088004539068e-02,2.280654783067885648e-31
9.588094281390414108e+04,3.860148447235439040e+00,6.555760609707605227e+02,1.202982666149228441e+00,2.529779141521054431e+00,8.173874071186524801e-03,5.715511740148626618e-02,6.205764809250301911e-02,1.003224517947103852e-31
9.680615228375252627e+04,3.647737909549781055e+00,6.487129966329484887e+02,1.138367579337433932e+00,2.391819964671917820e+00,6.781752743828279618e-03,5.113139941932836469e-02,5.963721337729522426e-02,4.332782412728873088e-32
9.773136175360091147e+04,3.444892555311037441e+00,6.418302836821596884e+02,1.076549497176316761e+00,2.259892867291389162e+00,5.601293000416683425e-03,4.562625276709605243e-02,5.722264507581806270e-02,1.835880619310738237e-32
9.865657122344929667e+04,3.251278380465212781e+00,6.349275414125298767e+02,1.017433228453360705e+00,2.133810334228109173e+00,4.604733886451831820e-03,4.060734181812023641e-02,5.482274207917074704e-02,7.625952167941228364e-33
9.958178069329768186e+04,3.066569380260019795e+00,6.280043820027243555e+02,9.609265897575286486e-01,2.013386886030506417e+00,3.767249138254640233e-03,3.604317041124912441e-02,5.244548492248091165e-02,3.102862760072031762e-33
1.005069901631460671e+05,2.890447475794041043e+00,6.210604100427157164e+02,9.069402479324170097e-01,1.898439244595640174e+00,3.066741736189215056e-03,3.190317908885964560e-02,5.009806244093555766e-02,1.235603070826858293e-33
1.014321996329944377e+05,2.722602438922186785e+00,6.140952220282193821e+02,8.553875721172299329e-01,1.788786500016044556e+00,2.483637507528372972e-03,2.815782652855938414e-02,4.778690275282545391e-02,4.811199799220109390e-34
1.023574091028428229e+05,2.562731815107672784e+00,6.071084058216091535e+02,8.061844953639798472e-01,1.684250275167401556e+00,2.000680636998932675e-03,2.477865645708598324e-02,4.551770748220718837e-02,1.830102845991259444e-34
1.032826185726912081e+05,2.410540843917348575e+00,6.000995400779374904e+02,7.592493857537191415e-01,1.584654885141971725e+00,1.602733493152554665e-03,2.173835125467560650e-02,4.329548827382968812e-02,6.793804867405660931e-35
1.042078280425395933e+05,2.265742376950750536e+00,5.930681936344714131e+02,7.145029268745297646e-01,1.489827489153560780e+00,1.276582759118690498e-03,1.901077337881353427e-02,4.112460478472828446e-02,2.458727121790947395e-35
1.051330375123879785e+05,2.128056793074056152e+00,5.860139248619273076e+02,6.718680074691566473e-01,1.399598233016869697e+00,1.010753469292512922e-03,1.657099565945820141e-02,3.900880345927940085e-02,8.665351043164404113e-36
1.060582469822363637e+05,1.997211910899872933e+00,5.789362809753457668e+02,6.312696200108561806e-01,1.313800380737063289e+00,7.953322003373395396e-04,1.439532144480006395e-02,3.695125650681597290e-02,2.970517663782740454e-36
1.069834564520847489e+05,1.872942898511507970e+00,5.718347973022887345e+02,5.926347679213433972e-01,1.232270434133090786e+00,6.218003459420783042e-04,1.246129550820363266e-02,3.495460060292833460e-02,9.892599655760979988e-37
1.079086659219331195e+05,1.754992180479284958e+00,5.647089965057418794e+02,5.558923811054575781e-01,1.154848239763184070e+00,4.828781197979547667e-04,1.074770656365739603e-02,3.302097492718813337e-02,3.196329067756056316e-37
1.088338753917815047e+05,1.643109342259488681e+00,5.575583877587255301e+02,5.209732394437355252e-01,1.081377082725703875e+00,3.723796794274912580e-04,9.234582179055081386e-03,3.115205823156627293e-02,1.000579201318994780e-37
1.097590848616298899e+05,1.537051032085147151e+00,5.503824658675556520e+02,4.878099038500840479e-01,1.011703767162358547e+00,2.850795435852486307e-04,7.903176823995978692e-03,2.934910470512107350e-02,3.030187827051514500e-38
1.103511948749227304e+05,1.472123560526506614e+00,5.457765390864537949e+02,4.674772072914299414e-01,9.690384112867532762e-01,2.393260308941954782e-04,7.138324844612997308e-03,2.823029107281456798e-02,1.385487876581304168e-38
1.109433048882155708e+05,1.409424184218967868e+00,5.411598921471302219e+02,4.478198139715131032e-01,9.278287426926563608e-01,2.002724322203960124e-04,6.436351742806933028e-03,2.713900337976776073e-02,6.242806817517929698e-39
1.115354149015083967e+05,1.348893560495094013e+00,5.365323823178935072e+02,4.288211312597697278e-01,8.880369432361661097e-01,1.670397392024626797e-04,5.793112586518809649e-03,2.607533367343670486e-02,2.770803499591455660e-39
1.121275249148012372e+05,1.290473474851054680e+00,5.318938639072160868e+02,4.104648352851024695e-01,8.496258142436741156e-01,1.388494538584766512e-04,5.204655039315297417e-03,2.503932082910426474e-02,1.210812332214144383e-39
1.127196349280940776e+05,1.234106829486946610e+00,5.272441881424152825e+02,3.927348663840583010e-01,8.125587795575179850e-01,1.150140362264244281e-04,4.667215775430027212e-03,2.403095373371391674e-02,5.206925045997730353e-40
1.133117449413869181e+05,1.179737631731958558e+00,5.225832030433005002e+02,3.756154249167683590e-01,7.767998877918834699e-01,9.492803288591489426e-05,4.177216631116284322e-03,2.305017435930420064e-02,2.202410829892383081e-40
1.139038549546797585e+05,1.127310982363596503e+00,5.179107532906758706e+02,3.590909674309757937e-01,7.423138138297150634e-01,7.805986162925825013e-05,3.731260515366529099e-03,2.209688072590753477e-02,9.157934415148017372e-41
1.144029462602270360e+05,1.084589526625034717e+00,5.139633100806422590e+02,3.456133117152224155e-01,7.142084322444472999e-01,6.599667417104327402e-05,3.387195493005904293e-03,2.131459049818567805e-02,4.311501709582840850e-41
1.149020375657743280e+05,1.043178329466204257e+00,5.100075115514402455e+02,3.325384959222779102e-01,6.869622723960167043e-01,5.564246361013263812e-05,3.070298156937066592e-03,2.055162052735917677e-02,2.003867763580379008e-41
1.154011288713216054e+05,1.003046286942140819e+00,5.060432587233283357e+02,3.198576253263553104e-01,6.605552170515549548e-01,4.677876209564583841e-05,2.778820183466483313e-03,1.980784561866457197e-02,9.191019998217259636e-42
1.159002201768688828e+05,9.641628249297872211e-01,5.020704506603212280e+02,3.075619287170508476e-01,6.349674648654817233e-01,3.921173017834691182e-05,2.511096179918409586e-03,1.908312343715786938e-02,4.158640326381045309e-42
1.163993114824161748e+05,9.264978939890226028e-01,4.980889844019596353e+02,2.956427573319068136e-01,6.101795297073040469e-01,3.276979702387603361e-05,2.265541591255556056e-03,1.837729556153277002e-02,1.855516031920627401e-42
1.168984027879634523e+05,8.900219642002190623e-01,4.940987548924617840e+02,2.840915838723949705e-01,5.861722397839513876e-01,2.730147984128624406e-05,2.040650562003592291e-03,1.769018850202761298e-02,8.160749117531897911e-43
1.170691978343558003e+05,8.778073113649220716e-01,4.927312186378373440e+02,2.802216371102516090e-01,5.781325492604380001e-01,2.562934123424689470e-05,1.968177252961796249e-03,1.745931840003627639e-02,6.140221573709715322e-43
1.172399928807481483e+05,8.657273498813777834e-01,4.913626392325504071e+02,2.763934670229756252e-01,5.701813208081475404e-01,2.405056491312883356e-05,1.897900542221939331e-03,1.723061094311920116e-02,4.611878532889324007e-43
1.174107879271404818e+05,8.537809376148284279e-01,4.899930122886037225e+02,2.726067415658229853e-01,5.623178113268502143e-01,2.256047058246497412e-05,1.829766174770383310e-03,1.700405807680232737e-02,3.457832548126498569e-43
1.175815829735328298e+05,8.419669393641313615e-01,4.886223333864728033e+02,2.688611303284832998e-01,5.545412819825454864e-01,2.115458407762345650e-05,1.763720893833516622e-03,1.677965157519122064e-02,2.587943049454465263e-43
1.177523780199251632e+05,8.302842268372190304e-01,4.872505980747279750e+02,2.651563045315563638e-01,5.468509982004576830e-01,1.982862965453902930e-05,1.699712430330053417e-03,1.655738304522032939e-02,1.933403089168664353e-43
1.179231730663175113e+05,8.187316786263787449e-01,4.858778018696473850e+02,2.614919370230748275e-01,5.392462296576606695e-01,1.857852250985088133e-05,1.637689492288024479e-03,1.633724393084514184e-02,1.441780708104107601e-43
1.179428220087480586e+05,8.174109256784651834e-01,4.857198016771135372e+02,2.610729538294358498e-01,5.383767988278025385e-01,1.843939181572515641e-05,1.630679191876232680e-03,1.631205443753483419e-02,1.393762748357921708e-43
1.179624709511786059e+05,8.160918790208120388e-01,4.855617873768874801e+02,2.606545013015798551e-01,5.375084890859458397e-01,1.830120735795199950e-05,1.623694427213175388e-03,1.628689299871528481e-02,1.347311171590341954e-43
1.179821198936091532e+05,8.147745369633946355e-01,4.854037589620587028e+02,2.602365789455126643e-01,5.366412993308896651e-01,1.816396337996601006e-05,1.616735122654902298e-03,1.626175960095703477e-02,1.302375963022966087e-43
1.180017688360397005e+05,8.134588978173870055e-01,4.852457164257109525e+02,2.598191862675254815e-01,5.357752284621773997e-01,1.802765415586159178e-05,1.609801202724469487e-03,1.623665423080365711e-02,1.258908669951755686e-43
1.180214177784702479e+05,8.121449598951501203e-01,4.850876597609220653e+02,2.594023227741881210e-01,5.349102753800875076e-01,1.789227399025622119e-05,1.602892592111634321e-03,1.621157687477250628e-02,1.216862354061526173e-43
1.180233826727138658e+05,8.120136596052961453e-01,4.850718533171122431e+02,2.593606655110222148e-01,5.348238415078261365e-01,1.787878685354817970e-05,1.602203120168352877e-03,1.620907067942598326e-02,1.212734113140937734e-43
1.180253475669574837e+05,8.118823763091287393e-01,4.850560467319418194e+02,2.593190135342775537e-01,5.347374188013419571e-01,1.786530894510164101e-05,1.601513900491627600e-03,1.620656476407236757e-02,1.208619581439716590e-43
1.180273124612011015e+05,8.117511100049622508e-01,4.850402400054038594e+02,2.592773668434621981e-01,5.346510072595365148e-01,1.785184025927147273e-05,1.600824933006415656e-03,1.620405912869770162e-02,1.204518714423288821e-43
1.180292773554447194e+05,8.116198606911182445e-01,4.850244331374913713e+02,2.592357254380849296e-01,5.345646068813164620e-01,1.783838079041592044e-05,1.600136217637698711e-03,1.620155377328883622e-02,1.200431467698464822e-43
1.180294738448688004e+05,8.116067366941355221e-01,4.850228524429242611e+02,2.592315615882269109e-01,5.345559674574483777e-01,1.783703535024694925e-05,1.600067359964346030e-03,1.620130325314551173e-02,1.200023490437095648e-43
1.180296703342928813e+05,8.115936128670373506e-01,4.850212717469433414e+02,2.592273977912179506e-01,5.345473281452044478e-01,1.783569000218549949e-05,1.599998504811331020e-03,1.620105273580164928e-02,1.199615648891842910e-43
1.180298668237169622e+05,8.115804892098220646e-01,4.850196910495486122e+02,2.592232340470571050e-01,5.345386889445827849e-01,1.783434474622599429e-05,1.599929652178603374e-03,1.620080222125760278e-02,1.199207943018521805e-43
1.180299693412779452e+05,8.115736420622514657e-01,4.850188663271369478e+02,2.592210616513669907e-01,5.345341815209506686e-01,1.783364290140429000e-05,1.599893729618429277e-03,1.620067151741416689e-02,1.198995278125590686e-43
1.180300718588389427e+05,8.115667949609254306e-01,4.850180416058091737e+02,2.592188892700291736e-01,5.345296741276983621e-01,1.783294108276738953e-05,1.599857807796161444e-03,1.620054081431886520e-02,1.198782650507559451e-43
1.180301743763999257e+05,8.115599479058440702e-01,4.850172168858049986e+02,2.592167169030383245e-01,5.345251667648254212e-01,1.783223929049632079e-05,1.599821886720226294e-03,1.620041011196938704e-02,1.198570060216735481e-43
1.180304306703038164e+05,8.115428304704579432e-01,4.850151550915855978e+02,2.592112860483273273e-01,5.345138984905500878e-01,1.783048492516357906e-05,1.599732087295506087e-03,1.620008335936030941e-02,1.198038747753818301e-43
1.180306869642077072e+05,8.115257133240949550e-01,4.850130933056390745e+02,2.592058552832813834e-01,5.345026304061401001e-01,1.782873072459766151e-05,1.599642292535087161e-03,1.619975661141387704e-02,1.197507668444334895e-43
1.180309432581115980e+05,8.115085964667516638e-01,4.850110315279656561e+02,2.592004246079000485e-01,5.344913625115936817e-01,1.782697668878370441e-05,1.599552502438734460e-03,1.619942986813020791e-02,1.196976822187117155e-43
1.180322247276296403e+05,8.114230165152143126e-01,4.850007227636989455e+02,2.591732725759302580e-01,5.344350258867409664e-01,1.781820898048626457e-05,1.599103621910714272e-03,1.619779622165183966e-02,1.194326083144718353e-43
1.180386320752226457e+05,8.109952251239506138e-01,4.849491820454453546e+02,2.590375460358320114e-01,5.341534139509581669e-01,1.777443215189951413e-05,1.596860967282000450e-03,1.618962973772643255e-02,1.181159303478462488e-43
1.180450394228156511e+05,8.105676143049068694e-01,4.848976465006550711e+02,2.589018755178739695e-01,5.338719206376649762e-01,1.773075801157432388e-05,1.594621223550256491e-03,1.618146616780610780e-02,1.168136235118042768e-43
1.180514467704086419e+05,8.101401840056089432e-01,4.848461161315968297e+02,2.587662610073595548e-01,5.335905459128006401e-01,1.768718633273525404e-05,1.592384387369819455e-03,1.617330551174602643e-02,1.155255326071670318e-43
1.180834835083736689e+05,8.080057384691919919e-01,4.845885420017415868e+02,2.580890280520998226e-01,5.321854499230604940e-01,1.747085695610146525e-05,1.581243702860259549e-03,1.613254593421540456e-02,1.092930001197337810e-43
1.181155202463386959e+05,8.058757980592344827e-01,4.843310976058884876e+02,2.574131930786635603e-01,5.307833135371285982e-01,1.725705536581331775e-05,1.570175207103393505e-03,1.609185918097306642e-02,1.033935187334146680e-43
1.181475569843037083e+05,8.037503562241518074e-01,4.840737832283757598e+02,2.567387542503203890e-01,5.293841325016610533e-01,1.704575373210340388e-05,1.559178485449415948e-03,1.605124523298875547e-02,9.780947016050974668e-44
1.181795937222687353e+05,8.016294064166225031e-01,4.838165991539477773e+02,2.560657097305016894e-01,5.279879025656598612e-01,1.683692450894986028e-05,1.548253125217885842e-03,1.601070407073371116e-02,9.252415817737024264e-44
1.183397774120938411e+05,7.910918089346781201e-01,4.825326433225247911e+02,2.527213374913895305e-01,5.210508707574948994e-01,1.582891997508885409e-05,1.494682438605175181e-03,1.580908932721333468e-02,7.005301254079655045e-44
1.184999611019189470e+05,7.806655324978921673e-01,4.812519880125105374e+02,2.494115475812424265e-01,5.141869801431000475e-01,1.487875243681515105e-05,1.442835006366355310e-03,1.560929101474638724e-02,5.299905802919204977e-44
1.186601447917440528e+05,7.703497634981636422e-01,4.799746692701034476e+02,2.461361106369598650e-01,5.073957020138497587e-01,1.398328254056348888e-05,1.392661419640728966e-03,1.541130614517162781e-02,4.006657228186069096e-44
1.193008795510430500e+05,7.301755835590574284e-01,4.748994895364555191e+02,2.333733101546623112e-01,4.809461929263915692e-01,1.089099280423736758e-05,1.207758290317763935e-03,1.463743119488058499e-02,1.299062290148375565e-44
1.199416143103420618e+05,6.917051325755460001e-01,4.698806419361655458e+02,2.211418478095157625e-01,4.556165820928807508e-01,8.461022649274856544e-06,1.045982798331744667e-03,1.389225885216760492e-02,4.164016604867618774e-45
1.205823490696410736e+05,6.548876341545605273e-01,4.649205473509094304e+02,2.094271291592498807e-01,4.313737725863905359e-01,6.557355085484906577e-06,9.047064366254393844e-04,1.317546861720788817e-02,1.320313979346418734e-45
1.212230838289400708e+05,6.196730095016325102e-01,4.600216819079666948e+02,1.982146227134893024e-01,4.081850781028454334e-01,5.070427554321357930e-06,7.815577634969965264e-04,1.248668049424526104e-02,4.143830297286115842e-46
1.218638185882390826e+05,5.860118823384027342e-01,4.551865717938464400e+02,1.874898726242524849e-01,3.860182329062054607e-01,3.912339268814894337e-06,6.744031078504845794e-04,1.182546136082438144e-02,1.288236786852468766e-46
1.225045533475380798e+05,5.538555836475350658e-01,4.504177870146357350e+02,1.772385111235318944e-01,3.648414007523265723e-01,3.012847532257272523e-06,5.813279794507154917e-04,1.119133094469209645e-02,3.970086042012273792e-47
1.231452881068370916e+05,5.231561563188779074e-01,4.457179340315476566e+02,1.674462706489799890e-01,3.446231829569041949e-01,2.316039938800580144e-06,5.006192511714305498e-04,1.058376742188209957e-02,1.213918477815713062e-47
1.237860228661361034e+05,4.938663597740481914e-01,4.410896472089815461e+02,1.580989956131159946e-01,3.253326257622840001e-01,1.777582228781327591e-06,4.307481666846984364e-04,1.000221264973325322e-02,3.686154268981910195e-48
1.244267576254351006e+05,4.659396746493476571e-01,4.365355790245864114e+02,1.491826537848930101e-01,3.069392271477542899e-01,1.362453610253866514e-06,3.703542142298791554e-04,9.446077048858806530e-03,1.112744396173130304e-48
1.250674923847341124e+05,4.393303076188114220e-01,4.320583890066534991e+02,1.406833472647948391e-01,2.894129432181047901e-01,1.043092496522331450e-06,3.182298950731487423e-04,8.914744148340758567e-03,3.342977454895721503e-49
1.257082271440331242e+05,4.139931964399577446e-01,4.276607313839087396e+02,1.325873230457346175e-01,2.727241942956283305e-01,7.978858087829311815e-07,2.733064040732041114e-04,8.407574808711596945e-03,1.000691494275453469e-49
1.263489619033321214e+05,3.898840153041720491e-01,4.233452414565487629e+02,1.248809831617850308e-01,2.568438708311574503e-01,6.099442411439488550e-07,2.346402294448217472e-04,7.923911137542346064e-03,2.988422875956523530e-50
1.269896966626311332e+05,3.669591805713133259e-01,4.191145207251474858e+02,1.175508944350555640e-01,2.417433392399652714e-01,4.661141922717725286e-07,2.014006693971784649e-04,7.463080112702054694e-03,8.915341265306123197e-51
1.276304314219301305e+05,3.451758569637168872e-01,4.149711208456198506e+02,1.105837978377229858e-01,2.273944477581432977e-01,3.561844618466700860e-07,1.728582548436064946e-04,7.024396928544038993e-03,2.660712795872292175e-51
1.282711661812291422e+05,3.244919642880885191e-01,4.109175265133683865e+02,1.039666174912749069e-01,2.137695324042268863e-01,2.722523332929000874e-07,1.483740598535033379e-04,6.607168080399083293e-03,7.955382720613563845e-52
1.289119009405281540e+05,3.048661847444172901e-01,4.069561374172447472e+02,9.768646932828324581e-02,2.008414231190261412e-01,2.082193699772531539e-07,1.273898749512364858e-04,6.210694202785854191e-03,2.386670173337742475e-52
1.295526356998271513e+05,2.862579708689113045e-01,4.030892494432850413e+02,9.173066944353551466e-02,1.885834501437413657e-01,1.593922008070552815e-07,1.094192127612644209e-04,5.834272676672167673e-03,7.195818507141123506e-53
1.301490388269746472e+05,2.698167068706529004e-01,3.995767358141659997e+02,8.646745113210753397e-02,1.777528066485457026e-01,1.244309002310194671e-07,9.502771400351741260e-05,5.501296945095657254e-03,2.371122924836139737e-53
1.307454419541221432e+05,2.541911496599261744e-01,3.961496243916112689e+02,8.146454696458502176e-02,1.674594036214069326e-01,9.727065207985162851e-08,8.258290852707615183e-05,5.184518894754961901e-03,7.868490137442534263e-54
1.313418450812696537e+05,2.393504394249977574e-01,3.928094359966618185e+02,7.671223122150135076e-02,1.576829325417025141e-01,7.616415154344874025e-08,7.182492038454069854e-05,4.883374577257603051e-03,2.633190723561243259e-54
1.319382482084171497e+05,2.252643223518697446e-01,3.895575571365283736e+02,7.220095079899961632e-02,1.484034810836072915e-01,5.975278640144479056e-08,6.252697691981825179e-05,4.597303739556540640e-03,8.898587331764295920e-55
1.325346513355646457e+05,2.119031583758184678e-01,3.863952269432940625e+02,6.792133021558845185e-02,1.396015386213327880e-01,4.698162531538424063e-08,5.449154761170512442e-05,4.325751009660075766e-03,3.040899912995739738e-55
1.331310544627121126e+05,1.992379292718753636e-01,3.833235247523864473e+02,6.386417647963921196e-02,1.312580019075944293e-01,3.703248849725468239e-08,4.754686771515556892e-05,4.068166984437963235e-03,1.052242900303054852e-55
1.337274575898596086e+05,1.872402470200642821e-01,3.803433585453030901e+02,6.002048381397546289e-02,1.233541808891907843e-01,2.927140907869386980e-08,4.154381914897318563e-05,3.824009226339910097e-03,3.691857432434170673e-56
1.343238607170071045e+05,1.758823623650430101e-01,3.774554544795692550e+02,5.638143822876252875e-02,1.158718046121382378e-01,2.320750417336145822e-08,3.635314139397109853e-05,3.592743175244057785e-03,1.315098799580581527e-56
1.349202638441546005e+05,1.651371734739849051e-01,3.746603477209092716e+02,5.293842192863751350e-02,1.087930271577089297e-01,1.846085976008543581e-08,3.186294575403655547e-05,3.373842981024604594e-03,4.762211869856370832e-57
1.355166669713020965e+05,1.549782345816443085e-01,3.719583747778670499e+02,4.968301753486818045e-02,1.021004335403252195e-01,1.473751248121511818e-08,2.797650715492686416e-05,3.166792261783485819e-03,1.755200240066986147e-57
1.361130700984495925e+05,1.453797644980963366e-01,3.693496675175980499e+02,4.660701209847259441e-02,9.577704548889998115e-02,1.181000129827151177e-08,2.461030867308245198e-05,2.971084792049342917e-03,6.591999282086303740e-58
1.367094732255970885e+05,1.363166548432558078e-01,3.668341490136871244e+02,4.370240087591371198e-02,8.980632702527685529e-02,9.502277528439222626e-09,2.169231516101620974e-05,2.786225124626682485e-03,2.525545185200869247e-58
1.373058763527445844e+05,1.277644778634358935e-01,3.644115313431382219e+02,4.096139083536826098e-02,8.417218974722184832e-02,7.678015909802430498e-09,1.916045362994987038e-05,2.611729149199106762e-03,9.880568573338479329e-59
1.378812068035639822e+05,1.199764096420572468e-01,3.621620813651203434e+02,3.846516284538738228e-02,7.904142952218619345e-02,6.277214169962425160e-09,1.703384591900359448e-05,2.452777151349980461e-03,4.079445127573026123e-59
1.384565372543833801e+05,1.126210117065575417e-01,3.599979873112253586e+02,3.610751513147377606e-02,7.419569929011556042e-02,5.154024555156921619e-09,1.517540925953548600e-05,2.302616721683786033e-03,1.720212102483541878e-59
1.390318677052027488e+05,1.056781910620297887e-01,3.579184385463375406e+02,3.388202747937413967e-02,6.962176429911828834e-02,4.250577911346668663e-09,1.354936778824407749e-05,2.160845665171016138e-03,7.413364223287257416e-60
1.396071981560221466e+05,9.912846472251587993e-02,3.559224513357306705e+02,3.178247210011638652e-02,6.530679128373487186e-02,3.521468896064520216e-09,1.212480472007494178e-05,2.027073012475484517e-03,3.267031343230494367e-60
1.401825286068415153e+05,9.295296270741847111e-02,3.540088752800432417e+02,2.980281502080022946e-02,6.123835049379076217e-02,2.931016983260780164e-09,1.087501000942920033e-05,1.900919251800998935e-03,1.473018989278252901e-60
1.407578590576609131e+05,8.713343001503866259e-02,3.521764011952614055e+02,2.793721709222968946e-02,5.740441704205009182e-02,2.451135357928966275e-09,9.776911797746261289e-06,1.782016517825711762e-03,6.797550369900519266e-61
1.413331895084803109e+05,8.165222748694218879e-02,3.504235703078549591e+02,2.618003459215001785e-02,5.379337151474172796e-02,2.059672709449959694e-09,8.810581830527420655e-06,1.670008738547170205e-03,3.211565186735497695e-61
1.419085199592996796e+05,7.649233149073181304e-02,3.487487846117232948e+02,2.452581940667902805e-02,5.039399979806108432e-02,1.739122645002201317e-09,7.958805980931515190e-06,1.564551740888086304e-03,1.553788196011441998e-61
1.424838504101190774e+05,7.163733236436191365e-02,3.471503182147279745e+02,2.296931877692853091e-02,4.719549208390605433e-02,1.475618742808455702e-09,7.206711916001722434e-06,1.465313315992587337e-03,7.698891538153239045e-62
1.430591808609384752e+05,6.707143158210943090e-02,3.456263294889451458e+02,2.150547460270661737e-02,4.418744102920376532e-02,1.258151489540848857e-09,6.541446781345883294e-06,1.371973245266216480e-03,3.906946331474600660e-62
1.436345113117578439e+05,6.277943761992239857e-02,3.441748738302707125e+02,2.012942230033025817e-02,4.135983905470821259e-02,1.077957570908383691e-09,5.951898558193113972e-06,1.284223288368164118e-03,2.030455758285247919e-62
1.442098417625772418e+05,5.874676051595031229e-02,3.427939168304504847e+02,1.883648921690736847e-02,3.870307478099258708e-02,9.280430661635302796e-10,5.428455462630673840e-06,1.201767134544664108e-03,1.080524505791179614e-62
1.447851722133966105e+05,5.495940513987961074e-02,3.414813476661944378e+02,1.762219260873320800e-02,3.620792861103940691e-02,8.028107161743717065e-10,4.962798410505958295e-06,1.124320318885770054e-03,5.886607936852584553e-63
1.454554355002025259e+05,5.083868722540265533e-02,3.400355473586253083e+02,1.630099561739111608e-02,3.349315779255587072e-02,6.821143005260391626e-10,4.483648001722373942e-06,1.040049485339650985e-03,2.987112048512232523e-63
1.461256987870084413e+05,4.701254067920666163e-02,3.386760927531316838e+02,1.507422870073000382e-02,3.097245161054327373e-02,5.832256236096215894e-10,4.063417533308437621e-06,9.617963671744369104e-04,1.563304517424742751e-63
1.467959620738143567e+05,4.346179322128627953e-02,3.373993994487643135e+02,1.393574877880261222e-02,2.863317965680131638e-02,5.017542454265179378e-10,3.693827065981126657e-06,8.891704568621202915e-04,8.432250511266739711e-64
1.474662253606202721e+05,4.016828902064208118e-02,3.362018456822252688e+02,1.287973791959702401e-02,2.646338107895525663e-02,4.342616939099790878e-10,3.367849583389601004e-06,8.218017382447035833e-04,4.683943670872848978e-64
1.481364886474261875e+05,3.711486121751255557e-02,3.350797973375810557e+02,1.190069465761650278e-02,2.445174649352954005e-02,3.780433718139624036e-10,3.079512963382382039e-06,7.593401753597454461e-04,2.677149711848186811e-64
1.488067519342321029e+05,3.428530232127711269e-02,3.340296311446364257e+02,1.099342461008780310e-02,2.258759849687618296e-02,3.309625604560012438e-10,2.823733929522969476e-06,7.014551494210355745e-04,1.572972703860760953e-64
1.494770152210380184e+05,3.166433278440492632e-02,3.330477558583893938e+02,1.015303049052917669e-02,2.086087097227526388e-02,2.913236752741594147e-10,2.596178821035304713e-06,6.478348514557870797e-04,9.491346641146304766e-65
1.501472785078439338e+05,2.923756806304209782e-02,3.321306312807940913e+02,9.374901622160264000e-03,1.926208739818657464e-02,2.577751702741243504e-10,2.393146830084317313e-06,5.981856380900058478e-04,5.875496941660176580e-65
1.508175417946498492e+05,2.699148447765822162e-02,3.312747850493340138e+02,8.654703054077563310e-03,1.778233836443975091e-02,2.292348988576649741e-10,2.211472046849522324e-06,5.522313578591583547e-04,3.727435281936653498e-65
1.514878050814557646e+05,2.491338418322773876e-02,3.304768271760536322e+02,7.988364381472549264e-03,1.641325850050048135e-02,2.048325326808900956e-10,2.048441240703749955e-06,5.097126551814782454e-04,2.420774948183972875e-65
1.522951793842839252e+05,2.261639082962449421e-02,3.295878327592635060e+02,7.251834592969235750e-03,1.489996858118105942e-02,1.799452717057937189e-10,1.873535353138057223e-06,4.627139401757904237e-04,1.482500529650945373e-65
1.531025536871120567e+05,2.052653405740501036e-02,3.287725012871632657e+02,6.581720101038818042e-03,1.352314265364894241e-02,1.590701476320666590e-10,1.718864662157119421e-06,4.199522789849438912e-04,9.360268576904020953e-66
1.539099279899402172e+05,1.862594477802113208e-02,3.280255176196500315e+02,5.972292200526882130e-03,1.227100844557152751e-02,1.414413667736951708e-10,1.581539796305714692e-06,3.810624506850478666e-04,6.081558549018082342e-66
1.547173022927683778e+05,1.689816032775669219e-02,3.273418217224513569e+02,5.418272919055748191e-03,1.113272022746756955e-02,1.264560759752143652e-10,1.459136929131826443e-06,3.457079178481683480e-04,4.058546412394797790e-66
1.555246765955965093e+05,1.532803555160077227e-02,3.267166179885540487e+02,4.914806555055737346e-03,1.009830023950126707e-02,1.136367735901005802e-10,1.349616872158299837e-06,3.135790265348427646e-04,2.776981697073339622e-66
1.563320508984246699e+05,1.390165604669014315e-02,3.261453800278168274e+02,4.457431898566364091e-03,9.158581539853181963e-03,1.026029679834466238e-10,1.251259018483865858e-06,2.843912466491446255e-04,1.944764571650593561e-66
1.571394252012528304e+05,1.260625410872497770e-02,3.256238515442120161e+02,4.042055310949666316e-03,8.305152632901097523e-03,9.304968685718987621e-11,1.162607299961408232e-06,2.578834645245669079e-04,1.391642780504693639e-66
1.579467995040809619e+05,1.143012781578783311e-02,3.251480439072819308e+02,3.664924804342986273e-03,7.530304163604696448e-03,8.473108886042773722e-11,1.082425876723343963e-06,2.338163372323362932e-04,1.015929879823992728e-66
1.587541738069091225e+05,1.036256358185189304e-02,3.247142309942243514e+02,3.322605228626911850e-03,6.826977897157721076e-03,7.744789557544383963e-11,1.009662723795981247e-06,2.119707158955683765e-04,7.554723545153608643e-67
1.595615481097372831e+05,9.393762418891664356e-03,3.243189418367354051e+02,3.011954643503087035e-03,6.188718141426560737e-03,7.103769939453089280e-11,9.434196371419719534e-07,1.921461432871748767e-04,5.714420216493429017e-67
1.603689224125654146e+05,8.514770063082661988e-03,3.239589515568352454e+02,2.730101926332689343e-03,5.609625714708211912e-03,6.536744790981577077e-11,8.829274681294672448e-07,1.741594292061833006e-04,4.390773512519932797e-67
1.611762967153935751e+05,7.717411047630836317e-03,3.236312710220996678e+02,2.474425642840959432e-03,5.084314513263886622e-03,6.032758431454885789e-11,8.275256252358094305e-07,1.578433055731669080e-04,3.422773673342251964e-67
1.619836710182217357e+05,6.994226742332240038e-03,3.233331355959630855e+02,2.242534187646794824e-03,4.607870691933052543e-03,5.582745447334867702e-11,7.766450660954133961e-07,1.430451618588413629e-04,2.703787611927393366e-67
1.627910453210498672e+05,6.338417327668578738e-03,3.230619933052600459e+02,2.032247184708047081e-03,4.175814436667808598e-03,5.179168794916625025e-11,7.297941509099125885e-07,1.296258603501250657e-04,2.161962630863803683e-67
1.635984196238780278e+05,5.743787628460565037e-03,3.228154926965211189e+02,1.841578123973798640e-03,3.784064279631438408e-03,4.815733180900978307e-11,6.865468470462494953e-07,1.174586298509509895e-04,1.748086048165943330e-67
1.644057939267061884e+05,5.204696698017351360e-03,3.225914706057711783e+02,1.668718199541342458e-03,3.428903885042181975e-03,4.487156924164662812e-11,6.465328701957581961e-07,1.064280356920616294e-04,1.427929179254836389e-67
1.652131682295343198e+05,4.716011017425975581e-03,3.223879400243012014e+02,1.512021306132120416e-03,3.106951216614016378e-03,4.188989479300406916e-11,6.094294244107990681e-07,9.642902336553252568e-05,1.177337243021039428e-67
1.660205425323624804e+05,4.273061155172110277e-03,3.222030782053612938e+02,1.369990144421493828e-03,2.815129984625430216e-03,3.917464789559969327e-11,5.749542653969697295e-07,8.736603268514291218e-05,9.790296088987185759e-68
1.668279168351906119e+05,3.871601718733642603e-03,3.220352151239610521e+02,1.241263381378664371e-03,2.550643261716370805e-03,3.669382890974654793e-11,5.428598615822108530e-07,7.915217908319748029e-05,8.204827692098768146e-68
1.676352911380187725e+05,3.507774421244777736e-03,3.218828223737880876e+02,1.124603809006307319e-03,2.310949150881424184e-03,3.442013898541922132e-11,5.129284680753415979e-07,7.170849846883108373e-05,6.925093756734237046e-68
1.684426654408469331e+05,3.178074081957601646e-03,3.217445025613723146e+02,1.018887443446011036e-03,2.093738386245116989e-03,3.233019807356386442e-11,4.849679615504745854e-07,6.496325197472462216e-05,5.882913719490096695e-68
1.692500397436750645e+05,2.879317378273981744e-03,3.216189792376649166e+02,9.230935060919754492e-04,1.896913746574564177e-03,3.040390538021079479e-11,4.588083108564619866e-07,5.885128689268089974e-05,5.027135282349758563e-68
1.700574140465032251e+05,2.608614168909941140e-03,3.215050873907563300e+02,8.362952289148682097e-04,1.718571162661740098e-03,2.862391421826771651e-11,4.342985799523975972e-07,5.331345012946619446e-05,4.318983579411796464e-68
1.708647883493313857e+05,2.363341211697758855e-03,3.214017645101188805e+02,7.576514274505294268e-04,1.556982402304019899e-03,2.697519912936265426e-11,4.113043775712747333e-07,4.829605059043938953e-05,3.728777516175756890e-68
1.716721626521595172e+05,2.141118105119561073e-03,3.213080422221156027e+02,6.863987866908165042e-04,1.410579220292294085e-03,2.544469773926447593e-11,3.897056825834539430e-07,4.375036700916925040e-05,3.233585502164266575e-68
1.724795369549876777e+05,1.939785289468273430e-03,3.212230384881879672e+02,6.218448072874470465e-04,1.277938865296395030e-03,2.402101338825161353e-11,3.693949859830668408e-07,3.963219787743495356e-05,2.815534080416978905e-68
1.732869112578158383e+05,1.757383951185298877e-03,3.211459503507674071e+02,5.633613619276665093e-04,1.157770840579023077e-03,2.269416737821113505e-11,3.502757002490615708e-07,3.590145028419377545e-05,2.460575310661187352e-68
1.740942855606439698e+05,1.592137682129557462e-03,3.210760472072325911e+02,5.103788143666544317e-04,1.048904820874530484e-03,2.145539187966178253e-11,3.322607949344575540e-07,3.252176463804566599e-05,2.157579861676854144e-68
1.749016598634721304e+05,1.442435754046062293e-03,3.210126645888715871e+02,4.623806563274565498e-04,9.502796333772725590e-04,2.029695627970404230e-11,3.152716240313827874e-07,2.946017242034531069e-05,1.897663656718020966e-68
1.757090341663002910e+05,1.306817877127299443e-03,3.209551984195602472e+02,4.188986202416064065e-04,8.609332164661530860e-04,1.921202112956038909e-11,2.992369162041492946e-07,2.668678429131457269e-05,1.673683581334446859e-68
1.765164084691284224e+05,1.183960320143491538e-03,3.209030997275231698e+02,3.795082285531237187e-04,7.799934754461704820e-04,1.819451494692113462e-11,2.840919035855613600e-07,2.417450604609665119e-05,1.479856679499568847e-68
1.772957279446305765e+05,1.076349025989293932e-03,3.208574343881712707e+02,3.450064419425636231e-04,7.090981639978519938e-04,1.727124588383870756e-11,2.702616415087184157e-07,2.197414113612351642e-05,1.316939360877067105e-68
1.780750474201327597e+05,9.785286907433522665e-04,3.208158970645000636e+02,3.136441347933245812e-04,6.446532687877176921e-04,1.640140592780068104e-11,2.571567415179445979e-07,1.997411401938613864e-05,1.174234797205624205e-68
1.788543668956349138e+05,8.896086358113241199e-04,3.207781160508241101e+02,2.851356961289092909e-04,5.860719970052825521e-04,1.558107755917115126e-11,2.447325904717171682e-07,1.815619450558314554e-05,1.048848375969307502e-68
1.796336863711370679e+05,8.087790136308360732e-04,3.207437527890186857e+02,2.592214351340396032e-04,5.328208086128465330e-04,1.480672533572445236e-11,2.329481091767817856e-07,1.650380696804807265e-05,9.383636965634117101e-69
1.804130058466392220e+05,7.353035206823228635e-04,3.207124989747211998e+02,2.356652444588932605e-04,4.844146155644268653e-04,1.407514938771409913e-11,2.217653887566667927e-07,1.500188119509678110e-05,8.407532444506188918e-69
1.811923253221413761e+05,6.685127576467387624e-04,3.206840739047660236e+02,2.142524710337042639e-04,4.404124073740655764e-04,1.338344536814855108e-11,2.111493716982717564e-07,1.363671648382544970e-05,7.543074839322776742e-69
1.819716447976435593e+05,6.077981810603626635e-04,3.206582220478053387e+02,1.947879765508418227e-04,4.004132663708358329e-04,1.272896988536009948e-11,2.010675715349380097e-07,1.239585783818023498e-05,6.775782527676013718e-69
1.827509642731457134e+05,5.526065952720345467e-04,3.206347108210375723e+02,1.770943711996731946e-04,3.640527389129237577e-04,1.210931060181129630e-11,1.914898259890349006e-07,1.126798322413818376e-05,6.093333275617778071e-69
1.835302837486478675e+05,5.024351376667493888e-04,3.206133285569587770e+02,1.610104055726782840e-04,3.309995315728566485e-04,1.152226031293399194e-11,1.823880791322146437e-07,1.024280091982182361e-05,5.485197637429472687e-69
1.843096032241500216e+05,4.568267139898606901e-04,3.205938826450496890e+02,1.463895069020976593e-04,3.009525038557522066e-04,1.096579442760608422e-11,1.737361887471659183e-07,9.310956077469334285e-06,4.942341654380342963e-69
1.850889226996521757e+05,4.153658441988006592e-04,3.205761978342980569e+02,1.330984469381893442e-04,2.736379313793232439e-04,1.043805136161782391e-11,1.655097556084514425e-07,8.463945687628277162e-06,4.456984570018038881e-69
1.858682421751543588e+05,3.776748825964712118e-04,3.205601146834176802e+02,1.210161298469359325e-04,2.488070156364003012e-04,9.937315430412752156e-12,1.576859718554662462e-07,7.694041203963988726e-06,4.022400443137024961e-69
1.866475616506565129e+05,3.434105790756144931e-04,3.205454881465575454e+02,1.100324894909694517e-04,2.262336184866665044e-04,9.462001890093857203e-12,1.502434860200759185e-07,6.994218149956630084e-06,3.632754956811529362e-69
1.874268811261586670e+05,3.122609511405053545e-04,3.205321862831839894e+02,1.000474863671105258e-04,2.057122013933708232e-04,9.010643828302572567e-12,1.431622826050344553e-07,6.358092086775084740e-06,3.282970579099910816e-69
1.882062006016608211e+05,2.839424389854257823e-04,3.205200890816686297e+02,9.097019531175070479e-05,1.870559511423353202e-04,8.581880650831459649e-12,1.364235743948037452e-07,5.779860375064233333e-06,2.968614665627177485e-69
1.889855200771629752e+05,2.581973183128093738e-04,3.205090873869175994e+02,8.271797585592166504e-05,1.700950753639744371e-04,8.174447947125720035e-12,1.300097059258113783e-07,5.254249212539450537e-06,2.685806208106693387e-69
1.897648395526651584e+05,2.347913477816653460e-04,3.204990819231333035e+02,7.521571781977720106e-05,1.546752526335207168e-04,7.787168549343514447e-12,1.239040667535708258e-07,4.776465474445273191e-06,2.431137801959398711e-69
1.905441590281673125e+05,2.135116300025110116e-04,3.204899824035099414e+02,6.839515538570629396e-05,1.406562232591524744e-04,7.418944626301632646e-12,1.180910133353489756e-07,4.342152925372181966e-06,2.201610087551635176e-69
1.913234785036694666e+05,1.941646668516760718e-04,3.204817067193255866e+02,6.219424348461458562e-05,1.279105080908948377e-04,7.068750676264834818e-12,1.125557985027433436e-07,3.947352408913255511e-06,1.994576456185048445e-69
1.921027979791716207e+05,1.765745915780052040e-04,3.204741802015116150e+02,5.655659087506819879e-05,1.163222438032524909e-04,6.735627301735265894e-12,1.072845076329701149e-07,3.588465656424292319e-06,1.807696236468971784e-69
1.928821174546737748e+05,1.605815617305891537e-04,3.204673349483533116e+02,5.143094479379507273e-05,1.057861241293901229e-04,6.418675665768977179e-12,1.022640007433334647e-07,3.262222387984882770e-06,1.638894913916761670e-69
1.936614369301759580e+05,1.460402983584200328e-04,3.204611092135065178e+02,4.677072251209738639e-05,9.620643746167898964e-05,6.117052543271209167e-12,9.748185983337446525e-08,2.965650407757755705e-06,1.486330205593113530e-69
1.944407564056781121e+05,1.328187582323618946e-04,3.204554468490068189e+02,4.253358554941401748e-05,8.749619208955833414e-05,5.829965892639526082e-12,9.292634088551239370e-08,2.696048422538214262e-06,1.348363027035869047e-69
1.952200758811802662e+05,1.207969270264309475e-04,3.204502967984012685e+02,3.868105267577370707e-05,7.957632112740983181e-05,5.556670883293909468e-12,8.858633000964032277e-08,2.450961336566866901e-06,1.223532561829672636e-69
1.959993953566824202e+05,1.098657224783175751e-04,3.204456126355498782e+02,3.517814818212746492e-05,7.237495989859906483e-05,5.296466323348224772e-12,8.445130328180613467e-08,2.228157797842920408e-06,1.110534783906896222e-69
1.967787148321845743e+05,9.992599753692514933e-05,3.204413521450292137e+02,3.199308221431620969e-05,6.582678919264274412e-05,5.048691439156527717e-12,8.051128988300402934e-08,2.025609791391775370e-06,1.008203895764817405e-69
1.975580343076867284e+05,9.088763440541070395e-05,3.204374769404238350e+02,2.909696025525655672e-05,5.987243840586348387e-05,4.812722964873559435e-12,7.675683819270808037e-08,1.841474093374960531e-06,9.154962376984848197e-70
1.983373537831889116e+05,8.266872120914630663e-05,3.204339521171148135e+02,2.646351910316982622e-05,5.445794311673617338e-05,4.587972505694896702e-12,7.317898453381656590e-08,1.674075416733987467e-06,8.314762980694735280e-70
1.991166732586910657e+05,7.519480376598199284e-05,3.204307459364725901e+02,2.406888693352820212e-05,4.953425213989949175e-05,4.373884143176066818e-12,6.976922430228680164e-08,1.521891094367873267e-06,7.553045159190639438e-70
1.998959927341932198e+05,6.839820561744916515e-05,3.204278295386338300e+02,2.189136525085101241e-05,4.505677955163018102e-05,4.169932255131112684e-12,6.651948524650362164e-08,1.383537159789222926e-06,6.862266175201746388e-70
2.006753122096953739e+05,6.221741009986819890e-05,3.204251766812906226e+02,1.991123073540203005e-05,4.098499758825652808e-05,3.975619526125373676e-12,6.342210268911876500e-08,1.257755697900997379e-06,6.235642698567902258e-70
2.014546316851975280e+05,5.659649879902049112e-05,3.204227635021493370e+02,1.811055517092248970e-05,3.728206669101943985e-05,3.790475127634437201e-12,6.046979650811915605e-08,1.143403350095317687e-06,5.667068681993254130e-70
2.022339511606997112e+05,5.148464124598279667e-05,3.204205683029238116e+02,1.647304180433903945e-05,3.391449930947947170e-05,3.614053049563896565e-12,5.765564971499004076e-08,1.039440868396249816e-06,5.151043032524001698e-70
2.030132706362018653e+05,4.683563117936586132e-05,3.204185713529192867e+02,1.498387663834844392e-05,3.085185438365985601e-05,3.445930567109834701e-12,5.497308848604629892e-08,9.449236229409400789e-07,4.682605768678324906e-70
2.037925901117040194e+05,4.260746512464031458e-05,3.204167547104352138e+02,1.362959329420766320e-05,2.806645970540333376e-05,3.285706828903176450e-12,5.241586351913935677e-08,8.589929758033443475e-07,4.257281549098327530e-70
2.045719095872061735e+05,3.876195942821540624e-05,3.204151020603767961e+02,1.239795020615523968e-05,2.553315961437044817e-05,3.133001554105085905e-12,4.997803260184452647e-08,7.808684420863103180e-07,3.871029622334472724e-70
2.053512290627083275e+05,3.526440223588333384e-05,3.204135985666063107e+02,1.127781902175017230e-05,2.322908571597668916e-05,2.987453827589412919e-12,4.765394428958725014e-08,7.098405664130491025e-07,3.520199384614371235e-70
2.061305485382105107e+05,3.208323722528360396e-05,3.204122307376998151e+02,1.025908318504552977e-05,2.113344851941351333e-05,2.848720983652394591e-12,4.543822260286624149e-08,6.452644495007116561e-07,3.201490847802744321e-70
2.069098680137126648e+05,2.918977619303503155e-05,3.204109863048941520e+02,9.332545772828445261e-06,1.922734808561037825e-05,2.716477569800473094e-12,4.332575266220550162e-08,5.865538654564313923e-07,2.911919417016018773e-70
2.076891874892148189e+05,2.655793786173743905e-05,3.204098541111184772e+02,8.489845738995933837e-06,1.749360194928753791e-05,2.590414383152917660e-12,4.131166718773530644e-08,5.331759158518545949e-07,2.648784459574779391e-70
2.084685069647169730e+05,2.416401051253771369e-05,3.204088240101042970e+02,7.723381799256519029e-06,1.591658873768972486e-05,2.470237572840554132e-12,3.939133379764906900e-08,4.846461715562475646e-07,2.409641216697450623e-70
2.092478264402191271e+05,2.198643626755956314e-05,3.204078867746600849e+02,7.026243258450248585e-06,1.448210605261191285e-05,2.355667802528946941e-12,3.756034304620418513e-08,4.405242577833914580e-07,2.192275668622842459e-70
2.100271459157213103e+05,2.000561504518675953e-05,3.204070340132776664e+02,6.392147146495709824e-06,1.317724131322840843e-05,2.246439467843134757e-12,3.581449714761764152e-08,4.004098418755499814e-07,1.994682014399771249e-70
2.108064653912234644e+05,1.820372639176968995e-05,3.204062580943138414e+02,5.815381086881358581e-06,1.199025437620623123e-05,2.142299964038153505e-12,3.414979933726249006e-08,3.639389870448737870e-07,1.815042470820176197e-70
2.115857848667256185e+05,1.656456755743957254e-05,3.204055520770592125e+02,5.290751374247018762e-06,1.091047085770495210e-05,2.043008999756554065e-12,3.256244382602597060e-08,3.307808386525717292e-07,1.651709132043683841e-70
2.123651043422277726e+05,1.507340633284735658e-05,3.204049096490682587e+02,4.813535785425723264e-06,9.928185180116480692e-06,1.948337953153768847e-12,3.104880630762924404e-08,3.006346126595761523e-07,1.503187663342859803e-70
2.131444238177299267e+05,1.371684729917231727e-05,3.204043250691818798e+02,4.379440691777230085e-06,9.034572455686357996e-06,1.858069267050634737e-12,2.960543498226307625e-08,2.732268586572006378e-07,1.368122629893206320e-70
2.139237432932321099e+05,1.248271026689161537e-05,3.204037931157248522e+02,3.984562080135940762e-06,8.221608400289205171e-06,1.771995880113511967e-12,2.822904206300801255e-08,2.483089724075813565e-07,1.245284285297412193e-70
2.147030627687342640e+05,1.135991979069484936e-05,3.204033090394079863e+02,3.625350125577515399e-06,7.481996544347623869e-06,1.689920691357848325e-12,2.691649573430829377e-08,2.256549351147053544e-07,1.133556665140079521e-70
2.154823822442364180e+05,1.033840474961481056e-05,3.204028685205071270e+02,3.298576991818374995e-06,6.809102074877401049e-06,1.611656055532362623e-12,2.566481253429941466e-08,2.050592587286813675e-07,1.031926848778618021e-70
2.162617017197385721e+05,9.409007073810354482e-06,3.204024676299305270e+02,3.001307564681845724e-06,6.196891703493065490e-06,1.537023307174105883e-12,2.447115013500215863e-08,1.863351184771375355e-07,9.394752681763223797e-71
2.170410211952407262e+05,8.563398783386972472e-06,3.204021027938208022e+02,2.730872850986133502e-06,5.639879010515700635e-06,1.465852311328318434e-12,2.333280049644060426e-08,1.693126555363895113e-07,8.553669562161982860e-71
2.177135139982416877e+05,7.895224495208197992e-06,3.204018144467224829e+02,2.517210096713272896e-06,5.199747506805807552e-06,1.407095209541403953e-12,2.239296911767163099e-08,1.558725154762356155e-07,7.889105938281954250e-71
2.183860068012426200e+05,7.279339562759233812e-06,3.204015486098693941e+02,2.320291646705559832e-06,4.794062251578843624e-06,1.350695593148321799e-12,2.149081742708085269e-08,1.434934963521571498e-07,7.276558480882743097e-71
2.190584996042435523e+05,6.711641249119316723e-06,3.204013035213899911e+02,2.138802758007477832e-06,4.420120402894712789e-06,1.296558064892270524e-12,2.062482511956368826e-08,1.320919665394966965e-07,6.711928051639141875e-71
2.197309924072444846e+05,6.188349509204913815e-06,3.204010775576429637e+02,1.971532133966269439e-06,4.075431709540405026e-06,1.244591143072450933e-12,1.979353382997166068e-08,1.215908872771244646e-07,6.191441262333275888e-71
2.204034852102454170e+05,5.705981550656290732e-06,3.204008692223482058e+02,1.817363767610440679e-06,3.757701751452198423e-06,1.194707095684778688e-12,1.899554456349186808e-08,1.119192923230643598e-07,5.711624264945182395e-71
2.210759780132463784e+05,5.261328404591832129e-06,3.204006771365740747e+02,1.675269429519126627e-06,3.464816504268959639e-06,1.146821782113250587e-12,1.822951523708524923e-08,1.030118087448790280e-07,5.269278693538536329e-71
2.217484708162473107e+05,4.851433347102665254e-06,3.204005000295135233e+02,1.544301749153633429e-06,3.194828123180668258e-06,1.100854501970610662e-12,1.749415832670253187e-08,9.480821558716021822e-08,4.861459575268560355e-71
2.224209636192482430e+05,4.473572024999731798e-06,3.204003367299866909e+02,1.423587842675782325e-06,2.945941849563570100e-06,1.056727850717248847e-12,1.678823861531785744e-08,8.725303741721138112e-08,4.485455044221406214e-71
2.230934564222491754e+05,4.125234150929778233e-06,3.204001861586126552e+02,1.312323443999071904e-06,2.716503951538398061e-06,1.014367581708482490e-12,1.611057103709670793e-08,8.029516998762997049e-08,4.138767706550938390e-71
2.237659492252501077e+05,3.804106643670435671e-06,3.204000473205975936e+02,1.209767499247917008e-06,2.504990616633362531e-06,9.737024743446699927e-13,1.546001861324807186e-08,7.388753547343415043e-08,3.819097518737071138e-71
2.242958012034304556e+05,3.568856885317203700e-06,3.203999455927229860e+02,1.134649274912031423e-06,2.350042782874854511e-06,9.428118880478829348e-13,1.496583584118248091e-08,6.919804887724608050e-08,3.584868382000576428e-71
2.248256531816107745e+05,3.348203552295515553e-06,3.203998501612870200e+02,1.064201793387763589e-06,2.204710114588023709e-06,9.128989534192844260e-13,1.448729328448932141e-08,6.480343813628614735e-08,3.365130042033381001e-71
2.253555051597911224e+05,3.141238410345596098e-06,3.203997606354636787e+02,9.981341127505252876e-07,2.068394288953525316e-06,8.839325110785176704e-13,1.402389329848841456e-08,6.068523141054729538e-08,3.158980396602766476e-71
2.258853571379714413e+05,2.947109884019005706e-06,3.203996766487480272e+02,9.361734510121601865e-07,1.940534309809724680e-06,8.558824034831139301e-13,1.357515418858041958e-08,5.682611312613719022e-08,2.965573848327185844e-71
2.264152091161517601e+05,2.765019513527697450e-06,3.203995978574391188e+02,8.780640501744757008e-07,1.820604173397113590e-06,8.287194421279726399e-13,1.314060969340821226e-08,5.320985154325724005e-08,2.784117738115820795e-71
2.269450610943321080e+05,2.594218633677931941e-06,3.203995239392177155e+02,8.235661114940299911e-07,1.708110680415185897e-06,8.024153758615916933e-13,1.271980848514397607e-08,4.982123086819700555e-08,2.613869006319553500e-71
2.274749130725124269e+05,2.434005260937093229e-06,3.203994545918130825e+02,7.724547974841728691e-07,1.602591385199993903e-06,7.769428602768392710e-13,1.231231368630844073e-08,4.664598762375741032e-08,2.454131066779814951e-71
2.280047650506927748e+05,2.283721175561034911e-06,3.203993895317527176e+02,7.245192964624434800e-07,1.503612673410108164e-06,7.522754281365786986e-13,1.191770240254845149e-08,4.367075101050748123e-08,2.304250879959040098e-71
2.285346170288730937e+05,2.142749186535826430e-06,3.203993284931905805e+02,6.795619457162968460e-07,1.410767960153023421e-06,7.283874607970479103e-13,1.153556527082797711e-08,4.088298700821757818e-08,2.163616212260060532e-71
2.289398643343652366e+05,2.040852836350820114e-06,3.203992843674507753e+02,6.470714063286882250e-07,1.343659244891106096e-06,7.106278056076822566e-13,1.125146673154983076e-08,3.887000777167040983e-08,2.061935874476723669e-71
2.293451116398573795e+05,1.943819908564838979e-06,3.203992423426159348e+02,6.161360140642182299e-07,1.279754098960010146e-06,6.932988097943284716e-13,1.097426082663608918e-08,3.695484141516493521e-08,1.965084813896028161e-71
2.297503589453495224e+05,1.851417566365416740e-06,3.203992023183517972e+02,5.866812091687565460e-07,1.218899138300744275e-06,6.763899586439495335e-13,1.070377951548444084e-08,3.513276299047272716e-08,1.872832144372928926e-71
2.301556062508416653e+05,1.763424150219114787e-06,3.203991641991287338e+02,5.586360137161446727e-07,1.160948342335090255e-06,6.598909958341358739e-13,1.043985888124175479e-08,3.339927539564179573e-08,1.784958080647104777e-71
2.305608535563338082e+05,1.679628639957431197e-06,3.203991278939912490e+02,5.319328591666404122e-07,1.105762699585460034e-06,6.437919169980865170e-13,1.018233902877373435e-08,3.175009838464011764e-08,1.701253401376440576e-71
2.309661008618259511e+05,1.599830142812938586e-06,3.203990933163381669e+02,5.065074222458878075e-07,1.053209870391067433e-06,6.280829634540882931e-13,9.931063985199047468e-09,3.018115810782118775e-08,1.621518938356784116e-71
2.313713481673180941e+05,1.523837406135240542e-06,3.203990603837139588e+02,4.822984687370993722e-07,1.003163865883442323e-06,6.127546160916424800e-13,9.685881602874075588e-09,2.868857715720914345e-08,1.545565090620907709e-71
2.317765954728102370e+05,1.451468353636613731e-06,3.203990290176095073e+02,4.592477048175224473e-07,9.555047424635672048e-07,5.977975894189351845e-13,9.446643464897721176e-09,2.726866509303701030e-08,1.473211362230857564e-71
2.320217727007687208e+05,1.409370550314276233e-06,3.203990107698245993e+02,4.458406592992031478e-07,9.277811710435196260e-07,5.889249475239264287e-13,9.304727712519441927e-09,2.644340333408654318e-08,1.431112028651576632e-71
2.322669499287272047e+05,1.368498629967318516e-06,3.203989930520943403e+02,4.328253732456151390e-07,9.008650689273345780e-07,5.801829353079431414e-13,9.164903258534064838e-09,2.564270435289947413e-08,1.390230829245032856e-71
2.325121271566856885e+05,1.328816778714008933e-06,3.203989758489715314e+02,4.201903815959154302e-07,8.747328436946904599e-07,5.715696159179730319e-13,9.027139143513407681e-09,2.486584271027398052e-08,1.350532263608500526e-71
2.327573043846441724e+05,1.290290231931783238e-06,3.203989591454605375e+02,4.079245554818684364e-07,8.493615941609255550e-07,5.630830813723683272e-13,8.891404869287890660e-09,2.411211433661976828e-08,1.311981871809812551e-71
2.330024816126026562e+05,1.252885243439144701e-06,3.203989429270039295e+02,3.960170923490530211e-07,8.247290900740251557e-07,5.547214521259778799e-13,8.757670392036734451e-09,2.338083590257761227e-08,1.274546203726490252e-71
2.332476588405611401e+05,1.216569055573969014e-06,3.203989271794695810e+02,3.844575063655015413e-07,8.008137524021689541e-07,5.464828766395195870e-13,8.625906115442178709e-09,2.267134420797932385e-08,1.238192789283764402e-71
2.334928360685196240e+05,1.181309870157336198e-06,3.203989118891383896e+02,3.732356191142487722e-07,7.775946342046768212e-07,5.383655309566681458e-13,8.496082883962667348e-09,2.198299558891722004e-08,1.202890109579834515e-71
2.336154246824995789e+05,1.164066971856840045e-06,3.203989044112466331e+02,3.677482135926984640e-07,7.662397797564068309e-07,5.343517567481049450e-13,8.431890167978927336e-09,2.164655398799905719e-08,1.185623198786192549e-71
2.337380132964795048e+05,1.147076820353393346e-06,3.203988970426919423e+02,3.623415505730674049e-07,7.550514020932529061e-07,5.303676182970634116e-13,8.368171976360117233e-09,2.131516534309476727e-08,1.168607568908117594e-71
2.338606019104594598e+05,1.130335698321453352e-06,3.203988897818702526e+02,3.570144402364391402e-07,7.440270524489757157e-07,5.264128951835502780e-13,8.304924785719163247e-09,2.098875443742425951e-08,1.151839535265105619e-71
2.339831905244394147e+05,1.113839943268164680e-06,3.203988826272010328e+02,3.517657103313428595e-07,7.331643181800825682e-07,5.224873686348193647e-13,8.242145098997498671e-09,2.066724717037287044e-08,1.135315467520676606e-71
2.341057791384193697e+05,1.097585946724382505e-06,3.203988755771270576e+02,3.465942059144415124e-07,7.224608222328738576e-07,5.185908215133879629e-13,8.179829445274478151e-09,2.035057054097112771e-08,1.119031788878287241e-71
2.342283677523993247e+05,1.081570153435041193e-06,3.203988686301140092e+02,3.414987890910379184e-07,7.119142226100595349e-07,5.147230383020909366e-13,8.117974379530382175e-09,2.003865263137503681e-08,1.102984975277478470e-71
2.343782744299690530e+05,1.062303977048488511e-06,3.203988602728690580e+02,3.353696670073025104e-07,6.992272536298157779e-07,5.100321258305669979e-13,8.042956313194919364e-09,1.966359006604929154e-08,1.083679091965859371e-71
2.345281811075387814e+05,1.043382461853714181e-06,3.203988520647574205e+02,3.293506303702551776e-07,6.867673002971032659e-07,5.053835176899300030e-13,7.968615673266907310e-09,1.929541012957082853e-08,1.064715969890137645e-71
2.345932564249129791e+05,1.035274245919381762e-06,3.203988485473163337e+02,3.267714989487873212e-07,6.814279983828897807e-07,5.033786023525298555e-13,7.936553303868349918e-09,1.913769190523349077e-08,1.056589114490654313e-71
2.346583317422872060e+05,1.027229313683529559e-06,3.203988450572595639e+02,3.242125793934779863e-07,6.761303789841392602e-07,5.013815554546290056e-13,7.904616936057227028e-09,1.898123698829981724e-08,1.048525199346390039e-71
2.347234070596614329e+05,1.019247169511109870e-06,3.203988415943732093e+02,3.216737130826705383e-07,6.708741156063811687e-07,4.993923458839305908e-13,7.872806072507464332e-09,1.882603535720460068e-08,1.040523733159685652e-71
2.347884823770356306e+05,1.011327321667706186e-06,3.203988381584450167e+02,3.191547426443178379e-07,6.656588843247983517e-07,4.974109426534878225e-13,7.841120217898104757e-09,1.867207706974935298e-08,1.032584228497813998e-71
2.348535576944098575e+05,1.003469282253587015e-06,3.203988347492643243e+02,3.166555119349288147e-07,6.604843637407904451e-07,4.954373148924537393e-13,7.809558878763403490e-09,1.851935226178955965e-08,1.024706201727078536e-71
2.348600652261474170e+05,1.002686859108323684e-06,3.203988344098092966e+02,3.164066685749327142e-07,6.599691384737743227e-07,4.952403785828479368e-13,7.806409574269731868e-09,1.850414724496829301e-08,1.023921761829741330e-71
2.348665727578849765e+05,1.001905048721931673e-06,3.203988340706194435e+02,3.161580209079341505e-07,6.594543168056723069e-07,4.950435196897605711e-13,7.803261509525288597e-09,1.848895445528019878e-08,1.023137931432428672e-71
2.348730802896225359e+05,1.001123850612842257e-06,3.203988337316945945e+02,3.159095687798179670e-07,6.589398984192567948e-07,4.948467381825306256e-13,7.800114684039750787e-09,1.847377388298972512e-08,1.022354710057810161e-71
2.348795878213601245e+05,1.000343264299870632e-06,3.203988333930345220e+02,3.156613120365914034e-07,6.584258829975525992e-07,4.946500340304900158e-13,7.796969097323326601e-09,1.845860551836914861e-08,1.021572097228917735e-71
2.348802385745337233e+05,1.000265239298846337e-06,3.203988333591830724e+02,3.156364971025130470e-07,6.583745036062459000e-07,4.946303678686590447e-13,7.796654606764980187e-09,1.845708935295461533e-08,1.021493869397700849e-71
2.348808893277073512e+05,1.000187220410494386e-06,3.203988333253342375e+02,3.156116841205907300e-07,6.583231282411021573e-07,4.946107024800155622e-13,7.796340128589105682e-09,1.845557330951012984e-08,1.021415647646690113e-71
2.348815400808809500e+05,1.000109207634333877e-06,3.203988332914880743e+02,3.155868730906708219e-07,6.582717569018045807e-07,4.945910378645718871e-13,7.796025662795004944e-09,1.845405738802550129e-08,1.021337431975398317e-71
2.348821908340545779e+05,1.000031200969886448e-06,3.203988332576445259e+02,3.155620640126005920e-07,6.582203895880383916e-07,4.945713740222771285e-13,7.795711209382132034e-09,1.845254158849127334e-08,1.021259222383371230e-71
2.348822559093716554e+05,1.000023400639566973e-06,3.203988332542602961e+02,3.155595832121391609e-07,6.582152530780535164e-07,4.945694076805693304e-13,7.795679764721919451e-09,1.845239001524472094e-08,1.021251401758523741e-71
2.348823209846887330e+05,1.000015600370359231e-06,3.203988332508761232e+02,3.155571024311943217e-07,6.582101166083203880e-07,4.945674413465918139e-13,7.795648320185504374e-09,1.845223844321760814e-08,1.021243581194448397e-71
2.348823860600058106e+05,1.000007800162263011e-06,3.203988332474919503e+02,3.155546216697666570e-07,6.582049801788390064e-07,4.945654750203555851e-13,7.795616875772694895e-09,1.845208687240980919e-08,1.021235760691134542e-71
2.348824185976643348e+05,1.000003900073492728e-06,3.203988332457998922e+02,3.155533812939938854e-07,6.582024119741675785e-07,4.945644918579602944e-13,7.795601153579257038e-09,1.845201108728314095e-08,1.021231850455711523e-71
