# z(m),p_tot(bar),T(K),p_H2O(bar),p_CO2(bar),p_CO(bar),p_H2(bar),p_CH4(bar),p_O2(bar)
2.751397061349495198e+05,1.000003897699580826e-06,3.275390448572012474e+02,3.312339152005992620e-07,6.426567176823336519e-07,8.902362947968885805e-13,1.077986121811276892e-08,1.533251336226884072e-08,3.093219625382944778e-70
2.751396682292448822e+05,1.000007795414439206e-06,3.275390448591468271e+02,3.312352195618648148e-07,6.426592239934443914e-07,8.902380882933343225e-13,1.077988334381642584e-08,1.533257827722497013e-08,3.093231292438436428e-70
2.751395924178356654e+05,1.000015590874711834e-06,3.275390448630380433e+02,3.312378282946874766e-07,6.426642366353674333e-07,8.902416752902461950e-13,1.077992759527277992e-08,1.533270810770837071e-08,3.093254626636199828e-70
2.751395166064263904e+05,1.000023386396095560e-06,3.275390448669292596e+02,3.312404370480766277e-07,6.426692493165989448e-07,8.902452623012621432e-13,1.077997184690369559e-08,1.533283793925414581e-08,3.093277961014442388e-70
2.751394407950171153e+05,1.000031181978591231e-06,3.275390448708205327e+02,3.312430458220316330e-07,6.426742620371389262e-07,8.902488493264481032e-13,1.078001609870890482e-08,1.533296777186234507e-08,3.093301295573003247e-70
2.751386826809272752e+05,1.000109141164801041e-06,3.275390449097347414e+02,3.312691346927599345e-07,6.427243914045735024e-07,8.902847203539354355e-13,1.078045862636802169e-08,1.533426615637942351e-08,3.093534651087163003e-70
2.751379245668374351e+05,1.000187106462724989e-06,3.275390449486520197e+02,3.312952256202896374e-07,6.427745247032039245e-07,8.903205927926240937e-13,1.078090117148998338e-08,1.533556464714887734e-08,3.093768024651685789e-70
2.751371664527475368e+05,1.000265077872842285e-06,3.275390449875723107e+02,3.313213186047823133e-07,6.428246619333384066e-07,8.903564666424603597e-13,1.078134373407610016e-08,1.533686324417928608e-08,3.094001416268227187e-70
2.751364083386576967e+05,1.000343055395634042e-06,3.275390450264956712e+02,3.313474136464002219e-07,6.428748030952852686e-07,8.903923419035612626e-13,1.078178631412658048e-08,1.533816194747945091e-08,3.094234825937963415e-70
2.751288271977585391e+05,1.001123166926580992e-06,3.275390454158963394e+02,3.316084772402474194e-07,6.433764310326450784e-07,8.907511721454287744e-13,1.078621307533596713e-08,1.535115482718069766e-08,3.096569915880284451e-70
2.751212460568593815e+05,1.001903890254713204e-06,3.275390458056014609e+02,3.318697467254370778e-07,6.438784524921339397e-07,8.911101435737072418e-13,1.079064158376457246e-08,1.536415834323403431e-08,3.098906812710696556e-70
2.751136649159601657e+05,1.002685225861964474e-06,3.275390461956112631e+02,3.321312222646153519e-07,6.443808677837928044e-07,8.914692562446399987e-13,1.079507184010527606e-08,1.537717250419478811e-08,3.101245517843542651e-70
2.751060837750610081e+05,1.003467174230654209e-06,3.275390465859260303e+02,3.323929040205575688e-07,6.448836772179094288e-07,8.918285102143956583e-13,1.079950384505110968e-08,1.539019731862564160e-08,3.103586032693958384e-70
2.750302723660685588e+05,1.011320466186461891e-06,3.275390505058974213e+02,3.350210994070039447e-07,6.499335178374915941e-07,8.954288337351181258e-13,1.084392022057056610e-08,1.552103329256190542e-08,3.127091027875567407e-70
2.749544609570761095e+05,1.019235567664904426e-06,3.275390544566262179e+02,3.376700964782919334e-07,6.550231158389363400e-07,8.990433491389152709e-13,1.088851222125226256e-08,1.565294408307504589e-08,3.150778560028497349e-70
2.748786495480836602e+05,1.027212967340912776e-06,3.275390584383548571e+02,3.403400601576033920e-07,6.601527855993723550e-07,9.026721130231608772e-13,1.093328054510648581e-08,1.578593836671766684e-08,3.174650063152184449e-70
2.748028381390912109e+05,1.035253157739077195e-06,3.275390624513276521e+02,3.430311566692594521e-07,6.653228439727185225e-07,9.063151821987458345e-13,1.097822589278097971e-08,1.592002488913573302e-08,3.198706982522050440e-70
2.747270267300987616e+05,1.043356635299937718e-06,3.275390664957909053e+02,3.457435535610143744e-07,6.705336103323230294e-07,9.099726137071165248e-13,1.102334896777199704e-08,1.605521246621472811e-08,3.222950774886204883e-70
2.745525888577899896e+05,1.062245364001853722e-06,3.275390759228223487e+02,3.520664424129613970e-07,6.826796481214511999e-07,9.184430172333025487e-13,1.112785347157623127e-08,1.637050155284778490e-08,3.279452096695518520e-70
2.743781509854812175e+05,1.081477989487720331e-06,3.275390855209565188e+02,3.585050839228672807e-07,6.950468903586356173e-07,9.269904658396511853e-13,1.123331133150589873e-08,1.669177688424531113e-08,3.336968706429554880e-70
2.742355505920242867e+05,1.097460237430873532e-06,3.275390934965740826e+02,3.638560491469501495e-07,7.053240786278831188e-07,9.340356091271664258e-13,1.132023590920555461e-08,1.695893971122585883e-08,3.384754793826407215e-70
2.740929501985673560e+05,1.113679999461784787e-06,3.275391015903527432e+02,3.692869666839993269e-07,7.157540436565804894e-07,9.411331042576951306e-13,1.140780825374369825e-08,1.723023973435644191e-08,3.433241955550658621e-70
2.739503498051104834e+05,1.130140821033389345e-06,3.275391098040510087e+02,3.747990332329884101e-07,7.263390663408644589e-07,9.482833446280841139e-13,1.149603321711079991e-08,1.750573995908072627e-08,3.482440594201681987e-70
2.738077494116535527e+05,1.146846300712219820e-06,3.275391181394535352e+02,3.803934634445146278e-07,7.370814617490321741e-07,9.554867265981896118e-13,1.158491568788086478e-08,1.778550434406521195e-08,3.532361267999125336e-70
2.736651490181966801e+05,1.163800090987767989e-06,3.275391265983716380e+02,3.860714901945018668e-07,7.479835796422847726e-07,9.627436495184610090e-13,1.167446059154881853e-08,1.806959781578298644e-08,3.583014693160756559e-70
2.735225486247397494e+05,1.181005899081165144e-06,3.275391351826437472e+02,3.918343648577133811e-07,7.590478049950348410e-07,9.700545157516771502e-13,1.176467289080089604e-08,1.835808628309983061e-08,3.634411746276881811e-70
2.732373478378259460e+05,1.216188676221552586e-06,3.275391527347412648e+02,4.036197575936946860e-07,7.816722972322936558e-07,9.848397028127791049e-13,1.194711971449296979e-08,1.894851684136854780e-08,3.739481059155055392e-70
2.729521470509121427e+05,1.252425416103390688e-06,3.275391708110101376e+02,4.157600333043259934e-07,8.049747428314233846e-07,9.998455678090249951e-13,1.213229661499568366e-08,1.955734350707779044e-08,3.847659519522976894e-70
2.726669462639982812e+05,1.289747832408328315e-06,3.275391894271738806e+02,4.282658978884770006e-07,8.289755443217020922e-07,1.015075440475087293e-12,1.232024466190466414e-08,2.018513046080454166e-08,3.959040164867543620e-70
2.723817454770844779e+05,1.328188596664577153e-06,3.275392085994295712e+02,4.411483810080366020e-07,8.536957204932151225e-07,1.030532701001237504e-12,1.251100554755161448e-08,2.083245908307289024e-08,4.073718839941791651e-70
2.720965446901706746e+05,1.367781367279623700e-06,3.275392283444618329e+02,4.544188459075510238e-07,8.791569250766377492e-07,1.046220780810761446e-12,1.270462159654523758e-08,2.149992847810907139e-08,4.191794282093501331e-70
2.718113439032568713e+05,1.408560819460283435e-06,3.275392486794578986e+02,4.680889995340549349e-07,9.053814659939434454e-07,1.062143163351706602e-12,1.290113577548397084e-08,2.218815601363791204e-08,4.313368209223238878e-70
2.715261431163430680e+05,1.450562676031073886e-06,3.275392696221226743e+02,4.821709029608846826e-07,9.323923251871120826e-07,1.078303384896346933e-12,1.310059170275808472e-08,2.289777787693401698e-08,4.438545410405158749e-70
2.710550311689762166e+05,1.522719865332309666e-06,3.275393055962975382e+02,5.063673730789407711e-07,9.787961703077856538e-07,1.105528340700527070e-12,1.343662661370880133e-08,2.411858980353408024e-08,4.653502013496002418e-70
2.705839192216094234e+05,1.598486009755614366e-06,3.275393433640866760e+02,5.317796922689185172e-07,1.027521519384367388e-06,1.133428599413321088e-12,1.378101321713264296e-08,2.540265145659608193e-08,4.879092781141203691e-70
2.701128072742425720e+05,1.678042402644681158e-06,3.275393830153098520e+02,5.584690789210852142e-07,1.078685006683929523e-06,1.162021085016077748e-12,1.413396026429041770e-08,2.675319475429045327e-08,5.115849496890387508e-70
2.696416953268757788e+05,1.761579478721914204e-06,3.275394246443015618e+02,5.864998417724597131e-07,1.132409147916981977e-06,1.191323148044879476e-12,1.449568176690338771e-08,2.817361594242112029e-08,5.364330758428084770e-70
2.691705833795089275e+05,1.849297276594350831e-06,3.275394683501390887e+02,6.159395363508079656e-07,1.188822637817234339e-06,1.221352576510386676e-12,1.486639713088000034e-08,2.966748394285191690e-08,5.625123340134379232e-70
2.686994714321421343e+05,1.941405924766076135e-06,3.275395142368813026e+02,6.468591293719191179e-07,1.248060662845850475e-06,1.252127607115036918e-12,1.524633129363181214e-08,3.123854912706817483e-08,5.898843625665633765e-70
2.682283594847752829e+05,2.038126152308821030e-06,3.275395624138204198e+02,6.793331714800226212e-07,1.310265229761214690e-06,1.283666936760044706e-12,1.563571486487527609e-08,3.289075253577175848e-08,6.186139114062178314e-70
2.677572475374084897e+05,2.139689825462941058e-06,3.275396129957458129e+02,7.134399787618124207e-07,1.375585510872781018e-06,1.315989734356212618e-12,1.603478427108808219e-08,3.462823556752465070e-08,6.487690003273042199e-70
2.671414175675838487e+05,2.280162390629487720e-06,3.275396829434321262e+02,7.606232822432766884e-07,1.465930991976714426e-06,1.359455745723643765e-12,1.657145093087589255e-08,3.703530602287409036e-08,6.904561451525960688e-70
2.665255875977591495e+05,2.429904486829039202e-06,3.275397574922599802e+02,8.109320994559349791e-07,1.562239492915076112e-06,1.404339306104523099e-12,1.712564009948063650e-08,3.960585001924246031e-08,7.348706010611022807e-70
2.659097576279345085e+05,2.589530373676247710e-06,3.275398369461705101e+02,8.645739391239669382e-07,1.664906204330326959e-06,1.450687096553626793e-12,1.769792747119755364e-08,4.235085206366026893e-08,7.821926085758257662e-70
2.652939276581098675e+05,2.759695166039399377e-06,3.275399216292565825e+02,9.217701245196696962e-07,1.774352602918737799e-06,1.498547347760445040e-12,1.828890781817103013e-08,4.528203223547223281e-08,8.326144207174223493e-70
2.646780976882851683e+05,2.941097560667189782e-06,3.275400118871033897e+02,9.827567158526129243e-07,1.891028205773109536e-06,1.547969892497245318e-12,1.889919562990457315e-08,4.841189544166969988e-08,8.863411109497079930e-70
2.640622677184605272e+05,3.134482745382402128e-06,3.275401080882185170e+02,1.047785494433207431e-06,2.015412442192627399e-06,1.599006219912055179e-12,1.952942577473319159e-08,5.175378397561418487e-08,9.435914361781168532e-70
2.634464377486358862e+05,3.340645503100114886e-06,3.275402106255574495e+02,1.117125012758735649e-06,2.148016650846680222e-06,1.651709531737655655e-12,2.018025418402719632e-08,5.532193360114065163e-08,1.004598758629714474e-69
2.628306077788111870e+05,3.560433523757307582e-06,3.275403199181509990e+02,1.191061714950489071e-06,2.289386210713051186e-06,1.706134800489829929e-12,2.085235855996000700e-08,5.913153339900690336e-08,1.069612030724509831e-69
2.622147778089865460e+05,3.794750938123854194e-06,3.275404364128412453e+02,1.269901132269517611e-06,2.440102814779105123e-06,1.762338829734111831e-12,2.154643910770268520e-08,6.319878962869749752e-08,1.138896847343377403e-69
2.614341698669155885e+05,4.114161932569962444e-06,3.275405951777659652e+02,1.377393993412160151e-06,2.645555346909183288e-06,1.836229837888480093e-12,2.245895326678587554e-08,6.875180275199454253e-08,1.233304626059803501e-69
2.606535619248446019e+05,4.460586146542969768e-06,3.275407673269209567e+02,1.494003950610170923e-06,2.868386218439632668e-06,1.913197400165103392e-12,2.340947090176964466e-08,7.478459339399778266e-08,1.335653776965934766e-69
2.598729539827736444e+05,4.836317330117706816e-06,3.275409539931615086e+02,1.620506248724150693e-06,3.110071178477590991e-06,1.993370880019179403e-12,2.439958597669057030e-08,8.133832356839341630e-08,1.446618836883254923e-69
2.590923460407026578e+05,5.243844704329848230e-06,3.275411564055727354e+02,1.757742243872850458e-06,3.372211742816117633e-06,2.076885147283404447e-12,2.543095998689019483e-08,8.845768076884570589e-08,1.566932192273694653e-69
2.583117380986317003e+05,5.685869675359793614e-06,3.275413758976706617e+02,1.906625058342390345e-06,3.656545948103077426e-06,2.163880819285050281e-12,2.650532486804523947e-08,9.619118016545950395e-08,1.697389104080589733e-69
2.575311301565607137e+05,6.165323982491334206e-06,3.275416139163047546e+02,2.068145720664432535e-06,3.964960028531912549e-06,2.254504513228750478e-12,2.762448603529231511e-08,1.045914927551839085e-07,1.838853178064897886e-69
2.567505222144897270e+05,6.685389403214654424e-06,3.275418720313211338e+02,2.243379832612916522e-06,4.299501094433183691e-06,2.348909110456715483e-12,2.879032555882208846e-08,1.137158017006219160e-07,1.992262321565177962e-69
2.559699142724187695e+05,7.249519149485236070e-06,3.275421519460526270e+02,2.433494808470688042e-06,4.662390898993329351e-06,2.447254033243901300e-12,3.000480548269667088e-08,1.236261892844885574e-07,2.158635231605232434e-69
2.551893063303477829e+05,7.861461100700851108e-06,3.275424555087059275e+02,2.639757735826180913e-06,5.056040786758866024e-06,2.549705534828266697e-12,3.126997129401625539e-08,1.343900571162525946e-07,2.339078463695172503e-69
2.544086983882768254e+05,8.525283031542215748e-06,3.275427847247228215e+02,2.863543911418883128e-06,5.483067925680860832e-06,2.656437003431636544e-12,3.258795555006322499e-08,1.460805824554032559e-07,2.534794135583611474e-69
2.535042228376228595e+05,9.365155543212417140e-06,3.275432011383720123e+02,3.146727656899200259e-06,6.023351008811701460e-06,2.785695827038111382e-12,3.418406676913233768e-08,1.608900250365506543e-07,2.782391656943865510e-69
2.525997472869688936e+05,1.028812621139964551e-05,3.275436586194803681e+02,3.457983802373174844e-06,6.617096226004118487e-06,2.921238207336702628e-12,3.585769608649130675e-08,1.771855656976469803e-07,3.054473810483894064e-69
2.516952717363149568e+05,1.130244809864800665e-05,3.275441612334425940e+02,3.800103025747900985e-06,7.269613557989895830e-06,3.063373356944680072e-12,3.761264162333486330e-08,1.951158099135155908e-07,3.353488544945150718e-69
2.507907961856609909e+05,1.241719679966439594e-05,3.275447134494696115e+02,4.176154261649365026e-06,7.986742212358252093e-06,3.212426043682584591e-12,3.945289032333491637e-08,2.148442229073941290e-07,3.682132074682788892e-69
2.498863206350070250e+05,1.364235268705628961e-05,3.275453201808235804e+02,4.589512530723205399e-06,8.774903542090623185e-06,3.368737416261849973e-12,4.138262762998751517e-08,2.365506178750596251e-07,4.043374644804507323e-69
2.489818450843530882e+05,1.498889140603288534e-05,3.275459868290719214e+02,5.043889560410126082e-06,9.641159271672957801e-06,3.532665879723170372e-12,4.340624769816631884e-08,2.604327935857625943e-07,4.440489079913245209e-69
2.480773695336991223e+05,1.646888344764430977e-05,3.275467193327633026e+02,5.543367477939433038e-06,1.059327556455488340e-05,3.704588024450802703e-12,4.552836417473318196e-08,2.867083363872373147e-07,4.877082438566461954e-69
2.471728939830451563e+05,1.809560371374402044e-05,3.275475242209673752e+02,6.092435884579474341e-06,1.163979351952206857e-05,3.884899612991882784e-12,4.775382158607632157e-08,3.156166031567865155e-07,5.357131136997927368e-69
2.462684184323911904e+05,1.988365207887081161e-05,3.275484086721660333e+02,6.696032651322600010e-06,1.279010674275054134e-05,4.074016629356672754e-12,5.008770737377948725e-08,3.474209034072626162e-07,5.885019953189211779e-69
2.453639428817372536e+05,2.184908605556660032e-05,3.275493805790304691e+02,7.359588810470966073e-06,1.405454670750356108e-05,4.272376395990511338e-12,5.253536462338779134e-08,3.824109005922900417e-07,6.465585377062979922e-69
2.444594673310832877e+05,2.400956678115846138e-05,3.275504486196741709e+02,8.089077955327783913e-06,1.544447668518135835e-05,4.480438764186793666e-12,5.510240553542346171e-08,4.209052546751427158e-07,7.104163835646289691e-69
2.435549917804293218e+05,2.638451966678715486e-05,3.275516223360289132e+02,8.891070601740814873e-06,1.697239511041699576e-05,4.698687384373868129e-12,5.779472569249949938e-08,4.632545302494636343e-07,7.806645394968833005e-69
2.426505162297753850e+05,2.899531118458928584e-05,3.275529122200567258e+02,9.772794010974166588e-06,1.865204932985455629e-05,4.927631063456727158e-12,6.061851918167143850e-08,5.098443969478281505e-07,8.579533625023150804e-69
2.417460406791214191e+05,3.186544341766045968e-05,3.275543298085815991e+02,1.074219802371407118e-05,2.049856077993590772e-05,5.167805217253825592e-12,6.358029463713350966e-08,5.610991515681320026e-07,9.430012412402708129e-69
2.408415651284674532e+05,3.502076816112233718e-05,3.275558877876025008e+02,1.180802751041214878e-05,2.252856274434846017e-05,5.419773427044162007e-12,6.668689227506598106e-08,6.174855943132370827e-07,1.036602061982036607e-68
2.399370895778134873e+05,3.848972254277215180e-05,3.275576001070356256e+02,1.297990210413756241e-05,2.476035195770287073e-05,5.684129110361209241e-12,6.994550200003625353e-08,6.795172948025607168e-07,1.139633562566872654e-68
2.390326140271595505e+05,4.230358833005723652e-05,3.275594821069278737e+02,1.426840394920554131e-05,2.721405544957764905e-05,5.961497317446414912e-12,7.336368267096160370e-08,7.477592871057638967e-07,1.253066693382704158e-68
2.381281384765055845e+05,4.649677730829620355e-05,3.275615506562872952e+02,1.568517427268487869e-05,2.991181416344961216e-05,6.252536666240854471e-12,7.694938262436555378e-08,8.228332370006873206e-07,1.377976122852751549e-68
2.372236629258516186e+05,5.110714535513896011e-05,3.275638243057898649e+02,1.724301966713103282e-05,3.287798503949643307e-05,6.557941430475205651e-12,8.071096156376055718e-08,9.054231290062944991e-07,1.515552046678661412e-68
2.363191873751976818e+05,5.617633810039750414e-05,3.275663234557468968e+02,1.895602906228012908e-05,3.613936342021157509e-05,6.878443797348771929e-12,8.465721393651880841e-08,9.962815255254792273e-07,1.667113485827243906e-68
2.354147118245437159e+05,6.175017135096900068e-05,3.275690705408546251e+02,2.083970246177790242e-05,3.972542782474454718e-05,7.214816313502788916e-12,8.879739393401437070e-08,1.096236455696227181e-06,1.834123288771421710e-68
2.345102362738897500e+05,6.787904978022465247e-05,3.275720902333972617e+02,2.291109262919293902e-05,4.366860934355111046e-05,7.567874540557003410e-12,9.314124226704189791e-08,1.206198997339015040e-06,2.018205089791964219e-68
2.336057607232358132e+05,7.461842773281399414e-05,3.275754096667405406e+02,2.518896102653987552e-05,4.800458813115102906e-05,7.938479944408545309e-12,9.769901488730402168e-08,1.327171621755839523e-06,2.221162518446488537e-68
2.327012851725818473e+05,8.202931638246572783e-05,3.275790586811323806e+02,2.769394943937797867e-05,5.277261972355882900e-05,8.327543045894885605e-12,1.024815138470033253e-07,1.460257378138878032e-06,2.445001007104240281e-68
2.317968096219278814e+05,9.017884190548025700e-05,3.275830700940265388e+02,3.044876886641331999e-05,5.801589418048169251e-05,8.736026864331289516e-12,1.075001205130435300e-07,1.606670002045373471e-06,2.691952605593867326e-68
2.308923340712739155e+05,9.914085979994956982e-05,3.275874799973602194e+02,3.347840740968285384e-05,6.378193135307654775e-05,9.164950689974269305e-12,1.127668313802701235e-07,1.767745040859199243e-06,2.964504286792342378e-68
2.299878585206199787e+05,1.089966309943981009e-04,3.275923280844560281e+02,3.681035907522346831e-05,7.012301590855885946e-05,9.615394226679567113e-12,1.182942967603124059e-07,1.944952098461179472e-06,3.265430317261947822e-68
2.290833829699660128e+05,1.198355659539749354e-04,3.275976580094751398e+02,4.047487558513602422e-05,7.709667610612596853e-05,1.008850215210815270e-11,1.240958626594081124e-07,2.139908311551374208e-06,3.597829376330109741e-68
2.281789074193120468e+05,1.317560436124058860e-04,3.276035177826353788e+02,4.450524351178848724e-05,8.476621071763250554e-05,1.058548914985512008e-11,1.301856162009156677e-07,2.354393181294771700e-06,3.965167239751215043e-68
2.272744318686581100e+05,1.448663126389260376e-04,3.276099602047142412e+02,4.893808927535799177e-05,9.320126892463290581e-05,1.110764547604125201e-11,1.365784349969105368e-07,2.590364896292743839e-06,4.371326005803368288e-68
2.263699563180041441e+05,1.592854832971131083e-04,3.276170433446968673e+02,5.381371479892679632e-05,1.024784885044933709e-04,1.165634313239208639e-11,1.432900409294116866e-07,2.849978296420337420e-06,4.820661039337155280e-68
2.254654807673501782e+05,1.751446189731685531e-04,3.276248310647958419e+02,5.917646689304647254e-05,1.126821981462861522e-04,1.223304272885820030e-11,1.503370588662672160e-07,3.135604641926822068e-06,5.318067051676058066e-68
2.245610052166962123e+05,1.925879373515131175e-04,3.276333935974698761e+02,6.507514374634055111e-05,1.239051903164634354e-04,1.283930113169130538e-11,1.577370809114241576e-07,3.449853368496570557e-06,5.869055032494955739e-68
2.236565296660422755e+05,2.117741322028825885e-04,3.276428081795051526e+02,7.156344223281545030e-05,1.362495717295721489e-04,1.347678000786533799e-11,1.655087368752327901e-07,3.795596026839743287e-06,6.479842118017196756e-68
2.227520541153883096e+05,2.328778278323141325e-04,3.276531597486938949e+02,7.870045011275162491e-05,1.498276991755841017e-04,1.414725539424551270e-11,1.736717717499593830e-07,4.175992624973061123e-06,7.157456936101506842e-68
2.218475785647343437e+05,2.560911794199860958e-04,3.276645417091582431e+02,8.655118760521992498e-05,1.647632092182389058e-04,1.485262844037455098e-11,1.822471310906513216e-07,4.594520612808196096e-06,7.909863536174036730e-68
2.209431030140804069e+05,2.816256337859072479e-04,3.276770567719208884e+02,9.518720324949675015e-05,1.811921511139778806e-04,1.559493749770808120e-11,1.912570553346008751e-07,5.055006772160563026e-06,8.746107720244812378e-68
2.200386274634264410e+05,3.097138665296735168e-04,3.276908178779211767e+02,1.046872294532161208e-04,1.992642332148482798e-04,1.637637175627008097e-11,2.007251842469228608e-07,5.561662300990482720e-06,9.676490478907888949e-68
2.191341519127724750e+05,3.406119130492648792e-04,3.277059492113203873e+02,1.151379036505004622e-04,2.191441941178296404e-04,1.719928666271099326e-11,2.106766728585887026e-07,6.119121408789550898e-06,1.071277435323697817e-67
2.182296763621185091e+05,3.746015126391126515e-04,3.277225873116302637e+02,1.266345615672681720e-04,2.410133109144385816e-04,1.806622139265449574e-11,2.211383204708792745e-07,6.732483770713595310e-06,1.186842995502860193e-67
2.173252008114645723e+05,4.119926867189849218e-04,3.277408822939383413e+02,1.392821097173234824e-04,2.650710580856425482e-04,1.897991869604851321e-11,2.321387145413474451e-07,7.407361221558768417e-06,1.315893166944898739e-67
2.164207252608106064e+05,4.531265742637099201e-04,3.277609991872937485e+02,1.531959849357913863e-04,2.915369318858339700e-04,1.994334748839172978e-11,2.437083915470268374e-07,8.149929107190080458e-06,1.460211384848920060e-67
2.155162497101566405e+05,4.983785497019556712e-04,3.277831194021550800e+02,1.685032095002168123e-04,3.206524564739741175e-04,2.095972862482004178e-11,2.558800172470290538e-07,8.966982750788970717e-06,1.621860173010662555e-67
2.146117741595027037e+05,5.481616509431415374e-04,3.278074423386864851e+02,1.853435511985681563e-04,3.526833895883384347e-04,2.203256437005028862e-11,2.686885891474912756e-07,9.865999534523006706e-06,1.803233508547595941e-67
2.137072986088487378e+05,6.029303477882161973e-04,3.278341871486198897e+02,2.038707985819153965e-04,3.879221472320190742e-04,2.316567216759905615e-11,2.821716644156608180e-07,1.085520714419385739e-05,2.007120747203580639e-67
2.128028230581947719e+05,6.631846837956791897e-04,3.278635946643719308e+02,2.242541625921562487e-04,4.266904686479754301e-04,2.436322341939999939e-11,2.963696170089549778e-07,1.194365857531486149e-05,2.236785031235324580e-67
2.118983475075408060e+05,7.294748277217759152e-04,3.278959295101087719e+02,2.466798167861842346e-04,4.693423448232574924e-04,2.562978811560328571e-11,3.113259283913614302e-07,1.314131455415441658e-05,2.496059931544131727e-67
2.109938719568868692e+05,8.024060739456476479e-04,3.279314824104814079e+02,2.713525894915380893e-04,5.162672358800410267e-04,2.697038630846577840e-11,3.270875169202133001e-07,1.445913408676209286e-05,2.789469167288542198e-67
2.100893964062329032e+05,8.826443348377511957e-04,3.279705727137950362e+02,2.984978224286596242e-04,5.678936049936479311e-04,2.839054760924843285e-11,3.437051118197252389e-07,1.590917391307649533e-05,3.122375690991663522e-67
2.091849208555789373e+05,9.709221718429829166e-04,3.280135511474122154e+02,3.283634116247767173e-04,6.246927989311130405e-04,2.989638010990825609e-11,3.612336786360003138e-07,1.750469771207706861e-05,3.501168351358304141e-67
2.082804453049250005e+05,1.068045416136379801e-03,3.280608028241986176e+02,3.612220478266860439e-04,6.871833079331115830e-04,3.149465040040048015e-11,3.797329042196654735e-07,1.926029597771177298e-05,3.933496925351037429e-67
2.073759697542710346e+05,1.174900434073826569e-03,3.281127505197751475e+02,3.973736750959845588e-04,7.559354404702394977e-04,3.319287667842862277e-11,3.992677506376156898e-07,2.119201756408827894e-05,4.428569791924641873e-67
2.064624396425951854e+05,1.293696661477993903e-03,3.281704577088031556e+02,4.375658794888522452e-04,8.323707895779890653e-04,3.501810104848528992e-11,4.201215766448799900e-07,2.333983581640699598e-05,5.003646254176929241e-67
2.055489095309193654e+05,1.424520327086664043e-03,3.282339536482493827e+02,4.818279186374027395e-04,9.165448451791376530e-04,3.696349688173737718e-11,4.421840670655886619e-07,2.570534223956105407e-05,5.668102174229004004e-67
2.046353794192435162e+05,1.568587893302351988e-03,3.283038145373267866e+02,5.305714412310335616e-04,1.009240307227217415e-03,3.903990356038832798e-11,4.655429020659498962e-07,2.831056290213150773e-05,6.439119975523078562e-67
2.037218493075676670e+05,1.727238141340896966e-03,3.283806727690528646e+02,5.842494884398061888e-04,1.111318578421347522e-03,4.125952854999030240e-11,4.902945572157112784e-07,3.117973866299921648e-05,7.337928315017796918e-67
2.028083191958918469e+05,1.901944275309089142e-03,3.284652221456532857e+02,6.433605897148813582e-04,1.223727552227516727e-03,4.363616473789034891e-11,5.165454713490377520e-07,3.433954425917753913e-05,8.390933693976488636e-67
2.018947890842159977e+05,2.094327178562969960e-03,3.285582235200901664e+02,7.084532484519002766e-04,1.347510142296633358e-03,4.618544757888003675e-11,5.444133972492583211e-07,3.781932823174020703e-05,9.631218045003928059e-67
2.009812589725401776e+05,2.306169922066302058e-03,3.286605108858601056e+02,7.801308512459557499e-04,1.483813617439403917e-03,4.892516020585381222e-11,5.740289666433573837e-07,4.165137548913904744e-05,1.110053684338980927e-66
2.000677288608643285e+05,2.539433630944988758e-03,3.287729979353662202e+02,8.590570366547547370e-04,1.633899810484726279e-03,5.187559652394864337e-11,6.055375068446901207e-07,4.587119442306618322e-05,1.285200786346064299e-66
1.991541987491884793e+05,2.796274821847189330e-03,3.288966851044197028e+02,9.459615615526448165e-04,1.799156273474683976e-03,5.505999463754401403e-11,6.391011534088047809e-07,5.051783060645741776e-05,1.495376182089808509e-66
1.982406686375126592e+05,3.079064329935223086e-03,3.290326671165700532e+02,1.041646705256432702e-03,1.981108455648407547e-03,5.850505589069281494e-11,6.749013116221103156e-07,5.563420921370517390e-05,1.749394578150535674e-66
1.973271385258368100e+05,3.390407950185940576e-03,3.291821410357736681e+02,1.146994253577214270e-03,2.181432984430752269e-03,6.224156850256364644e-11,7.131415298393965015e-07,6.126750840656475347e-05,2.058764857543855518e-66
1.964136084141609608e+05,3.733168922955150491e-03,3.293464148291349716e+02,1.262973106730798595e-03,2.401972133037465641e-03,6.630515947124296491e-11,7.540508600102116722e-07,6.746956602171635497e-05,2.438658635837874072e-66
1.955000783024851407e+05,4.110492398220126457e-03,3.295269164328090596e+02,1.390647556538275164e-03,2.644749561176102173e-03,7.073720439161270651e-11,7.978877956633828652e-07,7.429732197288067266e-05,2.909279666140395525e-66
1.945865481908092916e+05,4.525832016255708183e-03,3.297252033033315683e+02,1.531186279467072449e-03,2.911987417470680850e-03,7.558593246702962308e-11,8.449448957426203237e-07,8.181329883627888079e-05,3.497822274375384589e-66
1.936730180791334715e+05,4.982978744375221938e-03,3.299429724233190200e+02,1.685872092682899051e-03,3.206124893443336975e-03,8.090777379375006488e-11,8.955542247392654933e-07,9.008612311647176099e-05,4.241306096888430074e-66
1.927594879674576223e+05,5.486092109372520294e-03,3.301820707143157279e+02,1.856112520266714081e-03,3.529838318887560007e-03,8.676900862936952996e-11,9.500937664554187608e-07,9.919108968278178280e-05,5.190731488387952133e-66
1.918459578557817731e+05,6.039733962972733058e-03,3.304445057902246958e+02,2.043451215940735727e-03,3.886062886966885812e-03,9.324779471081599188e-11,1.008995001584132522e-06,1.092107718157332794e-04,6.417252544867628653e-66
1.909324277441059530e+05,6.648904912415207376e-03,3.307324569619329395e+02,2.249580286866055372e-03,4.278016094034380046e-03,1.004366699535390046e-10,1.072751879511827660e-06,1.202356791985896805e-04,8.021476781683007541e-66
1.900188976324301038e+05,7.319083539675350081e-03,3.310482863771652546e+02,2.476353560125077544e-03,4.709222973620448040e-03,1.084456556368846787e-10,1.141931464080951388e-06,1.323649660200866454e-04,1.014768327632113755e-65
1.891053675207542547e+05,8.056268520157082447e-03,3.313945501490938454e+02,2.725800829171707435e-03,5.183543195876591514e-03,1.174061216146366462e-10,1.217186593664968230e-06,1.457071911089958627e-04,1.300590064153446359e-65
1.881918374090784346e+05,8.867023734292671724e-03,3.317740092927384694e+02,3.000143111594929298e-03,5.705200092565051659e-03,1.274756230968880227e-10,1.299270970509368701e-06,1.603811316865577847e-04,1.690675448446706705e-65
1.872783072974025854e+05,9.758526442693742781e-03,3.321896402498451266e+02,3.301808941765867807e-03,6.278811653011835171e-03,1.388439820901575365e-10,1.389057186241505698e-06,1.765166518858192664e-04,2.231742395552767736e-65
1.863647771857267653e+05,1.073861856663925127e-02,3.326446447410925202e+02,3.633451712095423208e-03,6.909423517864472265e-03,1.517409710605275026e-10,1.487558303931644973e-06,1.942556266344506576e-04,2.995313501496400787e-65
1.854512470740509161e+05,1.181586108014477318e-02,3.331424586398379688e+02,3.997968064507130721e-03,7.602543974617206185e-03,1.664460692029510155e-10,1.595953757292807554e-06,2.137529208170777211e-04,4.092963394490033710e-65
1.845377169623750669e+05,1.299959147711114010e-02,3.336867595152518220e+02,4.398517319146313768e-03,8.364180931349567485e-03,1.833009130413138265e-10,1.715620500987978138e-06,2.351774228133625161e-04,5.702242205480593616e-65
1.836241868506992469e+05,1.429998422673474726e-02,3.342814724461559308e+02,4.838541910174210328e-03,9.200880812734187064e-03,2.027252670058863163e-10,1.848170560554866804e-06,2.587131305405309008e-04,8.111687620513361378e-65
1.827106567390233977e+05,1.572811407233982994e-02,3.349307736622716902e+02,5.321788778680483847e-03,1.011976928501726047e-02,2.252376156163510043e-10,1.995496396039718484e-06,2.845602870084267357e-04,1.180072746625925960e-64
1.817971266273475485e+05,1.729602196323693289e-02,3.356390915295943955e+02,5.852331650340664680e-03,1.112859367447051155e-02,2.514818540248733124e-10,2.159825822220203496e-06,3.129365611216816580e-04,1.758484506318883744e-64
1.810633199461638869e+05,1.866551421834194979e-02,3.362539590897508219e+02,6.315733670204665660e-03,1.200975315302026288e-02,2.758034977389427906e-10,2.305905108551781530e-06,3.377212142049733942e-04,2.467923919202135356e-64
1.803295132649802545e+05,2.014090164615138859e-02,3.369124593887392507e+02,6.814966002905705617e-03,1.295904755020124005e-02,3.035583432890030149e-10,2.466227746611746946e-06,3.644215617394850866e-04,3.524560469847276090e-64
1.795957065837965929e+05,2.172995803687379629e-02,3.376172301211374247e+02,7.352658444065101294e-03,1.398147861112036643e-02,3.353614294013314219e-10,2.642611014162698773e-06,3.931780353127426342e-04,5.126801993331596173e-64
1.788618999026129313e+05,2.344096536068663097e-02,3.383710029795851710e+02,7.931612599881916054e-03,1.508237503867171370e-02,3.719567869286515499e-10,2.837142896431749716e-06,4.241402072797885361e-04,7.602355639508639669e-64
1.781280932214292698e+05,2.528273823602480985e-02,3.391765978074438408e+02,8.554810138637736205e-03,1.626740823390777566e-02,4.142479314619289501e-10,3.052226481353441016e-06,4.574672227500055908e-04,1.150276723188097623e-63
1.773942865402456082e+05,2.726464843434527052e-02,3.400369152927469827e+02,9.225421049349719765e-03,1.754260805931464121e-02,4.633362820762769468e-10,3.290632124412150934e-06,4.933282302202060890e-04,1.777458206623145847e-63
1.766604798590619466e+05,2.939664926669349407e-02,3.409549281208173852e+02,9.946811854279632992e-03,1.891437852536603098e-02,5.205697271307437502e-10,3.555558793563356761e-06,5.319028076845278789e-04,2.807531291364143132e-63
1.759266731778782851e+05,3.168929968556895294e-02,3.419336705239833805e+02,1.072255371783185918e-02,2.038951329310075000e-02,5.876042177645893710e-10,3.850706261663050600e-06,5.733813807704466175e-04,4.536851490341646765e-63
1.751928664966946235e+05,3.415378792554833731e-02,3.429762261913103885e+02,1.155643039077402720e-02,2.197521087898678116e-02,6.664821340274544472e-10,4.180360115371987310e-06,6.179656291900032091e-04,7.506777668987608546e-63
1.744590598155109619e+05,3.680195449850515860e-02,3.440857145316356309e+02,1.245244592589926820e-02,2.367908944340553837e-02,7.597323028497097238e-10,4.549491902840116792e-06,6.658688775652121371e-04,1.272827558017019250e-62
1.737252531343273004e+05,3.964631435473926074e-02,3.452652753182177321e+02,1.341483209944040016e-02,2.550920104114734119e-02,8.704980377384203749e-10,4.963877155195086359e-06,7.173164664982988265e-04,2.213248367287581434e-62
1.729914464531436388e+05,4.270007802024376048e-02,3.465180517828201232e+02,1.444805547186161880e-02,2.747404521157316079e-02,1.002701531611219055e-09,5.430234497436830351e-06,7.725460996100281651e-04,3.949463203589489767e-62
1.722576397719599772e+05,4.597717152323918532e-02,3.478471722701393674e+02,1.555682402225749307e-02,2.958258178792329274e-02,1.161255517897826640e-09,5.956389621953659774e-06,8.318081621809037592e-04,7.237139158829678503e-62
1.715043673788585002e+05,4.958888000889088293e-02,3.492942051526313207e+02,1.677878445261133875e-02,3.190641290123544249e-02,1.357915695187994737e-09,6.568286865283670029e-06,8.971130102631204870e-04,1.386143357661207166e-61
1.707510949857570231e+05,5.346805708096627474e-02,3.508282318129826081e+02,1.809121234710616213e-02,3.440233477108240595e-02,1.597319453062916065e-09,7.264370579690030693e-06,9.672439948785766656e-04,2.733130387847731245e-61
1.699978225926555460e+05,5.763223536580854706e-02,3.524524521485394075e+02,1.950003249366908178e-02,3.708162740068099428e-02,1.890249438562616676e-09,8.058194570393384742e-06,1.042515386638619493e-03,5.550021061598924579e-61
1.692445501995540690e+05,6.209981399804911234e-02,3.541699549869430825e+02,2.101146136471681095e-02,3.995612815626787412e-02,2.250498183450039840e-09,8.965678291391772754e-06,1.123256548274840236e-03,1.160996101492926467e-60
1.684912778064525919e+05,6.689007155618621747e-02,3.559836926834850033e+02,2.263201120927341853e-02,4.303824005858185309e-02,2.695770299581672617e-09,1.000553447706985797e-05,1.209812058083528218e-03,2.502264211562787932e-60
1.677380054133510857e+05,7.202317662579582613e-02,3.578964559322571972e+02,2.436849329088015478e-02,4.634093854208778257e-02,3.248868373191485468e-09,1.119977355333136437e-05,1.302541770406166321e-03,5.556578305442422763e-60
1.669847330202496087e+05,7.752019593965049638e-02,3.599108492537662300e+02,2.622802024545972666e-02,4.987777664827355850e-02,3.939254269629638375e-09,1.257429782819956879e-05,1.401820808834676338e-03,1.271152161096312855e-59
1.662314606271481316e+05,8.340310008572304756e-02,3.620292676343863150e+02,2.821800754614557996e-02,5.366288864601564262e-02,4.805107451643117544e-09,1.415960036965136229e-05,1.508039488084553757e-03,2.994909600009642649e-59
1.654781882340466545e+05,8.969476681682574115e-02,3.642538747900983367e+02,3.034617407516717463e-02,5.771099209933615998e-02,5.896041427109157409e-09,1.599158558198238926e-05,1.621603160698720930e-03,7.264091320018270387e-59
1.647249158409451775e+05,9.641898203802656830e-02,3.665865835075544510e+02,3.262054181571466538e-02,6.203738842992932712e-02,7.276691560105713212e-09,1.811253078989572506e-05,1.742931984901095440e-03,1.812760169608555189e-58
1.639716434478437004e+05,1.036004385884127660e-01,3.690290384794217289e+02,3.504943468871808687e-02,6.665796204760097987e-02,9.031456048442697395e-09,2.057221062420421344e-05,1.872460610013438036e-03,4.651000026785855820e-58
1.632183710547422234e+05,1.112647329707757010e-01,3.715826019990248028e+02,3.764147657033620892e-02,7.158917814527407386e-02,1.127076181935691537e-08,2.342920865953673030e-05,2.010637775744064052e-03,1.225805860731367000e-57
1.624650986616407463e+05,1.194383602149967222e-01,3.742483428132509857e+02,4.040558853488208230e-02,7.684807927562777030e-02,1.413934469735720669e-08,2.675244356004196828e-05,2.157925821582120252e-03,3.315341844118883433e-57
1.617891244162801013e+05,1.272293536464998709e-01,3.767366732323334304e+02,4.304011777517762621e-02,8.186077381720481549e-02,1.740432048881645803e-08,3.019791802098168736e-05,2.298246731775941808e-03,8.268929875790797116e-57
1.611131501709194563e+05,1.354729517373209069e-01,3.793163068757297651e+02,4.582748929150989164e-02,8.716464959702284465e-02,2.150584823140607129e-08,3.415209281751282512e-05,2.446639250122420190e-03,2.101950570029984335e-56
1.604371759255588404e+05,1.441901194233490557e-01,3.819873901519318906e+02,4.877474598982612514e-02,9.277319015848310702e-02,2.667100051267189701e-08,3.869368155814986683e-05,2.603462922481102754e-03,5.440292496300209474e-56
1.597612016801981954e+05,1.534023832529534948e-01,3.847498720606096185e+02,5.188911278639070368e-02,9.870023946779174495e-02,3.319028025403910200e-08,4.391348112292468777e-05,2.769084327367806256e-03,1.432170589707897466e-55
1.590852274348375795e+05,1.631318250637719125e-01,3.876035073134898425e+02,5.517799330374329597e-02,1.049599977009698232e-01,4.143543695933131161e-08,4.991611975968302016e-05,2.943876503862138429e-03,3.830553239842344580e-55
1.584092531894769345e+05,1.734010753881086164e-01,3.905478611510757219e+02,5.864896632763854506e-02,1.115670168350206271e-01,5.188220717641213172e-08,5.682202752202725204e-05,3.128218315720248874e-03,1.039735846195190276e-54
1.577332789441163186e+05,1.842333066934264962e-01,3.935823157333434779e+02,6.230978204693946726e-02,1.185361961088131771e-01,6.513928806219674024e-08,6.476965071585643176e-05,3.322493747669903567e-03,2.860636356220464392e-54
1.570573046987556736e+05,1.956522265565548147e-01,3.967060779569162605e+02,6.616835809528023860e-02,1.258827774137673550e-01,8.198517838551009181e-08,7.391793292275563958e-05,3.527091129406110821e-03,7.968022160373470530e-54
1.563813304533950577e+05,2.076820708605957300e-01,3.999181885298343673e+02,7.023277540969466437e-02,1.336223406677458370e-01,1.034149195398776386e-07,8.444908589798126401e-05,3.742402282337831641e-03,2.244127116488552442e-53
1.557053562080344127e+05,2.203475970928276406e-01,4.032175321197751146e+02,7.451127391760194174e-02,1.417707992181261312e-01,1.306992538658158127e-07,9.657167416439067504e-05,3.968821583681263025e-03,6.382763501470597209e-53
1.550293819626737968e+05,2.336740778101291660e-01,4.066028483818198538e+02,7.901224805956225117e-02,1.503443953118011600e-01,1.654593043284115784e-07,1.105240374032333435e-04,4.206744942058063610e-03,1.830998795632268775e-52
1.543534077173131518e+05,2.476872943263749016e-01,4.100727436678308777e+02,8.374424215136069827e-02,1.593596956613312909e-01,2.097605857830852401e-07,1.265780747421949839e-04,4.456568678354902793e-03,5.291037856335516732e-52
1.536774334719525068e+05,2.624135306640236198e-01,4.136257032207283260e+02,8.871594558533535402e-02,1.688335871277193423e-01,2.662310030028590616e-07,1.450434147242777607e-04,4.718688305241670877e-03,1.538253549351118151e-51
1.530014592265918909e+05,2.778795678001634850e-01,4.172601036629624787e+02,9.393618786759257155e-02,1.787832725315588178e-01,3.382084954743980098e-07,1.662719940738225603e-04,4.993497198442690618e-03,4.493847620068137419e-51
1.523254849812312459e+05,2.941126782258848826e-01,4.209742255986082569e+02,9.941393348499535931e-02,1.892262665957751278e-01,4.299251765197756899e-07,1.906630673261262691e-04,5.281385152611738770e-03,1.317626893842574090e-50
1.516495107358706300e+05,3.111406208272187168e-01,4.247662661620140625e+02,1.051582765936471819e-01,2.001803920149494154e-01,5.467362088335060889e-07,2.186686679253618706e-04,5.582736814487843958e-03,3.872972029250043720e-50
1.509735364905099850e+05,3.289916360862232825e-01,4.286343513620388990e+02,1.111784355191417079e-01,2.116637756383964730e-01,6.954032854059899837e-07,2.507995394963526028e-04,5.897929985903135712e-03,1.139945801861810239e-49
1.502975622451493691e+05,3.476944415922239018e-01,4.325765480888212551e+02,1.174837470581417964e-01,2.236948447467940471e-01,8.844444700402018904e-07,2.876315536367854485e-04,6.227333789181112647e-03,3.356139982626653664e-49
1.496215879997887241e+05,3.672782278457878413e-01,4.365908756689922825e+02,1.240836605709557255e-01,2.362923233952662072e-01,1.124564321306953368e-06,3.298126277406152052e-04,6.571306687503761235e-03,9.873238156230351448e-49
1.487528948230015521e+05,3.937865867445325962e-01,4.418523424925370477e+02,1.330131324835915341e-01,2.533435800806829730e-01,1.530086097218686161e-06,3.930527990624036101e-04,7.035291295098356282e-03,3.940004069166313398e-48
1.478842016462144093e+05,4.218629624127985811e-01,4.472252567506172340e+02,1.424654437138289376e-01,2.714027426832452128e-01,2.079302960322501318e-06,4.680945618675333561e-04,7.524602150896467223e-03,1.564607767419174234e-47
1.470155084694272373e+05,4.515726855195656420e-01,4.527052392664327272e+02,1.524613647631352931e-01,2.905116490179450173e-01,2.821115692362282068e-06,5.569650511281969228e-04,8.039885571664656672e-03,6.171431855878945706e-47
1.461468152926400653e+05,4.829823323288178760e-01,4.582879033371388573e+02,1.630218916142401331e-01,3.107129000383899164e-01,3.820050421753822586e-06,6.619921302162620627e-04,8.581728495549877447e-03,2.413800812924571557e-46
1.452781221158528933e+05,5.161597138137322682e-01,4.639688817509826322e+02,1.741682204820972080e-01,3.320498454643134312e-01,5.160826494736886018e-06,7.858388722527180452e-04,9.150648168574193608e-03,9.347149250544613243e-46
1.444094289390657214e+05,5.511738650506174952e-01,4.697438504249070661e+02,1.859217216157842134e-01,3.545665681707101946e-01,6.954104415837775375e-06,9.315401843661730600e-04,9.747080975340941672e-03,3.578571396168983730e-45
1.435407357622785785e+05,5.880950346675307694e-01,4.756085487356567683e+02,1.983039122642037133e-01,3.783078669319396847e-01,9.343668651748526297e-06,1.102541418314516341e-03,1.037137038442123745e-02,1.352836934372111729e-44
1.426720425854914065e+05,6.269946741284163627e-01,4.815587966817635106e+02,2.113364289699521947e-01,4.033192370780935843e-01,1.251534088949016848e-05,1.302738757058705772e-03,1.102375398241841470e-02,5.044278540121753263e-44
1.418033494087042345e+05,6.679454266430039366e-01,4.875905090618503550e+02,2.250409994124236979e-01,4.296468485841881124e-01,1.670796307531560357e-05,1.536521109063621960e-03,1.170434957424990041e-02,1.853278992407370973e-43
1.409346562319170625e+05,7.110211155050140119e-01,4.936997068884817281e+02,2.394394140805882476e-01,4.573375210759518250e-01,2.222683554984921284e-05,1.808813180658267470e-03,1.241314033226267530e-02,6.703412166383067147e-43
1.407348305751454609e+05,7.212383062458849192e-01,4.951155600916125081e+02,2.428519385494511684e-01,4.639050235646394738e-01,2.372286288798446834e-05,1.877463165917034891e-03,1.258015810298929171e-02,8.989579582230585355e-43
1.406948654437912628e+05,7.232957936517933062e-01,4.953991940775748049e+02,2.435390110903475347e-01,4.652275311646304479e-01,2.403337519409556454e-05,1.891478589559993963e-03,1.261373943206125191e-02,9.531968331670960436e-43
1.406868724175205862e+05,7.237078549337586653e-01,4.954559393172943942e+02,2.436766088317333101e-01,4.654923941244649144e-01,2.409594090558385602e-05,1.894293234544341866e-03,1.262046280211088362e-02,9.644271023523757802e-43
1.406788793912498804e+05,7.241201042872500437e-01,4.955126906976685177e+02,2.438142676905450390e-01,4.657573776513136421e-01,2.415866187429433973e-05,1.897111743809939358e-03,1.262718853970735446e-02,9.757883141603642384e-43
1.406772807859958848e+05,7.242025767317347151e-01,4.955240417103635195e+02,2.438418067978952719e-01,4.658103888280094029e-01,2.417122473072330139e-05,1.897675909787195376e-03,1.262853397131197090e-02,9.780764022126064314e-43
1.406756821807418892e+05,7.242850567019187835e-01,4.955353929685437606e+02,2.438693483507591853e-01,4.658634048291774854e-01,2.418379381480561158e-05,1.898240230559639346e-03,1.262987949760745188e-02,9.803698004755979722e-43
1.406753624596912414e+05,7.243015535990815490e-01,4.955376632476370560e+02,2.438748569548587763e-01,4.658740086083822396e-01,2.418630837722577176e-05,1.898353113212698307e-03,1.263014861425050539e-02,9.808291180407088380e-43
1.406751267742326309e+05,7.243137146388182179e-01,4.955393368071724467e+02,2.438789177383090534e-01,4.658818254101648182e-01,2.418816216594415184e-05,1.898436329519252687e-03,1.263034699865883681e-02,9.811678438438878144e-43
1.406748910887740203e+05,7.243258758421488031e-01,4.955410103651930740e+02,2.438829785751011614e-01,4.658896423168490397e-01,2.419001608336089751e-05,1.898519548916949426e-03,1.263054538519818581e-02,9.815066841068347358e-43
1.406746554033153807e+05,7.243380372090750807e-01,4.955426839216989379e+02,2.438870394652355167e-01,4.658974593284356813e-01,2.419187012948373030e-05,1.898602771405885452e-03,1.263074377386860098e-02,9.818456388673935007e-43
1.406741840323981596e+05,7.243623604337210420e-01,4.955460310301665459e+02,2.438951614055324679e-01,4.659130936663200551e-01,2.419557860787988518e-05,1.898769225657786748e-03,1.263114055760277896e-02,9.825238920326138240e-43
1.406737126614809386e+05,7.243866843127702015e-01,4.955493781325752707e+02,2.439032835592046256e-01,4.659287284238273208e-01,2.419928760119650988e-05,1.898935692275695352e-03,1.263153734986108452e-02,9.832026036423915736e-43
1.406732412905637175e+05,7.244110088462358821e-01,4.955527252289252260e+02,2.439114059262560696e-01,4.659443636009660272e-01,2.420299710949791453e-05,1.899102171260356542e-03,1.263193415064381257e-02,9.838817739997065452e-43
1.406727699196464673e+05,7.244353340341316283e-01,4.955560723192164119e+02,2.439195285066909080e-01,4.659599991977445010e-01,2.420670713284739958e-05,1.899268662612539019e-03,1.263233095995088505e-02,9.845614034076932233e-43
1.406680562104720739e+05,7.246786219097084425e-01,4.955895428889108416e+02,2.440007660480170704e-01,4.661163782476034356e-01,2.424383570802013504e-05,1.900934256509417180e-03,1.263629952187056774e-02,9.913830121188378763e-43
1.406633425012976804e+05,7.249219752431308450e-01,4.956230128527978991e+02,2.440820249321700164e-01,4.662727992708639024e-01,2.428101585817008998e-05,1.902601087971238659e-03,1.264026893626748506e-02,9.982508608670479983e-43
1.406586287921232579e+05,7.251653940478957061e-01,4.956564822109383499e+02,2.441633051632428886e-01,4.664292622760884965e-01,2.431824764714484612e-05,1.904269157739737171e-03,1.264423920317746253e-02,1.005165256089350594e-42
1.406539150829488644e+05,7.254088783375015614e-01,4.956899509633930165e+02,2.442446067453289404e-01,4.665857672718405347e-01,2.435553113886078122e-05,1.905938466556876933e-03,1.264821032263651647e-02,1.012126506206707378e-42
1.406067779912041151e+05,7.278473258709768912e-01,4.960246051885848715e+02,2.450587977727435030e-01,4.681531285932642450e-01,2.473122381773357707e-05,1.922699865879285309e-03,1.268796841527217514e-02,1.084385323117106538e-42
1.405596408994593949e+05,7.302923367517392128e-01,4.963591989119810250e+02,2.458751284074261467e-01,4.697246983962383160e-01,2.511215759219052079e-05,1.939585988691802220e-03,1.272781180179048156e-02,1.161684116614688116e-42
1.405125038077146455e+05,7.327439245112544741e-01,4.966937321941930463e+02,2.466936027504126883e-01,4.713004852639652298e-01,2.549839752400446938e-05,1.956597582371361228e-03,1.276774051698109473e-02,1.244366084580834434e-42
1.404653667159698962e+05,7.352021027006602205e-01,4.970282050957301863e+02,2.475142249074455680e-01,4.728804977913178553e-01,2.589000937696763478e-05,1.973735397556104689e-03,1.280775459496375640e-02,1.332797223835979767e-42
1.404182296242251468e+05,7.376668848909682108e-01,4.973626176769986955e+02,2.483369989890405749e-01,4.744647445849633494e-01,2.628705962323488481e-05,1.991000188153148158e-03,1.284785406918786954e-02,1.427367806494035153e-42
1.402113567106805567e+05,7.485626324175792545e-01,4.988295591412335739e+02,2.519734988862568636e-01,4.814678949939006913e-01,2.809562994137515012e-05,2.068291652786186964e-03,1.302485125469443790e-02,1.926097031758857311e-42
1.400044837971359375e+05,7.595869961997044895e-01,5.002953450020984292e+02,2.556518756404559944e-01,4.885534997088196718e-01,3.001611131294726830e-05,2.148108244626135456e-03,1.320349649448960931e-02,2.594071058730904673e-42
1.397976108835913183e+05,7.707411370335671696e-01,5.017599802966435618e+02,2.593724799844662754e-01,4.957222943228268841e-01,3.205462824618994955e-05,2.230515951163129784e-03,1.338379214686464917e-02,3.487029858739942285e-42
1.395907379700466990e+05,7.820262231391787999e-01,5.032234700249738921e+02,2.631356644280460899e-01,5.029750188066004490e-01,3.421759452211797244e-05,2.315582002088042470e-03,1.356574030792205565e-02,4.678515638444564416e-42
1.393838650565021089e+05,7.934434301873065642e-01,5.046858191507322999e+02,2.669417832628567799e-01,5.103124175127512485e-01,3.651172452902364673e-05,2.403374881100091547e-03,1.374934280606904084e-02,6.265381776952737152e-42
1.391769921429574897e+05,8.049939413259278309e-01,5.061470326015679007e+02,2.707911925674632569e-01,5.177352391794924902e-01,3.894404493825932964e-05,2.493964337589094256e-03,1.393460119644527977e-02,8.374951999392492746e-42
1.386424796955379425e+05,8.354634473166453468e-01,5.099172515758578470e+02,2.809401525722519666e-01,5.373149514661060833e-01,4.592135189776663253e-05,2.741480562496253267e-03,1.442094136389194571e-02,1.757760119009559557e-41
1.381079672481183661e+05,8.668516184261796376e-01,5.136800047821374164e+02,2.913867378298687361e-01,5.574831051053128483e-01,5.400885648797766993e-05,3.009409870563257549e-03,1.491835676394579792e-02,3.645500114624994911e-41
1.375734548006988189e+05,8.991795641362982927e-01,5.174353740189212658e+02,3.021372577040992713e-01,5.782530225017471492e-01,6.336059796374841186e-05,3.299076211154721924e-03,1.542684712133244977e-02,7.473222584805810318e-41
1.370389423532792425e+05,9.324687355542079503e-01,5.211834396220978078e+02,3.131981030607957073e-01,5.996382221375213817e-01,7.414874997305946711e-05,3.611863481197201756e-03,1.594639812471952689e-02,1.514748552427605788e-40
1.365044299058596953e+05,9.667409284066522668e-01,5.249242805128869804e+02,3.245757470595341809e-01,6.216524185597336327e-01,8.656535041428552841e-05,3.949216711423883530e-03,1.647698072554595189e-02,3.036541395655038179e-40
1.359699174584401189e+05,1.002018286016361781e+00,5.286579742442129373e+02,3.362767460168704092e-01,6.443095222304746628e-01,1.008241527309437595e-04,4.312643196756133640e-03,1.701855041952957809e-02,6.022044449931615335e-40
1.352710012471243681e+05,1.049700068883385295e+00,5.335294104388135565e+02,3.520755950094943132e-01,6.749288525617279655e-01,1.226461211324570289e-04,4.829807908809029098e-03,1.774316728222146214e-02,1.451150711194963097e-39
1.345720850358085881e+05,1.099190136001758855e+00,5.383889240634799762e+02,3.684537303146693255e-01,7.067035756333590601e-01,1.486246727952768526e-04,5.397921162520258505e-03,1.848628421841440675e-02,3.436669235194192734e-39
1.338731688244928082e+05,1.150540733042912711e+00,5.432366786722818688e+02,3.854264706138404439e-01,7.396662989664942733e-01,1.794422079493079815e-04,6.020852222860298072e-03,1.924766903176869728e-02,8.003112139273510947e-39
1.331742526131770283e+05,1.203805161200487639e+00,5.480728343904058875e+02,4.030093924389052118e-01,7.738501951012458635e-01,2.158745942709691451e-04,6.702665064315582386e-03,2.002703400174954754e-02,1.833603292773091750e-38
1.324753364018612483e+05,1.259037788105763944e+00,5.528975480609733495e+02,4.212183353815529552e-01,8.092889976373690564e-01,2.588012331714307493e-04,7.447621082475187893e-03,2.082403277119545745e-02,4.135205753212721918e-38
1.317764201905454684e+05,1.316294058625088637e+00,5.577109733860976348e+02,4.400694078141632049e-01,8.460169964418352562e-01,3.092158633303018875e-04,8.260181345899477584e-03,2.163825715986011922e-02,9.184281352103235945e-38
1.310775039792296884e+05,1.375630505533030457e+00,5.625132610623109031e+02,4.595789931508881820e-01,8.840690320058079976e-01,3.682381166421662562e-04,9.145008349872568026e-03,2.246923390981934998e-02,2.009796832325551378e-37
1.299052844905011298e+05,1.479978654545780925e+00,5.705430393074306039e+02,4.938248090280936697e-01,9.509599625140380263e-01,4.900864191411994329e-04,1.080476508428043075e-02,2.389903150022905723e-02,7.238513958872979305e-37
1.287330650017725420e+05,1.590619823699168878e+00,5.785425824382126621e+02,5.300504849582073907e-01,1.021845469219592628e+00,6.466701127385507137e-04,1.270581625624732543e-02,2.537138315238511924e-02,2.508668618613449204e-36
1.275608455130439688e+05,1.707841847593022599e+00,5.865125505392329615e+02,5.683388915074009118e-01,1.096899998147220279e+00,8.462952464918111753e-04,1.487400298380455767e-02,2.688265970810660085e-02,8.382042444444003624e-36
1.263886260243153956e+05,1.831941603087513970e+00,5.944535849552858053e+02,6.087754246720389339e-01,1.176301995210636386e+00,1.098858278466790725e-03,1.733675174688945747e-02,2.842857317948436352e-02,2.704797178992749138e-35
1.252164065355868079e+05,1.963225138811578452e+00,6.023663096637236549e+02,6.514481466750013938e-01,1.260233756408745354e+00,1.416066029374594666e-03,2.012303821235437301e-02,3.000413148610395209e-02,8.443396124380361553e-35
1.240441870468582347e+05,2.102007801688384525e+00,6.102513325575438330e+02,6.964479436583275174e-01,1.348881261915141794e+00,1.811670183507116220e-03,2.326333149310728238e-02,3.160359443830108861e-02,2.553724425784095622e-34
1.228719675581296615e+05,2.248614360726237216e+00,6.181092466440950375e+02,7.438687011724127718e-01,1.442433996545833486e+00,2.301714315904868514e-03,2.678951662277032769e-02,3.322043206931708792e-02,7.494505775640757061e-34
1.216997480694010883e+05,2.403379128460642722e+00,6.259406311641744196e+02,7.938074982891855091e-01,1.541084759988021968e+00,2.904790681947300255e-03,3.073479283847555671e-02,3.484728666301221273e-02,2.137104666886870773e-33
1.205275285806725005e+05,2.566646080617622339e+00,6.337460526355043839e+02,8.463648210852996456e-01,1.645029471202156479e+00,3.642303169050972386e-03,3.513354506583824671e-02,3.647594009527754116e-02,5.929130583064646535e-33
1.195526829674041801e+05,2.709152124165628450e+00,6.402178522115056012e+02,8.921417759035931150e-01,1.735647151316033421e+00,4.375522848680412150e-03,3.916245434342437159e-02,3.782521975389854796e-02,1.357840902151591968e-32
1.185778373541358742e+05,2.857991417743985796e+00,6.466723929799367170e+02,9.398635704768905086e-01,1.830179398400290758e+00,5.234415463829388167e-03,4.355028097858440472e-02,3.916375242439798510e-02,3.055848394754963965e-32
1.176029917408675537e+05,3.013377417573226857e+00,6.531099834074675528e+02,9.895941034763304778e-01,1.928743261687180022e+00,6.236503584668709292e-03,4.831815526795988497e-02,4.048539355709467741e-02,6.762725760421727609e-32
1.166281461275992333e+05,3.175528411529913608e+00,6.595309274192253497e+02,1.041399360164870114e+00,2.031456964630750317e+00,7.401100820480971225e-03,5.348741834830211123e-02,4.178356756551705048e-02,1.472614474990937101e-31
1.156533005143309128e+05,3.344667569059877277e+00,6.659355246897985126e+02,1.095347535044904452e+00,2.138439852475163772e+00,8.749398419548961789e-03,5.907950697418031666e-02,4.305127614608564302e-02,3.157133536023741655e-31
1.146784549010625924e+05,3.521022993102849608e+00,6.723240709130531059e+02,1.151509161464510989e+00,2.249812353571505774e+00,1.030454122780678598e-02,6.511582365521878524e-02,4.428111318381203199e-02,6.667798235882597035e-31
1.137036092877942719e+05,3.704827774716270561e+00,6.786968580509114872e+02,1.209957248066144686e+00,2.365695958107874031e+00,1.209169006209826966e-02,7.161759121906356718e-02,4.546528726109327900e-02,1.388023995640798167e-30
1.127287636745259515e+05,3.896320051194734901e+00,6.850541745610728412e+02,1.270767421882521342e+00,2.486213218267031344e+00,1.413806729016500903e-02,7.860569090911073697e-02,4.659565284591044715e-02,2.849488844517264908e-30
1.116334539552085625e+05,4.120948982627374413e+00,6.921789782659943739e+02,1.342007504201640167e+00,2.627304640639030797e+00,1.678306461301954169e-02,8.706278306203686645e-02,4.779099011165514194e-02,6.292188024494379558e-30
1.105381442358911736e+05,4.355942771425987736e+00,6.992850113234919718e+02,1.416444182646840577e+00,2.774578880954155391e+00,1.983708968537244849e-02,9.618729046555636597e-02,4.889532767407184233e-02,1.367064374732075164e-29
1.094428345165737846e+05,4.601662629097565294e+00,7.063726688644708247e+02,1.494198018469034661e+00,2.928215037897339723e+00,2.334813370854010861e-02,1.060054582806432277e-01,4.989598074201127831e-02,2.923930750479799827e-29
1.083475247972563811e+05,4.858478301570409386e+00,7.134423415927028600e+02,1.575394817613971155e+00,3.088394455142985606e+00,2.736734803572195979e-02,1.165415727620860153e-01,5.078010801564705745e-02,6.162005875456034484e-29
1.072522150779389922e+05,5.126768237801599071e+00,7.204944159833163440e+02,1.660165934732782844e+00,3.255301065171560371e+00,3.194885552087816522e-02,1.278174990100817421e-01,5.153488336630111799e-02,1.280185327533550749e-28
1.061569053586216032e+05,5.406919780218101046e+00,7.275292744331131871e+02,1.748648580821998255e+00,3.429121837121019034e+00,3.714948022688922130e-02,1.398521839878328066e-01,5.214769806036499700e-02,2.623497859530007412e-28
1.050615956393041997e+05,5.699329380231055175e+00,7.345472953606744113e+02,1.840986130531083731e+00,3.610047338395368399e+00,4.302838810475017456e-02,1.526611287119182536e-01,5.260639448793862083e-02,5.306380399717799231e-28
1.039662859199868108e+05,6.004402842079243463e+00,7.415488532539682183e+02,1.937328424071364186e+00,3.798272417932696321e+00,4.964663280155327124e-02,1.662558359445282241e-01,5.289953132909950423e-02,1.059913138684229074e-27
1.028709762006694218e+05,6.322555598163914325e+00,7.485343186629418142e+02,2.037832057343483605e+00,3.993997016265590894e+00,5.706660307747103700e-02,1.806432427849495315e-01,5.301667869242295689e-02,2.091862009017924909e-27
1.017756664813520183e+05,6.654213018779226552e+00,7.555040581344321708e+02,2.142660652360402818e+00,4.197427103571524043e+00,6.535137157591357215e-02,1.958251513414236700e-01,5.294873992996430162e-02,4.081462543748623011e-27
1.006803567620346294e+05,6.999810758679243961e+00,7.624584340866897492e+02,2.251985098302398569e+00,4.408775741606572929e+00,7.456394905928849515e-02,2.117976751907735267e-01,5.268829452020858117e-02,7.876631785043353819e-27
9.958504704271724040e+04,7.359795142215013186e+00,7.693978046209315380e+02,2.365983751663725432e+00,4.628264258574716905e+00,8.476645383218550656e-02,2.285507245517577890e-01,5.222995359262532639e-02,1.504256832015592097e-26
9.848973732339985145e+04,7.734623587775334208e+00,7.763225232676866199e+02,2.484842582063893524e+00,4.856123517511385934e+00,9.601921299630317153e-02,2.460675588337326580e-01,5.157071637002189068e-02,2.844249903205869398e-26
9.739442760408244794e+04,8.124765070938897438e+00,7.832329386663658397e+02,2.608755248611095201e+00,5.092595248710508393e+00,1.083798203678398159e-01,2.643244411162322671e-01,5.071031213321822856e-02,5.326942785076562700e-26
9.629911788476505899e+04,8.530700624073897842e+00,7.901293941775608118e+02,2.737923090540347992e+00,5.337933405393257225e+00,1.219021850931525791e-01,2.832904345603172724e-01,4.965150848682452212e-02,9.886562197795713522e-26
9.501015184262325056e+04,9.029307576859459061e+00,7.982277552731694641e+02,2.896943279317906850e+00,5.638368740768403775e+00,1.393699537884761641e-01,3.064657948420198008e-01,4.815980814265186094e-02,2.024396447977753612e-25
9.372118580048144213e+04,9.551299324339641572e+00,8.063077900955453288e+02,3.063884267264226580e+00,5.951916382195332034e+00,1.585852617976125922e-01,3.304954988537328053e-01,4.641791422873420281e-02,4.098491485239303766e-25
9.243221975833964825e+04,1.009753024938193278e+01,8.143700244150485332e+02,3.239112705606498555e+00,6.279069349097346375e+00,1.796068344131186989e-01,3.552927841726532532e-01,4.444857609231596396e-02,8.209099027690673310e-25
9.137871112856644322e+04,1.056259658753321951e+01,8.209466548891620050e+02,3.388750562515390197e+00,6.556930499044908878e+00,1.981622913380823303e-01,3.760629864642712761e-01,4.269024817057792687e-02,1.437380690541323732e-24
9.032520249879323819e+04,1.104494016090895236e+01,8.275120069282625082e+02,3.544389477436439950e+00,6.844533938059116807e+00,2.179739674039901376e-01,3.972245212364937661e-01,4.081825677291271021e-02,2.500464923429801092e-24
8.927169386902004771e+04,1.154507043101127728e+01,8.340663438155052063e+02,3.706245546770118082e+00,7.142197599102964034e+00,2.390550032040542616e-01,4.187186272755319405e-01,3.885365465859150214e-02,4.322663502112672410e-24
8.821818523924684268e+04,1.206351067222411366e+01,8.406099205234083911e+02,3.874538209667131028e+00,7.450253651517268594e+00,2.614135793127254082e-01,4.404860824029129263e-01,3.681914932407554658e-02,7.427800878549220714e-24
8.716467660947365221e+04,1.260079832267161670e+01,8.471429832220560456e+02,4.049489532466114206e+00,7.769047699805763152e+00,2.850537631030622410e-01,4.624688687137726850e-01,3.473845858292094746e-02,1.268908912274971299e-23
8.611116797970044718e+04,1.315748527919706845e+01,8.536657688493908154e+02,4.231323527250942185e+00,8.098937667711775035e+00,3.099766124705977677e-01,4.846118855532557390e-01,3.263558621049646169e-02,2.155418446671720707e-23
8.505765934992724215e+04,1.373413813125556260e+01,8.601785047662384613e+02,4.420265555746940578e+00,8.440292436816603683e+00,3.361814760366374499e-01,5.068646011941644325e-01,3.053406146120607109e-02,3.640991161530573683e-23
8.400415072015405167e+04,1.433133833296945703e+01,8.666814085161353205e+02,4.616541867827293366e+00,8.793490337758981923e+00,3.636674055834048236e-01,5.291825275703120335e-01,2.845619422947548091e-02,6.116981987719327211e-23
8.295064209038084664e+04,1.494968231707795958e+01,8.731746877054922606e+02,4.820379315073830995e+00,9.158917610883987592e+00,3.924345811790660998e-01,5.515284103178857977e-01,2.642239962317527099e-02,1.022149820653498438e-22
8.189713346060764161e+04,1.558978155882432404e+01,8.796585400131757524e+02,5.032005264835493819e+00,9.536966957639066322e+00,4.224856462910500654e-01,5.738730494111801139e-01,2.445064064745763530e-02,1.698911403743948643e-22
8.062802674139404553e+04,1.639065452822313063e+01,8.874570453678578588e+02,5.297605904332291615e+00,1.000970898204027471e+01,4.604006830344948842e-01,6.007600061968771943e-01,2.217895261919333380e-02,3.111101533542879545e-22
7.935892002218044945e+04,1.722513258463144226e+01,8.952424529881844819e+02,5.575240466534308048e+00,1.050204920850142898e+01,5.002079737677652682e-01,6.275954299178551077e-01,2.003950591013581653e-02,5.653332512899225822e-22
7.808981330296686792e+04,1.809437177375273365e+01,9.030150539979264295e+02,5.865312719578963829e+00,1.101469881548620400e+01,5.419382226309434891e-01,6.543758054933582757e-01,1.804621056336700585e-02,1.019371750149698873e-21
7.682070658375327184e+04,1.899955985646296952e+01,9.107751216940181394e+02,6.168231248566814706e+00,1.154837601660395308e+01,5.856336381809826852e-01,6.811121456077740000e-01,1.620680750350531746e-02,1.823824191795735496e-21
7.578313463209565089e+04,1.976716558967238413e+01,9.171103168311381069e+02,6.425719555912336567e+00,1.200081887800432412e+01,6.228543767878989001e-01,7.029536960863981276e-01,1.481908288144365843e-02,2.917551058370971463e-21
7.474556268043802993e+04,2.056029660458936803e+01,9.234374395066950001e+02,6.692302542068489402e+00,1.246820240325257956e+01,6.614587092074669661e-01,7.247981192906755021e-01,1.353483077014663860e-02,4.642760568610362841e-21
7.370799072878040897e+04,2.137964953126899559e+01,9.297566165100416811e+02,6.968215298028591853e+00,1.295093182759615580e+01,7.014854041956323227e-01,7.466655949892406774e-01,1.235140645933964845e-02,7.349366256677207411e-21
7.267041877712278801e+04,2.222593547279061710e+01,9.360679690580843726e+02,7.253697669401008241e+00,1.344941749151033683e+01,7.429770165209338417e-01,7.685783890311248534e-01,1.126490632709730919e-02,1.157272049943041411e-20
7.163284682546516706e+04,2.309988015614948864e+01,9.423716133080450845e+02,7.548994692736098244e+00,1.396407553207144581e+01,7.859793874877576414e-01,7.905600307903044577e-01,1.027051306389681166e-02,1.812727118880132607e-20
7.059527487380754610e+04,2.400222411141957224e+01,9.486676608341249448e+02,7.854356957112486270e+00,1.449532856263727432e+01,8.305411642902681413e-01,8.126346258961101299e-01,9.362801483372889047e-03,2.824513936249449951e-20
6.955770292214992514e+04,2.493372287495029127e+01,9.549562190643379154e+02,8.170040894989663016e+00,1.504360631315234897e+01,8.767133612638439155e-01,8.348263075261680433e-01,8.535998018412876628e-03,4.378000796741524002e-20
6.852013097049230419e+04,2.589514721332451330e+01,9.612373916742815254e+02,8.496309010581249765e+00,1.560934621504816455e+01,9.245489765182430819e-01,8.571588189275167746e-01,7.784192249389889490e-03,6.750543974161580974e-20
6.748255901883468323e+04,2.688728336451050893e+01,9.675112789382984602e+02,8.833430055843567885e+00,1.619299392337432408e+01,9.741026696225200121e-01,8.796552130921447832e-01,7.101502577822240564e-03,1.035489793952941553e-19
6.644498706717706227e+04,2.791093329271029688e+01,9.737779780394639602e+02,9.181679164553782968e+00,1.679500377527257626e+01,1.025430500239435050e+00,9.023376521079832235e-01,6.482200536777513525e-03,1.580204616329885825e-19
6.540741511551944131e+04,2.896691495424119722e+01,9.800375833412217617e+02,9.541337954549636180e+00,1.741583918860541758e+01,1.078589723784660670e+00,9.252272878459339989e-01,5.920799455986537618e-03,2.399166237318778724e-19
6.416421641747214017e+04,3.027592207436311966e+01,9.875285084641918729e+02,9.987704728424803946e+00,1.818516825427848360e+01,1.144777767767263699e+00,9.529541912676448012e-01,5.317132624992469692e-03,3.930546383154253138e-19
6.292101771942484629e+04,3.163401065968465176e+01,9.950095345205314743e+02,1.045137398666819983e+01,1.898303512931601844e+01,1.213780799733333193e+00,9.810398617093473161e-01,4.780882257350432818e-03,6.393362928619012689e-19
6.267537378928186808e+04,3.190829232733593201e+01,9.964865540243721398e+02,1.054508267360810869e+01,1.914413583681960418e+01,1.227757149379405055e+00,9.866344339325567869e-01,4.682233596291721783e-03,7.032514070488085560e-19
6.242972985913888260e+04,3.218456046818710092e+01,9.979631940070675000e+02,1.063949131184918251e+01,1.930639060377429317e+01,1.241848256601369327e+00,9.922444309242034466e-01,4.585865038246936601e-03,7.733432045232535293e-19
6.218408592899590440e+04,3.246282687965566538e+01,9.994394555918778451e+02,1.073460401387838026e+01,1.946980613601524013e+01,1.256054932287594239e+00,9.978700746275173117e-01,4.491722846949689277e-03,8.501874880393118005e-19
6.213495714296716324e+04,3.251872099643729541e+01,9.997346625995132854e+02,1.075371140533538572e+01,1.950262912670789461e+01,1.258910207175047757e+00,9.989971002971246294e-01,4.473156921919736566e-03,8.664209019812634456e-19
6.212513138576141500e+04,3.252990947672657995e+01,9.997937021908795714e+02,1.075753628588522481e+01,1.950919933360970759e+01,1.259481821357671061e+00,9.992225817402209387e-01,4.469454133807940731e-03,8.697034500771316582e-19
6.211530562855567405e+04,3.254110117776897937e+01,9.998527411790250881e+02,1.076136230114052772e+01,1.951577141110686142e+01,1.260053622064586598e+00,9.994480886528748220e-01,4.465754803592934113e-03,8.729980525120512133e-19
6.210547987134992582e+04,3.255229610032568388e+01,9.999117795640211170e+02,1.076518945136799843e+01,1.952234535963458839e+01,1.260625609346969656e+00,9.996736210481804719e-01,4.462058927945974918e-03,8.763047521100140857e-19
6.209565411414417758e+04,3.256349424515802582e+01,9.999708173459388263e+02,1.076901773683164087e+01,1.952892117962683116e+01,1.261197783256566840e+00,9.998991789394507945e-01,4.458366503546698327e-03,8.796235918410574437e-19
6.209368896270302503e+04,3.256573426086508505e+01,9.999826248299592635e+02,1.076978353017537593e+01,1.953023656823851795e+01,1.261312240438761556e+00,9.999442935787052900e-01,4.457628432530670072e-03,8.802888203943017346e-19
6.209172381126187975e+04,3.256797440549971867e+01,9.999944322898599012e+02,1.077054936894492698e+01,1.953155203173179544e+01,1.261426705087599132e+00,9.999894092379623123e-01,4.456890499394144771e-03,8.809545366242218762e-19
6.209144713723660243e+04,3.256828980622054814e+01,9.999960946623307336e+02,1.077065719516956221e+01,1.953173724208591366e+01,1.261442821186544494e+00,9.999957611622023457e-01,4.456786616736273070e-03,8.810483021141874061e-19
6.209117046321133239e+04,3.256860520949710747e+01,9.999977570343233992e+02,1.077076502229632027e+01,1.953192245392498450e+01,1.261458937433251881e+00,1.000002113106591262e+00,4.456682736808451929e-03,8.811420772790267672e-19
6.209089378918606235e+04,3.256892061532941796e+01,9.999994194058380117e+02,1.077087285032060215e+01,1.953210766724920688e+01,1.261475053827660453e+00,1.000008465070629793e+00,4.456578859605350544e-03,8.812358621198585394e-19
6.209034044113480923e+04,3.256955143466311142e+01,1.000002744145094539e+03,1.077109591047108417e+01,1.953247101582039846e+01,1.261514400454195162e+00,1.000013625314874144e+00,4.456482601458760726e-03,8.814128812196789152e-19
6.208978709308355610e+04,3.257018226422285068e+01,1.000006068878697761e+03,1.077131157291171704e+01,1.953284145276630568e+01,1.261546634374494769e+00,1.000026329310108819e+00,4.456274860758334053e-03,8.816005161528412147e-19
6.208923374503230298e+04,3.257081310400554486e+01,1.000009393610857273e+03,1.077152723895359365e+01,1.953321189564634963e+01,1.261578868888943106e+00,1.000039033386033838e+00,4.456067130934351223e-03,8.817881898314224455e-19
6.208868039698104985e+04,3.257144395401167714e+01,1.000012718341105369e+03,1.077174290859846728e+01,1.953358234446612229e+01,1.261611103994666028e+00,1.000051737542199337e+00,4.455859412025971016e-03,8.819759022396582934e-19
6.208314691646852589e+04,3.257775301639235721e+01,1.000045965538460109e+03,1.077389980314488760e+01,1.953728715923364589e+01,1.261933487629677719e+00,1.000178783560804252e+00,4.453782823972763164e-03,8.838551580662264287e-19
6.207761343595599465e+04,3.258406310126704852e+01,1.000079212544684651e+03,1.077605705792337076e+01,1.954099256784978778e+01,1.262255930490787881e+00,1.000305837675101728e+00,4.451707328108041664e-03,8.857382952321097216e-19
6.207207995544347068e+04,3.259037420877182711e+01,1.000112459359791728e+03,1.077821467298278257e+01,1.954469857038995428e+01,1.262578432587796007e+00,1.000432899888187732e+00,4.449632923851048853e-03,8.876253214916209735e-19
6.206654647493094672e+04,3.259668633904274060e+01,1.000145705983793846e+03,1.078037264836689069e+01,1.954840516693262487e+01,1.262900993929902960e+00,1.000559970202014259e+00,4.447559610606351306e-03,8.895162446151571976e-19
6.201121166980709677e+04,3.265986392383547354e+01,1.000478161715823489e+03,1.080197223066192791e+01,1.958550381946636421e+01,1.266129867898638350e+00,1.001831119453672647e+00,4.426886354687447483e-03,9.086415235207633055e-19
6.195587686468324682e+04,3.272314393502329466e+01,1.000810598351249496e+03,1.082360789793039046e+01,1.962266195734427043e+01,1.269364676658760516e+00,1.003103081535738905e+00,4.406321553961713676e-03,9.281651480637247176e-19
6.190054205955940415e+04,3.278652650890976616e+01,1.001143015902681213e+03,1.084527969774722500e+01,1.965987965808628957e+01,1.272605429545676792e+00,1.004375858908322039e+00,4.385864623378661793e-03,9.480951395840479360e-19
6.184520725443555420e+04,3.285001178193904536e+01,1.001475414382713780e+03,1.086698767773768459e+01,1.969715699929419372e+01,1.275852135902104667e+00,1.005649454024709177e+00,4.365514980704894923e-03,9.684396752489515893e-19
6.178987244931170426e+04,3.291359989069734837e+01,1.001807793803927552e+03,1.088873188558704896e+01,1.973449405866031725e+01,1.279104805074855911e+00,1.006923869329289234e+00,4.345272046476926324e-03,9.892070909722727023e-19
6.150453606651332666e+04,3.324313232054795009e+01,1.003521421016856607e+03,1.100143372366885686e+01,1.992797513474528159e+01,1.295972342002227773e+00,1.013508559590800884e+00,4.242560539834535835e-03,1.103336001655871314e-18
6.121919968371494178e+04,3.357542159819576710e+01,1.005234543506826412e+03,1.111510669986813049e+01,2.012305688641163570e+01,1.312999964302206335e+00,1.020115454278608835e+00,4.142593335581869554e-03,1.230181977067587512e-18
6.093386330091656419e+04,3.391048663170352029e+01,1.006947162980498433e+03,1.122975742184208059e+01,2.031975007394033383e+01,1.330188961777180490e+00,1.026744879657627285e+00,4.045294486902027004e-03,1.371110703322430898e-18
6.064852691811817931e+04,3.424834643050328253e+01,1.008659281134561979e+03,1.134539253630534361e+01,2.051806551834167180e+01,1.347540628753838066e+00,1.033397157132420752e+00,3.950589969681276258e-03,1.527628899899552095e-18
6.036319053531980171e+04,3.458902010585853759e+01,1.010370899655889502e+03,1.146201872911117370e+01,2.071801410161561208e+01,1.365056264100966033e+00,1.040072603376344995e+00,3.858407655381657260e-03,1.701398291602978526e-18
6.027018659709713393e+04,3.470067222598260059e+01,1.010928685294838260e+03,1.150024773183101523e+01,2.078354106295309123e+01,1.370801046660742983e+00,1.042253490031062491e+00,3.828894505667157673e-03,1.762067214682116269e-18
6.017718265887445887e+04,3.481262600069793223e+01,1.011486418088888968e+03,1.153858297473229477e+01,2.084924307158066270e+01,1.376563432911603879e+00,1.044436882027938385e+00,3.799639445156666791e-03,1.824829659802220939e-18
6.008417872065179108e+04,3.492488209885367212e+01,1.012044098095792833e+03,1.157702469203524309e+01,2.091512050854426974e+01,1.382343468148517829e+00,1.046622790021214389e+00,3.770640103842906946e-03,1.889755398239523500e-18
5.999117478242912330e+04,3.503744119046682926e+01,1.012601725373196359e+03,1.161557311840851625e+01,2.098117375559563058e+01,1.388141197715683672e+00,1.048811224613541260e+00,3.741894132188271129e-03,1.956916442262554284e-18
5.989817084420645551e+04,3.515030394671824610e+01,1.013159299978639524e+03,1.165422848896689523e+01,2.104740319518672464e+01,1.393956667007778538e+00,1.051002196357087914e+00,3.713399201021238324e-03,2.026387114337356746e-18
5.980516690598378773e+04,3.526347103995580312e+01,1.013716821969557031e+03,1.169299103926184458e+01,2.111380921045758186e+01,1.399789921476051191e+00,1.053195715758542761e+00,3.685153001484708229e-03,2.098244118365277233e-18
5.961915902953845216e+04,3.549072093262546446e+01,1.014831708337029795e+03,1.177083862352743893e+01,2.124715250413393974e+01,1.411509967991640968e+00,1.057590439309990638e+00,3.629397662313321293e-03,2.249436287554330609e-18
5.943315115309311659e+04,3.571919627066166925e+01,1.015946384933002832e+03,1.184911776456907084e+01,2.138120671580250232e+01,1.423301701897255134e+00,1.061995478348305433e+00,3.574610044321959931e-03,2.411157052704966237e-18
5.924714327664777375e+04,3.594890247503077774e+01,1.017060852213208477e+03,1.192783036288816234e+01,2.151597493587394183e+01,1.435165488670800737e+00,1.066410915204791143e+00,3.520772393676966597e-03,2.584113546187482388e-18
5.906113540020243818e+04,3.617984498553527573e+01,1.018175110631738676e+03,1.200697832613059290e+01,2.165146026602290519e+01,1.447101694637373592e+00,1.070836831475603157e+00,3.467867269099962277e-03,2.769058606821790649e-18
5.887512752375710261e+04,3.641202926086927505e+01,1.019289160641059311e+03,1.208656356910143437e+01,2.178766581921730605e+01,1.459110686973976945e+00,1.075273308037028919e+00,3.415877537867294429e-03,2.966793616315686164e-18
5.868911964731176704e+04,3.664546077867424856e+01,1.020403002692024302e+03,1.216658801377779220e+01,2.192459471975868723e+01,1.471192833709842995e+00,1.079720425056175825e+00,3.364786371715571770e-03,3.178171504284856910e-18
5.783324478438118967e+04,3.773577422630612688e+01,1.025525437919420028e+03,1.254051780191706200e+01,2.256405398187419920e+01,1.527739398897721035e+00,1.100322223910009001e+00,3.140819708979283257e-03,4.353859540638216650e-18
5.697736992145061231e+04,3.885315179622648429e+01,1.030643523087722315e+03,1.292397728257690304e+01,2.321920319144502898e+01,1.585878791719353975e+00,1.121158523864127510e+00,2.934006620136340570e-03,5.945820371270080989e-18
5.612149505852003495e+04,3.999814284336713399e+01,1.035757300851746095e+03,1.331715960299193036e+01,2.389035609629329215e+01,1.645647588950956752e+00,1.142236615066926531e+00,2.742940062478764918e-03,8.094806610278517665e-18
5.526562019558946486e+04,4.117130549708851817e+01,1.040866813205040444e+03,1.372026118233400815e+01,2.457783166374676043e+01,1.707082781579194908e+00,1.163563540726094914e+00,2.566328700573218460e-03,1.098691098883181160e-17
5.440974533265888749e+04,4.237320677770005517e+01,1.045972101500937015e+03,1.413348173840066302e+01,2.528195413836148120e+01,1.770221789150688174e+00,1.185146123265309548e+00,2.402988523107519973e-03,1.486744397879531259e-17
5.355387046972831013e+04,4.360442271358635224e+01,1.051073206471532558e+03,1.455702431579907419e+01,2.600305309946934784e+01,1.835102474751705737e+00,1.206990988829802491e+00,2.251834737661634334e-03,2.005883560480041808e-17
5.235256592571584770e+04,4.538312623681781588e+01,1.058226129050881582e+03,1.516931527030961746e+01,2.704446519659089887e+01,1.929180266899023000e+00,1.238107155528046510e+00,2.058347482963786453e-03,3.038962766920617610e-17
5.115126138170338527e+04,4.722238537432365746e+01,1.065370998089221985e+03,1.580293070877560169e+01,2.812092768463162429e+01,2.026872447029080426e+00,1.269770080679205382e+00,1.884453205126532423e-03,4.578061683142108769e-17
4.994995683769091556e+04,4.912388553218688969e+01,1.072507920395355768e+03,1.645846598052698084e+01,2.923340646022670342e+01,2.128288495845729322e+00,1.301996625651036021e+00,1.727969939425969730e-03,6.858371160581495400e-17
4.874865229367845313e+04,5.108934930121578333e+01,1.079637000638947256e+03,1.713652994941324792e+01,3.038288922139069115e+01,2.233539902741999761e+00,1.334803255738901351e+00,1.586971932050084202e-03,1.021855129328174935e-16
4.754734774966599070e+04,5.312053711852894367e+01,1.086758341411292122e+03,1.783774519031327799e+01,3.157038579995131400e+01,2.342740247338521709e+00,1.368206121458175106e+00,1.459759462249473217e-03,1.514369777770267773e-16
4.634604320565352828e+04,5.521924793547022148e+01,1.093872043280479829e+03,1.856274819367970963e+01,3.279692850123986858e+01,2.456005278797858349e+00,1.402221129843882474e+00,1.344831908855975396e-03,2.232509584188081912e-16
4.514473866164105857e+04,5.738731989221629703e+01,1.100978204841737806e+03,1.931218957752624377e+01,3.406357245097454722e+01,2.573452992925327809e+00,1.436864006953629147e+00,1.240863838390582688e-03,3.274291034902920917e-16
4.331196478133740311e+04,6.083294324706609046e+01,1.111805432434348404e+03,2.050417086460446470e+01,3.607574056052953182e+01,2.760969087281420986e+00,1.490961986578933418e+00,1.100748049117124348e-03,5.816424917525124488e-16
4.147919090103374037e+04,6.445124629023841578e+01,1.122615668479460965e+03,2.175701387631765371e+01,3.818770013512013861e+01,2.958939613668479574e+00,1.546612786978288634e+00,9.798781688682704945e-04,1.021493111007129243e-15
3.964641702073007764e+04,6.824930633166603400e+01,1.133409237967552144e+03,2.307322648595727799e+01,4.040351696076248800e+01,3.167816195437230142e+00,1.603871402432438975e+00,8.752870864770133591e-04,1.774186224199549773e-15
3.781364314042641490e+04,7.223443208768989621e+01,1.144186456290184651e+03,2.445539943189123022e+01,4.272739059597632405e+01,3.388064553365668363e+00,1.662793001822012284e+00,7.845046540683056971e-04,3.048503128365125182e-15
3.598086926012275217e+04,7.641416966376843334e+01,1.154947629505789564e+03,2.590620836898195378e+01,4.516365763217110896e+01,3.620165040285599378e+00,1.723433152785377676e+00,7.054695544937173443e-04,5.183609593996602758e-15
3.414809537981909671e+04,8.079630864673450219e+01,1.165693054584771744e+03,2.742841597844470769e+01,4.771679504391207871e+01,3.864613160176823214e+00,1.785848006890244921e+00,6.364573067539007045e-04,8.725011017900386713e-15
3.231532149951543397e+04,8.538888830991598411e+01,1.176423019637064954e+03,2.902487413232487867e+01,5.039142362743910297e+01,4.121920074952408974e+00,1.850094453742122003e+00,5.760214584328289360e-04,1.454162852222707805e-14
3.048254761921177123e+04,9.020020393448733387e+01,1.187137804124488412e+03,3.069852611079722138e+01,5.319231152475639135e+01,4.392613102568954986e+00,1.916230250843357075e+00,5.229455213899435097e-04,2.400459242728390476e-14
2.990644199426661362e+04,9.175911150132908745e+01,1.190502747241005636e+03,3.124104146805287030e+01,5.409959083656085710e+01,4.480552895999364793e+00,1.937418686563678660e+00,5.076141522993887940e-04,2.804641939698048854e-14
2.933033636932145237e+04,9.334074644891904882e+01,1.193866225502363022e+03,3.179157971898044011e+01,5.501998621837908132e+01,4.569886188664750826e+00,1.958801443862621783e+00,4.928790321069332096e-04,3.273889276991485674e-14
2.875423074437629475e+04,9.494538265775653940e+01,1.197228247075857098e+03,3.235023807394396300e+01,5.595365510112704044e+01,4.660630390436438120e+00,1.980380379065150853e+00,4.787131839113140433e-04,3.818189867592147562e-14
2.863900961938754699e+04,9.526909433988312514e+01,1.197900477301128831e+03,3.246295277884249941e+01,5.614199565948307935e+01,4.678950083923139047e+00,1.984719871584037065e+00,4.759460503311324772e-04,3.937035841952177569e-14
2.852378849439879559e+04,9.559373935100057906e+01,1.198572649646971058e+03,3.257599700119624941e+01,5.633087479058077207e+01,4.697327057893314617e+00,1.989067300869441723e+00,4.732004607584923504e-04,4.059435644565917953e-14
2.840856736941004783e+04,9.591931992065676127e+01,1.199244764177579555e+03,3.268937153242607963e+01,5.652029377599480142e+01,4.715761454085194870e+00,1.993422681931892759e+00,4.704762187484660095e-04,4.185491121145170969e-14
2.829334624442130007e+04,9.624583828271293839e+01,1.199916820957023901e+03,3.280307716549159380e+01,5.671025389977857856e+01,4.734253414512646252e+00,1.997786029800230345e+00,4.677731298799235973e-04,4.315306906875934494e-14
2.829332320019650069e+04,9.624590368035133281e+01,1.199916955362606586e+03,3.280309993979437877e+01,5.671029194602480317e+01,4.734257118672719145e+00,1.997786903268020220e+00,4.677725913653020843e-04,4.315333253259271028e-14
2.829330015597170495e+04,9.624596907802734336e+01,1.199917089768186997e+03,3.280312271411042957e+01,5.671032999229277038e+01,4.734260822835088867e+00,1.997787776736154042e+00,4.677720528515323206e-04,4.315359599797130267e-14
2.829327711174690558e+04,9.624603447574094162e+01,1.199917224173765135e+03,3.280314548843975331e+01,5.671036803858244468e+01,4.734264526999732325e+00,1.997788650204618044e+00,4.677715143385971215e-04,4.315385946489782948e-14
2.829325406752210984e+04,9.624609987349214180e+01,1.199917358579340998e+03,3.280316826278240683e+01,5.671040608489376922e+01,4.734268231166765872e+00,1.997789523673358048e+00,4.677709758264835308e-04,4.315412293337183002e-14
2.829323102329731410e+04,9.624616527128094390e+01,1.199917492984914588e+03,3.280319103713823381e+01,5.671044413122684347e+01,4.734271935336014536e+00,1.997790397142478858e+00,4.677704373152338324e-04,4.315438640339262271e-14
2.829318493484700957e+04,9.624629606693373773e+01,1.199917761796056993e+03,3.280323658587703051e+01,5.671052022393583769e+01,4.734279343679712149e+00,1.997792144080821508e+00,4.677693602946548287e-04,4.315491334807901480e-14
2.829313884639670869e+04,9.624642686273693926e+01,1.199918030607190076e+03,3.280328213466894738e+01,5.671059631673158918e+01,4.734286752032678791e+00,1.997793891020430923e+00,4.677682832774363096e-04,4.315544029895366727e-14
2.829309275794640780e+04,9.624655765869054846e+01,1.199918299418314064e+03,3.280332768351392758e+01,5.671067240961416900e+01,4.734294160394819428e+00,1.997795637961311321e+00,4.677672062635437433e-04,4.315596725601794329e-14
2.829263187344622202e+04,9.624786562649896382e+01,1.199920987529045760e+03,3.280378317488458606e+01,5.671143334321340035e+01,4.734368244524073788e+00,1.997813107440535418e+00,4.677564363092372732e-04,4.316123716703379991e-14
2.829217098894603259e+04,9.624917360934809096e+01,1.199923675638854320e+03,3.280423867156560647e+01,5.671219428549152752e+01,4.734442329576689978e+00,1.997830577047530642e+00,4.677456666903483150e-04,4.316650769696377676e-14
2.829171010444584681e+04,9.625048160723805779e+01,1.199926363747739970e+03,3.280469417355713801e+01,5.671295523644867842e+01,4.734516415552607604e+00,1.997848046782185971e+00,4.677348974067478487e-04,4.317177884588489821e-14
2.829124921994566103e+04,9.625178962016903483e+01,1.199929051855702710e+03,3.280514968085922334e+01,5.671371619608490988e+01,4.734590502451869298e+00,1.997865516644540484e+00,4.677241284584567451e-04,4.317705061386363686e-14
2.828664037494591321e+04,9.626487057676483516e+01,1.199955932884566209e+03,3.280970504596947990e+01,5.672132626981515102e+01,4.735331422230018461e+00,1.998040222292711610e+00,4.676164574159595100e-04,4.322980235715098157e-14
2.828203152994616539e+04,9.627795303761762113e+01,1.199982813821136006e+03,3.281426094218776512e+01,5.672893721154482449e+01,4.736072434351870974e+00,1.998214940713233245e+00,4.675088198925227406e-04,4.328261608296578445e-14
2.828160995663271024e+04,9.627914977182615530e+01,1.199985272628985967e+03,3.281467769876414309e+01,5.672963343145134019e+01,4.736140219704229715e+00,1.998230922930508413e+00,4.674989759082489628e-04,4.328745007689486297e-14
2.828118838331925872e+04,9.628034651862191140e+01,1.199987731436063768e+03,3.281509445978469586e+01,5.673032965862106636e+01,4.736208005829254830e+00,1.998246905254632333e+00,4.674891322042848689e-04,4.329228459006270324e-14
2.828076681000580356e+04,9.628154327800497470e+01,1.199990190242369408e+03,3.281551122524944475e+01,5.673102589305400301e+01,4.736275792727034251e+00,1.998262887685657407e+00,4.674792887806889516e-04,4.329711962251794327e-14
2.827992366337889689e+04,9.628393683453343499e+01,1.199995107852664205e+03,3.281634476951173696e+01,5.673241838370982748e+01,4.736411368840753866e+00,1.998294852868289562e+00,4.674596027744092009e-04,4.330679124551472224e-14
2.827978781103242000e+04,9.628432250202115483e+01,1.199995900204351756e+03,3.281647907633596617e+01,5.673264275205588802e+01,4.736433213886845905e+00,1.998300003311458628e+00,4.674564309634537712e-04,4.330834978409238733e-14
2.827965195868593946e+04,9.628470817081604594e+01,1.199996692555959271e+03,3.281661338362171421e+01,5.673286712115620389e+01,4.736455059013207070e+00,1.998305153765699060e+00,4.674532591815829864e-04,4.330990837661533354e-14
2.827951610633945893e+04,9.628509384091810830e+01,1.199997484907486523e+03,3.281674769136896685e+01,5.673309149101081061e+01,4.736476904219782291e+00,1.998310304231080137e+00,4.674500874288653679e-04,4.331146702308234919e-14
2.827924440164720727e+04,9.628586518504381786e+01,1.199999069610300467e+03,3.281701630824811389e+01,5.673354023298290372e+01,4.736520594873669943e+00,1.998320605195060162e+00,4.674437440106767472e-04,4.331458447786578597e-14
2.827919006070847536e+04,9.628601945449641164e+01,1.199999386550824738e+03,3.281707003184547489e+01,5.673362998173936944e+01,4.736529333042998502e+00,1.998322665393211794e+00,4.674424753410282452e-04,4.331520799471768325e-14
2.827913571976973981e+04,9.628617372415814657e+01,1.199999703491336277e+03,3.281712375551666838e+01,5.673371973061654217e+01,4.736538071225091073e+00,1.998324725593106699e+00,4.674412066760129728e-04,4.331583152020339177e-14
2.827909560994945787e+04,9.628628759298270268e+01,1.199999937429627835e+03,3.281716340978993429e+01,5.673378597565137227e+01,4.736544521012773679e+00,1.998326246258326888e+00,4.674402702601857689e-04,4.331629175877008117e-14
2.827909029064145943e+04,9.628630269410811593e+01,1.199999968454194914e+03,3.281716866868470817e+01,5.673379476097581886e+01,4.736545376374743377e+00,1.998326447926734861e+00,4.674401460741149455e-04,4.331635279531589440e-14
2.827908497133346464e+04,9.628631779523551870e+01,1.199999999478761765e+03,3.281717392758016416e+01,5.673380354630143074e+01,4.736546231736832091e+00,1.998326649595174143e+00,4.674400218881037531e-04,4.331641383194415937e-14
2.827908475856148289e+04,9.628631839928060288e+01,1.200000000720247726e+03,3.281751480221187478e+01,5.673346263275041679e+01,4.736887472775713981e+00,1.997986261551316423e+00,4.672299912355453539e-04,4.333207675024860167e-14
2.827908454578950477e+04,9.628631900332570126e+01,1.200000001961733460e+03,3.281751501257165415e+01,5.673346298415946620e+01,4.736887506994186481e+00,1.997986269614101307e+00,4.672299862642039273e-04,4.333207919362126559e-14
2.827908433301752302e+04,9.628631960737079964e+01,1.200000003203219194e+03,3.281751522293146195e+01,5.673346333556848720e+01,4.736887541212663422e+00,1.997986277676862654e+00,4.672299812928275894e-04,4.333208163699553879e-14
2.827908412024554127e+04,9.628632021141591224e+01,1.200000004444704928e+03,3.281751543329126264e+01,5.673346368697750819e+01,4.736887575431152797e+00,1.997986285739615564e+00,4.672299763214577024e-04,4.333208408037007704e-14
2.827908390747356316e+04,9.628632081546101062e+01,1.200000005686190661e+03,3.281751564365105622e+01,5.673346403838657892e+01,4.736887609649605757e+00,1.997986293802392010e+00,4.672299713500984949e-04,4.333208652374373808e-14
2.827908348192889389e+04,9.628632202355123582e+01,1.200000008169162356e+03,3.281751606437065050e+01,5.673346474120467064e+01,4.736887678086546316e+00,1.997986309927929360e+00,4.672299614073631663e-04,4.333209141049304809e-14
2.827908305638422462e+04,9.628632323164148943e+01,1.200000010652134051e+03,3.281751648509025188e+01,5.673346544402276237e+01,4.736887746523509080e+00,1.997986326053464046e+00,4.672299514646449680e-04,4.333209629724159449e-14
2.827908263083955899e+04,9.628632443973172883e+01,1.200000013135105746e+03,3.281751690580986036e+01,5.673346614684085409e+01,4.736887814960453191e+00,1.997986342178998731e+00,4.672299415219069831e-04,4.333210118399215405e-14
2.827907837539287721e+04,9.628633652063494708e+01,1.200000037964822241e+03,3.281752111300618679e+01,5.673347317502233267e+01,4.736888499329923619e+00,1.997986503434340699e+00,4.672298420946022690e-04,4.333215005152076552e-14
2.827907411994619542e+04,9.628634860153943009e+01,1.200000062794538735e+03,3.281752532020299640e+01,5.673348020320459284e+01,4.736889183699442007e+00,1.997986664689682001e+00,4.672297426673082343e-04,4.333219891910370111e-14
2.827906986449951728e+04,9.628636068244520629e+01,1.200000087624255229e+03,3.281752952740022522e+01,5.673348723138752092e+01,4.736889868069108722e+00,1.997986825945053724e+00,4.672296432400664581e-04,4.333224778673911804e-14
2.827902731003554072e+04,9.628648149157352520e+01,1.200000335921414717e+03,3.281757159939755297e+01,5.673355751325791374e+01,4.736896711769725599e+00,1.997988438499310071e+00,4.672286489691795356e-04,4.333273646600237912e-14
2.827898475557156416e+04,9.628660230083011129e+01,1.200000584218566019e+03,3.281761367144018493e+01,5.673362779520228116e+01,4.736903555478279237e+00,1.997990051054650440e+00,4.672276547011454200e-04,4.333322515056628061e-14
2.827894220110758761e+04,9.628672311021493613e+01,1.200000832515709362e+03,3.281765574352808557e+01,5.673369807722065161e+01,4.736910399194664834e+00,1.997991663611059732e+00,4.672266604359572267e-04,4.333371384043228033e-14
2.827851665647064874e+04,9.628793121111709752e+01,1.200003315486694646e+03,3.281807646689754421e+01,5.673440090147465042e+01,4.736978836791657876e+00,1.998007789235249909e+00,4.672167179417636637e-04,4.333860103057989088e-14
2.827809111183371351e+04,9.628913932484454108e+01,1.200005798456866842e+03,3.281849719479527039e+01,5.673510373312917210e+01,4.737047275176033523e+00,1.998023914968292791e+00,4.672067757338868609e-04,4.334348875078078889e-14
2.827766556719677465e+04,9.629034745139735207e+01,1.200008281426225949e+03,3.281891792722126411e+01,5.673580657218428058e+01,4.737115714347747364e+00,1.998040040810219464e+00,4.671968338123029659e-04,4.334837700108874311e-14
2.827724002255983942e+04,9.629155559077565840e+01,1.200010764394771968e+03,3.281933866417558221e+01,5.673650941864008956e+01,4.737184154306754102e+00,1.998056166760999730e+00,4.671868921770046604e-04,4.335326578156013502e-14
2.827298457619117835e+04,9.630363768998634555e+01,1.200035594035515487e+03,3.282354628278537945e+01,5.674353829024858697e+01,4.737868597203469534e+00,1.998217432257263448e+00,4.670874915682926174e-04,4.340218275735046377e-14
2.826872912982251728e+04,9.631572107187142251e+01,1.200060423594959047e+03,3.282775435427154065e+01,5.675056790199463563e+01,4.738553118843696232e+00,1.998378708641909807e+00,4.669881195785624333e-04,4.345115281011555818e-14
2.826447368345385621e+04,9.632780573654380873e+01,1.200085253073107424e+03,3.283196287867411201e+01,5.675759825394310809e+01,4.739237719234649759e+00,1.998539995915723511e+00,4.668887761981516441e-04,4.350017599510510930e-14
2.826021823708519878e+04,9.633989168411642368e+01,1.200110082469965391e+03,3.283617185603318234e+01,5.676462934615887690e+01,4.739922398383479063e+00,1.998701294079413771e+00,4.667894614173518156e-04,4.354925236762621198e-14
2.821766377339859173e+04,9.646082174420081401e+01,1.200358371968646679e+03,3.287828655105374054e+01,5.683498099729985853e+01,4.746773523136574191e+00,2.000314874826146561e+00,4.657978844607770235e-04,4.404295361391357449e-14
2.817510930971198832e+04,9.658188021856814487e+01,1.200606653343644894e+03,3.292044658584147498e+01,5.690540674659386156e+01,4.753632531584131904e+00,2.001929545391792686e+00,4.648091568432755104e-04,4.454203486083871221e-14
2.813255484602538127e+04,9.670306722026218438e+01,1.200854926599820146e+03,3.296265200052933864e+01,5.697590665901517326e+01,4.760499430917524144e+00,2.003545306531179904e+00,4.638232689439998634e-04,4.504655233086426522e-14
2.809000038233877785e+04,9.682438286240657987e+01,1.201103191742029594e+03,3.300490283527866353e+01,5.704648079958393225e+01,4.767374228333341790e+00,2.005162158999432620e+00,4.628402111789549724e-04,4.555656280837507507e-14
2.804744591865217444e+04,9.694582725820572477e+01,1.201351448775126300e+03,3.304719913027964395e+01,5.711712923336669689e+01,4.774256931033256990e+00,2.006780103552063821e+00,4.618599740007922486e-04,4.607212364503509310e-14
2.765005632706035249e+04,9.808615658779466173e+01,1.203669375790273762e+03,3.344437964335853053e+01,5.778046905293626168e+01,4.838913117515319051e+00,2.021941933400609681e+00,4.528405838797167461e-04,5.116534142778928890e-14
2.725266673546853053e+04,9.923781643879284786e+01,1.205986600002717523e+03,3.384556092931949678e+01,5.845034655997577744e+01,4.904265208964885936e+00,2.037199681770384352e+00,4.440587622565546930e-04,5.679769694349027691e-14
2.685527714387670858e+04,1.004009000223604176e+02,1.208303125319144101e+03,3.425077608223136849e+01,5.912681532909103055e+01,4.970319135753959117e+00,2.052553968104006810e+00,4.355071799877359949e-04,6.302370192041699363e-14
2.645788755228488662e+04,1.015755011694406846e+02,1.210618955619246435e+03,3.466005841736082971e+01,5.980992929084082732e+01,5.037080868048522397e+00,2.068005414426957067e+00,4.271787634730245557e-04,6.990311785348047581e-14
2.606049796069306467e+04,1.027617143340310975e+02,1.212934094756075410e+03,3.507344147233452247e+01,6.049974273358900234e+01,5.104556416042054678e+00,2.083554645380580439e+00,4.190666848563104991e-04,7.750143599977344360e-14
2.566310836910124272e+04,1.039596345964485096e+02,1.215248546556385236e+03,3.549095900829949102e+01,6.119631030535391147e+01,5.172751830187920064e+00,2.099202288254485627e+00,4.111643526317135928e-04,8.589039888176054006e-14
2.445967906900633170e+04,1.076597300772090620e+02,1.222253331072426590e+03,3.678090971113349639e+01,6.334751274262290366e+01,5.383723836578652389e+00,2.147195338015229993e+00,3.884488586501259411e-04,1.169600085058333260e-13
2.325624976891142069e+04,1.114707646163391814e+02,1.229251950987128112e+03,3.811004665094830557e+01,6.556271101091333264e+01,5.601525170463898640e+00,2.196114349074439698e+00,3.674349390359879443e-04,1.586845132094246731e-13
2.205282046881650604e+04,1.153954859644723143e+02,1.236244508368955394e+03,3.947934569016332773e+01,6.784348432701185061e+01,5.826330767473861805e+00,2.245977205796109377e+00,3.479740269676264547e-04,2.145187302617629989e-13
2.084939116872159502e+04,1.194366968000811937e+02,1.243231103291349882e+03,4.088980229142852352e+01,7.019144343409490716e+01,6.058319107418763672e+00,2.296802034964408268e+00,3.299321742905807859e-04,2.889733855162824213e-13
1.964596186862668037e+04,1.235972555936482138e+02,1.250211833907599157e+03,4.234243182542947181e+01,7.260823109311880330e+01,6.297672274157659622e+00,2.348607212468637240e+00,3.131884732545801072e-04,3.879182180981405896e-13
1.844253256853176936e+04,1.278800774821691277e+02,1.257186796522218856e+03,4.383826988250329038e+01,7.509552258053390972e+01,6.544576015790584123e+00,2.401411369678839058e+00,2.976336619808814623e-04,5.189664577313771129e-13
1.723910326843685471e+04,1.322881351537444345e+02,1.264156085659168639e+03,4.537837258796317030e+01,7.765502619213350499e+01,6.799219805201011546e+00,2.455233399555130980e+00,2.831688909249056104e-04,6.919610012871589528e-13
1.507192724146581531e+04,1.405518710815682368e+02,1.276692603763295210e+03,4.826692785969775201e+01,8.245196669278055879e+01,7.277930630394990885e+00,2.554786310151609730e+00,2.595885421617964098e-04,1.152099919881789532e-12
1.290475121449477228e+04,1.492498034139701986e+02,1.289211551430237478e+03,5.130900290079851089e+01,8.749921324100989750e+01,7.783531833391292842e+00,2.657816638195722447e+00,2.388005728450640585e-04,1.898468566952337680e-12
1.119730571851199238e+04,1.564207208434908409e+02,1.299062772558046163e+03,5.381824843066216602e+01,9.165912958556624801e+01,8.201602205147416669e+00,2.741516486976509626e+00,2.241351357113216373e-04,2.794008515156649345e-12
1.119728801798864333e+04,1.564207966721905905e+02,1.299062874628366217e+03,5.381827497023410700e+01,9.165917356892080647e+01,8.201606631609848819e+00,2.741517366432162373e+00,2.241349908442835941e-04,2.794019619267265992e-12
1.119727031746529610e+04,1.564208725009215755e+02,1.299062976698685134e+03,5.381830150981713956e+01,9.165921755229328483e+01,8.201611058074314897e+00,2.741518245888070915e+00,2.241348459773943847e-04,2.794030723420075311e-12
1.119725261694194705e+04,1.564209483296837959e+02,1.299063078769002914e+03,5.381832804941120685e+01,9.165926153568388202e+01,8.201615484540576873e+00,2.741519125344196173e+00,2.241347011106348459e-04,2.794041827615291774e-12
1.119723491641859800e+04,1.564210241584772518e+02,1.299063180839319557e+03,5.381835458901634439e+01,9.165930551909241331e+01,8.201619911008874553e+00,2.741520004800611421e+00,2.241345562440328688e-04,2.794052931852755032e-12
1.119721721589524896e+04,1.564210999873019432e+02,1.299063282909635063e+03,5.381838112863246693e+01,9.165934950251896396e+01,8.201624337479071158e+00,2.741520884257270474e+00,2.241344113775695069e-04,2.794064036132497801e-12
1.119718181484855268e+04,1.564212516450138253e+02,1.299063487050264030e+03,5.381843420788722909e+01,9.165943746940769188e+01,8.201633190423747166e+00,2.741522643170686280e+00,2.241341216449278470e-04,2.794086244819141761e-12
1.119714641380185458e+04,1.564214033028506776e+02,1.299063691190888676e+03,5.381848728718615860e+01,9.165952543636856831e+01,8.201642043376098812e+00,2.741524402085157242e+00,2.241338319128544716e-04,2.794108453675053612e-12
1.119711101275515648e+04,1.564215549608124434e+02,1.299063895331508775e+03,5.381854036652930517e+01,9.165961340340130903e+01,8.201650896336314389e+00,2.741526161000580775e+00,2.241335421813614155e-04,2.794130662700071391e-12
1.119675700228464666e+04,1.564230715473026407e+02,1.299065936737465336e+03,5.381907116239133870e+01,9.166049307769043253e+01,8.201739426364138552e+00,2.741543750209045616e+00,2.241306448978342553e-04,2.794352762259155623e-12
1.119640299181413502e+04,1.564245881462881584e+02,1.299067978142977154e+03,5.381960196267304752e+01,9.166137275918096350e+01,8.201827957167722616e+00,2.741561339515955709e+00,2.241277476715036385e-04,2.794574878742712233e-12
1.119604898134362520e+04,1.564261047577691386e+02,1.299070019548044456e+03,5.382013276737451690e+01,9.166225244787328563e+01,8.201916488746780587e+00,2.741578928921250657e+00,2.241248505023403731e-04,2.794797012152297031e-12
1.119569497087311356e+04,1.564276213817455812e+02,1.299072060952667016e+03,5.382066357649568999e+01,9.166313214376722840e+01,8.202005021101467008e+00,2.741596518424980200e+00,2.241219533903623484e-04,2.795019162488948435e-12
1.119215486617083661e+04,1.564427883087819282e+02,1.299092474974438119e+03,5.382597191079965171e+01,9.167192949881017228e+01,8.202890387307537168e+00,2.741772418876307071e+00,2.240929854152061212e-04,2.797241597117651612e-12
1.118861476146855784e+04,1.564579564854632565e+02,1.299112888951747209e+03,5.383128068711101832e+01,9.168072757407570350e+01,8.203775831079417102e+00,2.741948329171198129e+00,2.240640231565881664e-04,2.799465725814431955e-12
1.118507465676627908e+04,1.564731259118754281e+02,1.299133302884596105e+03,5.383658990546006606e+01,9.168952636961314795e+01,8.204661352422524701e+00,2.742124249310284423e+00,2.240350666131758100e-04,2.801691549813711935e-12
1.118153455206400031e+04,1.564882965881041912e+02,1.299153716772987309e+03,5.384189956587748327e+01,9.169832588547170360e+01,8.205546951342459039e+00,2.742300179293965190e+00,2.240061157836106007e-04,2.803919070350918511e-12
1.114613350503980291e+04,1.566400721091861215e+02,1.299357853212187592e+03,5.389502049051880306e+01,9.178636067256978492e+01,8.214407208469705068e+00,2.744060020703555036e+00,2.237169214549148365e-04,2.826287857707984025e-12
1.111073245801560552e+04,1.567919727063513449e+02,1.299561985207961925e+03,5.394818565555242174e+01,9.187446754603416821e+01,8.223275229304583434e+00,2.745820847160309164e+00,2.234282970376957260e-04,2.848827664168904693e-12
1.107533141099140812e+04,1.569439984654857767e+02,1.299766112762456714e+03,5.400139509150722716e+01,9.196264655520892006e+01,8.232151019333132425e+00,2.747582659192405963e+00,2.231402411954439154e-04,2.871539739354447199e-12
1.103993036396721072e+04,1.570961494725229102e+02,1.299970235877816776e+03,5.405464882892909628e+01,9.205089774946580405e+01,8.241034584044120592e+00,2.749345457328403519e+00,2.228527525952889588e-04,2.894425341584236133e-12
1.103992328375787110e+04,1.570961799152598246e+02,1.299970276701995772e+03,5.405465948411053034e+01,9.205091540692936292e+01,8.241036361535169164e+00,2.749345809986735389e+00,2.228526951542264458e-04,2.894429936145149021e-12
1.103991620354853148e+04,1.570962103580017981e+02,1.299970317526174767e+03,5.405467013929371234e+01,9.205093306439580658e+01,8.241038139026549914e+00,2.749346162645083247e+00,2.228526377131808192e-04,2.894434530713180187e-12
1.103990912333919186e+04,1.570962408007487738e+02,1.299970358350353536e+03,5.405468079447869911e+01,9.205095072186512084e+01,8.241039916518273500e+00,2.749346515303517258e+00,2.228525802721683963e-04,2.894439125288076789e-12
1.103990204312985406e+04,1.570962712435007518e+02,1.299970399174532076e+03,5.405469144966542672e+01,9.205096837933739096e+01,8.241041694010231566e+00,2.749346867961971697e+00,2.228525228311696886e-04,2.894443719870023410e-12
1.103989496292051444e+04,1.570963016862577319e+02,1.299970439998710390e+03,5.405470210485393778e+01,9.205098603681256009e+01,8.241043471502532469e+00,2.749347220620471877e+00,2.228524653902003627e-04,2.894448314458941694e-12
1.103988080250183521e+04,1.570963625717817536e+02,1.299970521647066789e+03,5.405472341523456947e+01,9.205102135176851164e+01,8.241047026487807514e+00,2.749347925937463799e+00,2.228523505083015825e-04,2.894457503657821687e-12
1.103986664208315597e+04,1.570964234573258409e+02,1.299970603295422507e+03,5.405474472562225685e+01,9.205105666673600240e+01,8.241050581474365089e+00,2.749348631254647568e+00,2.228522356264964232e-04,2.894466692884607717e-12
1.103985248166447673e+04,1.570964843428899655e+02,1.299970684943777542e+03,5.405476603601709940e+01,9.205109198171507501e+01,8.241054136462174995e+00,2.749349336571953462e+00,2.228521207447714135e-04,2.894475882139422568e-12
1.103971087747627280e+04,1.570970931996341449e+02,1.299971501427289013e+03,5.405497914035523621e+01,9.205144513214170843e+01,8.241089686408374249e+00,2.749356389753998542e+00,2.228509719325952744e-04,2.894567776225497746e-12
1.103956927328806887e+04,1.570977020583837032e+02,1.299972317910729544e+03,5.405519224540265810e+01,9.205179828372408224e+01,8.241125236479074800e+00,2.749363442951849201e+00,2.228498231294702989e-04,2.894659673108427287e-12
1.103942766909986312e+04,1.570983109191385836e+02,1.299973134394099134e+03,5.405540535115949297e+01,9.205215143646215381e+01,8.241160786674292638e+00,2.749370496165418398e+00,2.228486743353861330e-04,2.894751572788265717e-12
1.103801162721923538e+04,1.571043996369833451e+02,1.299981299223889664e+03,5.405753644774014788e+01,9.205568302741066589e+01,8.241516295473042319e+00,2.749441029169709338e+00,2.228371868926253257e-04,2.895670723433857440e-12
1.103659558533860763e+04,1.571104885553698125e+02,1.299989464046581134e+03,5.405966761525470332e+01,9.205921473393865995e+01,8.241871816720525601e+00,2.749511563752663257e+00,2.228257003552052893e-04,2.896590153859119832e-12
1.103517954345797807e+04,1.571165776743034428e+02,1.299997628862173769e+03,5.406179885370517013e+01,9.206274655604923396e+01,8.242227350417152820e+00,2.749582099914293032e+00,2.228142147230439496e-04,2.897509864145541494e-12
1.103489633508157021e+04,1.571177955221563138e+02,1.299999261824440509e+03,5.406222510990769337e+01,9.206345293434154087e+01,8.242298458650392234e+00,2.749596207336082898e+00,2.228119177052380871e-04,2.897693839793339001e-12
1.103486285314529232e+04,1.571179395011409952e+02,1.299999454879229688e+03,5.406227550367202639e+01,9.206353644528810776e+01,8.242306865360285784e+00,2.749597875171566397e+00,2.228116461457266371e-04,2.897715590811615334e-12
1.103482937120901443e+04,1.571180834802377717e+02,1.299999647934014774e+03,5.406232589747595085e+01,9.206361995629926298e+01,8.242315272077142652e+00,2.749599543007950064e+00,2.228113745867387483e-04,2.897737341986324526e-12
1.103479588927273653e+04,1.571182274594467003e+02,1.299999840988795995e+03,5.406237629131952360e+01,9.206370346737507759e+01,8.242323678800937969e+00,2.749601210845230792e+00,2.228111030282495654e-04,2.897759093317597439e-12
1.103472892540018074e+04,1.571185154182007579e+02,1.300000227094037200e+03,5.406275371662357543e+01,9.206359358330846021e+01,8.242617372653654684e+00,2.749328029075869040e+00,2.227165362933837252e-04,2.898415188411997050e-12
1.103466196152762677e+04,1.571188033774030828e+02,1.300000613192367609e+03,5.406285450492137556e+01,9.206376060557954588e+01,8.242634186482680647e+00,2.749331364423228674e+00,2.227159933675050996e-04,2.898458700189563914e-12
1.103459499765507098e+04,1.571190913370539306e+02,1.300000999291543849e+03,5.406295529338164840e+01,9.206392762810541797e+01,8.242651000343258261e+00,2.749334699770305868e+00,2.227154504396881374e-04,2.898502212690582619e-12
1.103452803378251519e+04,1.571193792971533298e+02,1.300001385390704172e+03,5.406305608200054280e+01,9.206409465088981392e+01,8.242667814231658951e+00,2.749338035120919344e+00,2.227149075139018587e-04,2.898545725817707980e-12
1.103385839505554577e+04,1.571222589228147797e+02,1.300005246381426105e+03,5.406406397691485211e+01,9.206576489295005672e+01,8.242835954647418362e+00,2.749371388821223228e+00,2.227094783673369245e-04,2.898980891531901196e-12
1.103318875632857635e+04,1.571251385933271081e+02,1.300009107370547781e+03,5.406507188769346328e+01,9.206743516085938950e+01,8.243004097847419942e+00,2.749404742874522523e+00,2.227040494231129555e-04,2.899416119875297394e-12
1.103251911760160874e+04,1.571280183086908551e+02,1.300012968358068974e+03,5.406607981433651133e+01,9.206910545461826700e+01,8.243172243831578427e+00,2.749438097280923365e+00,2.226986206812354811e-04,2.899851410856341651e-12
1.102582273033403908e+04,1.571568179292826528e+02,1.300051578145262283e+03,5.407615995335990533e+01,9.208580981400011467e+01,8.244853856813207926e+00,2.749771660762084124e+00,2.226443443887353077e-04,2.904207767642092873e-12
1.101912634306646942e+04,1.571856220356611118e+02,1.300090187772431818e+03,5.408624167906245361e+01,9.210251675869896815e+01,8.246535748257921128e+00,2.750105259550548187e+00,2.225900883197803578e-04,2.908570397692721675e-12
1.101242995579889975e+04,1.572144306284060633e+02,1.300128797239591677e+03,5.409632499165027042e+01,9.211922628904800092e+01,8.248217918202628951e+00,2.750438893649783445e+00,2.225358524653663593e-04,2.912939309644070394e-12
1.100573356853133009e+04,1.572432437080999534e+02,1.300167406546755956e+03,5.410640989133043632e+01,9.213593840538177915e+01,8.249900366684599362e+00,2.750772563063384357e+00,2.224816368165437655e-04,2.917314512142920504e-12
1.093876969585775987e+04,1.575316214153930900e+02,1.300553490821763489e+03,5.420734622376843959e+01,9.230320187151453126e+01,8.266740179241114816e+00,2.754111200276358584e+00,2.219405896670374539e-04,2.961414427695932805e-12
1.087180582318418965e+04,1.578204484586318301e+02,1.300939559112808183e+03,5.430844149331533544e+01,9.247072430442193536e+01,8.283607886477710736e+00,2.757453372860550811e+00,2.214015532511133012e-04,3.006152994271677913e-12
1.080484195051061943e+04,1.581097254212010625e+02,1.301325611434049279e+03,5.440969590734871986e+01,9.263850603926961469e+01,8.300503525665510196e+00,2.760799084395466618e+00,2.208645186814040657e-04,3.051539047929215938e-12
1.073787807783704739e+04,1.583994528870978513e+02,1.301711647799631919e+03,5.451110967346436098e+01,9.280654741157384535e+01,8.317427134115792597e+00,2.764148338463607857e+00,2.203294771160947988e-04,3.097581541148927835e-12
1.067091420516347716e+04,1.586896314409378306e+02,1.302097668223687606e+03,5.461268299947904836e+01,9.297484875720583375e+01,8.334378749179833790e+00,2.767501138650211079e+00,2.197964197585706428e-04,3.144289544289004361e-12
1.023316462486065757e+04,1.605977116910487439e+02,1.304620730878483300e+03,5.528062348889184108e+01,9.408147975568421373e+01,8.445885743411524871e+00,2.789506343015045964e+00,2.163600426490044405e-04,3.466675668371479295e-12
9.795415044557837973e+03,1.625252578327811079e+02,1.307143116823565379e+03,5.595544983285560647e+01,9.519932909371532048e+01,8.558601655271184327e+00,2.811664245242926352e+00,2.130056922584949914e-04,3.820611039892861056e-12
9.357665464255016559e+03,1.644724351418289530e+02,1.309664829963209513e+03,5.663722078559182194e+01,9.632849172261454385e+01,8.672537046581066278e+00,2.833975855988463355e+00,2.097310488322940314e-04,4.209034048675786232e-12
8.919915883952196964e+03,1.664394100355689829e+02,1.312185874177003598e+03,5.732599550875185201e+01,9.746906324828913171e+01,8.787702553455106980e+00,2.856442191199849656e+00,2.065338684321808588e-04,4.635142676086439037e-12
8.482166303649377369e+03,1.684263500793753963e+02,1.314706253320155156e+03,5.802183357367146499e+01,9.862113993484835817e+01,8.904108886719276583e+00,2.879064272151009352e+00,2.034119801716716591e-04,5.102416163955505661e-12
8.044416723346557774e+03,1.704334239928973602e+02,1.317225971223790111e+03,5.872479496361373208e+01,9.978481870819172173e+01,9.021766832330467167e+00,2.901843125472236551e+00,2.003632835614889928e-04,5.614638384614114541e-12
6.859386314412467982e+03,1.759691347973771371e+02,1.324043803014333662e+03,6.066399922713045356e+01,1.029939963555416256e+02,9.346644285381573880e+00,2.964302467677017106e+00,1.924616392062193128e-04,7.260414630078393382e-12
5.674355905478379100e+03,1.816570568426828345e+02,1.330856891483593927e+03,6.265706367719427305e+01,1.062908769733182339e+02,9.680992194364481662e+00,3.027938954061597521e+00,1.850437348629240626e-04,9.362803364223133106e-12
4.489325496544290218e+03,1.875006670222649348e+02,1.337665310087539638e+03,6.470522459617188815e+01,1.096774578120274981e+02,1.002503298529449971e+01,3.092773553994096591e+00,1.780747649125674929e-04,1.204134248129656817e-11
3.304295087610200426e+03,1.935035067638169153e+02,1.344469131100390314e+03,6.680974129781030513e+01,1.131557731181611217e+02,1.037899328835545099e+01,3.158827536660969937e+00,1.715228136074782529e-04,1.544499201721364142e-11
2.119264678676111544e+03,1.996691829770012134e+02,1.351268425652512860e+03,6.897189646585174216e+01,1.167278946762379235e+02,1.074310400082324435e+01,3.226122475480264651e+00,1.653585883066906604e-04,1.975891368141860042e-11
9.342342697420223203e+02,2.060013690118491638e+02,1.358063263766829550e+03,7.119299649647295780e+01,1.203959323570229856e+02,1.111760035063285379e+01,3.294680252515539642e+00,1.595551796283246654e-04,2.521270536826052139e-11
0.000000000000000000e+00,2.111276502257657910e+02,1.363416604605124121e+03,7.299142687018830600e+01,1.233651103547983610e+02,1.142109419699491468e+01,3.349863552894051910e+00,1.552508596816195175e-04,3.049931881885977517e-11
