z(m),p_tot(bar),T(K),p_H2O(bar),p_CO2(bar),p_CO(bar),p_H2(bar),p_CH4(bar),p_O2(bar)
0.000000000000000000e+00,2.090394479500000102e+02,3.318880694193897853e+03,7.014902780897358525e+00,1.478863656396320891e+02,2.659416798443336205e+01,1.612058525597936942e-01,3.628121400510767967e-12,2.738280569247403662e+01
8.976174384585438020e+02,2.066016663054233788e+02,3.313291379331715234e+03,6.937741401130239183e+00,1.464351175969838152e+02,2.609531610110344246e+01,1.581627039236527255e-01,3.444519782762645984e-12,2.697532850227873880e+01
7.185512751916507113e+03,1.906267940443580926e+02,3.274211127436937659e+03,6.431561716360648440e+00,1.368951447411321567e+02,2.284694655731980006e+01,1.383780739629321965e-01,2.391114701417453329e-12,2.431476295558014655e+01
1.347340806537447133e+04,1.756976547111492835e+02,3.235203300504310846e+03,5.955396857516464415e+00,1.277999725270827298e+02,1.993524519495989722e+01,1.207191958968731604e-01,1.645524461233698151e-12,2.188632093569164994e+01
1.976130337883243556e+04,1.617599644718520153e+02,3.196266836785388023e+03,5.507940643764872135e+00,1.191401275275538580e+02,1.733334251409689486e+01,1.049975233915263345e-01,1.122197692724502518e-12,1.967355626304374994e+01
2.604919869229039978e+04,1.487614026943218448e+02,3.157400615910325996e+03,5.087920519164546462e+00,1.109058974263669199e+02,1.501574104314048164e+01,9.103748945598856557e-02,7.580782996876270002e-13,1.766080621619316204e+01
3.233709400574836036e+04,1.366515736733732069e+02,3.118603458075474009e+03,4.694097044537634211e+00,1.030873183145334622e+02,1.295830070904014164e+01,7.867589037811899277e-02,5.070445737739482349e-13,1.583318171488332560e+01
3.862498931920632458e+04,1.253819694121188064e+02,3.079874123318025340e+03,4.325263456854814947e+00,9.567416625322341872e+01,1.113822190373507759e+01,6.776128288755937923e-02,3.356309122866392788e-13,1.417655651541760342e+01
4.491288463266428880e+04,1.149059333173318436e+02,3.041211310894904727e+03,3.980245293517220784e+00,8.865595321445802313e+01,9.534026082386043655e+00,5.815339495686305815e-02,2.197586841660774846e-13,1.267755533201366980e+01
5.120077994612225302e+04,1.051786246633838857e+02,3.002613658785331154e+03,3.657900078075281947e+00,8.202192745112726868e+01,8.125533767867652912e+00,4.972255066041827293e-02,1.422560472202732421e-13,1.132354081565312676e+01
5.748867525958021724e+04,9.615698367758345455e+01,2.964079743338927983e+03,3.357117063075881092e+00,7.576107828538907540e+01,6.893839878183849912e+00,4.234910952216263541e-02,9.099044951550906548e-14,1.010259934141238602e+01
6.377657057303818146e+04,8.779969710007351580e+01,2.925608079093177821e+03,3.076817024917696042e+00,6.986214524078467036e+01,5.821286337748829531e+00,3.592292079500156859e-02,5.747358717132151525e-14,9.003525575827264760e+00
7.006446588649613841e+04,8.006716407405995994e+01,2.887197118785545172e+03,2.815952104857605498e+00,6.431363138081898967e+01,4.891431978364031430e+00,3.034279312386556002e-02,3.582798854714253882e-14,8.015805816895403169e+00
7.419748320693925780e+04,7.530650983557397637e+01,2.861981983844896149e+03,2.654580214795600579e+00,6.085182596943208466e+01,4.350556257582051778e+00,2.709073326463612777e-02,2.606551794630261875e-14,7.422456660499574532e+00
7.833050052738237719e+04,7.078897567263240376e+01,2.836791910323494903e+03,2.500883854830337594e+00,5.753298322321145264e+01,3.860656302044989108e+00,2.413952448957160102e-02,1.884679783772153195e-14,6.870312768056034969e+00
8.246351784782549657e+04,6.650448363792371254e+01,2.811626415625499703e+03,2.354587471036095447e+00,5.435369441288364811e+01,3.417881170958944281e+00,2.146614196626853155e-02,1.354103011787295868e-14,6.356854441078777285e+00
8.659653516826860141e+04,6.244325443607884552e+01,2.786485005942995940e+03,2.215421310870691052e+00,5.131051994808107963e+01,3.018585041038446715e+00,1.904892636974420128e-02,9.665451788862751079e-15,5.879679209718873700e+00
9.072955248871172080e+04,5.859580323381609901e+01,2.761367176388648204e+03,2.083121418122399149e+00,4.839999283224481275e+01,2.659322250391578990e+00,1.686752719304143028e-02,6.852675709118933028e-15,5.436499205864330442e+00
9.486256980915484019e+04,5.495293544625101845e+01,2.736272411152574023e+03,1.957429628690693812e+00,4.561862234242924075e+01,2.336842171727170570e+00,1.490284745414003839e-02,4.824751366806836113e-15,5.025138455949856642e+00
9.899558712959794502e+04,5.150574249407272731e+01,2.711200183683435625e+03,1.838093566812362578e+00,4.296289791467869179e+01,2.048083924981302317e+00,1.313698980793905763e-02,3.372668278055719721e-15,4.643530097792517353e+00
1.031286044500410644e+05,4.824559752688104197e+01,2.686149956893502349e+03,1.724866641366656017e+00,4.042929321577567947e+01,1.790170939740900247e+00,1.155320406674164961e-02,2.340246360887903949e-15,4.289713525931066584e+00
1.055395647804937034e+05,4.642686954531247778e+01,2.671547064154503460e+03,1.661541965448146696e+00,3.900632664140226780e+01,1.652884291362582081e+00,1.070713044878462972e-02,1.884331111831454770e-15,4.095409516650697412e+00
1.079505251109463425e+05,4.466733095383334273e+01,2.656951361632739008e+03,1.600167204109259389e+00,3.762300854979677922e+01,1.524664464934749608e+00,9.914725754249478079e-03,1.513241005270454778e-15,3.909576009238304728e+00
1.103614854413989669e+05,4.296539873552298872e+01,2.642362737931237916e+03,1.540696131973165572e+00,3.627863486762141321e+01,1.405022955348767644e+00,9.173166492978956227e-03,1.211977734378438386e-15,3.731871614086667233e+00
1.127724457718516060e+05,4.131952089725943722e+01,2.627781080524212030e+03,1.483083191767430087e+00,3.497250130463302753e+01,1.293490506165467346e+00,8.479743816804354711e-03,9.680484193114428681e-16,3.561966150876700876e+00
1.151834061023042450e+05,3.972817616906512228e+01,2.613206275776100483e+03,1.427283493877426368e+00,3.370390366630265788e+01,1.189616708949802870e+00,7.831860344949375871e-03,7.710729903788272556e-16,3.399540439590279739e+00
1.175943664327568695e+05,3.818987370143199200e+01,2.598638208961074270e+03,1.373252815845436903e+00,3.247213817038199579e+01,1.092969598613233062e+00,7.227027041877737840e-03,6.124487953576085382e-16,3.244286089549443641e+00
1.200053267632095085e+05,3.670315276058759935e+01,2.584076764282899148e+03,1.320947601810844363e+00,3.127650176705438767e+01,1.003135244994074471e+00,6.662860146750621687e-03,4.850647541774677198e-16,3.095905286581286386e+00
1.218274893767724279e+05,3.561286536043279227e+01,2.573075795835097324e+03,1.282534886882003233e+00,3.039640379049002661e+01,9.395180215782796829e-01,6.262060161083856172e-03,4.059041419269123650e-16,2.988146601321422846e+00
1.236496519903353474e+05,3.455061722444052918e+01,2.562078492445769825e+03,1.245064994042782702e+00,2.953623947199667654e+01,8.794010245114696200e-01,5.882236721718187705e-03,3.390907579510091497e-16,2.884029497168165257e+00
1.254718146038982668e+05,3.351581135211971940e+01,2.551084802948604647e+03,1.208519876376141111e+00,2.869570679439783589e+01,8.226252168206179549e-01,5.522474317085727773e-03,2.827927184264983089e-16,2.783436990208560502e+00
1.272939772174612008e+05,3.250786021419629179e+01,2.540094675851009470e+03,1.172881703635905826e+00,2.787450435349884259e+01,7.690369694298809788e-01,5.181888393986899474e-03,2.354351696041758448e-16,2.686255299238414551e+00
1.291161398310241202e+05,3.152618567501490432e+01,2.529108059338951534e+03,1.138132862027132708e+00,2.707233143973214240e+01,7.184879570510186442e-01,4.859624653312128242e-03,1.956664214348226266e-16,2.592373791552237794e+00
1.309383024445870396e+05,3.057021891449976181e+01,2.518124901281706570e+03,1.104255953969977666e+00,2.628888812007513209e+01,6.708350536083943494e-01,4.554858354318899044e-03,1.623282353800187421e-16,2.501684928491938020e+00
1.312245572890293261e+05,3.042233998287484908e+01,2.516399799662010537e+03,1.099012142274429893e+00,2.616749487478243807e+01,6.636030939245270988e-01,4.508518622990636063e-03,1.576085412493446563e-16,2.487721353270462732e+00
1.315108121334715979e+05,3.027507952183778528e+01,2.514674781896635523e+03,1.093789358627890618e+00,2.604655532097040194e+01,6.564386675629771961e-01,4.462587995159709477e-03,1.530193094633310686e-16,2.473833586681357222e+00
1.317970669779138989e+05,3.012843538806603405e+01,2.512949847781379503e+03,1.088587537032439378e+00,2.592606830173806642e+01,6.493412536909310973e-01,4.417063466208487332e-03,1.485571288519675111e-16,2.460021232138398961e+00
1.320833218223561707e+05,2.998240544379985906e+01,2.511224997111854009e+03,1.083406611621472670e+00,2.580603266077339342e+01,6.423103344938847492e-01,4.371942048560209862e-03,1.442186720956077103e-16,2.446283894862550934e+00
1.323695766667984717e+05,2.983698755683473181e+01,2.509500229683483667e+03,1.078246516659678189e+00,2.568644724236104082e+01,6.353453951656063969e-01,4.327220771614741397e-03,1.400006938017357468e-16,2.432621181876798211e+00
1.326558315112407436e+05,2.969217960051372174e+01,2.507775545291508024e+03,1.073107186543005298e+00,2.556731089139034907e+01,6.284459238978991058e-01,4.282896681684487082e-03,1.359000286224632494e-16,2.419032702000782908e+00
1.327989589334618940e+05,2.962000368327952060e+01,2.506913234170130181e+03,1.070545287836209392e+00,2.550791075539081021e+01,6.250205796640301292e-01,4.260882663431450092e-03,1.338927207125695219e-16,2.412266177725037153e+00
1.329420863556830154e+05,2.954797945371988988e+01,2.506050943730981544e+03,1.067988555798640382e+00,2.544862245336318551e+01,6.216114118706012048e-01,4.238966841930331270e-03,1.319135894120757993e-16,2.405518065845530185e+00
1.330852137779041659e+05,2.947610664755960386e+01,2.505188673948415726e+03,1.065436982266694921e+00,2.538944584109219704e+01,6.182183573803179399e-01,4.217148852698337710e-03,1.299622607510092961e-16,2.398788317967692763e+00
1.332283412001253164e+05,2.940438500086913365e+01,2.504326424796653100e+03,1.062890559084997744e+00,2.533038077440275515e+01,6.148413532409868765e-01,4.195428332295437004e-03,1.280383654235160298e-16,2.392076885808101849e+00
1.333714686223464669e+05,2.933281425006104115e+01,2.503464196250730765e+03,1.060349278106196280e+00,2.527142710915305557e+01,6.114803366880144919e-01,4.173804918340009648e-03,1.261415387352848438e-16,2.385383721195434070e+00
1.335145960445675883e+05,2.926139413190201566e+01,2.502601988283125593e+03,1.057813131191664757e+00,2.521258470126021223e+01,6.081352451342196819e-01,4.152278249444381515e-03,1.242714205439067372e-16,2.378708776066477348e+00
1.343252775153245311e+05,2.885969691572582008e+01,2.497718782868601920e+03,1.043544800256544614e+00,2.488139092218137804e+01,5.894860190764164010e-01,4.032119205921596422e-03,1.141661455381515352e-16,2.341243055005569396e+00
1.351359589860814449e+05,2.846277625367401143e+01,2.492836232205245778e+03,1.029439404157604043e+00,2.455373566210568015e+01,5.713344749349713592e-01,3.915027892024923288e-03,1.048446680403657180e-16,2.304351684583738180e+00
1.359466404568383587e+05,2.807058493589116566e+01,2.487954331584455304e+03,1.015495519848645056e+00,2.422959282628700706e+01,5.536695757681172614e-01,3.800900186306350407e-03,9.624928726941269465e-17,2.268026113801095534e+00
1.367573219275953015e+05,2.768307610405445729e+01,2.483073076307077372e+03,1.001711691680818417e+00,2.390893634987360983e+01,5.364804680089482192e-01,3.689673341393828222e-03,8.832630138682272039e-17,2.232257921150492486e+00
1.407954427938734880e+05,2.582099125745492429e+01,2.458768292184548955e+03,9.353868567219346675e-01,2.236273452706398501e+01,4.575830551230332111e-01,3.176744721232419716e-03,5.726173082650957710e-17,2.062110073826660894e+00
1.448335636601516744e+05,2.406833040148771019e+01,2.434478816306327644e+03,8.728220468323337755e-01,2.089919503078738927e+01,3.889824334798268612e-01,2.727052651716951447e-03,3.677736431502856601e-17,1.904603837739733851e+00
1.488716845264298609e+05,2.241968382846806307e+01,2.410204055303046061e+03,8.138466601736720207e-01,1.951515404728157321e+01,3.295323758761880550e-01,2.333933797021881494e-03,2.339567044860311973e-17,1.758816811344251052e+00
1.529098053927080473e+05,2.086984783376344410e+01,2.385943408998163250e+03,7.582952311353059471e-01,1.820748553989178120e+01,2.781874073810048364e-01,1.991286088093037736e-03,1.473752801035490772e-17,1.623888369273084997e+00
1.569479262589862337e+05,1.941382027115168540e+01,2.361696270485517744e+03,7.060074050722883188e-01,1.697310554176513975e+01,2.339971052219321779e-01,1.693536099744373394e-03,9.190554948827825532e-18,1.499016682999388062e+00
1.609860471252644202e+05,1.804679605537937093e+01,2.337462026143925868e+03,6.568279098350237044e-01,1.580897636594304245e+01,1.961004229870999815e-01,1.435607238829210734e-03,5.672550439493995376e-18,1.383455749382996647e+00
1.650241679915426066e+05,1.676416261354573223e+01,2.313240055579030468e+03,6.106065238007321039e-01,1.471211070613171046e+01,1.637200586266549518e-01,1.212888735796482627e-03,3.464365334348211819e-18,1.276512436259140459e+00
1.690622888578207931e+05,1.556149528768296442e+01,2.289029731483083651e+03,5.671980401026692764e-01,1.367957559975068804e+01,1.361568873575501604e-01,1.021205443560513695e-03,2.092974769614291431e-18,1.177543555037378287e+00
1.731004097240989795e+05,1.443455269177322364e+01,2.264830419403410815e+03,5.264622267489417196e-01,1.270849622374559473e+01,1.127844818733976517e-01,8.567884593598458802e-04,1.250495960607123710e-18,1.085952970945943230e+00
1.781309386099172989e+05,1.313044699237824808e+01,2.234698319561031894e+03,4.792495056223121663e-01,1.158047976993316475e+01,8.868997034075928876e-02,6.850061494339380365e-04,6.478883428924490654e-19,9.813427403337651178e-01
1.812689839579249965e+05,1.236994767065750445e+01,2.215909501055984492e+03,4.516810540049130407e-01,1.092056477970344908e+01,7.609104693911443451e-02,5.940232070271073183e-04,4.259528866600712620e-19,9.210167668042441580e-01
1.844070293059326650e+05,1.164807612949534743e+01,2.197126146013561538e+03,4.254885016536391618e-01,1.029274796456198260e+01,6.511268268844259965e-02,5.139392553421543624e-04,2.780239071766826324e-19,8.642130413372305364e-01
1.875450746539403335e+05,1.096315718992914512e+01,2.178347941615944364e+03,4.006149516730931337e-01,9.695802029705356873e+00,5.557088672841652838e-02,4.436072405432414634e-04,1.801351507861986768e-19,8.107257145830657485e-01
1.906831200019480020e+05,1.031357420392415492e+01,2.159574571482800366e+03,3.770052275157471655e-01,9.128526347021704623e+00,4.729929274519438509e-02,3.819813895558627609e-04,1.158363544823577318e-19,7.603613552533204922e-01
1.938211653499556996e+05,9.697767692248111970e+00,2.140805715417972351e+03,3.546058535873913287e-01,8.589747608023962755e+00,4.014786938686910889e-02,3.281104201578584844e-04,7.391852585342047340e-20,7.129382508311283839e-01
1.969592106979633681e+05,9.114233980986933048e+00,2.122041049126272810e+03,3.333650346298163147e-01,8.078320402701193004e+00,3.398168100190935431e-02,2.811309966658444596e-04,4.680077013166833630e-20,6.682857316587738072e-01
2.000972560459710367e+05,8.561523838164443845e+00,2.103280243899579546e+03,3.132326338810355049e-01,7.593127722029746174e+00,2.867970116219091536e-02,2.402614392809503151e-04,2.939479502716182170e-20,6.262435196536346727e-01
2.032353013939787052e+05,8.038241111869069755e+00,2.084522966271500991e+03,2.941601500199259589e-01,7.133081382454983910e+00,2.413368100178362591e-02,2.047956942733384928e-04,1.831171429554332610e-20,5.866611026987990085e-01
2.047514733076199482e+05,7.795556017303286289e+00,2.075461400061337372e+03,2.853109263961997599e-01,6.919501016440274377e+00,2.217904111408287859e-02,1.894051140873625702e-04,1.452517268529110794e-20,5.683756282393265247e-01
2.062676452212611621e+05,7.559278516754585731e+00,2.066400539733363985e+03,2.766930063290361508e-01,6.711426210973249873e+00,2.036820196290617391e-02,1.750602798262550978e-04,1.149886371869571657e-20,5.506160372102399947e-01
2.077838171349024051e+05,7.329263924111496742e+00,2.057340346328863234e+03,2.683013200550878885e-01,6.508741588663887079e+00,1.869174516362089727e-02,1.616983018279952644e-04,9.084904764863010613e-21,5.333675719277352067e-01
2.092999890485436481e+05,7.105370226994186744e+00,2.048280780563747612e+03,2.601308828403713358e-01,6.311333386832610692e+00,1.714078359378566965e-02,1.492595215308137628e-04,7.163214661389176588e-21,5.166159142065397392e-01
2.108161609621848620e+05,6.887458051401900150e+00,2.039221802816221498e+03,2.521767942616714997e-01,6.119089461003179409e+00,1.570693721437129570e-02,1.376873792897746621e-04,5.636477581885819580e-21,5.003471715440285239e-01
2.123323328758261050e+05,6.675390626466432664e+00,2.030163373114008436e+03,2.444342374746307500e-01,5.931899287415484778e+00,1.438230963313293954e-02,1.269282857240650150e-04,4.425982728942894332e-21,4.845478636580888288e-01
2.138485047894673189e+05,6.469033749326342786e+00,2.021105451121113902e+03,2.368984784690880141e-01,5.749653964574213738e+00,1.315946540798120304e-02,1.169314965949605018e-04,3.468194291241132226e-21,4.692049093784656510e-01
2.143778620066437288e+05,6.398306768626635055e+00,2.017943074608430152e+03,2.343152834442752963e-01,5.687169495154812182e+00,1.275518976089872088e-02,1.136118137457388903e-04,3.183547842475958585e-21,4.639531884529030092e-01
2.149072192238201678e+05,6.328254294470463392e+00,2.014780753281790112e+03,2.317565334627846863e-01,5.625270188149759321e+00,1.236217925332315677e-02,1.103772103886756418e-04,2.921506710047786054e-21,4.587550163942071269e-01
2.154365764409965777e+05,6.258870831980741123e+00,2.011618485391434206e+03,2.292220340843128257e-01,5.563951548482216403e+00,1.198015440305044525e-02,1.072257567580353231e-04,2.680337490481762731e-21,4.536098692544052735e-01
2.159659336581729876e+05,6.190150923040657283e+00,2.008456269181634980e+03,2.267115920686920416e-01,5.503209105175372429e+00,1.160884172014313431e-02,1.041555606018489133e-04,2.458434806069658124e-21,4.485172285158479100e-01
2.164952908753493975e+05,6.122089146113755653e+00,2.005294102890619342e+03,2.242250153718136074e-01,5.443038411344045535e+00,1.124797360196838278e-02,1.011647665942420741e-04,2.254312224093988144e-21,4.434765810293347377e-01
2.170246480925258074e+05,6.054680116063051010e+00,2.002131984750491938e+03,2.217621131414877211e-01,5.383435044183491058e+00,1.089728822953741662e-02,9.825155575408498268e-05,2.066593792394450908e-21,4.384874189527800947e-01
2.170902432463137957e+05,6.046372334472423837e+00,2.001740155017548432e+03,2.214585624932794150e-01,5.376088597915552825e+00,1.085452953345815083e-02,9.789588022907510470e-05,2.044411181197372173e-21,4.378727486499050525e-01
2.171558384001017839e+05,6.038074483402086301e+00,2.001348325993339586e+03,2.211553720898014885e-01,5.368750786952690923e+00,1.081192277067720073e-02,9.754136520235054527e-05,2.022458463578354178e-21,4.372588602237140742e-01
2.172214335538897722e+05,6.029786552721810189e+00,2.000956497674481852e+03,2.208525415717279283e-01,5.361421602956871979e+00,1.076946746116930892e-02,9.718800732719120011e-05,2.000733344103331303e-21,4.366457527247141202e-01
2.172870287076777604e+05,6.021508532309870709e+00,2.000564670057589865e+03,2.205500705800117200e-01,5.354101037595738966e+00,1.072716312621895852e-02,9.683580326514613424e-05,1.979233549364188023e-21,4.360334252046376702e-01
2.173526238614657486e+05,6.013240412052963002e+00,2.000172843139277120e+03,2.202479587558822394e-01,5.346789082542549032e+00,1.068500928841739812e-02,9.648474968601036654e-05,1.957956827776051397e-21,4.354218767164279580e-01
2.173591833768442739e+05,6.012414144146695172e+00,2.000133660485737209e+03,2.202177673138824010e-01,5.346058360283762134e+00,1.068080216363923203e-02,9.644970747668930400e-05,1.955841338600768853e-21,4.353607646779336093e-01
2.173657428922227700e+05,6.011587975130822770e+00,2.000094477839145839e+03,2.201875794596150349e-01,5.345327724036522454e+00,1.067659653859484407e-02,9.641467673565341171e-05,1.953728055621574415e-21,4.352996604193549168e-01
2.173723024076012953e+05,6.010761904995245430e+00,2.000055295199499596e+03,2.201573951927216222e-01,5.344597173792510425e+00,1.067239241280939013e-02,9.637965745958787707e-05,1.951616976622522427e-21,4.352385639397445827e-01
2.173788619229798205e+05,6.009935933729909863e+00,2.000016112566795300e+03,2.201272145128458368e-01,5.343866709543450888e+00,1.066818978580745883e-02,9.634464964517271037e-05,1.949508099389635672e-21,4.351774752381643019e-01
2.173795178745176527e+05,6.009853342040843316e+00,2.000012194303906426e+03,2.201241966421300655e-01,5.343793667847940299e+00,1.066776960552206187e-02,9.634114949399536680e-05,1.949297332678372518e-21,4.351713667957597953e-01
2.173801738260555139e+05,6.009770751340368200e+00,2.000008276041087129e+03,2.201211788072806042e-01,5.343720627012287672e+00,1.066734944021919228e-02,9.633764945739722711e-05,1.949086587960364542e-21,4.351652584311264671e-01
2.173808297775933752e+05,6.009688161628472969e+00,2.000004357778337180e+03,2.201181610082970086e-01,5.343647587036484126e+00,1.066692928989865577e-02,9.633414953537623130e-05,1.948875865233550772e-21,4.351591501442571563e-01
2.173811577533626405e+05,6.009646867143240812e+00,2.000002398646988240e+03,2.201166521222547023e-01,5.343611067371022649e+00,1.066671922035653669e-02,9.633239961733118149e-05,1.948770512116130681e-21,4.351560960299893366e-01
2.173814857291319349e+05,6.009605572905149629e+00,2.000000439515656581e+03,2.201151432451788348e-01,5.343574547920521667e+00,1.066650915455978968e-02,9.633064972792859822e-05,1.948665164495634386e-21,4.351530419351615220e-01
2.173818137049012003e+05,6.009564278914293567e+00,1.999998480376199495e+03,2.201136328558392363e-01,5.343537948622889999e+00,1.066635431138382613e-02,9.632939933505073674e-05,1.948600233855192199e-21,4.351500137248452416e-01
2.173826336443233304e+05,6.009461045018623437e+00,1.999993582507270048e+03,2.201098607249519223e-01,5.343446651482629761e+00,1.066582916730279482e-02,9.632502476516242461e-05,1.948336895937617869e-21,4.351423786189735354e-01
2.173834535837454896e+05,6.009357812667547982e+00,1.999988684638437690e+03,2.201060886501027547e-01,5.343355355685831753e+00,1.066530404662800746e-02,9.632065037427495603e-05,1.948073592368669692e-21,4.351347436346113540e-01
2.173842735231676197e+05,6.009254581861050326e+00,1.999983786769702192e+03,2.201023166312912338e-01,5.343264061232484430e+00,1.066477894935819425e-02,9.631627616238266605e-05,1.947810323144121532e-21,4.351271087717538677e-01
2.173883732202797255e+05,6.008738450996522928e+00,1.999959297427480124e+03,2.200834573777724068e-01,5.342807609116914769e+00,1.066215381405507395e-02,9.629440778760905604e-05,1.946494492035277648e-21,4.350889362799935101e-01
2.173924729173918313e+05,6.008222358743449121e+00,1.999934808087682768e+03,2.200645995250872788e-01,5.342351190585125309e+00,1.065952926374283752e-02,9.627254388672306924e-05,1.945179518887808047e-21,4.350507668256076710e-01
2.173965726145039371e+05,6.007706305099375754e+00,1.999910318750309443e+03,2.200457430731486141e-01,5.341894805635093668e+00,1.065690529830529837e-02,9.625068445891683951e-05,1.943865403162961664e-21,4.350126004083676445e-01
2.173969825842153514e+05,6.007654701858366586e+00,1.999907869816705443e+03,2.200438575049925849e-01,5.341849168987009122e+00,1.065664293392535288e-02,9.624849876212530041e-05,1.943734038727991732e-21,4.350087839336759798e-01
2.173973925539267657e+05,6.007603099003420155e+00,1.999905420883125544e+03,2.200419719508427963e-01,5.341803532674718191e+00,1.065638057539264848e-02,9.624631311005434975e-05,1.943602682861321999e-21,4.350049674893556317e-01
2.173978025236381800e+05,6.007551496534533797e+00,1.999902971949569974e+03,2.200400864106994703e-01,5.341757896698219987e+00,1.065611822270744191e-02,9.624412750270501754e-05,1.943471335562418696e-21,4.350011510754042132e-01
2.173978435206092545e+05,6.007546336308878132e+00,1.999902727056215781e+03,2.200398978574554243e-01,5.341753333119037883e+00,1.065609198776055165e-02,9.624390894443049819e-05,1.943458201303750234e-21,4.350007694356790022e-01
2.173978845175803290e+05,6.007541176087083379e+00,1.999902482162861816e+03,2.200397093043514607e-01,5.341748769543214870e+00,1.065606575287219963e-02,9.624369038660317158e-05,1.943445067130774746e-21,4.350003877962584919e-01
2.173979255145514035e+05,6.007536015869148649e+00,1.999902237269508078e+03,2.200395207513876072e-01,5.341744205970749171e+00,1.065603951804205973e-02,9.624347182922169601e-05,1.943431933043414744e-21,4.350000061571401844e-01
2.173979460130369407e+05,6.007533435761145846e+00,1.999902114822831436e+03,2.200394264749405138e-01,5.341741924185344992e+00,1.065602640064859143e-02,9.624336255069502512e-05,1.943425366031712703e-21,4.349998153376611332e-01
2.173979665115224780e+05,6.007530855654109381e+00,1.999901992376154794e+03,2.200393321985283646e-01,5.341739642400781918e+00,1.065601328326968786e-02,9.624325327227962047e-05,1.943418799041390365e-21,4.349996245182567445e-01
2.173979870100080152e+05,6.007528275548036589e+00,1.999901869929478153e+03,2.200392379221513817e-01,5.341737360617056396e+00,1.065600016590541321e-02,9.624314399397615970e-05,1.943412232072493622e-21,4.349994336989291832e-01
2.173980075084935525e+05,6.007525695442930136e+00,1.999901747482801511e+03,2.200391436458092320e-01,5.341735078834171979e+00,1.065598704855593229e-02,9.624303471578479188e-05,1.943405665125066483e-21,4.349992428796776167e-01
2.173980280069790897e+05,6.007523115338789133e+00,1.999901625036125097e+03,2.200390493695022487e-01,5.341732797052126891e+00,1.065597393122080794e-02,9.624292543770662832e-05,1.943399098199095784e-21,4.349990520605008792e-01
2.174092728601259878e+05,6.006107893485843618e+00,1.999834454478331281e+03,2.199873375083297722e-01,5.340481206765508304e+00,1.064878035876587123e-02,9.618299561929318094e-05,1.939799906588571935e-21,4.348943858576208021e-01
2.174205177132729150e+05,6.004692962021020541e+00,1.999767283938747141e+03,2.199356361825901274e-01,5.339229869059362699e+00,1.064159118288515379e-02,9.612309942794032872e-05,1.936207148977750635e-21,4.347897424967531177e-01
2.174317625664198131e+05,6.003278320893476128e+00,1.999700113417355851e+03,2.198839453904797847e-01,5.337978783891821344e+00,1.063440640118976620e-02,9.606323684697588828e-05,1.932620814288816755e-21,4.346851219731375782e-01
2.174430074195667403e+05,6.001863970052369268e+00,1.999632942914140131e+03,2.198322651301944652e-01,5.336727951221001298e+00,1.062722601129257281e-02,9.600340785973246027e-05,1.929040891462216897e-21,4.345805242820206526e-01
2.174441319048817095e+05,6.001722550932056421e+00,1.999626225864817570e+03,2.198270976833468782e-01,5.336602881839628054e+00,1.062650821375980652e-02,9.599742680802118594e-05,1.928683251406734706e-21,4.345700657685140356e-01
2.174452563901966787e+05,6.001581134714047749e+00,1.999619508815676681e+03,2.198219303417977555e-01,5.336477814982760748e+00,1.062579046011882973e-02,9.599144609206381080e-05,1.928325675348371345e-21,4.345596074832788203e-01
2.174463808755116479e+05,6.001439721398294402e+00,1.999612791766717237e+03,2.198167631055452376e-01,5.336352750650357635e+00,1.062507275036706292e-02,9.598546571184477655e-05,1.927968163276240045e-21,4.345491494263127308e-01
2.174475053608266171e+05,6.001298310984744866e+00,1.999606074717939237e+03,2.198115959745874370e-01,5.336227688842378747e+00,1.062435508450237931e-02,9.597948566734527227e-05,1.927610715179183954e-21,4.345386915976080511e-01
2.174476178093579947e+05,6.001284170103009075e+00,1.999605403013071509e+03,2.198110792672829661e-01,5.336215182800422063e+00,1.062428332032967770e-02,9.597888768135948406e-05,1.927574973887693591e-21,4.345376458272936504e-01
2.174477302578893432e+05,6.001270029250294513e+00,1.999604731308205601e+03,2.198105625610311253e-01,5.336202676783708299e+00,1.062421155659576052e-02,9.597828969873041288e-05,1.927539233235801177e-21,4.345366000592598699e-01
2.174478427064206917e+05,6.001255888426602070e+00,1.999604059603341511e+03,2.198100458558323589e-01,5.336190170792241894e+00,1.062413979330074747e-02,9.597769171945839755e-05,1.927503493223563135e-21,4.345355542935090964e-01
2.174478989306863805e+05,6.001248818022011378e+00,1.999603723750909921e+03,2.198097875034949467e-01,5.336183917802742371e+00,1.062410391181436813e-02,9.597739273105277639e-05,1.927485623456111786e-21,4.345350314112286783e-01
2.174479551549520402e+05,6.001241747624676215e+00,1.999603387898478786e+03,2.198095291514206573e-01,5.336177664819556021e+00,1.062406803043785229e-02,9.597709374348455233e-05,1.927467753848494942e-21,4.345345085295181375e-01
2.174480113792177290e+05,6.001234677234595694e+00,1.999603052046048106e+03,2.198092707996097406e-01,5.336171411842680179e+00,1.062403214917121037e-02,9.597679475675754718e-05,1.927449884400907078e-21,4.345339856483788621e-01
2.174480676034834178e+05,6.001227606851770702e+00,1.999602716193617880e+03,2.198090124480618357e-01,5.336165158872113956e+00,1.062399626801395144e-02,9.597649577086873874e-05,1.927432015113113471e-21,4.345334627678089090e-01
2.174481238277490775e+05,6.001220536476201239e+00,1.999602380341188109e+03,2.198087540969453357e-01,5.336158905911980277e+00,1.062396038692241598e-02,9.597619678541966914e-05,1.927414145951738733e-21,4.345329398920905195e-01
2.213437161070292932e+05,5.528405488587376126e+00,1.976333252998257421e+03,2.025279554542724347e-01,4.917773262335131790e+00,8.385344957086706200e-03,7.716373782162563400e-05,1.006585804977091288e-21,3.996417621115126440e-01
2.252393083863095089e+05,5.088367920257899968e+00,1.953065580205506421e+03,1.864378491334025834e-01,4.527984337158843964e+00,6.583106166857130570e-03,6.174427790111662584e-05,5.179508856688661063e-22,3.673008835292397301e-01
2.291349006655897538e+05,4.679147855608160711e+00,1.929798615070544429e+03,1.714685365574425691e-01,4.165156663651877089e+00,5.139722434779924951e-03,4.916389148359892012e-05,2.624700173658093394e-22,3.373337690743319350e-01
2.323594124535547162e+05,4.362403562035913396e+00,1.910539755563838071e+03,1.598781482255757225e-01,3.884107851335955264e+00,4.169573745822347660e-03,4.055800415465344178e-05,1.477543692686295657e-22,3.142074307261292221e-01
2.355839242415197077e+05,4.064488796409506222e+00,1.891280397062156908e+03,1.489738322537695059e-01,3.619604459044795330e+00,3.368950418666259976e-03,3.333904752377738075e-05,8.225519480504377146e-23,2.925082156464407501e-01
2.388084360294846992e+05,3.784439012000967217e+00,1.872020070723694971e+03,1.387209153245891891e-01,3.370825559225275825e+00,2.710801346221813467e-03,2.730431670883348347e-05,4.526991460204506279e-23,2.721544317898232368e-01
2.420329478174496908e+05,3.521330963189261976e+00,1.852758291908327692e+03,1.290861412950267961e-01,3.136981457311389221e+00,2.171938406565516490e-03,2.227737428200683982e-05,2.462256536432404930e-23,2.530691488036077019e-01
2.452574596054146823e+05,3.274281331364850445e+00,1.833494559076619680e+03,1.200376325147088918e-01,2.917313158083883362e+00,1.732558960293527567e-03,1.810514534828676497e-05,1.323063669897167333e-23,2.351798766621812087e-01
2.484819713933796738e+05,3.042445375726001267e+00,1.814228352614873756e+03,1.115448509225281520e-01,2.711091784989136944e+00,1.375816156365627452e-03,1.465526577479677916e-05,7.020866707938432525e-24,2.184182683937136160e-01
2.517064831813446363e+05,2.825015609940911165e+00,1.794959133581045762e+03,1.035785590297641640e-01,2.517617957918981908e+00,1.087433846224091514e-03,1.181367016388860484e-05,3.677847432328697535e-24,2.027198454772454472e-01
2.549309949693096278e+05,2.621220505513021770e+00,1.775686342366079316e+03,9.611078089323259188e-02,2.336221134840800406e+00,8.553628990722404041e-04,9.482405780708352740e-06,1.901128294300353430e-24,1.880237444741843511e-01
2.560822982905701210e+05,2.551617921627985730e+00,1.768804068308391834e+03,9.356007419248320300e-02,2.274256597817646774e+00,7.841640957780696749e-04,8.757320984046511306e-06,1.497100741064233274e-24,1.830083282011409074e-01
2.572336016118306143e+05,2.483626784220046346e+00,1.761921237728696042e+03,9.106831706018261863e-02,2.213721137083557444e+00,7.184301608791931505e-04,8.083078679995777023e-06,1.176848243606426697e-24,1.781108168367931122e-01
2.583849049330911075e+05,2.417215135853411745e+00,1.755037823042315722e+03,8.863434771590932015e-02,2.154586808756251415e+00,6.577789132602161791e-04,7.456453063567644406e-06,9.234443936257224803e-25,1.733287440149724745e-01
2.595362082543515717e+05,2.352351548489659105e+00,1.748153796262043670e+03,8.625702317122975471e-02,2.096826106333148587e+00,6.018521207255139466e-04,6.874400058880095806e-06,7.232904414478833138e-25,1.686596924645397400e-01
2.606875115756120649e+05,2.289005116517465854e+00,1.741269128988389639e+03,8.393521900708790506e-02,2.040411956375199232e+00,5.503141889628961015e-04,6.334048491519191044e-06,5.654797660214151625e-25,1.641012928977669261e-01
2.618388148968725582e+05,2.227145449841624991e+00,1.734383792399589311e+03,8.166782915191150849e-02,1.985317714156668245e+00,5.028509104974045749e-04,5.832691611449730694e-06,4.412800405629605120e-25,1.596512229309771935e-01
2.629901182181330514e+05,2.166742667032703462e+00,1.727497757241357704e+03,7.945376566053315159e-02,1.931517159285112584e+00,4.591682715556507201e-04,5.367778956483831981e-06,3.437120029132521480e-25,1.553072060365462692e-01
2.635779454062051955e+05,2.136454809366072904e+00,1.723981637924521237e+03,7.834353753679562660e-02,1.904538461501459334e+00,4.382334665294007267e-04,5.143679195876707480e-06,3.023215521750193096e-25,1.531294331820932664e-01
2.641657725942772813e+05,2.106535215457536747e+00,1.720465324767020320e+03,7.724679104835732724e-02,1.877886886838130209e+00,4.181774952999286663e-04,4.928146199707008094e-06,2.657826913256575691e-25,1.509784319295502109e-01
2.647535997823494254e+05,2.076980058231924886e+00,1.716948813739556499e+03,7.616338675029593608e-02,1.851559071201132500e+00,3.989667782637661511e-04,4.720883944214712024e-06,2.335426022266635681e-25,1.488539126182886196e-01
2.653414269704215112e+05,2.047785543800388464e+00,1.713432100781226609e+03,7.509318638450701577e-02,1.825551678424232271e+00,3.805688852633968416e-04,4.521605487366315639e-06,2.051096127001928451e-25,1.467555885008992311e-01
2.659292541584936553e+05,2.018947911231117498e+00,1.709915181799133052e+03,7.403605287217099318e-02,1.799861400114374899e+00,3.629525011586560144e-04,4.330032728148229255e-06,1.800466420503534995e-25,1.446831757106855354e-01
2.665170813465657993e+05,1.990463432314661052e+00,1.706398052667976117e+03,7.299185030600134627e-02,1.774484955491047344e+00,3.460873922648790213e-04,4.145896171107574204e-06,1.579653262555359287e-25,1.426363932291770942e-01
2.667134832144809188e+05,1.981024408219836719e+00,1.705222879589451850e+03,7.264582516069151286e-02,1.766075685667371831e+00,3.406148559617336096e-04,4.085985208000231296e-06,1.511911910508767912e-25,1.419581965506040988e-01
2.669098850823960383e+05,1.971624257796009694e+00,1.704047682431579915e+03,7.230122348524406495e-02,1.757700965918482350e+00,3.352218572420670667e-04,4.026865617475263028e-06,1.446992191803018351e-25,1.412828196694240479e-01
2.671062869503112161e+05,1.962262844406144957e+00,1.702872461038033180e+03,7.195804029721677986e-02,1.749360675921907582e+00,3.299073456600480538e-04,3.968527965468673392e-06,1.384780100909880066e-25,1.406102523133953008e-01
2.673026888182263356e+05,1.952940031814285105e+00,1.701697215252066144e+03,7.161627062854829251e-02,1.741054695694847609e+00,3.246702831807271247e-04,3.910962917632873758e-06,1.325166093897818586e-25,1.399404842447911912e-01
2.674990906861414551e+05,1.943655684180889409e+00,1.700521944916518123e+03,7.127590952539041014e-02,1.732782905590201983e+00,3.195096440515975827e-04,3.854161238423655050e-06,1.268044919589028493e-25,1.392735052600072021e-01
2.675187308729328797e+05,1.942729359772564779e+00,1.700404416526672776e+03,7.124195069588948326e-02,1.731957602440338917e+00,3.189977442948600740e-04,3.848522703134900544e-06,1.262465979869536280e-25,1.392069603693383562e-01
2.675383710597242462e+05,1.941803418523901703e+00,1.700286887889598347e+03,7.120800589770603928e-02,1.731132639879238821e+00,3.184865976187841981e-04,3.842891700991961179e-06,1.256910855091024092e-25,1.391404432576371641e-01
2.675580112465156126e+05,1.940877860299720092e+00,1.700169359005137039e+03,7.117407512590981367e-02,1.730308017787812513e+00,3.179762030176266690e-04,3.837268222920479821e-06,1.251379446751476879e-25,1.390739539147577697e-01
2.675776514333069790e+05,1.939952684964879825e+00,1.700051829873130828e+03,7.114015837557206845e-02,1.729483736047005671e+00,3.174665594868334622e-04,3.831652259855733482e-06,1.245871656743053610e-25,1.390074923305552601e-01
2.675796154519864940e+05,1.939860188485108106e+00,1.700040076946309227e+03,7.113676747152883340e-02,1.729401326587627352e+00,3.174156364039832051e-04,3.831091076525932784e-06,1.245322172984984436e-25,1.390008476984718189e-01
2.675815794706659508e+05,1.939767695832743444e+00,1.700028324017010391e+03,7.113337670764594001e-02,1.729318920530444892e+00,3.173647208208030496e-04,3.830529968246586828e-06,1.244772924335276167e-25,1.389942033438635871e-01
2.675835434893454658e+05,1.939675207007651059e+00,1.700016571085234091e+03,7.112998608391853106e-02,1.729236517875340606e+00,3.173138127362847959e-04,3.829968935008632362e-06,1.244223910696416035e-25,1.389875592667205451e-01
2.675855075080249226e+05,1.939582722009696392e+00,1.700004818150980327e+03,7.112659560034165218e-02,1.729154118622195702e+00,3.172629121494258283e-04,3.829407976803060344e-06,1.243675131970998950e-25,1.389809154670320901e-01
2.675857039098930545e+05,1.939573473720388241e+00,1.700003642857418754e+03,7.112625655969202765e-02,1.729145878883984633e+00,3.172578225030725832e-04,3.829351885108948743e-06,1.243620267014971921e-25,1.389802511023228437e-01
2.675859003117611283e+05,1.939564225469349701e+00,1.700002467563832397e+03,7.112591752044390703e-02,1.729137639179791242e+00,3.172527329316899669e-04,3.829295794165055918e-06,1.243565404407011848e-25,1.389795867403878227e-01
2.675860967136292020e+05,1.939554977256581214e+00,1.700001292270221256e+03,7.112557848259717930e-02,1.729129399509616416e+00,3.172476434352652940e-04,3.829239703971348833e-06,1.243510544146972711e-25,1.389789223812279706e-01
2.675862381738785771e+05,1.939548316170093045e+00,1.700000445754186785e+03,7.112533428834205695e-02,1.729123464832561519e+00,3.172439777251580360e-04,3.829199304958901991e-06,1.243471031995317819e-25,1.389784438721589077e-01
2.675863796341279522e+05,1.939541655103458329e+00,1.699999599240346242e+03,7.112509003947281583e-02,1.729117530148959858e+00,3.172403120288634594e-04,3.829213251361629291e-06,1.243466815704989177e-25,1.389779653897451339e-01
2.675865210943773272e+05,1.939534994056676842e+00,1.699998752728699856e+03,7.112484584667147502e-02,1.729111595507177190e+00,3.172366464128034214e-04,3.829172853125599953e-06,1.243427305308055773e-25,1.389774868835624844e-01
2.675865352404019795e+05,1.939534327953090553e+00,1.699998668077534603e+03,7.112482142743128954e-02,1.729111002043969059e+00,3.172362798533356378e-04,3.829168813323404761e-06,1.243423354335351537e-25,1.389774390330234533e-01
2.675865493864266318e+05,1.939533661849702773e+00,1.699998583426369123e+03,7.112479700819841766e-02,1.729110408580937452e+00,3.172359132942540469e-04,3.829164773525094909e-06,1.243419403374804254e-25,1.389773911824991326e-01
2.675865635324512841e+05,1.939532995746513500e+00,1.699998498775203643e+03,7.112477258897283161e-02,1.729109815118082816e+00,3.172355467355658046e-04,3.829160733730696654e-06,1.243415452426458465e-25,1.389773433319885232e-01
2.675865706054635812e+05,1.939532662694968490e+00,1.699998456449620789e+03,7.112476037936181494e-02,1.729109518386699573e+00,3.172353634563659908e-04,3.829158713834918002e-06,1.243413476956850024e-25,1.389773194067369932e-01
2.675865776784759364e+05,1.939532329643472996e+00,1.699998414124037936e+03,7.112474816975263014e-02,1.729109221655360074e+00,3.172351801772627252e-04,3.829156693940126142e-06,1.243411501490256313e-25,1.389772954814891825e-01
2.675865847514882917e+05,1.939531996592027241e+00,1.699998371798455082e+03,7.112473596014527721e-02,1.729108924924064983e+00,3.172349968982579051e-04,3.829154674046311759e-06,1.243409526026776744e-25,1.389772715562447025e-01
2.675865918245005887e+05,1.939531663540630779e+00,1.699998329472872229e+03,7.112472375053972840e-02,1.729108628192813635e+00,3.172348136193495790e-04,3.829152654153462146e-06,1.243407550566261395e-25,1.389772476310040528e-01
2.675865988975129439e+05,1.939531330489284278e+00,1.699998287147289375e+03,7.112471154093602532e-02,1.729108331461607140e+00,3.172346303405372049e-04,3.829150634261591703e-06,1.243405575108831259e-25,1.389772237057667059e-01
2.675901354037486017e+05,1.939364811044846926e+00,1.699977124351931252e+03,7.111860696717650643e-02,1.728959971395004791e+00,3.171430031117777990e-04,3.828140810188918258e-06,1.242418227658021894e-25,1.389652615387427514e-01
2.675904890543720103e+05,1.939348159782823044e+00,1.699975008071969114e+03,7.111799653479089489e-02,1.728945135994951476e+00,3.171338417254896975e-04,3.828039841157928046e-06,1.242319534756668636e-25,1.389640653715135121e-01
2.675908427049954189e+05,1.939331508644872137e+00,1.699972891791929669e+03,7.111738610694888496e-02,1.728930300705186385e+00,3.171246805821973237e-04,3.827938874558723687e-06,1.242220849460979182e-25,1.389628692132791055e-01
2.675911963556188857e+05,1.939314857630993538e+00,1.699970775511812690e+03,7.111677568365046276e-02,1.728915465525710404e+00,3.171155196818909740e-04,3.827837910391345837e-06,1.242122171770415836e-25,1.389616730640395870e-01
2.675915500062422943e+05,1.939298206741186803e+00,1.699968659231618176e+03,7.111616526489553114e-02,1.728900630456522647e+00,3.171063590245600775e-04,3.827736948655676758e-06,1.242023501684348835e-25,1.389604769237956228e-01
2.675915853713046527e+05,1.939296541659029982e+00,1.699968447603594541e+03,7.111610422326992975e-02,1.728899146955669597e+00,3.171054429721895628e-04,3.827726852615860927e-06,1.242013635093988282e-25,1.389603573102656253e-01
2.675916207363669528e+05,1.939294876578113724e+00,1.699968235975569996e+03,7.111604318168976424e-02,1.728897663455919442e+00,3.171045269222483114e-04,3.827716756600308354e-06,1.242003768579617011e-25,1.389602376968256392e-01
2.675916561014293111e+05,1.939293211498438252e+00,1.699968024347544770e+03,7.111598214015502073e-02,1.728896179957271961e+00,3.171036108747408771e-04,3.827706660609118143e-06,1.241993902141322265e-25,1.389601180834758865e-01
2.675916737839605194e+05,1.939292378958910712e+00,1.699967918533531929e+03,7.111595161939901488e-02,1.728895438208223778e+00,3.171031528518849607e-04,3.827701612622503281e-06,1.241988968950603373e-25,1.389600582768235060e-01
2.675916914664916694e+05,1.939291546419693368e+00,1.699967812719518861e+03,7.111592109865431943e-02,1.728894696459450708e+00,3.171026948296372275e-04,3.827696564641945551e-06,1.241984035778868715e-25,1.389599984701936908e-01
2.675917091490228195e+05,1.939290713880786221e+00,1.699967706905505793e+03,7.111589057792104540e-02,1.728893954710953862e+00,3.171022368079953464e-04,3.827691516667463589e-06,1.241979102626165357e-25,1.389599386635865519e-01
2.675917268315540277e+05,1.939289881342189048e+00,1.699967601091492497e+03,7.111586005719912340e-02,1.728893212962732795e+00,3.171017787869602391e-04,3.827686468699060782e-06,1.241974169492449217e-25,1.389598788570015897e-01
2.675917445140851778e+05,1.939289048803902071e+00,1.699967495277478974e+03,7.111582953648852568e-02,1.728892471214787063e+00,3.171013207665355376e-04,3.827681420736786259e-06,1.241969236377766901e-25,1.389598190504393593e-01
2.676107173855630681e+05,1.938395936893208438e+00,1.699853959628275334e+03,7.108308820019051955e-02,1.728096754982991756e+00,3.166102272446866565e-04,3.822268596901039585e-06,1.236687077510520171e-25,1.388956612141845348e-01
2.676296902570409002e+05,1.937503181957052734e+00,1.699740423755859183e+03,7.105035993639695346e-02,1.727301356068771332e+00,3.161198321357069799e-04,3.816862763621321071e-06,1.231426715845240422e-25,1.388315292569851644e-01
2.676486631285187905e+05,1.936610783873741637e+00,1.699626887660086140e+03,7.101764474066954436e-02,1.726506274364914661e+00,3.156301345378261501e-04,3.811463912756481116e-06,1.226188064225793031e-25,1.387674231697070271e-01
2.676676359999966808e+05,1.935718742521617353e+00,1.699513351340811823e+03,7.098494260857107774e-02,1.725711509764239482e+00,3.151411335503401766e-04,3.806072036173911602e-06,1.220971035833325076e-25,1.387033429432203424e-01
2.676695332871443825e+05,1.935629558001937367e+00,1.699501997696586159e+03,7.098167311369003862e-02,1.725632050740720791e+00,3.150922717305141185e-04,3.805533231788297332e-06,1.220450518939026378e-25,1.386969363425640811e-01
2.676714305742920842e+05,1.935540377048231564e+00,1.699490644050124047e+03,7.097840374939651253e-02,1.725552594887056257e+00,3.150434168668981910e-04,3.804994497056164890e-06,1.219930217325624047e-25,1.386905300004147856e-01
2.676733278614397859e+05,1.935451199660378041e+00,1.699479290401425033e+03,7.097513451568600307e-02,1.725473142203136856e+00,3.149945689585873562e-04,3.804455831969386995e-06,1.219410130906823942e-25,1.386841239167646567e-01
2.676752251485875458e+05,1.935362025838255562e+00,1.699467936750489343e+03,7.097186541255411096e-02,1.725393692688857117e+00,3.149457280046874725e-04,3.803917236519801214e-06,1.218890259596403321e-25,1.386777180916024810e-01
2.676754148773022462e+05,1.935353108652154042e+00,1.699466801385272674e+03,7.097153850942264364e-02,1.725385747911755363e+00,3.149408442917594336e-04,3.803863380804569334e-06,1.218838284293010333e-25,1.386770775233030772e-01
2.676756046060169465e+05,1.935344191501708444e+00,1.699465666020033723e+03,7.097121160759682634e-02,1.725377803166348922e+00,3.149359606483602501e-04,3.803809525785597267e-06,1.218786311139711306e-25,1.386764369575880784e-01
2.676757943347316468e+05,1.935335274386918547e+00,1.699464530654772261e+03,7.097088470707675623e-02,1.725369858452636906e+00,3.149310770744919818e-04,3.803755671462933716e-06,1.218734340136487875e-25,1.386757963944589278e-01
2.676758133076032973e+05,1.935334382677400322e+00,1.699464417118244910e+03,7.097085201709660285e-02,1.725369063983008822e+00,3.149305887209322965e-04,3.803750286068985099e-06,1.218729143154453278e-25,1.386757323382876994e-01
2.676758322804750060e+05,1.935333490968238923e+00,1.699464303581717331e+03,7.097081932712945296e-02,1.725368269513697816e+00,3.149301003680667174e-04,3.803744900681965211e-06,1.218723946193862729e-25,1.386756682821429221e-01
2.676758512533466564e+05,1.935332599259434128e+00,1.699464190045189525e+03,7.097078663717533431e-02,1.725367475044703447e+00,3.149296120158944856e-04,3.803739515301937580e-06,1.218718749254803012e-25,1.386756042260239019e-01
2.676758607397821615e+05,1.935332153405121103e+00,1.699464133276925395e+03,7.097077029220161259e-02,1.725367077810286309e+00,3.149293678400624796e-04,3.803736822614452581e-06,1.218716150793261349e-25,1.386755721979706923e-01
2.676758702262176666e+05,1.935331707550896896e+00,1.699464076508661265e+03,7.097075394723106889e-02,1.725366680575947109e+00,3.149291236644088791e-04,3.803734129928747199e-06,1.218713552337148542e-25,1.386755401699244494e-01
2.676758797126531717e+05,1.935331261696761951e+00,1.699464019740397134e+03,7.097073760226384198e-02,1.725366283341687845e+00,3.149288794889301061e-04,3.803731437244790516e-06,1.218710953886410407e-25,1.386755081418840074e-01
2.676758891990886186e+05,1.935330815842716268e+00,1.699463962972133004e+03,7.097072125729983472e-02,1.725365886107507407e+00,3.149286353136198182e-04,3.803728744562532558e-06,1.218708355440992532e-25,1.386754761138508651e-01
2.676758986855241237e+05,1.935330369988759625e+00,1.699463906203868873e+03,7.097070491233913037e-02,1.725365488873407127e+00,3.149283911384853879e-04,3.803726051882066921e-06,1.218705757001014762e-25,1.386754440858232740e-01
2.681502204724794137e+05,1.913148784465257712e+00,1.696625422706336622e+03,7.015752590522190968e-02,1.705602555974375933e+00,3.029346026692670679e-04,3.671246891562502775e-06,1.095283316757734533e-25,1.370820967360990295e-01
2.686245422594346455e+05,1.891188154799595011e+00,1.693786797127501131e+03,6.935243867509412186e-02,1.686036049251947277e+00,2.913615804371498595e-04,3.542994442790743965e-06,9.840246189676241224e-26,1.355047622977261779e-01
2.720511065066957963e+05,1.738935555402357114e+00,1.673275754546817780e+03,6.377056045179281540e-02,1.550370319123726803e+00,2.190810438582697570e-04,2.731332581001993842e-06,4.492265462133189653e-26,1.245728634504532223e-01
2.754776707539569470e+05,1.597430728563987712e+00,1.652756296184314351e+03,5.858238332429977629e-02,1.424264462833861211e+00,1.636268591828781587e-04,2.093120615182246179e-06,2.013068874357797515e-26,1.144181624260850322e-01
2.789042350012180395e+05,1.466020171845189957e+00,1.632227503985924841e+03,5.376404097645177266e-02,1.307141002068926694e+00,1.213580249569394954e-04,1.594155573569002440e-06,8.848575427942929367e-27,1.049921766193379763e-01
2.823307992484791903e+05,1.344083818391577534e+00,1.611688417902416404e+03,4.929287387315511165e-02,1.198451226306285644e+00,8.935664188727079655e-05,1.206367240170609762e-06,3.812230785649661416e-27,9.624915520306651096e-02
2.857573634957402828e+05,1.231033649970381338e+00,1.591138032566791026e+03,4.514738176261044039e-02,1.097674143600452901e+00,6.529846266744725224e-05,9.068393501531293266e-07,1.608519443268474152e-27,8.814591930535682629e-02
2.891839277430014336e+05,1.126312352043714604e+00,1.570575293682928987e+03,4.130717721087141803e-02,1.004315439422100775e+00,4.734375711357998416e-05,6.769651801156696994e-07,6.641163186932914309e-28,8.064171468850396540e-02
2.926104919902625843e+05,1.029392010549601055e+00,1.549999094092013820e+03,3.775294022060008553e-02,9.179064471081644916e-01,3.404583330079018379e-05,5.017226513529103516e-07,2.680647867123896915e-28,7.369807566493778717e-02
2.960370562375236768e+05,9.397728499671376134e-01,1.529408269478645707e+03,3.446637397652090734e-02,8.380031330224494424e-01,2.427481405122407866e-05,3.690551826991802659e-07,1.056808324887981981e-28,6.727869909898480383e-02
2.994636204847848276e+05,8.569820121582877315e-01,1.508801593673227217e+03,3.143016175132709589e-02,7.641850990926939424e-01,1.715451583017774126e-05,2.693456384648463534e-07,4.065095214711032698e-29,6.134932745284759487e-02
3.028901847320459201e+05,7.805723754052509289e-01,1.488177773501023921e+03,2.862792499768382695e-02,6.960546049845163230e-01,1.201051188385362672e-05,1.949718037981977463e-07,1.524026616663862401e-29,5.587763993938760221e-02
3.050957131111249328e+05,7.345684070170233060e-01,1.474893427051773870e+03,2.694076330671054537e-02,6.550344116144894979e-01,9.499308891222670568e-06,1.576478498489769587e-07,7.991221880203449614e-30,5.258357513910522779e-02
3.073012414902039454e+05,6.909251189424981954e-01,1.461601032299685585e+03,2.534016627994326379e-02,6.161186275276702151e-01,7.482099111788390065e-06,1.270052766687660359e-07,4.142532241555695177e-30,4.945871603051758131e-02
3.095067698692829581e+05,6.495389429229107003e-01,1.448300193718549053e+03,2.382233823041440129e-02,5.792150278225155491e-01,5.868173658185734782e-06,1.019358721321198741e-07,2.122287243990908026e-30,4.649560676047031355e-02
3.117122982483619708e+05,6.103101082884324624e-01,1.434990500708242507e+03,2.238362229827288441e-02,5.442347517533612233e-01,4.582214127038314731e-06,8.149970917163016850e-08,1.074175535827665690e-30,4.368707052298049370e-02
3.139178266274410416e+05,5.731425289414933122e-01,1.421671526744574066e+03,2.102049637285825778e-02,5.110922053999785719e-01,3.561912424172258876e-06,6.490213146018228642e-08,5.369327370277319768e-31,4.102620035411797678e-02
3.161233550065200543e+05,5.379436929409940893e-01,1.408342828470502809e+03,1.972956910131209995e-02,4.797049661793860720e-01,2.755919692231428054e-06,5.147350637984321291e-08,2.649548180942549061e-31,3.850635026711309722e-02
3.183288833855990670e+05,5.046245546490022438e-01,1.395003944723267296e+03,1.850757598332907275e-02,4.499936892229015051e-01,2.122084848437965656e-06,4.065146383857084645e-08,1.290201447263814249e-31,3.612112670647400769e-02
3.205344117646780796e+05,4.730994294037582093e-01,1.381654395492829963e+03,1.735137555163701953e-02,4.218820156377370845e-01,1.625947143912227786e-06,3.196536197554718281e-08,6.197202744171049551e-32,3.386438030188347603e-02
3.233658281185335363e+05,4.351260703089676052e-01,1.364500052637305998e+03,1.595867875526250923e-02,3.880201331466839321e-01,1.146472340179998300e-06,2.332345393799684640e-08,2.367754129699064065e-32,3.114608861122698802e-02
3.243783407254909398e+05,4.221995456766672317e-01,1.358360993987211714e+03,1.548458943570310900e-02,3.764931593302526247e-01,1.009678663635757142e-06,2.079878319230142363e-08,1.668688896713743725e-32,3.022076643326476048e-02
3.253908533324483433e+05,4.096050051043926277e-01,1.352219388028481490e+03,1.502267545368216745e-02,3.652622086218323960e-01,8.881945339050253692e-07,1.852888764164765769e-08,1.172321803910399106e-32,2.931921430545652435e-02
3.264033659394057468e+05,3.973352126756994340e-01,1.346075181108130664e+03,1.457267147752253772e-02,3.543208307413406311e-01,7.804245960632421720e-07,1.649000294424814092e-08,8.209760780185070843e-33,2.844091354223730883e-02
3.274158785463631502e+05,3.853830632734434603e-01,1.339928318501790500e+03,1.413431696787835826e-02,3.436626918257683627e-01,6.849268531322514881e-07,1.466039113382104373e-08,5.730670240130153542e-33,2.758535489255246193e-02
3.284283911533205537e+05,3.737415806742669377e-01,1.333778744383408821e+03,1.370735610825307704e-02,3.332815727494398139e-01,6.003992320043167674e-07,1.302018497830733356e-08,3.987036400241993037e-33,2.675203839715705606e-02
3.294409037602779572e+05,3.624039156646230442e-01,1.327626401793906325e+03,1.329153773627739406e-02,3.231713674619492438e-01,5.256672039444977858e-07,1.155124288397151448e-08,2.764668057618186419e-33,2.594047324794960044e-02
3.304534163672353607e+05,3.513633441781359723e-01,1.321471232608626678e+03,1.288661527574151699e-02,3.133260813436993253e-01,4.596723872901116061e-07,1.023701373448818756e-08,1.910563468857619195e-33,2.515017764929409691e-02
3.313307304802477011e+05,3.420321285933854982e-01,1.316135617639938800e+03,1.254438473670438543e-02,3.050050839795041546e-01,4.088161894893171926e-07,9.211683400713158756e-09,1.383244288656901914e-33,2.448224184930413924e-02
3.322080445932600414e+05,3.329147854582333310e-01,1.310797796677467204e+03,1.220999800874885376e-02,2.968747987725862680e-01,3.632417900244054514e-07,8.282168562343150330e-09,9.988427938816436335e-34,2.382961715293959587e-02
3.330853587062723818e+05,3.240071622349807723e-01,1.305457729667979038e+03,1.188330281083691507e-02,2.889315234583380576e-01,3.224378534218669444e-07,7.440183813958515483e-09,7.193508967891140234e-34,2.319200608776855049e-02
3.339626728192847222e+05,3.153051731124121293e-01,1.300115375829524282e+03,1.156414930769038459e-02,2.811716152087833653e-01,2.859387815910890813e-07,6.678099784393809064e-09,5.166710010383266221e-34,2.256911597905701672e-02
3.348399869322970626e+05,3.068047981417696968e-01,1.294770693625541298e+03,1.125239007887966769e-02,2.735914899196743577e-01,2.532848990797116622e-07,5.988896235351967985e-09,3.700852820045893320e-34,2.196065886942041162e-02
3.357173010453094030e+05,2.985020823856150418e-01,1.289423640754746430e+03,1.094788008499392694e-02,2.661876212419265197e-01,2.241674076513328327e-07,5.366118117704217259e-09,2.643528783422281149e-34,2.136635152516882727e-02
3.365946151583217434e+05,2.903931350714957227e-01,1.284074174125674972e+03,1.065047664090508321e-02,2.589565401629903008e-01,1.981959536827655168e-07,4.803834461883402946e-09,1.882985596641220104e-34,2.078591526781214949e-02
3.370332722148278845e+05,2.864101260530576565e-01,1.281398521964602651e+03,1.050439592133484146e-02,2.554047263375102128e-01,1.862896436840829570e-07,4.543658408753364529e-09,1.587508092355267835e-34,2.050081296091050415e-02
3.374719292713340838e+05,2.824741287559750513e-01,1.278722249836276660e+03,1.036003938231185549e-02,2.518948340378653339e-01,1.750532273460899617e-07,4.296599892777460280e-09,1.337438058765263228e-34,2.021907598597070393e-02
3.379105863278402248e+05,2.785846745090985732e-01,1.276045352122923077e+03,1.021738983607496480e-02,2.484264453795341776e-01,1.644516479381278061e-07,4.062048216249910084e-09,1.125947158288151852e-34,1.994067077979324795e-02
3.383492433843464241e+05,2.747412984962964710e-01,1.273367823153460449e+03,1.007643023619253161e-02,2.449991459132337956e-01,1.544515403474980571e-07,3.839418665816822359e-09,9.472110218377418434e-35,1.966556405591116108e-02
3.387879004408525652e+05,2.709435397310854254e-01,1.270689657202797207e+03,9.937143676634330874e-03,2.416125246024036499e-01,1.450211566546570697e-07,3.628151515707402332e-09,7.962650554858756554e-35,1.939372280273927648e-02
3.392265574973587645e+05,2.671909410311020250e-01,1.268010848491109755e+03,9.799513390837587268e-03,2.382661738005455998e-01,1.361302946489149285e-07,3.427711064789937518e-09,6.688804567747691470e-35,1.912511428171309591e-02
3.397639737668047892e+05,2.626543740938343530e-01,1.264728048337386099e+03,9.633130269986727584e-03,2.342207246013378319e-01,1.259311667501347185e-07,3.196151537359189297e-09,5.397027333788578725e-35,1.880039009519152843e-02
3.403013900362508139e+05,2.581840845661501072e-01,1.261444263812376448e+03,9.469177917470535805e-03,2.302343769540428076e-01,1.164488663423430461e-07,2.979177102692639519e-09,4.349834199098097714e-35,1.848041026659331953e-02
3.404621447763579781e+05,2.568596641492713051e-01,1.260461808269810035e+03,9.420603466119219227e-03,2.290533346828441952e-01,1.137446855877123407e-07,2.916980733550279597e-09,4.077130627817875810e-35,1.838560933864153216e-02
3.406228995164652006e+05,2.555410790008938449e-01,1.259479263372740206e+03,9.372243027303332058e-03,2.278774959017974833e-01,1.110992178694531293e-07,2.855991092367497903e-09,3.821135036667068781e-35,1.829122611658408337e-02
3.407836542565723648e+05,2.542283074473025706e-01,1.258496628824133722e+03,9.324095806159407585e-03,2.267068412851816761e-01,1.085112794588664053e-07,2.796186594351895169e-09,3.580847836058984561e-35,1.819725904849545800e-02
3.409444089966795291e+05,2.529213278810723553e-01,1.257513904325900512e+03,9.276161010254460257e-03,2.255413515663574342e-01,1.059797085989452949e-07,2.737546007048168484e-09,3.355327781806490970e-35,1.810370658720585404e-02
3.411051637367867515e+05,2.516201187609078960e-01,1.256531089578887531e+03,9.228437849580170896e-03,2.243810075376253543e-01,1.035033651330486243e-07,2.680048445159351035e-09,3.143688655639001647e-35,1.801056719028879677e-02
3.411212392107978812e+05,2.514903143960542931e-01,1.256432803128954220e+03,9.223677143107301621e-03,2.242652554099657525e-01,1.032587250326346377e-07,2.674360761517405273e-09,3.123255639133583939e-35,1.800127590989541657e-02
3.411373146848090109e+05,2.513605674994146000e-01,1.256334515773230805e+03,9.218918544322591765e-03,2.241495545285530910e-01,1.030146248923643495e-07,2.668684282062441237e-09,3.102952241575132502e-35,1.799198874322979411e-02
3.411533901588201406e+05,2.512308780495562943e-01,1.256236227511416701e+03,9.214162052440013836e-03,2.240339048742763239e-01,1.027710636069732530e-07,2.663018986471395180e-09,3.082777661118477827e-35,1.798270568875742423e-02
3.411694656328313285e+05,2.511012460250534595e-01,1.256137938343210635e+03,9.209407666673793610e-03,2.239183064280308166e-01,1.025280400732735938e-07,2.657364854454908480e-09,3.062731100751896813e-35,1.797342674494391279e-02
3.411855411068424582e+05,2.509716714044866737e-01,1.256039648268311566e+03,9.204655386238389317e-03,2.238027591707174024e-01,1.022855531901490234e-07,2.651721865757113818e-09,3.042811768267867381e-35,1.796415191025583016e-02
3.411871486542439670e+05,2.509587170988220040e-01,1.256029819210941923e+03,9.204180273957805400e-03,2.237912072596421609e-01,1.022613339752865421e-07,2.651158178991024872e-09,3.040826802195727377e-35,1.796322465272984920e-02
3.411887562016455340e+05,2.509457633669611720e-01,1.256019990144502117e+03,9.203705182721894432e-03,2.237796558602462571e-01,1.022371201148413915e-07,2.650594603435652760e-09,3.038843099739373133e-35,1.796229743627833150e-02
3.411903637490470428e+05,2.509328102088827506e-01,1.256010161068991692e+03,9.203230112529865378e-03,2.237681049725104565e-01,1.022129116077138448e-07,2.650031139070810968e-09,3.036860660114450839e-35,1.796137026089966032e-02
3.411919712964486098e+05,2.509198576245653123e-01,1.256000331984410423e+03,9.202755063380941083e-03,2.237565545964159686e-01,1.021887084528052341e-07,2.649467785876300158e-09,3.034879482537045555e-35,1.796044312659223971e-02
3.411927750701493933e+05,2.509133815475603213e-01,1.255995417438718050e+03,9.202517546697396023e-03,2.237507796002281002e-01,1.021766088820928683e-07,2.649186150961604951e-09,3.033889366771337881e-35,1.795997957483982249e-02
3.411935788438501186e+05,2.509069056139874854e-01,1.255990502890757853e+03,9.202280035274327044e-03,2.237450047319433644e-01,1.021645106490230193e-07,2.648904543831913550e-09,3.032899566223850662e-35,1.795951603335464719e-02
3.411943826175509021e+05,2.509004298238442510e-01,1.255985588340529830e+03,9.202042529111647412e-03,2.237392299915594018e-01,1.021524137534596192e-07,2.648622964484731592e-09,3.031910080796739329e-35,1.795905250213652993e-02
3.411951863912516856e+05,2.508939541771278425e-01,1.255980673788003514e+03,9.201805028209244369e-03,2.237334553790737424e-01,1.021403181951983214e-07,2.648341412915981492e-09,3.030920910386370102e-35,1.795858898118521396e-02
3.411959669942830224e+05,2.508876653434580772e-01,1.255975900904955552e+03,9.201574378864508033e-03,2.237278473558090564e-01,1.021285725956864122e-07,2.648068004226412876e-09,3.029960556229105226e-35,1.795813883214391130e-02
3.411967475973144174e+05,2.508813766450601612e-01,1.255971128031099170e+03,9.201343734480964612e-03,2.237222394531706016e-01,1.021168282821369589e-07,2.647794622303801733e-09,3.029000501110670468e-35,1.795768869278564772e-02
3.411975282003457542e+05,2.508750880819317630e-01,1.255966355193462732e+03,9.201113095058529104e-03,2.237166316711562686e-01,1.021050853136655159e-07,2.647521268505653189e-09,3.028040749943875177e-35,1.795723856311038855e-02
3.411983088033771492e+05,2.508687996540707732e-01,1.255961582402911290e+03,9.200882460597113038e-03,2.237110240097639480e-01,1.020933437139347294e-07,2.647247943375740891e-09,3.027081304643675084e-35,1.795678844311788397e-02
3.411983868636805564e+05,2.508681708187242565e-01,1.255961105126445773e+03,9.200859397423823485e-03,2.237104632502588675e-01,1.020921696292352889e-07,2.647220612439370839e-09,3.026985376932524682e-35,1.795674343165123629e-02
3.411984649239839637e+05,2.508675419847304355e-01,1.255960627850451147e+03,9.200836334300147024e-03,2.237099024919600443e-01,1.020909955582227892e-07,2.647193281789663951e-09,3.026889452278974879e-35,1.795669842028130986e-02
3.411985429842873709e+05,2.508669131520892548e-01,1.255960150574927411e+03,9.200813271226078449e-03,2.237093417348673396e-01,1.020898215008951656e-07,2.647165951426608646e-09,3.026793530682989324e-35,1.795665340900834753e-02
3.411985820144391037e+05,2.508665987361068384e-01,1.255959911937283096e+03,9.200801739701440496e-03,2.237090613566224684e-01,1.020892344772003733e-07,2.647152286348672958e-09,3.026745571018381620e-35,1.795663090339610565e-02
3.411986210445907782e+05,2.508662843204625403e-01,1.255959673299756560e+03,9.200790208189212754e-03,2.237087809786792170e-01,1.020886474569267206e-07,2.647138621342464995e-09,3.026697612118385616e-35,1.795660839780797643e-02
3.411986600747425109e+05,2.508659699051564718e-01,1.255959434662347803e+03,9.200778676689390020e-03,2.237085006010376131e-01,1.020880604400740222e-07,2.647124956407898318e-09,3.026649653982668283e-35,1.795658589224407437e-02
3.411986991048942436e+05,2.508656554901885216e-01,1.255959196025056599e+03,9.200767145201961886e-03,2.237082202236974071e-01,1.020874734266422384e-07,2.647111291544960520e-09,3.026601696611069792e-35,1.795656338670439597e-02
3.411987381350459182e+05,2.508653410755586899e-01,1.255958957387883174e+03,9.200755613726935289e-03,2.237079398466587654e-01,1.020868864166298472e-07,2.647097626753731008e-09,3.026553740003875594e-35,1.795654088118896902e-02
3.412182532108214218e+05,2.507081761939703446e-01,1.255839653575331340e+03,9.194991432486022270e-03,2.235677891664510919e-01,1.017938095884105217e-07,2.640274200539542739e-09,3.002670915699885387e-35,1.794529116094940868e-02
3.413158285896962043e+05,2.499236186799707604e-01,1.255243576157763528e+03,9.166216990493834121e-03,2.228681654940916079e-01,1.003411683656093166e-07,2.606424157447619349e-09,2.886070036892804364e-35,1.788913324779277045e-02
3.418037054840671481e+05,2.460323702733993589e-01,1.252274254331430711e+03,9.023501501484617465e-03,2.193981715956458967e-01,9.338715122666869630e-08,2.443673967348378045e-09,2.367903414474322921e-35,1.761060134544362513e-02
3.422915823784380918e+05,2.421932945308458429e-01,1.249323445313322964e+03,8.882699482391911983e-03,2.159747017347461440e-01,8.692178689047535501e-08,2.291251673789376546e-09,1.943249818968727933e-35,1.733580410066919153e-02
3.427794592728090356e+05,2.384058584538085446e-01,1.246391244223199237e+03,8.743791386210404692e-03,2.125972806622073719e-01,8.091074058603869580e-08,2.148502463362999946e-09,1.595172942830540306e-35,1.706470334614771864e-02
3.447309668502942077e+05,2.237619549299947608e-01,1.234850361978119281e+03,8.206711105566958167e-03,1.995386719855097024e-01,6.080316720144978186e-08,1.662520561372615832e-09,7.264560925166221241e-36,1.601650937323035803e-02
3.466824744277793798e+05,2.099024203016197077e-01,1.223614359120818563e+03,7.698398203005659551e-03,1.871795135035371205e-01,4.577440621782792984e-08,1.288576470766364538e-09,3.326645933687001622e-36,1.502446153209424477e-02
3.486339820052645518e+05,1.967945748215580992e-01,1.212688429889000645e+03,7.217654163219980497e-03,1.754906650685213454e-01,3.453488362935650146e-08,1.000708179033157913e-09,1.533401092921426367e-36,1.408622005422541061e-02
3.505854895827497239e+05,1.844065077278567721e-01,1.202077216076150989e+03,6.763308662199078551e-03,1.644436717974724071e-01,2.612131486618762818e-08,7.789352535742821024e-10,7.122212924436968464e-37,1.319950036793542461e-02
3.525369971602349542e+05,1.727070816572811585e-01,1.191784754567281880e+03,6.334219732070368175e-03,1.540107681338861723e-01,1.981001636697497151e-08,6.079024803784738261e-10,3.336021261595980970e-37,1.236207337340582309e-02
3.546782369659508695e+05,1.606264817491136199e-01,1.180862367397621028e+03,5.891150785337635580e-03,1.432379526132852854e-01,1.468472651706177074e-08,4.647027898585497145e-10,1.468284553369568152e-37,1.149736320106139499e-02
3.568194767716667848e+05,1.492993857980211836e-01,1.170331282964283446e+03,5.475717357624103679e-03,1.331370690019057224e-01,1.093376729124032683e-08,3.566460484163097633e-10,6.547113884731377054e-38,1.068658814807801546e-02
3.589607165773827001e+05,1.386879207997273322e-01,1.160193926389925309e+03,5.086530431044438555e-03,1.236743447591386741e-01,8.180836432338308142e-09,2.749130721643107432e-10,2.961489862879894139e-38,9.927037153794816826e-03
3.611019563830986153e+05,1.287553666179978018e-01,1.150451599179599953e+03,4.722243266220979389e-03,1.148170352579175463e-01,6.153774764495648095e-09,2.129199259303657606e-10,1.360592609744200116e-38,9.216081727164655846e-03
3.632431961888145306e+05,1.194661644803065026e-01,1.141104442062478256e+03,4.381551714978182584e-03,1.065334314027183982e-01,4.655674418823059047e-09,1.657515144560898682e-10,6.356365194719064695e-39,8.551176541184039165e-03
3.653844359945305041e+05,1.107859249183760914e-01,1.132151412073051688e+03,4.063194512386274042e-03,9.879286674093644416e-02,3.543960918544412133e-09,1.297373091699263691e-10,3.022880212482141843e-39,7.929859991355148185e-03
3.675256758002464194e+05,1.026814347952776374e-01,1.123590274792957416e+03,3.765953535087904810e-03,9.156572375126983965e-02,2.715276619285815975e-09,1.021342433549805538e-10,1.464842913590464245e-39,7.349754691509022796e-03
3.696669156059623347e+05,9.512066305229958940e-02,1.115417612263146566e+03,3.488654012511808317e-03,8.482343898434324680e-02,2.094572301665423158e-09,8.089014176315582689e-11,7.239352120919088063e-40,6.808567879982103423e-03
3.718081554116782499e+05,8.807276481149195480e-02,1.107628846631728720e+03,3.230164677661739869e-03,7.853850673258223891e-02,1.627243422082112855e-09,6.446749034001957981e-11,3.651553499235417357e-40,6.304091709537075310e-03
3.739493952173941652e+05,8.150808348475160892e-02,1.100218279145737370e+03,2.989397844706926342e-03,7.268448091923150611e-02,1.273464522868020202e-09,5.171229840679740553e-11,1.881062727436331555e-40,5.834203395636371366e-03
3.760906350231100805e+05,7.539815056745768906e-02,1.093179143651724871e+03,2.765309401587569705e-03,6.723597492027440226e-02,1.004107969157067815e-09,4.175658436252169922e-11,9.901489451282820685e-41,5.396865199731167191e-03
3.780127889879246941e+05,7.027823420224137141e-02,1.087170233727964842e+03,2.577530891618913869e-03,6.267031180289578396e-02,8.165104140991971014e-10,3.466199640825166487e-11,5.670694398749425456e-41,5.030390656554263248e-03
3.799349429527392494e+05,6.548384226124777385e-02,1.081448135315950822e+03,2.401691343081937928e-03,5.839493363305599261e-02,6.681160478838160291e-10,2.893150106242749959e-11,3.306318686254131480e-41,4.687216588062302104e-03
3.818570969175538048e+05,6.099680959866124463e-02,1.076006046132340089e+03,2.237124529877176481e-03,5.439364173295734711e-02,5.501361528141108759e-10,2.428246541924145919e-11,1.962793260155696744e-41,4.366042761408102033e-03
3.837792508823683602e+05,5.679972561742003406e-02,1.070836671330389208e+03,2.083191899703537662e-03,5.065091028738731571e-02,4.558517009099970118e-10,2.049386875870936597e-11,1.186423841117790506e-41,4.065622953983633915e-03
3.857014048471829155e+05,5.287592602171516803e-02,1.065932281910445909e+03,1.939282271595639279e-03,4.715187898978127901e-02,3.801082537057052487e-10,1.739238505863768445e-11,7.301657984959737683e-42,3.784764362837619682e-03
3.876235588119975291e+05,4.920948290626481897e-02,1.061284775166472855e+03,1.804811472454960920e-03,4.388234420492789778e-02,3.189373320448731237e-10,1.484168626488502768e-11,4.574764176560905571e-42,3.522326895102944559e-03
3.895457127768120845e+05,4.578519320984338059e-02,1.056885736125324684e+03,1.679221913584024893e-03,4.082874867286814119e-02,2.692720298856486264e-10,1.273420991149293918e-11,2.917435330600571806e-42,3.277222341384985159e-03
3.914678667416266399e+05,4.258856558690122390e-02,1.052726498978519885e+03,1.561982109199104357e-03,3.797816980203105874e-02,2.287329434434274290e-10,1.098481342296253246e-11,1.893264923058295609e-42,3.048413435953299319e-03
3.933900207064411952e+05,3.960580577526712914e-02,1.048798207574959179e+03,1.452586139782693301e-03,3.531830662118107950e-02,1.954666402059132983e-10,9.525874037799798031e-12,1.249874832251311193e-42,2.834912809310846833e-03
3.953121746712557506e+05,3.682380055960966792e-02,1.045091874133066312e+03,1.350553063932056694e-03,3.283746547908215213e-02,1.680234536940653332e-10,8.303497580336021087e-12,8.390958665838188409e-43,2.635781840268523399e-03
3.972343286360703642e+05,3.423010044849315175e-02,1.041598435436321097e+03,1.255426283026037960e-03,3.052454459697216682e-02,1.452647708630813610e-10,7.274578857720841264e-12,5.726268529267581181e-43,2.450129415955589959e-03
3.991564826008849195e+05,3.181290119776360864e-02,1.038308805892024793e+03,1.166772863578699384e-03,2.836901759222502234e-02,1.262924857410617185e-10,6.404517107758797635e-12,3.970588767772990333e-43,2.277110609262884659e-03
4.010786365656994749e+05,2.956102432436723618e-02,1.035213926954872022e+03,1.084182822565144628e-03,2.636091610171063457e-02,1.103951523540655179e-10,5.665436151340816495e-12,2.796112682859539397e-43,2.115925284030875913e-03
4.033386717630702187e+05,2.711049271311857453e-02,1.031811970813179641e+03,9.943069022121981022e-04,2.417566510281680958e-02,9.487718133281810421e-11,4.933716559198764725e-12,1.887024839540989022e-43,1.940520608278663165e-03
4.055987069604409044e+05,2.485776604551943533e-02,1.028652432559330464e+03,9.116856938808401249e-04,2.216680580739527340e-02,8.210989622845132909e-11,4.322826223003214992e-12,1.299008748095204849e-43,1.779274457810607743e-03
4.078587421578116482e+05,2.278775624323605212e-02,1.025721210340698008e+03,8.357658258645499563e-04,2.032088348732156644e-02,7.153479502235354109e-11,3.809746517992901344e-12,9.113258590220406187e-44,1.631106854705389585e-03
4.101187773551823921e+05,2.088639385961751915e-02,1.023004570306646542e+03,7.660312858783307989e-04,1.862535177471012077e-02,6.271774655460723833e-11,3.376281004885769753e-12,6.509836404664850710e-44,1.495010732935043996e-03
4.123788125525530777e+05,1.914057800218302990e-02,1.020489204823064028e+03,7.020015844129238189e-04,1.706852800555107644e-02,5.531928756782700241e-11,3.007970799685268897e-12,4.730479482830775656e-44,1.370048353891770284e-03
4.146388477499238215e+05,1.753812616593548521e-02,1.018162279521265418e+03,6.432299148180830933e-04,1.563954848381603896e-02,4.907241679600305440e-11,2.693267856446341565e-12,3.493680187638538481e-44,1.255347715535678208e-03
4.168988829472945072e+05,1.606772436851678157e-02,1.016011469827469000e+03,5.893013244559187035e-04,1.432832401472169601e-02,4.376590776584554206e-11,2.422902070019285919e-12,2.620063827294607599e-44,1.150098983150361041e-03
4.191589181446652510e+05,1.471887793792441175e-02,1.014024987767928451e+03,5.398309097874250161e-04,1.312549601990630616e-02,3.923170324756539662e-11,2.189394601574642152e-12,1.993451922396432938e-44,1.053550966809584533e-03
4.214189533420359949e+05,1.348186326042853309e-02,1.012191599943826645e+03,4.944620466752284440e-04,1.202239350885632094e-02,3.533534304117065083e-11,1.986681960768812047e-12,1.537405053247954245e-44,9.650076675749603029e-04
4.236789885394066805e+05,1.234768075216970996e-02,1.010500637624671072e+03,4.528646655660435011e-04,1.101099114154168758e-02,3.196865702690811495e-11,1.809824324486331270e-12,1.200864529760795784e-44,8.838249112834997917e-04
4.257885950098416652e+05,1.137443132601987164e-02,1.009041826635341067e+03,4.171696808439793970e-04,1.014310015691448352e-02,2.922657729647666670e-11,1.664490472541347377e-12,9.638595280772223445e-45,8.141614573703405888e-04
4.278982014802766498e+05,1.047725660543739890e-02,1.007690535334779383e+03,3.842648189548890304e-04,9.343048463208521517e-03,2.681142637701681105e-11,1.535434460723066807e-12,7.812000848570903427e-45,7.499432949271250251e-04
4.300078079507116345e+05,9.650340559153284745e-03,1.006439416596257161e+03,3.539367706074947610e-04,8.605649639632083348e-03,2.467501443888702722e-11,1.420381109545082537e-12,6.389616079939630560e-45,6.907541228183143502e-04
4.321174144211466191e+05,8.888290131943359096e-03,1.005281538644118768e+03,3.259877396180836510e-04,7.926094452449796227e-03,2.277726843454975518e-11,1.317420007534229060e-12,5.271059945024490771e-45,6.362079157807927401e-04
4.342270208915816038e+05,8.186107788462624810e-03,1.004210374486948240e+03,3.002344359257608469e-04,7.299926371067254165e-03,2.108472473650218164e-11,1.224940987592196704e-12,4.383192139912843995e-45,5.859469591599455367e-04
4.363366273620165884e+05,7.539165354095021115e-03,1.003219789496621274e+03,2.765071161771375722e-04,6.723018240723089775e-03,1.956932466987919174e-11,1.141581955548928471e-12,3.672172588531966457e-45,5.396399764838900187e-04
4.384462338324515731e+05,6.943179163871512558e-03,1.002304027542339441e+03,2.546486722858405010e-04,6.191550121645004491e-03,1.820744796310870231e-11,1.066186546120318708e-12,3.097978028402878995e-45,4.969803506670311677e-04
4.405558403028865578e+05,6.394186517329144420e-03,1.001457696044155341e+03,2.345137678888207220e-04,5.701988292772790234e-03,1.697913386172288278e-11,9.977696264491062153e-13,2.630575513012698032e-45,4.576844386906317040e-04
4.426654467733215424e+05,5.888523425790794658e-03,1.000675750266613477e+03,2.159680222035909112e-04,5.251065407991683913e-03,1.586745087888307206e-11,9.354890892560581575e-13,2.247225090226677124e-45,4.214899787925797990e-04
4.447750532437565271e+05,5.422803628971900082e-03,9.999534771308398149e+02,1.988872404393957375e-04,4.835761784282448933e-03,1.485798475369413932e-11,8.786352110004356939e-13,1.930559882414588141e-45,3.881545885134366435e-04
4.473133167464129510e+05,4.910985303580233524e-03,9.991573331182901256e+02,1.801157448342534709e-04,4.379349996171515332e-03,1.376158582464875010e-11,8.165160527016394123e-13,1.619235816861505377e-45,3.515195479963625414e-04
4.498515802490693750e+05,4.447483116048588613e-03,9.984341348154363232e+02,1.631162963097625759e-04,3.966023915966848321e-03,1.277729708673021072e-11,7.604181024607024992e-13,1.367554480160011657e-45,3.183428902342613038e-04
4.523898437517257407e+05,4.027762599449487280e-03,9.977773769879912606e+02,1.477225883434524949e-04,3.591739952316282299e-03,1.188998046584250443e-11,7.095658187961103555e-13,1.162330918425557137e-45,2.883000461902057547e-04
4.549281072543821647e+05,3.647707512840630238e-03,9.971810991729551006e+02,1.337836533071491045e-04,3.252827465087056343e-03,1.108693936504435995e-11,6.633038872209309843e-13,9.936388094396134733e-46,2.610963826961809468e-04
4.574663707570385886e+05,3.303582803921185484e-03,9.966398466908746059e+02,1.211625040820000891e-04,2.945955737474555049e-03,1.035747667321352909e-11,6.210762553391749635e-13,8.539310244255743495e-46,2.364645513860768027e-04
4.600046342596949544e+05,2.992000557868297432e-03,9.961486331993850172e+02,1.097348851949140355e-04,2.668103611024280012e-03,9.692540274475211632e-12,5.824091635794779296e-13,7.374153059972985223e-46,2.141620513741530332e-04
4.625428977623513783e+05,2.709888746223457299e-03,9.957029049877633042e+02,9.938812664987959386e-05,2.416531617586137153e-03,9.084437357361691061e-12,5.468973498692832561e-13,6.396063832380362087e-46,1.939689923561067225e-04
4.650811612650078023e+05,2.454462590793748261e-03,9.952985071430038033e+02,9.002009366780545441e-05,2.188756443196908028e-03,8.526603094090094024e-12,5.141927871569563726e-13,5.570014298985321031e-46,1.756860448882395943e-04
4.676194247676641680e+05,2.223198361091388141e-03,9.949316516612573196e+02,8.153822567903054846e-05,1.982527562059969301e-03,8.013412498856802981e-12,4.839954512556850664e-13,4.868426411464516085e-46,1.591325648549806403e-04
4.701576882703205920e+05,2.013809429282865417e-03,9.945988875328044969e+02,7.385865811246046606e-05,1.795805883649426995e-03,7.540026741942364056e-12,4.560457232873418444e-13,4.269419521190335551e-46,1.441448795249058350e-04
4.726959517729770159e+05,1.824224413467439047e-03,9.942970727925816163e+02,6.690542077646028935e-05,1.626744262072933947e-03,7.102267086555910376e-12,4.301181137028363875e-13,3.755505020275411888e-46,1.305747230856592475e-04
4.752342152756333817e+05,1.652567247943033477e-03,9.940233485002503357e+02,6.060970691411204084e-05,1.473669723817198603e-03,6.696511070098316636e-12,4.060160591772234256e-13,3.312606094082318185e-46,1.182878101091955743e-04
4.777724787782898056e+05,1.497139027605439614e-03,9.937751145926150684e+02,5.490920732674593947e-05,1.335067277569201459e-03,6.319606676628617317e-12,3.835675939282894053e-13,2.929315740070672466e-46,1.071625360063184604e-04
4.803107422809462296e+05,1.356401482487485212e-03,9.935500075357126661e+02,4.974750428463355187e-05,1.209565177707708477e-03,5.968801121608111179e-12,3.626217364366198589e-13,2.596330854593925188e-46,9.708879416372003185e-05
4.828490057836025953e+05,1.228961947455258982e-03,9.933458796931020061e+02,4.507352027419677184e-05,1.095921521094624833e-03,5.641681552557190024e-12,3.430454636167032108e-13,2.306017458682115129e-46,8.796690010170996770e-05
4.853872692862590193e+05,1.113559701063954145e-03,9.931607803199085538e+02,4.084101696063909448e-05,9.930120648085386751e-04,5.336125504587201607e-12,3.247211690776458891e-13,2.052074341041324289e-46,7.970661363392942127e-05
4.878555329355992144e+05,1.011798846258616519e-03,9.929973499463312692e+02,3.710882656974070370e-05,9.022672607410374846e-04,5.057894003878335515e-12,3.080036707497722879e-13,1.835038195064680386e-46,7.242275358194060191e-05
4.903237965849393513e+05,9.193898952725915782e-04,9.928487568710664846e+02,3.371962745686620249e-05,8.198619766455046655e-04,4.796752024926597910e-12,2.922858261403085336e-13,1.643421838852196540e-46,6.580828608118270034e-05
4.927920602342795464e+05,8.354697112895720888e-04,9.927136539366812258e+02,3.064176313734246968e-05,7.450265139813894372e-04,4.551336722274529546e-12,2.774910317952404644e-13,1.473835114743732755e-46,5.980142934201208935e-05
4.952603238836197415e+05,7.592549654938177128e-04,9.925908155272006752e+02,2.784650417201003946e-05,6.770623426490847549e-04,4.320429047091743489e-12,2.635504589156567563e-13,1.323407555665405293e-46,5.434611408874358388e-05
4.977285875329599367e+05,6.900347782348535816e-04,9.924791268097305874e+02,2.530777827390825780e-05,6.153355387802344600e-04,4.102935174851742744e-12,2.504020782658231184e-13,1.189697940048484565e-46,4.939145682737384378e-05
5.001968511823000736e+05,6.271640309440149703e-04,9.923775738853879602e+02,2.300192501551616891e-05,5.592708206681077472e-04,3.897870642148698290e-12,2.379898239671410378e-13,1.070621320328637536e-46,4.489128112453047523e-05
5.026651148316402687e+05,5.700572894226624927e-04,9.922852347809703133e+02,2.090747295871674455e-05,5.083461298860306567e-04,3.704346763451036179e-12,2.262628746908741948e-13,9.643898523800162727e-47,4.080368264730562872e-05
5.051333784809804638e+05,5.181832840299085020e-04,9.922012712163648303e+02,1.900493720965802487e-05,4.620877090185524427e-04,3.521558971582475032e-12,2.151750343231230015e-13,8.694645815972150376e-47,3.709063406496405918e-05
5.076016421303206589e+05,4.710598968669403781e-04,9.921249210864252746e+02,1.727663556826798615e-05,4.200656315046493111e-04,3.348776785427581732e-12,2.046841971057218891e-13,7.845159709563242066e-47,3.371762624056205465e-05
5.100699057796607958e+05,4.282496102956308303e-04,9.920554915998193337e+02,1.570652159770760347e-05,3.818897428737876064e-04,3.185335157351055819e-12,1.947518846755623718e-13,7.083914376657940243e-47,3.065334244404854715e-05
5.125381694290009909e+05,3.893553750540058932e-04,9.919923530211108300e+02,1.428003308299659018e-05,3.472059761556804377e-04,3.030626993161615347e-12,1.853428444275205436e-13,6.400885349213746936e-47,2.786936259935896568e-05
5.150064330783411860e+05,3.540168598550781100e-04,9.919349329660290095e+02,1.298395448095789659e-05,3.156930074761913523e-04,2.884096670762935635e-12,1.764247002890520970e-13,5.787327010766212540e-47,2.533989483740755081e-05
5.174746967276813812e+05,3.219070476945315581e-04,9.918827112034532547e+02,1.180629208608755719e-05,2.870592208293640626e-04,2.745234411231922154e-12,1.679676483789998381e-13,5.235587204754692002e-47,2.304153186587781861e-05
5.199429603770215181e+05,2.927291471634077438e-04,9.918352149210733160e+02,1.073616074957687479e-05,2.610399537538056610e-04,2.613571378988475209e-12,1.599441911789587202e-13,4.738952133783014945e-47,2.095302988650967683e-05
5.224112240263617132e+05,2.662137898811594021e-04,9.917920144149597945e+02,9.763681092111144090e-06,2.373949981556754477e-04,2.488675406821304960e-12,1.523289048127885722e-13,4.291516081889798075e-47,1.905510799236846534e-05
5.248794876757018501e+05,2.421164877489751443e-04,9.917527191663760959e+02,8.879886245860475644e-06,2.159063328252826090e-04,2.370147257481933440e-12,1.450982348413842590e-13,3.888071561224251002e-47,1.733026616258657771e-05
5.273477513250421034e+05,2.202153260895724771e-04,9.917169742720807335e+02,8.076637247864189604e-06,1.963760663044257406e-04,2.257617346919541748e-12,1.382303166620191664e-13,3.524016330335516331e-47,1.576262014143491391e-05
5.298160149743822403e+05,2.003088709035934169e-04,9.916844571971038249e+02,7.346546286375292629e-06,1.786245706912909664e-04,2.150742865438015702e-12,1.317048171766092900e-13,3.195274403127122641e-47,1.433775164347949794e-05
5.322842786237223772e+05,1.822142704495748587e-04,9.916548748215357136e+02,6.682907074234141121e-06,1.624887887325622744e-04,2.049205242490983640e-12,1.255027948787730848e-13,2.898228703351931361e-47,1.304257246807039261e-05
5.347525422730626306e+05,1.657655331587001412e-04,9.916279607552395419e+02,6.079631689512593275e-06,1.478206981613127834e-04,1.952707908781485159e-12,1.196065759202560507e-13,2.629663448534063350e-47,1.186520123556028673e-05
5.372208059224027675e+05,1.508119655408803386e-04,9.916034728966044440e+02,5.531193284014813197e-06,1.344859187064762613e-04,1.860974316052578729e-12,1.139996440656022105e-13,2.386714692009848758e-47,1.079485157541533071e-05
5.396890695717430208e+05,1.372167552380501403e-04,9.915811912134970498e+02,5.032574115210558114e-06,1.223624485367222142e-04,1.773746180644628199e-12,1.086665427396464325e-13,2.166827729920347489e-47,9.821730703704687802e-06
5.421573332210831577e+05,1.248556857459525316e-04,9.915609157264485702e+02,4.579218407253969797e-06,1.113395181191392797e-04,1.690781921716516344e-12,1.035927876238698267e-13,1.967720305149222354e-47,8.936947425184558653e-06
5.446255968704232946e+05,1.136159705683638263e-04,9.915424646758523295e+02,4.166989592317473476e-06,1.013165505812831785e-04,1.611855269130024722e-12,9.876478847210649010e-14,1.787350723121866473e-47,8.132428684143114397e-06
5.470938605197635479e+05,1.033951956981188922e-04,9.915256728565409503e+02,3.792131524929288826e-06,9.220221867318230001e-05,1.536754019483604178e-12,9.416977899887134807e-14,1.623890143473434498e-47,7.400843869083531148e-06
5.495621241691036848e+05,9.410036034709515034e-05,9.915103901045778230e+02,3.451233299698697861e-06,8.391358934242958839e-05,1.465278921755974320e-12,8.979575384992501944e-14,1.475698433526464884e-47,6.735536149892194925e-06
5.520303878184438217e+05,8.564700678143457365e-05,9.914964799224417220e+02,3.141197337073201506e-06,7.637534776848700841e-05,1.397242676560119929e-12,8.563141179844989632e-14,1.341303069559984786e-47,6.130460193000249792e-06
5.544986514677840751e+05,7.795843096695097025e-05,9.914838182300142080e+02,2.859210432897379550e-06,6.951909345912463155e-05,1.332469035177786685e-12,8.166610442481955979e-14,1.219380654190997033e-47,5.580125660793830450e-06
5.569669151171242120e+05,7.096496650045126602e-05,9.914722922299063157e+02,2.602717495812629984e-06,6.328270169925816896e-05,1.270791986405957731e-12,7.788978963632558998e-14,1.108740686174949434e-47,5.079545956698684948e-06
5.594351787664644653e+05,6.460333500254095758e-05,9.914617993766894415e+02,2.369397722204389602e-06,5.760974426652932390e-05,1.212055020838338564e-12,7.429298946772698051e-14,1.008311275235510227e-47,4.624191727459234875e-06
5.619034424158046022e+05,5.881605678275373159e-05,9.914522464405376923e+02,2.157142981702593520e-06,5.244896389447127572e-05,1.156110463575191890e-12,7.086675167617385712e-14,9.171265413084519422e-48,4.209948679602660766e-06
5.643717060651447391e+05,5.355091616437078847e-05,9.914435486566454756e+02,1.964038207385925956e-06,4.775379747821768031e-05,1.102818867530790196e-12,6.760261470668912057e-14,8.343154765590781818e-48,3.833079308345703468e-06
5.668399697144849924e+05,4.876047637940783883e-05,9.914356289525678676e+02,1.788343604026063292e-06,4.348194348419502609e-05,1.052048460519855898e-12,6.449257565835961586e-14,7.590920811036381937e-48,3.490188174645723855e-06
5.693082333638251293e+05,4.440163941881356230e-05,9.914284172463445657e+02,1.628478505113351231e-06,3.959496944843153245e-05,1.003674640177995168e-12,6.152906092802048392e-14,6.907466106696887227e-48,3.178190400064989266e-06
5.717764970131652663e+05,4.043524665338349682e-05,9.914218498089190916e+02,1.483006725192975885e-06,3.605795583197598413e-05,9.575795115227046516e-13,5.870489924846148614e-14,6.286377973813777419e-48,2.894283079930127831e-06
5.742447606625055196e+05,3.682571643129784605e-05,9.914158686849553987e+02,1.350623268359162037e-06,3.283917285006182087e-05,9.136514626130229272e-13,5.601329687308955226e-14,5.721859242117931272e-48,2.635919343212105104e-06
5.767130243118456565e+05,3.354071521222805883e-05,9.914104211666942774e+02,1.230142266739635195e-06,2.990978720736210594e-05,8.717847743273885428e-13,5.344781468910805962e-14,5.208666500071998189e-48,2.400784812893731905e-06
5.791812879611857934e+05,3.055085911898372135e-05,9.914054593159810338e+02,1.120486034576569884e-06,2.724359595795512449e-05,8.318792607664361948e-13,5.100234706752539292e-14,4.742054958696395330e-48,2.186776243570413878e-06
5.816495516105260467e+05,2.782944307874270272e-05,9.914009395300428196e+02,1.020675134185611636e-06,2.481678496818221186e-05,7.938399372097582995e-13,4.867110228099175550e-14,4.317729154869697700e-48,1.991982133863841081e-06
5.841178152598661836e+05,2.535219498980312663e-05,9.913968221469984883e+02,9.298193597532250027e-07,2.260770969590682468e-05,7.575767129213823937e-13,4.644858434025103400e-14,3.931798820678976377e-48,1.814665130117778342e-06
5.865860789092064369e+05,2.309705258903757202e-05,9.913930710874543593e+02,8.471095537070692624e-07,2.059669621302725605e-05,7.230041064173744197e-13,4.432957611718653655e-14,3.580739331509926588e-48,1.653246054969567159e-06
5.890543425585465739e+05,2.104396091211641886e-05,9.913896535288704399e+02,7.718101783486551039e-07,1.876586059150251083e-05,6.900409810854117750e-13,4.230912363743863020e-14,3.261356219422827570e-48,1.506289409915143393e-06
5.915226062078867108e+05,1.917468843517717479e-05,9.913865396096911127e+02,7.032525726484221574e-07,1.709894494847735716e-05,6.586102992878949622e-13,4.038252143864420157e-14,2.970753301884561776e-48,1.372490215058580126e-06
5.939908698572269641e+05,1.747266016484343002e-05,9.913837021605071413e+02,6.408288306400353988e-07,1.558116860502506152e-05,6.286388932893730888e-13,3.854529890178104716e-14,2.706304030701762920e-48,1.250662061994141251e-06
5.964591335065671010e+05,1.592280610506110396e-05,9.913811164597675543e+02,5.839862437762347641e-07,1.419909295710092218e-05,6.000572515339487873e-13,3.679320747309680150e-14,2.465625713368751019e-48,1.139726267333485514e-06
5.989273971559072379e+05,1.451142367566754254e-05,9.913787600117904049e+02,5.322222549797155839e-07,1.294049878789342575e-05,5.727993189577817249e-13,3.512220870287153836e-14,2.246556300097651472e-48,1.038702024872875539e-06
6.013956608052474912e+05,1.322605279037025710e-05,9.913766123450260466e+02,4.850798769916718435e-07,1.179427486914950141e-05,5.468023101631107405e-13,3.352846303492736796e-14,2.047133465482121337e-48,9.466974638983117748e-07
6.038639244545876281e+05,1.205536242215406267e-05,9.913746548287158475e+02,4.421435320343131077e-07,1.075031680636462184e-05,5.220065344031628471e-13,3.200831928758940393e-14,1.865575744833257122e-48,8.629015297402734095e-07
6.063321881039278815e+05,1.098904759322075236e-05,9.913728705062607105e+02,4.030352738044890696e-07,9.799435180004913498e-06,4.983552314355620798e-13,3.055830477270463043e-14,1.700265512368836268e-48,7.865766104978143701e-07
6.088004517532680184e+05,1.001773582547199097e-05,9.913712439437676949e+02,3.674113564430600396e-07,8.933272123127971722e-06,4.757944173975363344e-13,2.917511600461603279e-14,1.549733612203895100e-48,7.170518409314261050e-07
6.112687154026081553e+05,9.132902177180287579e-06,9.913697610923846923e+02,3.349591184120876233e-07,8.144225555699960439e-06,4.542727399393140826e-13,2.785560995556231253e-14,1.412645473926348560e-48,6.537170209398891421e-07
6.137369790519484086e+05,8.326792072778718560e-06,9.913684091631606634e+02,3.053941521931577477e-07,7.425380368392769205e-06,4.337413419269026600e-13,2.659679581811976361e-14,1.287788562871408403e-48,5.960170918546544920e-07
6.158741145337134367e+05,7.686955151670329055e-06,9.913673353440024130e+02,2.819274361599110860e-07,6.854808571763722876e-06,4.167283016118237858e-13,2.555368197518598142e-14,1.188708836257535074e-48,5.502187014647112981e-07
6.180112500154785812e+05,7.096646756222961671e-06,9.913663440087626668e+02,2.602772328065112250e-07,6.328403623811468955e-06,4.003939615717552122e-13,2.455216786934374931e-14,1.097317083044648094e-48,5.079654746588517219e-07
6.201483854972437257e+05,6.552005065839091341e-06,9.913654287750540561e+02,2.403019056499336508e-07,5.842721762673159043e-06,3.847107154022238049e-13,2.359056289601496812e-14,1.013011140637837930e-48,4.689809892147199891e-07
6.222855209790088702e+05,6.049471532061533473e-06,9.913645837578959572e+02,2.218709410438027071e-07,5.394589668110647266e-06,3.696521100591710114e-13,2.266724691488446407e-14,9.352365379116548829e-49,4.330105305877273111e-07
6.244226564607740147e+05,5.585766894471059088e-06,9.913638035306775009e+02,2.048640685352646659e-07,4.981083073790464225e-06,3.551927954071374816e-13,2.178066718627458967e-14,8.634826635500441225e-49,3.998193751718682777e-07
6.265597919425391592e+05,5.157869106436923042e-06,9.913630830892050199e+02,1.891704512677991681e-07,4.599507082666876484e-06,3.413084761817226882e-13,2.092933545206948216e-14,7.972792484705500199e-49,3.691912102644360441e-07
6.286969274243043037e+05,4.762993017612448385e-06,9.913624178185884830e+02,1.746879408145746212e-07,4.247378048934812851e-06,3.279758662294487206e-13,2.011182515322435234e-14,7.361931358074435989e-49,3.409266797753694002e-07
6.308340629060694482e+05,4.398571672438611722e-06,9.913618034627418183e+02,1.613223912806591616e-07,3.922406901050946772e-06,3.151726448990789480e-13,1.932676877647408768e-14,6.798253142735079654e-49,3.148420456075920183e-07
6.329711983878344763e+05,4.062239095254579866e-06,9.913612360962880530e+02,1.489870279281643583e-07,3.622483790430150336e-06,3.028774154664035569e-13,1.857285532333654427e-14,6.278081928407853629e-49,2.907679554459939179e-07
6.351083338695996208e+05,3.751814443039270353e-06,9.913607120986805512e+02,1.376018659607495062e-07,3.345663959721013315e-06,2.910696654828960854e-13,1.784882789495856089e-14,5.798030966039177411e-49,2.685483084390138505e-07
6.368076690814940957e+05,3.522129749214713049e-06,9.913603241667003658e+02,1.291779298654518384e-07,3.140843635490740883e-06,2.820155875196828205e-13,1.729364686868463702e-14,5.442870549401980230e-49,2.521078845492864132e-07
6.385070042933884542e+05,3.306612293116946709e-06,9.913599599774423723e+02,1.212735926529599711e-07,2.948656884131366883e-06,2.732477528705982776e-13,1.675601523517550394e-14,5.109641322955072852e-49,2.366815263288520739e-07
6.402063395052829292e+05,3.104381718309074958e-06,9.913596180668457691e+02,1.138565662908624575e-07,2.768318651591319874e-06,2.647569548659898987e-13,1.623536877158343119e-14,4.796977575811455543e-49,2.222062194345691931e-07
6.419056747171772877e+05,2.914612775647386731e-06,9.913592970617971787e+02,1.068965838668457398e-07,2.599093025510199526e-06,2.565342891163216400e-13,1.573116175902464162e-14,4.503599431184287447e-49,2.086228940048908086e-07
6.436050099290717626e+05,2.736531848791395893e-06,9.913589956744399387e+02,1.003652721579835492e-07,2.440290136857315887e-06,2.485711432841310348e-13,1.524286635837625426e-14,4.228307393318184908e-49,1.958761759620867553e-07
6.453043451409661211e+05,2.569413700337511771e-06,9.913587126968424172e+02,9.423603229163899695e-08,2.291263258310404862e-06,2.408591872214024305e-13,1.476997200820175696e-14,3.969977245632908522e-49,1.839141541063095611e-07
6.470036803528604796e+05,2.412578424468751919e-06,9.913584469960011347e+02,8.848392798056736049e-08,2.151406086794131196e-06,2.333903634577580550e-13,1.431198484393652657e-14,3.727555277022818645e-49,1.726881619917052144e-07
6.487030155647549545e+05,2.265388592922609951e-06,9.913581975091593677e+02,8.308558084817368105e-08,2.020150198409231393e-06,2.261568780255955569e-13,1.386842713751023916e-14,3.500053814816762350e-49,1.621525736398997443e-07
6.504023507766493130e+05,2.127246581931303440e-06,9.913579632394202008e+02,7.801907239112956188e-08,1.896962664742988809e-06,2.191511916093111641e-13,1.343883675663410275e-14,3.286547044355071471e-49,1.522646122071567991e-07
6.517045687918982003e+05,2.027159276418288079e-06,9.913577934288797451e+02,7.434826164653278970e-08,1.807710248335821437e-06,2.139322698447328736e-13,1.311881039345990745e-14,3.131862207204955152e-49,1.451005393848535675e-07
6.530067868071469711e+05,1.931817240117824973e-06,9.913576316063436025e+02,7.085148881914917883e-08,1.722689405147795644e-06,2.088396441739770099e-13,1.280652789820637311e-14,2.984515949491814333e-49,1.382761245047081154e-07
6.543090048223957419e+05,1.840993788654635077e-06,9.913574773931707114e+02,6.752044001236024200e-08,1.641697990367075073e-06,2.038702074642627050e-13,1.250179880236038380e-14,2.844157264987353284e-49,1.317751419031933847e-07
6.556112228376446292e+05,1.754473147515444953e-06,9.913573304288039481e+02,6.434720146063742946e-08,1.564543588004215628e-06,1.990209304407829004e-13,1.220443740692408662e-14,2.710452081045023529e-49,1.255821468252240916e-07
6.569134408528934000e+05,1.672049923104808236e-06,9.913571903698995129e+02,6.132424012993718095e-08,1.491043039208472969e-06,1.942888596882964705e-13,1.191426266022061676e-14,2.583082433871180288e-49,1.196824375632760857e-07
6.582156588681421708e+05,1.593528599632766384e-06,9.913570568894992903e+02,5.844438526550694151e-08,1.421021993619541370e-06,1.896711157062221047e-13,1.163109803895292240e-14,2.461745684422976525e-49,1.140620194455045179e-07
6.595178768833910581e+05,1.518723060548152467e-06,9.913569296762429985e+02,5.570081083992962566e-08,1.354314482607764471e-06,1.851648910145419753e-13,1.135477143235554285e-14,2.346153772872699104e-49,1.087075705807961039e-07
6.608200948986398289e+05,1.447456133353556337e-06,9.913568084336185393e+02,5.308701885871557965e-08,1.290762513364840446e-06,1.807674483116955804e-13,1.108511502951475811e-14,2.236032509783121857e-49,1.036064092774373927e-07
6.616115883676455123e+05,1.405796841744806689e-06,9.913567375386883214e+02,5.155911908322098065e-08,1.253613023160240708e-06,1.781466806649202246e-13,1.092440625244983381e-14,2.171662010077095332e-49,1.006245104302584576e-07
6.624030818366511958e+05,1.365345944785515152e-06,9.913566686839327531e+02,5.007553849723282078e-08,1.217541113628656785e-06,1.755645254503927734e-13,1.076606509761629065e-14,2.109159533298584456e-49,9.772910632903520446e-08
6.631945753056569956e+05,1.326068119755000880e-06,9.913566018101811324e+02,4.863498160146518750e-08,1.182515285886739072e-06,1.730204044346204866e-13,1.061005611514577064e-14,2.048470426713241805e-49,9.491766863633640342e-08
6.639860687746626791e+05,1.287929084346586855e-06,9.913565368599922749e+02,4.723619105495053942e-08,1.148504968835836564e-06,1.705137481966121369e-13,1.045634439518104340e-14,1.989541650109389716e-49,9.218774348570756375e-08
6.647775622436683625e+05,1.250895565794403684e-06,9.913564737776032416e+02,4.587794654273161452e-08,1.115480491630957186e-06,1.680439959908324229e-13,1.030489555948809542e-14,1.932321727790230125e-49,8.953694927182367570e-08
6.655690557126740459e+05,1.214935270911990468e-06,9.913564125088802257e+02,4.455906367699441074e-08,1.083413056962819816e-06,1.656105956116177320e-13,1.015567575315858818e-14,1.876760701993943565e-49,8.696297450590524508e-08
6.663605491816797294e+05,1.180016857030992706e-06,9.913563530012704632e+02,4.327839293121313763e-08,1.052274715142562570e-06,1.632130032600396434e-13,1.000865163646194103e-14,1.822810087721387961e-49,8.446357573556206276e-08
6.667562959161818726e+05,1.162938813848392215e-06,9.913563238918811749e+02,4.265203715407901765e-08,1.037045445354162242e-06,1.620274674248791458e-13,9.935952682014000913e-15,1.796423925265245577e-49,8.324115937673073298e-08
6.671520426506840158e+05,1.146109903850048970e-06,9.913562952037558489e+02,4.203481860767755687e-08,1.022038338998109815e-06,1.608506834158027778e-13,9.863790377004186347e-15,1.770422828985543712e-49,8.203657552978787633e-08
6.675477893851861591e+05,1.129526464124817096e-06,9.913562669307494843e+02,4.142660295075001721e-08,1.007250129689245653e-06,1.596825855647459663e-13,9.792160695334727901e-15,1.744801133185384630e-49,8.084956201007504533e-08
6.679435361196883023e+05,1.113184886033997582e-06,9.913562390668074613e+02,4.082725783253888816e-08,9.926775994396316903e-07,1.585231087049527226e-13,9.721059641630736716e-15,1.719553256236519179e-49,7.967986051765856536e-08
6.683392828541904455e+05,1.097081614403070216e-06,9.913562116059642904e+02,4.023665286314367917e-08,9.783175779377793324e-07,1.573721881672303075e-13,9.650483251010188441e-15,1.694673699324068823e-49,7.852721657947576822e-08
6.687350295886925887e+05,1.081213146712689454e-06,9.913561845423420209e+02,3.965465958384992463e-08,9.641669418272255630e-07,1.562297597752725612e-13,9.580427588798530719e-15,1.670157045189757998e-49,7.739137949142681706e-08
6.692198328765806509e+05,1.062088687267608947e-06,9.913561519213619704e+02,3.895324927316445423e-08,9.471127894391707221e-07,1.548417263528906068e-13,9.495310973871472833e-15,1.640610082525384798e-49,7.602248421823672811e-08
6.697046361644687131e+05,1.043305185574244604e-06,9.913561198773353453e+02,3.826434395913620722e-08,9.303626846408773796e-07,1.534662255338701305e-13,9.410962845191682615e-15,1.611590077193103243e-49,7.467799409704255983e-08
6.699162627104409039e+05,1.035211141340906329e-06,9.913561060677321848e+02,3.796748610113048082e-08,9.231448563968069630e-07,1.528696913975020324e-13,9.374382312435297499e-15,1.599085052424485914e-49,7.409863659889492040e-08
6.701278892564132111e+05,1.027180394916018821e-06,9.913560923652609063e+02,3.767294975914332257e-08,9.159834736976314487e-07,1.522755139207006935e-13,9.337946287849866602e-15,1.586677854000483170e-49,7.352380984578378455e-08
6.703395158023854019e+05,1.019212447371095578e-06,9.913560787690837515e+02,3.738071663442870103e-08,9.088780916260326612e-07,1.516836836405864989e-13,9.301654191254660417e-15,1.574367710315413922e-49,7.295347812529630815e-08
6.705511423483575927e+05,1.011306803748549873e-06,9.913560652783695559e+02,3.709076857387768267e-08,9.018282688057263664e-07,1.510941911334965449e-13,9.265505444872416136e-15,1.562153855912838444e-49,7.238760600924934788e-08
6.707627688943297835e+05,1.003462972994071032e-06,9.913560518922936353e+02,3.680308756753823343e-08,8.948335673411572319e-07,1.505070270121370662e-13,9.229499473154421935e-15,1.550035531380490107e-49,7.182615834884905173e-08
6.707839315489267465e+05,1.002681970839527152e-06,9.913560505594095957e+02,3.677444346585810999e-08,8.941371121161828414e-07,1.504484383011117629e-13,9.225906706510647993e-15,1.548828924016553698e-49,7.177025558314124735e-08
6.708050942035237094e+05,1.001901581454278178e-06,9.913560492275629485e+02,3.674582183815879761e-08,8.934412033255567508e-07,1.503898727711256724e-13,9.222315361309585216e-15,1.547623263663267422e-49,7.171439667837443015e-08
6.708262568581206724e+05,1.001121804353713269e-06,9.913560478967528979e+02,3.671722266666663336e-08,8.927458405371295266e-07,1.503313304128521617e-13,9.218725436979290517e-15,1.546418549571016217e-49,7.165858159986131716e-08
6.708474195127176354e+05,1.000342639053611429e-06,9.913560465669785344e+02,3.668864593362232082e-08,8.920510233190991248e-07,1.502728112169705045e-13,9.215136932948655421e-15,1.545214780990992525e-49,7.160281031294191574e-08
6.708495357781779021e+05,1.000264756153996551e-06,9.913560464340580438e+02,3.668578949374923349e-08,8.919815715870543475e-07,1.502669605709573959e-13,9.214778160640072821e-15,1.545094456107372094e-49,7.159723559145432907e-08
6.708516520436380524e+05,1.000186879367064182e-06,9.913560463011478987e+02,3.668293327806543190e-08,8.919121253059678118e-07,1.502611101564632248e-13,9.214419402528301233e-15,1.544974140670677414e-49,7.159166130750158484e-08
6.708537683090983192e+05,1.000109008692330242e-06,9.913560461682480991e+02,3.668007728655315481e-08,8.918426844754072134e-07,1.502552599734846841e-13,9.214060658612581772e-15,1.544853834680071165e-49,7.158608746104900763e-08
6.708558845745585859e+05,1.000031144129313406e-06,9.913560460353586450e+02,3.667722151919477336e-08,8.917732490949443771e-07,1.502494100220048356e-13,9.213701928892471098e-15,1.544733538134901761e-49,7.158051405206212055e-08
6.708560962011042284e+05,1.000023358009137139e-06,9.913560460220702453e+02,3.667693595478670236e-08,8.917663058566362238e-07,1.502488250395887704e-13,9.213666056701077182e-15,1.544721508999774145e-49,7.157995673522287331e-08
6.708563078276498709e+05,1.000015571950072816e-06,9.913560460087819592e+02,3.667665039261997980e-08,8.917593626728248997e-07,1.502482400594873620e-13,9.213630184651731871e-15,1.544709479959187820e-49,7.157939942275771745e-08
6.708565194541953970e+05,1.000007785952119803e-06,9.913560459954937869e+02,3.667636483269456598e-08,8.917524195435088167e-07,1.502476550817024278e-13,9.213594312744357857e-15,1.544697451013053147e-49,7.157884211466708971e-08
6.708566252674689749e+05,1.000003892968420912e-06,9.913560459888497007e+02,3.667622205329220445e-08,8.917489479924745060e-07,1.502473625931042500e-13,9.213576376808739709e-15,1.544691436563552481e-49,7.157856346171538141e-08
