 z(m),p_tot(bar),T(K),p_H2O(bar),p_CO2(bar),p_CO(bar),p_H2(bar),p_CH4(bar),p_O2(bar)
0.000000000000000000e+00,3.209915583215999959e+02,1.447786071004388987e+03,1.273905572804198414e+02,1.836681081120286478e+02,0.000000000000000000e+00,9.932891777887547846e+00,0.000000000000000000e+00,1.151263958158179391e-06
1.608983338120414373e+03,3.088619833769074603e+02,1.446785357406028425e+03,1.225767443569320676e+02,1.767276885759400784e+02,0.000000000000000000e+00,9.557549336275121377e+00,0.000000000000000000e+00,1.107760189602334140e-06
3.516541581920942917e+03,2.951177765995471418e+02,1.445426869242039857e+03,1.171221393514289133e+02,1.688633931112938171e+02,0.000000000000000000e+00,9.132243078358985855e+00,0.000000000000000000e+00,1.058465404471582819e-06
5.424099825721471461e+03,2.819801764593906910e+02,1.443875599494047719e+03,1.119082757472494194e+02,1.613461918007929228e+02,0.000000000000000000e+00,8.725707900002074524e+00,0.000000000000000000e+00,1.011346266457048252e-06
7.331658069522000005e+03,2.694208960376044502e+02,1.442110347196741259e+03,1.069239274349818061e+02,1.541598991569009911e+02,0.000000000000000000e+00,8.337068479420308265e+00,0.000000000000000000e+00,9.663013220802939538e-07
9.239216313322527640e+03,2.574129274046782143e+02,1.440109589362736642e+03,1.021583758922784000e+02,1.472890615167768829e+02,0.000000000000000000e+00,7.965489072389222436e+00,0.000000000000000000e+00,9.232337050685986398e-07
1.114677455712305709e+04,2.459304939996558517e+02,1.437851647051334794e+03,9.760139128480288662e+01,1.407189297941542634e+02,0.000000000000000000e+00,7.610172038647736947e+00,0.000000000000000000e+00,8.820509655589528004e-07
1.305433280092358473e+04,2.349490047311138312e+02,1.435314840021622558e+03,9.324321425048060519e+01,1.344354332163879064e+02,0.000000000000000000e+00,7.270356421580397743e+00,0.000000000000000000e+00,8.426649054772521990e-07
1.496189104472411236e+04,2.244450094972140448e+02,1.432477625294468908e+03,8.907453824693062927e+01,1.284251538734799851e+02,0.000000000000000000e+00,6.945316571812011119e+00,0.000000000000000000e+00,8.049914190071240992e-07
1.686944928852464000e+04,2.143961558737543669e+02,1.429318715783682592e+03,8.508649236243624614e+01,1.226753019354224961e+02,0.000000000000000000e+00,6.634360806945276856e+00,0.000000000000000000e+00,7.689503372478788104e-07
1.877700753232516945e+04,2.047811467712694480e+02,1.425817176005964029e+03,8.127062451149831190e+01,1.171736914240207597e+02,0.000000000000000000e+00,6.336830101285096717e+00,0.000000000000000000e+00,7.344652763480425041e-07
2.003795534114536349e+04,1.986536240327303915e+02,1.423304453725656913e+03,7.883882057094463391e+01,1.136675851741070460e+02,0.000000000000000000e+00,6.147217575190332184e+00,0.000000000000000000e+00,7.124883866174815834e-07
2.129890314996555753e+04,1.927011662103926994e+02,1.420627229542468967e+03,7.647649390060874453e+01,1.102616492904285650e+02,0.000000000000000000e+00,5.963022328216006862e+00,0.000000000000000000e+00,6.911393823347949225e-07
2.255985095878575157e+04,1.869183304123597509e+02,1.417779781475702748e+03,7.418148440308637248e+01,1.069527694055467038e+02,0.000000000000000000e+00,5.784075933327932795e+00,0.000000000000000000e+00,6.703987420979198248e-07
2.382079876760594925e+04,1.812998494065458033e+02,1.414756480147501861e+03,7.195170169433676222e+01,1.037379316627817616e+02,0.000000000000000000e+00,5.610215399179701024e+00,0.000000000000000000e+00,6.502475745238824963e-07
2.508174657642614329e+04,1.758406266461011853e+02,1.411551786836097108e+03,6.978512312944435791e+01,1.006142198698117909e+02,0.000000000000000000e+00,5.441283016177441034e+00,0.000000000000000000e+00,6.306676004070561332e-07
2.634269438524633733e+04,1.705357313474206649e+02,1.408160249193169648e+03,6.767979184924875824e+01,9.757881268235902894e+01,0.000000000000000000e+00,5.277126204171732837e+00,0.000000000000000000e+00,6.116411350660120610e-07
2.760364219406653137e+04,1.653803936217391310e+02,1.404576494623162944e+03,6.563381484824191148e+01,9.462898081853839471e+01,0.000000000000000000e+00,5.117597361807750822e+00,0.000000000000000000e+00,5.931510708825674132e-07
2.886459000288672542e+04,1.603699996618265402e+02,1.400795221320042629e+03,6.364536106433203599e+01,9.176208430473323574e+01,0.000000000000000000e+00,4.962553717580411750e+00,0.000000000000000000e+00,5.751808600384504673e-07
3.012553781170691946e+04,1.555000869857078669e+02,1.396811186951599666e+03,6.171265949123900896e+01,8.897556975410022062e+01,0.000000000000000000e+00,4.811857182654139642e+00,0.000000000000000000e+00,5.577144974564916151e-07
3.104329277636490224e+04,1.520414801473934574e+02,1.393781024345016021e+03,6.034005687561098341e+01,8.699659006373686054e+01,0.000000000000000000e+00,4.704832662735706883e+00,0.000000000000000000e+00,5.453099052011355206e-07
3.196104774102288502e+04,1.486533855494666909e+02,1.390638705673433151e+03,5.899543815353156617e+01,8.505795676085625701e+01,0.000000000000000000e+00,4.599990101920650609e+00,0.000000000000000000e+00,5.331582111883119014e-07
3.287880270568087144e+04,1.453342255959157114e+02,1.387382242735391173e+03,5.767817723116773720e+01,8.315876716105022126e+01,0.000000000000000000e+00,4.497280682443990152e+00,0.000000000000000000e+00,5.212537572336170425e-07
3.379655767033885058e+04,1.420824606734743440e+02,1.384009647898740695e+03,5.638766308873756117e+01,8.129814031325166468e+01,0.000000000000000000e+00,4.396656761894091048e+00,0.000000000000000000e+00,5.095910213810466621e-07
3.471431263499683701e+04,1.388965882354434314e+02,1.380518929620145855e+03,5.512329941691018576e+01,7.947521647550655643e+01,0.000000000000000000e+00,4.298071844862064950e+00,0.000000000000000000e+00,4.981646146170413902e-07
3.563206759965482343e+04,1.357751418955365068e+02,1.376908087565620917e+03,5.388450425718429670e+01,7.768915659648156691e+01,0.000000000000000000e+00,4.201480554901364961e+00,0.000000000000000000e+00,4.869692776204865708e-07
3.654982256431280257e+04,1.327166905318933345e+02,1.373175107314998058e+03,5.267070964630170238e+01,7.593914180278973447e+01,0.000000000000000000e+00,4.106838606802021729e+00,0.000000000000000000e+00,4.759998775491788451e-07
3.746757752897078899e+04,1.297198374013505031e+02,1.369317954631178736e+03,5.148136126473171714e+01,7.422437289218510159e+01,0.000000000000000000e+00,4.014102779182275427e+00,0.000000000000000000e+00,4.652514048630817049e-07
3.812035642589485360e+04,1.276249791512328216e+02,1.366497743912499118e+03,5.064998376277696224e+01,7.302571628708989238e+01,0.000000000000000000e+00,3.949278643627949226e+00,0.000000000000000000e+00,4.577380147495806587e-07
3.877313532281892549e+04,1.255601136194423759e+02,1.363612919573680301e+03,4.983050934363858175e+01,7.184422121066884870e+01,0.000000000000000000e+00,3.885382614802743717e+00,0.000000000000000000e+00,4.503321961117841640e-07
3.942591421974299010e+04,1.235247685330731429e+02,1.360662720840282418e+03,4.902275057837297112e+01,7.067961743316385537e+01,0.000000000000000000e+00,3.822400078504061050e+00,0.000000000000000000e+00,4.430322551021093898e-07
4.007869311666705471e+04,1.215184796623564694e+02,1.357646375919395041e+03,4.822652323008228592e+01,6.953163932701826866e+01,0.000000000000000000e+00,3.760316669419380808e+00,0.000000000000000000e+00,4.358365267203809428e-07
4.073147201359112660e+04,1.195407906674171841e+02,1.354563100557029429e+03,4.744164619309724884e+01,6.840002577919234739e+01,0.000000000000000000e+00,3.699118266384215037e+00,0.000000000000000000e+00,4.287433742642079164e-07
4.138425091051519121e+04,1.175912529463040386e+02,1.351412096517169175e+03,4.666794143266557171e+01,6.728452010420777185e+01,0.000000000000000000e+00,3.638790987679505040e+00,0.000000000000000000e+00,4.217511887839321123e-07
4.203702980743925582e+04,1.156694254842956582e+02,1.348192549978021361e+03,4.590523392514671031e+01,6.618486995792207495e+01,0.000000000000000000e+00,3.579321186368480845e+00,0.000000000000000000e+00,4.148583885421508754e-07
4.244618102857415215e+04,1.144787886281798990e+02,1.346139275818474289e+03,4.543271092979980352e+01,6.550359964678156643e+01,0.000000000000000000e+00,3.542477641010465028e+00,0.000000000000000000e+00,4.105880665845637461e-07
4.285533224970904848e+04,1.132987621901465047e+02,1.344058539666439401e+03,4.496439884604060211e+01,6.482840050905649321e+01,0.000000000000000000e+00,3.505962428693608413e+00,0.000000000000000000e+00,4.063557998081878588e-07
4.326448347084393754e+04,1.121292419838475496e+02,1.341950129997502927e+03,4.450025632587541935e+01,6.415921293037722251e+01,0.000000000000000000e+00,3.469772325433691851e+00,0.000000000000000000e+00,4.021612145396845599e-07
4.367363469197883387e+04,1.109701249195604191e+02,1.339813831975964604e+03,4.404024245652362168e+01,6.349597792385193884e+01,0.000000000000000000e+00,3.433904141180910141e+00,0.000000000000000000e+00,3.980039410388565175e-07
4.408278591311372293e+04,1.098213089900806381e+02,1.337649427260341326e+03,4.358431675481894985e+01,6.283863712199473639e+01,0.000000000000000000e+00,3.398354719383333222e+00,0.000000000000000000e+00,3.938836134480512669e-07
4.449193713424861926e+04,1.086826932564955399e+02,1.335456693798759488e+03,4.313243916156356761e+01,6.218713276858542116e+01,0.000000000000000000e+00,3.363120936546684536e+00,0.000000000000000000e+00,3.897998697411372168e-07
4.456680190125468653e+04,1.084754502091137311e+02,1.335052392973839460e+03,4.305019149300646575e+01,6.206855040264714773e+01,0.000000000000000000e+00,3.356707924403540488e+00,0.000000000000000000e+00,3.890565746455369158e-07
4.464166666826075380e+04,1.082685447106598531e+02,1.334647134745472158e+03,4.296807778605965211e+01,6.195016117877563744e+01,0.000000000000000000e+00,3.350305357510073190e+00,0.000000000000000000e+00,3.883144901983314903e-07
4.471653143526682834e+04,1.080619761541918820e+02,1.334240917710050098e+03,4.288609779984860637e+01,6.183196474968483614e+01,0.000000000000000000e+00,3.343913217084825362e+00,0.000000000000000000e+00,3.875736142226708299e-07
4.479139620227289561e+04,1.078557439339307393e+02,1.333833740459234377e+03,4.280425129396036255e+01,6.171396076875410586e+01,0.000000000000000000e+00,3.337531484382325608e+00,0.000000000000000000e+00,3.868339445458760906e-07
4.486626096927896288e+04,1.076498474452465359e+02,1.333425601579953536e+03,4.272253802843802362e+01,6.159614889002036620e+01,0.000000000000000000e+00,3.331160140692662974e+00,0.000000000000000000e+00,3.860954789993897735e-07
4.487374744597943209e+04,1.076292762383717303e+02,1.333384734747910443e+03,4.271437402088151458e+01,6.158437825446835490e+01,0.000000000000000000e+00,3.330523577000158664e+00,0.000000000000000000e+00,3.860216985885446740e-07
4.488123392267989402e+04,1.076087083821742567e+02,1.333343858283986719e+03,4.270621134309409683e+01,6.157260953613986487e+01,0.000000000000000000e+00,3.329887116992360063e+00,0.000000000000000000e+00,3.859479301951933365e-07
4.488872039938035596e+04,1.075881438760514328e+02,1.333302972186761508e+03,4.269804999483658747e+01,6.156084273469004842e+01,0.000000000000000000e+00,3.329250760650617647e+00,0.000000000000000000e+00,3.858741738171741330e-07
4.489620687608082517e+04,1.075675827194006189e+02,1.333262076454813041e+03,4.268988997586981782e+01,6.154907784977408625e+01,0.000000000000000000e+00,3.328614507956283219e+00,0.000000000000000000e+00,3.858004294523257530e-07
4.489695552375101397e+04,1.075655267879332939e+02,1.333257986351653699e+03,4.268907404707492503e+01,6.154790146667857442e+01,0.000000000000000000e+00,3.328550888386739182e+00,0.000000000000000000e+00,3.857930556764820494e-07
4.489770417142120277e+04,1.075634708899540897e+02,1.333253896152131347e+03,4.268825813157032201e+01,6.154672510274462383e+01,0.000000000000000000e+00,3.328487269853464880e+00,0.000000000000000000e+00,3.857856820207464530e-07
4.489845281909139158e+04,1.075614150254623382e+02,1.333249805856244848e+03,4.268744222935573873e+01,6.154554875797185076e+01,0.000000000000000000e+00,3.328423652356439888e+00,0.000000000000000000e+00,3.857783084851164227e-07
4.489920146676158038e+04,1.075593591944575138e+02,1.333245715463992610e+03,4.268662634043096915e+01,6.154437243235996391e+01,0.000000000000000000e+00,3.328360035895647773e+00,0.000000000000000000e+00,3.857709350695902116e-07
4.489957579059631826e+04,1.075583312915124736e+02,1.333243670231728856e+03,4.268621840095217124e+01,6.154378427673921692e+01,0.000000000000000000e+00,3.328328228053832216e+00,0.000000000000000000e+00,3.857672484068651978e-07
4.489995011443105614e+04,1.075573033969389343e+02,1.333241624975373270e+03,4.268581046479574326e+01,6.154319612590855826e+01,0.000000000000000000e+00,3.328296420471067663e+00,0.000000000000000000e+00,3.857635617741652785e-07
4.490032443826580129e+04,1.075562755107368105e+02,1.333239579694925396e+03,4.268540253196163547e+01,6.154260797986794529e+01,0.000000000000000000e+00,3.328264613147351447e+00,0.000000000000000000e+00,3.857598751714901891e-07
4.490069876210053917e+04,1.075552476329060454e+02,1.333237534394904060e+03,4.268499460244984078e+01,6.154201983861733538e+01,0.000000000000000000e+00,3.328232806082682238e+00,0.000000000000000000e+00,3.857561885988396648e-07
4.490107308593527705e+04,1.075542197634465396e+02,1.333235489087129054e+03,4.268458667626030945e+01,6.154143170215667169e+01,0.000000000000000000e+00,3.328200999277056038e+00,0.000000000000000000e+00,3.857525020562134409e-07
4.490144740977002220e+04,1.075531919023582645e+02,1.333233443778901574e+03,4.268417875339303436e+01,6.154084357048594001e+01,0.000000000000000000e+00,3.328169192730473291e+00,0.000000000000000000e+00,3.857488155436113056e-07
4.490238321935792919e+04,1.075506222862612447e+02,1.333228330506353586e+03,4.268315896075952054e+01,6.153937326226481019e+01,0.000000000000000000e+00,3.328089677497312771e+00,0.000000000000000000e+00,3.857395993934599724e-07
4.490331902894584346e+04,1.075480527224830922e+02,1.333223217230977752e+03,4.268213918888957181e+01,6.153790298398000402e+01,0.000000000000000000e+00,3.328010163883128758e+00,0.000000000000000000e+00,3.857303834309547597e-07
4.490425483853375772e+04,1.075454832110229262e+02,1.333218103952774300e+03,4.268111943778284711e+01,6.153643273563101701e+01,0.000000000000000000e+00,3.327930651887893276e+00,0.000000000000000000e+00,3.857211676560925969e-07
4.492744058876788040e+04,1.074818373364045527e+02,1.333091415748301870e+03,4.265586056967232764e+01,6.150001521287305195e+01,0.000000000000000000e+00,3.325961168366273757e+00,0.000000000000000000e+00,3.854928962276577496e-07
4.495062633900201035e+04,1.074182235634502547e+02,1.332964725807473769e+03,4.263061444161297686e+01,6.146361605836109021e+01,0.000000000000000000e+00,3.323992678211448393e+00,0.000000000000000000e+00,3.852647399346148127e-07
4.506655509017405711e+04,1.071006357494014196e+02,1.332331250040174609e+03,4.250457471387466057e+01,6.128189553813686530e+01,0.000000000000000000e+00,3.314165113264203377e+00,0.000000000000000000e+00,3.841256837993804051e-07
4.564619884603429091e+04,1.055246705875459838e+02,1.329163217646889052e+03,4.187912810938125574e+01,6.038014428573024617e+01,0.000000000000000000e+00,3.265397813961124829e+00,0.000000000000000000e+00,3.784733485802115292e-07
4.622584260189452471e+04,1.039685078621637615e+02,1.325994090119295606e+03,4.126154041379817983e+01,5.948972378626324797e+01,0.000000000000000000e+00,3.217243289210297341e+00,0.000000000000000000e+00,3.728920365104192744e-07
4.854441762533546716e+04,9.793773529629096686e+01,1.313306466601992270e+03,3.886813330360781293e+01,5.603897700208139554e+01,0.000000000000000000e+00,3.030624639339601689e+00,0.000000000000000000e+00,3.512621496335117671e-07
5.086299264877640962e+04,9.220743163747856386e+01,1.300600665123951103e+03,3.659397201320163617e+01,5.276015547348829671e+01,0.000000000000000000e+00,2.853303820078708863e+00,0.000000000000000000e+00,3.307099204528207454e-07
5.318156767221735208e+04,8.676497878801313846e+01,1.287876143326431247e+03,3.443404885169849194e+01,4.964603925318341737e+01,0.000000000000000000e+00,2.684890371941129228e+00,0.000000000000000000e+00,3.111900930706711773e-07
5.550014269565830182e+04,8.159819583858131864e+01,1.275132341096087657e+03,3.238352963332190626e+01,4.668965854862651810e+01,0.000000000000000000e+00,2.525007363973914565e+00,0.000000000000000000e+00,2.926589796033585919e-07
5.781871771909924428e+04,7.669532686170767022e+01,1.262368679412387337e+03,3.043774883303352752e+01,4.388428673756682485e+01,0.000000000000000000e+00,2.373291016032900824e+00,0.000000000000000000e+00,2.750744164012593253e-07
5.904863243525778671e+04,7.419777317448127008e+01,1.255589782906700748e+03,2.944655530222182094e+01,4.245521189510164106e+01,0.000000000000000000e+00,2.296005711041082531e+00,0.000000000000000000e+00,2.661167243089706510e-07
6.027854715141632914e+04,7.176963658745881958e+01,1.248805038071065837e+03,2.848291104132241713e+01,4.106585681203370797e+01,0.000000000000000000e+00,2.220868476694691562e+00,0.000000000000000000e+00,2.574080026443234891e-07
6.150846186757487158e+04,6.940930143956745724e+01,1.242014351292610399e+03,2.754617484978311026e+01,3.971529702351368485e+01,0.000000000000000000e+00,2.147829317328202148e+00,0.000000000000000000e+00,2.489424566992841629e-07
6.273837658373341401e+04,6.711518288852857950e+01,1.235217627136101555e+03,2.663571775797576180e+01,3.840262569889316779e+01,0.000000000000000000e+00,2.076839190945243274e+00,0.000000000000000000e+00,2.407144023000872261e-07
6.396829129989195644e+04,6.488572644003826895e+01,1.228414768279141299e+03,2.575092284034414192e+01,3.712695337232649706e+01,0.000000000000000000e+00,2.007849994649367975e+00,0.000000000000000000e+00,2.327182641186005850e-07
6.519820601605049887e+04,6.271940748247195074e+01,1.221605675444639473e+03,2.489118503074411493e+01,3.588740767653349195e+01,0.000000000000000000e+00,1.940814550245768322e+00,0.000000000000000000e+00,2.249485740035036472e-07
6.642812073220904858e+04,6.061473082724995720e+01,1.214790247330304283e+03,2.405591094003050401e+01,3.468313307980132265e+01,0.000000000000000000e+00,1.875686590018162514e+00,0.000000000000000000e+00,2.173999693317684534e-07
6.683112672081562050e+04,5.993825179807533488e+01,1.212555641490418793e+03,2.378743957908358198e+01,3.429605865293591904e+01,0.000000000000000000e+00,1.854753351082109702e+00,0.000000000000000000e+00,2.149737188446503620e-07
6.723413270942220697e+04,5.926818258544336970e+01,1.210320340674617000e+03,2.352151205482104146e+01,3.391265185796680015e+01,0.000000000000000000e+00,1.834018460085071967e+00,0.000000000000000000e+00,2.125704577183819771e-07
6.763713869802879344e+04,5.860447260277531711e+01,1.208084341169573236e+03,2.325810829116209177e+01,3.353288374976759201e+01,0.000000000000000000e+00,1.813480351655627487e+00,0.000000000000000000e+00,2.101900045198278713e-07
6.804014468663536536e+04,5.794707158890256693e+01,1.205847639236287932e+03,2.299720834117007939e+01,3.315672556940833005e+01,0.000000000000000000e+00,1.793137470491976027e+00,0.000000000000000000e+00,2.078321789829641742e-07
6.844315067524195183e+04,5.729592960639775612e+01,1.203610231109779761e+03,2.273879238639017686e+01,3.278414874320047545e+01,0.000000000000000000e+00,1.772988271310297126e+00,0.000000000000000000e+00,2.054968020028929618e-07
6.884615666384853830e+04,5.665099703990249225e+01,1.201372112998772309e+03,2.248284073618569323e+01,3.241512488174010542e+01,0.000000000000000000e+00,1.753031218793001500e+00,0.000000000000000000e+00,2.031836956298444949e-07
6.889153476853875327e+04,5.657876499737555065e+01,1.201120058311482126e+03,2.245417431206188041e+01,3.237379444094795389e+01,0.000000000000000000e+00,1.750796041441088136e+00,0.000000000000000000e+00,2.029246291683455250e-07
6.893691287322898279e+04,5.650661098582128261e+01,1.200867994568766790e+03,2.242553885575898676e+01,3.233250864868550423e+01,0.000000000000000000e+00,1.748563278710951296e+00,0.000000000000000000e+00,2.026658425716720708e-07
6.898229097791921231e+04,5.643453493517151287e+01,1.200615921765150233e+03,2.239693433946935031e+01,3.229126746486045363e+01,0.000000000000000000e+00,1.746332928434373599e+00,0.000000000000000000e+00,2.024073355885185362e-07
6.902766908260944183e+04,5.636253677540938156e+01,1.200363839895152068e+03,2.236836073540567682e+01,3.225007084940987312e+01,0.000000000000000000e+00,1.744104988444724835e+00,0.000000000000000000e+00,2.021491079677634485e-07
6.907304718729965680e+04,5.629061643656876868e+01,1.200111748953287588e+03,2.233981801580081239e+01,3.220891876229985229e+01,0.000000000000000000e+00,1.741879456576945762e+00,0.000000000000000000e+00,2.018911594584672621e-07
6.907758499776903773e+04,5.628342868014325262e+01,1.200086539359937206e+03,2.233696544141714213e+01,3.220480600110716551e+01,0.000000000000000000e+00,1.741657035753564120e+00,0.000000000000000000e+00,2.018653799490122860e-07
6.908212280823841866e+04,5.627624170115788615e+01,1.200061329675807883e+03,2.233411317557284548e+01,3.220069368475783733e+01,0.000000000000000000e+00,1.741434638987602757e+00,0.000000000000000000e+00,2.018396032279135923e-07
6.908666061870778503e+04,5.626905549954277319e+01,1.200036119900893937e+03,2.233126121824017929e+01,3.219658181321186419e+01,0.000000000000000000e+00,1.741212266276898957e+00,0.000000000000000000e+00,2.018138292949204592e-07
6.909119842917716596e+04,5.626187007522804606e+01,1.200010910035189909e+03,2.232840956939142174e+01,3.219247038642927805e+01,0.000000000000000000e+00,1.740989917619290672e+00,0.000000000000000000e+00,2.017880581497823502e-07
6.909165221022396872e+04,5.626115157554540502e+01,1.200008389043625812e+03,2.232812442147209353e+01,3.219205926821146591e+01,0.000000000000000000e+00,1.740967684076367039e+00,0.000000000000000000e+00,2.017854811885909074e-07
6.909210599127075693e+04,5.626043308363500017e+01,1.200005868051153811e+03,2.232783927663729884e+01,3.219164815444084837e+01,0.000000000000000000e+00,1.740945450773950354e+00,0.000000000000000000e+00,2.017829042552752661e-07
6.909255977231755969e+04,5.625971459949676046e+01,1.200003347057773908e+03,2.232755413488700924e+01,3.219123704511738282e+01,0.000000000000000000e+00,1.740923217712038840e+00,0.000000000000000000e+00,2.017803273498351613e-07
6.909301355336434790e+04,5.625899612313062192e+01,1.200000826063485874e+03,2.232726899622120342e+01,3.219082594024103372e+01,0.000000000000000000e+00,1.740900984890630276e+00,0.000000000000000000e+00,2.017777504722703815e-07
6.909305893146917515e+04,5.625892427592147271e+01,1.200000573964007117e+03,2.232724048252426741e+01,3.219078482999799462e+01,0.000000000000000000e+00,1.740898761621717084e+00,0.000000000000000000e+00,2.017774927860470570e-07
6.909310430957400240e+04,5.625885242879004267e+01,1.200000321864519265e+03,2.232721196885817605e+01,3.219074371979942129e+01,0.000000000000000000e+00,1.740896538355208856e+00,0.000000000000000000e+00,2.017772351001024592e-07
6.909314968767881510e+04,5.625878058173633178e+01,1.200000069765022317e+03,2.232718345522292935e+01,3.219070260964531371e+01,0.000000000000000000e+00,1.740894315091105371e+00,0.000000000000000000e+00,2.017769774144366147e-07
6.909315422548957577e+04,5.625877339703523461e+01,1.200000044555072236e+03,2.232718060386110182e+01,3.219069849863235078e+01,0.000000000000000000e+00,1.740894092764827317e+00,0.000000000000000000e+00,2.017769516458853616e-07
6.909315876330035098e+04,5.625876621233491193e+01,1.200000019345121927e+03,2.232717775249957981e+01,3.219069438761982838e+01,0.000000000000000000e+00,1.740893870438573243e+00,0.000000000000000000e+00,2.017769258773368878e-07
6.909316330111111165e+04,5.625875902763537084e+01,1.199999994140112221e+03,2.232717490113837044e+01,3.219069027660775362e+01,0.000000000000000000e+00,1.740893648112343373e+00,0.000000000000000000e+00,2.017769001087911933e-07
6.909316557001613546e+04,5.625875543528579215e+01,1.199999981540077670e+03,2.232717347545784037e+01,3.219068822110182992e+01,0.000000000000000000e+00,1.740893536949234432e+00,0.000000000000000000e+00,2.017768872245190607e-07
6.909316783892117382e+04,5.625875184293640530e+01,1.199999968940043118e+03,2.232717204977738845e+01,3.219068616559601281e+01,0.000000000000000000e+00,1.740893425786131266e+00,0.000000000000000000e+00,2.017768743402475899e-07
6.909317918344702048e+04,5.625873388119289586e+01,1.199999905939869677e+03,2.232716492137648245e+01,3.219067588806888125e+01,0.000000000000000000e+00,1.740892869970721790e+00,0.000000000000000000e+00,2.017768099189025707e-07
6.909318485570994380e+04,5.625872490032236328e+01,1.199999874439782843e+03,2.232716135717651440e+01,3.219067074930601535e+01,0.000000000000000000e+00,1.740892592063054911e+00,0.000000000000000000e+00,2.017767777082344286e-07
6.909319052797286713e+04,5.625871591945303862e+01,1.199999842939695782e+03,2.232715779297702241e+01,3.219066561054384579e+01,0.000000000000000000e+00,1.740892314155425336e+00,0.000000000000000000e+00,2.017767454975706540e-07
6.909323964981926838e+04,5.625863814510505989e+01,1.199999570148670273e+03,2.232712692700166102e+01,3.219062110885218431e+01,0.000000000000000000e+00,1.740889907474746146e+00,0.000000000000000000e+00,2.017764665531517851e-07
6.909341556469369971e+04,5.625835962080223140e+01,1.199998593230925962e+03,2.232701639024381279e+01,3.219046174007615946e+01,0.000000000000000000e+00,1.740881288706788599e+00,0.000000000000000000e+00,2.017754676016746788e-07
6.909359147956813104e+04,5.625808109766749965e+01,1.199997616313049093e+03,2.232690585394954041e+01,3.219030237196851374e+01,0.000000000000000000e+00,1.740872669974977249e+00,0.000000000000000000e+00,2.017744686543870769e-07
6.909478364423276798e+04,5.625619359369127181e+01,1.199990995795072649e+03,2.232615676825813722e+01,3.218922236137203186e+01,0.000000000000000000e+00,1.740814262293403747e+00,0.000000000000000000e+00,2.017676989582926574e-07
6.909537972656509373e+04,5.625524986182020371e+01,1.199987685533802050e+03,2.232578223339620038e+01,3.218868236758456192e+01,0.000000000000000000e+00,1.740785059075127039e+00,0.000000000000000000e+00,2.017643141823969847e-07
6.909597580889740493e+04,5.625430614336030288e+01,1.199984375271010094e+03,2.232540770385669759e+01,3.218814238147082563e+01,0.000000000000000000e+00,1.740755856271850810e+00,0.000000000000000000e+00,2.017609294546016131e-07
6.909657189122973068e+04,5.625336243831142724e+01,1.199981065006696554e+03,2.232503317963957201e+01,3.218760240303073772e+01,0.000000000000000000e+00,1.740726653883570840e+00,0.000000000000000000e+00,2.017575447749060398e-07
6.910400727830814139e+04,5.624159201629827720e+01,1.199939773441095213e+03,2.232036190221557348e+01,3.218086748715276713e+01,0.000000000000000000e+00,1.740362425214605047e+00,0.000000000000000000e+00,2.017153291393705950e-07
6.911144266538655211e+04,5.622982368063511416e+01,1.199898481638728072e+03,2.231569145279244282e+01,3.217413376506305411e+01,0.000000000000000000e+00,1.739998261106491917e+00,0.000000000000000000e+00,2.016731209867096801e-07
6.914121397175297898e+04,5.618272413355283135e+01,1.199733146798145526e+03,2.229699925545915207e+01,3.214718388279584360e+01,0.000000000000000000e+00,1.738540793793637906e+00,0.000000000000000000e+00,2.015041943916149807e-07
6.917098527811942040e+04,5.613565801025824697e+01,1.199567808160375534e+03,2.227832032288261743e+01,3.212025312528033538e+01,0.000000000000000000e+00,1.737084360759902246e+00,0.000000000000000000e+00,2.013353876738227533e-07
6.931984180995161296e+04,5.590082806106600799e+01,1.198741057975857530e+03,2.218512435769851265e+01,3.198588581443358336e+01,0.000000000000000000e+00,1.729817688440761891e+00,0.000000000000000000e+00,2.004931497713222889e-07
6.946869834178379097e+04,5.566683075401815728e+01,1.197914212699251721e+03,2.209225883966804105e+01,3.185199493296146400e+01,0.000000000000000000e+00,1.722576781734751927e+00,0.000000000000000000e+00,1.996538982118144284e-07
6.961755487361598352e+04,5.543366363476322078e+01,1.197087272194858087e+03,2.199972279474315684e+01,3.171857907650900543e+01,0.000000000000000000e+00,1.715361564693434371e+00,0.000000000000000000e+00,1.988176241925555365e-07
7.036183753277620417e+04,5.428019536501427922e+01,1.192951136481902267e+03,2.154195073850303643e+01,3.105857625282170176e+01,0.000000000000000000e+00,1.679668179008928508e+00,0.000000000000000000e+00,1.946806105814045096e-07
7.110612019193643937e+04,5.314711701306896430e+01,1.188812599516063983e+03,2.109227074239523603e+01,3.041024033292194417e+01,0.000000000000000000e+00,1.644605747135053697e+00,0.000000000000000000e+00,1.906167271721811331e-07
7.408325082857592497e+04,4.881275230434235368e+01,1.172234088501657197e+03,1.937210981795103848e+01,2.793016088758722759e+01,0.000000000000000000e+00,1.510481423732934481e+00,0.000000000000000000e+00,1.750711536475644361e-07
7.706038146521541057e+04,4.478124967968098957e+01,1.155615727482929515e+03,1.777214448329093699e+01,2.562337604940662672e+01,0.000000000000000000e+00,1.385728986371605131e+00,0.000000000000000000e+00,1.606118211552669047e-07
8.003751210185489617e+04,4.103485213614602856e+01,1.138956308854008057e+03,1.628532759202940738e+01,2.347972544172547416e+01,0.000000000000000000e+00,1.269798955216102199e+00,0.000000000000000000e+00,1.471750426700119414e-07
8.186928374978328065e+04,3.886408439636154810e+01,1.128685136503881722e+03,1.542382421311362073e+01,2.223763419795082186e+01,0.000000000000000000e+00,1.202625845907707269e+00,0.000000000000000000e+00,1.393893966131068909e-07
8.370105539771166514e+04,3.679105253680688037e+01,1.118397633432521161e+03,1.460110885813799619e+01,2.105146643176023957e+01,0.000000000000000000e+00,1.138477114954355329e+00,0.000000000000000000e+00,1.319542887351988207e-07
8.553282704564004962e+04,3.481208987903956142e+01,1.108093482068464482e+03,1.381572634799254118e+01,1.991912410700566127e+01,0.000000000000000000e+00,1.077239299184791221e+00,0.000000000000000000e+00,1.248565681772463150e-07
8.736459869356841955e+04,3.292364178111721174e+01,1.097772354993217959e+03,1.306626596701750387e+01,1.883857329368597888e+01,0.000000000000000000e+00,1.018802402330242218e+00,0.000000000000000000e+00,1.180834859087956633e-07
8.919637034149680403e+04,3.112226290600279910e+01,1.087433914668270972e+03,1.235136037892696770e+01,1.780784260495629212e+01,0.000000000000000000e+00,9.630598104968536299e-01,0.000000000000000000e+00,1.116226849308803664e-07
9.102814198942518851e+04,2.940461454285459197e+01,1.077077813150189286e+03,1.166968456372056373e+01,1.682502166439723013e+01,0.000000000000000000e+00,9.099082092746081374e-01,0.000000000000000000e+00,1.054621906685960429e-07
9.285991363735357299e+04,2.776746198033169932e+01,1.066703691793145254e+03,1.101995477523838218e+01,1.588825960304707863e+01,0.000000000000000000e+00,8.592475024558366981e-01,0.000000000000000000e+00,9.959040155023378625e-08
9.469168528528194292e+04,2.620767193111593940e+01,1.056311180938259440e+03,1.040092751904191282e+01,1.499576358573935764e+01,0.000000000000000000e+00,8.109807323385881395e-01,0.000000000000000000e+00,9.399607977010540054e-08
9.556718797115757479e+04,2.548859922772048137e+01,1.051337432413406987e+03,1.011555218739873929e+01,1.458431749127439225e+01,0.000000000000000000e+00,7.887294576302853466e-01,0.000000000000000000e+00,9.141706339022557163e-08
9.644269065703319211e+04,2.478618115586529314e+01,1.046359353593366222e+03,9.836786508683228902e+00,1.418240100775090617e+01,0.000000000000000000e+00,7.669935505333773662e-01,0.000000000000000000e+00,8.889778028535452320e-08
9.731819334290880943e+04,2.410009921127431198e+01,1.041376901326671714e+03,9.564504079455250718e+00,1.378983189025842471e+01,0.000000000000000000e+00,7.457631551235480716e-01,0.000000000000000000e+00,8.643708811238678977e-08
9.819369602878444130e+04,2.343003980006998077e+01,1.036390031834926049e+03,9.298580445043691967e+00,1.340643070356659905e+01,0.000000000000000000e+00,7.250285674258259982e-01,0.000000000000000000e+00,8.403386213978548891e-08
9.906919871466005861e+04,2.277569417908046745e+01,1.031398700703673285e+03,9.038893075856428538e+00,1.303202078796961594e+01,0.000000000000000000e+00,7.047802335674271390e-01,0.000000000000000000e+00,8.168699503348885434e-08
9.994470140053569048e+04,2.213675839670683132e+01,1.026402862873075719e+03,8.785321343912531944e+00,1.266642822545097857e+01,0.000000000000000000e+00,6.850087479479245456e-01,0.000000000000000000e+00,7.939539664482534878e-08
1.008202040864113078e+05,2.151293323435481142e+01,1.021402472628386022e+03,8.537746499598551253e+00,1.230948180617137666e+01,0.000000000000000000e+00,6.657048514268901762e-01,0.000000000000000000e+00,7.715799380045363557e-08
1.012811741557368368e+05,2.119044919242472247e+01,1.018767819741506401e+03,8.409763626683378845e+00,1.212495971410353057e+01,0.000000000000000000e+00,6.557257756364357482e-01,0.000000000000000000e+00,7.600137692088039723e-08
1.017421442250623513e+05,2.087202996538011490e+01,1.016131885126333600e+03,8.283393939598422406e+00,1.194276346781102482e+01,0.000000000000000000e+00,6.458724831113287213e-01,0.000000000000000000e+00,7.485933885110111818e-08
1.022031142943878804e+05,2.055763342896472778e+01,1.013494661886001154e+03,8.158620720668899651e+00,1.176286896422244510e+01,0.000000000000000000e+00,6.361436703416547545e-01,0.000000000000000000e+00,7.373172850883110848e-08
1.026640843637133949e+05,2.024721780918932268e+01,1.010856143070975236e+03,8.035427391229010397e+00,1.158525230068561207e+01,0.000000000000000000e+00,6.265380446563031391e-01,0.000000000000000000e+00,7.261839606804863116e-08
1.031250544330389239e+05,1.994074168005354863e+01,1.008216321678637655e+03,7.913797510717835770e+00,1.140988977366404811e+01,0.000000000000000000e+00,6.170543241524711897e-01,0.000000000000000000e+00,7.151919295082414437e-08
1.035860245023644529e+05,1.963816396120199670e+01,1.005575190652846572e+03,7.793714775749090329e+00,1.123675787739580301e+01,0.000000000000000000e+00,6.076912376231320412e-01,0.000000000000000000e+00,7.043397181891356564e-08
1.037646428823448223e+05,1.952195925233742457e+01,1.004551441910419953e+03,7.747597106180860393e+00,1.117026672372664109e+01,0.000000000000000000e+00,6.040953524127294916e-01,0.000000000000000000e+00,7.001719359027862245e-08
1.039432612623252062e+05,1.940633138864353668e+01,1.003527495052113636e+03,7.701708366707060271e+00,1.110410563500288639e+01,0.000000000000000000e+00,6.005173173311058044e-01,0.000000000000000000e+00,6.960248426668877236e-08
1.041218796423055755e+05,1.929127802159392502e+01,1.002503349660857793e+03,7.656047625277984991e+00,1.103827326742158910e+01,0.000000000000000000e+00,5.969570597045161797e-01,0.000000000000000000e+00,6.918983542495115869e-08
1.043004980222859595e+05,1.917679681032928585e+01,1.001479005318346594e+03,7.610613952886736477e+00,1.097276828156684125e+01,0.000000000000000000e+00,5.934145070964695901e-01,0.000000000000000000e+00,6.877923866937161121e-08
1.044791164022663288e+05,1.906288542156678290e+01,1.000454461605046617e+03,7.565406423533260316e+00,1.090758934235791244e+01,0.000000000000000000e+00,5.898895873049241345e-01,0.000000000000000000e+00,6.837068563142965012e-08
1.044969782402643614e+05,1.905152553332838394e+01,1.000351996252133404e+03,7.560898072905911427e+00,1.090108932973446443e+01,0.000000000000000000e+00,5.895380623580659396e-01,0.000000000000000000e+00,6.832994241074822465e-08
1.045148400782624085e+05,1.904017131773129279e+01,1.000249528900884002e+03,7.556391973555640185e+00,1.089459256293873324e+01,0.000000000000000000e+00,5.891867129477000864e-01,0.000000000000000000e+00,6.828921953548496209e-08
1.045327019162604411e+05,1.902882277245482356e+01,1.000147059550876861e+03,7.551888124561446425e+00,1.088809904064284595e+01,0.000000000000000000e+00,5.888355390020143521e-01,0.000000000000000000e+00,6.824851699731654612e-08
1.045505637542584736e+05,1.901747989517904713e+01,1.000044588201690203e+03,7.547386525002628410e+00,1.088160876151936307e+01,0.000000000000000000e+00,5.884845404492198284e-01,0.000000000000000000e+00,6.820783478792233388e-08
1.045523499380583526e+05,1.901634591910221772e+01,1.000034340956800406e+03,7.546936488730256798e+00,1.088095991193040746e+01,0.000000000000000000e+00,5.884494502377863867e-01,0.000000000000000000e+00,6.820376768474525446e-08
1.045541361218582315e+05,1.901521199967988096e+01,1.000024093691914231e+03,7.546486474942112999e+00,1.088031109475857505e+01,0.000000000000000000e+00,5.884143617794922454e-01,0.000000000000000000e+00,6.819970078476440430e-08
1.045559223056581104e+05,1.901407813690972404e+01,1.000013846407031110e+03,7.546036483637278636e+00,1.087966231000254425e+01,0.000000000000000000e+00,5.883792750742660171e-01,0.000000000000000000e+00,6.819563408797148512e-08
1.045577084894579748e+05,1.901294433078943413e+01,1.000003599102150815e+03,7.545586514814837109e+00,1.087901355766099343e+01,0.000000000000000000e+00,5.883441901220359815e-01,0.000000000000000000e+00,6.819156759435821189e-08
1.045578871078379598e+05,1.901283095329305795e+01,1.000002574370562911e+03,7.545541519169089106e+00,1.087894868420958261e+01,0.000000000000000000e+00,5.883406817232250674e-01,0.000000000000000000e+00,6.819116095617143819e-08
1.045580657262179593e+05,1.901271757636315485e+01,1.000001549638775032e+03,7.545496523748154161e+00,1.087888381108230185e+01,0.000000000000000000e+00,5.883371733419432426e-01,0.000000000000000000e+00,6.819075432001637890e-08
1.045582443445979443e+05,1.901260419999972129e+01,1.000000524906787177e+03,7.545451528552032272e+00,1.087881893827915114e+01,0.000000000000000000e+00,5.883336649781905070e-01,0.000000000000000000e+00,6.819034768589300753e-08
1.045583350804105139e+05,1.901254660649949102e+01,1.000000004356196087e+03,7.545428671664055287e+00,1.087878598386351925e+01,0.000000000000000000e+00,5.883318827817741736e-01,0.000000000000000000e+00,6.819014112182824498e-08
1.045584258162230690e+05,1.901248901314543716e+01,9.999994838050978387e+02,7.545405814834090563e+00,1.087875302953153067e+01,0.000000000000000000e+00,5.883301005898812219e-01,0.000000000000000000e+00,6.818993455828776935e-08
1.045585165520356386e+05,1.901243141993756325e+01,9.999989632534923203e+02,7.545382958062139878e+00,1.087872007528318363e+01,0.000000000000000000e+00,5.883283184025117629e-01,0.000000000000000000e+00,6.818972799527156741e-08
1.045585619199422799e+05,1.901240262337016773e+01,9.999987029776766576e+02,7.545371529690666712e+00,1.087870359817991783e+01,0.000000000000000000e+00,5.883274273099577956e-01,0.000000000000000000e+00,6.818962471389453817e-08
1.045586072878489067e+05,1.901237382683931543e+01,9.999984427018481483e+02,7.545360101333696612e+00,1.087868712109756331e+01,0.000000000000000000e+00,5.883265362185345904e-01,0.000000000000000000e+00,6.818952143264856081e-08
1.045586526557555480e+05,1.901234503034500989e+01,9.999981824260066787e+02,7.545348672991230465e+00,1.087867064403611828e+01,0.000000000000000000e+00,5.883256451282423694e-01,0.000000000000000000e+00,6.818941815153366180e-08
1.045586980236621894e+05,1.901231623388724756e+01,9.999979221501523625e+02,7.545337244663266496e+00,1.087865416699558452e+01,0.000000000000000000e+00,5.883247540390809105e-01,0.000000000000000000e+00,6.818931487054984114e-08
1.045587433915688162e+05,1.901228743746602845e+01,9.999976618742850860e+02,7.545325816349805592e+00,1.087863768997596026e+01,0.000000000000000000e+00,5.883238629510502138e-01,0.000000000000000000e+00,6.818921158969707235e-08
1.045610117868829839e+05,1.901084766391151604e+01,9.999846480641425615e+02,7.544754419530444345e+00,1.087781386617744772e+01,0.000000000000000000e+00,5.882793100195762293e-01,0.000000000000000000e+00,6.818404771744482944e-08
1.045632801821971370e+05,1.900940798171219370e+01,9.999716342217335523e+02,7.544183058966829059e+00,1.087699009465144684e+01,0.000000000000000000e+00,5.882347599150339335e-01,0.000000000000000000e+00,6.817888417284588136e-08
1.045655485775112902e+05,1.900796839086331147e+01,9.999586203470571490e+02,7.543611734657075019e+00,1.087616637539523978e+01,0.000000000000000000e+00,5.881902126372763329e-01,0.000000000000000000e+00,6.817372095588316834e-08
1.045678169728254434e+05,1.900652889136012291e+01,9.999456064401125559e+02,7.543040446599298399e+00,1.087534270840610873e+01,0.000000000000000000e+00,5.881456681861566560e-01,0.000000000000000000e+00,6.816855806653968354e-08
1.045680438123572239e+05,1.900638494643363430e+01,9.999443050476432973e+02,7.542983319787307295e+00,1.087526034458178081e+01,0.000000000000000000e+00,5.881412138965040892e-01,0.000000000000000000e+00,6.816804179562373358e-08
1.045682706518889900e+05,1.900624100242055192e+01,9.999430036548513954e+02,7.542926193337815555e+00,1.087517798128009439e+01,0.000000000000000000e+00,5.881367596351163574e-01,0.000000000000000000e+00,6.816752552798380265e-08
1.045684974914207560e+05,1.900609705932086513e+01,9.999417022617367365e+02,7.542869067250818738e+00,1.087509561850104234e+01,0.000000000000000000e+00,5.881323054019931273e-01,0.000000000000000000e+00,6.816700926361983783e-08
1.045687243309525220e+05,1.900595311713457747e+01,9.999404008682994345e+02,7.542811941526319508e+00,1.087501325624463000e+01,0.000000000000000000e+00,5.881278511971343992e-01,0.000000000000000000e+00,6.816649300253185234e-08
1.045687470149058499e+05,1.900593872296618159e+01,9.999402707289380032e+02,7.542806228973805815e+00,1.087500502004773217e+01,0.000000000000000000e+00,5.881274057782029940e-01,0.000000000000000000e+00,6.816644137660322432e-08
1.045687696988591633e+05,1.900592432880692328e+01,9.999401405895732751e+02,7.542800516424917667e+00,1.087499678385606039e+01,0.000000000000000000e+00,5.881269603595543627e-01,0.000000000000000000e+00,6.816638975070736588e-08
1.045687923828124767e+05,1.900590993465679901e+01,9.999400104502053637e+02,7.542794803879655063e+00,1.087498854766961820e+01,0.000000000000000000e+00,5.881265149411882831e-01,0.000000000000000000e+00,6.816633812484426379e-08
1.045688037247891334e+05,1.900590273758401949e+01,9.999399453805206122e+02,7.542791947607929259e+00,1.087498442957770095e+01,0.000000000000000000e+00,5.881262922320759090e-01,0.000000000000000000e+00,6.816631231192089853e-08
1.045688150667658047e+05,1.900589554051352437e+01,9.999398803108350648e+02,7.542789091337110285e+00,1.087498031148709288e+01,0.000000000000000000e+00,5.881260695230341451e-01,0.000000000000000000e+00,6.816628649900572567e-08
1.045688264087424614e+05,1.900588834344531008e+01,9.999398152411487217e+02,7.542786235067196365e+00,1.087497619339778865e+01,0.000000000000000000e+00,5.881258468140631024e-01,0.000000000000000000e+00,6.816626068609873196e-08
1.045688377507191180e+05,1.900588114637938375e+01,9.999397501714614691e+02,7.542783378798191052e+00,1.087497207530979537e+01,0.000000000000000000e+00,5.881256241051627809e-01,0.000000000000000000e+00,6.816623487319995712e-08
1.045688490926957747e+05,1.900587394931573826e+01,9.999396851017734207e+02,7.542780522530089904e+00,1.087496795722310594e+01,0.000000000000000000e+00,5.881254013963330696e-01,0.000000000000000000e+00,6.816620906030934821e-08
1.046255589755567489e+05,1.896991717351741613e+01,9.996143265712642005e+02,7.528510509540009998e+00,1.085439385546411373e+01,0.000000000000000000e+00,5.870127404760459022e-01,0.000000000000000000e+00,6.803724697717971316e-08
1.046822688584177231e+05,1.893401741031890140e+01,9.992889478587624126e+02,7.514263122898420910e+00,1.083385237573543236e+01,0.000000000000000000e+00,5.859018437765589615e-01,0.000000000000000000e+00,6.790848937466526655e-08
1.049917620418825391e+05,1.873909645397625212e+01,9.975128430673380535e+02,7.436905670310075323e+00,1.072232058508636676e+01,0.000000000000000000e+00,5.798701313704212046e-01,0.000000000000000000e+00,6.720938852322734700e-08
1.053012552253473405e+05,1.854585936739949403e+01,9.957361345527962158e+02,7.360216487968417987e+00,1.061175228760773059e+01,0.000000000000000000e+00,5.738905253070175627e-01,0.000000000000000000e+00,6.651632701619411176e-08
1.081146171179648227e+05,1.686451575346302079e+01,9.795573899365967918e+02,6.692948784483676583e+00,9.649704555659097238e+00,0.000000000000000000e+00,5.218623528342042350e-01,0.000000000000000000e+00,6.048604287375214822e-08
1.104953250042390428e+05,1.554321987752102352e+01,9.658263117952961920e+02,6.168571698529497382e+00,8.893672480985804540e+00,0.000000000000000000e+00,4.809756422586201063e-01,0.000000000000000000e+00,5.574710105238804672e-08
1.128760328905132628e+05,1.430960766978505561e+01,9.520570582817031209e+02,5.678993257796904892e+00,8.187812110315983105e+00,0.000000000000000000e+00,4.428022503495228079e-01,0.000000000000000000e+00,5.132264428306872442e-08
1.152567407767874829e+05,1.315886964966902717e+01,9.382484969116823095e+02,5.222304744139867339e+00,7.529371507726871471e+00,0.000000000000000000e+00,4.071933506068657893e-01,0.000000000000000000e+00,4.719542294812455167e-08
1.176374486630617030e+05,1.208640853597080067e+01,9.243994480394841275e+02,4.796681654081167423e+00,6.915720155627068877e+00,0.000000000000000000e+00,3.740066829136163840e-01,0.000000000000000000e+00,4.334894850131083482e-08
1.200181565493359230e+05,1.108783191238203791e+01,9.105086825537459845e+02,4.400380788004427224e+00,6.344344758035799003e+00,0.000000000000000000e+00,3.431063265743447555e-01,0.000000000000000000e+00,3.976746716202518831e-08
1.223988644356101286e+05,1.015894508847323863e+01,8.965749194076671529e+02,4.031737416923541595e+00,5.812845155711086065e+00,0.000000000000000000e+00,3.143624794026761982e-01,0.000000000000000000e+00,3.643593431061355450e-08
1.247795723218843486e+05,9.295744152019873141e+00,8.825968229683170421e+02,3.689162525188842690e+00,5.318930350761362114e+00,0.000000000000000000e+00,2.876512427296789576e-01,0.000000000000000000e+00,3.333998956993755936e-08
1.271602802081585687e+05,8.494409208618838747e+00,8.685730001684169110e+02,3.371140127522373575e+00,4.860414638422693834e+00,0.000000000000000000e+00,2.628544122078386724e-01,0.000000000000000000e+00,3.046593255867485531e-08
1.294532008333740669e+05,7.777706564245902676e+00,8.550217129582806592e+02,3.086705391143591104e+00,4.450324667648508203e+00,0.000000000000000000e+00,2.406764775583866978e-01,0.000000000000000000e+00,2.789541660025659119e-08
1.317461214585895650e+05,7.111907655494860592e+00,8.414253069769896456e+02,2.822472604256674344e+00,4.069361297169963088e+00,0.000000000000000000e+00,2.200737285607514415e-01,0.000000000000000000e+00,2.550747128781894266e-08
1.340390420838050777e+05,6.494050403289956641e+00,8.277823698662404013e+02,2.577266219111575385e+00,3.715829655437268730e+00,0.000000000000000000e+00,2.009545054496391370e-01,0.000000000000000000e+00,2.329147286882784431e-08
1.363319627090205904e+05,5.921309722111820051e+00,8.140914282504188577e+02,2.349965056009491793e+00,3.388113257221620600e+00,0.000000000000000000e+00,1.832313876434185917e-01,0.000000000000000000e+00,2.123728892997569657e-08
1.386248833342360740e+05,5.390992632759506797e+00,8.003509443111680639e+02,2.139500363725478582e+00,3.084671207187301700e+00,0.000000000000000000e+00,1.668210425114656781e-01,0.000000000000000000e+00,1.933526086868014899e-08
1.409178039594515867e+05,4.900533506814051421e+00,7.865593120862815795e+02,1.944853932198887136e+00,2.804035478822044958e+00,0.000000000000000000e+00,1.516440782169323764e-01,0.000000000000000000e+00,1.757618683694175845e-08
1.432107245846670703e+05,4.447489440085641732e+00,7.727148534643565654e+02,1.765056256412981028e+00,2.544808267170518778e+00,0.000000000000000000e+00,1.376249005508368983e-01,0.000000000000000000e+00,1.595130514781251974e-08
1.455036452098825830e+05,4.029535752377624291e+00,7.588158138428896109e+02,1.599184750405378663e+00,2.305659413845015049e+00,0.000000000000000000e+00,1.246915736749525661e-01,0.000000000000000000e+00,1.445227813491066503e-08
1.469778579603745020e+05,3.778316119675817930e+00,7.498498729686137949e+02,1.499484281093965032e+00,2.161914092627841288e+00,0.000000000000000000e+00,1.169177324027542708e-01,0.000000000000000000e+00,1.355125721640552203e-08
1.484520707108664501e+05,3.540122301082760714e+00,7.408601060948919894e+02,1.404953311338929867e+00,2.025622009889842978e+00,0.000000000000000000e+00,1.095469671570334508e-01,0.000000000000000000e+00,1.269695450565475873e-08
1.499262834613583691e+05,3.314409070869263285e+00,7.318459913240869810e+02,1.315375459719377638e+00,1.896471193008755440e+00,0.000000000000000000e+00,1.025624062537156961e-01,0.000000000000000000e+00,1.188741450347217395e-08
1.514004962118503172e+05,3.100649022871872162e+00,7.228069907699091345e+02,1.230541416789830089e+00,1.774159865536766523e+00,0.000000000000000000e+00,9.594772942452987896e-02,0.000000000000000000e+00,1.112074562208371637e-08
1.528747089623422362e+05,2.898332130151717756e+00,7.137425498804976769e+02,1.150248770323902603e+00,1.658396195241781834e+00,0.000000000000000000e+00,8.968715419091462249e-02,0.000000000000000000e+00,1.039511860580590084e-08
1.543489217128341552e+05,2.706965312695360559e+00,7.046520967210511799e+02,1.074301833749573110e+00,1.548898046750242896e+00,0.000000000000000000e+00,8.376542248677949776e-02,0.000000000000000000e+00,9.708764980567544478e-09
1.558231344633261033e+05,2.526072013047031994e+00,6.955350412123458455e+02,1.002511477732151768e+00,1.445392738728205950e+00,0.000000000000000000e+00,7.816778752669860386e-02,0.000000000000000000e+00,9.059975531878126524e-09
1.572973472138180223e+05,2.355191779777531469e+00,6.863907743230088272e+02,9.346949648673492650e-01,1.347616805546478558e+00,0.000000000000000000e+00,7.288000091660470914e-02,0.000000000000000000e+00,8.447098810902999359e-09
1.590797122117755061e+05,2.161329917217852614e+00,6.752978589090701007e+02,8.577578303332544785e-01,1.236691017598695375e+00,0.000000000000000000e+00,6.688106153410625088e-02,0.000000000000000000e+00,7.751796490825275128e-09
1.602978906585641380e+05,2.036489069614186853e+00,6.676922712970432485e+02,8.082127730403232402e-01,1.165258353093871602e+00,0.000000000000000000e+00,6.301793617594780850e-02,0.000000000000000000e+00,7.304044004424927797e-09
1.615160691053527989e+05,1.917595196197971807e+00,6.600667560687001014e+02,7.610278661508259601e-01,1.097228486792562796e+00,0.000000000000000000e+00,5.933883637696205082e-02,0.000000000000000000e+00,6.877620854776950189e-09
1.627342475521414599e+05,1.804422176552722412e+00,6.524209223441781660e+02,7.161133702148558822e-01,1.032472034890040469e+00,0.000000000000000000e+00,5.583676497611001627e-02,0.000000000000000000e+00,6.471716041470413422e-09
1.639524259989300917e+05,1.696750505473430204e+00,6.447543681981926511e+02,6.733821711334060378e-01,9.708633987383666897e-01,0.000000000000000000e+00,5.250492951611515635e-02,0.000000000000000000e+00,6.085542290121918692e-09
1.651706044457187527e+05,1.594367149116941773e+00,6.370666802092420085e+02,6.327497230693810426e-01,9.122806825371023720e-01,0.000000000000000000e+00,4.933673779212283117e-02,0.000000000000000000e+00,5.718335536446494033e-09
1.663887828925073845e+05,1.497065403424362673e+00,6.293574329826154781e+02,5.941339922602968393e-01,8.566056123240450848e-01,0.000000000000000000e+00,4.632579347066623915e-02,0.000000000000000000e+00,5.369354418477320257e-09
1.676069613392960455e+05,1.404644754789581063e+00,6.216261886451750343e+02,5.574554017223897207e-01,8.037234562511742508e-01,0.000000000000000000e+00,4.346589177813726251e-02,0.000000000000000000e+00,5.037879776841347377e-09
1.683971900195890630e+05,1.347209879439666302e+00,6.165989784578941908e+02,5.346614665285346346e-01,7.708598041653456079e-01,0.000000000000000000e+00,4.168860391390132036e-02,0.000000000000000000e+00,4.831884633924172758e-09
1.691874186998820805e+05,1.291695311032688531e+00,6.115621961395784183e+02,5.126296354002486400e-01,7.390949322002399180e-01,0.000000000000000000e+00,3.997073879942319996e-02,0.000000000000000000e+00,4.632776837775754540e-09
1.699776473801751272e+05,1.238050336224454595e+00,6.065157131022471049e+02,4.913397819478777517e-01,7.083998226956023103e-01,0.000000000000000000e+00,3.831072714059997192e-02,0.000000000000000000e+00,4.440374500605420758e-09
1.707678760604681447e+05,1.186225259240217378e+00,6.014593982132779502e+02,4.707721836202354848e-01,6.787460402340759202e-01,0.000000000000000000e+00,3.670703113140657420e-02,0.000000000000000000e+00,4.254499384223239552e-09
1.715581047407611622e+05,1.136171386903158664e+00,5.963931177210353098e+02,4.509075157629193198e-01,6.501057230746513094e-01,0.000000000000000000e+00,3.515814399061117229e-02,0.000000000000000000e+00,4.074976846343373815e-09
1.723483334210541798e+05,1.087841013818920066e+00,5.913167351774330882e+02,4.317268457385592395e-01,6.224515746754056833e-01,0.000000000000000000e+00,3.366258950331933036e-02,0.000000000000000000e+00,3.901635787447128562e-09
1.731385621013471973e+05,1.041187407715919555e+00,5.862301113572746090e+02,4.132116271088906445e-01,5.957568553053814719e-01,0.000000000000000000e+00,3.221892156733886098e-02,0.000000000000000000e+00,3.734308598204723253e-09
1.736361354645583197e+05,1.012651279729331222e+00,5.830219626561590758e+02,4.018866151184047331e-01,5.794287728238842750e-01,0.000000000000000000e+00,3.133588815508087794e-02,0.000000000000000000e+00,3.631961309608948899e-09
1.741337088277694420e+05,9.847505360847809142e-01,5.798096612705729740e+02,3.908137654148111095e-01,5.634642508068314903e-01,0.000000000000000000e+00,3.047251633124542849e-02,0.000000000000000000e+00,3.531892881854224087e-09
1.746312821909805352e+05,9.574740895137592300e-01,5.765931706610382435e+02,3.799886778409169996e-01,5.478569452318385880e-01,0.000000000000000000e+00,2.962846300694011240e-02,0.000000000000000000e+00,3.434063549494079301e-09
1.751288555541916576e+05,9.308109983680394883e-01,5.733724538062863303e+02,3.694070100312333849e-01,5.326005953989669806e-01,0.000000000000000000e+00,2.880338959940506940e-02,0.000000000000000000e+00,3.338434069361772828e-09
1.756264289174027508e+05,9.047504652310641715e-01,5.701474731937425986e+02,3.590644768608813320e-01,5.176890231361739314e-01,0.000000000000000000e+00,2.799696198904317798e-02,0.000000000000000000e+00,3.244965715589904529e-09
1.761240022806138732e+05,8.792818355388017926e-01,5.669181908097402811e+02,3.489568498982578149e-01,5.031161320101804613e-01,0.000000000000000000e+00,2.720885047674328344e-02,0.000000000000000000e+00,3.153620274664002335e-09
1.763727889622194343e+05,8.667661936571373626e-01,5.653019244346824053e+02,3.439898202281815864e-01,4.959548088955398337e-01,0.000000000000000000e+00,2.682156142468410803e-02,0.000000000000000000e+00,3.108731843681841915e-09
1.766215756438249664e+05,8.543945962099138702e-01,5.636845681294564656e+02,3.390799568613954151e-01,4.888759065426668271e-01,0.000000000000000000e+00,2.643872974149154981e-02,0.000000000000000000e+00,3.064360040509497479e-09
1.768703623254305276e+05,8.421657509454161250e-01,5.620661169968932427e+02,3.342267469474462516e-01,4.818786855382604650e-01,0.000000000000000000e+00,2.606031543920921123e-02,0.000000000000000000e+00,3.020500230374539992e-09
1.771191490070360887e+05,8.300783742850312841e-01,5.604465661065654558e+02,3.294296810779381302e-01,4.749624114316806645e-01,0.000000000000000000e+00,2.568627879826466606e-02,0.000000000000000000e+00,2.977147809611370455e-09
1.773679356886416499e+05,8.181311912814047682e-01,5.588259104944490900e+02,3.246882532699261192e-01,4.681263547110058321e-01,0.000000000000000000e+00,2.531658036617460972e-02,0.000000000000000000e+00,2.934298205511144117e-09
1.776167223702472111e+05,8.063229355756953431e-01,5.572041451625698301e+02,3.200019609489520023e-01,4.613697907785742625e-01,0.000000000000000000e+00,2.495118095622214302e-02,0.000000000000000000e+00,2.891946876168462060e-09
1.779238782363572100e+05,7.919340539207470053e-01,5.552003504384472308e+02,3.142915065611472381e-01,4.531366188994420119e-01,0.000000000000000000e+00,2.450592561981781645e-02,0.000000000000000000e+00,2.840339908888192689e-09
1.782310341024672089e+05,7.777526698195159627e-01,5.531948469800507837e+02,3.086634008467486479e-01,4.450221750121872155e-01,0.000000000000000000e+00,2.406709117110295698e-02,0.000000000000000000e+00,2.789477149512485895e-09
1.784075336224427447e+05,7.696966568990002422e-01,5.520416572487524718e+02,3.054662451932826372e-01,4.404126062753210835e-01,0.000000000000000000e+00,2.381780266981291597e-02,0.000000000000000000e+00,2.760583563119306498e-09
1.785840331424183096e+05,7.617079498206437149e-01,5.508878982883727531e+02,3.022958009237101118e-01,4.358415492574512773e-01,0.000000000000000000e+00,2.357059690755091211e-02,0.000000000000000000e+00,2.731931374944375122e-09
1.787605326623938745e+05,7.537861116230628600e-01,5.497335682513696611e+02,2.991518946230214970e-01,4.313087539337140397e-01,0.000000000000000000e+00,2.332546036280829307e-02,0.000000000000000000e+00,2.703519017787934958e-09
1.789370321823694394e+05,7.459307074589787145e-01,5.485786652810612622e+02,2.960343537152229088e-01,4.268139714889147562e-01,0.000000000000000000e+00,2.308237957949610050e-02,0.000000000000000000e+00,2.675344932032648525e-09
1.791135317023450043e+05,7.381413045879553492e-01,5.474231875115575576e+02,2.929430064604542916e-01,4.223569543133731119e-01,0.000000000000000000e+00,2.284134116672038861e-02,0.000000000000000000e+00,2.647407565617553059e-09
1.791311816543428577e+05,7.373659777741424781e-01,5.473076080485382136e+02,2.926353057987842177e-01,4.219133201885190698e-01,0.000000000000000000e+00,2.281734914221243346e-02,0.000000000000000000e+00,2.644626789010206605e-09
1.791488316063406819e+05,7.365913062356332919e-01,5.471920228169026359e+02,2.923278651934425043e-01,4.214700610055355789e-01,0.000000000000000000e+00,2.279337739480681579e-02,0.000000000000000000e+00,2.641848362604353825e-09
1.791664815583385353e+05,7.358172895431480676e-01,5.470764318147696486e+02,2.920206844740628194e-01,4.210271765187932336e-01,0.000000000000000000e+00,2.276942591121972753e-02,0.000000000000000000e+00,2.639072284860345662e-09
1.791841315103363595e+05,7.350439272676169145e-01,5.469608350402569386e+02,2.917137634703619309e-01,4.205846664827825321e-01,0.000000000000000000e+00,2.274549467817385540e-02,0.000000000000000000e+00,2.636298554239286203e-09
1.792017814623342128e+05,7.342712189801771094e-01,5.468452324914815108e+02,2.914071020121389854e-01,4.201425306521126002e-01,0.000000000000000000e+00,2.272158368239830112e-02,0.000000000000000000e+00,2.633527169203022348e-09
1.792035464575339283e+05,7.341939841042732784e-01,5.468336719189469477e+02,2.913764501347677616e-01,4.200983376408954362e-01,0.000000000000000000e+00,2.271919369535987943e-02,0.000000000000000000e+00,2.633250159647363465e-09
1.792053114527336147e+05,7.341167557635351892e-01,5.468221112886491255e+02,2.913458008509800523e-01,4.200541483690337086e-01,0.000000000000000000e+00,2.271680391054825207e-02,0.000000000000000000e+00,2.632973173530641065e-09
1.792070764479333302e+05,7.340395339575342959e-01,5.468105506005859979e+02,2.913151541606057160e-01,4.200099628362822246e-01,0.000000000000000000e+00,2.271441432795015883e-02,0.000000000000000000e+00,2.632696210851318248e-09
1.792088414431330457e+05,7.339623186858420523e-01,5.467989898547557459e+02,2.912845100634747220e-01,4.199657810423956805e-01,0.000000000000000000e+00,2.271202494755233947e-02,0.000000000000000000e+00,2.632419271607858526e-09
1.792090179426531540e+05,7.339545975180432613e-01,5.467978337769955033e+02,2.912814457963834314e-01,4.199613630686351851e-01,0.000000000000000000e+00,2.271178602063305893e-02,0.000000000000000000e+00,2.632391578972425219e-09
1.792091944421732915e+05,7.339468764155829827e-01,5.467966776986575042e+02,2.912783815552227873e-01,4.199569451322606728e-01,0.000000000000000000e+00,2.271154709573564370e-02,0.000000000000000000e+00,2.632363886571334661e-09
1.792093709416933998e+05,7.339391553784605504e-01,5.467955216197332220e+02,2.912753173399924567e-01,4.199525272332718107e-01,0.000000000000000000e+00,2.271130817286006603e-02,0.000000000000000000e+00,2.632336194404583957e-09
1.792095474412135081e+05,7.339314344066757423e-01,5.467943655400642911e+02,2.912722531506924395e-01,4.199481093716684876e-01,0.000000000000000000e+00,2.271106925200632246e-02,0.000000000000000000e+00,2.632308502472171866e-09
1.792096356909735478e+05,7.339275739452846281e-01,5.467937875005052319e+02,2.912707210657661250e-01,4.199459004548861674e-01,0.000000000000000000e+00,2.271094979233762717e-02,0.000000000000000000e+00,2.632294656593842180e-09
1.792097239407336165e+05,7.339237135002278922e-01,5.467932094615076721e+02,2.912691889873224027e-01,4.199436915474502596e-01,0.000000000000000000e+00,2.271083033317439215e-02,0.000000000000000000e+00,2.632280810774096734e-09
1.792098121904936852e+05,7.339198530715052016e-01,5.467926314230716116e+02,2.912676569153610506e-01,4.199414826493605424e-01,0.000000000000000000e+00,2.271071087451660350e-02,0.000000000000000000e+00,2.632266965012935114e-09
1.792115376434263308e+05,7.338443775296492610e-01,5.467813297701434294e+02,2.912377032574258173e-01,4.198982963112091737e-01,0.000000000000000000e+00,2.270837532901798586e-02,0.000000000000000000e+00,2.631996265460848601e-09
1.792132630963589763e+05,7.337689082316054545e-01,5.467700283318878292e+02,2.912077520774457584e-01,4.198551135457036509e-01,0.000000000000000000e+00,2.270603997673039873e-02,0.000000000000000000e+00,2.631725588302733713e-09
1.792171051542322966e+05,7.336008835314774545e-01,5.467448642441576112e+02,2.911410688278983638e-01,4.197589715195707560e-01,0.000000000000000000e+00,2.270084055288539016e-02,0.000000000000000000e+00,2.631122953198093679e-09
1.792276465600203956e+05,7.331400352295948109e-01,5.466758273221755644e+02,2.909581739184323723e-01,4.194952788038619484e-01,0.000000000000000000e+00,2.268657987783038663e-02,0.000000000000000000e+00,2.629470080945284182e-09
1.792287007005992054e+05,7.330939632113162574e-01,5.466689240709542901e+02,2.909398895120939854e-01,4.194689168631356435e-01,0.000000000000000000e+00,2.268515420678177130e-02,0.000000000000000000e+00,2.629304839671024543e-09
1.792297548411780153e+05,7.330478935221448333e-01,5.466620208999277111e+02,2.909216060300984785e-01,4.194425562551007403e-01,0.000000000000000000e+00,2.268372860780597938e-02,0.000000000000000000e+00,2.629139606750308468e-09
1.792308089817568543e+05,7.330018261619979381e-01,5.466551178091002612e+02,2.909033234724130446e-01,4.194161969797099987e-01,0.000000000000000000e+00,2.268230308090046082e-02,0.000000000000000000e+00,2.628974382182840240e-09
1.792318631223356642e+05,7.329557611307924159e-01,5.466482147984762605e+02,2.908850418390047099e-01,4.193898390369159013e-01,0.000000000000000000e+00,2.268087762606263783e-02,0.000000000000000000e+00,2.628809165968321661e-09
1.792319685363931640e+05,7.329511547557603368e-01,5.466475245018251599e+02,2.908832137264978357e-01,4.193872033159273816e-01,0.000000000000000000e+00,2.268073508454247766e-02,0.000000000000000000e+00,2.628792644806270240e-09
1.792320739504506928e+05,7.329465484040169621e-01,5.466468342059762335e+02,2.908813856232334016e-01,4.193845676082644802e-01,0.000000000000000000e+00,2.268059254374297021e-02,0.000000000000000000e+00,2.628776123727745450e-09
1.792321793645082216e+05,7.329419420755619585e-01,5.466461439109293678e+02,2.908795575292113522e-01,4.193819319139269197e-01,0.000000000000000000e+00,2.268045000366410852e-02,0.000000000000000000e+00,2.628759602732746876e-09
1.792322847785657505e+05,7.329373357703953262e-01,5.466454536166845628e+02,2.908777294444316319e-01,4.193792962329147000e-01,0.000000000000000000e+00,2.268030746430589259e-02,0.000000000000000000e+00,2.628743081821273691e-09
1.792322953199715121e+05,7.329368751411595717e-01,5.466453845873041928e+02,2.908775466364620366e-01,4.193790326655463807e-01,0.000000000000000000e+00,2.268029321040970769e-02,0.000000000000000000e+00,2.628741429734720410e-09
1.792323058613772737e+05,7.329364145121566310e-01,5.466453155579318945e+02,2.908773638285848118e-01,4.193787690983113436e-01,0.000000000000000000e+00,2.268027895652072884e-02,0.000000000000000000e+00,2.628739777649002581e-09
1.792323164027830062e+05,7.329359538833865040e-01,5.466452465285675544e+02,2.908771810207999575e-01,4.193785055312094778e-01,0.000000000000000000e+00,2.268026470263895256e-02,0.000000000000000000e+00,2.628738125564119377e-09
1.792323216734858870e+05,7.329357235690597827e-01,5.466452120138873170e+02,2.908770896169307063e-01,4.193783737476918794e-01,0.000000000000000000e+00,2.268025757569986853e-02,0.000000000000000000e+00,2.628737299521886845e-09
1.792323269441887678e+05,7.329354932547912371e-01,5.466451774992091259e+02,2.908769982130845477e-01,4.193782419642076431e-01,0.000000000000000000e+00,2.268025044876258861e-02,0.000000000000000000e+00,2.628736473479863177e-09
1.792323322148916486e+05,7.329352629405808672e-01,5.466451429845329812e+02,2.908769068092614263e-01,4.193781101807566580e-01,0.000000000000000000e+00,2.268024332182710587e-02,0.000000000000000000e+00,2.628735647438047957e-09
1.792323374855945294e+05,7.329350326264287840e-01,5.466451084698587692e+02,2.908768154054615085e-01,4.193779783973390352e-01,0.000000000000000000e+00,2.268023619489342724e-02,0.000000000000000000e+00,2.628734821396442015e-09
1.792323427562974102e+05,7.329348023123347655e-01,5.466450739551866036e+02,2.908767240016845723e-01,4.193778466139546635e-01,0.000000000000000000e+00,2.268022906796154578e-02,0.000000000000000000e+00,2.628733995355044521e-09
1.794958779009915597e+05,7.214916609438613015e-01,5.449218582125552075e+02,2.863353330579764822e-01,4.128301973954032755e-01,0.000000000000000000e+00,2.232612790278935486e-02,0.000000000000000000e+00,2.587692180129382604e-09
1.797594130456857092e+05,7.101927814465216482e-01,5.432037230428898056e+02,2.818511947107358862e-01,4.063650933536858134e-01,0.000000000000000000e+00,2.197649083493218719e-02,0.000000000000000000e+00,2.547167772569022595e-09
1.808135536244630639e+05,6.664142945333391133e-01,5.363833567397185789e+02,2.644770124302898706e-01,3.813154879703084532e-01,0.000000000000000000e+00,2.062179174258834194e-02,0.000000000000000000e+00,2.390152446716277034e-09
1.818676942032404186e+05,6.248423687649470315e-01,5.296498216503572394e+02,2.479785387054768142e-01,3.575284544533573472e-01,0.000000000000000000e+00,1.933537336506172336e-02,0.000000000000000000e+00,2.241051143060104158e-09
1.829218347820177733e+05,5.853973297200599779e-01,5.230076993381826469e+02,2.323241534869047165e-01,3.349584039085359288e-01,0.000000000000000000e+00,1.811477022504124484e-02,0.000000000000000000e+00,2.099578102404552536e-09
1.839759753607950988e+05,5.480010232674664694e-01,5.164616998822784808e+02,2.174828400762502112e-01,3.135606173360804272e-01,0.000000000000000000e+00,1.695756388968281889e-02,0.000000000000000000e+00,1.965453018205376945e-09
1.850301159395724535e+05,5.125768042190481655e-01,5.100166482871865696e+02,2.034241806230305538e-01,2.932912391381327644e-01,0.000000000000000000e+00,1.586138261948383948e-02,0.000000000000000000e+00,1.838400995873112263e-09
1.860842565183498082e+05,4.790495261028537843e-01,5.036774675549573885e+02,1.901183520658867865e-01,2.741072712669974099e-01,0.000000000000000000e+00,1.482390105181705803e-02,0.000000000000000000e+00,1.718152516093316506e-09
1.871383970971271629e+05,4.473455321939234786e-01,4.974491581504645978e+02,1.775361225730250903e-01,2.559665680930701681e-01,0.000000000000000000e+00,1.384283992338482261e-02,0.000000000000000000e+00,1.604443402657850155e-09
1.881925376759044884e+05,4.173926479525934541e-01,4.913367736323469899e+02,1.656488485412389022e-01,2.388278320781128117e-01,0.000000000000000000e+00,1.291596583622692251e-02,0.000000000000000000e+00,1.497014795344201373e-09
1.892466782546818431e+05,3.891201750296344741e-01,4.853453922818885076e+02,1.544284722167535984e-01,2.226506103450545393e-01,0.000000000000000000e+00,1.204109107221319752e-02,0.000000000000000000e+00,1.395613128414397116e-09
1.900533551240815723e+05,3.685766156177212594e-01,4.808453980717957279e+02,1.462754369914938124e-01,2.108957943903844445e-01,0.000000000000000000e+00,1.140538291391112423e-02,0.000000000000000000e+00,1.321931877583741225e-09
1.908600319934813306e+05,3.489460976210044252e-01,4.764214902774831444e+02,1.384847566372161276e-01,1.996634114561772477e-01,0.000000000000000000e+00,1.079792827608571162e-02,0.000000000000000000e+00,1.251525328677078465e-09
1.916667088628810598e+05,3.301986837095600702e-01,4.720758998803614190e+02,1.310445500528646945e-01,1.889363317064403913e-01,0.000000000000000000e+00,1.021780076596885342e-02,0.000000000000000000e+00,1.184286108873998832e-09
1.924733857322807889e+05,3.123049405953093327e-01,4.678108209966882782e+02,1.239431361743312809e-01,1.786977137128035464e-01,0.000000000000000000e+00,9.664089588065851930e-03,0.000000000000000000e+00,1.120108653143719104e-09
1.932800626016805472e+05,2.952359397736471491e-01,4.636283989162799912e+02,1.171690342687822933e-01,1.689310048788709440e-01,0.000000000000000000e+00,9.135899567104683802e-03,0.000000000000000000e+00,1.058889206904999562e-09
1.940867394710802764e+05,2.789632587377003925e-01,4.595307175228825258e+02,1.107109644165562706e-01,1.596199421350077974e-01,0.000000000000000000e+00,8.632351185610485228e-03,0.000000000000000000e+00,1.000525830381184567e-09
1.948934163404800056e+05,2.634589826773189314e-01,4.555197861949745857e+02,1.045578481854352454e-01,1.507485529104854449e-01,0.000000000000000000e+00,8.152580636479821521e-03,0.000000000000000000e+00,9.449184046937821921e-10
1.957000932098797348e+05,2.486957066693073759e-01,4.515975263068879144e+02,9.869880949987275276e-02,1.423011563867098983e-01,0.000000000000000000e+00,7.695739890756088733e-03,0.000000000000000000e+00,8.919686397179181894e-10
1.965067700792794931e+05,2.346465383586291420e-01,4.477657574709795085e+02,9.312317570507186448e-02,1.342623650313794215e-01,0.000000000000000000e+00,7.260996780597781322e-03,0.000000000000000000e+00,8.415800836987068292e-10
1.973134469486792223e+05,2.212851011225653586e-01,4.440261836815502647e+02,8.782047882273151529e-02,1.266170864089842252e-01,0.000000000000000000e+00,6.847535097191486710e-03,0.000000000000000000e+00,7.936581345997801299e-10
1.981201238180789514e+05,2.085855377008465072e-01,4.403803795391872313e+02,8.278045699172147109e-02,1.193505252579308423e-01,0.000000000000000000e+00,6.454554703084143356e-03,0.000000000000000000e+00,7.481100531230685135e-10
1.989268006874786806e+05,1.965225142650409151e-01,4.368297767500334885e+02,7.799305608308319815e-02,1.124481858190048977e-01,0.000000000000000000e+00,6.081271658107832191e-03,0.000000000000000000e+00,7.048449773040141459e-10
1.997334775568784389e+05,1.850712248898854773e-01,4.333756511059744980e+02,7.344843147454800658e-02,1.058958743938210878e-01,0.000000000000000000e+00,5.726918357742429543e-03,0.000000000000000000e+00,6.637739385483852396e-10
2.007204212781942042e+05,1.718575655329511453e-01,4.292824668996893251e+02,6.820438257184442687e-02,9.833515277230914231e-02,0.000000000000000000e+00,5.318029572415554351e-03,0.000000000000000000e+00,6.163820075812261318e-10
2.017073649995099695e+05,1.594799378919901645e-01,4.253370038705531897e+02,6.329212602766526308e-02,9.125280000385169177e-02,0.000000000000000000e+00,4.935011288484622040e-03,0.000000000000000000e+00,5.719885765980228504e-10
2.026943087208257348e+05,1.478962046292562338e-01,4.215404921436257837e+02,5.869493897563395762e-02,8.462470553194310907e-02,0.000000000000000000e+00,4.576559591236639517e-03,0.000000000000000000e+00,5.304425163962077883e-10
2.036812524421415001e+05,1.370654633030314318e-01,4.178937085980464303e+02,5.439658863731913763e-02,7.842746539503757386e-02,0.000000000000000000e+00,4.241408779077583159e-03,0.000000000000000000e+00,4.915971268345163564e-10
2.046681961634572654e+05,1.269480614391715334e-01,4.143969590561647465e+02,5.038133830361483240e-02,7.263839085033414744e-02,0.000000000000000000e+00,3.928331829912357770e-03,0.000000000000000000e+00,4.553101908883865712e-10
2.056551398847730306e+05,1.175056111708780576e-01,4.110500664474824930e+02,4.663395314476465048e-02,6.723551675050559728e-02,0.000000000000000000e+00,3.636140854163781317e-03,0.000000000000000000e+00,4.214440271567661054e-10
2.066420836060887959e+05,1.087010029790846793e-01,4.078523654188778096e+02,4.313970566345064206e-02,6.219760940580786740e-02,0.000000000000000000e+00,3.363687519960628560e-03,0.000000000000000000e+00,3.898655391431955722e-10
2.076290273274045612e+05,1.004984180475595318e-01,4.048027036809839956e+02,3.988438059811029446e-02,5.750417365354409949e-02,0.000000000000000000e+00,3.109863435458877761e-03,0.000000000000000000e+00,3.604462595684503806e-10
2.086159710487203265e+05,9.286333874334937177e-02,4.018994501802786203e+02,3.685427908226590610e-02,5.313545885486828380e-02,0.000000000000000000e+00,2.873600473152789977e-03,0.000000000000000000e+00,3.330623879595592369e-10
2.096029147700360918e+05,8.576255674655937355e-02,3.991405099771332061e+02,3.403622187095581286e-02,4.907246354656265991e-02,0.000000000000000000e+00,2.653871021446080943e-03,0.000000000000000000e+00,3.075948198079618376e-10
2.105898584913518571e+05,7.916417838369048388e-02,3.965233455041493471e+02,3.141755145735332377e-02,4.529693849271913819e-02,0.000000000000000000e+00,2.449688149688854840e-03,0.000000000000000000e+00,2.839291656979841240e-10
2.114408691835569916e+05,7.385451958215709378e-02,3.943782246814425321e+02,2.931032970599952922e-02,4.225880567733539261e-02,0.000000000000000000e+00,2.285383933936554167e-03,0.000000000000000000e+00,2.648856156423831495e-10
2.122918798757620971e+05,6.887682897704920648e-02,3.923342021532785679e+02,2.733485476369935940e-02,3.941062169085432498e-02,0.000000000000000000e+00,2.131352275462820942e-03,0.000000000000000000e+00,2.470326982059009376e-10
2.131428905679672316e+05,6.421301392583739220e-02,3.903889598657826809e+02,2.548394628020762137e-02,3.674203410705793177e-02,0.000000000000000000e+00,1.987033308266315714e-03,0.000000000000000000e+00,2.303055225628693852e-10
2.139939012601723662e+05,5.984570270384466373e-02,3.885400039940188890e+02,2.375071001288723074e-02,3.424310300159820464e-02,0.000000000000000000e+00,1.851889474717442882e-03,0.000000000000000000e+00,2.146417835217867938e-10
2.148449119523774716e+05,5.575823885605891289e-02,3.867846848750708659e+02,2.212853558513700261e-02,3.190429772016160903e-02,0.000000000000000000e+00,1.725405350778562398e-03,0.000000000000000000e+00,1.999817412676051103e-10
2.156959226445826062e+05,5.193467386421588006e-02,3.851202177002388680e+02,2.061109357620797417e-02,2.971649268264845226e-02,0.000000000000000000e+00,1.607087419091258323e-03,0.000000000000000000e+00,1.862681950615893532e-10
2.165469333367877116e+05,4.835975814347358986e-02,3.835437036136358415e+02,1.919233194809182030e-02,2.767096223156150295e-02,0.000000000000000000e+00,1.496463790373815618e-03,0.000000000000000000e+00,1.734464509501127689e-10
2.173979440289928461e+05,4.501893040925870199e-02,3.820521508769748493e+02,1.786647182558629213e-02,2.575937454782348604e-02,0.000000000000000000e+00,1.393083874384639384e-03,0.000000000000000000e+00,1.614642836279323205e-10
2.182489547211979807e+05,4.189830547923320547e-02,3.806424957815888206e+02,1.662800265531351115e-02,2.397378467118638917e-02,0.000000000000000000e+00,1.296518002461411042e-03,0.000000000000000000e+00,1.502718926888884688e-10
2.190999654134030861e+05,3.898466059759574109e-02,3.793116230173517920e+02,1.547167677830348261e-02,2.230662667513563097e-02,0.000000000000000000e+00,1.206357004334771390e-03,0.000000000000000000e+00,1.398218535768301529e-10
2.199509761056082207e+05,3.626542038791117500e-02,3.780563852422476430e+02,1.439250345828744539e-02,2.075070505705203100e-02,0.000000000000000000e+00,1.122211742502633291e-03,0.000000000000000000e+00,1.300690636176380356e-10
2.208019867978133552e+05,3.372864055667683381e-02,3.768736216342654757e+02,1.338574241420136500e-02,1.929918541355800030e-02,0.000000000000000000e+00,1.043712607946785387e-03,0.000000000000000000e+00,1.209706835706567150e-10
2.216529974900184607e+05,3.136299048257160105e-02,3.757601752475463286e+02,1.244689691045512865e-02,1.794558447826277714e-02,0.000000000000000000e+00,9.705089813676196810e-04,0.000000000000000000e+00,1.124860751835323075e-10
2.226686133766426938e+05,2.874883276043545613e-02,3.745177192981452095e+02,1.140942723124260989e-02,1.644978999182289403e-02,0.000000000000000000e+00,8.896154342597795703e-04,0.000000000000000000e+00,1.031101726452451859e-10
2.236842292632668978e+05,2.634597025426026889e-02,3.733642572989148221e+02,1.045581338753148910e-02,1.507489648100863479e-02,0.000000000000000000e+00,8.152602912280454200e-04,0.000000000000000000e+00,9.449209865528200991e-11
2.246998451498911309e+05,2.413834626949862630e-02,3.722946248544308787e+02,9.579683027110473884e-03,1.381171646835026301e-02,0.000000000000000000e+00,7.469466874636229888e-04,0.000000000000000000e+00,8.657426449132170658e-11
2.257154610365153640e+05,2.211097476415701743e-02,3.713037856360129467e+02,8.775088703102883539e-03,1.265167509289060258e-02,0.000000000000000000e+00,6.842108888606100985e-04,0.000000000000000000e+00,7.930292141893403489e-11
2.267310769231395680e+05,2.024988979638781689e-02,3.703868540091841624e+02,8.036487811447045118e-03,1.158678118461082401e-02,0.000000000000000000e+00,6.266207277019674110e-04,0.000000000000000000e+00,7.262797938100045190e-11
2.277466928097638011e+05,1.854209453002066826e-02,3.695391134642392217e+02,7.358722352937993767e-03,1.060959808591366120e-02,0.000000000000000000e+00,5.737740246661884565e-04,0.000000000000000000e+00,6.650282410164636235e-11
2.287623086963880342e+05,1.697551023806280479e-02,3.687560310749320251e+02,6.736998694463093920e-03,9.713214471944457001e-03,0.000000000000000000e+00,5.252970107711194383e-04,0.000000000000000000e+00,6.088413418288884107e-11
2.297779245830122381e+05,1.553892570315456093e-02,3.680332682707630738e+02,6.166867487775597179e-03,8.891215398045944351e-03,0.000000000000000000e+00,4.808427616013203547e-04,0.000000000000000000e+00,5.573169962499848043e-11
2.307935404696364712e+05,1.422194736899103952e-02,3.673666882493632784e+02,5.644203886300939305e-03,8.137653776908232092e-03,0.000000000000000000e+00,4.400896547736239998e-04,0.000000000000000000e+00,5.100824304026612518e-11
2.318091563562607043e+05,1.301495054986225378e-02,3.667523603797858982e+02,5.165188181874037776e-03,7.447022461163432284e-03,0.000000000000000000e+00,4.027398601455389900e-04,0.000000000000000000e+00,4.667924466180306195e-11
2.329031611376641958e+05,1.182763391836937419e-02,3.661448064348201115e+02,4.693982869980292856e-03,6.767651948815694811e-03,0.000000000000000000e+00,3.659990571525552480e-04,0.000000000000000000e+00,4.242083097669915788e-11
2.339971659190677165e+05,1.074735783332660816e-02,3.655891817702777189e+02,4.265258285415267012e-03,6.149528949519603160e-03,0.000000000000000000e+00,3.325705598454103420e-04,0.000000000000000000e+00,3.854632745993091389e-11
2.350911707004712371e+05,9.764714243099052032e-03,3.650813780029372992e+02,3.875280694659736461e-03,5.587270271723832754e-03,0.000000000000000000e+00,3.021632416934912167e-04,0.000000000000000000e+00,3.502199132143747270e-11
2.361851754818747577e+05,8.871079335367590066e-03,3.646175560283278401e+02,3.520627601922976437e-03,5.075941457644985756e-03,0.000000000000000000e+00,2.745102439827354357e-04,0.000000000000000000e+00,3.181689251322370265e-11
2.372791802632782783e+05,8.058555382649702087e-03,3.641941378464546233e+02,3.198164669621444533e-03,4.611023507865495003e-03,0.000000000000000000e+00,2.493671762600566393e-04,0.000000000000000000e+00,2.890270515329592798e-11
2.383731850446817698e+05,7.319915700400470883e-03,3.638077968481684366e+02,2.905023874133957993e-03,4.188381386918300052e-03,0.000000000000000000e+00,2.265104130947022149e-04,0.000000000000000000e+00,2.625351011313549902e-11
2.394671898260852904e+05,6.648552756319172502e-03,3.634554469631296456e+02,2.638582912162451902e-03,3.804234331959328169e-03,0.000000000000000000e+00,2.057354883517832959e-04,0.000000000000000000e+00,2.384560890724339967e-11
2.405611946074888110e+05,6.038429425778283829e-03,3.631342310180857567e+02,2.396445855680990125e-03,3.455127961619263929e-03,0.000000000000000000e+00,1.868555868206807650e-04,0.000000000000000000e+00,2.165734886652478960e-11
2.416551993888923316e+05,5.484033351917351300e-03,3.628415086037168180e+02,2.176425039019941853e-03,3.137908161313001168e-03,0.000000000000000000e+00,1.697001319154486487e-04,0.000000000000000000e+00,1.966895944682227614e-11
2.427492041702958231e+05,4.980334339386599876e-03,3.625748437008854239e+02,1.976524149901850384e-03,2.849696704372656209e-03,0.000000000000000000e+00,1.541134672496940886e-04,0.000000000000000000e+00,1.786239941789612925e-11
2.438432089516993437e+05,4.522744687362603884e-03,3.623319922735735190e+02,1.794922486973733050e-03,2.587868555002182779e-03,0.000000000000000000e+00,1.399536291654732807e-04,0.000000000000000000e+00,1.622121459435767173e-11
2.449372137331028644e+05,4.107082349615769241e-03,3.621108899965545334e+02,1.629960339299433344e-03,2.350030788842315168e-03,0.000000000000000000e+00,1.270912067436147884e-04,0.000000000000000000e+00,1.473040570606828298e-11
2.460312185145063850e+05,3.729536796397015918e-03,3.619096402510992334e+02,1.480125438111488381e-03,2.134003059488999432e-03,0.000000000000000000e+00,1.154082854202218033e-04,0.000000000000000000e+00,1.337630595884638491e-11
2.471252232959099056e+05,3.386637444054421339e-03,3.617265024917086862e+02,1.344040427607090049e-03,1.937799534240820885e-03,0.000000000000000000e+00,1.047974700600425051e-04,0.000000000000000000e+00,1.214646780455979878e-11
2.482192280773133971e+05,3.075224512950229701e-03,3.615598810608132112e+02,1.220451299453303084e-03,1.759612219295225450e-03,0.000000000000000000e+00,9.516098317214249837e-05,0.000000000000000000e+00,1.102955842052716867e-11
2.493132328587169177e+05,2.792422171834031512e-03,3.614083145062846825e+02,1.108216734708440763e-03,1.597795593231731261e-03,0.000000000000000000e+00,8.640983387859608935e-05,0.000000000000000000e+00,1.001526338949200219e-11
2.504072376401204383e+05,2.535613826804750896e-03,3.612704654381262230e+02,1.006298296857295127e-03,1.450852467607062317e-03,0.000000000000000000e+00,7.846305324619526496e-05,0.000000000000000000e+00,9.094198071349752388e-12
2.515012424215239589e+05,2.302419414887649837e-03,3.611451109454606012e+02,9.137514204094223085e-04,1.317420994570629765e-03,0.000000000000000000e+00,7.124699164977156356e-05,0.000000000000000000e+00,8.257826164599874695e-12
2.525952472029274795e+05,2.090674565647767172e-03,3.610311335825448964e+02,8.297171408571179596e-04,1.196262743351476313e-03,0.000000000000000000e+00,6.469467394078794295e-05,0.000000000000000000e+00,7.498384967671954293e-12
2.536892519843309710e+05,1.898411498800343716e-03,3.609275129226321042e+02,7.534145135911480108e-04,1.086251770065059779e-03,0.000000000000000000e+00,5.874520833531906276e-05,0.000000000000000000e+00,6.808816866555008462e-12
2.547832567657344916e+05,1.723841531157723969e-03,3.608333176707255348e+02,6.841336715070160798e-04,9.863646083660148906e-04,0.000000000000000000e+00,5.334324510198629481e-05,0.000000000000000000e+00,6.182706594451121467e-12
2.558772615471380122e+05,1.565339072215937884e-03,3.607476983203104055e+02,6.212294734013419422e-04,8.956711118854148975e-04,0.000000000000000000e+00,4.843848131495718899e-05,0.000000000000000000e+00,5.614223830563913330e-12
2.569712663285415329e+05,1.421426994021446908e-03,3.606698803347068747e+02,5.641156977729754832e-04,8.133260830171780507e-04,0.000000000000000000e+00,4.398520813322261808e-05,0.000000000000000000e+00,5.098070727861554508e-12
2.580652711099450535e+05,1.290763267497184235e-03,3.605991578305171856e+02,5.122597392384356995e-04,7.385616263596152080e-04,0.000000000000000000e+00,3.994189726969932534e-05,0.000000000000000000e+00,4.629433983105460294e-12
2.591592758913485450e+05,1.172128764008368001e-03,3.605348877385029596e+02,4.651777673911117509e-04,6.706801688953348880e-04,0.000000000000000000e+00,3.627082351798023200e-05,0.000000000000000000e+00,4.203941086112118341e-12
2.602415700112117920e+05,1.065514912329112692e-03,3.604770804403651709e+02,4.228663806049676134e-04,6.096768062559767718e-04,0.000000000000000000e+00,3.297172164660700725e-05,0.000000000000000000e+00,3.821561295439320375e-12
2.613238641310750390e+05,9.686159241901761384e-04,3.604244984048910396e+02,3.844104904766655357e-04,5.542321898227390046e-04,0.000000000000000000e+00,2.997324041674689384e-05,0.000000000000000000e+00,3.474024702235249680e-12
2.624061582509382861e+05,8.805461220470522151e-04,3.603766710692245283e+02,3.494586019184363996e-04,5.038395439039264128e-04,0.000000000000000000e+00,2.724797306653461095e-05,0.000000000000000000e+00,3.158154747462430553e-12
2.634884523708015331e+05,8.005004139188334495e-04,3.603331698169205310e+02,3.176912014930855540e-04,4.580382030485141134e-04,0.000000000000000000e+00,2.477100650616987433e-05,0.000000000000000000e+00,2.871063899169968599e-12
2.645707464906647801e+05,7.277470100765842578e-04,3.602936043248210467e+02,2.888178669170220246e-04,4.164094446092391996e-04,0.000000000000000000e+00,2.251969594019546199e-05,0.000000000000000000e+00,2.610127530267110205e-12
2.656530406105280272e+05,6.616207875612033435e-04,3.602576192120498035e+02,2.625746336646272907e-04,3.785726919871445400e-04,0.000000000000000000e+00,2.047345953647135045e-05,0.000000000000000000e+00,2.372960119793240639e-12
2.667353347303912742e+05,6.015172469009747976e-04,3.602248909690738969e+02,2.387215965964008691e-04,3.441820567267663564e-04,0.000000000000000000e+00,1.861359142041397780e-05,0.000000000000000000e+00,2.157393578163228330e-12
2.678176288502545212e+05,5.468870098098127085e-04,3.601951251458407910e+02,2.170407262838176690e-04,3.129231901549779714e-04,0.000000000000000000e+00,1.692309140955952824e-05,0.000000000000000000e+00,1.961457512686770943e-12
2.688999229701177683e+05,4.972308107756750941e-04,3.601680537791208963e+02,1.973338813422802467e-04,2.845104176187705368e-04,0.000000000000000000e+00,1.538651003126306773e-05,0.000000000000000000e+00,1.783361264467508165e-12
2.699822170899810153e+05,4.520949392997551620e-04,3.601434330403426998e+02,1.794209996119324672e-04,2.586841305808286668e-04,0.000000000000000000e+00,1.398980748551644469e-05,0.000000000000000000e+00,1.621477561600080485e-12
2.710645112098442623e+05,4.110670931288329735e-04,3.601210410863661195e+02,1.631384524475841546e-04,2.352084138812174266e-04,0.000000000000000000e+00,1.272022532570372350e-05,0.000000000000000000e+00,1.474327646429671681e-12
2.721468053297075094e+05,3.737726061457416981e-04,3.601006760967901528e+02,1.483375476976112896e-04,2.138688873746347977e-04,0.000000000000000000e+00,1.156616973292786298e-05,0.000000000000000000e+00,1.340567746555248269e-12
2.732290994495707564e+05,3.398710176579252513e-04,3.600821544825116121e+02,1.348831681720679082e-04,1.944707429121834313e-04,0.000000000000000000e+00,1.051710535469714222e-05,0.000000000000000000e+00,1.218976770286552485e-12
2.743113935694340034e+05,3.090529526641788618e-04,3.600653092513377374e+02,1.226525335273892373e-04,1.768369592616990578e-04,0.000000000000000000e+00,9.563458766645455760e-06,0.000000000000000000e+00,1.108445117451216777e-12
2.753936876892972505e+05,2.810372852980690637e-04,3.600499885174932615e+02,1.115340745342218728e-04,1.608066790588971035e-04,0.000000000000000000e+00,8.696530696985567776e-06,0.000000000000000000e+00,1.007964505839506022e-12
2.764759818091604975e+05,2.555685600566398618e-04,3.600360541428542547e+02,1.014264096514060597e-04,1.462337332606412324e-04,0.000000000000000000e+00,7.908416227973856706e-06,0.000000000000000000e+00,9.166187222182617337e-13
2.775582759290237445e+05,2.324146476382211426e-04,3.600233804986754080e+02,9.223741470827670290e-05,1.329852998391557978e-04,0.000000000000000000e+00,7.191932257213421950e-06,0.000000000000000000e+00,8.335752147906620670e-13
2.786405700488869916e+05,2.113646142466031705e-04,3.600118533374603089e+02,8.388337730445500956e-05,1.209406846195245277e-04,0.000000000000000000e+00,6.540551564546181835e-06,0.000000000000000000e+00,7.580774512715483375e-13
2.797228641687502386e+05,1.922267850833209841e-04,3.600013687654517867e+02,7.628822827625099585e-05,1.099902132296520974e-04,0.000000000000000000e+00,5.948342887979903309e-06,0.000000000000000000e+00,6.894379734351846920e-13
2.808051582886134856e+05,1.748269844575719360e-04,3.599918323069898065e+02,6.938284325655650849e-05,1.000342241090411102e-04,0.000000000000000000e+00,5.409916464942237840e-06,0.000000000000000000e+00,6.270320851174200418e-13
2.818874524084766745e+05,1.590069365061226798e-04,3.599831580527053347e+02,6.310440797534285092e-05,9.098215341697289595e-05,0.000000000000000000e+00,4.920374543514819871e-06,0.000000000000000000e+00,5.702921162594536851e-13
2.829697465283399215e+05,1.446228119445566588e-04,3.599752678841863371e+02,5.739584151499688142e-05,8.275170349833770337e-05,0.000000000000000000e+00,4.475266412519852792e-06,0.000000000000000000e+00,5.187022107056214582e-13
2.840520406482031685e+05,1.315439075768800475e-04,3.599680907683696205e+02,5.220527225290322456e-05,7.526808731244854285e-05,0.000000000000000000e+00,4.070547539734684195e-06,0.000000000000000000e+00,4.717935901505042851e-13
2.851343347680664156e+05,1.196514464826856588e-04,3.599615621154861742e+02,4.748556169681665307e-05,6.846334191232750970e-05,0.000000000000000000e+00,3.702542444401241133e-06,0.000000000000000000e+00,4.291402509065262063e-13
2.862166288879296626e+05,1.088374878889964846e-04,3.599556231949134144e+02,4.319387185032778404e-05,6.227570468445138509e-05,0.000000000000000000e+00,3.367910963862260098e-06,0.000000000000000000e+00,3.903550540651315967e-13
2.872989230077929096e+05,9.900393672615375731e-05,3.599502206037759606e+02,3.929127213951240247e-05,5.664904662669451577e-05,0.000000000000000000e+00,3.063617604860662234e-06,0.000000000000000000e+00,3.550861731834019368e-13
2.883812171276561567e+05,9.006164377166359927e-05,3.599453057835816594e+02,3.574238229083934285e-05,5.153235745978127836e-05,0.000000000000000000e+00,2.786903698029112968e-06,0.000000000000000000e+00,3.230138668722126322e-13
2.894635112475194037e+05,8.192958811016540623e-05,3.599408345805921954e+02,3.251504787752826597e-05,4.687927783918684785e-05,0.000000000000000000e+00,2.535262099602741389e-06,0.000000000000000000e+00,2.938475466182726552e-13
2.905458053673826507e+05,7.453413438847296705e-05,3.599367668460034224e+02,2.958004554951047422e-05,4.264767436401873524e-05,0.000000000000000000e+00,2.306414207620643519e-06,0.000000000000000000e+00,2.673231128651549993e-13
2.916280994872458978e+05,6.780835802827601087e-05,3.599330660723560982e+02,2.691081523345792762e-05,3.879925347058100327e-05,0.000000000000000000e+00,2.098289081036542675e-06,0.000000000000000000e+00,2.432005348303481539e-13
2.927103936071091448e+05,6.169143218138742780e-05,3.599296990629144943e+02,2.448321683631433492e-05,3.529921065439584543e-05,0.000000000000000000e+00,1.909004469415593188e-06,0.000000000000000000e+00,2.212616517672817807e-13
2.937926877269723918e+05,5.612807077872700433e-05,3.599266356310394031e+02,2.227530921050933886e-05,3.211591178849117857e-05,0.000000000000000000e+00,1.736849578418311558e-06,0.000000000000000000e+00,2.013081754123857438e-13
2.948749818468356389e+05,5.106802253945403355e-05,3.599238483268466666e+02,2.026714934351069676e-05,2.922060360056762785e-05,0.000000000000000000e+00,1.580269412215832610e-06,0.000000000000000000e+00,1.831598752051253707e-13
2.959572759666988859e+05,4.646561127530300211e-05,3.599213121886841122e+02,1.844060992035718668e-05,2.658715063981035000e-05,0.000000000000000000e+00,1.437850548482534980e-06,0.000000000000000000e+00,1.666529295497830125e-13
2.970395700865621329e+05,4.227931825136501239e-05,3.599190045171808379e+02,1.677921357695463103e-05,2.419179630797173021e-05,0.000000000000000000e+00,1.308308214800223974e-06,0.000000000000000000e+00,1.516384279163158715e-13
2.981218642064253800e+05,3.847140275206844921e-05,3.599169046698238503e+02,1.526798231570717816e-05,2.201294575108090628e-05,0.000000000000000000e+00,1.190474547299354542e-06,0.000000000000000000e+00,1.379810099674618390e-13
2.992041583262886270e+05,3.500755735340152139e-05,3.599149938742011159e+02,1.389330069486747758e-05,2.003096860971226672e-05,0.000000000000000000e+00,1.083287923264148062e-06,0.000000000000000000e+00,1.255576291627806159e-13
3.002864524461518740e+05,3.185659472264163188e-05,3.599132550582173167e+02,1.264279153007468785e-05,1.822801980897295929e-05,0.000000000000000000e+00,9.857832693375537765e-07,0.000000000000000000e+00,1.142564294388219053e-13
3.013687465660151211e+05,2.899016305789493350e-05,3.599116726957419132e+02,1.150520296205236265e-05,1.658787673589884174e-05,0.000000000000000000e+00,8.970832559680025783e-07,0.000000000000000000e+00,1.039757246084476737e-13
3.024510406858783681e+05,2.638248754423584103e-05,3.599102326662872429e+02,1.047030584940395412e-05,1.509579130328452669e-05,0.000000000000000000e+00,8.163902969242877338e-07,0.000000000000000000e+00,9.462307107093776875e-14
3.035333348057416151e+05,2.401013544356627691e-05,3.599089221274428496e+02,9.528800540822341924e-06,1.373835553648774370e-05,0.000000000000000000e+00,7.429792801417653983e-07,0.000000000000000000e+00,8.611442528647345275e-14
3.046156289256048622e+05,2.185180265368084671e-05,3.599077293989055306e+02,8.672232167691993796e-06,1.250337944469518110e-05,0.000000000000000000e+00,6.761909629202921031e-07,0.000000000000000000e+00,7.837337825178300297e-14
3.056979230454681092e+05,1.988811977041396421e-05,3.599066438570513355e+02,7.892913676796476424e-06,1.137978005165366087e-05,0.000000000000000000e+00,6.154259706333668134e-07,0.000000000000000000e+00,7.133045992527581640e-14
3.067802171653313562e+05,1.810147586697693196e-05,3.599056558390904001e+02,7.183855894371945973e-06,1.035748056399735784e-05,0.000000000000000000e+00,5.601393436851203072e-07,0.000000000000000000e+00,6.492250719640903498e-14
3.078625112851946033e+05,1.647585836832277106e-05,3.599047565559332611e+02,6.538703977725979333e-06,9.427318748986391220e-06,0.000000000000000000e+00,5.098355825183100277e-07,0.000000000000000000e+00,5.909208958126188380e-14
3.089448054050578503e+05,1.499670754709766997e-05,3.599039380129761412e+02,5.951679669663431738e-06,8.580963678568682084e-06,0.000000000000000000e+00,4.640641450785679593e-07,0.000000000000000000e+00,5.378698735969377372e-14
3.100270995249210973e+05,1.365078430283604168e-05,3.599031929380840324e+02,5.417528824576793612e-06,7.810840073978853959e-06,0.000000000000000000e+00,4.224153553206771761e-07,0.000000000000000000e+00,4.895971735400318748e-14
3.111093936447843444e+05,1.242605000876209783e-05,3.599025147161175369e+02,4.931473723756334987e-06,7.110059555298947410e-06,0.000000000000000000e+00,3.845166851397131582e-07,0.000000000000000000e+00,4.456710198910014241e-14
3.121916877646475914e+05,1.131155732200757186e-05,3.599018973294071770e+02,4.489169741704675055e-06,6.472358164174478126e-06,0.000000000000000000e+00,3.500293755585411761e-07,0.000000000000000000e+00,4.056987767391783280e-14
3.132739818845108384e+05,1.029735095429707017e-05,3.599013353036344824e+02,4.086665965419860123e-06,5.892039585808844045e-06,0.000000000000000000e+00,3.186453661360262747e-07,0.000000000000000000e+00,3.693233890690206465e-14
3.143562760043740273e+05,9.374377492075991209e-06,3.599008236586277576e+02,3.720369405092312053e-06,5.363923548956833706e-06,0.000000000000000000e+00,2.900845044048309208e-07,0.000000000000000000e+00,3.362201483810833969e-14
3.154385701242372743e+05,8.534403438571831050e-06,3.599003578636254019e+02,3.387012467805566815e-06,4.883298930424865416e-06,0.000000000000000000e+00,2.640920097320234617e-07,0.000000000000000000e+00,3.060937531997339377e-14
3.163728769725401071e+05,7.870269085731184503e-06,3.598999894597046136e+02,3.123440286157486984e-06,4.503288001924880921e-06,0.000000000000000000e+00,2.435407694214161555e-07,0.000000000000000000e+00,2.822740008112894939e-14
3.173071838208429399e+05,7.257988574527283157e-06,3.598996497191092772e+02,2.880447118542597040e-06,4.152947314728313635e-06,0.000000000000000000e+00,2.245941152249690916e-07,0.000000000000000000e+00,2.603140312557822198e-14
3.182414906691457727e+05,6.693499944711563750e-06,3.598993364043915903e+02,2.656420912038317798e-06,3.829952656454062983e-06,0.000000000000000000e+00,2.071263522123669666e-07,0.000000000000000000e+00,2.400681588192920256e-14
3.191757975174485473e+05,6.173060466143941158e-06,3.598990474533199517e+02,2.449876305220228945e-06,3.532162474945437284e-06,0.000000000000000000e+00,1.910216638380603768e-07,0.000000000000000000e+00,2.214021472515597282e-14
3.201101043657513801e+05,5.693221470029618340e-06,3.598987809651148950e+02,2.259444639541849684e-06,3.257603476959594160e-06,0.000000000000000000e+00,1.761733331089433550e-07,0.000000000000000000e+00,2.041923070665491832e-14
3.210444112140542129e+05,5.250805170705471396e-06,3.598985351877697099e+02,2.083864760695386239e-06,3.004457365829222407e-06,0.000000000000000000e+00,1.624830253483964281e-07,0.000000000000000000e+00,1.883246642357894948e-14
3.219787180623570457e+05,4.842883320070300656e-06,3.598983085063695171e+02,1.921974547286064283e-06,2.771048627744418423e-06,0.000000000000000000e+00,1.498601276703981797e-07,0.000000000000000000e+00,1.736941946110730496e-14
3.229130249106598785e+05,4.466757549331675456e-06,3.598980994323301843e+02,1.772703109144643727e-06,2.555833283499980131e-06,0.000000000000000000e+00,1.382211406666396347e-07,0.000000000000000000e+00,1.602041188642210321e-14
3.238473317589626531e+05,4.119941264286634160e-06,3.598979065934846062e+02,1.635063602184314708e-06,2.357388529158979904e-06,0.000000000000000000e+00,1.274891181668143399e-07,0.000000000000000000e+00,1.477652531456828441e-14
3.247816386072654859e+05,3.800142970988233406e-06,3.598977287249491610e+02,1.508146610928756698e-06,2.174403195168592311e-06,0.000000000000000000e+00,1.175931512613432193e-07,0.000000000000000000e+00,1.362954110451601568e-14
3.255190153696687194e+05,3.565434623609365785e-06,3.598975981480800215e+02,1.414998905340175582e-06,2.040105463643866776e-06,0.000000000000000000e+00,1.103302418375839341e-07,0.000000000000000000e+00,1.278773933742581584e-14
3.262563921320720110e+05,3.345271807780272227e-06,3.598974756349692825e+02,1.327623823118247199e-06,1.914130537476390961e-06,0.000000000000000000e+00,1.035174351875274989e-07,0.000000000000000000e+00,1.199810637599850413e-14
3.269937688944752445e+05,3.138750056241712719e-06,3.598973606859591428e+02,1.245662412180870770e-06,1.795960889690618723e-06,0.000000000000000000e+00,9.712674311282488214e-08,0.000000000000000000e+00,1.125739827026124922e-14
3.277311456568785361e+05,2.945021331240619350e-06,3.598972528324553650e+02,1.168778115384540311e-06,1.685111281701061980e-06,0.000000000000000000e+00,9.113192359244340121e-08,0.000000000000000000e+00,1.056257345954071112e-14
3.284685224192817695e+05,2.763290492257643389e-06,3.598971516349899957e+02,1.096655368686370603e-06,1.581126742181884243e-06,0.000000000000000000e+00,8.550837147860844571e-08,0.000000000000000000e+00,9.910780103662700581e-15
3.292058991816850030e+05,2.592811985561179804e-06,3.598970566814049903e+02,1.028998287341453218e-06,1.483580672863349399e-06,0.000000000000000000e+00,8.023301605703285220e-08,0.000000000000000000e+00,9.299344209751657307e-15
3.299432759440882946e+05,2.432886741612238491e-06,3.598969675851493548e+02,9.655294345890978117e-07,1.392073073258415803e-06,0.000000000000000000e+00,7.528422503896637093e-08,0.000000000000000000e+00,8.725758504505149415e-15
3.306806527064915281e+05,2.282859267229034675e-06,3.598968839836832672e+02,9.059886676325352573e-07,1.306228876828859237e-06,0.000000000000000000e+00,7.064171457996817030e-08,0.000000000000000000e+00,8.187672004990935608e-15
3.314180294688947615e+05,2.142114920250521127e-06,3.598968055369813897e+02,8.501320560462014618e-07,1.225696391575439358e-06,0.000000000000000000e+00,6.628646494599996359e-08,0.000000000000000000e+00,7.682880243992253733e-15
3.319822115500058862e+05,2.040337056725111375e-06,3.598967487974073265e+02,8.097399073519908710e-07,1.167460132219772918e-06,0.000000000000000000e+00,6.313700983550251047e-08,0.000000000000000000e+00,7.317845142671143439e-15
3.325463936311170110e+05,1.943411647451008942e-06,3.598966947534251517e+02,7.712735315799217899e-07,1.112000397881455482e-06,0.000000000000000000e+00,6.013771101941794189e-08,0.000000000000000000e+00,6.970213787782968177e-15
3.331105757122281357e+05,1.851106548350409677e-06,3.598966432765314494e+02,7.346407986951876823e-07,1.059184358077957701e-06,0.000000000000000000e+00,5.728138493811071269e-08,0.000000000000000000e+00,6.639153574535023257e-15
3.336747577933392604e+05,1.763200759092935833e-06,3.598965942443696235e+02,6.997540012347225283e-07,1.008885558665797447e-06,0.000000000000000000e+00,5.456119286854399381e-08,0.000000000000000000e+00,6.323871866147591070e-15
3.342389398744503851e+05,1.679483886349564743e-06,3.598965475404349377e+02,6.665296412910660854e-07,9.609836147198910258e-07,0.000000000000000000e+00,5.197062431499355550e-08,0.000000000000000000e+00,6.023614068767776520e-15
3.348031219555615098e+05,1.599755632986063145e-06,3.598965030537936514e+02,6.348882277907300485e-07,9.153639182552271575e-07,0.000000000000000000e+00,4.950348120244407834e-08,0.000000000000000000e+00,5.737661799417624921e-15
3.353673040366726345e+05,1.523825311922602836e-06,3.598964606788157994e+02,6.047540835617273691e-07,8.719173600622784619e-07,0.000000000000000000e+00,4.715386283326575243e-08,0.000000000000000000e+00,5.465331142409632232e-15
3.359314861177837593e+05,1.451511383506879649e-06,3.598964203149207037e+02,5.760551617328056382e-07,8.305400649966007462e-07,0.000000000000000000e+00,4.491615157150217075e-08,0.000000000000000000e+00,5.205970990095462706e-15
3.362730585425104946e+05,1.409414627687727035e-06,3.598963968141756595e+02,5.593484009334243874e-07,8.064527290573444198e-07,0.000000000000000000e+00,4.361349264197086936e-08,0.000000000000000000e+00,5.054987338115993686e-15
3.366146309672372881e+05,1.368543066668816423e-06,3.598963739949580258e+02,5.431278779939919412e-07,7.830664371337181029e-07,0.000000000000000000e+00,4.234874663270845472e-08,0.000000000000000000e+00,4.908397953146587295e-15
3.369562033919640235e+05,1.328860917122563226e-06,3.598963518374337696e+02,5.273793917371743780e-07,7.603607143692684172e-07,0.000000000000000000e+00,4.112080625004587878e-08,0.000000000000000000e+00,4.766074495191119438e-15
3.372977758166907588e+05,1.290333444455502489e-06,3.598963303223481489e+02,5.120891571922967955e-07,7.383156859825491404e-07,0.000000000000000000e+00,3.992859665276413092e-08,0.000000000000000000e+00,4.627892385628998157e-15
3.376393482414175523e+05,1.252926931968805231e-06,3.598963094310087172e+02,4.972437933562077606e-07,7.169120596210818097e-07,0.000000000000000000e+00,3.877107449778489219e-08,0.000000000000000000e+00,4.493730696606690781e-15
3.379809206661442877e+05,1.216608650917738771e-06,3.598962891452687245e+02,4.828303113109046141e-07,6.961311082296836473e-07,0.000000000000000000e+00,3.764722701367841324e-08,0.000000000000000000e+00,4.363472043653391863e-15
3.383224930908710230e+05,1.181346831459069377e-06,3.598962694475112585e+02,4.688361026935523801e-07,6.759546534268661767e-07,0.000000000000000000e+00,3.655607110164830071e-08,0.000000000000000000e+00,4.237002481481372280e-15
3.384932793032351183e+05,1.164102422008844400e-06,3.598962598137616737e+02,4.619923871101196296e-07,6.660875775579775569e-07,0.000000000000000000e+00,3.602245316559325245e-08,0.000000000000000000e+00,4.175153917040697271e-15
3.386640655155992135e+05,1.147110634496850498e-06,3.598962503206336123e+02,4.552489285230415008e-07,6.563650493952812992e-07,0.000000000000000000e+00,3.549665246431624916e-08,0.000000000000000000e+00,4.114211403008469364e-15
3.388348517279633088e+05,1.130367754969949851e-06,3.598962409660670687e+02,4.486042529915003447e-07,6.467849438525290357e-07,0.000000000000000000e+00,3.497855407175885304e-08,0.000000000000000000e+00,4.054161618970867935e-15
3.390056379403274041e+05,1.113870124269052903e-06,3.598962317480323350e+02,4.420569083205598137e-07,6.373451671960698805e-07,0.000000000000000000e+00,3.446804475743169987e-08,0.000000000000000000e+00,3.994991441037660925e-15
3.391764241526914411e+05,1.097614137219874101e-06,3.598962226645296596e+02,4.356054637400036382e-07,6.280436565818095988e-07,0.000000000000000000e+00,3.396501296137287652e-08,0.000000000000000000e+00,3.936687938939778885e-15
3.393472103650555364e+05,1.081596241823045576e-06,3.598962137135885655e+02,4.292485095829193394e-07,6.188783795918013166e-07,0.000000000000000000e+00,3.346934876908650570e-08,0.000000000000000000e+00,3.879238373124591073e-15
3.395560774406983401e+05,1.062325310474561317e-06,3.598962029441821642e+02,4.216005368554355162e-07,6.078517484839928474e-07,0.000000000000000000e+00,3.287302132501142821e-08,0.000000000000000000e+00,3.810121512800736455e-15
3.397649445163411438e+05,1.043398956897179479e-06,3.598961923666481084e+02,4.140893152453851545e-07,5.970222812755926491e-07,0.000000000000000000e+00,3.228735663396114517e-08,0.000000000000000000e+00,3.742240510425068775e-15
3.398556250094953575e+05,1.035287712019902693e-06,3.598961878332337960e+02,4.108702399196752266e-07,5.923811093742735919e-07,0.000000000000000000e+00,3.203635901280497600e-08,0.000000000000000000e+00,3.713148829846827087e-15
3.399463055026496295e+05,1.027239750230458049e-06,3.598961833350609254e+02,4.076762794844238700e-07,5.877761474127996927e-07,0.000000000000000000e+00,3.178731964895031327e-08,0.000000000000000000e+00,3.684284119530866029e-15
3.400369859958038433e+05,1.019254576031130050e-06,3.598961788718546018e+02,4.045072372935558344e-07,5.832071118724128549e-07,0.000000000000000000e+00,3.154022320951672771e-08,0.000000000000000000e+00,3.655644602331817948e-15
3.401276664889581152e+05,1.011331697825028572e-06,3.598961744433419199e+02,4.013629182491000408e-07,5.786737214663674779e-07,0.000000000000000000e+00,3.129505448233249661e-08,0.000000000000000000e+00,3.627228515094959768e-15
3.402183469821123290e+05,1.003470627850105212e-06,3.598961700492523050e+02,3.982431287750025516e-07,5.741756971021757632e-07,0.000000000000000000e+00,3.105179837389277133e-08,0.000000000000000000e+00,3.599034108419562614e-15
3.402274150314276339e+05,1.002687901643170325e-06,3.598961696117262363e+02,3.979324915475913424e-07,5.737278291197617262e-07,0.000000000000000000e+00,3.102757737959044923e-08,0.000000000000000000e+00,3.596226793249463465e-15
3.402364830807428807e+05,1.001905788194641524e-06,3.598961691745414555e+02,3.976220975030078883e-07,5.732803117514814092e-07,0.000000000000000000e+00,3.100337534673049530e-08,0.000000000000000000e+00,3.593421675790330965e-15
3.402455511300581857e+05,1.001124287023087942e-06,3.598961687376976784e+02,3.973119464501887144e-07,5.728331447218650866e-07,0.000000000000000000e+00,3.097919226041532051e-08,0.000000000000000000e+00,3.590618754315471653e-15
3.402546191793734324e+05,1.000343397647462625e-06,3.598961683011946775e+02,3.970020381982227587e-07,5.723863277556626258e-07,0.000000000000000000e+00,3.095502810575921418e-08,0.000000000000000000e+00,3.587818027099570212e-15
3.402555259843045496e+05,1.000265342340167836e-06,3.598961682575630903e+02,3.969710607197277806e-07,5.723416653019397765e-07,0.000000000000000000e+00,3.095261273096212463e-08,0.000000000000000000e+00,3.587538074995840599e-15
3.402564327892356669e+05,1.000187293145545180e-06,3.598961682139349136e+02,3.969400856671430513e-07,5.722970063458259247e-07,0.000000000000000000e+00,3.095019754531801395e-08,0.000000000000000000e+00,3.587258144815738044e-15
3.402573395941667841e+05,1.000109250063113542e-06,3.598961681703101476e+02,3.969091130402776181e-07,5.722523508870456789e-07,0.000000000000000000e+00,3.094778254881199948e-08,0.000000000000000000e+00,3.586978236557537309e-15
3.402582463990978431e+05,1.000031213092394984e-06,3.598961681266887922e+02,3.968781428389418512e-07,5.722076989253254473e-07,0.000000000000000000e+00,3.094536774142929787e-08,0.000000000000000000e+00,3.586698350219522621e-15
3.402583370795914088e+05,1.000023409731448375e-06,3.598961681223268556e+02,3.968750459522048623e-07,5.722032339214808734e-07,0.000000000000000000e+00,3.094512627109221710e-08,0.000000000000000000e+00,3.586670362791263910e-15
3.402584277600849164e+05,1.000015606431613711e-06,3.598961681179649190e+02,3.968719490897211266e-07,5.721987689526040430e-07,0.000000000000000000e+00,3.094488480264621678e-08,0.000000000000000000e+00,3.586642375582187834e-15
3.402585184405784821e+05,1.000007803192890145e-06,3.598961681136030393e+02,3.968688522514902735e-07,5.721943040186942150e-07,0.000000000000000000e+00,3.094464333609125723e-08,0.000000000000000000e+00,3.586614388592292028e-15
3.402585637808245374e+05,1.000003901588806295e-06,3.598961681114221278e+02,3.968673038384381470e-07,5.721920715604812104e-07,0.000000000000000000e+00,3.094452260328654757e-08,0.000000000000000000e+00,3.586600395152139981e-15
