 z(m),p_tot(bar),T(K),p_H2O(bar),p_CO2(bar),p_CO(bar),p_H2(bar),p_CH4(bar),p_O2(bar)
0.000000000000000000e+00,1.681697008071085691e+02,1.730392975281661620e+03,1.720276229333814655e+01,1.251667866742322417e+02,2.483339005304831559e+01,9.667610600232074969e-01,4.885074524276599404e-07,2.379592087686241201e-07
3.735235912749635077e+02,1.665143458009297319e+02,1.727797646752088667e+03,1.703085981153126482e+01,1.239372943950780552e+02,2.458637651783709543e+01,9.598143624144724884e-01,4.895335494424055993e-07,2.245353080806468249e-07
8.328704140561824261e+02,1.644998213670857012e+02,1.724605702750854789e+03,1.682167362035732694e+01,1.224410192318234323e+02,2.428578210946053773e+01,9.513457055780722982e-01,4.908576088664015149e-07,2.090087250181669748e-07
1.292217236837401515e+03,1.625062867277302132e+02,1.721413459839305915e+03,1.661468653315304778e+01,1.209603145573428122e+02,2.398833920989716617e+01,9.429457406033371347e-01,4.922316493268751568e-07,1.945022128827724486e-07
1.848734119597483186e+03,1.601188954566749487e+02,1.717545526019330509e+03,1.636683168669653199e+01,1.191870454633580181e+02,2.363215747072997885e+01,9.328601637231005439e-01,4.939643683916296802e-07,1.782029553685761629e-07
2.405251002357564630e+03,1.577617168662198992e+02,1.713677143090118079e+03,1.612214187980093527e+01,1.174361888570522723e+02,2.328051166097477065e+01,9.228738094163426720e-01,4.957728822142556843e-07,1.632026924395214557e-07
2.757573580481493991e+03,1.562848936392982182e+02,1.711227892506994976e+03,1.596885308728152175e+01,1.163392247800751136e+02,2.306021262675361427e+01,9.166024938973802438e-01,4.969576403036305404e-07,1.543329857798792833e-07
3.109896158605423352e+03,1.548199687444605388e+02,1.708778458150041388e+03,1.581681062386627268e+01,1.152510872940950719e+02,2.284169980419960311e+01,9.103703782048155890e-01,4.981737030672736389e-07,1.459210790644453327e-07
3.462218736729352258e+03,1.533668612947778342e+02,1.706328838541259074e+03,1.566600596865270845e+01,1.141717164426098492e+02,2.262496100215610184e+01,9.041772439931071714e-01,4.994214449371368232e-07,1.379446334879436798e-07
3.814541314853281619e+03,1.519254908558993691e+02,1.703879032194045067e+03,1.551643064858213528e+01,1.131010526044152300e+02,2.240998409784779710e+01,8.980228739706187513e-01,5.007012489645698903e-07,1.303823351542150073e-07
4.166863892977210526e+03,1.504957774440581488e+02,1.701429037613126411e+03,1.536807623822847724e+01,1.120390364921281048e+02,2.219675703657885535e+01,8.919070518953190474e-01,5.020135070104056902e-07,1.232138511609073512e-07
4.204607108793328734e+03,1.503433046804966295e+02,1.701166566131539412e+03,1.535225554666438974e+01,1.119257763923533844e+02,2.217401795687042565e+01,8.912541599839519657e-01,5.021560262949964575e-07,1.224684513878689366e-07
4.242350324609446034e+03,1.501909646842624113e+02,1.700904092470644173e+03,1.533644876000389878e+01,1.118126147861775905e+02,2.215129880633389448e+01,8.906017077207752930e-01,5.022989231180405548e-07,1.217273244553051431e-07
4.280093540425564242e+03,1.500387573579376976e+02,1.700641616628584416e+03,1.532065586798544032e+01,1.116995516013901408e+02,2.212859957028738478e+01,8.899496948420672071e-01,5.024421979797513833e-07,1.209904472611362677e-07
4.317836756241681542e+03,1.498866826041635250e+02,1.700379138603502724e+03,1.530487686035364092e+01,1.115865867658241797e+02,2.210592023405779472e+01,8.892981210842602069e-01,5.025858513816380928e-07,1.202577968204345163e-07
4.355579972057799750e+03,1.497347403256392511e+02,1.700116658393540547e+03,1.528911172685933373e+01,1.114737202073557114e+02,2.208326078298106765e+01,8.886469861838955930e-01,5.027298838263410457e-07,1.195293502648956413e-07
4.359354293639128628e+03,1.497195533801812815e+02,1.700090410252304309e+03,1.528753597619306781e+01,1.114624389539738161e+02,2.208099593099247571e+01,8.885818968208714086e-01,5.027443079375432554e-07,1.194567359460632753e-07
4.363128615220457505e+03,1.497043677584061072e+02,1.700064162089198817e+03,1.528596036415548554e+01,1.114511586825699965e+02,2.207873127769418531e+01,8.885168118435372575e-01,5.027587358447310299e-07,1.193841634157748981e-07
4.366902936801786382e+03,1.496891834602165829e+02,1.700037913904222250e+03,1.528438489073637641e+01,1.114398793930722178e+02,2.207646682307154506e+01,8.884517312516146959e-01,5.027731675483922599e-07,1.193116326513530022e-07
4.370677258383115259e+03,1.496740004855159043e+02,1.700011665697372791e+03,1.528280955592553703e+01,1.114286010854086726e+02,2.207420256711010609e+01,8.883866550448445976e-01,5.027876030490491414e-07,1.192391436301332097e-07
4.371054690541389391e+03,1.496724822608338741e+02,1.700009040875484743e+03,1.528265203006749573e+01,1.114274733086403586e+02,2.207397615243971956e+01,8.883801476653434559e-01,5.027890468079638153e-07,1.192318970230158328e-07
4.371432122699663523e+03,1.496709640493857023e+02,1.700006416053377961e+03,1.528249450559543199e+01,1.114263455416896420e+02,2.207374973975579380e+01,8.883736403296937922e-01,5.027904906048742696e-07,1.192246508330792555e-07
4.371809554857937655e+03,1.496694458511712185e+02,1.700003791231052446e+03,1.528233698250933692e+01,1.114252177845563665e+02,2.207352332905830750e+01,8.883671330378808406e-01,5.027919344397285176e-07,1.192174050603053989e-07
4.371998270937075176e+03,1.496686867570266202e+02,1.700002478819807720e+03,1.528225822148600876e+01,1.114246539096713207e+02,2.207341012445442985e+01,8.883638794084243173e-01,5.027926563714077651e-07,1.192137823303467418e-07
4.372186987016211788e+03,1.496679276661903941e+02,1.700001166408508197e+03,1.528217946080916612e+01,1.114240900372405463e+02,2.207329692034719315e+01,8.883606257899308023e-01,5.027933783125796049e-07,1.192101597046674755e-07
4.372375703095349309e+03,1.496671685786625687e+02,1.699999854007162185e+03,1.528208930384664122e+01,1.114235375639290737e+02,2.207317232008118779e+01,8.883687687925649890e-01,5.028064302012870111e-07,1.192066846921937447e-07
4.372621334818069045e+03,1.496661805598190256e+02,1.699998145806344610e+03,1.528198679030348117e+01,1.114228036378928834e+02,2.207302497559463461e+01,8.883645340187147355e-01,5.028073699365420147e-07,1.192019698646314771e-07
4.372866966540788781e+03,1.496651925465803572e+02,1.699996437605439723e+03,1.528188427734732890e+01,1.114220697160145619e+02,2.207287763194947772e+01,8.883602992634160866e-01,5.028083096877985295e-07,1.191972552137355199e-07
4.373481045848295253e+03,1.496627225380046866e+02,1.699992167102795975e+03,1.528162799752503886e+01,1.114202349295098742e+02,2.207250927651725192e+01,8.883497124564028180e-01,5.028106591362366689e-07,1.191854693593437211e-07
4.374095125155802634e+03,1.496602525644587445e+02,1.699987896599606984e+03,1.528137172137142308e+01,1.114184001689920080e+02,2.207214092634319158e+01,8.883391257654279505e-01,5.028130086849876497e-07,1.191736846089528679e-07
4.374709204463309106e+03,1.496577826259421045e+02,1.699983626095872751e+03,1.528111544888646378e+01,1.114165654344607361e+02,2.207177258142719012e+01,8.883285391904521822e-01,5.028153583340333666e-07,1.191619009624656177e-07
4.376244402732782873e+03,1.496516079329006175e+02,1.699972949834151905e+03,1.528047478372401002e+01,1.114119787118213623e+02,2.207085174214091339e+01,8.883020732606490277e-01,5.028212328955789674e-07,1.191324466751868111e-07
4.377779601002256641e+03,1.496454334587832022e+02,1.699962273569023409e+03,1.527983414148962815e+01,1.114073921515912389e+02,2.206993093571626474e+01,8.882756080559405243e-01,5.028271080840881913e-07,1.191029992851802844e-07
4.379314799271731317e+03,1.496392592035833218e+02,1.699951597300486810e+03,1.527919352218257742e+01,1.114028057537656053e+02,2.206901016215223876e+01,8.882491435763639753e-01,5.028329838996984695e-07,1.190735587909093079e-07
4.394084699833540981e+03,1.495798688508802172e+02,1.699848882429589821e+03,1.527303139604562432e+01,1.113586890396129832e+02,2.206015322350904384e+01,8.879945700323605973e-01,5.028895462385007274e-07,1.187906684432936025e-07
4.431009451240188355e+03,1.494314815795088691e+02,1.699592093871493944e+03,1.525763536089351824e+01,1.112484629900484521e+02,2.203802417775446898e+01,8.873584296950013384e-01,5.030312062228887849e-07,1.180862255247906428e-07
4.467934202646834819e+03,1.492832208216683227e+02,1.699335303339305256e+03,1.524225257549479906e+01,1.111383307948782999e+02,2.201591412225778299e+01,8.867227084784657931e-01,5.031732296389088908e-07,1.173857413889187014e-07
4.504858954053482194e+03,1.491350864864806738e+02,1.699078510831216590e+03,1.522688303027716117e+01,1.110282923867393805e+02,2.199382304332295845e+01,8.860874061363384069e-01,5.033156169602815851e-07,1.166891950485292964e-07
4.541783705460129568e+03,1.489870784831224455e+02,1.698821716345420100e+03,1.521152671567410231e+01,1.109183476983087502e+02,2.197175092726232393e+01,8.854525224223234181e-01,5.034583686619064775e-07,1.159965656208594670e-07
4.726407462490535181e+03,1.482489302686695112e+02,1.697537714187485790e+03,1.513494326744205765e+01,1.103700276982289523e+02,2.186167431156721719e+01,8.822843746622229810e-01,5.041776095725365296e-07,1.125914485228404729e-07
4.911031219520941704e+03,1.475139267570848460e+02,1.696253662315206611e+03,1.505868915283576825e+01,1.098240406151165871e+02,2.175206971921305765e+01,8.791266557322330311e-01,5.049060318690605567e-07,1.092811810092170344e-07
8.603506360119161400e+03,1.334570948983397614e+02,1.670561831760602217e+03,1.360096069863663892e+01,9.938149950975282820e+01,1.965651840440012776e+01,8.181157044819389323e-01,5.215014744485699657e-07,5.956677166094174410e-08
1.229598150071738200e+04,1.205664655866460890e+02,1.644848159394260847e+03,1.226531043285362088e+01,8.980416698935211173e+01,1.773596125448331762e+01,7.610263357650233207e-01,5.423566279014783068e-07,3.183539319572925967e-08
1.545909697332693031e+04,1.103886457277289708e+02,1.622802003455005888e+03,1.121162869162122000e+01,8.224148327950720727e+01,1.622046522343794450e+01,7.150679507164398041e-01,5.641360213915511840e-07,1.831014901795998471e-08
1.862221244593647862e+04,1.009569558340836295e+02,1.600737113869113728e+03,1.023598557242790008e+01,7.523242161459468491e+01,1.481686314530554149e+01,6.716849012865363511e-01,5.901036568155431185e-07,1.036531848598856242e-08
2.178532791854602692e+04,9.222487062315428830e+01,1.578652155672155686e+03,9.333484277083258007e+00,6.874249130470821001e+01,1.351814715145106760e+01,6.307472632025781234e-01,6.209379257287892560e-07,5.771261427477364806e-09
2.494844339115557523e+04,8.414826840864466817e+01,1.556545733093564195e+03,8.499482003931335683e+00,6.273898250424732481e+01,1.231767243329836781e+01,5.921308065310764146e-01,6.574784644871858974e-07,3.158092019738790531e-09
2.811155886376511990e+04,7.668533169084118128e+01,1.534416384272598407e+03,7.729579429112886757e+00,5.719089257317308039e+01,1.120914221221534568e+01,5.557167738731886297e-01,7.007696448281961257e-07,1.697040272008560509e-09
3.127467433637466820e+04,6.979645087663043057e+01,1.512262575428956325e+03,7.019610518833708568e+00,5.206885475651863260e+01,1.018659318260740143e+01,5.213916656580159792e-01,7.521179263543795086e-07,8.947408479992208240e-10
3.443778980898422014e+04,6.344413106246337009e+01,1.490082694419086465e+03,6.365632665754899833e+00,4.734506913265283146e+01,9.244381418223566627e+00,4.890470322015512683e-01,8.131681019239365659e-07,4.624231761931716588e-10
3.760090528159376845e+04,5.759290181385190266e+01,1.467875043598713546e+03,5.763917142648883996e+00,4.299323578102118404e+01,8.377168731740393781e+00,4.585792722018679490e-01,8.860055280273234908e-07,2.340407458875846083e-10
3.941751067392892583e+04,5.444593088854804819e+01,1.455107747332928739e+03,5.440597525893324793e+00,4.065238459150397432e+01,7.911056563486539517e+00,4.418912733376260671e-01,9.341698525707960204e-07,1.567310779536684764e-10
4.123411606626409048e+04,5.144706745406386261e+01,1.442330348646765515e+03,5.132711586322576736e+00,3.842148496892546206e+01,7.467098376256226189e+00,4.257715347569306363e-01,9.876984883708017003e-07,1.041787022124417815e-10
4.305072145859924785e+04,4.859043474586328415e+01,1.429542481615860197e+03,4.839641978538132605e+00,3.629617909381395435e+01,7.044410167604998385e+00,4.102024585366678688e-01,1.047300810215052018e-06,6.871759389958994465e-11
4.486732685093441251e+04,4.587034735025097376e+01,1.416743767969215696e+03,4.560791568479435121e+00,3.427225092996364708e+01,6.642136828672505544e+00,3.951669092885731205e-01,1.113801849257202261e-06,4.497003784792828260e-11
4.668393224326957716e+04,4.328130626519023139e+01,1.403933816408985649e+03,4.295582910946957433e+00,3.234562256554632853e+01,6.259451397549389284e+00,3.806482029542354595e-01,1.188164126624185572e-06,2.919052553431869070e-11
4.850053763560473453e+04,4.081799405760411759e+01,1.391112221884512564e+03,4.043457737367286420e+00,3.051235062567443634e+01,5.895554327255395854e+00,3.666300957740261657e-01,1.271514182050022389e-06,1.878956257685989383e-11
5.031714302793989918e+04,3.847527011583101597e+01,1.378278564816742346e+03,3.803876453662266233e+00,2.876862275543127723e+01,5.549672768128232292e+00,3.530967734223177668e-01,1.365174927723652507e-06,1.199045671578131271e-11
5.213374842027505656e+04,3.624816599600295319e+01,1.365432410269254660e+03,3.576317648093701340e+00,2.711075417245841379e+01,5.221059864436132791e+00,3.400328403018596513e-01,1.470705258626374269e-06,7.583723624469083730e-12
5.298269923991920950e+04,3.524565926001047700e+01,1.359424629253817557e+03,3.473952372906820685e+00,2.636441479927347942e+01,5.073206172097735056e+00,3.340843911264678723e-01,1.524599869312927887e-06,6.103012972970566856e-12
5.383165005956335517e+04,3.426687489979713774e+01,1.353413973236026777e+03,3.374052389722765000e+00,2.563569309409058050e+01,4.928894158300079376e+00,3.282336759817154892e-01,1.581697095091789128e-06,4.901410758081724870e-12
5.468060087920750084e+04,3.331134291631619249e+01,1.347400394057482117e+03,3.276568399041855262e+00,2.492424046399914772e+01,4.788053197097670299e+00,3.224792139461394314e-01,1.642227447725363082e-06,3.928256577098956776e-12
5.552955169885164651e+04,3.237860089567003286e+01,1.341383842694747273e+03,3.181451902337496751e+00,2.422971393662399819e+01,4.650613807653446230e+00,3.168195426108763035e-01,1.706441068182406622e-06,3.141717952387208204e-12
5.637850251849579217e+04,3.146819391281775324e+01,1.335364269235550410e+03,3.088655191876284345e+00,2.355177608879072437e+01,4.516507639686148323e+00,3.112532178524566318e-01,1.774609631005335902e-06,2.507318624714355185e-12
5.722745333813993784e+04,3.057967443618903047e+01,1.329341622854190064e+03,2.998131340634502262e+00,2.289009497586269859e+01,4.385667459054617190e+00,3.057788136067548512e-01,1.847028455311757726e-06,1.996700593844147031e-12
5.807640415778408351e+04,2.971260223321644744e+01,1.323315851786098392e+03,2.909834192312280798e+00,2.224434406175852530e+01,4.258027133481099291e+00,3.003949216441081926e-01,1.924018847149730854e-06,1.586584714509671028e-12
5.849919755325386359e+04,2.928864954789671415e+01,1.320313723115260245e+03,2.866677036872530948e+00,2.192859034416077080e+01,4.195633229654496255e+00,2.977469730332229503e-01,1.964174279940699282e-06,1.413761795224494528e-12
5.892199094872363639e+04,2.886985593365712077e+01,1.317310799784263509e+03,2.824055345860097876e+00,2.161666874553161932e+01,4.134008878480848637e+00,2.951209581873752152e-01,2.005595917598360827e-06,1.259062878784752102e-12
5.934478434419340920e+04,2.845616899794402244e+01,1.314307075126862173e+03,2.781963627643701642e+00,2.130854040300581786e+01,4.073146210947328427e+00,2.925167080142058174e-01,2.048331849478924878e-06,1.120662821321690594e-12
5.976757773966318928e+04,2.804753678012316698e+01,1.311302542414043501e+03,2.740396436197939156e+00,2.100416677377336683e+01,4.013037423241114787e+00,2.899340544774540174e-01,2.092432295897060424e-06,9.969124469985564073e-13
6.019037113513296208e+04,2.764390774869353606e+01,1.308297194853143765e+03,2.699348370808775321e+00,2.070350963301571312e+01,3.953674776328196305e+00,2.873728305902518154e-01,2.137949714798378552e-06,8.863223615801576443e-13
6.061316453060273489e+04,2.724523079843927675e+01,1.305291025586922387e+03,2.658814075773126895e+00,2.040653107179529968e+01,3.895050595523519288e+00,2.848328704076319995e-01,2.184938914341350844e-06,7.875481806798375626e-13
6.074981884225994872e+04,2.711742191547376279e+01,1.304319201589925342e+03,2.645821659690526406e+00,2.031132274881812094e+01,3.876258876439787837e+00,2.840164300737654801e-01,2.200450800406497230e-06,7.579450723421634777e-13
6.088647315391715529e+04,2.699012337499235414e+01,1.303347290791707792e+03,2.632882183515783847e+00,2.021649353345322453e+01,3.857543253527049743e+00,2.832021883711669519e-01,2.216124397486299121e-06,7.294105315243416624e-13
6.102312746557436913e+04,2.686333347966338536e+01,1.302375292956310659e+03,2.619995469394977405e+00,2.012204216662845369e+01,3.838903471911824017e+00,2.823901397657004875e-01,2.231961725380774285e-06,7.019076154800382353e-13
6.115978177723158296e+04,2.673705053673756282e+01,1.301403207847041585e+03,2.607161339957932533e+00,2.002796739266733539e+01,3.820339277412263979e+00,2.815802787345232927e-01,2.247964833125126806e-06,6.754006010240777428e-13
6.129643608888878953e+04,2.661127285799570430e+01,1.300431035226479480e+03,2.594379618313091829e+00,1.993426795925000050e+01,3.801850416530595744e+00,2.807725997655662886e-01,2.264135799453371425e-06,6.498549462244963924e-13
6.131010152005493728e+04,2.659872281479374578e+01,1.300333813142138979e+03,2.593104321781459998e+00,1.992491861152653954e+01,3.800005664052646726e+00,2.806919516702379713e-01,2.265762209238439351e-06,6.473519599934156380e-13
6.132376695122108504e+04,2.658617780571250222e+01,1.300236590180065832e+03,2.591829547387142885e+00,1.991557300346954307e+01,3.798161662129821092e+00,2.806113253350269732e-01,2.267390320799215104e-06,6.448582196867449078e-13
6.133743238238722552e+04,2.657363782907129135e+01,1.300139366340021525e+03,2.590555294954043575e+00,1.990623113383223952e+01,3.796318410509792241e+00,2.805307207544356363e-01,2.269020136264302644e-06,6.423736926353026651e-13
6.135109781355337327e+04,2.656110288318989276e+01,1.300042141621767314e+03,2.589281564306118888e+00,1.989689300136825523e+01,3.794475908940252218e+00,2.804501379229707436e-01,2.270651657765495858e-06,6.398983462799263325e-13
6.135246435666998877e+04,2.655984966522886737e+01,1.300032419101631149e+03,2.589154219932731316e+00,1.989595939361841204e+01,3.794291700026363401e+00,2.804420808358177863e-01,2.270814903829848648e-06,6.396513153324113720e-13
6.135383089978660428e+04,2.655859649755696239e+01,1.300022696572710174e+03,2.589026880775263884e+00,1.989502582322659663e+01,3.794107498610204576e+00,2.804340239660909062e-01,2.270978166977972106e-06,6.394043758348908840e-13
6.135519744290321250e+04,2.655734338017250451e+01,1.300012974035004390e+03,2.588899546833536736e+00,1.989409229019156911e+01,3.793923304691523501e+00,2.804259673137914910e-01,2.271141447212037177e-06,6.391575277549954696e-13
6.135656398601982801e+04,2.655609031307380619e+01,1.300003251488513342e+03,2.588772218107369572e+00,1.989315879451207181e+01,3.793739118270065713e+00,2.804179108789126573e-01,2.271304744534287227e-06,6.389107710603287697e-13
6.135670064033134986e+04,2.655596500912958646e+01,1.300002279233380932e+03,2.588759485521602066e+00,1.989306544699862656e+01,3.793720700040259963e+00,2.804171052473827808e-01,2.271321075206455037e-06,6.388861004157985991e-13
6.135683729464287171e+04,2.655583970568820718e+01,1.300001306978160756e+03,2.588746752987990174e+00,1.989297209985872428e+01,3.793702281885422245e+00,2.804162996180248890e-01,2.271337406049473205e-06,6.388614306847709724e-13
6.135697394895439356e+04,2.655571440274966832e+01,1.300000334722852813e+03,2.588734020506527678e+00,1.989287875309236853e+01,3.793683863805553891e+00,2.804154939908479194e-01,2.271353737063543323e-06,6.388367618671883342e-13
6.135698761438554357e+04,2.655570187248346770e+01,1.300000237497317130e+03,2.588732747261248690e+00,1.989286941843626977e+01,3.793682022001688914e+00,2.804154134282492716e-01,2.271355370174361803e-06,6.388342950356795660e-13
6.135700127981669357e+04,2.655568934222229771e+01,1.300000140271780538e+03,2.588731474016494616e+00,1.989286008378391202e+01,3.793680180198576668e+00,2.804153328656695532e-01,2.271357003286820138e-06,6.388318282133003796e-13
6.135701494524784357e+04,2.655567681196615482e+01,1.300000043046243036e+03,2.588730200772257906e+00,1.989285074913530238e+01,3.793678338396204719e+00,2.804152523031174793e-01,2.271358636401074184e-06,6.388293614000421924e-13
6.135701631179039396e+04,2.655567555894081977e+01,1.300000033323689195e+03,2.588730073447866431e+00,1.989284981567064392e+01,3.793678154216010956e+00,2.804152442468600404e-01,2.271358799712479344e-06,6.388291147192381477e-13
6.135701767833294434e+04,2.655567430591553091e+01,1.300000023601135354e+03,2.588729946123475401e+00,1.989284888220602099e+01,3.793677970035824298e+00,2.804152361906068203e-01,2.271358963024099227e-06,6.388288680384950915e-13
6.135701904487549473e+04,2.655567305289029179e+01,1.300000013878581512e+03,2.588729818799093252e+00,1.989284794874143358e+01,3.793677785855648743e+00,2.804152281343502140e-01,2.271359126335554786e-06,6.388286213578698721e-13
6.135701972814676992e+04,2.655567242637768288e+01,1.300000009017304592e+03,2.588729755136899069e+00,1.989284748200915232e+01,3.793677693765556302e+00,2.804152241062254358e-01,2.271359207991394374e-06,6.388284980175680162e-13
6.135702041141804511e+04,2.655567179986509174e+01,1.300000004156027671e+03,2.588729691474712880e+00,1.989284701527688171e+01,3.793677601675472300e+00,2.804152200780973270e-01,2.271359289647123424e-06,6.388283746773112957e-13
6.135702109468932031e+04,2.655567117335250771e+01,1.299999999294750751e+03,2.588696272989272185e+00,1.989287990648675830e+01,3.793644152551082005e+00,2.804485688073097838e-01,2.272517449698561128e-06,6.386598550891374796e-13
6.135702177796059550e+04,2.655567054683993433e+01,1.299999994433123902e+03,2.588696209327406628e+00,1.989287943975417505e+01,3.793644060461319523e+00,2.804485647788611535e-01,2.272517531402911987e-06,6.386597317725455766e-13
6.135702246123187069e+04,2.655566992032737872e+01,1.299999989571497053e+03,2.588696145665541071e+00,1.989287897302161667e+01,3.793643968371557040e+00,2.804485607504139111e-01,2.272517613107341620e-06,6.386596084559519570e-13
6.135704234526513028e+04,2.655565168805532750e+01,1.299999848092240427e+03,2.588694293028431570e+00,1.989286539054022995e+01,3.793641288448359905e+00,2.804484435176781143e-01,2.272519990805878303e-06,6.386560198035052363e-13
6.135706222929838987e+04,2.655563345579391665e+01,1.299999706612981981e+03,2.588692440392422967e+00,1.989285180806674802e+01,3.793638608526748168e+00,2.804483262849908898e-01,2.272522368508122449e-06,6.386524311703588243e-13
6.135708211333164945e+04,2.655561522354316040e+01,1.299999565133721717e+03,2.588690587757517925e+00,1.989283822560118509e+01,3.793635928606724939e+00,2.804482090523529036e-01,2.272524746214054153e-06,6.386488425565589674e-13
6.135731812264238397e+04,2.655539882053297518e+01,1.299997885875589191e+03,2.588668598385837960e+00,1.989267701201840666e+01,3.793604119987168843e+00,2.804468175879528125e-01,2.272552968164175444e-06,6.386062497451541535e-13
6.135755413195311849e+04,2.655518241902257159e+01,1.299996206617201096e+03,2.588646609169716228e+00,1.989251579954978411e+01,3.793572311591206780e+00,2.804454261300354245e-01,2.272581190624236826e-06,6.385636596578245316e-13
6.135841734720480599e+04,2.655439093300449116e+01,1.299990064647789723e+03,2.588566183893320716e+00,1.989192616678594661e+01,3.793455972778265739e+00,2.804403368619000081e-01,2.272684419954655030e-06,6.384079075926651976e-13
6.136445844427595875e+04,2.654885238491512922e+01,1.299947080796483306e+03,2.588003396535754064e+00,1.988780011745763687e+01,3.792641874790978473e+00,2.804047227230740957e-01,2.273407047655359087e-06,6.373189166743059050e-13
6.137049954134710424e+04,2.654331481931063763e+01,1.299904096777687073e+03,2.587440711081020694e+00,1.988367479798202808e+01,3.791827923285709723e+00,2.803691128312275627e-01,2.274130009678777769e-06,6.362317072814802709e-13
6.138779202153797087e+04,2.652746911461707668e+01,1.299781055237489682e+03,2.585830602083875274e+00,1.987187021413474142e+01,3.789498818262610147e+00,2.802672039339010324e-01,2.276201319142604489e-06,6.331294227362750736e-13
6.147425442249229673e+04,2.644836120793570799e+01,1.299165826930434150e+03,2.577792567265866808e+00,1.981293689691858262e+01,3.777871276171032022e+00,2.797581809804767228e-01,2.286599131865403582e-06,6.178343462406506059e-13
6.156071682344662258e+04,2.636945401791840382e+01,1.298550564233193427e+03,2.569775350110281575e+00,1.975415268546851166e+01,3.766273659042582267e+00,2.792500262303064251e-01,2.297066121298736476e-06,6.028939715952700134e-13
6.164717922440094844e+04,2.629074712062768171e+01,1.297935267081950087e+03,2.561778906200522510e+00,1.969551726530452029e+01,3.754705903223604757e+00,2.787427382956079169e-01,2.307602838337173815e-06,5.883004230089359470e-13
6.173364162535527430e+04,2.621224009285062451e+01,1.297319935412779387e+03,2.553803191196474032e+00,1.963703032248351121e+01,3.743167945169822097e+00,2.782363157904051976e-01,2.318209838951666926e-06,5.740459916226095763e-13
6.346288964443895384e+04,2.468342676290583881e+01,1.285005953870147778e+03,2.398574350615700457e+00,1.849799296026225903e+01,3.518569418870625132e+00,2.682874871440474318e-01,2.546012858218424926e-06,3.496437256777733784e-13
6.519213766352264065e+04,2.323108188221853254e+01,1.272677616666108179e+03,2.251272599840908217e+00,1.741576545934269404e+01,3.305367641822548830e+00,2.586733740192609377e-01,2.807192908718005364e-06,2.108057075388637244e-13
6.692138568260632746e+04,2.185199806446712145e+01,1.260334384190869741e+03,2.111562042816373275e+00,1.638796841437696017e+01,3.103081172732948367e+00,2.493833267911366169e-01,3.107749576773827452e-06,1.257684258231579549e-13
6.785345988486887654e+04,2.113795873696574645e+01,1.253674940496354338e+03,2.039291546335201044e+00,1.585574610294089837e+01,2.998411102004235218e+00,2.445066971085419483e-01,3.288576775179478531e-06,9.478062726932970502e-14
6.878553408713141107e+04,2.044382972879317961e+01,1.247010917329919039e+03,1.969082654385976516e+00,1.533831795754397298e+01,2.896706029684211536e+00,2.397196029289771213e-01,3.484249970366170046e-06,7.119870446309160134e-14
6.971760828939396015e+04,1.976914774217001280e+01,1.240342222930700700e+03,1.900886880654011568e+00,1.483534024860412259e+01,2.797896444713851238e+00,2.350204719592350056e-01,3.696238741440743537e-06,5.330942175201177247e-14
7.064968249165649468e+04,1.911345821969973002e+01,1.233668763679981339e+03,1.834656661553981216e+00,1.434647572372123925e+01,2.701914155032103082e+00,2.304077532107642601e-01,3.926181601156880090e-06,3.978225477154094654e-14
7.158175669391902920e+04,1.847631521570352575e+01,1.226990444035639712e+03,1.770345342645785358e+00,1.387139351239476426e+01,2.608692268111688861e+00,2.258799166433136940e-01,4.175907945010546863e-06,2.958706447253725118e-14
7.251383089618157828e+04,1.785728126892931655e+01,1.220307166463833482e+03,1.707907165193998322e+00,1.340976903176947133e+01,2.518165171694866977e+00,2.214354528077895345e-01,4.447463169272581869e-06,2.192876962257695775e-14
7.344590509844411281e+04,1.725592727667157078e+01,1.213618831367640951e+03,1.647297252873982876e+00,1.296128389343900089e+01,2.430268514732761620e+00,2.170728724883471128e-01,4.743137460120979490e-06,1.619566173891236104e-14
7.373194986030827567e+04,1.707485777360406232e+01,1.211565214704711934e+03,1.629056467918194695e+00,1.282623463993289725e+01,2.403811595320999306e+00,2.157502313301729313e-01,4.839101784307116022e-06,1.474675029261741209e-14
7.401799462217242399e+04,1.689540169419250759e+01,1.209511109167398217e+03,1.610982465823581178e+00,1.269238450699292464e+01,2.377594662231443667e+00,2.144351214873140565e-01,4.937657226927771089e-06,1.342290520676994937e-14
7.430403938403658685e+04,1.671754709945655293e+01,1.207456511754035546e+03,1.593073998447767092e+00,1.255972463565109898e+01,2.351615925437456234e+00,2.131275010336022846e-01,5.038886614794626262e-06,1.221373354619381626e-14
7.459008414590073517e+04,1.654128212169482737e+01,1.205401419442876204e+03,1.575329825173072296e+00,1.242824621976641097e+01,2.325873605665576438e+00,2.118273282139561675e-01,5.142875799523037246e-06,1.110967174159274036e-14
7.487612890776489803e+04,1.636659496415416370e+01,1.203345829191864368e+03,1.557748712871549035e+00,1.229794050578012943e+01,2.300365934345304453e+00,2.105345614433905277e-01,5.249713780771373757e-06,1.010192221535341074e-14
7.516217366962906090e+04,1.619347390069796688e+01,1.201289737938408507e+03,1.540329435869943975e+00,1.216879879247040819e+01,2.275091153558778778e+00,2.092491593059909449e-01,5.359492834991381067e-06,9.182394628829071331e-15
7.519513027996700839e+04,1.617362786422222598e+01,1.201052813323683267e+03,1.538332817915098127e+00,1.215399413516804472e+01,2.272194005671930306e+00,2.091015331328825722e-01,5.372334262153790889e-06,9.081776048229832170e-15
7.522808689030494133e+04,1.615380244424164147e+01,1.200815882012777365e+03,1.536338330200892832e+00,1.213920480130078161e+01,2.269299923413120368e+00,2.089540041106893731e-01,5.385216146140679082e-06,8.982218337189813727e-15
7.526104350064288883e+04,1.613399762300169016e+01,1.200578944000953697e+03,1.534345970871739961e+00,1.212443077769392907e+01,2.266408904120889911e+00,2.088065721764861826e-01,5.398138636901072807e-06,8.883710757586443781e-15
7.529400011098083633e+04,1.611421338276018034e+01,1.200341999283471068e+03,1.532355738073325480e+00,1.210967205118198819e+01,2.263520945135571782e+00,2.086592372673992390e-01,5.411101885017049624e-06,8.786242675375092390e-15
7.532695672131878382e+04,1.609444970578715584e+01,1.200105047855584644e+03,1.530367629952644082e+00,1.209492860860849284e+01,2.260636043799397754e+00,2.085119993205721556e-01,5.424106041704662460e-06,8.689803559627362094e-15
7.533025238235216239e+04,1.609247446838739037e+01,1.200081352343541084e+03,1.530168935926553120e+00,1.209345510446150662e+01,2.260347721734216719e+00,2.084972808563914648e-01,5.425408713185318445e-06,8.680215838821035965e-15
7.533354804338552640e+04,1.609049943642541081e+01,1.200057656764341118e+03,1.529970263126864127e+00,1.209198175300928568e+01,2.260059430216308396e+00,2.084825633611480378e-01,5.426711795422427797e-06,8.670638292934795607e-15
7.533684370441890496e+04,1.608852460988351041e+01,1.200033961117980198e+03,1.529771611551734800e+00,1.209050855423869386e+01,2.259771169243014466e+00,2.084678468347721803e-01,5.428015288567634824e-06,8.661070911606553864e-15
7.534013936545226898e+04,1.608654998874398245e+01,1.200010265404453548e+03,1.529572981199314841e+00,1.208903550813656658e+01,2.259482938811700592e+00,2.084531312771986666e-01,5.429319192773069185e-06,8.651513684483581051e-15
7.534046893155616999e+04,1.608635253792647646e+01,1.200007895829406607e+03,1.529553119331251487e+00,1.208888821192261354e+01,2.259454117448277177e+00,2.084516597747218813e-01,5.429449605807789387e-06,8.650558519854482147e-15
7.534079849766007101e+04,1.608615508916280135e+01,1.200005526253688004e+03,1.529533257675390834e+00,1.208874091723520294e+01,2.259425296390238813e+00,2.084501882819376206e-01,5.429580022955106118e-06,8.649603456653243551e-15
7.534112806376398657e+04,1.608595764245293935e+01,1.200003156677297511e+03,1.529513396231740652e+00,1.208859362407432236e+01,2.259396475637590385e+00,2.084487167988338940e-01,5.429710444214406124e-06,8.648648494870269560e-15
7.534145762986788759e+04,1.608576019779686916e+01,1.200000787100235357e+03,1.529493535000289173e+00,1.208844633243995048e+01,2.259367655190331003e+00,2.084472453254217761e-01,5.429840869586502557e-06,8.647693634494819044e-15
7.534149058647813217e+04,1.608574045344422032e+01,1.200000550142492102e+03,1.529491548888814334e+00,1.208843160336047440e+01,2.259364773162396478e+00,2.084470981786143429e-01,5.429853912350002474e-06,8.647598154034124110e-15
7.534152354308837675e+04,1.608572070911210616e+01,1.200000313184742254e+03,1.529489562779462242e+00,1.208841687429625544e+01,2.259361891137519951e+00,2.084469510319018892e-01,5.429866955154470832e-06,8.647502674587637666e-15
7.534155649969863589e+04,1.608570096480053380e+01,1.200000076226985584e+03,1.529487576672234006e+00,1.208840214524730783e+01,2.259359009115699202e+00,2.084468038852858862e-01,5.429879998000093981e-06,8.647407196155096232e-15
7.534155979536022642e+04,1.608569899037050632e+01,1.200000052531209576e+03,1.529487378061628933e+00,1.208840067234324955e+01,2.259358720913690277e+00,2.084467891706289211e-01,5.429881302286793106e-06,8.647397648367622443e-15
7.534156309102181694e+04,1.608569701594068135e+01,1.200000028835433568e+03,1.529487179451040291e+00,1.208839919943935293e+01,2.259358432711694675e+00,2.084467744559767022e-01,5.429882606574227455e-06,8.647388100590170343e-15
7.534156638668340747e+04,1.608569504151106599e+01,1.200000005139657333e+03,1.529486980840481403e+00,1.208839772653559663e+01,2.259358144509751920e+00,2.084467597413179329e-01,5.429883910861633006e-06,8.647378552823222715e-15
7.534156671624927549e+04,1.608569484406811512e+01,1.200000002770079618e+03,1.529486960979423271e+00,1.208839757924523184e+01,2.259358115689554136e+00,2.084467582698557586e-01,5.429884041290564821e-06,8.647377598046842076e-15
7.534156704581515805e+04,1.608569464662516779e+01,1.200000000400502131e+03,1.529486941118369803e+00,1.208839743195486705e+01,2.259358086869362126e+00,2.084467567983891434e-01,5.429884171719272172e-06,8.647376643270914244e-15
7.534156737538102607e+04,1.608569444918222047e+01,1.199999998031521272e+03,1.529443613167402738e+00,1.208844060200366322e+01,2.259314743402237369e+00,2.084900572902670390e-01,5.433318642172575976e-06,8.643294561678636097e-15
7.534156754016467312e+04,1.608569435046074858e+01,1.199999996847329385e+03,1.529443603237379490e+00,1.208844052835797456e+01,2.259314728992647403e+00,2.084900565540296902e-01,5.433318707338943118e-06,8.643294084762258752e-15
7.534156770494832017e+04,1.608569425173927669e+01,1.199999995663137497e+03,1.529443593307352911e+00,1.208844045471229123e+01,2.259314714583055217e+00,2.084900558177977814e-01,5.433318772505750716e-06,8.643293607845731523e-15
7.534156917928832991e+04,1.608569336846260001e+01,1.199999985067985108e+03,1.529443504461859726e+00,1.208843979579266126e+01,2.259314585658144470e+00,2.084900492305702124e-01,5.433319355559702583e-06,8.643289340800421857e-15
7.534157655098833493e+04,1.608568895207992355e+01,1.199999932092223162e+03,1.529443060234460194e+00,1.208843650119502833e+01,2.259313941033706641e+00,2.084900162944485214e-01,5.433322270832075013e-06,8.643268005603861282e-15
7.534158392268835451e+04,1.608568453569827739e+01,1.199999879116460988e+03,1.529442616007171019e+00,1.208843320659816278e+01,2.259313296409421135e+00,2.084899833583267470e-01,5.433325186106047489e-06,8.643246670458463070e-15
7.534158760853906278e+04,1.608568232750771188e+01,1.199999852628579674e+03,1.529442393893552854e+00,1.208843155929992008e+01,2.259312974097319238e+00,2.084899668902673864e-01,5.433326643743983250e-06,8.643236002904508088e-15
7.534159129438978562e+04,1.608568011931740216e+01,1.199999826140698360e+03,1.529442171779962889e+00,1.208842991200186567e+01,2.259312651785256865e+00,2.084899504222078870e-01,5.433328101382155334e-06,8.643225335363400494e-15
7.534162079884319974e+04,1.608566244323091965e+01,1.199999614110803122e+03,1.529440393808655596e+00,1.208841672573674231e+01,2.259310071746804649e+00,2.084898185989392527e-01,5.433339769488078896e-06,8.643139944407041927e-15
7.534169455997463956e+04,1.608561825308673221e+01,1.199999084036042177e+03,1.529435948887830854e+00,1.208838376012744575e+01,2.259303621661405082e+00,2.084894890411043145e-01,5.433368939896889753e-06,8.642926470566250720e-15
7.534176832110607938e+04,1.608557406304542781e+01,1.199998553961249172e+03,1.529431503977633833e+00,1.208835079459462136e+01,2.259297171591292841e+00,2.084891594837579298e-01,5.433398110511311083e-06,8.642713001797169334e-15
7.534184208223751921e+04,1.608552987310701354e+01,1.199998023886423880e+03,1.529427059078068973e+00,1.208831782913827446e+01,2.259290721536484359e+00,2.084888299268950196e-01,5.433427281331026094e-06,8.642499538099843524e-15
7.534746358186547877e+04,1.608216236248832942e+01,1.199957625612476249e+03,1.529088334689562068e+00,1.208580568350496698e+01,2.258799193548606699e+00,2.084637150941248129e-01,5.435651058942927690e-06,8.626245909049275139e-15
7.535308508149345289e+04,1.607879544938028360e+01,1.199917227151671341e+03,1.528749672037711171e+00,1.208329398198035420e+01,2.258307754406891465e+00,2.084386030792858002e-01,5.437876030764346158e-06,8.610021685903678745e-15
7.537060531334174448e+04,1.606830580074026571e+01,1.199791318197507053e+03,1.527694575932196264e+00,1.207546874240294876e+01,2.256776681727792333e+00,2.083603558591697325e-01,5.444818152465609499e-06,8.559644586766711142e-15
7.538812554519003606e+04,1.605782195250170830e+01,1.199665407427714172e+03,1.526640079138153583e+00,1.206764781406453579e+01,2.255246471528697061e+00,2.082821359984098897e-01,5.451771904245358113e-06,8.509551085718230440e-15
7.538987756837430061e+04,1.605677388659758620e+01,1.199652816250857995e+03,1.526534662410188758e+00,1.206686595827288322e+01,2.255093497929856472e+00,2.082743155167303128e-01,5.452467919957719912e-06,8.504557274436539519e-15
7.539162959155856515e+04,1.605572587866823753e+01,1.199640225055840801e+03,1.526429251672285048e+00,1.206608414557192610e+01,2.254940532951427823e+00,2.082664953085394677e-01,5.453164052222329403e-06,8.499566282275672077e-15
7.539338161474282970e+04,1.605467792871100485e+01,1.199627633842661908e+03,1.526323846924160899e+00,1.206530237595969268e+01,2.254787576593012322e+00,2.082586753738281948e-01,5.453860301062233504e-06,8.494578107708161478e-15
7.539513363792709424e+04,1.605363003672324496e+01,1.199615042611320860e+03,1.526218448165544084e+00,1.206452064943420766e+01,2.254634628854231604e+00,2.082508557125874460e-01,5.454556666500307187e-06,8.489592749207451429e-15
7.539530884024495026e+04,1.605352525071268133e+01,1.199613783487187902e+03,1.526207908619094722e+00,1.206444247915134760e+01,2.254619334554419652e+00,2.082500737615035347e-01,5.454626309457845745e-06,8.489094368182272839e-15
7.539548404256280628e+04,1.605342046528178557e+01,1.199612524362873273e+03,1.526197369132535009e+00,1.206436430929933756e+01,2.254604040340793425e+00,2.082492918131556570e-01,5.454695953581813046e-06,8.488596015300942398e-15
7.539565924488067685e+04,1.605331568043055768e+01,1.199611265238376973e+03,1.526186829705870718e+00,1.206428613987817933e+01,2.254588746213360029e+00,2.082485098675396495e-01,5.454765598871670376e-06,8.488097690562276817e-15
7.539567676511232276e+04,1.605330520197731303e+01,1.199611139325917293e+03,1.526185775766496722e+00,1.206427832295975833e+01,2.254587216805354899e+00,2.082484316731303131e-01,5.454772563465007913e-06,8.488047859635928005e-15
7.539569428534396866e+04,1.605329472352986997e+01,1.199611013413455794e+03,1.526184721827726243e+00,1.206427050604564677e+01,2.254585687398217964e+00,2.082483534787433199e-01,5.454779528069588965e-06,8.487998028991527547e-15
7.539571180557560001e+04,1.605328424508822138e+01,1.199610887500992476e+03,1.526183667889547513e+00,1.206426268913584643e+01,2.254584157991937232e+00,2.082482752843908824e-01,5.454786492686388467e-06,8.487948198627720180e-15
7.539572056569143024e+04,1.605327900586884837e+01,1.199610824544760362e+03,1.526183140920619019e+00,1.206425878068201563e+01,2.254583393289018911e+00,2.082482361872105836e-01,5.454789974997869301e-06,8.487923283552223577e-15
7.539572932580724591e+04,1.605327376665092132e+01,1.199610761588527794e+03,1.526182613951837075e+00,1.206425487222926130e+01,2.254582628586317750e+00,2.082481970900406654e-01,5.454793457312751818e-06,8.487898368546336061e-15
7.539573808592307614e+04,1.605326852743444732e+01,1.199610698632294771e+03,1.526182086983204345e+00,1.206425096377758699e+01,2.254581863883828419e+00,2.082481579928771864e-01,5.454796939630530342e-06,8.487873453610868580e-15
7.539574684603889182e+04,1.605326328821941928e+01,1.199610635676061293e+03,1.526181560014719718e+00,1.206424705532698738e+01,2.254581099181558468e+00,2.082481188957220064e-01,5.454800421951262469e-06,8.487848538745751714e-15
7.539575560615472205e+04,1.605325804900584430e+01,1.199610572719827360e+03,1.526181033046388524e+00,1.206424314687747135e+01,2.254580334479498571e+00,2.082480797985713783e-01,5.454803904274671220e-06,8.487823623951245788e-15
7.583376140236631909e+04,1.579310197158176443e+01,1.196462192247162875e+03,1.500019062588552998e+00,1.187016197886672408e+01,2.216613553803471692e+00,2.063017436976320729e-01,5.632625378286201020e-06,7.326177113450238561e-15
7.627176719857793069e+04,1.553652746352589276e+01,1.193312669557469690e+03,1.474227098466074359e+00,1.167874291957946831e+01,2.179179277016940031e+00,2.043723503571755751e-01,5.818106228695112902e-06,6.318286548991563797e-15
7.670977299478954228e+04,1.528349357710301426e+01,1.190161997532879695e+03,1.448800863302327935e+00,1.148995558180013177e+01,2.142271368013402455e+00,2.024597523510645591e-01,6.011636083881596857e-06,5.444511720005760537e-15
7.846179617963738565e+04,1.430595847494410044e+01,1.177547671011670900e+03,1.350669055060854662e+00,1.076052547288031214e+01,1.999782674610974809e+00,1.949743975312216437e-01,6.874860733700069123e-06,2.976533477477040634e-15
8.021381936448522902e+04,1.338189470545003168e+01,1.164914365419506566e+03,1.258056972688757380e+00,1.007084398815935877e+01,1.865239628041040820e+00,1.877462119807196128e-01,7.904580153556111849e-06,1.604745720702034807e-15
8.196584254933307238e+04,1.250885863343009241e+01,1.152261587407605020e+03,1.170709534776235738e+00,9.419097574067405887e+00,1.738276194166834321e+00,1.807661909579350856e-01,9.139461681811508100e-06,8.527593806399648783e-16
8.371786573418091575e+04,1.168449729528233405e+01,1.139588822891888185e+03,1.088381222281861849e+00,8.803539903741098627e+00,1.618539995496194761e+00,1.740255451632497508e-01,1.062859992783878160e-05,4.464181658546170957e-16
8.546988891902875912e+04,1.090654575321718767e+01,1.126895536617628522e+03,1.010835798004798836e+00,8.222489926270812433e+00,1.505691904514753432e+00,1.675156897212963514e-01,1.243470552737260468e-05,2.300969688037452761e-16
8.722191210387660249e+04,1.017282450828643192e+01,1.114181171707917656e+03,9.378460313935604864e-01,7.674329963325227766e+00,1.399405642945971140e+00,1.612282322394767431e-01,1.463838218289077400e-05,1.167024204509650926e-16
8.831210298607476579e+04,9.737664332983742455e+00,1.106258805106454929e+03,8.946309588791935274e-01,7.349150342270584169e+00,1.336442276985300159e+00,1.574244997782260624e-01,1.625507043325456836e-05,7.585285614045815191e-17
8.940229386827292910e+04,9.318327045775253836e+00,1.098327909436605523e+03,8.530440536572242438e-01,7.035738541137622981e+00,1.275824606246953818e+00,1.537017483589305511e-01,1.809637452237063682e-05,4.897602943167568373e-17
9.049248475047109241e+04,8.914335158832898287e+00,1.090388337384395300e+03,8.130355845915760993e-01,6.733740156556493162e+00,1.217481164032252483e+00,1.500580548219772603e-01,2.019883059459273700e-05,3.140838361954836148e-17
9.158267563266925572e+04,8.525222792263916105e+00,1.082439938157426695e+03,7.745570415188318680e-01,6.442809409433754908e+00,1.161342218436871798e+00,1.464915171517920389e-01,2.260572265946099045e-05,2.000260398152324725e-17
9.267286651486741903e+04,8.150535453763422922e+00,1.074482557436260095e+03,7.375611110701852935e-01,6.162608986327144045e+00,1.107339735526867042e+00,1.430002523697148642e-01,2.536846950547089706e-05,1.264831388951691642e-17
9.376305739706558234e+04,7.789829821276038402e+00,1.066516037324788840e+03,7.020016526106256372e-01,5.892809884079397875e+00,1.055407342171062135e+00,1.395823940907957028e-01,2.854832415845701290e-05,7.939765168445820442e-18
9.485324827926373109e+04,7.442673528597442356e+00,1.058540216299621989e+03,6.678336742181529839e-01,5.633091257968417587e+00,1.005480288305677483e+00,1.362360896430649670e-01,3.221846212029848484e-05,4.946896872884963789e-18
9.594343916146189440e+04,7.108644953847542247e+00,1.050554929158517098e+03,6.350133086735944010e-01,5.383140273563556732e+00,9.574954084128942666e-01,1.329594966429930858e-01,3.646655450244768094e-05,3.058629464182560121e-18
9.669402626467146911e+04,6.886085143550943144e+00,1.045051537140791652e+03,6.131777544815139036e-01,5.216569484449223637e+00,9.255549693354940821e-01,1.307431539697209155e-01,3.978131498906323167e-05,2.186682735806503392e-18
9.744461336788102926e+04,6.669421755557776166e+00,1.039543521817414330e+03,5.919470420985140091e-01,5.054386641462381036e+00,8.944862255208749779e-01,1.285583868099050286e-01,4.345966609444800930e-05,1.557390910746280623e-18
9.819520047109060397e+04,6.458525772371157103e+00,1.034030826156143121e+03,5.713077499271557169e-01,4.896496065318801882e+00,8.642698139960522941e-01,1.264045958163957095e-01,4.754731261599280239e-05,1.104927037973659420e-18
9.894578757430016412e+04,6.253270434631465591e+00,1.028513392257535315e+03,5.512466906110268239e-01,4.742803771461184148e+00,8.348866962484365883e-01,1.242811799394235722e-01,5.209637139319643341e-05,7.808438105959113589e-19
9.969637467750973883e+04,6.053531210099626136e+00,1.022991161346426793e+03,5.317509071563906176e-01,4.593217450333122898e+00,8.063181510608327107e-01,1.221875351930656189e-01,5.716635621227099162e-05,5.496157670385647667e-19
1.004469617807192990e+05,5.859185762880874115e+00,1.017464073763342981e+03,5.128076689975265001e-01,4.447646448348833381e+00,7.785457669877925424e-01,1.201230532211635949e-01,6.282532555538243894e-05,3.852900470905896609e-19
1.011975488839288737e+05,5.670113922880534396e+00,1.011932068955839441e+03,4.944044679822707233e-01,4.306001749656310551e+00,7.515514343992528712e-01,1.180871196211309981e-01,6.915122162498963017e-05,2.689790558625354543e-19
1.014323770066498982e+05,5.612025342795775806e+00,1.010200310491036134e+03,4.887558119555729386e-01,4.262479358680270281e+00,7.432629674042788848e-01,1.174559236417779123e-01,7.128111387517571164e-05,2.401686999627893567e-19
1.016672051293709228e+05,5.554437807337389899e+00,1.008468062815176722e+03,4.831584387235871025e-01,4.219330067752870228e+00,7.350483710262253334e-01,1.168274419066240577e-01,7.348792808257911379e-05,2.143552953722824761e-19
1.019020332520919474e+05,5.497347764545493121e+00,1.006735324019363702e+03,4.776119783069378011e-01,4.176551248237156067e+00,7.269071081540600110e-01,1.162016550600091791e-01,7.577478743663352699e-05,1.912365435944220310e-19
1.021368613748129719e+05,5.440751682450706284e+00,1.005002092185923743e+03,4.721160627514526253e-01,4.134140286768999140e+00,7.188386443436534101e-01,1.155785436323346627e-01,7.814495426671449227e-05,1.705396628400070912e-19
1.023716894975339965e+05,5.384646048984468969e+00,1.003268365388379948e+03,4.666703261156283089e-01,4.092094585213011726e+00,7.108424477875646685e-01,1.149580880316751902e-01,8.060183671306944502e-05,1.520186035957944695e-19
1.026065176202550210e+05,5.329027371888594544e+00,1.001534141691429909e+03,4.612744044566764456e-01,4.050411560616542062e+00,7.029179892848401723e-01,1.143402685348623021e-01,8.314899573538823746e-05,1.354515174103462077e-19
1.026434217592907517e+05,5.320330733209970298e+00,1.001261556486355744e+03,4.604309204614893680e-01,4.043893722147573477e+00,7.016791186330417762e-01,1.142434142268604486e-01,8.355774099883550598e-05,1.330122468768166203e-19
1.026803258983264823e+05,5.311646021816367025e+00,1.000988958953631254e+03,4.595886564193964463e-01,4.037384767448990885e+00,7.004420046698103253e-01,1.141466244559033033e-01,8.396882223008387083e-05,1.306155266780320195e-19
1.027172300373622129e+05,5.302973224286042786e+00,1.000716349085685238e+03,4.587476109310176242e-01,4.030884686597743460e+00,6.992066453583797303e-01,1.140498991444165722e-01,8.438225434453372194e-05,1.282606390000813762e-19
1.027541341763979435e+05,5.294312327209233615e+00,1.000443726874940921e+03,4.579077825985181649e-01,4.024393469679799828e+00,6.979730386636081585e-01,1.139532382148323864e-01,8.479805236167250342e-05,1.259468777188986428e-19
1.027910383154336596e+05,5.285663317188040722e+00,1.000171092313816075e+03,4.570691700250222311e-01,4.017911106790239550e+00,6.967411825518912138e-01,1.138566415894368827e-01,8.521623140560437347e-05,1.236735482168999705e-19
1.027947287293366680e+05,5.284799069458524734e+00,1.000143828178140666e+03,4.569853755806584372e-01,4.017263357091792386e+00,6.966180931445385971e-01,1.138469854606278531e-01,8.525818085188425219e-05,1.234484126106753849e-19
1.027984191432396765e+05,5.283934940452317264e+00,1.000116563918878001e+03,4.569015932785990830e-01,4.016615695824913956e+00,6.964950212206074687e-01,1.138373299740097905e-01,8.530015427591856457e-05,1.232236738030379194e-19
1.028021095571426849e+05,5.283070930156039680e+00,1.000089299536020462e+03,4.568178231173020132e-01,4.015968122979315602e+00,6.963719667782263256e-01,1.138276751295011074e-01,8.534215169304622348e-05,1.229993311179125931e-19
1.028057999710456934e+05,5.282207038556315126e+00,1.000062035029560434e+03,4.567340650954286319e-01,4.015320638545590626e+00,6.962489298151722794e-01,1.138180209270004822e-01,8.538417311848790954e-05,1.227753838804872090e-19
1.028076451779979107e+05,5.281775137263480246e+00,1.000048402729977170e+03,4.566921906364106443e-01,4.014996929479933030e+00,6.961874178878200148e-01,1.138131940665057934e-01,8.540519283917003348e-05,1.226635583440401088e-19
1.028094903849501134e+05,5.281343265639768525e+00,1.000034770399490412e+03,4.566503192116900256e-01,4.014673242513648432e+00,6.961259103294958894e-01,1.138083673664657125e-01,8.542621856763666440e-05,1.225518314169568075e-19
1.028113355919023306e+05,5.280911423683506634e+00,1.000021138038099366e+03,4.566084508210931925e-01,4.014349577644953371e+00,6.960644071401552724e-01,1.138035408269210819e-01,8.544725030594328696e-05,1.224402030150814610e-19
1.028131807988545334e+05,5.280479611393013251e+00,1.000007505646865866e+03,4.565665854648627286e-01,4.014025934872850421e+00,6.960029083196725974e-01,1.137987144474673640e-01,8.546828805259211654e-05,1.223286730632495735e-19
1.028157446610292827e+05,5.279879669834960154e+00,9.999885637645727456e+02,4.565072969910948242e-01,4.013577399185131789e+00,6.959163439164103293e-01,1.137931332557815950e-01,8.549648650237012370e-05,1.221743302543960917e-19
1.028183085232040321e+05,5.279279785542944303e+00,9.999696218135966319e+02,4.564491372207370445e-01,4.013127786113543038e+00,6.958309088022477384e-01,1.137864276675221858e-01,8.552573908525493011e-05,1.220197147695728851e-19
1.028208723853787960e+05,5.278679958512381809e+00,9.999506798029276524e+02,4.563909833064657695e-01,4.012678215693227024e+00,6.957454821204855921e-01,1.137797223889650822e-01,8.555500328839770146e-05,1.218652887279046395e-19
1.028234362475535454e+05,5.278080188738787371e+00,9.999317377325631924e+02,4.563328352478996930e-01,4.012228687921434833e+00,6.956600638702237216e-01,1.137730174200561190e-01,8.558427911684694388e-05,1.217110519051281518e-19
1.028261283495489333e+05,5.277450481168874497e+00,9.999118481493245554e+02,4.562717850290385346e-01,4.011756721468976217e+00,6.955703822251997348e-01,1.137659774138402441e-01,8.561503178789799681e-05,1.215493038381134051e-19
1.028288204515443213e+05,5.276820836716827223e+00,9.998919585002636268e+02,4.562107412654624605e-01,4.011284802030322005e+00,6.954807098748185812e-01,1.137589377490458853e-01,8.564579728810799532e-05,1.213877638858785557e-19
1.028315125535397092e+05,5.276191255377457701e+00,9.998720687853774507e+02,4.561497039563472966e-01,4.010812929601571319e+00,6.953910468183157612e-01,1.137518984255792981e-01,8.567657562336403524e-05,1.212264317895771504e-19
1.028342046555350971e+05,5.275561737145598507e+00,9.998521790046630713e+02,4.560886731013691353e-01,4.010341104179216742e+00,6.953013930547913279e-01,1.137448594434281313e-01,8.570736679962791390e-05,1.210653072907608741e-19
1.028344738657343405e+05,5.275498788793123062e+00,9.998501900229709918e+02,4.560825703707615530e-01,4.010293924222211537e+00,6.952924281895109804e-01,1.137441555639648466e-01,8.571044662370788365e-05,1.210492062488003291e-19
1.028347430759335984e+05,5.275435841071664633e+00,9.998482010406205518e+02,4.560764677048484983e-01,4.010246744735103341e+00,6.952834634171983774e-01,1.137434516879667207e-01,8.571352657635570476e-05,1.210331072799526171e-19
1.028350122861328564e+05,5.275372893981218780e+00,9.998462120576118650e+02,4.560703651033116701e-01,4.010199565718094661e+00,6.952744987377748043e-01,1.137427478153339999e-01,8.571660665740679533e-05,1.210170103839967858e-19
1.028350392071523529e+05,5.275366599306879678e+00,9.998460131592747757e+02,4.560697548467640972e-01,4.010194847842280197e+00,6.952736022749315126e-01,1.137426774282679215e-01,8.571691467258577739e-05,1.210154008084086455e-19
1.028350661281718640e+05,5.275360304638850195e+00,9.998458142609310926e+02,4.560691445908247044e-01,4.010190129971107353e+00,6.952727058130360183e-01,1.137426070412334844e-01,8.571722268905669477e-05,1.210137912535323892e-19
1.028350930491913605e+05,5.275354009977132108e+00,9.998456153625808156e+02,4.560685343354280996e-01,4.010185412104789293e+00,6.952718093520120490e-01,1.137425366541941069e-01,8.571753070673533204e-05,1.210121817194110133e-19
1.028351065097011160e+05,5.275350862647850470e+00,9.998455159134040287e+02,4.560682292079766276e-01,4.010183053172653445e+00,6.952713611217994361e-01,1.137425014607024443e-01,8.571768471608184046e-05,1.210113769600985942e-19
1.028351199702108570e+05,5.275347715320146236e+00,9.998454164642255364e+02,4.560679240807014589e-01,4.010180694241672228e+00,6.952709128918254100e-01,1.137424662672209402e-01,8.571783872575108876e-05,1.210105722059693101e-19
1.028351334307206125e+05,5.275344567994019407e+00,9.998453170150454525e+02,4.560676189534915714e-01,4.010178335312086340e+00,6.952704646619989326e-01,1.137424310737053662e-01,8.571799273565463314e-05,1.210097674570623294e-19
1.028351468912303681e+05,5.275341420669469095e+00,9.998452175658636634e+02,4.560673138265062820e-01,4.010175976383584917e+00,6.952700164324404630e-01,1.137423958802235291e-01,8.571814674592593891e-05,1.210089627133199707e-19
1.028351603517401090e+05,5.275338273346497076e+00,9.998451181166802826e+02,4.560670086996509998e-01,4.010173617456207040e+00,6.952695682031324598e-01,1.137423606867478953e-01,8.571830075652276282e-05,1.210081579747445690e-19
1.035705639057865046e+05,5.105723836565251972e+00,9.944093298136392605e+02,4.396356224039366656e-01,3.883036375837675802e+00,6.711249789752957717e-01,1.118322263321591681e-01,9.463301620452307505e-05,8.396592973556391051e-20
1.045076473006537854e+05,4.896251107745757558e+00,9.874755959785977666e+02,4.193785526112664974e-01,3.725992375077968877e+00,6.413384294012435261e-01,1.094341574100407971e-01,1.075932452505514190e-04,5.238026905731251574e-20
1.054447306955210806e+05,4.694041530964141451e+00,9.805336588870918604e+02,3.998634910157052857e-01,3.574360858884528369e+00,6.126194560924155263e-01,1.070750793947547047e-01,1.226455767251382429e-04,3.244480150976763042e-20
1.063818140903883759e+05,4.498887357578242430e+00,9.735833882819048313e+02,3.810687163444953507e-01,3.427988699575401643e+00,5.849361828944160679e-01,1.047535872551232927e-01,1.401715088062482158e-04,1.995102202999090621e-20
1.073188974852556566e+05,4.310585545313175615e+00,9.666246514810578674e+02,3.629729616866596564e-01,3.286726505052341540e+00,5.582572557971416938e-01,1.024681938895292688e-01,1.606288874886578481e-04,1.217744348780536880e-20
1.082559808801229519e+05,4.128937668493510849e+00,9.596573133379503133e+02,3.455553973895133524e-01,3.150428603733830268e+00,5.325517906893777464e-01,1.002173085016657972e-01,1.845681791228135043e-04,7.376408370133656405e-21
1.091930642749902472e+05,3.953749827870881361e+00,9.526812361983551227e+02,3.287956126650872224e-01,3.018953039944637595e+00,5.077893130638198027e-01,9.799920992331059844e-02,2.126522740361186630e-04,4.433608230533875060e-21
1.101301476698575279e+05,3.784832559705645139e+00,9.456962798528679741e+02,3.126735957465383575e-01,2.892161581536035531e+00,4.839396881474352097e-01,9.581201374796324832e-02,2.456805276744993298e-04,2.643734998153664704e-21
1.108367697108320135e+05,3.661492343542568140e+00,9.404232080942474568e+02,3.009263901664801510e-01,2.799568541042202430e+00,4.665410745877234255e-01,9.418190330232588392e-02,2.744344438326499352e-04,1.780621868501629122e-21
1.115433917518064991e+05,3.541534544428841524e+00,9.351449440981132284e+02,2.895223728954859355e-01,2.709506158029513667e+00,4.496317875148696519e-01,9.256719447304970205e-02,3.070315159175229314e-04,1.193677424598521296e-21
1.122500137927809847e+05,3.424882741178588041e+00,9.298614247433112041e+02,2.784533684923946595e-01,2.621919424270722665e+00,4.331991111784034287e-01,9.096680363364970101e-02,3.440336034115618643e-04,7.963999483064963505e-22
1.129566358337554557e+05,3.311461839606844038e+00,9.245725860043477269e+02,2.677113040000716482e-01,2.536754583701815946e+00,4.172303285984180210e-01,8.937953488216783537e-02,3.860884243704268003e-04,5.287765411571148670e-22
1.136632578747299412e+05,3.201198048160873721e+00,9.192783629249357773e+02,2.572882025407248197e-01,2.453959152336135041e+00,4.017126898527998424e-01,8.780406119941921994e-02,4.339422318004336520e-04,3.493639560838634086e-22
1.143698799157044268e+05,3.094018852871119662e+00,9.139786895854700788e+02,2.471761768443121732e-01,2.373481941514565818e+00,3.866333775408088425e-01,8.623890305369463771e-02,4.884539177402636876e-04,2.296772531323399327e-22
1.150765019566789124e+05,2.989852991525444814e+00,9.086734990624925103e+02,2.373674228960473698e-01,2.295273084030509558e+00,3.719794697418261076e-01,8.468240438385875313e-02,5.506104732031390963e-04,1.502318241498624313e-22
1.157831239976533980e+05,2.888630426978466392e+00,9.033627233776338699e+02,2.278542139795252663e-01,2.219284062213792819e+00,3.577379011423308941e-01,8.313270604859608615e-02,6.215435942167737765e-04,9.776457560960038099e-23
1.164897460386278835e+05,2.790282319529514776e+00,8.980462934328338633e+02,2.186288955125380018e-01,2.145467736406704962e+00,3.438954235142278604e-01,8.158771707541664919e-02,7.025470206293989942e-04,6.329219942961180395e-23
1.171269553419013391e+05,2.704003752833007646e+00,8.932471991615856268e+02,2.105503625120350719e-01,2.080727594599891095e+00,3.317437619306403129e-01,8.019658748461977460e-02,7.854463058196400936e-04,4.257140032258609016e-23
1.177641646451747947e+05,2.619958782904618033e+00,8.884433973158598974e+02,2.026942514390545069e-01,2.017684504646457988e+00,3.198956313003893381e-01,7.880544918768975227e-02,8.789463310265798694e-04,2.851149810695422502e-23
1.184013739484482649e+05,2.538099317203230676e+00,8.836348344932313239e+02,1.950550902517907137e-01,1.956306870799588982e+00,3.083407922947231095e-01,7.741216276987625267e-02,9.844010872528141144e-04,1.901267764912178805e-23
1.190385832517217204e+05,2.458377980158441556e+00,8.788214562495638802e+02,1.876274543751804413e-01,1.896564043308684555e+00,2.970688115930492645e-01,7.601436280905392306e-02,1.103308072472076410e-03,1.262342740934204083e-23
1.196757925549951906e+05,2.380748094662921588e+00,8.740032069771576744e+02,1.804059724650019514e-01,1.838426301892071679e+00,2.860690633299516339e-01,7.460944686296577810e-02,1.237310112929867426e-03,8.344780558430136561e-24
1.203130018582686462e+05,2.305163663748364566e+00,8.691800297546858474e+02,1.733853358638839381e-01,1.781864820227719415e+00,2.753307451921390148e-01,7.319457101525479736e-02,1.388191449368755522e-03,5.492281569773458082e-24
1.209502111615421163e+05,2.231579352875638467e+00,8.643518661637361902e+02,1.665603125955092134e-01,1.726851605129687162e+00,2.648429141787351226e-01,7.176665505589885363e-02,1.557865915808986880e-03,3.599081612419934537e-24
1.215874204648155719e+05,2.159950473422006301e+00,8.595186560665506477e+02,1.599257667317894038e-01,1.673359403359524933e+00,2.545945476426605958e-01,7.032240096843371535e-02,1.748354719596498198e-03,2.348210333006990609e-24
1.222246297680890420e+05,2.090232968118622470e+00,8.546803373397023051e+02,1.534766838438356984e-01,1.621361568823344701e+00,2.445746354453872951e-01,6.885832884789179487e-02,1.961751158162809098e-03,1.525453471619218725e-24
1.228618390713624976e+05,2.022383399367160717e+00,8.498368455591237307e+02,1.472082029628399014e-01,1.570831883590199540e+00,2.347723086023612848e-01,6.737083451043560101e-02,2.200169701323642472e-03,9.867177890856310504e-25
1.234990483746359532e+05,1.956358941523782313e+00,8.449881136333237919e+02,1.411156549868470556e-01,1.521744328151124037e+00,2.251770083502883379e-01,6.585627266310764560e-02,2.465677372414549172e-03,6.355348690583748739e-25
1.241362576779094234e+05,1.892117378348680434e+00,8.401340713838782222e+02,1.351946067469113888e-01,1.474072800007544037e+00,2.157786968268637084e-01,6.431106834614716550e-02,2.760206421213451562e-03,4.076274653796530342e-25
1.246365737029098382e+05,1.842899403591333529e+00,8.363190657874640692e+02,1.306630730796000672e-01,1.437617830265012886e+00,2.085314392550575158e-01,6.307414846059913871e-02,3.012912531062807413e-03,2.867908890005241687e-25
1.251368897279102530e+05,1.794735033175236305e+00,8.325007036389666837e+02,1.262328356636321647e-01,1.402006342939582595e+00,2.013958425575944899e-01,6.181478242342947071e-02,3.285229590995748187e-03,2.012692993024510841e-25
1.256372057529106678e+05,1.747604641094705702e+00,8.286789458051968040e+02,1.219021684784621917e-01,1.367224779512589583e+00,1.943683469708271383e-01,6.053169450480185010e-02,3.577651628022076452e-03,1.409018002025949370e-25
1.261375217779110826e+05,1.701488851695592164e+00,8.248537512774455536e+02,1.176694988200277514e-01,1.333259062366616510e+00,1.874459669709704901e-01,5.922386538426122060e-02,3.890458153711569798e-03,9.840095610179411403e-26
1.266378378029114829e+05,1.656368549298766313e+00,8.210250770035379446e+02,1.135334174373329313e-01,1.300094490968044747e+00,1.806263740356797709e-01,5.789059050327266531e-02,4.223676354435782800e-03,6.855555737942401519e-26
1.271381538279118977e+05,1.612224889708271602e+00,8.171928777232914172e+02,1.094926852728486666e-01,1.267715652844419782e+00,1.739079691452584675e-01,5.653153552416120137e-02,4.577046921583518245e-03,4.764997142202614562e-26
1.276384698529123125e+05,1.569039313349234854e+00,8.133571058121221995e+02,1.055462359541622375e-01,1.236106356383873006e+00,1.672899396291114560e-01,5.514678548743363190e-02,4.949995894654680637e-03,3.304257878304482707e-26
1.281387858779127273e+05,1.526793559654572752e+00,8.095177111376949597e+02,1.016931733771107987e-01,1.205249591905650064e+00,1.607722953474478300e-01,5.373688423782480017e-02,5.341614786539137377e-03,2.286068267990189521e-26
1.286391019029131421e+05,1.485469682204164865e+00,8.056746409343434152e+02,9.793276400330848397e-02,1.175127526142658141e+00,1.543558801336520625e-01,5.230286100864098980e-02,5.750650915905371890e-03,1.578041603236237765e-26
1.291394179279135569e+05,1.445050064028942538e+00,8.018278396994952573e+02,9.426442384315349143e-02,1.145721533309494111e+00,1.480423558598345513e-01,5.084624171748687582e-02,6.175509298973290602e-03,1.086847245188218921e-26
1.296397339529139717e+05,1.405517432435233971e+00,7.979772491155187026e+02,9.068770047063726136e-02,1.117012263485728463e+00,1.418341582928738520e-01,4.936904348310636875e-02,6.614266702887945486e-03,7.468656783696460127e-27
1.301400499779143865e+05,1.366854872692571998e+00,7.941228079993568372e+02,8.720225077377390110e-02,1.088979746402310544e+00,1.357344258773822143e-01,4.787375202060946411e-02,7.064697618496068587e-03,5.120819729352840371e-27
1.306403660029148014e+05,1.329045839961411790e+00,7.902644522810801391e+02,8.380781543994862692e-02,1.061603526196430503e+00,1.297469044777818659e-01,4.636328277430815797e-02,7.524311072942594346e-03,3.503113407943583238e-27
1.311406820279152016e+05,1.292074168907953791e+00,7.864021150112560008e+02,8.050419137415754101e-02,1.034862820596629707e+00,1.238758327064398423e-01,4.484092775774497358e-02,7.990396472981557002e-03,2.390985297118175336e-27
1.316409980529156164e+05,1.255924080585637093e+00,7.825357263957549776e+02,7.729120333282969713e-02,1.008736696575071035e+00,1.181258135850299928e-01,4.331029096205142592e-02,8.460076130654883148e-03,1.628146273000737592e-27
1.322487783157273079e+05,1.213092302828107982e+00,7.778333107294034789e+02,7.350976317041642283e-02,9.777955267585706212e-01,1.113105531923659491e-01,4.144529746884807742e-02,9.031162237906930831e-03,1.017615966558378747e-27
1.328565585785389703e+05,1.171423453783780211e+00,7.731246736847006105e+02,6.986144452436089669e-02,9.476934750594838697e-01,1.046898841966058258e-01,3.958095972223335535e-02,9.597690281096244239e-03,6.337536251178572683e-28
1.334643388413506327e+05,1.130891564624911361e+00,7.684096741900558527e+02,6.634575655818610029e-02,9.183944629197250409e-01,9.827247684265637273e-02,3.772462346965455016e-02,1.015424483468913182e-02,3.932360300847090044e-28
1.340721191041623242e+05,1.091471492260407627e+00,7.636881658700513071e+02,6.296203763817316557e-02,8.898637414124029865e-01,9.206654209657332000e-02,3.588358991918732394e-02,1.069558119407077075e-02,2.430666283622553330e-28
1.345783986208325659e+05,1.059465898975354703e+00,7.597500825707043077e+02,6.024353644026005095e-02,8.666603567808458530e-01,8.706388239217455194e-02,3.436681189115557700e-02,1.113131147091860063e-02,1.623212237975366424e-28
1.350846781375028077e+05,1.028201210948265665e+00,7.558072880285035353e+02,5.761537523675844263e-02,8.439489812213901709e-01,8.221700346958592254e-02,3.286947681972475499e-02,1.155037420080635459e-02,1.080909542119459688e-28
1.355909576541730785e+05,9.976641191605216674e-01,7.518596902294725624e+02,5.507680122462846328e-02,8.217125146226690324e-01,7.752921742038150488e-02,3.139526185861609558e-02,1.195032403422663023e-02,7.176715352441376015e-29
1.360972371708433202e+05,9.678416513849610325e-01,7.479071952202376679e+02,5.262693519275445098e-02,7.999349152763945980e-01,7.300326662556125279e-02,2.994757847789656161e-02,1.232895581235437035e-02,4.750516893965644793e-29
1.366035166875135910e+05,9.387211542022849686e-01,7.439497072429051059e+02,5.026477074503592907e-02,7.786012274157437796e-01,6.864129239768680668e-02,2.852954348690913203e-02,1.268432015690942535e-02,3.134655057122876531e-29
1.371097962041838327e+05,9.102902743944937258e-01,7.399871288634585653e+02,4.798917607488618897e-02,7.576975878126478436e-01,6.444481880917517225e-02,2.714395927021945321e-02,1.301473242756508164e-02,2.061703362765098617e-29
1.376160757208541036e+05,8.825369400824991661e-01,7.360193610924155792e+02,4.579889783824136335e-02,7.372112142747082597e-01,6.041474979807143902e-02,2.579330235336128180e-02,1.331877581811669216e-02,1.351459357063510118e-29
1.381223552375243453e+05,8.554493419284864286e-01,7.320463034969004639e+02,4.369256669377170194e-02,7.171303789966306796e-01,5.655137753790542149e-02,2.447971927250470331e-02,1.359529942767372795e-02,8.828203299134470521e-30
1.386286347541946161e+05,8.290159146762033915e-01,7.280678543036368637e+02,4.166870411655616835e-02,6.974443696628971345e-01,5.285440007981386662e-02,2.320502866655296120e-02,1.384341215038313588e-02,5.746266680731707400e-30
1.390644926833333157e+05,8.067746210416658625e-01,7.246383950223710144e+02,3.999120861354323736e-02,6.808054089673568621e-01,4.980429463328759493e-02,2.213994936935065674e-02,1.403375945812767797e-02,3.958723899213205907e-30
1.395003506124720443e+05,7.850026519803806613e-01,7.212047969684181226e+02,3.837260187072015494e-02,6.644461638137734161e-01,4.687599978739005052e-02,2.110558224101954233e-02,1.420230426747749915e-02,2.719593338556078541e-30
1.399362085416107730e+05,7.636930042899195969e-01,7.177669931129498764e+02,3.681177314606873252e-02,6.483614321095260147e-01,4.406835929175655781e-02,2.010253576402891776e-02,1.434890397853954419e-02,1.862947244991434174e-30
1.403720664707495016e+05,7.428387744979304541e-01,7.143249158570775990e+02,3.530756890638506174e-02,6.325464543005103746e-01,4.137995509368601332e-02,1.913126312526258407e-02,1.447353307208646377e-02,1.272369838735990011e-30
1.408079243998882012e+05,7.224331519445408301e-01,7.108784970606373008e+02,3.385879706152113838e-02,6.169968827889249496e-01,3.880912578553697562e-02,1.819207080776549107e-02,1.457627550079225627e-02,8.663844905067681890e-31
1.412437823290269298e+05,7.024694123018673242e-01,7.074276680676171054e+02,3.246423117127507363e-02,6.017087510674605788e-01,3.635398552737822281e-02,1.728512770814238930e-02,1.465731682761112036e-02,5.881127880758448731e-31
1.416796402581656585e+05,6.829409115400766339e-01,7.039723597283713161e+02,3.112261458633410263e-02,5.866784429706650705e-01,3.401244315564092013e-02,1.641047458463262831e-02,1.471693624280388281e-02,3.979525138782177415e-31
1.421154981873043580e+05,6.638410803438349328e-01,7.005125024187678946e+02,2.983266449318908164e-02,5.719026623726137792e-01,3.178222123816635408e-02,1.556803367041552887e-02,1.475549856945026182e-02,2.684048953401748868e-31
1.424091763448432903e+05,6.512101972667444505e-01,6.981786733568920909e+02,2.899198414700803958e-02,5.620888454800694323e-01,3.034106326642848836e-02,1.501847729916343417e-02,1.476982707407509601e-02,2.054867886593441824e-31
1.427028545023821935e+05,6.387690053886474484e-01,6.958427257135435866e+02,2.817376405325490787e-02,5.523883621855979476e-01,2.894855078813490107e-02,1.448337957941831650e-02,1.477494878224122794e-02,1.570578992459853583e-31
1.429965326599210966e+05,6.265155459957463258e-01,6.935046378460557435e+02,2.737759682932270483e-02,5.428004113074489378e-01,2.760386877787547252e-02,1.396263842794675213e-02,1.477103065315262150e-02,1.198561387805096286e-31
1.432902108174599998e+05,6.144478725769485505e-01,6.911643880230017203e+02,2.660307229767228804e-02,5.333242379877011219e-01,2.630617643391175084e-02,1.345613388477959541e-02,1.475825197288365559e-02,9.132198805387703829e-32
1.435838889749989030e+05,6.025640503011200355e-01,6.888219544252772266e+02,2.584977796630950550e-02,5.239591300565903387e-01,2.505460955799894071e-02,1.296372937307635996e-02,1.473680334714481954e-02,6.946961637832688190e-32
1.438775671325378062e+05,5.908621555317125074e-01,6.864773151469613595e+02,2.511729949436121434e-02,5.147044145163675033e-01,2.384828287025423862e-02,1.248527292957812666e-02,1.470688572115139842e-02,5.276047919828425855e-32
1.441712452900767094e+05,5.793402753803739147e-01,6.841304481959426766e+02,2.440522114277358587e-02,5.055594541505211703e-01,2.268629225598914681e-02,1.202059840282841859e-02,1.466870942826153067e-02,4.000429184389361248e-32
1.445314888333711424e+05,5.654498827614367062e-01,6.812485633053410083e+02,2.355899028862996555e-02,4.944906924993881514e-01,2.132011880702798165e-02,1.146915776834721117e-02,1.461092339804338260e-02,2.842276308903897639e-32
1.447441811003084294e+05,5.573732344101089975e-01,6.795454567019385195e+02,2.307317023726262670e-02,4.880322379409488542e-01,2.054348381450993993e-02,1.115304687766988101e-02,1.457129553971773205e-02,2.320087465574351517e-32
1.449568733672457456e+05,5.493880768070668053e-01,6.778411473454672205e+02,2.259740481098121076e-02,4.816304583653711058e-01,1.978865792433364551e-02,1.084387027995105043e-02,1.452768542642973205e-02,1.892128811035728080e-32
1.451695656341830618e+05,5.414936975414034181e-01,6.761356267576677510e+02,2.213153551775741412e-02,4.752851526290122197e-01,1.905527771087918432e-02,1.054154821930341004e-02,1.448018346445110668e-02,1.541704950342378941e-32
1.453822579011203488e+05,5.336893867073035924e-01,6.744288864366370717e+02,2.167540400700043376e-02,4.689961255289290532e-01,1.834297719531909412e-02,1.024599844510380546e-02,1.442888153095115387e-02,1.255023840583514412e-32
1.455949501680576650e+05,5.259744368516494628e-01,6.727209178567330810e+02,2.122885214336702603e-02,4.627631872672023916e-01,1.765138821303385494e-02,9.957136409075265093e-03,1.437387281897093208e-02,1.020701376713308010e-32
1.458076424349949521e+05,5.183481429239814586e-01,6.710117124684378496e+02,2.079172207854223381e-02,4.565861529315533018e-01,1.698014077040745778e-02,9.674875456524949235e-03,1.431525168695353852e-02,8.293489052228140796e-33
1.459819506960791186e+05,5.121637538135431766e-01,6.696100346650355277e+02,2.044039407314323861e-02,4.515654259028876183e-01,1.644493760683325007e-02,9.448413030583434347e-03,1.426458320009571686e-02,6.991007781321374684e-33
1.461562589571632852e+05,5.060380514124320772e-01,6.682075156902931212e+02,2.009520180457524674e-02,4.465820271329707936e-01,1.592294197466837674e-02,9.226275022687148095e-03,1.421160547753053463e-02,5.889290853754630773e-33
1.463305672182474518e+05,4.999706511376783014e-01,6.668041508020185120e+02,1.975605901179187246e-02,4.416358608205016578e-01,1.541394841850221922e-02,9.008411077572968037e-03,1.415637180930960463e-02,4.957977690449014334e-33
1.465048754793316184e+05,4.939611694264273156e-01,6.653999352469445512e+02,1.942287967411930258e-02,4.367268325847923349e-01,1.491775120430578576e-02,8.794770181652278654e-03,1.409893578155758595e-02,4.171210402284490432e-33
1.466791837404157850e+05,4.880092237247207754e-01,6.639948642606393605e+02,1.909557803475305654e-02,4.318548493035298530e-01,1.443414443404422362e-02,8.585300723910581355e-03,1.403935122848314065e-02,3.506979136679696630e-33
1.468921625146306178e+05,4.808143736038448801e-01,6.622769083459299964e+02,1.870351783804453591e-02,4.259521604638100145e-01,1.386003874377261975e-02,8.334946386604088348e-03,1.396371017161357822e-02,2.834654217496704143e-33
1.471051412888454506e+05,4.737041566019069561e-01,6.605576594753282507e+02,1.831994972096437357e-02,4.201044735068029112e-01,1.330404658024475495e-02,8.090645702175868273e-03,1.388504109171910701e-02,2.288923298290741908e-33
1.473181200630603125e+05,4.666778808998011674e-01,6.588371088886023017e+02,1.794471915636133841e-02,4.143116241776473307e-01,1.276579281334235157e-02,7.852301660921233439e-03,1.380344309152895660e-02,1.846384241023347254e-33
1.475310988372751453e+05,4.597348568432426119e-01,6.571152477995018444e+02,1.757767242438482494e-02,4.085734495518332787e-01,1.224490300228809128e-02,7.619816477732146986e-03,1.371901538700433069e-02,1.487880366915393708e-33
1.477440776114900073e+05,4.528743969274073855e-01,6.553920673953903133e+02,1.721865666916723783e-02,4.028897876662511646e-01,1.174100366378656897e-02,7.393091731984307441e-03,1.363185719621811016e-02,1.197744946597624271e-33
1.477872641416876286e+05,4.514932818473348930e-01,6.550424897611729875e+02,1.714682337579124735e-02,4.017439226838112054e-01,1.164086460045164924e-02,7.347811487737943015e-03,1.361385969954284451e-02,1.146059209808818649e-33
1.478304506718852499e+05,4.501155276860304144e-01,6.546928574431625520e+02,1.707531278161745006e-02,4.006002911362352426e-01,1.154140573017136198e-02,7.302763203743843287e-03,1.359575483426246276e-02,1.096556574004714392e-33
1.478736372020828712e+05,4.487411287435152940e-01,6.543431703674784785e+02,1.700412362630983332e-02,3.994588916805628109e-01,1.144262395859901513e-02,7.257946052538501690e-03,1.357754342550508350e-02,1.049146821538560483e-33
1.479168237322805217e+05,4.473700793234089979e-01,6.539934284601938543e+02,1.693325465121408441e-02,3.983197229740644274e-01,1.134451619403635536e-02,7.213359206116134494e-03,1.355922629797797103e-02,1.003743380940696740e-33
1.479600102624781430e+05,4.460023737328933091e-01,6.536436316473354964e+02,1.686270459937448674e-02,3.971827836740989826e-01,1.124707934751652087e-02,7.169001835971139901e-03,1.354080427593219900e-02,9.602631828639680207e-34
1.479643289154976374e+05,4.458657868654047896e-01,6.536086489433937459e+02,1.685566708662792137e-02,3.970692123097728232e-01,1.123737244451502616e-02,7.164578688240587356e-03,1.353895633624849215e-02,9.560178443113534162e-34
1.479686475685171026e+05,4.457292333736300738e-01,6.535736656895820715e+02,1.684863274930605351e-02,3.969556632247429051e-01,1.122767221674573525e-02,7.160157826154316292e-03,1.353710735668099338e-02,9.517908605655086425e-34
1.479729662215365970e+05,4.455927132518820999e-01,6.535386818858263496e+02,1.684160158615434499e-02,3.968421364176672461e-01,1.121797866112390213e-02,7.155739248883018731e-03,1.353525733805344307e-02,9.475821540513531426e-34
1.479772848745560623e+05,4.454562264944744721e-01,6.535036975320525698e+02,1.683457359591913546e-02,3.967286318872030870e-01,1.120829177456568113e-02,7.151322955597513333e-03,1.353340628118902648e-02,9.433916475142991583e-34
1.479777167398575984e+05,4.454425796535534943e-01,6.535001990664213736e+02,1.683387097135774849e-02,3.967172826593186041e-01,1.120732345258971217e-02,7.150881451856231676e-03,1.353322111843126459e-02,9.429735948945507652e-34
1.479781486051591055e+05,4.454289331462134016e-01,6.534967005952892123e+02,1.683316837851180775e-02,3.967059336541852721e-01,1.120635519727042860e-02,7.150439970945725483e-03,1.353303594530012172e-02,9.425557234282020586e-34
1.479785804704606417e+05,4.454152869724484209e-01,6.534932021186559723e+02,1.683246581737993242e-02,3.966945848718019807e-01,1.120538700860482934e-02,7.149998512865093567e-03,1.353285076179654330e-02,9.421380330385310923e-34
1.479790123357621487e+05,4.454016411322531122e-01,6.534897036365215399e+02,1.683176328796091165e-02,3.966832363121677862e-01,1.120441888658961493e-02,7.149557077613537953e-03,1.353266556792132383e-02,9.417205236488083938e-34
1.479792282684129314e+05,4.453948183372420933e-01,6.534879543933914192e+02,1.683141203514336090e-02,3.966775621158807330e-01,1.120393485057506397e-02,7.149336368548401925e-03,1.353257296709456728e-02,9.415118368049831583e-34
1.479794442010636849e+05,4.453879956256213135e-01,6.534862051488859152e+02,1.683106079025347909e-02,3.966718879752803573e-01,1.120345083122203239e-02,7.149115665190209495e-03,1.353248036367525609e-02,9.413031951824042164e-34
1.479796601337144384e+05,4.453811729973901068e-01,6.534844559030051414e+02,1.683070955329121071e-02,3.966662138903667145e-01,1.120296682852990611e-02,7.148894967538901683e-03,1.353238775766342321e-02,9.410945987714733918e-34
1.479799236907626328e+05,4.453728457372588823e-01,6.534823208595606729e+02,1.683028086126699824e-02,3.966592884484512194e-01,1.120237610152332100e-02,7.148625602679861343e-03,1.353227472333749445e-02,9.408400577033200951e-34
1.479803951419539808e+05,4.453579502333389062e-01,6.534785017137436398e+02,1.682951404749035221e-02,3.966469004078591598e-01,1.120131947632482979e-02,7.148143786273978249e-03,1.353207251539055057e-02,9.403849053259393582e-34
1.479864860566843417e+05,4.451655434761103702e-01,6.534291633300579178e+02,1.681961080571428568e-02,3.964868759040697244e-01,1.118767635285681031e-02,7.141921746639808867e-03,1.352945866682970025e-02,9.345242956794286050e-34
1.479870951481573575e+05,4.451463064489877275e-01,6.534242298061282099e+02,1.681862085006476451e-02,3.964708757830720520e-01,1.118631285173321381e-02,7.141299827301308446e-03,1.352919713681639650e-02,9.339402444375883020e-34
1.479877042396304023e+05,4.451270700851930329e-01,6.534192963393779792e+02,1.681763096140196853e-02,3.964548760856108078e-01,1.118494949805567094e-02,7.140677959698859233e-03,1.352893558042575148e-02,9.333565576905828956e-34
1.479883133311034471e+05,4.451078343847127416e-01,6.534143629298094993e+02,1.681664113972146032e-02,3.964388768116888784e-01,1.118358629181214273e-02,7.140056143828971830e-03,1.352867399766132829e-02,9.327732352115641965e-34
1.479889224225764628e+05,4.450885993475335867e-01,6.534094295774249304e+02,1.681565138501840348e-02,3.964228779613099274e-01,1.118222323299003160e-02,7.139434379688373682e-03,1.352841238852690343e-02,9.321902767738314665e-34
1.479889833317237790e+05,4.450866758802967671e-01,6.534089362453316880e+02,1.681555241323169636e-02,3.964212780995670093e-01,1.118208693521555337e-02,7.139372206119295843e-03,1.352838622616323212e-02,9.321320009435997305e-34
1.479890442408710951e+05,4.450847524196927529e-01,6.534084429138102905e+02,1.681545344211481455e-02,3.964196782420593701e-01,1.118195063891521020e-02,7.139310033067385909e-03,1.352836006353591927e-02,9.320737287512818114e-34
1.479891051500183821e+05,4.450828289657215442e-01,6.534079495828607378e+02,1.681535447166744579e-02,3.964180783887875092e-01,1.118181434408881993e-02,7.139247860532812150e-03,1.352833390064498396e-02,9.320154601966801385e-34
1.479891112409331254e+05,4.450826366206892537e-01,6.534079002497971942e+02,1.681534457465960058e-02,3.964179184036932257e-01,1.118180071468727506e-02,7.139241643307813433e-03,1.352833128434136750e-02,9.320096335412721077e-34
1.479891173318478395e+05,4.450824442757232435e-01,6.534078509167394486e+02,1.681533467765839937e-02,3.964177584186413528e-01,1.118178708530035738e-02,7.139235426088001539e-03,1.352832866803510906e-02,9.320038069222427566e-34
1.479891234227625828e+05,4.450822519308236247e-01,6.534078015836873874e+02,1.681532478066391847e-02,3.964175984336316128e-01,1.118177345592849536e-02,7.139229208873336570e-03,1.352832605172623985e-02,9.319979803396100463e-34
1.479891264682199399e+05,4.450821557583903854e-01,6.534077769171627779e+02,1.681531983216880133e-02,3.964175184411356523e-01,1.118176664124748837e-02,7.139226100267798657e-03,1.352832474357060916e-02,9.319950670618250649e-34
1.479891295136772969e+05,4.450820595859736883e-01,6.534077522506395326e+02,1.681531488367548829e-02,3.964174384486498504e-01,1.118175982657053542e-02,7.139222991663516683e-03,1.352832343541426896e-02,9.319921537931343258e-34
1.479891325591346831e+05,4.450819634135735892e-01,6.534077275841177652e+02,1.681530993518375733e-02,3.964173584561747621e-01,1.118175301189717162e-02,7.139219883060553967e-03,1.352832212725729732e-02,9.319892405335426187e-34
1.479891356045920402e+05,4.450818672411901433e-01,6.534077029175973621e+02,1.681530498669353210e-02,3.964172784637107205e-01,1.118174619722722869e-02,7.139216774458997244e-03,1.352832081909970986e-02,9.319863272830184689e-34
1.479891386500493973e+05,4.450817710688232398e-01,6.534076782510784369e+02,1.681530003820512834e-02,3.964171984712570596e-01,1.118173938256102583e-02,7.139213665858614929e-03,1.352831951094143892e-02,9.319834140416116541e-34
1.481414115183098475e+05,4.402938460192698522e-01,6.521761452174930582e+02,1.656995662928147442e-02,3.924308202864151829e-01,1.084558075966051381e-02,6.985391056409753253e-03,1.346209728750292524e-02,7.971206939759357835e-34
1.487505029913487961e+05,4.215524711647167799e-01,6.472864429596480704e+02,1.562902525665160747e-02,3.767509342668323158e-01,9.589289226930041571e-03,6.401351114051931530e-03,1.318187130025083760e-02,4.264599911933283003e-34
1.493595944643877447e+05,4.034574068839199557e-01,6.424566690017747987e+02,1.474948744504810637e-02,3.614979085350272237e-01,8.465474008926056684e-03,5.864762300373935720e-03,1.287977459454457511e-02,2.281183909697931944e-34
1.499686859374266933e+05,3.859949294693651445e-01,6.376889872665587973e+02,1.392707824573158164e-02,3.466736008763002808e-01,7.462717482824676729e-03,5.372305521910116649e-03,1.255922734259855462e-02,1.220426463840959897e-34
1.506890539340471441e+05,3.661397149221300995e-01,6.321333414831025266e+02,1.302260802531064222e-02,3.296957364854458672e-01,6.418182006512168115e-03,4.842471612840158930e-03,1.216071679202125611e-02,5.828076825002520205e-35
1.514094219306676241e+05,3.471268666166373307e-01,6.266709661336900581e+02,1.218603897249174485e-02,3.133191480082551106e-01,5.510930872716933264e-03,4.364863670408226405e-03,1.174588509276530517e-02,2.786713634678910738e-35
1.521297899272881041e+05,3.289331184426684818e-01,6.213052032457343330e+02,1.141147062850805631e-02,2.975422989554665776e-01,4.725316704992831712e-03,3.934747742319506802e-03,1.131928441138151283e-02,1.334973571057988066e-35
1.528501579239085549e+05,3.115350810327155995e-01,6.160392775431147356e+02,1.069344498078098234e-02,2.823619358990548389e-01,4.046958524867500830e-03,3.547709200516302366e-03,1.088503242749597026e-02,6.411123202432348801e-36
1.535705259205290349e+05,2.949092882983672670e-01,6.108762803287102088e+02,1.002694601531719035e-02,2.677731277629736284e-01,3.462743808379430566e-03,3.199658583502046783e-03,1.044681212819496482e-02,3.088531365075857131e-36
1.542908939171494858e+05,2.790322448037244052e-01,6.058191537923079295e+02,9.407391767447067024e-03,2.537693374114347589e-01,2.960806002885653376e-03,2.886829075698784091e-03,1.000788054625810150e-02,1.493510971775695677e-36
1.550112619137699658e+05,2.638804731063650877e-01,6.008706757663609324e+02,8.830619957356200880e-03,2.403425188039577109e-01,2.530482030707265854e-03,2.605767694558080907e-03,9.571084619779731545e-03,7.254231092539683685e-37
1.557316299103904457e+05,2.494305603470090005e-01,5.960334449734747295e+02,8.292868371164744887e-03,2.274832334036041848e-01,2.162254129253993531e-03,2.353321957227713992e-03,9.138882485754501808e-03,3.541555547871300865e-37
1.564519979070108966e+05,2.356592035106880312e-01,5.913098668317759348e+02,7.790751178461547896e-03,2.151807800320285902e-01,1.847680118045549229e-03,2.126623506613441097e-03,8.713368675536512994e-03,1.739055924179916042e-37
1.571723659036313766e+05,2.225432529140052851e-01,5.867021399091399871e+02,7.321232360128984359e-03,2.034233329594423434e-01,1.579315841481877640e-03,1.923069900477100995e-03,8.296301852473569882e-03,8.595074868403288165e-38
1.578927339002518274e+05,2.100597535916305103e-01,5.822122431386864037e+02,6.881597355273857790e-03,1.921980836817027138e-01,1.350633123264831457e-03,1.740305513576084154e-03,7.889133917810839045e-03,4.278616950494941116e-38
1.587693050061002432e+05,1.956895471411370102e-01,5.769102000751198602e+02,6.383456912999194502e-03,1.792367873210904128e-01,1.117706555729828469e-03,1.542889529728361632e-03,7.408706821588521320e-03,1.850573364724788916e-38
1.596458761119486298e+05,1.821817899277916875e-01,5.717878627594052432e+02,5.922149693197715191e-03,1.670172925206411252e-01,9.263634704105838929e-04,1.369695881270672089e-03,6.946288362271702335e-03,8.107866054739835079e-39
1.605224472177970165e+05,1.694967736224662347e-01,5.668473370432012644e+02,5.494333678614984201e-03,1.555124406442331408e-01,7.692512853187942912e-04,1.217712572358972635e-03,6.503035441940812830e-03,3.602714673719448152e-39
1.613990183236454031e+05,1.575955543399144843e-01,5.620901516694841575e+02,5.097099346192504252e-03,1.446942089759450101e-01,6.402493516543017764e-04,1.084292254624278414e-03,6.079704411498928693e-03,1.625494852223666255e-39
1.622755894294937898e+05,1.464400264876141999e-01,5.575172428356354430e+02,4.727905724628463265e-03,1.345340078894828595e-01,5.342873432539484201e-04,9.671110739982139055e-04,5.676714456251221938e-03,7.455229238605262150e-40
1.631521605353422055e+05,1.359929887731049225e-01,5.531289445846337003e+02,4.384523390619773052e-03,1.250029468958218093e-01,4.471826667299343529e-04,8.641313529488316983e-04,5.294204466984994348e-03,3.479488637180206039e-40
1.640287316411905922e+05,1.262182026628178855e-01,5.489249855099275237e+02,4.064984665859093342e-03,1.160720693259523623e-01,3.754973300677246981e-04,7.735680294488346239e-04,4.932083311490175100e-03,1.654149623747045878e-40
1.649053027470389789e+05,1.170804435942519178e-01,5.449044921203860667e+02,3.767540875007883636e-03,1.077125566105191778e-01,3.164137420201529305e-04,6.938586498505888104e-04,4.590073716854330306e-03,8.017270720062570857e-41
1.657818738528873655e+05,1.085455452264143250e-01,5.410659990427893717e+02,3.490626242037562013e-03,9.989590390821787014e-02,2.676282612727775082e-04,6.236366483495337865e-04,4.267750166536731296e-03,3.964744228800324593e-41
1.666584449587357522e+05,1.005804369843542739e-01,5.374074660504257963e+02,3.232827824011574869e-03,9.259406929031058220e-02,2.272609207590699980e-04,5.617076209851383593e-04,3.964571328287999283e-03,2.001881824950456312e-41
1.675350160645841679e+05,9.315317512219019325e-02,5.339263017095395298e+02,2.992860788262142590e-03,8.577959889063808963e-02,1.937795618988999294e-04,5.070283020939939968e-04,3.679907579297082582e-03,1.032629355133094795e-41
1.683240797560529609e+05,8.690187591202043482e-02,5.309417885314081786e+02,2.791124638700778326e-03,8.004008255350258949e-02,1.684932815923769942e-04,4.632523765496768448e-04,3.438923061675024009e-03,5.797667707617353349e-42
1.691131434475217829e+05,8.103978180335394410e-02,5.280958738341900016e+02,2.602088337211149426e-03,7.465479991771127588e-02,1.470252488783483865e-04,4.240281692468198058e-04,3.211840130306351307e-03,3.313986556407396693e-42
1.699022071389905759e+05,7.554601931041102225e-02,5.253856536873722689e+02,2.425010102797585561e-03,6.960531540594216970e-02,1.287543590279340315e-04,3.888399353233438225e-04,2.998099507319980459e-03,1.928895701318580451e-42
1.706912708304593980e+05,7.040049581228818854e-02,5.228079547568202088e+02,2.259194401714197890e-03,6.487377540363339912e-02,1.131644788448105669e-04,3.572318132575478481e-04,2.797129714838233073e-03,1.143312439215092485e-42
1.714803345219281910e+05,6.558390121323254274e-02,5.203593619989701438e+02,2.103986878671025660e-03,6.044293301193812834e-02,9.982649505691057511e-05,3.288009655566715870e-04,2.608353862009810641e-03,6.901178941553767386e-43
1.722693982133970130e+05,6.107770673396775013e-02,5.180362476225574255e+02,1.958770262580155838e-03,5.629616632582978841e-02,8.838338453815282282e-05,3.031914694592572398e-04,2.431195291560404002e-03,4.241851284277205952e-43
1.730584619048658351e+05,5.686416095265470899e-02,5.158348008343169795e+02,1.822961057494995422e-03,5.241749094683285232e-02,7.853782483104348371e-05,2.800888817821123398e-04,2.265082241713707069e-03,2.654618998841041151e-43
1.738475255963346281e+05,5.292628322930004181e-02,5.137510578918505644e+02,1.696006858732121989e-03,4.879156737094137580e-02,7.004193066657707703e-05,2.592154091065135084e-04,2.109451659853461402e-03,1.691124160952045621e-43
1.746365892878034501e+05,4.924785466318589572e-02,5.117809320073272943e+02,1.577384160815015418e-03,4.540370383168319812e-02,6.268876307201655114e-05,2.403256208809315478e-04,1.963752286734737982e-03,1.096378517317842271e-43
1.754256529792722431e+05,4.581340674816700154e-02,5.099202426780280462e+02,1.466596547546490485e-03,4.223985512557666688e-02,5.630531177391375088e-05,2.232026488017694796e-04,1.827447114468160700e-03,7.231328276125350541e-44
1.762147166707410652e+05,4.260820790461255364e-02,5.081647440617327334e+02,1.363173175148621593e-03,3.928661790156449951e-02,5.074669897315939321e-05,2.076548210991717154e-04,1.700015307827108021e-03,4.850506588836155753e-44
1.770037803622098581e+05,3.961824807859977426e-02,5.065101520640920398e+02,1.266667477105360177e-03,3.653122285627381782e-02,4.589139352592478977e-05,1.935126851683039969e-04,1.580953666526364225e-03,3.307403624395034003e-44
1.777928440536786802e+05,3.683022160817342461e-02,5.049521698589650214e+02,1.176656034306740491e-03,3.396152424202767556e-02,4.163725962185161310e-05,1.806263764024866820e-04,1.469777695814674127e-03,2.291507545116151242e-44
1.785298825139451365e+05,3.439726043119112342e-02,5.035803884167598881e+02,1.098090586039516744e-03,3.171878903063569954e-02,3.813045534465183171e-05,1.696066863534455565e-04,1.372643672817815564e-03,1.649452221929249884e-44
1.792669209742116218e+05,3.211970605016568892e-02,5.022856901549153008e+02,1.024530667219941899e-03,2.961907049963396002e-02,3.501356163205171583e-05,1.594708270064679894e-04,1.281620494673264832e-03,1.202935992013134313e-44
1.800039594344780780e+05,2.998829082177130109e-02,5.010646466578477316e+02,9.556815362137446304e-04,2.765388030702316952e-02,3.223576647306200662e-05,1.501330641287580974e-04,1.196360147932567499e-03,8.884669080655019396e-45
1.807409978947445343e+05,2.799422335129666747e-02,4.999138811972348435e+02,8.912634098207974096e-04,2.581515963046496914e-02,2.975355133496987041e-05,1.415168075341351336e-04,1.116529952141798784e-03,6.642662104385390425e-45
1.814780363550110196e+05,2.612917242631928108e-02,4.988300799508797354e+02,8.310109033221439474e-04,2.409526588575855097e-02,2.752957235248163935e-05,1.335535941604704851e-04,1.041812470725638406e-03,5.025133241510009553e-45
1.822150748152774759e+05,2.438525058623297950e-02,4.978100018061119272e+02,7.746724859186344438e-04,2.248695886638332406e-02,2.553172134691526822e-05,1.261821854941331210e-04,9.719053270899741508e-04,3.844655702622445698e-45
1.829521132755439612e+05,2.275499744155591239e-02,4.968504867800397165e+02,7.220099475626867540e-04,2.098338644820832780e-02,2.373233689944938729e-05,1.193477667333805835e-04,9.065209421520694288e-04,2.973518466032075368e-45
1.836891517358104174e+05,2.123136285009628518e-02,4.959484631069706211e+02,6.727978746912751827e-04,1.957806999080477159e-02,2.210754069705382494e-05,1.130012363856762491e-04,8.453862075175103911e-04,2.323732545848803034e-45
1.844261901960768737e+05,1.980769004941327141e-02,4.951009530561619272e+02,6.268231335070193356e-04,1.826488955444039927e-02,2.063667853003649946e-05,1.070985761768694774e-04,7.882421067589459552e-04,1.834020516929831939e-45
1.851632286563433590e+05,1.847769883704220018e-02,4.943050775566770199e+02,5.838843602970221524e-04,1.703806904003531131e-02,1.930184878629615167e-05,1.016002922351583708e-04,7.348432956884099528e-04,1.461259084883847337e-45
1.861945311094186036e+05,1.676276332526169949e-02,4.932728581807363071e+02,5.285388115339273527e-04,1.545609983278913198e-02,1.763324615836717348e-05,9.451882253541306377e-05,6.659726122448619313e-04,1.079380565867653906e-45
1.872258335624938481e+05,1.520460828748345164e-02,4.923290512751186725e+02,4.782811917700106755e-04,1.401869979065257545e-02,1.616470515474600930e-05,8.807458550586400470e-05,6.033880144002547012e-04,8.105109965665197940e-46
1.882571360155690927e+05,1.378936217572942873e-02,4.914668024337465795e+02,4.326644986918509197e-04,1.271309626737090158e-02,1.486634844812737497e-05,8.219370104224625769e-05,5.465413601763058783e-04,6.179849619191528111e-46
1.892884384686443373e+05,1.250429937857128367e-02,4.906796669271481051e+02,3.912779040830780832e-04,1.152756776688065171e-02,1.371338727402962335e-05,7.681229728629582318e-05,4.949280230472295457e-04,4.779137662619109396e-46
1.903197409217195818e+05,1.133775930444697912e-02,4.899616061177680990e+02,3.537443088095852911e-04,1.045137059278992107e-02,1.268517495433139709e-05,7.187504387321644642e-05,4.480841840199242592e-04,3.744672339555366846e-46
1.913510433747948555e+05,1.027906888794912453e-02,4.893069796801315761e+02,3.197179890171760602e-04,9.474668386437202008e-03,1.176444884377911764e-05,6.733390950322471391e-05,4.055841541477407533e-04,2.969846774409287176e-46
1.923823458278701000e+05,9.318468776860339836e-03,4.887105344503167998e+02,2.888823413290394853e-04,8.588464847328402402e-03,1.093672108821780445e-05,6.314710868485528845e-05,3.670377584298237890e-04,2.381757164107752421e-46
1.934136482809453446e+05,8.447043369504516827e-03,4.881673906511077803e+02,2.609477331657433200e-04,7.784539836493487366e-03,1.018978727101818276e-05,5.927820804484311646e-05,3.320878045294265390e-04,1.929814998896964199e-46
1.944449507340205892e+05,7.656654795211401653e-03,4.876730261553876744e+02,2.356494625279404473e-04,7.055388983183018617e-03,9.513328746423262283e-06,5.569536728832745904e-05,3.004076534656924583e-04,1.578426465154571919e-46
1.954762531870958337e+05,6.939880865223468226e-03,4.872232593653070012e+02,2.127458298327409853e-04,6.394166847641807178e-03,8.898589669138076032e-06,5.237069384770940545e-05,2.716989042320722071e-04,1.302215984242457809e-46
1.965075556401710783e+05,6.289956966711597250e-03,4.868142312018960638e+02,1.920163227732024115e-04,5.794633636547645746e-03,8.338113776400544777e-06,4.927969358777565335e-05,2.456892000265719646e-04,1.082865130074290701e-46
1.975388580932463228e+05,5.700721827957853927e-03,4.864423866214913801e+02,1.732599137310724562e-04,5.251105422049068272e-03,7.825529128846307538e-06,4.640080273372243963e-05,2.221301603151440700e-04,9.069920128447089346e-47
1.985701605463215674e+05,5.166567047297804943e-03,4.861044560031791093e+02,1.562934680411691923e-04,4.758407779068516384e-03,7.355371474301771991e-06,4.371498853966691471e-05,2.007954401741505514e-04,7.647100874453153030e-47
1.996014629993968410e+05,4.682390251094822702e-03,4.857974366863242608e+02,1.409502603871433629e-04,4.311832727529874704e-03,6.922938821237979342e-06,4.120540818851630880e-05,1.814789161680500072e-04,6.486364964865416888e-47
2.006327654524720856e+05,4.243551725825060565e-03,4.855185748795311724e+02,1.270785957953903509e-04,3.907098845320253373e-03,6.524171316556369214e-06,3.885711706991059364e-05,1.639929963229492301e-04,5.532016105565876595e-47
2.016640679055473302e+05,3.845834355285238527e-03,4.852653481120495940e+02,1.145405310712047645e-04,3.540314403058392786e-03,6.155551708406294317e-06,3.665681897227548314e-05,1.481670504749594641e-04,4.741628229727815675e-47
2.026953703586225747e+05,3.485406685049428997e-03,4.850354483554195895e+02,1.032106920687336972e-04,3.207943362145231764e-03,5.814022610268180170e-06,3.459265189101616062e-05,1.338459563341794938e-04,4.082584648095598767e-47
2.037266728116978193e+05,3.158788931722142628e-03,4.848267659065589328e+02,9.297518188241647317e-05,2.906774072233850835e-03,5.496917522674377644e-06,3.265400413378928129e-05,1.208887559494118042e-04,3.529589105142073364e-47
2.047579752647730638e+05,2.862821753473744103e-03,4.846373740929604423e+02,8.373057487010313960e-05,2.633890502388284462e-03,5.201903156276859628e-06,3.083135622611905423e-05,1.091674168329602722e-04,3.062858130610694299e-47
2.057892777178483084e+05,2.594637600100915039e-03,4.844655148355482766e+02,7.538299134613670892e-05,2.386645841111307512e-03,4.926931067487635531e-06,2.911614481193612792e-05,9.856569176404688575e-05,2.666795824783448879e-47
2.068205801709235529e+05,2.351634464818965018e-03,4.843095850843932908e+02,6.784724779685505944e-05,2.162638303510159427e-03,4.670196991236047304e-06,2.750064532523350131e-05,8.897807119548104362e-05,2.329013582807307391e-47
2.078518826239988266e+05,2.131451865639337907e-03,4.841681241262813842e+02,6.104607755378763567e-05,1.959688988623066886e-03,4.430106554418151369e-06,2.597787069886566357e-05,8.030882220919945136e-05,2.039598744493927621e-47
2.088831850770740712e+05,1.931948891070315146e-03,4.840398017504680297e+02,5.490941699612479681e-05,1.775821635915472967e-03,4.205246293906092418e-06,2.454148378941825974e-05,7.247110807539263399e-05,1.790564480865686396e-47
2.099144875301493157e+05,1.751184152629476796e-03,4.839234072492997143e+02,4.937375253044707859e-05,1.609244136811668674e-03,3.994359096696443292e-06,2.318572154553914696e-05,6.538618264512528852e-05,1.575432759375873961e-47
2.109457899832245603e+05,1.587397494966262795e-03,4.838178392232371721e+02,4.438152380124519702e-05,1.458331664557702698e-03,3.796323336421582195e-06,2.190532924148576728e-05,5.898265402940762301e-05,1.388915823282172682e-47
2.119770924362998048e+05,1.438993323013080866e-03,4.837220961547549791e+02,3.988057881094097379e-05,1.321611293474032498e-03,3.610135107531274673e-06,2.069550334662134563e-05,5.319581227395460844e-05,1.226671167501877061e-47
2.130083948893750494e+05,1.304525414313075990e-03,4.836352677122240493e+02,3.582367686538729903e-05,1.197747986557021931e-03,3.434893061864025760e-06,1.955184181238374001e-05,4.796701601641904973e-05,1.085111756409006862e-47
2.140396973424502939e+05,1.182683093355767255e-03,4.835565267428946186e+02,3.216803550389198233e-05,1.085531838275833987e-03,3.269785436749072866e-06,1.847030073694266394e-05,4.324313340234955700e-05,9.612580602082970123e-48
2.149904139930764795e+05,1.080519165149057461e-03,4.834904533974559513e+02,2.912001512010776766e-05,9.914541006179114751e-04,3.125922939851862195e-06,1.752508252395037304e-05,3.929404394723591949e-05,8.606130653492479410e-48
2.159411306437026360e+05,9.872280614249960996e-04,4.834300773291851669e+02,2.635246352231274757e-05,9.055604706466222845e-04,2.989526670523886384e-06,1.662678836365445495e-05,3.569881222188284599e-05,7.712501026630245953e-48
2.168918472943288216e+05,9.020371661170108364e-04,4.833749078401323800e+02,2.384022788479757551e-05,8.271377608847924881e-04,2.860118501764745423e-06,1.577290609555653028e-05,3.242615275009961488e-05,6.917627199934568365e-48
2.178425639449550072e+05,8.242410914639953113e-04,4.833244961559059334e+02,2.156036774205600788e-05,7.555348538601400167e-04,2.737259731778165534e-06,1.496109424179615122e-05,2.944751588822490816e-05,6.209444355841494612e-48
2.187932805955811637e+05,7.531958616303979044e-04,4.832784319164308044e+02,1.949196348550030625e-05,6.901573330849332779e-04,2.620546879361517531e-06,1.418916668608918589e-05,2.673685149451365792e-05,5.577563947540506726e-48
2.197439972462073492e+05,6.883135922568280746e-04,4.832363399472341143e+02,1.761594107743814813e-05,6.304625715478844690e-04,2.509607999977498446e-06,1.345507902556607696e-05,2.427039260596175501e-05,5.013008548597333581e-48
2.206947138968335057e+05,6.290576249985256217e-04,4.831978772911529632e+02,1.591491166584538562e-05,5.759552399951883925e-04,2.404099452111422219e-06,1.275691638849192914e-05,2.202645749688840110e-05,4.507993533357568355e-48
2.216454305474596913e+05,5.749380792529178033e-04,4.831627304813862906e+02,1.437302488106971781e-05,5.261832001661173510e-04,2.303703053686906053e-06,1.209288253793243880e-05,1.998526861411140831e-05,4.055746553605047052e-48
2.225961471980858478e+05,5.255077862214460561e-04,4.831306130378668513e+02,1.297583468755612506e-05,4.807337508549125405e-04,2.208123576938039918e-06,1.146129010487982028e-05,1.812878699715951845e-05,3.650357651186399034e-48
2.235468638487120334e+05,4.803585731999706807e-04,4.831012631699930466e+02,1.171017675001512279e-05,4.392301971991307034e-04,2.117086537465688760e-06,1.086055181468184347e-05,1.644056089867734939e-05,3.286654306391633881e-48
2.244975804993381898e+05,4.391178685529448884e-04,4.830744416698126997e+02,1.056405635426076679e-05,4.013287159508936264e-04,2.030336239444079175e-06,1.028917258824947214e-05,1.490558742009692149e-05,2.960096864709304480e-48
2.254482971499643754e+05,4.014456002069175357e-04,4.830499299807825082e+02,9.526545998384123901e-06,3.667154916784899025e-04,1.947634044266001415e-06,9.745742414833801913e-06,1.351018607094362554e-05,2.666690683124339315e-48
2.263990138005905319e+05,3.670313627072060427e-04,4.830275284282277539e+02,8.587691840188334391e-06,3.351041008790398446e-04,1.868756834464625857e-06,9.228929906467307778e-06,1.224188324704593158e-05,2.402912046717215887e-48
2.273497304512167175e+05,3.355918299266944719e-04,4.830070545985898320e+02,7.738428252109104502e-06,3.062331228665158374e-04,1.793495648638198193e-06,8.737476455750098944e-06,1.108930670368130177e-05,2.165645469054130727e-48
2.283004471018428740e+05,3.068683924067952258e-04,4.829883418554688319e+02,6.970499795423714473e-06,2.798639580415713006e-04,1.721654466443377453e-06,8.270190928738921208e-06,1.004208917461799849e-05,1.952130437938249300e-48
2.292511637524690595e+05,2.806250000568486272e-04,4.829712379813447001e+02,6.276389981653279804e-06,2.557788357587271609e-04,1.653049125584085225e-06,7.825944833488645902e-06,9.090780357395468735e-06,1.759916026279219134e-48
2.302018804030952451e+05,2.566461925487288284e-04,4.829556039346861667e+02,5.649256240942175853e-06,2.337789954907965907e-04,1.587506355181511238e-06,7.403667912461599510e-06,8.226766549346979684e-06,1.586822075258089462e-48
2.311525970537214016e+05,2.347353012270702189e-04,4.829413127129376448e+02,5.082870565109688143e-06,2.136830263581060939e-04,1.524862912024150113e-06,7.002344113715881011e-06,7.442197278114412290e-06,1.430905888430812400e-48
2.321033137043475872e+05,2.147128077209593041e-04,4.829282483126052625e+02,4.571565337263756245e-06,1.953253513490008824e-04,1.464964808013262611e-06,6.621007901629694857e-06,6.729918325051711381e-06,1.290433562488604942e-48
2.330540303549737437e+05,1.964148456984309964e-04,4.829163047783482057e+02,4.110183900584037358e-06,1.785548437158781534e-04,1.407666618676899516e-06,6.258740873029595579e-06,6.083410590262347855e-06,1.163855232097767243e-48
2.340047470055999293e+05,1.796918333585912524e-04,4.829053853336207567e+02,3.694035456368805759e-06,1.632335640948441460e-04,1.352830863964141213e-06,5.914668649052225066e-06,5.496734294361940910e-06,1.049783629677081262e-48
2.349554636562260857e+05,1.644072253151626726e-04,4.828954015860048798e+02,3.318853915914221622e-06,1.492356078739246481e-04,1.300327453672388117e-06,5.587958016967391955e-06,4.964478054684009470e-06,9.469754617234160962e-49
2.359061803068522713e+05,1.504363734968272917e-04,4.828862728009261218e+02,2.980760362485912633e-06,1.364460532311012771e-04,1.250033190834836952e-06,5.277814299581126422e-06,4.481712412824172728e-06,8.543151857935034272e-49
2.368568969574784278e+05,1.376654875805913302e-04,4.828779252379586637e+02,2.676228808746654666e-06,1.247600010854350914e-04,1.201831327217491067e-06,4.983478932787619552e-06,4.043947426404473721e-06,7.708008400035489011e-49
2.378076136081046134e+05,1.259906862907982572e-04,4.828702915443985262e+02,2.402054961729733961e-06,1.140816989579392776e-04,1.155611165767890371e-06,4.704227234386086196e-06,3.647093970975262861e-06,6.955316327206382432e-49
2.387583302587307699e+05,1.153171316442131025e-04,4.828633102012242944e+02,2.155327731971245927e-06,1.043237414290564935e-04,1.111267705430648607e-06,4.439366349465085480e-06,3.287428428289630911e-06,6.276970462288946375e-49
2.397090469093569554e+05,1.055582389062646389e-04,4.828569250169678639e+02,1.933403245916624546e-06,9.540634051161635460e-05,1.068701324218314662e-06,4.188233359518900402e-06,2.961560464994452990e-06,5.665672463566246005e-49
2.406597635599831119e+05,9.663495565013343269e-05,4.828510846653923068e+02,1.733881141359173437e-06,8.725665983666290799e-05,1.027817496804981226e-06,3.950193544019570883e-06,2.666403631286791105e-06,5.114846217935139234e-49
2.416104802106092975e+05,8.847510388363104966e-05,4.828457422632171756e+02,1.554582944605307188e-06,7.980820707889109541e-05,9.885265432132760981e-07,3.724638784453478109e-06,2.399148532467881844e-06,4.618563032787957601e-49
2.425611968612354831e+05,8.101277973309569324e-05,4.828408549844485265e+02,1.393532345432271189e-06,7.300027953263507521e-05,9.507434054004095924e-07,3.510986101865103349e-06,2.157238347762835488e-06,4.171475349451951966e-49
2.435119135118616396e+05,7.418780565287126606e-05,4.828363837081610654e+02,1.248937201845850459e-06,6.677745819212554522e-05,9.143874487284518067e-07,3.308676319750728629e-06,1.938346490420695869e-06,3.768757886290878528e-49
2.444626301624878251e+05,6.794523056707044183e-05,4.828322926968484694e+02,1.119173121274826008e-06,6.108914609450408607e-05,8.793822854422088041e-07,3.117172844736900188e-06,1.740356221112411864e-06,3.406055275296096895e-49
2.454133468131139816e+05,6.223487375069740551e-05,4.828285493027013899e+02,1.002768478269359611e-06,5.588914705402318726e-05,8.456556173847316283e-07,2.935960557881634133e-06,1.561342043138487481e-06,3.079435387274140877e-49
2.463640634637401672e+05,5.701090862297935821e-05,4.828251236993999100e+02,8.983907411035206886e-07,5.113528125386505049e-05,8.131390952706702651e-07,2.764544809677926398e-06,1.399552723062174587e-06,2.785347651768164173e-49
2.473147801143663237e+05,5.223148295987037391e-05,4.828219886372121437e+02,8.048339910081041592e-07,4.678903447078354986e-05,7.817681919233397044e-07,2.602450511942373084e-06,1.253395794212993770e-06,2.520585772031580506e-49
2.482654967649925093e+05,4.785837233781220870e-05,4.828191192193802976e+02,7.210075281613604664e-07,4.281523798975076607e-05,7.514820869745765741e-07,2.449221319770704827e-06,1.121423413154805103e-06,2.282254315529931406e-49
2.492162134156186657e+05,4.385666389943822707e-05,4.828164926979493998e+02,6.459254681155031983e-07,3.918177652324220176e-05,7.222235606405355935e-07,2.304418896662931875e-06,1.002319450777058028e-06,2.067738728878935628e-49
2.501669300662448513e+05,4.019446778628619647e-05,4.828140882873518080e+02,5.786972410999502165e-07,3.585932168482703383e-05,6.939388943283758175e-07,2.167622255802551599e-06,8.948877102282819366e-07,1.874678384728426553e-49
2.511176467168710078e+05,3.684265381575697759e-05,4.828118869942057927e+02,5.185189146758390040e-07,3.282108878118553808e-05,6.665777760093348951e-07,2.038427170344488221e-06,7.980411735417781396e-07,1.700942318448899463e-49
2.520683633674971934e+05,3.377461119152175598e-05,4.828098714619211478e+02,4.646652675693436522e-07,3.004261488239663136e-05,6.400932085150360012e-07,1.916445645463997730e-06,7.107921875767535943e-07,1.544607355837503066e-49
2.528312200745760056e+05,3.150151726543273231e-05,4.828083777626041524e+02,4.255827216784376569e-07,2.798584182367868132e-05,6.194461275269260519e-07,1.823531804386335278e-06,6.471147881622542233e-07,1.430569199891944620e-49
2.535940767816548178e+05,2.938386341851349093e-05,4.828069858732811781e+02,3.898428928463788898e-07,2.607125661197594289e-05,5.993140190253832002e-07,1.734837297204859343e-06,5.886125974609292028e-07,1.325797906468290216e-49
2.543569334887336299e+05,2.741088530399157758e-05,4.828056887667270871e+02,3.571633621274280300e-07,2.428896945547260683e-05,5.796770013782156034e-07,1.650183199176031057e-06,5.348922858373003512e-07,1.229542167383126131e-49
2.551197901958124421e+05,2.557257051785124212e-05,4.828044799049058042e+02,3.272846716288674950e-07,2.262978295265676874e-05,5.605164313330339423e-07,1.569396690584522635e-06,4.855897716480482972e-07,1.141110768938725439e-49
2.558826469028912543e+05,2.385960570946092025e-05,4.828033532046939058e+02,2.999685727539925853e-07,2.108514325650670627e-05,5.418148729421220276e-07,1.492310944199986368e-06,4.403680630581124224e-07,1.059867969248815717e-49
2.566455036099700665e+05,2.226332743421069281e-05,4.828023030060179508e+02,2.749963979086663140e-07,1.964709469742297526e-05,5.235560660438598236e-07,1.418765019148936478e-06,3.989152536862566311e-07,9.852292248198624907e-50
2.574083603170489077e+05,2.077567648271354565e-05,4.828013240422359900e+02,2.521675473462861368e-07,1.830823761969933971e-05,5.057248943548229187e-07,1.348603759930242999e-06,3.609426613828539879e-07,9.166572381819914608e-50
2.581712170241277199e+05,1.938915543997734689e-05,4.828004114126045465e+02,2.312980834411713080e-07,1.706168920366865158e-05,4.883073532815423594e-07,1.281677699401848991e-06,3.261831001841339996e-07,8.536583010029952523e-50
2.589340737312065321e+05,1.809678924543329457e-05,4.827995605566842414e+02,2.122194252411642652e-07,1.590104706174261435e-05,4.712905176058688528e-07,1.217842964670855610e-06,2.943892761727921258e-07,7.957789094649750907e-50
2.596969304382853443e+05,1.689208854093088069e-05,4.827987672305471278e+02,1.947771366616518869e-07,1.482035541149963228e-05,4.546625092321335269e-07,1.156961184927346188e-06,2.653322986101133640e-07,7.426026307693993129e-50
2.603489514860530908e+05,1.592733894475041167e-05,4.827981317797004976e+02,1.810590663776865729e-07,1.395585838560082228e-05,4.407503603920439669e-07,1.107165075538713387e-06,2.425060568411445917e-07,7.005909317173637184e-50
2.610009725338208373e+05,1.501868844560988257e-05,4.827975331595984017e+02,1.683515850449355489e-07,1.314247873021306318e-05,4.271080973658785780e-07,1.059349032007183212e-06,2.214010009788242445e-07,6.615148751090377109e-50
2.616529935815885547e+05,1.416282218853316549e-05,4.827969692009036180e+02,1.565793184844723568e-07,1.237717507415205158e-05,4.137300191250869163e-07,1.013435917807120821e-06,2.019018589644331610e-07,6.251697697423156195e-50
2.623050146293563303e+05,1.335662324424920915e-05,4.827964378633850515e+02,1.456724249286105169e-07,1.165708784529496103e-05,4.006109216945616080e-07,9.693513524129886106e-07,1.839006999180891583e-07,5.913655099822116522e-50
2.629570356771240477e+05,1.259716070905537218e-05,4.827959372281817991e+02,1.355662065442761516e-07,1.097952829390843236e-05,3.877460847209472726e-07,9.270236689929937342e-07,1.672964548887223708e-07,5.599255740166757314e-50
2.636090567248917650e+05,1.188167852622722625e-05,4.827954654905348661e+02,1.262007459608843209e-07,1.034196818277670743e-05,3.751312583937106105e-07,8.863838714321497907e-07,1.519944676637753088e-07,5.306860852861589898e-50
2.642610777726595406e+05,1.120758498500341197e-05,4.827950209529577705e+02,1.175205663858135131e-07,9.742030103546582421e-06,3.627626506917653277e-07,8.473655905134706718e-07,1.379060738657795244e-07,5.034949330087244429e-50
2.649130988204272580e+05,1.057244285586151458e-05,4.827946020188192620e+02,1.094743139656196794e-07,9.177478381242088837e-06,3.506369148872633569e-07,8.099050390788747893e-07,1.249482066876677425e-07,4.782109479771998690e-50
2.655651198681950336e+05,9.973960123289052541e-06,4.827942071863136562e+02,1.020144611211241969e-07,8.646210531266163682e-06,3.387511371884211897e-07,7.739409659728493819e-07,1.130430277404936003e-07,4.547031300387557289e-50
2.661001840514522628e+05,9.508698182501460109e-06,4.827939001868817854e+02,9.629978674585720429e-08,8.233710639536098789e-06,3.291748719721862108e-07,7.455045365864703018e-07,1.040083476608463460e-07,4.366532313647370379e-50
2.666352482347095502e+05,9.065543349988190437e-06,4.827936077269553721e+02,9.092769470131207947e-08,7.841257953278239355e-06,3.197573417332043075e-07,7.180050101479210820e-07,9.559535012751203790e-08,4.196546913201029421e-50
2.671703124179668375e+05,8.643424650833462171e-06,4.827933291044090538e+02,8.587695002808511039e-08,7.467869936637960123e-06,3.104975545051399058e-07,6.914122295124009954e-07,8.776798014987491205e-08,4.036485099182975024e-50
2.677053766012241249e+05,8.241323688128178676e-06,4.827930636514777234e+02,8.112763468292586516e-08,7.112612224585098777e-06,3.013946932537297828e-07,6.656971051869731187e-07,8.049203041940113099e-08,3.885791970344462948e-50
2.682404407844813541e+05,7.858272047494625455e-06,4.827928107330659486e+02,7.666106735240937347e-08,6.774596234390704116e-06,2.924481103420863007e-07,6.408315948827435521e-07,7.373504052664490979e-08,3.743945578573622302e-50
2.687755049677386414e+05,7.493348830939106486e-06,4.827925697451415203e+02,7.245972787838592870e-08,6.452976897457757182e-06,2.836573215020584076e-07,6.167886821751333688e-07,6.746620192574396493e-08,3.610454892867625338e-50
2.693105691509959288e+05,7.145678313501103461e-06,4.827923401132084678e+02,6.850718606788767142e-08,6.146950505652235805e-06,2.750219991800246592e-07,5.935423541593062731e-07,6.165626844163015317e-08,3.484857867160044769e-50
2.698456333342532162e+05,6.814427716490599459e-06,4.827921212908560165e+02,6.478803467020247313e-08,5.855752666590913839e-06,2.665419651153247906e-07,5.710675779817567564e-07,5.627747213239876032e-08,3.366719606897346970e-50
2.702267642956148484e+05,6.588050397640614438e-06,4.827919717263715143e+02,6.227318040311804981e-08,5.656970725030828407e-06,2.605962377662926541e-07,5.555158111652030681e-07,5.269444327517057837e-08,3.286890645535107455e-50
2.706078952569764806e+05,6.369327528675907793e-06,4.827918272023609916e+02,5.986445526314445210e-08,5.465091254907735801e-06,2.547293071934765454e-07,5.403348682322033871e-07,4.930764307934717045e-08,3.210497313047942794e-50
2.709890262183381128e+05,6.157994624626857888e-06,4.827916875452158365e+02,5.755714040604996153e-08,5.279871397868486970e-06,2.489412330632979552e-07,5.255165702188754926e-07,4.610828307014729084e-08,3.137404867033099475e-50
2.713701571796997450e+05,5.953796498600175642e-06,4.827915525874116724e+02,5.534672858435735492e-08,5.101076806967093193e-06,2.432321049469514920e-07,5.110529671902140892e-07,4.308789091155951329e-08,3.067484114147547606e-50
2.717512881410613772e+05,5.756486933462025765e-06,4.827914221672939448e+02,5.322891471873162143e-08,4.928481347022352042e-06,2.376020400588467126e-07,4.969363328122745635e-07,4.023829884982238070e-08,3.000611143017976466e-50
2.721324191024230095e+05,5.565828365171313699e-06,4.827912961288716929e+02,5.119958688515633412e-08,4.761866806025324767e-06,2.320511808031891014e-07,4.831591587055936482e-07,3.755163275204984844e-08,2.936667067644730348e-50
2.725135500637846417e+05,5.381591577284643416e-06,4.827911743216180867e+02,4.925481770150457184e-08,4.601022617167764893e-06,2.265796921191086637e-07,4.697141485712078919e-07,3.502030172505689934e-08,2.875537781085360690e-50
2.728946810251462739e+05,5.203555406438399532e-06,4.827910566002781252e+02,4.739085610037908639e-08,4.445745591307723208e-06,2.211877586251800405e-07,4.565942121026722188e-07,3.263698830244612950e-08,2.817113719328327756e-50
2.733618435228064191e+05,4.993477363478738648e-06,4.827909176743391413e+02,4.521113382407531006e-08,4.262725331758255800e-06,2.146875352073528487e-07,4.409460838777181649e-07,2.990727881133958138e-08,2.749037854125406275e-50
2.739361236184414010e+05,4.747000176154548189e-06,4.827907546517532751e+02,4.268138877650690099e-08,4.048286747274165243e-06,2.068616275380330649e-07,4.223468743154063857e-07,2.682353825044471386e-08,2.670432563199474677e-50
2.746333766112300800e+05,4.464290585386295959e-06,4.827905676287552978e+02,3.981722540834960165e-08,3.802735886911547611e-06,1.976052495729188497e-07,4.006794377638578930e-07,2.345278572962263921e-08,2.582085100603936148e-50
2.754966513435222441e+05,4.137825489078699561e-06,4.827903516089839400e+02,3.656062961675534402e-08,3.519760997671177926e-06,1.865196248205768703e-07,3.751895274406175309e-07,1.979470952957258167e-08,2.482704333315436804e-50
2.766131746537668514e+05,3.751228522058836701e-06,4.827900957240573234e+02,3.277635212499281541e-08,3.185528502211854464e-06,1.728007856190419073e-07,3.443125155690667061e-07,1.581036653388435198e-08,2.369118343801936709e-50
2.773422416056244983e+05,3.518765575117000494e-06,4.827899418158342542e+02,3.053926667483469449e-08,2.985034126831648421e-06,1.642213936146764257e-07,3.253631703557851858e-07,1.360761764005856277e-08,2.303216479370774207e-50
2.780713085574822035e+05,3.300896075838558674e-06,4.827897975378139677e+02,2.846920916807417235e-08,2.797473355657959010e-06,1.559422917197516930e-07,3.073293260388883712e-07,1.168189325388806308e-08,2.243269110884567256e-50
2.788003755093398504e+05,3.096684700418971204e-06,4.827896622747290394e+02,2.655249425536685173e-08,2.621988321064190207e-06,1.479638730253190356e-07,2.901764210727181581e-07,1.000359100137835431e-08,2.188820826947802377e-50
2.795294424611974973e+05,2.905257683217539100e-06,4.827895354516846282e+02,2.477660532978086682e-08,2.457778490677149588e-06,1.402859625669765488e-07,2.738711434907668335e-07,8.545481152866513451e-09,2.139444432333610511e-50
2.802585094130551443e+05,2.725798697692096699e-06,4.827894165314650081e+02,2.313009849180687459e-08,2.304097003829027065e-06,1.329077275382586838e-07,2.583812623749052397e-07,7.282605458098640557e-09,2.094738916397230340e-50
2.809875763649128494e+05,2.557545006941270939e-06,4.827893050120160865e+02,2.160251415566906058e-08,2.160247234145635996e-06,1.258276034565589073e-07,2.436754771478333747e-07,6.192178035574821919e-09,2.054327767375584938e-50
2.817166433167704963e+05,2.399783866869114257e-06,4.827892004240922006e+02,2.018429551060273212e-08,2.025579557844757808e-06,1.190432395686916700e-07,2.297232881661098422e-07,5.253485778952353876e-09,2.017857586678338274e-50
2.824457102686281432e+05,2.251849166331227181e-06,4.827891023290574140e+02,1.886671315183710181e-08,1.899488309979273456e-06,1.125514657941576492e-07,2.164948910597113319e-07,4.447786346247426575e-09,1.984996952107868607e-50
2.831747772204857902e+05,2.113118289803511017e-06,4.827890103168322185e+02,1.764179529884904370e-08,1.781408913646959572e-06,1.063482823211601232e-07,2.039610960374332843e-07,3.758202499109003726e-09,1.955435476428366126e-50
2.837221830745578627e+05,2.014652214146214869e-06,4.827889449973430942e+02,1.677858546827997216e-08,1.697698870599222016e-06,1.018775552699653826e-07,1.949896162324948584e-07,3.307586576252304603e-09,1.935232699957334472e-50
2.842695889286298770e+05,1.920813632579179741e-06,4.827888827373303684e+02,1.596065475754056001e-08,1.617998763091321662e-06,9.756448840343154505e-08,1.863816416464996199e-07,2.908084680386013257e-09,1.916610293744292051e-50
2.848169947827019496e+05,1.831381723455556588e-06,4.827888233912719329e+02,1.518534703735647380e-08,1.542110047931091168e-06,9.340651201321043224e-08,1.781254128948881391e-07,2.554403579009938852e-09,1.899458758458224702e-50
2.853644006367739639e+05,1.746146491141108362e-06,4.827887668207584397e+02,1.445018122995028948e-08,1.469844426131098995e-06,8.940083357617532647e-08,1.702093344884354672e-07,2.241715715448551124e-09,1.883674489817449536e-50
2.859118064908459783e+05,1.664908214737122247e-06,4.827887128941320043e+02,1.375283939797345801e-08,1.401023311473356291e-06,8.554445516473542544e-08,1.626219779511922260e-07,1.965630749864670559e-09,1.869159624778051071e-50
2.864592123449180508e+05,1.587476925467721522e-06,4.827886614861436101e+02,1.309115552735291683e-08,1.335477322682110409e-06,8.183419282672899684e-08,1.553520873181786341e-07,1.722167113350301520e-09,1.855821884152644321e-50
2.870066181989900651e+05,1.513671911343765223e-06,4.827886124776287033e+02,1.246310497954567887e-08,1.273045798670282620e-06,7.826669741076203152e-08,1.483885864793713084e-07,1.507723803803545007e-09,1.843574409425158450e-50
2.875540240530621377e+05,1.443321247829860526e-06,4.827885657551993859e+02,1.186679459061851158e-08,1.213576336411623114e-06,7.483847632589108684e-08,1.417205878525335921e-07,1.319052649194220749e-09,1.832335592395347246e-50
2.878869745664261864e+05,1.402151223382683856e-06,4.827885384090587877e+02,1.151886464446094168e-08,1.178791947504080905e-06,7.281990329950125991e-08,1.378048618990904614e-07,1.215646035550474070e-09,1.825960343315634828e-50
2.882199250797902350e+05,1.362163097372330829e-06,4.827885118453033897e+02,1.118164187288355588e-08,1.145018553803685306e-06,7.085068764677209059e-08,1.339921296983761680e-07,1.120084350614068554e-09,1.819913504889733594e-50
2.885528755931542255e+05,1.323322559477303157e-06,4.827884860412961530e+02,1.085476346126332313e-08,1.112225953738685295e-06,6.892998578791536234e-08,1.302800524935936825e-07,1.031803995845412093e-09,1.814179399185267461e-50
2.888858261065182742e+05,1.285596317195985323e-06,4.827884609750694267e+02,1.053788078581143532e-08,1.080384892372610959e-06,6.705694422195559851e-08,1.266663216247109694e-07,9.502781908961585341e-10,1.808742984871569061e-50
2.892187766198823228e+05,1.248952064441270489e-06,4.827884366253044277e+02,1.023065878685908406e-08,1.049467030071085453e-06,6.523070128381473165e-08,1.231486593208222192e-07,8.750149786888007690e-10,1.803589840631841113e-50
2.895517271332463715e+05,1.213358451143892104e-06,4.827884129713111747e+02,9.932775369063218322e-09,1.019444912168256113e-06,6.345038885174282796e-08,1.197248194602560250e-07,8.055552945739138764e-10,1.798706148318634316e-50
2.898846776466104202e+05,1.178785053848584643e-06,4.827883899930092753e+02,9.643920827903619205e-09,9.902919396271685537e-07,6.171513399867579975e-08,1.163925882926129742e-07,7.414711022246102996e-10,1.794078675903597356e-50
2.900511529032924445e+05,1.161871675238509339e-06,4.827883787511295850e+02,9.502785856261960248e-09,9.760332976409797232e-07,6.086412945376787122e-08,1.147601431923125234e-07,7.113190951874895655e-10,1.791857043184737062e-50
2.902176281599744689e+05,1.145202347310818530e-06,4.827883676709093947e+02,9.363797301996680238e-09,9.619823407068159141e-07,6.002406058336214025e-08,1.131497851202649457e-07,6.823635983786462995e-10,1.789694760271349818e-50
2.903841034166564932e+05,1.128773515232881817e-06,4.827883567500019240e+02,9.226919696996210784e-09,9.481359721170493836e-07,5.919481761683523950e-08,1.115612467559800631e-07,6.545590460212222407e-10,1.787590330323776859e-50
2.905505786733385175e+05,1.112581676916986188e-06,4.827883459860950666e+02,9.092118249211056732e-09,9.344911434912423321e-07,5.837629076885343995e-08,1.099942629200208462e-07,6.278614876584913206e-10,1.785542289889978464e-50
2.907170539300205419e+05,1.096623382210651715e-06,4.827883353769108226e+02,8.959358827603503005e-09,9.210448539710810507e-07,5.756837028304358523e-08,1.084485705907691732e-07,6.022285381542439748e-10,1.783549208362351398e-50
2.908835291867025662e+05,1.080895232087400843e-06,4.827883249202050138e+02,8.828607947344534283e-09,9.077941494184077734e-07,5.677094647382963042e-08,1.069239089190233848e-07,5.776193287957464482e-10,1.781609687432537334e-50
2.910871707693752251e+05,1.061963766890400204e-06,4.827883123331068873e+02,8.671349636707096856e-09,8.918468792282170298e-07,5.580960766474526830e-08,1.050870797164629660e-07,5.488506442667581546e-10,1.779307997889918430e-50
2.912908123520478257e+05,1.043365642313382840e-06,4.827882999668823913e+02,8.516988807627160288e-09,8.761826925243124142e-07,5.486361137402009595e-08,1.032808638765621862e-07,5.214857308618480921e-10,1.777081972936692647e-50
2.913807046302058152e+05,1.035260496416464626e-06,4.827882945773882852e+02,8.449757095939954253e-09,8.693568726250738192e-07,5.445085524065755749e-08,1.024931758985361135e-07,5.098355562581024401e-10,1.776122808116050596e-50
2.914705969083637465e+05,1.027218646223708569e-06,4.827882892298380284e+02,8.383073878581263240e-09,8.625847762782947386e-07,5.404103258398992696e-08,1.017113230099680396e-07,4.984404728750780932e-10,1.775177724695921528e-50
2.915604891865216778e+05,1.019239593234239834e-06,4.827882839239023838e+02,8.316934337762935570e-09,8.558659717415024322e-07,5.363412627336417672e-08,1.009352657990366644e-07,4.872950825742539630e-10,1.774246525554081663e-50
2.916503814646796091e+05,1.011322842946072081e-06,4.827882786592547291e+02,8.251333704301834896e-09,8.492000308989653416e-07,5.323011920262328665e-08,1.001649650452994173e-07,4.763940948819727918e-10,1.773329016061532095e-50
2.917402737428375403e+05,1.003467904786948710e-06,4.827882734355710568e+02,8.186267256738876310e-09,8.425865291987161910e-07,5.282899428984990421e-08,9.940038171662656948e-08,4.657323250172417737e-10,1.772425004053601404e-50
2.917492629706537700e+05,1.002685791870629133e-06,4.827882729154433150e+02,8.179789811866342925e-09,8.419280469444004714e-07,5.278903966052545042e-08,9.932423634532852225e-08,4.646791085085363398e-10,1.772335337889423777e-50
2.917582521984699997e+05,1.001904291721790543e-06,4.827882723957216626e+02,8.173317657428385615e-09,8.412700844498945640e-07,5.274911366519007880e-08,9.924814772101655385e-08,4.636282282606232763e-10,1.772245804612622621e-50
2.917672414262862294e+05,1.001123403856346197e-06,4.827882718764058154e+02,8.166850788781435761e-09,8.406126412965186593e-07,5.270921628680856050e-08,9.917211580497870425e-08,4.625796792593486735e-10,1.772156404034791391e-50
2.917762306541024591e+05,1.000343127790600896e-06,4.827882713574954323e+02,8.160389201287258404e-09,8.399557170659465838e-07,5.266934750834838644e-08,9.909614055851831295e-08,4.615334565006237037e-10,1.772067135968338975e-50
2.917771295768839191e+05,1.000265133814399967e-06,4.827882713056266653e+02,8.159743332822828635e-09,8.398900531675494886e-07,5.266536220284211491e-08,9.908854614921017636e-08,4.614289619757391400e-10,1.772058216442645751e-50
2.917780284996653791e+05,1.000187145950879429e-06,4.827882712537619909e+02,8.159097517118878430e-09,8.398243944537819831e-07,5.266137718314826495e-08,9.908095230617198031e-08,4.613244906583463903e-10,1.772049298239890456e-50
2.917789274224468973e+05,1.000109164199556262e-06,4.827882712019013525e+02,8.158451754170836789e-09,8.397587409242270093e-07,5.265739244924885034e-08,9.907335902936634949e-08,4.612200425434529026e-10,1.772040381360068341e-50
2.917798263452283572e+05,1.000031188559949563e-06,4.827882711500447499e+02,8.157806043974021870e-09,8.396930925784694152e-07,5.265340800112777085e-08,9.906576631875214984e-08,4.611156176260866495e-10,1.772031465802855846e-50
2.917799162375064916e+05,1.000023391332114415e-06,4.827882711448593227e+02,8.157741475855623271e-09,8.396865280289859193e-07,5.265300957203284959e-08,9.906500707883019947e-08,4.611051764100170202e-10,1.772030574319946895e-50
2.917800061297846842e+05,1.000015594165391000e-06,4.827882711396739523e+02,8.157676908264578783e-09,8.396799635313354400e-07,5.265261114579529471e-08,9.906424784456900999e-08,4.610947354258667593e-10,1.772029682850168652e-50
2.917800960220628185e+05,1.000007797059778895e-06,4.827882711344885820e+02,8.157612341200913221e-09,8.396733990855174479e-07,5.265221272241567532e-08,9.906348861597072545e-08,4.610842946736466719e-10,1.772028791393626281e-50
2.917801409682026133e+05,1.000003898522250564e-06,4.827882711318958968e+02,8.157580057803795901e-09,8.396701168756160721e-07,5.265201351140650623e-08,9.906310900305084399e-08,4.610790743742563633e-10,1.772028345669468576e-50
