# z(m),p_tot(bar),T(K),p_H2O(bar),p_CO2(bar),p_CO(bar),p_H2(bar),p_CH4(bar),p_O2(bar)
2.284789701223471784e+05,1.000003900620425925e-06,3.250866290738425164e+02,2.870518663434605430e-07,6.992910365892912072e-07,6.557261056790276243e-13,7.085557147643579989e-09,6.574784813925042357e-09,1.406073445148714757e-70
2.284789381766034639e+05,1.000007801256129617e-06,3.250866290755535033e+02,2.870529943156549550e-07,6.992937655435453397e-07,6.557274574701560468e-13,7.085571945730325049e-09,6.574813723741299024e-09,1.406078623688664493e-70
2.284788742851160641e+05,1.000015602558092444e-06,3.250866290789755340e+02,2.870552502689368837e-07,6.992992234734395985e-07,6.557301610550332732e-13,7.085601541933176772e-09,6.574871543622123707e-09,1.406088980807919455e-70
2.284788103936286643e+05,1.000023403921166581e-06,3.250866290823976215e+02,2.870575062399638880e-07,6.993046814460999156e-07,6.557328646505505545e-13,7.085631138252283767e-09,6.574929363985581808e-09,1.406099338006449700e-70
2.284787465021412645e+05,1.000031205345352451e-06,3.250866290858197090e+02,2.870597622287383501e-07,6.993101394615265026e-07,6.557355682566380166e-13,7.085660734687868545e-09,6.574987184831229130e-09,1.406109695284371208e-70
2.284781075872616202e+05,1.000109222948465735e-06,3.250866291200422324e+02,2.870823230925791756e-07,6.993647219680240431e-07,6.557626049002244224e-13,7.085956705443516777e-09,6.575565419814231507e-09,1.406213272428572923e-70
2.284774686723819468e+05,1.000187246663291675e-06,3.250866291542674276e+02,2.871048857312418580e-07,6.994193087515400178e-07,6.557896426032596572e-13,7.086252687835832679e-09,6.576143703030788048e-09,1.406316857509415179e-70
2.284768297575023025e+05,1.000265276490309057e-06,3.250866291884952943e+02,2.871274501448662106e-07,6.994738998124110163e-07,6.558166813657813843e-13,7.086548681865341510e-09,6.576722034484611139e-09,1.406420450527535790e-70
2.284761908426226291e+05,1.000343312429998360e-06,3.250866292227258327e+02,2.871500163335927880e-07,6.995284951509724637e-07,6.558437211878460485e-13,7.086844687532221941e-09,6.577300414179715087e-09,1.406524051483531069e-70
2.284698016938302608e+05,1.001124008129574112e-06,3.250866295651786118e+02,2.873757758822013810e-07,7.000746838835693316e-07,6.561141776922641853e-13,7.089805384368210576e-09,6.583086865258004514e-09,1.407560497763253575e-70
2.284634125450378924e+05,1.001905315625103117e-06,3.250866299078990664e+02,2.876017130948288072e-07,7.006213007553078425e-07,6.563847401966005014e-13,7.092767245466264065e-09,6.588878144760179254e-09,1.408597738510675384e-70
2.284570233962455241e+05,1.002687235397653715e-06,3.250866302508874242e+02,2.878278281114708723e-07,7.011683461028889930e-07,6.566554087429622461e-13,7.095730271286845731e-09,6.594674256598497550e-09,1.409635774343077606e-70
2.284506342474531557e+05,1.003469767928678797e-06,3.250866305941439123e+02,2.880541210722332313e-07,7.017158202632821828e-07,6.569261833734765608e-13,7.098694462290820907e-09,6.600475204688453570e-09,1.410674605878315949e-70
2.283867427595322952e+05,1.011328901152869834e-06,3.250866340415018954e+02,2.903268685110322360e-07,7.072142208999612830e-07,6.596397735853216030e-13,7.128400558987575107e-09,6.658751543114994084e-09,1.421106821188796189e-70
2.283228512716114346e+05,1.019249842637274218e-06,3.250866375159042718e+02,2.926175652992947943e-07,7.127558754546307498e-07,6.623640186581305609e-13,7.158223682379811830e-09,6.717515836949770518e-09,1.431619290088504327e-70
2.282589597836905741e+05,1.027233080161897242e-06,3.250866410175639771e+02,2.949263533868964997e-07,7.183411253256607327e-07,6.650989609923252718e-13,7.188164296515805914e-09,6.776772053863150379e-09,1.442212638574131142e-70
2.281950682957697136e+05,1.035279105339277749e-06,3.250866445466955383e+02,2.972533758402538303e-07,7.239703145940101946e-07,6.678446431472973080e-13,7.218222867186897790e-09,6.836524193183552793e-09,1.452887497539470267e-70
2.281311768078488531e+05,1.043388413680386879e-06,3.250866481035152447e+02,2.995987768614530112e-07,7.296437900693440442e-07,6.706011078543305533e-13,7.248399862068349104e-09,6.896776286413943388e-09,1.463644502861881872e-70
2.279839706832646916e+05,1.062315880961770107e-06,3.250866564050157876e+02,3.050733343161809238e-07,7.428859661952290587e-07,6.769932837035902638e-13,7.318381037972484152e-09,7.037522419103677364e-09,1.488744841406085137e-70
2.278367645586805302e+05,1.081588129591286782e-06,3.250866648573580733e+02,3.106480278165097796e-07,7.563694246732732612e-07,6.834434541503659364e-13,7.388999136621712402e-09,7.180994521428212018e-09,1.514292600613507630e-70
2.277163804931558843e+05,1.097609498290513903e-06,3.250866718836577434e+02,3.152826797700840061e-07,7.675785152805995242e-07,6.887618339098423074e-13,7.447227577204478301e-09,7.300386900791892364e-09,1.535523569957328743e-70
2.275959964276312385e+05,1.113869168212989406e-06,3.250866790142056857e+02,3.199865469855522283e-07,7.789543728151498340e-07,6.941196499126169054e-13,7.505889099949324167e-09,7.421665192688200042e-09,1.557063668326478491e-70
2.274756123621065926e+05,1.130370695947978426e-06,3.250866862505539530e+02,3.247606645650262754e-07,7.904994865563001438e-07,6.995171983273589430e-13,7.564986946459498452e-09,7.544858362994644530e-09,1.578917458582298287e-70
2.273552282965819468e+05,1.147117691313048243e-06,3.250866935942776763e+02,3.296060831176692117e-07,8.022163830406735176e-07,7.049547775448553545e-13,7.624524382692006077e-09,7.669995817236106859e-09,1.601089571624098096e-70
2.272348442310573009e+05,1.164113818163777783e-06,3.250867010469755769e+02,3.345238689956893563e-07,8.141076266289082981e-07,7.104326881985904482e-13,7.684504699180078657e-09,7.797107407311971976e-09,1.623584707424363085e-70
2.271144601655326551e+05,1.181362795202815752e-06,3.250867086102701933e+02,3.395151045301619847e-07,8.261758200719806296e-07,7.159512331809574141e-13,7.744931211213394824e-09,7.926223438226399423e-09,1.646407636063589000e-70
2.268736920344833634e+05,1.216634453851117832e-06,3.250867240752615430e+02,3.497223352326506592e-07,8.508536629496579983e-07,7.271114491018265989e-13,7.867136208001737256e-09,8.190592349357820262e-09,1.693056309065026312e-70
2.266329239034340717e+05,1.252963545401275625e-06,3.250867400027235021e+02,3.602367626563142233e-07,8.762715235940019878e-07,7.384378942788741893e-13,7.991166397590590289e-09,8.463354315474598629e-09,1.741075193826380561e-70
2.263921557723848091e+05,1.290381879574700398e-06,3.250867564065333113e+02,3.710676456414348441e-07,9.024516659868364126e-07,7.499330749513625215e-13,8.117049212855306502e-09,8.744768800498231372e-09,1.790505084382408977e-70
2.261513876413355174e+05,1.328922225813338971e-06,3.250867733009858398e+02,3.822245226405611849e-07,9.294170258705516392e-07,7.615995351840672958e-13,8.244812501089607134e-09,9.035103201601263821e-09,1.841388001611825662e-70
2.259106195102862257e+05,1.368618342318023341e-06,3.250867907008061479e+02,3.937172201827724335e-07,9.571912310742426253e-07,7.734398574472127732e-13,8.374484530322798478e-09,9.334633090828897391e-09,1.893767230398782263e-70
2.256698513792369340e+05,1.409505005972222788e-06,3.250868086211625609e+02,4.055558615960864738e-07,9.857986224596210715e-07,7.854566632063644413e-13,8.506093995749964595e-09,9.643642464102643167e-09,1.947687357937305905e-70
2.254290832481876423e+05,1.451618043162058915e-06,3.250868270776800273e+02,4.177508759912013856e-07,1.015264275494300631e-06,7.976526135184998874e-13,8.639670026222603773e-09,9.962423997720236927e-09,2.003194313189031949e-70
2.250310839259920176e+05,1.524020785460349119e-06,3.250868588059153694e+02,4.387200016847773845e-07,1.065923477361220977e-06,8.182130626344503276e-13,8.864867943965704592e-09,1.051162025732185931e-08,2.098556050868471874e-70
2.246330846037963638e+05,1.600049387366590179e-06,3.250868921190397600e+02,4.607429133901452951e-07,1.119120212511020330e-06,8.392828762820218848e-13,9.095656811215145336e-09,1.108976537133388882e-08,2.198606027013700801e-70
2.242350852816007391e+05,1.679886041951345136e-06,3.250869270964896032e+02,4.838726532235899567e-07,1.174982001669616400e-06,8.608748143220643167e-13,9.332176305121993742e-09,1.169834987820259869e-08,2.303577742966260542e-70
2.238370859594051144e+05,1.763722124273615725e-06,3.250869638216944395e+02,5.081649387461954066e-07,1.233642792581349566e-06,8.830019570999530121e-13,9.574569611509463660e-09,1.233894033260464039e-08,2.413716442795459740e-70
2.234390866372094606e+05,1.851758655380436852e-06,3.250870023822783992e+02,5.336782982210328424e-07,1.295243284798681763e-06,9.056777136110286963e-13,9.822983513688819438e-09,1.301318316932003250e-08,2.529279708309298786e-70
2.230410873150138359e+05,1.944206789845456105e-06,3.250870428702715458e+02,5.604742127334168394e-07,1.359931270948891230e-06,9.289158298873787336e-13,1.007756848365395727e-08,1.372280876366461272e-08,2.650538084539340081e-70
2.226430879928182112e+05,2.041288327996862437e-06,3.250870853823320203e+02,5.886172655097325867e-07,1.427861995283021461e-06,9.527303975999854846e-13,1.033847877557753552e-08,1.446963569813382053e-08,2.777775737219812605e-70
2.222450886706225574e+05,2.143236254105348542e-06,3.250871300199794405e+02,6.181752988053413873e-07,1.499198530396548155e-06,9.771358628867277867e-13,1.060587252172257008e-08,1.525557524587425689e-08,2.911291143942524048e-70
2.217247055089840724e+05,2.284282580842270299e-06,3.250871917681112677e+02,6.590758711337057392e-07,1.597894614618036457e-06,1.009962011557723769e-12,1.096553978019147040e-08,1.634554534832549469e-08,3.095855789603064457e-70
2.212043223473455582e+05,2.434646989170226136e-06,3.250872575851404349e+02,7.026862647032785401e-07,1.703112158766583559e-06,1.043857753020441798e-12,1.133694127990586090e-08,1.751058056270406970e-08,3.292431989126692304e-70
2.206839391857070441e+05,2.594947084890688644e-06,3.250873277400660299e+02,7.491863409283697742e-07,1.815283446844854266e-06,1.078858281886302756e-12,1.172046224254422675e-08,1.875575601663691588e-08,3.501810883916766673e-70
2.201635560240685591e+05,2.765841528627604543e-06,3.250874025197226729e+02,7.987679256772709104e-07,1.934869499857860036e-06,1.114999956964848001e-12,1.211650061525578289e-08,2.008648747726113605e-08,3.724836208755111771e-70
2.196431728624300449e+05,2.948032772377538531e-06,3.250874822299664402e+02,8.516356070483316145e-07,2.062361991348897763e-06,1.152320340470002566e-12,1.252546749543031163e-08,2.150855416453975420e-08,3.962407818791111632e-70
2.191227897007915599e+05,3.142269978948433921e-06,3.250875671969395171e+02,9.080075864718384532e-07,2.198285290955636534e-06,1.190858238594167927e-12,1.294778756995588495e-08,2.302812309276522426e-08,4.215485455911869378e-70
2.186024065391530457e+05,3.349352136535826773e-06,3.250876577684194331e+02,9.681165867094503582e-07,2.343198644560438525e-06,1.230653743501243760e-12,1.338389956947913349e-08,2.465177504271395154e-08,4.485092771057969577e-70
2.180820233775145316e+05,3.570131381511572471e-06,3.250877543152580529e+02,1.032210820563872281e-06,2.497698500187384748e-06,1.271748276792282406e-12,1.383425673819637415e-08,2.638653227384181746e-08,4.772321620223639235e-70
2.175616402158760466e+05,3.805516543379707300e-06,3.250878572329165763e+02,1.100555024367931635e-06,2.662420989414140165e-06,1.314184634501229973e-12,1.429932731974452458e-08,2.823988809325484419e-08,5.078336653173122430e-70
2.169012271935489553e+05,4.126799226975522313e-06,3.250879976822187700e+02,1.193854228063251654e-06,2.887256811785538362e-06,1.370041730335124991e-12,1.491148933259302953e-08,3.077532775240865106e-08,5.495704230162544622e-70
2.162408141712218930e+05,4.475304655611346669e-06,3.250881500012444008e+02,1.295075834209205388e-06,3.131145936752316616e-06,1.428225091615050332e-12,1.554915512739222225e-08,3.353230129733906306e-08,5.948069722387504133e-70
2.155804011488948308e+05,4.853346719348302848e-06,3.250883151962871125e+02,1.404893943714108952e-06,3.395707974695482944e-06,1.488832496907099046e-12,1.621339413791438839e-08,3.652991796829922669e-08,6.438400334452312512e-70
2.149199881265677395e+05,5.263436550583654087e-06,3.250884943591950673e+02,1.524040149377009486e-06,3.682700600628292586e-06,1.551965874529096681e-12,1.690532099930553680e-08,3.978892761317077658e-08,6.969917316215471957e-70
2.142595751042406773e+05,5.708299383165744899e-06,3.250886886746639561e+02,1.653308451199045508e-06,3.994031355341708896e-06,1.617731483282543780e-12,1.762609748739650522e-08,4.333186140611250010e-08,7.546117972937453770e-70
2.135991620819135860e+05,6.190892856251821851e-06,3.250888994281531836e+02,1.793560592964453582e-06,4.331770457857718751e-06,1.686240101533191533e-12,1.837693454405897165e-08,4.718318464548760387e-08,8.170799618382483984e-70
2.129387490595865238e+05,6.714426887022274692e-06,3.250891280144786037e+02,1.945731856283373393e-06,4.698164716069359807e-06,1.757607225084618228e-12,1.915909439275855984e-08,5.136946266956278610e-08,8.848085648057897325e-70
2.122783360372594616e+05,7.282385247048114324e-06,3.250893759471399562e+02,2.110837351403845662e-06,5.095652629924351153e-06,1.831953274320232380e-12,1.997389274870468027e-08,5.591954101794147773e-08,9.582453926877305491e-70
2.116179230149323703e+05,7.898548988701218864e-06,3.250896448684454185e+02,2.289978847481206321e-06,5.526880789624298916e-06,1.909403811121067808e-12,2.082270112821814453e-08,6.086474106368827121e-08,1.037876770441853964e-69
2.109575099926053081e+05,8.567021880623382424e-06,3.250899365605019398e+02,2.484352188674794810e-06,5.994721680149726885e-06,1.990089766103202302e-12,2.170694926227153371e-08,6.623907244682485979e-08,1.124230929188888071e-69
2.101920111490137642e+05,9.413208607416383104e-06,3.250903057177441156e+02,2.730430811196968832e-06,6.586943103774545310e-06,2.087843416552399895e-12,2.277821472280517543e-08,7.305438987864720312e-08,1.233497051137002433e-69
2.094265123054222495e+05,1.034325525566474524e-05,3.250907113638647274e+02,3.000931592340605683e-06,7.237861058998033260e-06,2.190350243019446231e-12,2.390152877891065630e-08,8.055888519695527065e-08,1.353546045315069475e-69
2.086610134618307056e+05,1.136549757098451332e-05,3.250911571162691871e+02,3.298283810300046355e-06,7.953310292448802319e-06,2.297843887102503419e-12,2.507943974112625404e-08,8.882173065064676975e-08,1.485454180298206375e-69
2.078955146182391618e+05,1.248910219168563039e-05,3.250916469519540897e+02,3.625158971979316164e-06,8.739707160981795969e-06,2.410569695757070070e-12,2.631462223416779012e-08,9.791902592063837948e-08,1.630406615590807190e-69
2.071300157746476179e+05,1.372414968887119653e-05,3.250921852433403387e+02,3.984495025525255067e-06,9.604107758902192220e-06,2.528785337141305230e-12,2.760988363202914439e-08,1.079344920263890371e-07,1.789708653504101732e-69
2.063645169310561032e+05,1.508172592595800006e-05,3.250927767976842233e+02,4.379522998797190935e-06,1.055427186872884466e-05,2.652761452906456730e-12,2.896817084394147186e-08,1.189602348265732796e-07,1.964798197345236240e-69
2.055990180874645594e+05,1.657402257288395869e-05,3.250934269004246744e+02,4.813796307344594837e-06,1.159873332017908920e-05,2.782782349657400336e-12,3.039257747359586766e-08,1.310975851043288136e-07,2.157259553768529334e-69
2.048335192438730155e+05,1.821444769427050934e-05,3.250941413628599435e+02,5.291222999959473548e-06,1.274687740085766327e-05,2.919146732594112018e-12,3.188635137590544103e-08,1.444580229307300555e-07,2.368838734554200209e-69
2.040680204002814717e+05,2.001774742322918888e-05,3.250949265745859975e+02,5.816101236822032695e-06,1.400902602682733796e-05,3.062168484651295794e-12,3.345290263767462978e-08,1.591641947736673447e-07,2.601460433013901760e-69
2.033025215566899569e+05,2.200013983424917670e-05,3.250957895611740014e+02,6.393158324928628541e-06,1.539653145246122813e-05,3.212177494812373868e-12,3.509581201088887823e-08,1.753510326709354625e-07,2.857246873092342860e-69
2.025370227130984131e+05,2.417946224055972588e-05,3.250967380476094490e+02,7.027593668139224863e-06,1.692187937734657176e-05,3.369520539675697332e-12,3.681883982991187556e-08,1.931669857234667986e-07,3.138538755529163311e-69
2.017715238695068692e+05,2.657533326457614490e-05,3.250977805280692223e+02,7.725126025111820859e-06,1.859880239425931630e-05,3.534562222804830179e-12,3.862593544684497898e-08,2.127753751959440869e-07,3.447918555770161346e-69
2.010060250259153254e+05,2.920933116563914257e-05,3.250989263426701541e+02,8.492045507934859442e-06,2.044240481714887297e-05,3.707685976915532624e-12,4.052124722251853177e-08,2.343558856469386096e-07,3.788236463374009647e-69
2.002405261823238106e+05,3.210519005846705718e-05,3.251001857618849726e+02,9.335270797779082329e-06,2.246930003251884015e-05,3.889295134543231205e-12,4.250913311432018526e-08,2.581062057596749696e-07,4.162639293291410413e-69
1.994750273387322668e+05,3.528901581993748284e-05,3.251015700793923315e+02,1.026241210177239066e-05,2.469776163252631815e-05,4.079814073502643643e-12,4.459417190615531136e-08,2.842438339185341652e-07,4.574602746624311093e-69
1.987095284951407230e+05,3.878952366248120690e-05,3.251030917142026055e+02,1.128184042798447286e-05,2.714788971458778697e-05,4.279689444227698212e-12,4.678117513056742230e-08,3.130080650889354323e-07,5.027967453520043074e-69
1.979440296515491791e+05,4.263829955115354956e-05,3.251047643229852042e+02,1.240276381337585222e-05,2.984179387142666637e-05,4.489391486946597761e-12,4.907519973827781611e-08,3.446621772212496377e-07,5.526979295190100825e-69
1.971785308079576644e+05,4.687008786014904390e-05,3.251066029236154691e+02,1.363531120334025716e-05,3.280379454858657645e-05,4.709415447663611537e-12,5.148156157640832245e-08,3.794958372303858313e-07,6.076334577444603793e-69
1.964130319643661205e+05,5.152310790511911985e-05,3.251086240310601738e+02,1.499062475162822887e-05,3.606064461484871961e-05,4.940283103058828078e-12,5.400584974344696094e-08,4.178277486156190066e-07,6.681230716778749962e-69
1.956475331207745767e+05,5.663940225231271471e-05,3.251108458068309233e+02,1.648096138661803479e-05,3.964177317625317367e-05,5.182544405743508756e-12,5.665394189668590943e-08,4.600085650004368939e-07,7.347423204503555198e-69
1.948820342771830328e+05,6.226521999666326224e-05,3.251132882233570740e+02,1.811980457478574292e-05,4.357955386819354135e-05,5.436779262822712078e-12,5.943202059663906163e-08,5.064240963080218238e-07,8.081289737937154334e-69
1.941165354335915181e+05,6.845143852110186270e-05,3.251159732447630972e+02,1.992198730558840077e-05,4.790960008416381556e-05,5.703599462456342134e-12,6.234659078292862431e-08,5.574988369671810458e-07,8.889902554084226596e-69
1.933510365899999742e+05,7.525402760144252927e-05,3.251189250256817331e+02,2.190382742463623333e-05,5.267108984617864455e-05,5.983650765117652924e-12,6.540449848746515941e-08,6.136998484894566394e-07,9.781110175339946241e-69
1.925855377464084304e+05,8.273456010829075967e-05,3.251221701298942435e+02,2.408327655491332488e-05,5.790712329286114974e-05,6.277615178555672723e-12,6.861295090377930841e-08,6.755410319973473153e-07,1.076362998435990388e-68
1.918200389028168865e+05,9.096077398299279185e-05,3.251257377707661362e+02,2.648008396990281571e-05,6.366511605908610981e-05,6.586213438128479176e-12,7.197953794615700568e-08,7.435878298442820649e-07,1.184715329354552566e-68
1.910545400592253718e+05,1.000071906324163668e-04,3.251296600756378439e+02,2.911597691887552535e-05,6.999723214850332958e-05,6.910207717251932282e-12,7.551225544924930150e-08,8.184623993805653967e-07,1.304246487243173322e-68
1.902890412156338280e+05,1.099557954014205636e-04,3.251339723765423741e+02,3.201485905450484752e-05,7.696086026011212322e-05,7.250404596256372109e-12,7.921953017825193586e-08,9.008493062208036425e-07,1.436157925459572864e-68
1.895235423720422841e+05,1.208967863467009049e-04,3.251387135298510316e+02,3.520302877767549565e-05,8.461913792543178815e-05,7.607658322048503011e-12,8.311024684210411555e-08,9.915017890931566659e-07,1.581789657812094770e-68
1.887580435284507403e+05,1.329293981561510078e-04,3.251439262677017155e+02,3.870941949527834265e-05,9.304152824712917744e-05,7.982874395741995312e-12,8.719377732770056142e-08,1.091248653541396161e-06,1.742638123701742538e-68
1.879925446848592255e+05,1.461628087392704048e-04,3.251496575843395362e+02,4.256586398547283610e-05,1.023044545069305336e-04,8.377013530916907015e-12,9.148001240263595981e-08,1.201001857450832949e-06,1.920376725647021863e-68
1.872270458412676817e+05,1.607171367622358944e-04,3.251559591607999664e+02,4.680738528304402221e-05,1.124919984343022533e-04,8.791096031581673883e-12,9.597939616774641401e-08,1.321764857625826787e-06,2.116879507873935913e-68
1.864615469976761378e+05,1.767245392223112358e-04,3.251628878316935243e+02,5.147251673689244946e-05,1.236966685021178279e-04,9.226206646329905653e-12,1.007029635797717880e-07,1.454641793514740758e-06,2.334248539217628573e-68
1.856960481540845940e+05,1.943304190570947884e-04,3.251705060982071700e+02,5.660365415437386443e-05,1.360202452461003802e-04,9.683499963833311412e-12,1.056623814092809227e-07,1.600847591711210302e-06,2.574845679508859545e-68
1.849305493104930792e+05,2.136947537720551126e-04,3.251788826918285054e+02,6.224744323528625810e-05,1.495747112963883272e-04,1.016420642487432784e-11,1.108699930508588763e-07,1.761719083123208232e-06,2.841329551199000988e-68
1.841650504669015354e+05,2.349935571528395347e-04,3.251880931937195669e+02,6.845520581409691996e-05,1.644832745676837920e-04,1.066963903785702781e-11,1.163388676622433140e-07,1.938727233757430591e-06,3.136698713956190077e-68
1.833995516233099916e+05,2.584204873155277566e-04,3.251982207151262969e+02,7.528340877503956498e-05,1.808814938851211189e-04,1.120120089843647606e-11,1.220828541781796225e-07,2.133490599988012983e-06,3.464342257927404152e-68
1.826340527797184477e+05,2.841886156475637417e-04,3.252093566447079525e+02,8.279417988363272263e-05,1.989185172326678240e-04,1.176039362991469543e-11,1.281166408246104758e-07,2.347790130044794679e-06,3.828099302320240119e-68
1.818685539361269330e+05,3.125323726144168830e-04,3.252216014692062345e+02,9.105587519290941087e-05,2.187584438064846129e-04,1.234882687981589582e-11,1.344558208511254451e-07,2.583585445344795941e-06,4.232329224066425549e-68
1.811030550925353891e+05,3.437096879626518379e-04,3.252350656744550861e+02,1.001437031362285287e-04,2.405818221445938515e-04,1.296822903003365031e-11,1.411169653066713865e-07,2.843032748293749256e-06,4.681994864882821240e-68
1.803375562489438453e+05,3.780043445502572299e-04,3.252498707343557953e+02,1.101404109142852227e-04,2.645872977943107421e-04,1.362045930376867920e-11,1.481177038075253830e-07,3.128504517394413232e-06,5.182761497802464251e-68
1.795720574053523305e+05,4.157285668916933384e-04,3.252661501961124486e+02,1.211370393252724246e-04,2.909934252784983680e-04,1.430752148286592061e-11,1.554768143904847001e-07,3.442611166010639510e-06,5.741115007168135497e-68
1.788065585617607867e+05,4.572258675306884682e-04,3.252840508707400318e+02,1.332337527777504162e-04,3.200406605395840270e-04,1.503157948497453495e-11,1.632143237114410003e-07,3.788224858063091001e-06,6.364503589775763454e-68
1.780410597181692428e+05,5.028741765614592974e-04,3.253037341386223034e+02,1.465407518694654670e-04,3.519935515856048168e-04,1.579497509223133679e-11,1.713516190438307049e-07,4.168505692369968625e-06,7.061508372806539322e-68
1.772755608745776990e+05,5.530892820223450284e-04,3.253253773807079483e+02,1.611792766160795255e-04,3.871431467448360666e-04,1.660024817323306288e-11,1.799115737577719695e-07,4.586930487423423538e-06,7.842049737209912042e-68
1.765100620309861843e+05,6.083286114988325751e-04,3.253491755467936173e+02,1.772827091756186348e-04,4.258096417646220510e-04,1.745015979938267155e-11,1.889186882241626428e-07,5.047324420207676393e-06,8.717637927650559862e-68
1.757445631873946404e+05,6.690953881098213839e-04,3.253753428732414363e+02,1.949977857415622316e-04,4.683452889757940885e-04,1.834771872721571371e-11,1.983992483955981369e-07,5.553895796350290355e-06,9.701678848241815697e-68
1.749790643438030966e+05,7.359431971259545275e-04,3.254041147634213758e+02,2.144859281739976392e-04,5.151375938965069897e-04,1.929621180231515379e-11,2.083815046748112373e-07,6.111274254563167890e-06,1.080984895723510934e-67
1.742135655002115527e+05,8.094810027959066512e-04,3.254357498451419133e+02,2.359247069082638182e-04,5.666128269782141815e-04,2.029923894070919667e-11,2.188958741012452887e-07,6.724552736088620430e-06,1.206055711405226663e-67
1.734480666566200380e+05,8.903786585490060636e-04,3.254705322203294031e+02,2.595094477278482841e-04,6.232398807111931430e-04,2.136075346373272470e-11,2.299751693776527867e-07,7.399333579833033587e-06,1.347551641284895285e-67
1.726825678130284941e+05,9.793729576127439308e-04,3.255087739232258741e+02,2.854549961165791226e-04,6.855345050160798577e-04,2.248510870643280122e-11,2.416548588348370394e-07,8.141779136141064272e-06,1.508045588943679750e-67
1.719170689694369503e+05,1.077274275242240051e-03,3.255508176043801427e+02,3.139976541174419023e-04,7.540639567587561175e-04,2.367711199308275000e-11,2.539733621087289708e-07,8.958667326820850038e-06,1.690601110867734110e-67
1.711515701258454064e+05,1.184973858213870818e-03,3.255970394586855150e+02,3.453973059240912896e-04,8.294521023444457975e-04,2.494208728278486538e-11,2.669723870993794021e-07,9.857452616146873946e-06,1.898884485616365266e-67
1.703583653616838856e+05,1.307955441368055137e-03,3.256497832324413935e+02,3.812527943382995111e-04,9.155374871641125574e-04,2.633614761542377333e-11,2.812082932508406182e-07,1.088392523624508618e-05,2.146565673169492254e-67
1.695651605975223647e+05,1.443711601339247360e-03,3.257079617540683216e+02,4.208331481983659740e-04,1.010564961213374123e-03,2.782225645929523474e-11,2.962787835152918409e-07,1.201718532173473281e-05,2.432572592222409895e-67
1.687719558333608438e+05,1.593567639307965451e-03,3.257721309347410283e+02,4.645248213016405880e-04,1.115462226044711602e-03,2.940865557912681891e-11,3.122443627342818402e-07,1.326831819022330224e-05,2.764210486564284973e-67
1.679787510691993230e+05,1.758985582379248794e-03,3.258429024903438744e+02,5.127541364373677281e-04,1.231252690420585241e-03,3.110462370847079285e-11,3.291715800829682432e-07,1.464955283659002357e-05,3.150492172308331753e-67
1.671855463050378021e+05,1.941578080854331270e-03,3.259209492971062900e+02,5.659913376778677192e-04,1.359065198289078963e-03,3.292064222546923702e-11,3.471338354755059799e-07,1.617437813126631401e-05,3.602613240998769491e-67
1.663923415408762812e+05,2.143123668854405705e-03,3.260070112060961947e+02,6.247550401766798584e-04,1.500144711089883504e-03,3.486859144669128824e-11,3.662123138273095413e-07,1.785767040542357687e-05,4.134580448103740880e-67
1.655991367767147603e+05,2.365583511003863451e-03,3.261019013435411011e+02,6.896171132439357209e-04,1.655864030283239838e-03,3.696198386826104013e-11,3.864970695280038991e-07,1.971583344517711402e-05,4.764049481988903921e-67
1.648059320125532395e+05,2.611119766482826714e-03,3.262065129225852615e+02,7.612080349752467457e-04,1.827736652015741472e-03,3.921624213933093252e-11,4.080882876951497522e-07,2.176695198790107845e-05,5.513451491807941730e-67
1.640127272483917186e+05,2.882115710405751784e-03,3.263218265898119625e+02,8.402227592287570728e-04,2.017430851889229475e-03,4.164903137987046558e-11,4.310977538525456402e-07,2.403095988487963158e-05,6.411521592320021845e-67
1.632195224842301977e+05,3.181197761020838986e-03,3.264489183264547023e+02,9.274271382309728744e-04,2.226785103774923773e-03,4.428065775691103058e-11,4.556505697987629019e-07,2.652982416448739511e-05,7.495392474673168885e-67
1.624263177200686769e+05,3.511259569457571457e-03,3.265889679194326050e+02,1.023664946488010230e-03,2.457824942377023585e-03,4.713454814638147890e-11,4.818871608316814318e-07,2.928774629715590540e-05,8.813490672775836912e-67
1.616331129559071560e+05,3.875488336433694121e-03,3.267432680108965997e+02,1.129865553914062917e-03,2.712781384627869097e-03,5.023782940897832163e-11,5.099656284649290021e-07,3.233138202546678849e-05,1.042958526997349338e-66
1.608399081917456351e+05,4.277393527169204117e-03,3.269132337265304500e+02,1.247052298075320732e-03,2.994111029780982189e-03,5.362203053169890257e-11,5.400645136677992330e-07,3.569008117720228807e-05,1.242851011931731689e-66
1.600467034275841143e+05,4.720838161381578878e-03,3.271004128720684889e+02,1.376351607080068774e-03,3.304517962005701533e-03,5.732393693984060816e-11,5.723860489283346798e-07,3.939614892294483799e-05,1.492434533631957499e-66
1.592534986634225934e+05,5.210072859222246791e-03,3.273064966739730721e+02,1.519002925797464498e-03,3.646977582075454274e-03,6.138663407604585725e-11,6.071599936320971917e-07,4.348512996906386666e-05,1.807225819003196443e-66
1.584602938992610725e+05,5.749772825851204479e-03,3.275333310235538420e+02,1.676369498610477378e-03,4.024762496025576820e-03,6.586078741732562249e-11,6.446481670585168081e-07,4.799611718730371050e-05,2.208586111081212391e-66
1.576670891350995516e+05,6.345077956445710141e-03,3.277829281635824827e+02,1.849950061629977759e-03,4.441470588023493059e-03,7.080621918526376519e-11,6.851498175827330337e-07,5.297208616844024237e-05,2.726300311340935344e-66
1.568738843709380308e+05,7.001636239127346714e-03,3.280574787322541397e+02,2.041391496020338557e-03,4.901055401672852613e-03,7.629385907516979304e-11,7.290079965111949956e-07,5.846025714378572899e-05,3.402464066444882777e-66
1.560806796067765099e+05,7.725650624813438540e-03,3.283593640507913847e+02,2.252502491590766768e-03,5.407858948034831824e-03,8.240816870408332125e-11,7.766171417186960544e-07,6.451248563794932374e-05,4.297430499065239219e-66
1.552874748426149890e+05,8.523929519521597151e-03,3.286911685077786842e+02,2.485268265846845084e-03,5.966647049211143243e-03,8.925016893851683091e-11,8.284321215774273680e-07,7.118568309186428607e-05,5.499052673244709576e-66
1.544942700784534682e+05,9.403941035283223254e-03,3.290556918552801449e+02,2.741866378011095437e-03,6.582647312766643811e-03,9.694123823720447803e-11,8.849790456818643854e-07,7.854226851855901261e-05,7.137289303249905969e-66
1.537010653142919473e+05,1.037387110961494885e-02,3.294559611889320649e+02,3.024683669833991458e-03,7.261589813917826951e-03,1.056279019459663703e-10,9.468682182145295190e-07,8.665065201701434641e-05,9.407694174001357377e-66
1.529078605501304264e+05,1.144268556950825584e-02,3.298952423367850884e+02,3.336334355049133584e-03,8.009750538612562046e-03,1.154879016587399407e-10,1.014809695765576037e-06,9.558575066289677884e-05,1.260989715912085271e-65
1.521146557859689055e+05,1.262019617321655067e-02,3.303770503303012447e+02,3.679679266810894928e-03,8.833997610739295625e-03,1.267379265752797125e-10,1.089632018140535483e-06,1.054295369102873579e-04,1.721188414192913978e-65
1.513214510218073847e+05,1.391713061093387271e-02,3.309051585766515018e+02,4.057846257148279602e-03,9.741840290161051311e-03,1.396435139097715989e-10,1.172304813317512389e-06,1.162716191677084631e-04,2.395959651412051581e-65
1.505282462576458638e+05,1.534520638313560149e-02,3.314836062958994489e+02,4.474251724187221745e-03,1.074148068462618157e-02,1.545317948750638979e-10,1.263966142675110342e-06,1.282098536477290342e-04,3.406787938430891371e-65
1.497350414934843429e+05,1.691720840252779537e-02,3.321167037320491886e+02,4.932623221523735682e-03,1.184186806761090144e-02,1.718079933747324087e-10,1.365955657904725108e-06,1.413509859272508312e-04,4.956079897384895757e-65
1.489418367293228221e+05,1.864707008225141918e-02,3.328090345962555148e+02,5.437023079672718105e-03,1.305275563581246787e-02,1.919768997839564890e-10,1.479854896576865521e-06,1.558113198927553542e-04,7.389282470340973795e-65
1.481486319651613012e+05,2.054995757974393752e-02,3.335654551575104279e+02,5.991872942119466292e-03,1.438475947470916477e-02,2.156709751119424726e-10,1.607536361444697739e-06,1.717174108828914815e-04,1.131114535379255124e-64
1.473554272009997803e+05,2.264235676364673502e-02,3.343910893653832090e+02,6.601979088495931944e-03,1.584941942915354951e-02,2.436873379648815967e-10,1.751223424392637583e-06,1.892067788855149270e-04,1.780911791752633451e-64
1.465622224368382595e+05,2.494216236230224412e-02,3.352913193761784783e+02,7.272558385343922717e-03,1.745926149972432811e-02,2.770367139022494404e-10,1.913563588070167186e-06,2.084286366092110430e-04,2.889458658336355631e-64
1.459036243607486249e+05,2.702314441495914585e-02,3.360994880102802540e+02,7.879330135749115435e-03,1.891592873231645947e-02,3.096929902864650275e-10,2.064776417548653326e-06,2.258204607830516914e-04,4.424002396987707085e-64
1.452450262846589612e+05,2.927238487947927612e-02,3.369662953500544518e+02,8.535159409023610616e-03,2.049037472324644754e-02,3.478332758442012361e-10,2.233147829248621132e-06,2.446172515467009826e-04,6.931565906627978872e-64
1.445864282085693267e+05,3.170260674926563688e-02,3.378951753498310495e+02,9.243754965832278597e-03,2.219150528787118201e-02,3.926005466577105485e-10,2.421156947290989698e-06,2.649249460143358100e-04,1.112569509402896681e-63
1.439278301324796630e+05,3.432736102096992786e-02,3.388896452635136711e+02,1.000906676945516674e-02,2.402880580045785655e-02,4.454133917185415180e-10,2.631693424245947037e-06,2.868563122192617216e-04,1.831289440041870120e-63
1.432692320563900284e+05,3.716106189267499860e-02,3.399532908740064272e+02,1.083529620278709041e-02,2.601236582535142172e-02,5.080402199682130859e-10,2.868131374921172685e-06,3.105312251213531577e-04,3.094296675867107686e-63
1.426106339803003939e+05,4.021902108212754845e-02,3.410897494367948184e+02,1.172690601967936452e-02,2.815290313075418521e-02,5.826952296612633491e-10,3.134417321939848754e-06,3.360769316768495328e-04,5.372356475861016513e-63
1.419520359042107302e+05,4.351748095597660071e-02,3.423026903537468684e+02,1.268862993875501111e-02,3.046178686850953277e-02,6.721629532042549079e-10,3.435174855853117718e-06,3.636283016932573536e-04,9.593225615428864230e-63
1.412934378281210957e+05,4.707364615706619015e-02,3.435957936532225858e+02,1.372548178636136783e-02,3.295105970049320293e-02,7.799604285936033437e-10,3.775829221816550279e-06,3.933280610293612240e-04,1.763319826780676246e-62
1.406348397520314611e+05,5.090571341971741187e-02,3.449727264168152487e+02,1.484276409578125754e-02,3.563345865417337499e-02,9.105490453191973243e-10,4.162755641885106765e-06,4.253270035718785536e-04,3.338862131870783865e-62
1.399762416759417974e+05,5.503289927323208597e-02,3.464371173629259602e+02,1.604607607237789821e-02,3.852243449703430384e-02,1.069612129535886295e-09,4.603455879326941790e-06,4.597841783284586903e-04,6.517185221562995537e-62
1.394098615212095319e+05,5.883363733730527512e-02,3.477691277062589847e+02,1.715419499489704777e-02,4.118289887271830985e-02,1.234667282936364325e-09,5.032153452747315141e-06,4.915100815698662199e-04,1.187386783298218811e-61
1.388434813664772373e+05,6.288111907107513110e-02,3.491706679371631026e+02,1.833423679039669629e-02,4.401607790052767394e-02,1.431946825918771451e-09,5.513679262746044372e-06,5.252892689411818973e-04,2.214068288528596607e-61
1.382771012117449427e+05,6.718945526601491358e-02,3.506438855156155228e+02,1.959031166389463632e-02,4.703184833706842982e-02,1.668691464996246012e-09,6.055585760448931805e-06,5.612380105999342696e-04,4.226209173421607049e-61
1.377107210570126772e+05,7.177335841433536701e-02,3.521908493732970555e+02,2.092670454093441268e-02,5.024050800960088575e-02,1.953931671086206315e-09,6.666589749215533275e-06,5.994773201191816578e-04,8.259107819048892319e-61
1.371443409022803826e+05,7.664814963625828093e-02,3.538135361693981054e+02,2.234787696835060719e-02,5.365278064607849340e-02,2.298960575381580347e-09,7.356757543892175841e-06,6.401329653246759510e-04,1.652581480134969035e-60
1.365779607475480880e+05,8.182976430895157194e-02,3.555138167682348467e+02,2.385846861763096793e-02,5.727981979329517526e-02,2.717937484043077855e-09,8.137719271190829061e-06,6.833354608167451980e-04,3.385543049259837260e-60
1.360115805928158225e+05,8.733475638409966824e-02,3.572934431397446247e+02,2.546329838430611697e-02,6.113321181355080292e-02,3.228659002100207839e-09,9.022916620889807456e-06,7.292200409628620504e-04,7.100336158505106343e-60
1.354452004380835278e+05,9.318030139927244160e-02,3.591540358856020703e+02,2.716736508175169110e-02,6.522497796291183703e-02,3.853545298151979194e-09,1.002788890687587902e-05,7.779266121567786829e-04,1.524137859068972579e-59
1.348788202833512332e+05,9.938419820671377802e-02,3.610970725910599413e+02,2.897584773278889456e-02,6.956757556698779654e-02,4.620902545896639901e-09,1.117060289478245256e-05,8.295996831397412646e-04,3.347600925487851494e-59
1.343124401286189677e+05,1.059648694611500241e-01,3.631238771938516265e+02,3.089410546730277790e-02,7.417389832264840999e-02,5.566539848131113665e-09,1.247183249792271301e-05,8.843882721610316165e-04,7.520314607705363389e-59
1.337460599738866731e+05,1.129413609255534856e-01,3.652356105474090100e+02,3.292767703871266050e-02,7.905727576614578200e-02,6.735840988328635086e-09,1.395559513363859580e-05,9.424457897204298719e-04,1.727109413225180308e-58
1.331796798191543785e+05,1.203333396696844582e-01,3.674332623361560763e+02,3.508227997630452427e-02,8.423147195912393526e-02,8.186419416235854080e-09,1.564965226442209252e-05,1.003929895572172604e-03,4.052605933180310929e-58
1.326132996644221130e+05,1.281610912504075328e-01,3.697176444763848053e+02,3.736380939407807356e-02,8.971068345380354969e-02,9.991520509766770061e-09,1.758608241714234571e-05,1.069002328588302504e-03,9.709358677814243098e-58
1.320285960433840810e+05,1.367214005318685421e-01,3.721675807874245834e+02,3.985874212936257183e-02,9.570264735603042916e-02,1.232600498452462924e-08,1.987875580359875491e-05,1.140119964667023764e-03,2.443781988865391914e-57
1.314438924223460490e+05,1.457920902377887185e-01,3.747111035010248656e+02,4.250229270243735535e-02,1.020518411484046400e-01,1.526913182014467846e-08,2.251642920966849754e-05,1.215424688605289431e-03,6.278077498504472063e-57
1.308591888013080170e+05,1.553975245680530026e-01,3.773484834251706843e+02,4.530153111542004757e-02,1.087753140597869095e-01,1.898967477145219600e-08,2.555376644355675090e-05,1.295106636727638141e-03,1.644562343559485148e-56
1.302744851802699850e+05,1.655627478256059826e-01,3.800797782797436071e+02,4.826372015172961799e-02,1.158905904736230452e-01,2.370472827465304918e-08,2.905405896250426180e-05,1.379359436562523251e-03,4.388011732653297054e-56
1.296897815592319530e+05,1.763134770570262966e-01,3.829048349088164400e+02,5.139631240246072402e-02,1.234156646321319523e-01,2.969365956344328397e-08,3.309051473350418894e-05,1.468379814040507219e-03,1.191198512439797486e-55
1.291050779381939210e+05,1.876760943135811210e-01,3.858232934460930323e+02,5.470694707356426462e-02,1.313689950534367989e-01,3.731603632762725484e-08,3.774771730651652171e-05,1.562367153237138309e-03,3.286089544610307909e-55
1.285203743171558890e+05,1.996776386777740775e-01,3.888345933161587595e+02,5.820344660527537045e-02,1.397694987602065286e-01,4.703462257056305019e-08,4.312327249348481473e-05,1.661523005176139501e-03,9.200522267657089331e-55
1.279356706961178570e+05,2.123457981918043247e-01,3.919379809206040477e+02,6.189381313231277770e-02,1.486365454119689122e-01,5.944481716270787421e-08,4.932966084280394919e-05,1.766050541862566013e-03,2.611112783824402345e-54
1.273509670750798396e+05,2.257089018132600600e-01,3.951325188302885181e+02,6.578622480983750687e-02,1.579899514250437120e-01,7.531225709752708125e-08,5.649631475366045474e-05,1.876153951368155024e-03,7.501510106331289643e-54
1.267662634540418076e+05,2.397959115102618055e-01,3.984170962835528371e+02,6.988903202617541277e-02,1.678499741543486024e-01,9.562073357838853753e-08,6.477193955362571726e-05,1.992037769450519247e-03,2.178730365545243681e-53
1.261815598330037756e+05,2.546364145937492496e-01,4.017904407754608087e+02,7.421075351908952566e-02,1.782373062005735420e-01,1.216330885916180926e-07,7.432709813064841816e-05,2.113906142866988670e-03,6.388633441258607760e-53
1.255968562119657436e+05,2.702606163691928520e-01,4.052511305151529655e+02,7.876007240809625165e-02,1.891730698947277078e-01,1.549683892539996342e-07,8.535707873116921065e-05,2.241962019248722963e-03,1.888775620425224383e-52
1.250121525909277116e+05,2.866993331742521689e-01,4.087976075268522322e+02,8.354583215116788419e-02,2.006788120002313269e-01,1.976994355898173824e-07,9.808506527358870587e-05,2.376406258143730962e-03,5.622675124067376605e-52
1.243823679303004174e+05,3.053526861368366929e-01,4.127115531416560543e+02,8.897539476839869121e-02,2.137344581408175681e-01,2.572905790159340453e-07,1.139866671612785906e-04,2.528589269880014527e-03,1.831994587882931167e-51
1.237525832696731377e+05,3.250274970224963922e-01,4.167208322550205253e+02,9.470114960543056515e-02,2.275048392903636640e-01,3.351352041447543723e-07,1.325181101920902419e-04,2.688654881305731909e-03,5.998124669541400163e-51
1.231227986090458435e+05,3.457646029672433174e-01,4.208230774119367652e+02,1.007347381675871151e-01,2.420184935040512186e-01,4.367686499173545579e-07,1.540969205653836297e-04,2.856837606389503372e-03,1.970325938968617712e-50
1.224930139484185638e+05,3.676056313323963209e-01,4.250158141365101869e+02,1.070879941251345613e-01,2.573045041881509287e-01,5.693511490549250426e-07,1.792007984888076722e-04,3.033362869472966666e-03,6.483894250524644849e-50
1.218632292877912696e+05,3.905929932380322600e-01,4.292964800509806764e+02,1.137729368918539291e-01,2.733924943500273819e-01,7.421190814932039179e-07,2.083748887545037152e-04,3.218444988315107697e-03,2.134415691204630334e-49
1.212334446271639754e+05,4.147698778498912775e-01,4.336624432352174949e+02,1.208017650661276643e-01,2.903126211870001305e-01,9.669516079967757916e-07,2.422396677320434277e-04,3.412284977423365572e-03,7.018849523217954008e-49
1.206036599665366957e+05,4.401802473801683102e-01,4.381110196430321366e+02,1.281868497258324691e-01,3.080955709565963985e-01,1.259078843232453747e-06,2.814994567103893384e-04,3.615068162185615993e-03,2.302640079123394122e-48
1.199738753059094015e+05,4.668688327507983238e-01,4.426394894317167541e+02,1.359407275710809992e-01,3.267725540577092747e-01,1.637962662076748708e-06,3.269515646755650085e-04,3.826961594670406485e-03,7.526985514452941605e-48
1.193440906452821218e+05,4.948811298588047247e-01,4.472451120994440998e+02,1.440760939132638419e-01,3.463753002404712511e-01,2.128386833695038618e-06,3.794960557569490795e-04,4.048111262479092351e-03,2.448759456334664205e-47
1.187143059846548276e+05,5.242633963769722794e-01,4.519251403607822226e+02,1.526057955149661138e-01,3.669360538522060677e-01,2.761799470988301900e-06,4.401461276957351000e-04,4.278639082633027904e-03,7.920095711622744417e-47
1.180845213240275334e+05,5.550626490190953000e-01,4.566768327227627537e+02,1.615428232930554708e-01,3.884875690173079654e-01,3.577957779050817035e-06,5.100390777731407923e-04,4.518639673179635809e-03,2.544119925310863559e-46
1.174547366634002537e+05,5.873266611971654783e-01,4.614974647522825535e+02,1.709003049064508339e-01,4.110631046402163369e-01,4.626932776379053178e-06,5.904478216800337128e-04,4.768176896041924524e-03,8.108964737214846529e-46
1.168249520027729595e+05,6.211039609977251352e-01,4.663843390498790313e+02,1.806914972608181236e-01,4.346964191125636257e-01,5.971540013418382298e-06,6.827929188102311231e-04,5.027280165519531531e-03,2.562392150552467940e-45
1.161951673421456653e+05,6.564438294059483647e-01,4.713347939650731178e+02,1.909297789743414631e-01,4.594217645979822295e-01,7.690271262036281835e-06,7.886550444221445419e-04,5.295940517940478549e-03,8.021266379758689695e-45
1.155653826815183857e+05,6.933962987085362517e-01,4.763462111046526388e+02,2.016286428619407933e-01,4.852738807608219518e-01,9.880811599395135527e-06,9.097878350368714725e-04,5.574106439137481266e-03,2.485733016013366176e-44
1.149355980208910914e+05,7.320121510099625306e-01,4.814160216977161895e+02,2.128016885095363464e-01,5.122879877981708630e-01,1.266423612316990346e-05,1.048131018327238271e-03,5.861679447804947485e-03,7.620937278510643161e-44
1.143058133602638118e+05,7.723429168007653889e-01,4.865417118903450842e+02,2.244626150251402552e-01,5.404997786281028338e-01,1.618999052902659244e-05,1.205823722598268295e-03,6.158509434394806095e-03,2.310269865710996890e-43
1.141483671951073338e+05,7.826996733522074701e-01,4.878315766202664463e+02,2.274556923121194008e-01,5.477440915004468946e-01,1.720809840658603327e-05,1.248541008593019672e-03,6.234140432641732329e-03,3.042882058653636915e-43
1.139909210299508704e+05,7.931676998172696447e-01,4.891247423515094965e+02,2.304803400700643212e-01,5.550660866170796792e-01,1.828712710907277514e-05,1.292652436859455332e-03,6.310333566157126824e-03,4.004836282810715326e-43
1.139594317969195690e+05,7.952747302274376651e-01,4.893837683130921050e+02,2.310890771408802835e-01,5.565398577431965865e-01,1.851054056328081760e-05,1.301645506393952090e-03,6.325639296403513800e-03,4.230636412478091576e-43
1.139279425638882822e+05,7.973862511362963534e-01,4.896429245148881364e+02,2.316990874320311866e-01,5.580167635788529923e-01,1.873655488696901960e-05,1.310696253625338046e-03,6.340967316900078532e-03,4.469033259933498721e-43
1.139216447172825865e+05,7.978090947616974793e-01,4.896947713578030630e+02,2.318212424294230634e-01,5.583125213141835186e-01,1.878207235053886033e-05,1.312513352901390580e-03,6.344035592839104669e-03,4.518284727836401111e-43
1.139153468706768908e+05,7.982321183255273178e-01,4.897466233960020645e+02,2.319434484389368556e-01,5.586084046577748374e-01,1.882769521270248779e-05,1.314332774850458406e-03,6.347104758752584314e-03,4.568073473738087959e-43
1.139140873013557575e+05,7.983167446355781127e-01,4.897569944268660720e+02,2.319678957635158967e-01,5.586675964027106867e-01,1.883683245311442366e-05,1.314696938190080058e-03,6.347718698708100515e-03,4.578096205409733297e-43
1.139138353874921013e+05,7.983336707615853456e-01,4.897590686579630983e+02,2.319727854733667771e-01,5.586794353548195646e-01,1.883866040837085400e-05,1.314769782021169529e-03,6.347841490969581731e-03,4.580103362590626729e-43
1.139135834736284305e+05,7.983505971755995301e-01,4.897611428973678471e+02,2.319776752648646245e-01,5.586912745079744003e-01,1.884048853271945515e-05,1.314842629573678874e-03,6.347964284654372333e-03,4.582111390925792549e-43
1.139133315597647743e+05,7.983675238776238858e-01,4.897632171450802048e+02,2.319825651380099663e-01,5.587031138621777471e-01,1.884231682617467412e-05,1.314915480847808019e-03,6.348087079762599824e-03,4.584120290789362818e-43
1.139132307942190237e+05,7.983742946390771644e-01,4.897640468464912260e+02,2.319845211101290994e-01,5.587078496601527444e-01,1.884304819091031346e-05,1.314944622399559591e-03,6.348136198204686921e-03,4.584924094846469467e-43
1.139131300286732730e+05,7.983810654466128032e-01,4.897648765490640699e+02,2.319864770953156685e-01,5.587125854902966759e-01,1.884377958257467856e-05,1.314973764542068206e-03,6.348185316875523329e-03,4.585728038277568585e-43
1.139130292631275224e+05,7.983878363002311351e-01,4.897657062519409124e+02,2.319884330935845507e-01,5.587173213526129834e-01,1.884451100049692950e-05,1.315002907251047520e-03,6.348234435781671507e-03,4.586532120314846428e-43
1.139128930880670086e+05,7.983969865387743337e-01,4.897668275159297764e+02,2.319910764602011732e-01,5.587237214716709310e-01,1.884549948318170652e-05,1.315042291722209314e-03,6.348300815697327688e-03,4.587618980041450768e-43
1.139127569130064949e+05,7.984061368614792098e-01,4.897679487792128725e+02,2.319937198507310838e-01,5.587301216494903189e-01,1.884648801283571407e-05,1.315081677192338509e-03,6.348367196053005153e-03,4.588706091839707234e-43
1.139126207379459811e+05,7.984152872683459856e-01,4.897690700417902576e+02,2.319963632651761698e-01,5.587365218860713689e-01,1.884747658946078853e-05,1.315121063661380462e-03,6.348433576847700363e-03,4.589793455767182999e-43
1.139112589873393881e+05,7.985067959660595571e-01,4.897802826287495463e+02,2.320227987250113588e-01,5.588005274838652170e-01,1.885736493953351731e-05,1.315514983298475896e-03,6.349097408945076314e-03,4.600680974740011947e-43
1.139098972367328097e+05,7.985983130806434405e-01,4.897914951451386401e+02,2.320492365765664255e-01,5.588645389582872491e-01,1.886725798885850118e-05,1.315909002852316345e-03,6.349761284948946156e-03,4.611593769632229865e-43
1.139085354861262167e+05,7.986898386126908278e-01,4.898027075909600967e+02,2.320756768200004094e-01,5.589285563097481369e-01,1.887715573942746696e-05,1.316303122343324278e-03,6.350425204859646428e-03,4.622531897834354733e-43
1.139071737355196383e+05,7.987813725627979089e-01,4.898139199662164174e+02,2.321021194554752642e-01,5.589925795386612162e-01,1.888705819323052536e-05,1.316697341791955118e-03,6.351089168676310633e-03,4.633495416864783609e-43
1.138935562294537813e+05,7.996971751883177326e-01,4.899260398382629091e+02,2.323666774079689301e-01,5.596331351785465147e-01,1.898634184770477682e-05,1.320645038436075568e-03,6.357731221518483390e-03,4.744539848346764561e-43
1.138799387233879243e+05,8.006138202757432376e-01,4.900381526566139314e+02,2.326314747420906992e-01,5.602742790181421961e-01,1.908609802115831513e-05,1.324602753302539732e-03,6.364377664186326652e-03,4.858187589050297958e-43
1.138663212173220672e+05,8.015313084216771911e-01,4.901502584238255054e+02,2.328965116193291440e-01,5.609160114708201528e-01,1.918632871670050894e-05,1.328570506841700609e-03,6.371028495969390491e-03,4.974498302470508262e-43
1.138527037112562102e+05,8.024496402230262282e-01,4.902623571424519469e+02,2.331617882012423648e-01,5.615583329501541154e-01,1.928703594482644761e-05,1.332548319534115986e-03,6.377683716150643438e-03,5.093532987895952713e-43
1.138390862051903532e+05,8.033688162770026286e-01,4.903744488150460938e+02,2.334273046494628190e-01,5.622012438699203196e-01,1.938822172343754785e-05,1.336536211890437852e-03,6.384343324005533997e-03,5.215354009603195148e-43
1.137037764492526476e+05,8.125481707362414152e-01,4.914878605438287877e+02,2.360786653572058968e-01,5.686216169538915732e-01,2.042009322761193096e-05,1.376713862563348984e-03,6.450754469352971802e-03,6.591715137324420082e-43
1.135684666933149565e+05,8.218115280141979895e-01,4.926005793408936597e+02,2.387538838778796024e-01,5.751006356216146198e-01,2.150144700955331436e-05,1.417909077209229644e-03,6.517597990484805259e-03,8.321612696004834219e-43
1.134331569373772509e+05,8.311594789432168451e-01,4.937126076860405988e+02,2.414531199475141443e-01,5.816387090805373861e-01,2.263438549856753345e-05,1.460142466985336028e-03,6.584873062681663447e-03,1.049337192188634249e-42
1.132978471814395598e+05,8.405926173552605851e-01,4.948239480443141929e+02,2.441765340113158933e-01,5.882362485230177018e-01,2.382108834206416438e-05,1.503434941804206995e-03,6.652578790780773466e-03,1.321676467466739590e-42
1.131625374255018542e+05,8.501115400912413467e-01,4.959346028661479409e+02,2.469242872259124200e-01,5.948936671300634194e-01,2.506381475969026443e-05,1.547807712367411589e-03,6.720714208138767534e-03,1.662806661158682439e-42
1.131108367990963889e+05,8.537714101916531462e-01,4.963587934670939603e+02,2.479806392007533333e-01,5.974533038008414954e-01,2.555392994288415313e-05,1.565051888457204320e-03,6.746861371658159807e-03,1.814734454314740065e-42
1.130591361726909236e+05,8.574439253645215198e-01,4.967828844753220778e+02,2.490405772140715512e-01,6.000217662661143647e-01,2.605269894814222999e-05,1.582458130126960551e-03,6.773071055259589739e-03,1.980218716320767663e-42
1.130074355462854583e+05,8.611291192527937843e-01,4.972068760258578664e+02,2.501041103382786734e-01,6.025990778048253560e-01,2.656025741974014275e-05,1.600027655696327706e-03,6.799343196574100974e-03,2.160439960437802499e-42
1.129557349198799930e+05,8.648270255642197535e-01,4.976307682534255719e+02,2.511712476611152600e-01,6.051852617385995448e-01,2.707674284263168548e-05,1.617761690013078905e-03,6.825677731648966719e-03,2.356678951445707544e-42
1.129040342934745277e+05,8.685376780712857903e-01,4.980545612924471470e+02,2.522419982856394238e-01,6.077803414316775843e-01,2.760229456319183248e-05,1.635661464468548100e-03,6.852074594936830368e-03,2.570325001578209209e-42
1.128523336670690624e+05,8.722611106113252744e-01,4.984782552770438997e+02,2.533163713302476472e-01,6.103843402909662208e-01,2.813705381013541291e-05,1.653728217013483281e-03,6.878533719287600878e-03,2.802884934846579528e-42
1.127489324142595578e+05,8.797464514643437150e-01,4.993253466179509701e+02,2.554760212301324662e-01,6.156191893492969358e-01,2.923476933653219225e-05,1.690367641065011750e-03,6.931638474512678665e-03,3.331420193421168423e-42
1.126455311614500388e+05,8.872833201217558141e-01,5.001720433431449919e+02,2.576502706155265887e-01,6.208899970232324428e-01,3.037105770475332351e-05,1.727689997550954301e-03,6.984991427741568150e-03,3.957077506717557485e-42
1.125421299086405197e+05,8.948719896244816674e-01,5.010183465148841151e+02,2.598391929879250717e-01,6.261969521068891931e-01,3.154711868451767976e-05,1.765705427792155007e-03,7.038591983191057506e-03,4.697236041144980611e-42
1.124387286558310007e+05,9.025127340583488644e-01,5.018642571907222418e+02,2.620428620962181876e-01,6.315402440797679429e-01,3.276418423378941813e-05,1.804424179531815197e-03,7.092439518597172879e-03,5.572301027020732584e-42
1.123353274030214961e+05,9.102058285565621798e-01,5.027097764235438717e+02,2.642613519373545605e-01,6.369200631076488150e-01,3.402351921204343864e-05,1.843856607413872075e-03,7.146533384932522541e-03,6.606216045116360271e-42
1.122319261502119771e+05,9.179515493021734862e-01,5.035549052615992309e+02,2.664947367570140724e-01,6.423366000434763690e-01,3.532642210548741780e-05,1.884013173454715572e-03,7.200872906122738996e-03,7.827059560388667594e-42
1.116305805611957621e+05,9.640553220796647116e-01,5.084621960275127321e+02,2.797823845662351094e-01,6.745749225242605451e-01,4.383814783494717439e-05,2.132453733026270625e-03,7.521723108307555757e-03,2.072924356391666229e-41
1.110292349721795617e+05,1.012003725246112484e+00,5.133565200929444927e+02,2.935911716503660784e-01,7.080997909689509262e-01,5.415870849715829284e-05,2.407905801521138204e-03,7.850698116777020050e-03,5.379280375956086261e-41
1.104278893831633468e+05,1.061853223895872889e+00,5.182380747310845663e+02,3.079362106353557005e-01,7.429501371800648624e-01,6.662058019434018575e-05,2.712648439300866313e-03,8.187607060957658583e-03,1.368735800051684438e-40
1.098265437941471464e+05,1.113661522658321967e+00,5.231070524239720498e+02,3.228329103017224533e-01,7.791656912903293097e-01,8.160752399376716552e-05,3.049089987256877431e-03,8.532223555019381386e-03,3.417082269492741662e-40
1.092251982051309315e+05,1.167487582203353247e+00,5.279636410640653139e+02,3.382969811915642611e-01,8.167869861748919824e-01,9.956087638301100418e-05,3.419770287928935396e-03,8.884283672584532970e-03,8.375386064091905300e-40
1.086238526161147311e+05,1.223391635767397734e+00,5.328080241463369475e+02,3.543444416623283133e-01,8.558553613218515821e-01,1.209863803080814238e-04,3.827362520581317588e-03,9.243483882328165646e-03,2.016644482404083872e-39
1.080225070270985161e+05,1.281435205697148971e+00,5.376403809517890977e+02,3.709916244197528634e-01,8.964129661442937769e-01,1.464615741154986779e-04,4.274674608283434915e-03,9.609478950703928199e-03,4.772867913143071106e-39
1.071453186817701790e+05,1.370070835702547285e+00,5.446681793137495333e+02,3.963849972357947893e-01,9.583343256285417056e-01,1.922643044613364194e-04,5.004519393752201659e-03,1.015472913999761716e-02,1.627967589785959052e-38
1.062681303364418418e+05,1.463593021296056174e+00,5.516712891871159172e+02,4.231429365253535080e-01,1.023652555689029686e+00,2.504854439771992953e-04,5.834827882383902820e-03,1.071221575531372192e-02,5.368145554899794471e-38
1.053909419911135046e+05,1.562207929917980742e+00,5.586502233904161585e+02,4.513199422172312625e-01,1.092507814881673145e+00,3.239715567427507974e-04,6.775869550903148956e-03,1.128033171143104016e-02,1.713884698173611138e-37
1.045137536457851675e+05,1.666127935132881488e+00,5.656054792432572640e+02,4.809721202337532420e-01,1.165043964366916596e+00,4.160975033676436665e-04,7.838519301963197891e-03,1.185723372688094607e-02,5.305744362818307942e-37
1.036365653004568303e+05,1.775571726654552984e+00,5.725375394917522271e+02,5.121572500823835528e-01,1.241408566948354997e+00,5.308387247638120645e-04,9.034242129257546994e-03,1.244082876979315383e-02,1.594821193727655514e-36
1.027593769551284931e+05,1.890764420681299018e+00,5.794468731790017273e+02,5.449348595084223534e-01,1.321752881459573370e+00,6.728486766944795101e-04,1.037506981400880719e-02,1.302876122260072413e-02,4.660578394514569557e-36
1.020367442939023022e+05,1.990143155523851126e+00,5.851220709336288337e+02,5.731768846001471518e-01,1.391040107047728513e+00,8.141246385655453305e-04,1.159752844055653848e-02,1.351451079685504937e-02,1.104821440031710094e-35
1.013141116326761257e+05,2.093713405116047532e+00,5.907824037963744104e+02,6.025765401512932495e-01,1.463221775038441308e+00,9.810192321838132664e-04,1.293426137464122154e-02,1.399980931948837867e-02,2.573255898340115335e-35
1.005914789714499348e+05,2.201611171643163001e+00,5.964281152893858007e+02,6.331700267140436544e-01,1.538388073030801051e+00,1.177409742542217305e-03,1.439275462657773827e-02,1.448290752919773050e-02,5.892280067958334644e-35
9.986884631022374379e+04,2.313975604839426659e+00,6.020594438993452968e+02,6.649945062920521455e-01,1.616630870208899395e+00,1.407631035890472134e-03,1.598067773693772134e-02,1.496191956564657186e-02,1.327250931788737611e-34
9.914621364899755281e+04,2.430949045265250241e+00,6.076766233290541095e+02,6.980881451147890049e-01,1.698043712469455846e+00,1.676510053947800633e-03,1.770585600355400330e-02,1.543482162350239863e-02,2.942667555209073617e-34
9.842358098777136183e+04,2.552677068114279635e+00,6.132798827370983190e+02,7.324901593721814264e-01,1.782721818651743950e+00,1.989400050969563315e-03,1.957623822292220775e-02,1.589945181646054001e-02,6.425209511866848954e-34
9.770094832654518541e+04,2.679308527674113094e+00,6.188694469659429842e+02,7.682408639891065150e-01,1.870762078595252120e+00,2.352214026373728329e-03,2.159985957857960687e-02,1.635351148480001376e-02,1.382361200449667129e-33
9.697831566531899443e+04,2.810995602590576681e+00,6.244455367588927857e+02,8.053817245037405703e-01,1.962263053866593721e+00,2.771456717828160894e-03,2.378479929671974483e-02,1.679456820569549813e-02,2.932010481166286354e-33
9.625568300409280346e+04,2.947893842109147844e+00,6.300083689662511688e+02,8.439554120925792935e-01,2.057324982117301193e+00,3.254254426277994501e-03,2.613913268159210115e-02,1.722006079140019422e-02,6.133844361741999199e-33
9.565624371741428331e+04,3.065521836189303517e+00,6.346129501804883830e+02,8.770717657442079762e-01,2.138955883250533763e+00,3.708515852229940166e-03,2.822638207830030152e-02,1.755928926403401910e-02,1.120114757688060228e-32
9.505680443073576316e+04,3.186937533512206766e+00,6.392086753331439013e+02,9.112300314070640450e-01,2.223166264367068212e+00,4.216635095998384417e-03,3.044022866607949337e-02,1.788437397599699358e-02,2.027380769232833769e-32
9.445736514405722846e+04,3.312235141551549855e+00,6.437956626563255895e+02,9.464566287802885780e-01,2.310016002975593175e+00,4.783724840416476477e-03,3.278510799361255418e-02,1.819367696163955508e-02,3.637992717736196688e-32
9.385792585737870832e+04,3.441510549396625596e+00,6.483740288543908719e+02,9.827786563243118279e-01,2.399565801101226192e+00,5.415228355657263418e-03,3.526534525561439426e-02,1.848551835981622482e-02,6.473657075350443540e-32
9.325848657070018817e+04,3.574861348830006946e+00,6.529438891664536868e+02,1.020223918381214734e+00,2.491877199698348644e+00,6.116922607080499917e-03,3.788512452110397860e-02,1.875818362225616445e-02,1.142625054820580016e-31
9.265904728402165347e+04,3.712386856203440111e+00,6.575053574255864532e+02,1.058820953177029400e+00,2.587012596709336254e+00,6.894918776900252344e-03,4.064845553813856843e-02,1.900993200203548311e-02,2.000903425767128044e-31
9.205960799734313332e+04,3.854188135204840826e+00,6.620585461146733905e+02,1.098599061627750784e+00,2.685035269237530109e+00,7.755659836288865232e-03,4.355913807877502542e-02,1.923900642449560827e-02,3.477094183162142752e-31
9.135986860820496804e+04,4.025262278252220938e+00,6.673632638303238309e+02,1.146567245278535596e+00,2.803197535765793447e+00,8.874151811080017646e-03,4.714797023226102723e-02,1.947537516454862436e-02,6.565645610450663182e-31
9.066012921906680276e+04,4.202469647842058897e+00,6.726570256085848314e+02,1.196235140546863862e+00,2.925485340910042531e+00,1.012594323332577373e-02,5.094756351734355121e-02,1.967565963448417513e-02,1.227668547548530741e-30
8.996038982992865203e+04,4.385980308880429668e+00,6.779400039385499213e+02,1.247653629747454085e+00,3.052004223346596046e+00,1.152290205890655651e-02,5.496243407256608954e-02,1.983711965490807944e-02,2.273915527240620239e-30
8.926065044079048675e+04,4.575967778281348153e+00,6.832123691766314550e+02,1.300875254881170173e+00,3.182861644134026946e+00,1.307741157398656547e-02,5.919636955004894258e-02,1.995709814211277244e-02,4.173497126429648810e-30
8.856091105165232148e+04,4.772609089090257939e+00,6.884742896253707158e+02,1.355954284040115754e+00,3.318167101695842280e+00,1.480231609349144835e-02,6.365232546652027645e-02,2.003306179429237624e-02,7.592732470383197851e-30
8.786117166251415620e+04,4.976084858808439648e+00,6.937259316020703181e+02,1.412946776673812410e+00,3.458032264935736677e+00,1.671085318759515936e-02,6.833231782629987927e-02,2.006264618499449884e-02,1.369634063551942811e-29
8.716143227337599092e+04,5.186579362274937210e+00,6.989674594967018493e+02,1.471910646624134289e+00,3.602571125382688422e+00,1.881657171504251547e-02,7.323731347336177866e-02,2.004370507970451229e-02,2.450488119180687594e-29
8.646169288423782564e+04,5.404280609441883598e+00,7.041990358184746128e+02,1.532905721617007888e+00,3.751900168877460917e+00,2.113323523484746808e-02,7.836712012039342978e-02,1.997436359217324986e-02,4.349301217390412589e-29
8.565303819085925352e+04,5.665095512082293894e+00,7.102327283120964694e+02,1.606005874011044332e+00,3.930595355857700479e+00,2.409141022937917945e-02,8.457342915415985707e-02,1.982944283000626085e-02,8.362299544656195813e-29
8.484438349748069595e+04,5.936094152713184080e+00,7.162535896204772143e+02,1.682000101738894138e+00,4.116036015854808383e+00,2.737117582541442884e-02,9.107343779981852405e-02,1.961342149424989342e-02,1.592261880731051883e-28
8.403572880410212383e+04,6.217586273246737072e+00,7.222618614374837307e+02,1.760990811483595264e+00,4.308416561721313265e+00,3.099355297728388983e-02,9.785997307504075426e-02,1.932537398951054974e-02,3.003806605497189121e-28
8.322707411072355171e+04,6.509888986012032142e+00,7.282577821965550129e+02,1.843084131391046432e+00,4.507937547236807951e+00,3.497892338839016929e-02,1.049230771851439453e-01,1.896530681064608967e-02,5.616669089905101628e-28
8.241841941734497959e+04,6.813326994162532735e+00,7.342415870147204942e+02,1.928389925805990446e+00,4.714806192836292098e+00,3.934670122845173451e-02,1.122499041918044727e-01,1.853427009999253014e-02,1.041381923137252404e-27
8.175458551655687916e+04,7.070978732862301719e+00,7.391448683869007255e+02,2.000899147017128232e+00,4.890269152149037346e+00,4.323085200158825747e-02,1.184506966337555145e-01,1.812888506079403036e-02,1.718278364441848987e-27
8.109075161576876417e+04,7.336546445472549749e+00,7.440402674954050326e+02,2.075714375251860311e+00,5.070950503332051440e+00,4.739416097553673934e-02,1.248084608311458982e-01,1.767894508196710124e-02,2.820353628403716767e-27
8.042691771498066373e+04,7.610221894007917598e+00,7.489279090741416667e+02,2.152901879431989407e+00,5.256976412255425224e+00,5.184500079093852520e-02,1.313117684503626870e-01,1.718683307919442738e-02,4.606027043781099366e-27
7.976308381419254874e+04,7.892200689505284750e+00,7.538079161116302203e+02,2.232529468139877071e+00,5.448476889418049751e+00,5.659080393779755691e-02,1.379480295637679765e-01,1.665549844578419203e-02,7.485912203661179634e-27
7.909924991340444831e+04,8.182682386411281428e+00,7.586804097655784744e+02,2.314666406960750766e+00,5.645585923170858500e+00,6.163798983360139344e-02,1.447036232687839985e-01,1.608844317728726908e-02,1.210978608273226024e-26
7.843541601261634787e+04,8.481870576069873380e+00,7.635455092676476170e+02,2.399383318333264015e+00,5.848441578106006844e+00,6.699191920932627553e-02,1.515640699622808896e-01,1.548969045900073019e-02,1.950181976647555915e-26
7.777158211182823288e+04,8.789972978044263030e+00,7.684033318200224585e+02,2.486752065631065101e+00,6.057186051609081190e+00,7.265688138058336298e-02,1.585142450895626054e-01,1.486373433398516589e-02,3.127007651988435143e-26
7.710774821104013245e+04,9.107201527904434712e+00,7.732539924860014935e+02,2.576845624476946650e+00,6.271965682872196801e+00,7.863611896783388733e-02,1.655386316051833118e-01,1.421546998226253314e-02,4.992986780670722341e-26
7.626049025606183568e+04,9.525684067585746817e+00,7.794347150737055472e+02,2.695908528254960856e+00,6.555097116340358632e+00,8.672749826642164872e-02,1.745869603222159616e-01,1.336396440181743077e-02,9.019622997275582329e-26
7.541323230108353891e+04,9.959845362858681383e+00,7.856041836588806291e+02,2.819686277472365887e+00,6.848627234521784679e+00,9.533710618269307380e-02,1.836988430337532507e-01,1.249590164810178428e-02,1.618977867303209909e-25
7.476299403052600974e+04,1.030397619278708632e+01,7.903315227751451175e+02,2.917977198362607716e+00,7.081160707878713545e+00,1.022967245610087728e-01,1.907159396957653907e-01,1.182562228898867938e-02,2.525731367891477507e-25
7.411275575996848056e+04,1.065783747765951794e+01,7.950524620801359106e+02,3.019209595335624385e+00,7.320168552797567507e+00,1.095620113973463094e-01,1.977399200947635161e-01,1.115739803424087989e-02,3.926256576008780442e-25
7.346251748941096594e+04,1.102165150280661798e+01,7.997670967957237735e+02,3.123455592728211272e+00,7.565807861372124243e+00,1.171326527537723955e-01,2.047593083906550093e-01,1.049608756184221281e-02,6.081902917479369500e-25
7.281227921885343676e+04,1.139564481259850837e+01,8.044755195985143246e+02,3.230787647724151057e+00,7.818238574348517211e+00,1.250083276633536244e-01,2.117640327285434665e-01,9.846230133948584082e-03,9.388310447735266061e-25
7.216204094829590758e+04,1.178004824150279006e+01,8.091778205812220222e+02,3.341278522184113697e+00,8.077623264746579324e+00,1.331889093307778160e-01,2.187455932279254167e-01,9.211952013400229525e-03,1.444224288107677363e-24
7.151180267773839296e+04,1.217509694001641662e+01,8.138740872344999389e+02,3.455001285778279030e+00,8.344126937584833925e+00,1.416746536789420530e-01,2.256971722477460474e-01,8.596890726555743781e-03,2.214052591528419249e-24
7.086156440718086378e+04,1.258103039668374912e+01,8.185644044499955498e+02,3.572029350121029623e+00,8.617916857399857022e+00,1.504663657651300612e-01,2.326136827424896414e-01,8.004140655217886757e-03,3.382591479326434302e-24
7.021132613662334916e+04,1.299809245770807387e+01,8.232488545447251909e+02,3.692436531496198882e+00,8.899162412782752440e+00,1.595655366122562258e-01,2.394917550344603241e-01,7.436221782380347811e-03,5.150126400326241872e-24
6.949046831665310310e+04,1.347375776639616340e+01,8.284353014062054399e+02,3.829960160244112455e+00,9.219874691816587031e+00,1.700150769956144670e-01,2.470698630578396227e-01,6.837974282009369985e-03,8.174535853174771954e-24
6.876961049668285705e+04,1.396374988741589540e+01,8.336147407105032698e+02,3.971830195520834383e+00,9.550197124669990600e+00,1.808496437033120519e-01,2.545984862244482505e-01,6.274437297341561859e-03,1.291986003041722842e-23
6.804875267671261099e+04,1.446842001138249678e+01,8.387872740376743650e+02,4.118149849309368449e+00,9.890369115222092944e+00,1.920749101349956411e-01,2.620795042265373076e-01,5.746632489551904005e-03,2.033248720174025849e-23
6.732789485674236494e+04,1.498812604588782627e+01,8.439529995336074535e+02,4.269023642725220391e+00,1.024063313541189046e+01,2.036978773219431937e-01,2.695165309189107572e-01,5.254859509800376138e-03,3.186023143557524640e-23
6.660703703677211888e+04,1.552323266420346926e+01,8.491120120837366585e+02,4.424557612036900345e+00,1.060123485565649126e+01,2.157268162359960439e-01,2.769145856620685575e-01,4.798794611991619163e-03,4.970740633790988624e-23
6.588617921680187283e+04,1.607411136208887115e+01,8.542644034968071765e+02,4.584859503248545742e+00,1.097242331962269368e+01,2.281711747524242662e-01,2.842797666516866939e-01,4.377597813551995301e-03,7.721404210708769641e-23
6.516532139683162677e+04,1.664114052301789926e+01,8.594102626925334789e+02,4.750038948501448033e+00,1.135445114781569487e+01,2.410414619973530181e-01,2.916189437978725651e-01,3.990020905533874819e-03,1.194168590651613998e-22
6.444446357686138072e+04,1.722470549165276310e+01,8.645496758878944092e+02,4.920207620369962953e+00,1.174757475586694078e+01,2.543491216789920961e-01,2.989394835166516717e-01,3.634510220202116174e-03,1.838750250924203605e-22
6.372360575689113466e+04,1.782519865503602219e+01,8.696827267778148780e+02,5.095479362630396913e+00,1.215205457583723359e+01,2.681064040285700556e-01,3.062490126744276120e-01,3.309299865142298434e-03,2.818797610149061383e-22
6.300274793692088861e+04,1.844301953074194245e+01,8.748094967070652501e+02,5.275970298065838726e+00,1.256815527172552649e+01,2.823262436280252752e-01,3.135552244618701190e-01,3.012492860365722537e-03,4.302177097798154942e-22
6.228189011695064255e+04,1.907857486111104350e+01,8.799300648312218982e+02,5.461798915255135611e+00,1.299614594319555039e+01,2.970221480703989503e-01,3.208657254963803163e-01,2.742129093670759785e-03,6.537294020795034231e-22
6.138734819833911024e+04,1.989254273025036213e+01,8.862758794501230568e+02,5.700004815012134962e+00,1.354420091535541459e+01,3.159418751502851008e-01,3.299546875556658154e-01,2.440437177548655193e-03,1.092029858034524717e-21
6.049280627972757065e+04,2.073526584225286840e+01,8.926124056365321167e+02,5.946853196719851908e+00,1.411152090310247154e+01,3.356438145803961604e-01,3.390751703635936920e-01,2.172757486698982752e-03,1.811947081543737705e-21
5.959826436111603834e+04,2.160756932871178648e+01,8.989397825493667824e+02,6.202586494171657527e+00,1.469865111335837149e+01,3.561562494289473024e-01,3.482398925940728973e-01,1.935579158191854570e-03,2.986427074355489320e-21
5.870372244250450603e+04,2.251029657968419428e+01,9.052581455023088211e+02,6.467453245933135086e+00,1.530614896897684751e+01,3.775080565628884943e-01,3.574606906151541197e-01,1.725617596703497847e-03,4.889671557759200054e-21
5.780918052389297372e+04,2.344430957788163639e+01,9.115676262383283301e+02,6.741708163748651117e+00,1.593458445652835920e+01,3.997286041651993416e-01,3.667485072613717589e-01,1.539846178048398170e-03,7.953515265446508763e-21
5.691463860528144141e+04,2.441048923868879328e+01,9.178683531681126624e+02,7.025612189488860793e+00,1.658454043524808341e+01,4.228476846526674215e-01,3.761134204176584950e-01,1.375508881633394440e-03,1.285357985275498892e-20
5.602009668666990183e+04,2.540973575473091728e+01,9.241604515769510044e+02,7.319432546969927955e+00,1.725661291574848377e+01,4.468954756613104373e-01,3.855646969682643976e-01,1.230119382293030569e-03,2.064008394593719830e-20
5.512555476805836952e+04,2.644296894412433119e+01,9.304440438043802715e+02,7.623442793150537078e+00,1.795141131625927144e+01,4.719025225063269713e-01,3.951108611640616330e-01,1.101451044378558373e-03,3.293520332207285187e-20
5.423101284944683721e+04,2.751112860186733400e+01,9.367192494006017114e+02,7.937922871657730362e+00,1.866955870285745789e+01,4.978997365808584541e-01,4.047597695350266256e-01,9.875212352808547967e-04,5.222899908583809025e-20
5.333647093083530490e+04,2.861517485406833572e+01,9.429861852632267301e+02,8.263159170497583972e+00,1.941169201907586483e+01,5.249184051438872123e-01,4.145186868700019289e-01,8.865724857959678736e-04,8.232045622470550452e-20
5.244192901222376531e+04,2.975608851488258111e+01,9.492449657574472894e+02,8.599444584886683174e+00,2.017846230894012294e+01,5.529902090034640727e-01,4.243943597471828699e-01,7.970522991894735685e-04,1.289708913123553257e-19
5.136514121516556042e+04,3.117976127615184367e+01,9.567681950866996203e+02,9.019321393581662960e+00,2.113506816434746938e+01,5.882234285863617851e-01,4.364457625943332086e-01,7.025270416769335965e-04,2.196834047348241478e-19
5.028835341810734826e+04,3.266009520049836823e+01,9.642799603924219127e+02,9.456177426851557044e+00,2.212952558266462688e+01,6.250859780752503481e-01,4.486856966981375150e-01,6.205162091198568406e-04,3.710718725013647439e-19
4.921156562104914337e+04,3.419892479640849814e+01,9.717804477663464695e+02,9.910561972498886263e+00,2.316305413559111059e+01,6.636356952715000146e-01,4.611237449692423551e-01,5.492480771639154588e-04,6.216570146412287726e-19
4.813477782399093121e+04,3.579813138073480872e+01,9.792698388034262962e+02,1.038303870111333005e+01,2.423690503700001386e+01,7.039314890712439210e-01,4.737689439485390230e-01,4.872096099533361068e-04,1.033122934226410387e-18
4.705799002693272632e+04,3.745964402188819520e+01,9.867483107698074036e+02,1.087418589814154046e+01,2.535236171429009033e+01,7.460334106866077786e-01,4.866298893543048454e-01,4.331094200057423061e-04,1.703480152485681655e-18
4.598120222987451416e+04,3.918544049353510417e+01,9.942160367542188624e+02,1.138459670878628138e+01,2.651074039073492727e+01,7.900027229534637430e-01,4.997148256707159564e-01,3.858453836970582871e-04,2.787279694451405693e-18
4.535112639997067163e+04,4.022590078009576331e+01,9.985808152637077910e+02,1.169243679917937051e+01,2.720900245815732887e+01,8.166220746116567009e-01,5.074784705878389035e-01,3.609775587777802413e-04,3.705009679444301615e-18
4.529597425964820286e+04,4.031806921787504905e+01,9.989627041666277592e+02,1.171971076638755349e+01,2.727085368002502008e+01,8.189840058261801392e-01,5.081618744762786966e-01,3.588911549571766643e-04,3.798012201938237126e-18
4.524082211932573409e+04,4.041041505916232524e+01,9.993445655997109043e+02,1.174703789849643343e+01,2.733282333594093316e+01,8.213511059636927625e-01,5.088458999370750746e-01,3.568188100832816621e-04,3.893273473815849722e-18
4.518566997900326533e+04,4.050293858428510418e+01,9.997263995850607898e+02,1.177441827965176557e+01,2.739491161262044727e+01,8.237233836078921012e-01,5.095305479890199774e-01,3.547604191542265981e-04,3.990846482402528504e-18
4.517474058370523562e+04,4.052129491512026505e+01,9.998020636468356770e+02,1.177985052699484392e+01,2.740722962773792659e+01,8.241941088142666905e-01,5.096662974109208433e-01,3.543541592758829312e-04,4.010461480957826698e-18
4.516381118840721319e+04,4.053965823691343928e+01,9.998777266317604244e+02,1.178528486941306141e+01,2.741955231001058024e+01,8.246650377271563803e-01,5.098020713154470807e-01,3.539484424377637058e-04,4.030169814420380707e-18
4.515288179310919077e+04,4.055802855185110900e+01,9.999533885400066993e+02,1.179072130758857107e+01,2.743187966080272133e+01,8.251361704537801822e-01,5.099378697382445091e-01,3.535432679088167671e-04,4.049971911609063691e-18
4.515136974781897152e+04,4.056057057427492651e+01,9.999638560272153427e+02,1.179147358570224746e+01,2.743358547625573252e+01,8.252013661439242531e-01,5.099566589275492667e-01,3.534872560267099091e-04,4.052718872964829619e-18
4.514985770252875955e+04,4.056311273059375822e+01,9.999743234938202932e+02,1.179222590391978009e+01,2.743529138110315202e+01,8.252665657328012161e-01,5.099754485828856820e-01,3.534312544987644271e-04,4.055467638371345189e-18
4.514834565723854030e+04,4.056565502081340924e+01,9.999847909398221191e+02,1.179297826226138568e+01,2.743699737535311556e+01,8.253317692186674659e-01,5.099942387038063352e-01,3.533752633205307012e-04,4.058218208994035290e-18
4.514683361194832833e+04,4.056819744493965629e+01,9.999952583652211615e+02,1.179373066075824461e+01,2.743870345895900797e+01,8.253969766244729778e-01,5.100130293066328369e-01,3.533192825326212641e-04,4.060970585739650083e-18
4.514380952136930864e+04,4.057328269493595485e+01,1.000016193148375692e+03,1.179523990085129803e+01,2.744211159458265570e+01,8.255317060327795886e-01,5.100462783385715237e-01,3.532151411595948489e-04,4.066437095791985839e-18
4.514138477865719324e+04,4.057736048055466682e+01,1.000032978776733103e+03,1.179644667317469064e+01,2.744484797375173812e+01,8.256362946856999896e-01,5.100764135167702440e-01,3.531254218223189682e-04,4.070860385681680798e-18
4.513896003594507783e+04,4.058143861059477331e+01,1.000049764352948500e+03,1.179765354873756600e+01,2.744758458284581337e+01,8.257408933800072237e-01,5.101065499036374629e-01,3.530357290917988944e-04,4.075288334381821126e-18
4.513653529323295515e+04,4.058551708508027644e+01,1.000066549876197996e+03,1.179886052751129988e+01,2.745032142190223112e+01,8.258455021062138801e-01,5.101366874927614203e-01,3.529460629504041990e-04,4.079720946514163370e-18
4.513411055052083975e+04,4.058959590403507178e+01,1.000083335346483409e+03,1.180006760955260425e+01,2.745305849091150918e+01,8.259501208765213098e-01,5.101668262939428322e-01,3.528564234129892650e-04,4.084158226704694961e-18
4.512926106509519013e+04,4.059775457544809996e+01,1.000116906128169489e+03,1.180248208329181558e+01,2.745853331892713101e+01,8.261593885185881669e-01,5.102271075029615188e-01,3.526772240438861704e-04,4.093046810630351190e-18
4.512441157966954052e+04,4.060591462502503646e+01,1.000150476698021976e+03,1.180489697005750926e+01,2.746400906691156862e+01,8.263686963609835345e-01,5.102873935655550808e-01,3.524981310048933198e-04,4.101954123713675695e-18
4.511956209424389090e+04,4.061407605295706702e+01,1.000184047056055647e+03,1.180731226989631999e+01,2.746948573512494107e+01,8.265780443496254515e-01,5.103476844424779113e-01,3.523191441180418540e-04,4.110880204734461985e-18
4.511471260881823400e+04,4.062223885943541291e+01,1.000217617202285624e+03,1.180972798285294623e+01,2.747496332363316185e+01,8.267874325181401307e-01,5.104079801521599347e-01,3.521402633624547010e-04,4.119825091620808811e-18
4.506621775456314208e+04,4.070394278635449581e+01,1.000553307018663304e+03,1.183390784739971835e+01,2.752978985330798523e+01,8.288835252293178524e-01,5.110112031378943875e-01,3.503572774625335600e-04,4.210316747338885353e-18
4.501772290030805016e+04,4.078578477839760552e+01,1.000888975671090520e+03,1.185812908817053923e+01,2.758470855327988858e+01,8.309836420941418833e-01,5.116149100310203313e-01,3.485848277708464781e-04,4.302731598222671625e-18
4.496922804605295823e+04,4.086776502712469750e+01,1.001224623174491171e+03,1.188239176265032881e+01,2.763971955107005840e+01,8.330877890081475057e-01,5.122191015419406135e-01,3.468228452777068725e-04,4.397109124652948060e-18
4.492073319179786631e+04,4.094988372430974266e+01,1.001560249543772329e+03,1.190669592842133895e+01,2.769482297445430419e+01,8.351959718224295504e-01,5.128237783488613921e-01,3.450712613732113401e-04,4.493489588967489967e-18
4.489758332402090309e+04,4.098913339831744196e+01,1.001720459219586701e+03,1.191831259507884155e+01,2.772116018704019780e+01,8.362037746876230804e-01,5.131126027518817523e-01,3.442387591071123672e-04,4.540216699314198316e-18
4.487443345624393260e+04,4.102841468657369006e+01,1.001880664084375894e+03,1.192993873616614131e+01,2.774751850459496794e+01,8.372124992371242636e-01,5.134015379798151368e-01,3.434086035852168171e-04,4.587414114349271705e-18
4.485128358846696210e+04,4.106772760998937599e+01,1.002040864139758014e+03,1.194157435794523181e+01,2.777389794102438003e+01,8.382221461209731217e-01,5.136905841135384065e-01,3.425807874799297785e-04,4.635086407781614502e-18
4.482813372068999161e+04,4.110707218948852670e+01,1.002201059387350028e+03,1.195321946671217717e+01,2.780029851024765364e+01,8.392327159874717335e-01,5.139797412338253935e-01,3.417553034862954035e-04,4.683238196240891977e-18
4.480498385291302839e+04,4.114644844600601914e+01,1.002361249828768337e+03,1.196487406875003856e+01,2.782672022625376584e+01,8.402442094569793074e-01,5.142690094022482894e-01,3.409321442747115434e-04,4.731874139979920034e-18
4.475868411736049893e+04,4.122529607389081008e+01,1.002681616299545226e+03,1.198821177776165392e+01,2.787962715429339866e+01,8.422699698298687920e-01,5.148478792213284638e-01,3.392927712432347392e-04,4.830617351398789452e-18
4.471238438180797675e+04,4.130427066134379288e+01,1.003001963565003052e+03,1.201158753535248813e+01,2.793261883684463243e+01,8.442994323705760307e-01,5.154271941704526849e-01,3.376626105175741248e-04,4.931354202798496373e-18
4.466608464625545457e+04,4.138337237624200071e+01,1.003322291638043907e+03,1.203500139187812579e+01,2.798569538565201142e+01,8.463326022489581213e-01,5.160069548680290552e-01,3.360416046715227899e-04,5.034123572454611690e-18
4.461978491070293239e+04,4.146260138663949135e+01,1.003642600531556582e+03,1.205845339778046288e+01,2.803885691263146995e+01,8.483694846158780223e-01,5.165871619178025176e-01,3.344296966256455890e-04,5.138965069862745413e-18
4.457348517515041021e+04,4.154195786076761010e+01,1.003962890258417929e+03,1.208194360356748120e+01,2.809210352981394010e+01,8.504100846287375726e-01,5.171678159246356765e-01,3.328268296867834030e-04,5.245919048649897042e-18
4.433524929843738937e+04,4.195230927143121846e+01,1.005610642553443199e+03,1.220341863611339761e+01,2.836743425514120531e+01,8.609689919776978284e-01,5.201626680990510954e-01,3.247200997973055323e-04,5.831231002031733323e-18
4.409701342172436853e+04,4.236606293646227783e+01,1.007257889473469618e+03,1.232591331100256760e+01,2.864503615766025746e+01,8.716271716268035874e-01,5.231694524170922289e-01,3.168437598868436905e-04,6.479541436110131248e-18
4.385877754501134768e+04,4.278324199830235841e+01,1.008904632756809065e+03,1.244943457537341835e+01,2.892492464878774783e+01,8.823853327097160859e-01,5.261882508797103286e-01,3.091905495789913508e-04,7.197379778922246368e-18
4.362054166829832684e+04,4.320386972491401423e+01,1.010550874132977924e+03,1.257398941442161266e+01,2.920711522399999183e+01,8.932441878356544018e-01,5.292191451980950978e-01,3.017534546468672823e-04,7.991925835328169763e-18
4.338230579158530600e+04,4.362796951030752268e+01,1.012196615322749722e+03,1.269958485151251892e+01,2.949162346313959304e+01,9.042044531319566314e-01,5.322622168214536931e-01,2.945256983062664521e-04,8.871071907906637192e-18
4.299759746875315614e+04,4.432020500956361531e+01,1.014853141278677867e+03,1.290461394007372498e+01,2.995598638776685974e+01,9.221192535222335618e-01,5.372021486423388392e-01,2.832795570468111266e-04,1.049173995646476182e-17
4.261288914592100627e+04,4.502165553415462540e+01,1.017508374548320717e+03,1.311240491702247013e+01,3.042650027099385213e+01,9.403034234827002402e-01,5.421743867248227655e-01,2.725359304895229079e-04,1.239728771478273826e-17
4.229801110863992653e+04,4.560271050447902041e+01,1.019680686415721880e+03,1.328455525562548978e+01,3.081623327079255148e+01,9.553895099801087420e-01,5.462683691652314710e-01,2.640989157490431557e-04,1.420234464257424969e-17
4.198313307135884679e+04,4.619006177659277768e+01,1.021852140915760060e+03,1.345859276451242437e+01,3.121016882729918152e+01,9.706598092009625089e-01,5.503844067867352807e-01,2.559687934042888008e-04,1.626051883329522861e-17
4.166825503407776705e+04,4.678376535072032993e+01,1.024022741889097233e+03,1.363453426083196618e+01,3.160834424178579738e+01,9.861160304766228846e-01,5.545226845014382677e-01,2.481331246855218806e-04,1.860593113761337911e-17
4.135337699679668003e+04,4.738387762467922926e+01,1.026192493150910877e+03,1.381239668193703451e+01,3.201079708146208702e+01,1.001759894460010125e+00,5.586833867980470769e-01,2.405800165524831565e-04,2.127711502025721716e-17
4.103849895951560029e+04,4.799045539613293698e+01,1.028361398491087812e+03,1.399219708614754154e+01,3.241756518060507375e+01,1.017593133384091741e+00,5.628666978955385591e-01,2.332980965631248750e-04,2.431756275053563349e-17
4.072362092223452055e+04,4.860355586479625600e+01,1.030529461674408367e+03,1.417395265321740183e+01,3.282868664253837920e+01,1.033617490912171366e+00,5.670728016397933446e-01,2.262764885202363078e-04,2.777633615293341304e-17
4.009386484767377260e+04,4.984955571624047366e+01,1.034863076505174831e+03,1.454339860675702489e+01,3.366414341941139554e+01,1.066246595390519802e+00,5.755541216321810039e-01,2.129730493570831809e-04,3.617713006754943427e-17
3.946410877311302465e+04,5.112234290252870750e+01,1.039193367266248742e+03,1.492087443643220546e+01,3.451747766659241279e+01,1.099661393423571054e+00,5.841288143072425054e-01,2.005917732714841077e-04,4.701138668862601683e-17
3.883435269855227671e+04,5.242238972327229618e+01,1.043520363190386661e+03,1.530652202269786955e+01,3.538900403073354539e+01,1.133876262576180238e+00,5.927983459467703886e-01,1.890613179262208023e-04,6.095291530517371525e-17
3.820459662399152876e+04,5.375017512661808183e+01,1.047844093125520203e+03,1.570048525398353334e+01,3.627904159755085800e+01,1.168905775757845378e+00,6.015641829915322480e-01,1.783163343130741096e-04,7.885347773220423167e-17
3.757484054943078081e+04,5.510618478225087813e+01,1.052164585540036569e+03,1.610291004831052319e+01,3.718791393923346789e+01,1.204764704464030389e+00,6.104277933113332333e-01,1.682969315241433198e-04,1.017875026573109483e-16
3.694508447487003286e+04,5.649091115497966342e+01,1.056481868527906045e+03,1.651394437513764757e+01,3.811594916233505614e+01,1.241468021961378065e+00,6.193906473543060454e-01,1.589481912796703359e-04,1.311074592892358691e-16
3.602440096455296589e+04,5.856805642455795891e+01,1.062787881646319875e+03,1.713066993332490284e+01,3.950788608422742243e+01,1.296678298524417849e+00,6.326757245289588161e-01,1.463839522624949159e-04,1.890939815722023285e-16
3.510371745423589891e+04,6.070923514556162814e+01,1.069087179508117060e+03,1.776659513674007584e+01,4.094255026321746271e+01,1.353774044794640474e+00,6.461806963801650650e-01,1.350044292963568557e-04,2.715059788371606324e-16
3.418303394391882466e+04,6.291606661220357921e+01,1.075379845712615406e+03,1.842220663720999951e+01,4.242102061510012589e+01,1.412804461871591588e+00,6.599102137320026484e-01,1.246842898587090980e-04,3.881218905376275298e-16
3.326235043360175769e+04,6.519020285582239183e+01,1.081665962254844544e+03,1.909800096413824733e+01,4.394439787894231131e+01,1.473819741312626608e+00,6.738689587517494584e-01,1.153126774566203526e-04,5.524319270761440825e-16
3.234166692328469071e+04,6.753332916115218154e+01,1.087945609554471957e+03,1.979448467925073274e+01,4.551380495634028733e+01,1.536871084857309944e+00,6.880616492831257425e-01,1.067914207356986149e-04,7.829703764113443520e-16
3.142098341296762374e+04,6.994716458857635644e+01,1.094218866483713782e+03,2.051217453333355323e+01,4.713038725515696115e+01,1.602010723933011915e+00,7.024930426766369251e-01,9.903347619159860271e-05,1.105098706253554397e-15
3.050029990265055676e+04,7.243346250246081297e+01,1.100485810394275859e+03,2.125159762495671245e+01,4.879531303774547268e+01,1.669291938989149404e+00,7.171679391966108152e-01,9.196157286346183632e-05,1.553382718081123175e-15
2.908419293632725021e+04,7.640321665985440802e+01,1.110112873306075244e+03,2.243256996165201755e+01,5.145325539393216019e+01,1.777083107510120774e+00,7.402259291365929084e-01,8.226762351195027201e-05,2.602141403587623691e-15
2.766808597000394366e+04,8.055531089075229545e+01,1.119725449444701326e+03,2.366823845252870839e+01,5.423283687117641705e+01,1.890272416276835621e+00,7.638893306288175866e-01,7.382014150083074117e-05,4.318800426789170268e-15
2.625197900368063711e+04,8.489661889350576018e+01,1.129323800066487820e+03,2.496066997000510312e+01,5.713863726247247143e+01,2.009068923340520119e+00,7.881762996661295650e-01,6.643802151906715752e-05,7.103679112930642377e-15
2.483587203735733419e+04,8.943422192422855233e+01,1.138908178608113076e+03,2.631199398592548988e+01,6.017537456451468358e+01,2.133688100416950562e+00,8.131053043148435133e-01,5.996905656432041502e-05,1.158232729306844834e-14
2.341976507103402764e+04,9.417541369490679415e+01,1.148478830874814776e+03,2.772440404741309550e+01,6.334790822397211940e+01,2.264351997181940579e+00,8.386951413708721992e-01,5.428496874224925112e-05,1.872411599982194006e-14
2.200365810471072109e+04,9.912770535986518894e+01,1.158035995219993310e+03,2.920015927970549541e+01,6.666124244489152773e+01,2.401289406354083056e+00,8.649649515654331822e-01,4.927734860773143647e-05,3.001905372631123539e-14
2.058755113838741818e+04,1.042988305919054284e+02,1.167579902716764536e+03,3.074158591624710724e+01,7.012052955771351037e+01,2.544736029927621157e+00,8.919342336888217426e-01,4.485432833773375915e-05,4.773937085365758038e-14
1.917144417206411163e+04,1.096967507495247816e+02,1.177110777322020567e+03,3.235107885637370373e+01,7.373107345051856498e+01,2.694934646865023264e+00,9.196228579183979290e-01,4.093784901370376691e-05,7.532359008864818596e-14
1.622761914018561401e+04,1.216797396855385358e+02,1.196882935664542856e+03,3.592554971553714438e+01,8.174470908642831546e+01,3.029873757366136733e+00,9.795729869773690535e-01,3.413922938068082421e-05,1.896989796946250989e-13
1.608042788859154825e+04,1.223069142663347577e+02,1.197870123374783134e+03,3.611268591415936413e+01,8.216407998513957978e+01,3.047456790886718281e+00,9.826577357616691488e-01,3.384038722587989545e-05,1.984981964677050628e-13
1.593323663699748249e+04,1.229368296335923247e+02,1.198857177495761789e+03,3.630064489908781411e+01,8.258527858016175571e+01,3.065121642048995731e+00,9.857509672270911016e-01,3.354506644305830848e-05,2.076892560783723633e-13
1.578604538540341491e+04,1.235694957346485552e+02,1.199844098250608795e+03,3.648942966340113969e+01,8.300831149782683838e+01,3.082868614835896359e+00,9.888527053661136934e-01,3.325321837314537373e-05,2.172888698953608094e-13
1.578601594715260217e+04,1.235696225437171876e+02,1.199844295621432821e+03,3.648946750316478926e+01,8.300839628835929318e+01,3.082872172465924265e+00,9.888533265666304972e-01,3.325316034771177428e-05,2.172908318299030628e-13
1.578598650890178942e+04,1.235697493528962667e+02,1.199844492992251389e+03,3.648950534296158565e+01,8.300848107896533179e+01,3.082875730099306821e+00,9.888539477674986866e-01,3.325310232241775909e-05,2.172927937814688083e-13
1.578595707065097668e+04,1.235698761621857784e+02,1.199844690363064728e+03,3.648954318279156439e+01,8.300856586964509631e+01,3.082879287735925899e+00,9.888545689686787377e-01,3.325304429725663998e-05,2.172947557500904586e-13
1.578592763240016393e+04,1.235700029715857085e+02,1.199844887733872611e+03,3.648958102265466863e+01,8.300865066039844464e+01,3.082882845375869429e+00,9.888551901702220537e-01,3.325298627223445460e-05,2.172967177357348185e-13
1.578589819414935118e+04,1.235701297810960710e+02,1.199845085104675263e+03,3.648961886255093390e+01,8.300873545122546204e+01,3.082886403019108101e+00,9.888558113720957721e-01,3.325292824734862120e-05,2.172986797384190789e-13
1.578583931764914087e+04,1.235703834003376471e+02,1.199845479846269654e+03,3.648969454241030519e+01,8.300890503302620971e+01,3.082893518312726400e+00,9.888570537759936441e-01,3.325281219789631292e-05,2.173026037949453681e-13
1.578578044114892873e+04,1.235706370200209108e+02,1.199845874587842900e+03,3.648977022240229928e+01,8.300907461512143470e+01,3.082900633619585662e+00,9.888582961812514283e-01,3.325269614899236699e-05,2.173065279196152545e-13
1.578572156464871841e+04,1.235708906401459188e+02,1.199846269329394772e+03,3.648984590252689486e+01,8.300924419751127914e+01,3.082907748939566428e+00,9.888595385878643507e-01,3.325258010063462857e-05,2.173104521124365891e-13
1.578513279964236426e+04,1.235734268656904078e+02,1.199850216743741839e+03,3.649060271106613129e+01,8.301094003761029683e+01,3.082978902865004756e+00,9.888719627291342462e-01,3.325141964720164936e-05,2.173496977889700842e-13
1.578454403463601193e+04,1.235759631354072070e+02,1.199854164155958642e+03,3.649135953286617706e+01,8.301263590716548890e+01,3.083050058109201075e+00,9.888843870068648734e-01,3.325025924855642815e-05,2.173889502814715490e-13
1.578395526962965778e+04,1.235784994492969844e+02,1.199858111566045181e+03,3.649211636792718139e+01,8.301433180617719643e+01,3.083121214672346788e+00,9.888968114211310612e-01,3.324909890470391838e-05,2.174282095910532649e-13
1.578336650462330363e+04,1.235810358073603510e+02,1.199862058974001457e+03,3.649287321624939295e+01,8.301602773464591678e+01,3.083192372554349969e+00,9.889092359718598679e-01,3.324793861563310861e-05,2.174674757188737087e-13
1.577747885455976757e+04,1.236064018176825385e+02,1.199901532936403783e+03,3.650044242887805979e+01,8.303298863956065645e+01,3.083904023917850790e+00,9.890334889869906165e-01,3.323633873746190652e-05,2.178605122496205324e-13
1.577159120449623151e+04,1.236317722460679391e+02,1.199941006685796765e+03,3.650801296783561156e+01,8.304995249064209872e+01,3.084615807192170323e+00,9.891577556534971727e-01,3.322474433447429761e-05,2.182542318539983299e-13
1.576570355443269546e+04,1.236571470931561691e+02,1.199980480222194728e+03,3.651558483331448457e+01,8.306691928831641292e+01,3.085327722396717043e+00,9.892820359729078694e-01,3.321315540362924386e-05,2.186486356708537579e-13
1.576524558332699416e+04,1.236591210619338597e+02,1.199983550663938559e+03,3.651617386679635047e+01,8.306823917490675058e+01,3.085383104281301581e+00,9.892917036950710230e-01,3.321225418745212628e-05,2.186793431019367138e-13
1.576478761222129287e+04,1.236610950574511492e+02,1.199986621104393635e+03,3.651676290830556582e+01,8.306955907932817240e+01,3.085438486964318994e+00,9.893013714998586394e-01,3.321135300436625491e-05,2.187100546802849043e-13
1.576432964111559158e+04,1.236630690797083219e+02,1.199989691543560184e+03,3.651735195784227983e+01,8.307087900158104787e+01,3.085493870445665809e+00,9.893110393872593944e-01,3.321045185436784182e-05,2.187407704064473767e-13
1.576341369890560418e+04,1.236670172044434395e+02,1.199995832418027476e+03,3.651853008099850229e+01,8.307351889958160029e+01,3.085604639803559479e+00,9.893303754098944358e-01,3.320864965362754935e-05,2.188022143043665231e-13
1.576328123526411582e+04,1.236675881914359678e+02,1.199996720511395552e+03,3.651870046392861013e+01,8.307390068776156511e+01,3.085620659542008148e+00,9.893331718145327303e-01,3.320838903015751233e-05,2.188111016998162311e-13
1.576314877162262746e+04,1.236681591806656542e+02,1.199997608604655852e+03,3.651887084753035140e+01,8.307428247743337124e+01,3.085636679347229627e+00,9.893359682260554067e-01,3.320812840945149290e-05,2.188199894424348135e-13
1.576301630798114093e+04,1.236687301721324559e+02,1.199998496697808378e+03,3.651904123180369766e+01,8.307466426859701869e+01,3.085652699219226136e+00,9.893387646444825601e-01,3.320786779151235741e-05,2.188288775322217402e-13
1.576296332252454522e+04,1.236689585693455911e+02,1.199998851935039283e+03,3.651910938570107135e+01,8.307481698548015459e+01,3.085659107186764061e+00,9.893398832138038390e-01,3.320776354511449359e-05,2.188324328653372505e-13
1.576291033706794951e+04,1.236691869669166550e+02,1.199999207172252909e+03,3.651917753970592173e+01,8.307496970260207547e+01,3.085665515164916162e+00,9.893410017842261261e-01,3.320765929915767644e-05,2.188359882540073498e-13
1.576285735161135563e+04,1.236694153648456762e+02,1.199999562409449254e+03,3.651924569381822749e+01,8.307512241996259661e+01,3.085671923153822771e+00,9.893421203557496435e-01,3.320755505364310535e-05,2.188395436982300690e-13
1.576283615742899929e+04,1.236695067241461601e+02,1.199999704504321699e+03,3.651927295550170527e+01,8.307518350699292853e+01,3.085674486353064072e+00,9.893425677848856070e-01,3.320751335558398980e-05,2.188409658914620238e-13
1.576281496324664477e+04,1.236695980835038995e+02,1.199999846599191187e+03,3.651930021720235686e+01,8.307524459406144501e+01,3.085677049554005791e+00,9.893430152142181910e-01,3.320747165759747513e-05,2.188423880935786728e-13
1.576281063034808540e+04,1.236696167608426720e+02,1.199999875648800526e+03,3.651930579053421866e+01,8.307525708258908992e+01,3.085677573570165144e+00,9.893431066858326961e-01,3.320746313294608562e-05,2.188426788470096874e-13
1.576280629744952785e+04,1.236696354381838461e+02,1.199999904698409864e+03,3.651931136386684074e+01,8.307526957111842592e+01,3.085678097586316504e+00,9.893431981574223322e-01,3.320745460829288684e-05,2.188429696008290234e-13
1.576279763165099394e+04,1.236696727928709407e+02,1.199999962797628314e+03,3.651932251053346334e+01,8.307529454818021009e+01,3.085679145618823505e+00,9.893433811006473455e-01,3.320743755899897116e-05,2.188435511095650326e-13
1.576279589849157128e+04,1.236696802638097097e+02,1.199999974417472004e+03,3.651932473986720851e+01,8.307529954359347357e+01,3.085679355225372955e+00,9.893434176892982324e-01,3.320743414914200677e-05,2.188436674114901762e-13
1.576279416533214680e+04,1.236696877347488766e+02,1.199999986037315693e+03,3.651932696920106025e+01,8.307530453900696443e+01,3.085679564831963706e+00,9.893434542779410146e-01,3.320743073928481877e-05,2.188437837134765607e-13
1.576279069901329967e+04,1.236697026766279208e+02,1.200000009282220390e+03,3.651951973056466727e+01,8.307512617696411894e+01,3.085868330187984121e+00,9.891552485875512168e-01,3.319032336771178407e-05,2.189295928797600522e-13
1.576278723269445436e+04,1.236697176185084857e+02,1.200000032532342857e+03,3.651952418927525912e+01,8.307513616775042919e+01,3.085868749443389181e+00,9.891553217226398687e-01,3.319031654225313555e-05,2.189298256828868277e-13
1.576278376637560723e+04,1.236697325603905995e+02,1.200000055782465097e+03,3.651952864798634124e+01,8.307514615853772000e+01,3.085869168698873288e+00,9.891553948577254118e-01,3.319030971679739404e-05,2.189300584862452128e-13
1.576274910318289221e+04,1.236698819792959796e+02,1.200000288283683858e+03,3.651957323512230147e+01,8.307524606646705934e+01,3.085873361256044056e+00,9.891561262089011430e-01,3.319024146234116892e-05,2.189323865329515692e-13
1.576271443999017720e+04,1.236700313983545385e+02,1.200000520784894888e+03,3.651961782230428355e+01,8.307534597449853209e+01,3.085877553817794716e+00,9.891568575605191871e-01,3.319017320807263275e-05,2.189347146034697866e-13
1.576267977679746218e+04,1.236701808175662762e+02,1.200000753286098188e+03,3.651966240953219511e+01,8.307544588263213825e+01,3.085881746384123936e+00,9.891575889126357213e-01,3.319010495399658990e-05,2.189370426977771460e-13
1.576233314487031566e+04,1.236716750181086155e+02,1.200003078297711909e+03,3.652010828434088552e+01,8.307644496958641867e+01,3.085923672298939380e+00,9.891649024597300999e-01,3.318942242367505641e-05,2.189603249502700003e-13
1.576198651294317096e+04,1.236731692339692472e+02,1.200005403308561881e+03,3.652055416374819430e+01,8.307744406675561777e+01,3.085965598671144505e+00,9.891722160541615017e-01,3.318873991235965476e-05,2.189836095834795596e-13
1.576163988101602445e+04,1.236746634651482850e+02,1.200007728318648333e+03,3.652100004775418540e+01,8.307844317413982083e+01,3.086007525500713111e+00,9.891795296959122741e-01,3.318805742004692229e-05,2.190068965976496765e-13
1.576129324908887793e+04,1.236761577116458710e+02,1.200010053327971036e+03,3.652144593635892278e+01,8.307944229173916995e+01,3.086049452787622105e+00,9.891868433849836384e-01,3.318737494673516494e-05,2.190301859930213260e-13
1.575782692981600303e+04,1.236911010191700626e+02,1.200033303379196013e+03,3.652590507534461750e+01,8.308943402958182389e+01,3.086468750813407880e+00,9.892599828787568272e-01,3.318055125865010754e-05,2.192632109636879631e-13
1.575436061054312631e+04,1.237060458586917946e+02,1.200056553354057542e+03,3.653036467424582412e+01,8.309942678902972091e+01,3.086888094581076381e+00,9.893331271054705001e-01,3.317372947015861039e-05,2.194964743107415648e-13
1.575089429127024960e+04,1.237209922303416363e+02,1.200079803252559941e+03,3.653482473310195644e+01,8.310942057016994511e+01,3.087307484094550691e+00,9.894062760653941080e-01,3.316690958063453997e-05,2.197299762681157655e-13
1.574742797199737470e+04,1.237359401342501428e+02,1.200103053074707759e+03,3.653928525195219379e+01,8.311941537308935324e+01,3.087726919357881794e+00,9.894794297588888066e-01,3.316009158945956898e-05,2.199637170699417809e-13
1.571276477927427368e+04,1.238855034762949430e+02,1.200335547097646213e+03,3.658391574877880004e+01,8.321941961928061460e+01,3.091923789111514331e+00,9.902112271078468142e-01,3.309201595001121023e-05,2.223143132013261267e-13
1.567810158655117448e+04,1.240352201879036045e+02,1.200568033489950494e+03,3.662859228826033586e+01,8.331952613911420258e+01,3.096125238243921274e+00,9.909434981554748889e-01,3.302412946215794098e-05,2.246890529704999973e-13
1.564343839382807346e+04,1.241850903997980424e+02,1.200800512256010506e+03,3.667331490973298003e+01,8.341973501966651838e+01,3.100331270752678670e+00,9.916762432141174033e-01,3.295643150709619599e-05,2.270881741724273817e-13
1.560877520110497426e+04,1.243351142427897997e+02,1.201032983400212743e+03,3.671808365255977691e+01,8.352004634807370564e+01,3.104541890638226498e+00,9.924094625963845173e-01,3.288892146833647691e-05,2.295119168418259926e-13
1.557411200838187324e+04,1.244852918477809567e+02,1.201265446926940058e+03,3.676289855613122626e+01,8.362046021153207676e+01,3.108757101903727893e+00,9.931431566149672152e-01,3.282159873167340123e-05,2.319605232733501902e-13
1.525744624978140200e+04,1.258643812383919425e+02,1.203388766647488183e+03,3.717444917951971206e+01,8.454255355602899158e+01,3.147478438163786141e+00,9.998678495405588507e-01,3.221513861816191395e-05,2.555237267011317510e-13
1.494078049118093077e+04,1.272564144191214126e+02,1.205511454322528834e+03,3.758988572479721313e+01,8.547327829039399205e+01,3.186586360438091514e+00,1.006632419689270863e+00,3.162380258431654340e-05,2.813794183134203193e-13
1.462411473258045953e+04,1.286614922454114094e+02,1.207633513254520267e+03,3.800923854166050830e+01,8.641270159569306486e+01,3.226083953717273189e+00,1.013437107192280751e+00,3.104714797100907180e-05,3.097406905782019395e-13
1.430744897397998648e+04,1.300797162089475592e+02,1.209754946722702925e+03,3.843253817171544995e+01,8.736089107640444240e+01,3.265974322858011814e+00,1.020282153222499710e+00,3.048474680745839112e-05,3.408395071739753425e-13
1.399078321537951524e+04,1.315111884408303808e+02,1.211875757983364792e+03,3.885981534943324789e+01,8.831791476252732309e+01,3.306260592683423649e+00,1.027167800000734266e+00,2.993618527240201341e-05,3.749282900523130055e-13
1.367411745677904401e+04,1.329560117147403275e+02,1.213995950270103322e+03,3.929110100310503384e+01,8.928384111168676895e+01,3.346945908083190702e+00,1.034094290801750082e+00,2.940106317677015270e-05,4.122816327708407425e-13
1.342428475884189720e+04,1.341053911665097758e+02,1.215668236239619318e+03,3.963421195975685407e+01,9.005223413538033128e+01,3.379328170400043518e+00,1.039587912862510954e+00,2.898810962149105420e-05,4.442502627114776804e-13
1.337431821925390250e+04,1.343362764939103897e+02,1.216002647578711731e+03,3.970313722997593686e+01,9.020658583820075194e+01,3.385834802394667165e+00,1.040689716861139980e+00,2.890647747759186222e-05,4.509237871921276840e-13
1.332435167966590780e+04,1.345674992555364327e+02,1.216337043662056885e+03,3.977216381395723488e+01,9.036116254330624997e+01,3.392351523470857888e+00,1.041792549640186305e+00,2.882516144840494070e-05,4.576936040159196664e-13
1.327438514007791309e+04,1.347990598615713793e+02,1.216671424502137597e+03,3.984129183514421868e+01,9.051596452391635239e+01,3.398878346184397437e+00,1.042896412165883913e+00,2.874416008871625791e-05,4.645610445129753505e-13
1.326831565327330827e+04,1.348272107973214418e+02,1.216712041048025867e+03,3.984969580194144356e+01,9.053478383667875562e+01,3.399671854693434359e+00,1.043030569665182483e+00,2.873434213431788560e-05,4.654019537909106174e-13
1.326224616646870527e+04,1.348553667248308727e+02,1.216752657369202780e+03,3.985810126751064786e+01,9.055360647795406237e+01,3.400465512462258921e+00,1.043164742374599996e+00,2.872452879914307570e-05,4.662443258441593358e-13
1.326162852286961606e+04,1.348582322104177820e+02,1.216756790557908744e+03,3.985895670919192213e+01,9.055552209567848365e+01,3.400546285095270349e+00,1.043178396921213169e+00,2.872353043259462963e-05,4.663301294731407863e-13
1.326101087927052686e+04,1.348610977477053439e+02,1.216760923737400844e+03,3.985981216638209901e+01,9.055743774789117140e+01,3.400627059259957452e+00,1.043192051639527884e+00,2.872253211856367301e-05,4.664159481347594482e-13
1.326095447070969567e+04,1.348613594559587909e+02,1.216761301213967272e+03,3.985989029491127411e+01,9.055761270355850456e+01,3.400634436330925769e+00,1.043193298716662332e+00,2.872244094698784344e-05,4.664237865724320648e-13
1.326089806214886448e+04,1.348616211646434806e+02,1.216761678689658538e+03,3.985996842356815506e+01,9.055778765951514231e+01,3.400641813413066039e+00,1.043194545796886086e+00,2.872234977639806863e-05,4.664316251189333570e-13
1.326084165358803511e+04,1.348618828737593844e+02,1.216762056164474643e+03,3.986004655235278449e+01,9.055796261576109885e+01,3.400649190506277009e+00,1.043195792880139638e+00,2.872225860678843631e-05,4.664394637742916986e-13
1.326072883646495757e+04,1.348624062932849483e+02,1.216762811111481824e+03,3.986020281030512535e+01,9.055831252912096829e+01,3.400663944726145083e+00,1.043198287055945750e+00,2.872207627052816606e-05,4.664551414114617942e-13
1.326061601934188184e+04,1.348629297145354826e+02,1.216763566054988814e+03,3.986035906876836776e+01,9.055866244363801343e+01,3.400678698990631688e+00,1.043200781244066899e+00,2.872189393820702593e-05,4.664708194839754709e-13
1.326050320221880611e+04,1.348634531375109873e+02,1.216764320994995387e+03,3.986051532774246908e+01,9.055901235931244742e+01,3.400693453299508118e+00,1.043203275444460676e+00,2.872171160981928657e-05,4.664864979918769555e-13
1.326039038509573038e+04,1.348639765622114624e+02,1.216765075931501769e+03,3.986067158722746484e+01,9.055936227614412815e+01,3.400708207652937798e+00,1.043205769657169935e+00,2.872152928537003019e-05,4.665021769351287866e-13
1.325926221386779616e+04,1.348692109040916023e+02,1.216772625104054214e+03,3.986223421017575674e+01,9.056286150811202162e+01,3.400855753636180534e+00,1.043230712460920362e+00,2.871970625741270474e-05,4.666589903148217860e-13
1.325813404263986376e+04,1.348744454184766255e+02,1.216780173926596035e+03,3.986379688421347112e+01,9.056636085581214957e+01,3.401003304071885669e+00,1.043255656495030603e+00,2.871788362309682130e-05,4.668158472411011824e-13
1.325700587141193137e+04,1.348796801053726711e+02,1.216787722399141103e+03,3.986535960934241984e+01,9.056986031924856206e+01,3.401150858960325873e+00,1.043280601759500659e+00,2.871606138234488652e-05,4.669727477230315304e-13
1.325587770018399897e+04,1.348849149647859917e+02,1.216795270521703287e+03,3.986692238556453560e+01,9.057335989842552237e+01,3.401298418301569981e+00,1.043305548254351622e+00,2.871423953507747242e-05,4.671296917696992957e-13
1.324459598790467135e+04,1.349372730487330045e+02,1.216870732501293787e+03,3.988255295831638136e+01,9.060836205683432354e+01,3.402774256659600649e+00,1.043555080879526864e+00,2.869604268711390871e-05,4.687015302899853968e-13
1.323331427562534373e+04,1.349896483912302472e+02,1.216946159497742656e+03,3.989818864242423047e+01,9.064337579385008326e+01,3.404250540499881073e+00,1.043804736570449476e+00,2.867788510282164214e-05,4.702777352560692244e-13
1.322203256334601610e+04,1.350420409984839125e+02,1.217021551524819870e+03,3.991382943974591768e+01,9.067840111361655886e+01,3.405727270002488094e+00,1.044054515351761303e+00,2.865976670523021281e-05,4.718583157448329524e-13
1.321075085106668848e+04,1.350944508767025525e+02,1.217096908596287449e+03,3.992947535213989596e+01,9.071343802027899983e+01,3.407204445347665533e+00,1.044304417248105299e+00,2.864168741757816449e-05,4.734432808432841442e-13
1.309793372827624444e+04,1.356195009294594627e+02,1.217848559774976820e+03,4.008621621439350236e+01,9.106444527923082433e+01,3.422000759822490412e+00,1.046810212983314115e+00,2.846302884831552961e-05,4.895360917240180084e-13
1.298511660548580039e+04,1.361462849245129973e+02,1.218596730479142479e+03,4.024347063297118865e+01,9.141661579865925091e+01,3.436841857125295885e+00,1.049328347558375674e+00,2.828819836200901946e-05,5.060774341038588726e-13
1.287229948269535453e+04,1.366748091072775253e+02,1.219341434355321326e+03,4.040124047705447197e+01,9.176995374878333678e+01,3.451727918203510992e+00,1.051858846113150170e+00,2.811712254753272809e-05,5.230765604402888349e-13
1.275948235990491048e+04,1.372050797454158726e+02,1.220082684982593037e+03,4.055952762228280761e+01,9.212446331488526141e+01,3.466659124442647677e+00,1.054401734074651653e+00,2.794972994923707133e-05,5.405428220436243325e-13
1.264666523711446644e+04,1.377371031291407064e+02,1.220820495873393384e+03,4.071833395084499330e+01,9.248014869751023070e+01,3.481635657676593443e+00,1.056957037157318036e+00,2.778595101038416033e-05,5.584856678480231558e-13
1.234003228125552778e+04,1.391920301456805191e+02,1.222808566681100729e+03,4.115260222557706982e+01,9.345286354653194394e+01,3.522571817552047513e+00,1.063965197486632874e+00,2.735853221755131867e-05,6.097378727612063594e-13
1.203339932539659094e+04,1.406600796016428490e+02,1.224771593777840963e+03,4.159075802945793043e+01,9.443438096933446957e+01,3.563847848780852257e+00,1.071065798047773798e+00,2.695602115322306432e-05,6.647768082996488424e-13
1.178376019488091515e+04,1.418650426409103034e+02,1.226351442564801800e+03,4.195037137646473013e+01,9.524002390590688094e+01,3.597705458729797634e+00,1.076915253926632898e+00,2.664588154334702409e-05,7.125205250220736432e-13
1.153412106436523936e+04,1.430788588688746756e+02,1.227915008678375898e+03,4.231260791789290465e+01,9.605160515149623279e+01,3.631792803614945164e+00,1.082826645027024748e+00,2.635084281736828482e-05,7.630169953483730484e-13
1.128448193384956539e+04,1.443015989970045609e+02,1.229462432025077760e+03,4.267748879232678405e+01,9.686917194722386171e+01,3.666111906940531018e+00,1.088800280181680735e+00,2.607033087565329148e-05,8.163785303574650117e-13
1.103484280333388961e+04,1.455333343027016895e+02,1.230993851305359840e+03,4.304503530379773935e+01,9.769277191614321509e+01,3.700664804578508438e+00,1.094836474377380187e+00,2.580380397974481926e-05,8.727193344144943004e-13
1.078520367281821382e+04,1.467741366342461902e+02,1.232509404080248032e+03,4.341526892341573785e+01,9.852245306638545230e+01,3.735453545067314973e+00,1.100935548625930238e+00,2.555075081297589302e-05,9.321554023457354909e-13
1.053556454230253985e+04,1.480240784156400764e+02,1.234009226834403080e+03,4.378821129096501608e+01,9.935826379424220534e+01,3.770480189903144819e+00,1.107097829840069547e+00,2.531068867594806564e-05,9.948044109070919579e-13
1.004624705968342096e+04,1.505008824702653953e+02,1.236903912761847550e+03,4.452715723763888178e+01,1.010145051779562806e+02,3.839834020243622081e+00,1.119361158316884985e+00,2.487610860134231217e-05,1.127381548615915673e-12
9.556929577064302066e+03,1.530136375326242728e+02,1.239739693554305859e+03,4.527676028348276560e+01,1.026948559476134051e+02,3.910125636535432214e+00,1.131871178436605341e+00,2.448655479512297809e-05,1.273675703413543786e-12
9.067612094445183175e+03,1.555629087068271588e+02,1.242517566553013467e+03,4.603718917919305653e+01,1.043996938270793748e+02,3.981371023204903103e+00,1.144630538144082665e+00,2.413920430254645546e-05,1.434618068843371340e-12
8.578294611826064283e+03,1.581492700146820880e+02,1.245238518144981981e+03,4.680861530297122641e+01,1.061294025374327248e+02,4.053586380564618175e+00,1.157641962179345230e+00,2.383153256503710331e-05,1.611153683375098040e-12
8.088977129206946302e+03,1.607733045326729098e+02,1.247903525195855764e+03,4.759121270535579384e+01,1.078843718845053985e+02,4.126788132693316236e+00,1.170908248834542364e+00,2.356128206456749703e-05,1.804237372762268329e-12
7.599659646587827410e+03,1.634356045279346858e+02,1.250513556389896621e+03,4.838515815367983919e+01,1.096649978458391672e+02,4.200992935203142764e+00,1.184432266775707454e+00,2.332643482242987291e-05,2.014829554115076480e-12
7.110342163968708519e+03,1.661367715931734779e+02,1.253069573483142676e+03,4.919063117615361591e+01,1.114716826570059851e+02,4.276217682908693085e+00,1.198216951914711892e+00,2.312518823142280865e-05,2.243891954339322809e-12
6.427288957852286330e+03,1.699735681098959503e+02,1.256549078026242114e+03,5.033463852141689188e+01,1.140380413482393038e+02,4.382964330081009940e+00,1.217901012716239073e+00,2.289743990319203332e-05,2.596348033207322802e-12
5.744235751735864142e+03,1.738889875311060678e+02,1.259927777530807589e+03,5.150196976647648484e+01,1.166571084403021104e+02,4.491779367482665819e+00,1.238107228597491449e+00,2.272824434278394810e-05,2.989244068091587274e-12
5.061182545619441953e+03,1.778847604628921317e+02,1.263208245354173869e+03,5.269314123059171351e+01,1.193300411837415851e+02,4.602711260748373334e+00,1.258844173439311875e+00,2.261436770582107045e-05,3.425111795054428443e-12
4.378129339503019764e+03,1.819626553134647793e+02,1.266393047064947950e+03,5.390868049741395396e+01,1.220580221226738047e+02,4.715809518974262815e+00,1.280120621314421614e+00,2.255308441440135439e-05,3.906412463901264072e-12
3.695076133386597576e+03,1.861244789682985470e+02,1.269484744645057617e+03,5.514912663564182083e+01,1.248422595268426392e+02,4.831124733007249539e+00,1.301945530686842378e+00,2.254211555545421498e-05,4.435517875990911131e-12
3.012022927270175387e+03,1.903720774541654919e+02,1.272485900188665255e+03,5.641503041626725690e+01,1.276839878163717117e+02,4.948708613306489035e+00,1.324328028638576127e+00,2.257957648048978749e-05,5.014693837479036652e-12
2.328969721153752744e+03,1.947073365913666692e+02,1.275399079114749611e+03,5.770695452623433397e+01,1.305844679787142297e+02,5.068614027387020826e+00,1.347277395093382957e+00,2.266393205719365936e-05,5.646086548254860403e-12
1.645916515037330555e+03,1.991321826334225022e+02,1.278226852908921956e+03,5.902547377831026409e+01,1.335449879772799306e+02,5.190895036851720157e+00,1.370803047015962006e+00,2.279395829408087842e-05,6.331712385418312800e-12
7.145096719225168727e+02,2.053138032772517079e+02,1.281949819945964464e+03,6.086731864382866064e+01,1.376810682177523120e+02,5.361564972222717884e+00,1.403828400249180319e+00,2.304319146695604190e-05,7.357397615277317843e-12
0.000000000000000000e+00,2.101904256996986362e+02,1.284692719475426657e+03,6.232015617030724997e+01,1.409441597993848916e+02,5.496028147732383573e+00,1.430058280818968797e+00,2.330144693161394673e-05,8.213458879173503206e-12
