# z(m),p_tot(bar),T(K),p_H2O(bar),p_CO2(bar),p_CO(bar),p_H2(bar),p_CH4(bar),p_O2(bar)
6.247751843366150279e+05,1.000003893464903769e-06,9.556499686742546373e+02,8.590918667284650283e-08,9.116305359271857689e-07,2.115716621085763525e-09,3.484542147175311909e-10,1.395550446409566385e-31,2.907151154794353409e-17
6.247750825765673071e+05,1.000007786945085092e-06,9.556499686805730107e+02,8.590952115726851716e-08,9.116340853287800337e-07,2.115724858562085418e-09,3.484555714029124518e-10,1.395566746689838221e-31,2.907151156141443722e-17
6.247748790564719820e+05,1.000015573936003606e-06,9.556499686932098712e+02,8.591019012873793768e-08,9.116411841598284298e-07,2.115741333581131540e-09,3.484582847846195553e-10,1.395599347763840858e-31,2.907151158830686572e-17
6.247746755363766570e+05,1.000023360988033218e-06,9.556499687058468453e+02,8.591085910545728163e-08,9.116482830465873474e-07,2.115757808729470955e-09,3.484609981876147723e-10,1.395631949601333519e-31,2.907151161520050832e-17
6.247744720162813319e+05,1.000031148101174774e-06,9.556499687184839331e+02,8.591152808742669462e-08,9.116553819890575279e-07,2.115774284007105318e-09,3.484637116119114410e-10,1.395664552202488301e-31,2.907151164209341753e-17
6.247724368153222604e+05,1.000109022593844714e-06,9.556499688448598135e+02,8.591821819588242946e-08,9.117263744779697346e-07,2.115939043894904301e-09,3.484908470260532758e-10,1.395990620214107519e-31,2.907151191103935919e-17
6.247704016143633053e+05,1.000186903198231544e-06,9.556499689712454710e+02,8.592490882938875524e-08,9.117973725384881679e-07,2.116103816713340339e-09,3.485179845698041678e-10,1.396316764603041925e-31,2.907151218000460945e-17
6.247683664134042338e+05,1.000264789914816593e-06,9.556499690976410193e+02,8.593159998798709718e-08,9.118683761710511673e-07,2.116268602463431692e-09,3.485451242433238664e-10,1.396642985387090853e-31,2.907151244899242237e-17
6.247663312124451622e+05,1.000342682744083303e-06,9.556499692240464583e+02,8.593829167171886724e-08,9.119393853760995075e-07,2.116433401146550238e-09,3.485722660468320396e-10,1.396969282585097609e-31,2.907151271799231472e-17
6.247459792028518859e+05,1.001121947340630835e-06,9.556499704886418840e+02,8.600523740051961610e-08,9.126497840102759063e-07,2.118082099498403919e-09,3.488438012653524296e-10,1.400236461231281665e-31,2.907151540920523970e-17
6.247256271932586096e+05,1.001901823737380125e-06,9.556499717542224062e+02,8.607223568837753213e-08,9.133607403780222333e-07,2.119732092245487325e-09,3.491155496633657783e-10,1.403511300957848530e-31,2.907151810250337673e-17
6.247052751836653333e+05,1.002682312418369423e-06,9.556499730207888206e+02,8.613928657687589794e-08,9.140722549206014669e-07,2.121383380411190377e-09,3.493875114094123584e-10,1.406793819773725987e-31,2.907152079790668153e-17
6.246849231740720570e+05,1.003463413868026612e-06,9.556499742883419231e+02,8.620639010763124217e-08,9.147843280796306456e-07,2.123035965020776975e-09,3.496596866723344672e-10,1.410084035732928815e-31,2.907152349541030384e-17
6.244814030781419715e+05,1.011308237498563042e-06,9.556499870183097300e+02,8.688032991930499792e-08,9.219358809886104206e-07,2.139633341612534396e-09,3.523932199634331191e-10,1.443413540513270987e-31,2.907155058615692800e-17
6.242778829822118860e+05,1.019214873730106376e-06,9.556499998477995632e+02,8.755957998100178851e-08,9.291437839323623370e-07,2.156361496058271639e-09,3.551482916124747549e-10,1.477532937232888751e-31,2.907157788855954910e-17
6.240743628862818005e+05,1.027183813427342023e-06,9.556500127775955207e+02,8.824418246235104601e-08,9.364084843963720441e-07,2.173221466892357920e-09,3.579250726549831905e-10,1.512460995621753055e-31,2.907160540428411811e-17
6.238708427903517149e+05,1.035215551354277495e-06,9.556500258084881807e+02,8.893417986796853945e-08,9.437304334208534317e-07,2.190214300898917597e-09,3.607237354850493669e-10,1.548216932473039836e-31,2.907163313501462504e-17
6.236673226944216294e+05,1.043310586241770836e-06,9.556500389412741470e+02,8.962961504325792853e-08,9.511100856623078086e-07,2.207341053254730587e-09,3.635444538788752367e-10,1.584820422478786657e-31,2.907166108245172457e-17
6.232009416315708077e+05,1.062102385771807141e-06,9.556500694246338981e+02,9.124399701825110695e-08,9.682411971943787562e-07,2.247099066713768196e-09,3.700924633917554185e-10,1.672005983994780856e-31,2.907172595255396889e-17
6.227345605687199859e+05,1.081235354058700065e-06,9.556501004570856139e+02,9.288768841201905766e-08,9.856833273697236555e-07,2.287578896221890328e-09,3.767593516636812235e-10,1.764001033712715869e-31,2.907179199045669096e-17
6.223538171953450656e+05,1.097112386913618506e-06,9.556501262053498067e+02,9.425166612288119577e-08,1.000157258945707981e-06,2.321170108895915335e-09,3.822917070615731167e-10,1.842854380507255352e-31,2.907184678297659943e-17
6.219730738219700288e+05,1.113224411656615413e-06,9.556501523317245983e+02,9.563583171889646910e-08,1.014845415466728815e-06,2.355258497637533220e-09,3.879059442806830541e-10,1.925242157420758874e-31,2.907190237969309100e-17
6.215923304485951085e+05,1.129574933638606908e-06,9.556501788418065644e+02,9.704048634079887905e-08,1.029750992505217213e-06,2.389851478808625774e-09,3.936032847102269146e-10,2.011323215823269747e-31,2.907195879248872816e-17
6.212115870752200717e+05,1.146167510895690139e-06,9.556502057412756130e+02,9.846593565544838052e-08,1.044877233662838054e-06,2.424956580236212110e-09,3.993849680952912518e-10,2.101263565632647454e-31,2.907201603350383373e-17
6.208308437018451514e+05,1.163005754958205849e-06,9.556502330358965764e+02,9.991248992533542769e-08,1.060227431308047788e-06,2.460581442930906465e-09,4.052522528197446764e-10,2.195236698854009488e-31,2.907207411497839817e-17
6.204501003284701146e+05,1.180093331659073994e-06,9.556502607315203477e+02,1.013804640780250761e-07,1.075804927312998279e-06,2.496733822791661753e-09,4.112064161869787168e-10,2.293423927669833441e-31,2.907213304938150207e-17
6.196886135817201575e+05,1.215031422776967723e-06,9.556503173496171257e+02,1.043819554932527062e-07,1.107655433927701411e-06,2.570652742551373887e-09,4.233805843900166577e-10,2.503207158438720686e-31,2.907225352768848094e-17
6.189271268349702004e+05,1.251012228529485019e-06,9.556503756441421729e+02,1.074730253348668626e-07,1.140456507333714058e-06,2.646777751306068495e-09,4.359180805256489893e-10,2.732233995905955046e-31,2.907237757185865301e-17
6.181656400882202433e+05,1.288067116048520098e-06,9.556504356651328180e+02,1.106563683177769369e-07,1.174236742654351585e-06,2.725175213370277360e-09,4.488298339488349343e-10,2.982274652319005548e-31,2.907250528839534023e-17
6.174041533414702863e+05,1.326228403469407781e-06,9.556504974641317176e+02,1.139347608565456537e-07,1.209025601973291253e-06,2.805913505143225168e-09,4.621271053550801645e-10,3.255262637814129971e-31,2.907263678702316573e-17
6.166426665947203292e+05,1.365529388992110821e-06,9.556505610942326712e+02,1.173110635620046145e-07,1.244853440827532149e-06,2.889063076596598476e-09,4.758214969045996536e-10,3.553309866286845983e-31,2.907277218076221292e-17
6.158811798479703721e+05,1.406004380841827053e-06,9.556506266101273468e+02,1.207882238151384752e-07,1.281751535520291691e-06,2.974696514664469033e-09,4.899249626593453122e-10,3.878723162535122570e-31,2.907291158605508138e-17
6.151196931012204150e+05,1.447688728140673438e-06,9.556506940681540527e+02,1.243692784192382122e-07,1.319752111264459863e-06,3.062888608564350880e-09,5.044498193381183787e-10,4.234022300919902360e-31,2.907305512280697085e-17
6.138665561006275238e+05,1.519015836809711658e-06,9.556508094622215594e+02,1.304969087696394849e-07,1.384775828090574976e-06,3.213796280667216062e-09,5.293036397566141035e-10,4.891166143612671143e-31,2.907330065560231255e-17
6.126134191000346327e+05,1.593886022406443052e-06,9.556509305427568961e+02,1.369289208321291601e-07,1.453029509419659192e-06,3.372200110125729252e-09,5.553920154553491374e-10,5.650607520846079628e-31,2.907355828581866067e-17
6.113602820994417416e+05,1.672476708756754986e-06,9.556510575922762882e+02,1.436805568884076004e-07,1.524674899594994790e-06,3.538475478471848848e-09,5.827767658067197731e-10,6.528318477392411901e-31,2.907382861490642167e-17
6.101071450988488505e+05,1.754974275550815461e-06,9.556511909074453115e+02,1.507678286086713133e-07,1.599881907366955464e-06,3.713016715710412088e-09,6.115228304042315498e-10,7.542772203776617095e-31,2.907411227443861868e-17
6.088540080982559593e+05,1.841574513971197447e-06,9.556513307997931861e+02,1.582075561941517971e-07,1.678829021255848685e-06,3.896238064344711802e-09,6.416984277777305871e-10,8.715335854753020008e-31,2.907440992764221847e-17
6.076008710976630682e+05,1.932483105711623869e-06,9.556514775964635646e+02,1.660174095291213105e-07,1.761703746238281421e-06,4.088574692892717275e-09,6.733752222536403558e-10,1.007072524234871350e-30,2.907472227103599770e-17
6.063477340970701771e+05,2.027916126549771756e-06,9.556516316410035188e+02,1.742159514423145276e-07,1.848703062817651354e-06,4.290483761364379055e-09,7.066284993664028186e-10,1.163753117726596042e-30,2.907505003605901686e-17
6.050945970964772860e+05,2.128100575759692494e-06,9.556517932941920890e+02,1.828226831882089046e-07,1.940033909650732778e-06,4.502445541408678122e-09,7.415373502665650409e-10,1.344882878132880276e-30,2.907539399087334617e-17
6.034592141843856080e+05,2.266387559220373720e-06,9.556520163307765188e+02,1.947027602592582524e-07,2.066100054623521694e-06,4.795021512449402725e-09,7.897227960684252328e-10,1.624450882727666620e-30,2.907586855503424804e-17
6.018238312722939299e+05,2.413735282393975933e-06,9.556522538640759876e+02,2.073612352412319975e-07,2.200426214275211746e-06,5.106767528111478516e-09,8.410653203444193016e-10,1.962315097277836248e-30,2.907637396778352534e-17
6.001884483602023683e+05,2.570742290941668654e-06,9.556525068441455915e+02,2.208495285281324582e-07,2.343558038959985564e-06,5.438949959699137400e-09,8.957734647743859995e-10,2.370669204807367907e-30,2.907691225222512268e-17
5.985530654481106903e+05,2.738046990724907178e-06,9.556527762838118178e+02,2.352224848612592054e-07,2.496077516663054304e-06,5.792919514320094656e-09,9.540696571961860416e-10,2.864265249692128173e-30,2.907748556523471358e-17
5.969176825360190123e+05,2.916330323550068195e-06,9.556530632628540616e+02,2.505386031998079587e-07,2.658605412281233985e-06,6.170116896420217115e-09,1.016191143528180596e-09,3.460952044147011104e-30,2.907809620647251651e-17
5.952822996239273343e+05,3.106318623951245230e-06,9.556533689324654688e+02,2.668602821443084863e-07,2.831803871942719611e-06,6.572078852421986860e-09,1.082390982716381354e-09,4.182327224095096852e-30,2.907874662780922741e-17
5.936469167118356563e+05,3.308786669350574031e-06,9.556536945200142554e+02,2.842540819729779071e-07,3.016379203614983278e-06,7.000444624542214776e-09,1.152939108991069110e-09,5.054527015429917899e-30,2.907943944361112035e-17
5.920115337997439783e+05,3.524560936786212022e-06,9.556540413341245994e+02,3.027910044241395351e-07,3.213084846025221331e-06,7.456962841744794502e-09,1.228123466026214870e-09,6.109182880841166552e-30,2.908017744152246960e-17
5.903761508876523003e+05,3.754523080306222827e-06,9.556544107700991617e+02,3.225467914358903470e-07,3.422724538745718632e-06,7.943498877635948514e-09,1.308251217897521290e-09,7.384580414131175550e-30,2.908096359411802360e-17
5.883186279647299089e+05,4.065456370196853207e-06,9.556549100077893399e+02,3.492587181967542132e-07,3.706179712131841815e-06,8.601347745757661524e-09,1.416592093417245621e-09,9.375199738200789543e-30,2.908202599079661500e-17
5.862611050418075174e+05,4.402356726828840715e-06,9.556554506024931470e+02,3.782014467325982562e-07,4.013307163446427035e-06,9.314136229605057460e-09,1.533980391126975259e-09,1.190415846083539346e-29,2.908317643487064154e-17
5.842035821188851260e+05,4.767410795057943582e-06,9.556560360089916912e+02,4.095628293502553908e-07,4.346100296993022465e-06,1.008649078902667434e-08,1.661177896553801165e-09,1.511751221675506544e-29,2.908442228908826988e-17
5.821460591959627345e+05,5.162990866499833357e-06,9.556566699730468599e+02,4.435466670844103844e-07,4.706721757643697834e-06,1.092343068606522400e-08,1.799011056573948537e-09,1.920106881322012588e-29,2.908577153754910478e-17
5.800885362730402267e+05,5.591670768603475422e-06,9.556573565561070609e+02,4.803740747145573792e-07,5.097517915742235260e-06,1.183040160649065766e-08,1.948376511105670209e-09,2.439124165072041465e-29,2.908723283874350472e-17
5.780310133501178352e+05,6.056243124434343119e-06,9.556581001621282212e+02,5.202849635389229141e-07,5.521034601582514511e-06,1.281331218224664164e-08,2.110247101570959637e-09,3.098887558845743579e-29,2.908881558301248302e-17
5.759734904271954438e+05,6.559738102336208127e-06,9.556589055666900094e+02,5.635396521431729573e-07,5.980034198099440068e-06,1.387857366701876331e-08,2.285678397486548240e-09,3.937686178759792966e-29,2.909052995519464670e-17
5.739159675042730523e+05,7.105443785073268022e-06,9.556597779486077116e+02,6.104206162980019077e-07,6.477514209920591413e-06,1.503314303940169856e-08,2.475815786180041363e-09,5.004258302909096457e-29,2.909238700242646174e-17
5.718584445813506609e+05,7.696928299397992200e-06,9.556607229242525818e+02,6.612343900942903731e-07,7.016727437268115984e-06,1.628456983197470471e-08,2.681902174516890006e-09,6.360651811803461374e-29,2.909439870804044997e-17
5.698009216584281530e+05,8.338063859367906354e-06,9.556617465848170241e+02,7.163136314878919596e-07,7.601203894484115859e-06,1.764104701097923514e-08,2.905286355823027753e-09,8.085870047804567998e-29,2.909657807181233592e-17
5.674241858723207843e+05,9.145990562897724947e-06,9.556630356802783126e+02,7.857217167043546430e-07,8.337731651175425986e-06,1.935041372484327691e-08,3.186781263999935931e-09,1.067088506884953340e-28,2.909932276705607694e-17
5.650474500862134155e+05,1.003286747678779006e-05,9.556644497237842870e+02,8.619123300531867886e-07,9.146232544050810211e-06,2.122682223605726777e-08,3.495780418635010447e-09,1.408504670475485239e-28,2.910233378395303527e-17
5.626707143001059303e+05,1.100647427531649339e-05,9.556660009282048804e+02,9.455538157027425407e-07,1.003379873284891635e-05,2.328673334693149630e-08,3.834993388797322211e-09,1.859517046398481173e-28,2.910563721266571332e-17
5.602939785139985615e+05,1.207536356540667101e-05,9.556677027099765382e+02,1.037380919842225758e-06,1.100822700330138674e-05,2.554824342434779303e-08,4.207398809600921380e-09,2.455420608128030996e-28,2.910926172646295536e-17
5.579172427278911928e+05,1.324893830146969864e-05,9.556695698086574566e+02,1.138201441356782136e-06,1.207808934053917999e-05,2.803124824168682680e-08,4.616271302936469900e-09,3.242913021104092582e-28,2.911323884075272406e-17
5.555405069417837076e+05,1.453753701486830698e-05,9.556716184184465419e+02,1.248903553858850212e-06,1.325281062650490934e-05,3.075762336553764953e-08,5.065211109892215377e-09,4.283789871004282032e-28,2.911760319855255805e-17
5.531637711556763388e+05,1.595252765273708477e-05,9.556738663328734447e+02,1.370463867353245300e-06,1.454275418587427358e-05,3.375142277100907783e-08,5.558176709436225910e-09,5.659840949466074314e-28,2.912239288513709777e-17
5.507870353695689701e+05,1.750641090228422165e-05,9.556763331039852574e+02,1.503956304805601828e-06,1.595931597918164989e-05,3.703909754205335410e-08,6.099520725789076402e-09,7.479339074302579259e-28,2.912764977502286256e-17
5.484102995834614849e+05,1.921293396643209783e-05,9.556790402174931387e+02,1.650561876593319799e-06,1.751502832364818641e-05,4.064973670384546719e-08,6.694029457615449604e-09,9.885640852242001846e-28,2.913341991448784651e-17
5.460335637973541161e+05,2.108721585566061954e-05,9.556820112854876470e+02,1.811579444324441910e-06,1.922367411246699422e-05,4.461533244414717148e-08,7.346966395894553318e-09,1.306858862572375033e-27,2.913975394371591812e-17
5.436568280112467473e+05,2.314588537010051300e-05,9.556852722584961839e+02,1.988437574890527690e-06,2.110041260283343151e-05,4.897107221284247739e-08,8.064120134564955054e-09,1.727962833295396631e-27,2.914670756242718346e-17
5.412800922251392622e+05,2.540723306636104008e-05,9.556888516588339826e+02,2.182707595967301037e-06,2.316191795280139821e-05,5.375566044430050409e-08,8.851857118887009530e-09,2.285185742066550810e-27,2.915434204397806494e-17
5.389033564390318934e+05,2.789137863642782904e-05,9.556927808374003916e+02,2.396117975591213226e-06,2.542653180815606558e-05,5.901167292985767572e-08,9.717179721529656442e-09,3.022661455655220562e-27,2.916272480296356604e-17
5.365266206529245246e+05,3.062045527249709198e-05,9.556970942562861637e+02,2.630570161029873507e-06,2.791443137407295116e-05,6.478594717920592839e-08,1.066779018589147108e-08,3.998875094375645820e-27,2.917193002213684714e-17
5.341498848668170394e+05,3.361881275324936808e-05,9.557018297998000662e+02,2.888156026052211196e-06,3.064781455368421420e-05,7.113001245316489609e-08,1.171216103059552088e-08,5.291342439421579156e-27,2.918203934522341271e-17
5.317731490807096707e+05,3.691324116535200169e-05,9.557070291167860887e+02,3.171177091022853618e-06,3.365110389820090853e-05,7.810056353004565873e-08,1.285961256900388273e-08,7.002818890539352381e-27,2.919314264273428658e-17
5.293964132946023019e+05,4.053321737063162594e-05,9.557127379973912866e+02,3.482165697142079044e-06,3.695117129251064482e-05,8.575998268636098392e-08,1.412039826334213255e-08,9.269538994420575241e-27,2.920533885896976846e-17
5.270196775084948167e+05,4.451117654626475734e-05,9.557190067877667161e+02,3.823908334790262138e-06,4.057758549790498216e-05,9.417691483499310437e-08,1.550579870531130061e-08,1.227215194600186473e-26,2.921873694923725569e-17
5.246429417223874480e+05,4.888281136456987437e-05,9.557258908465315699e+02,4.199471346492132299e-06,4.456288489168001605e-05,1.034269012740796274e-07,1.702822509441710258e-08,1.625023683045148652e-26,2.923345691742366622e-17
5.222662059362800792e+05,5.368740164283960207e-05,9.557334510472211377e+02,4.612229247688545006e-06,4.894287798388644679e-05,1.135930780630324681e-07,1.870133317233143072e-08,2.152157145150073295e-26,2.924963096531208564e-17
5.198894701501726522e+05,5.896817758464285462e-05,9.557417543313608803e+02,5.065895933508094861e-06,5.375697455677498610e-05,1.247669456634256193e-07,2.054014866708907420e-08,2.850771392443966362e-26,2.926740476652612980e-17
5.175127343640652252e+05,6.477272005492341075e-05,9.557508743172782033e+02,5.564559067305840631e-06,5.904855056501389564e-05,1.370492171687471130e-07,2.256120540564826248e-08,3.776796805733184783e-26,2.928693887951056745e-17
5.151359985779578565e+05,7.115340168506983757e-05,9.557608919702763615e+02,6.112717977143718019e-06,6.486535025732438836e-05,1.505507532043786872e-07,2.478269736803578944e-08,5.004448339208738252e-26,2.930841031577885573e-17
5.127592627918504295e+05,7.816787299427803524e-05,9.557718963403584667e+02,6.715325419914864920e-06,7.125992933583773974e-05,1.653935924144010302e-07,2.722464608170498363e-08,6.632214368461480539e-26,2.933201428203743361e-17
5.103825270057430025e+05,8.587959814364670957e-05,9.557839853743109870e+02,7.377833609777422250e-06,7.829014336157208214e-05,1.817120873756884712e-07,2.990908489216652907e-08,8.790809660928198843e-26,2.935796611674230060e-17
5.080057912196356338e+05,9.435844541357431682e-05,9.557972668096331290e+02,8.106244948310895385e-06,8.601968604664182261e-05,1.996541567966214165e-07,3.286026179558149085e-08,1.165373694200976352e-25,2.938650344512195186e-17
5.056290554335282068e+05,1.036813380175846921e-04,9.558118591585464401e+02,8.907167938718815435e-06,9.451868255017048211e-05,2.193826659831906105e-07,3.610486268279496647e-08,1.545131285595980776e-25,2.941788857936097698e-17
5.032523196474207798e+05,1.139329714415493737e-04,9.558278927911366054e+02,9.787878815893788151e-06,1.038643434198081823e-04,2.410769487955402580e-07,3.967225702240298121e-08,2.048929458173651887e-25,2.945241119466458148e-17
5.008755838613134110e+05,1.252066041317012829e-04,9.558455111275735590e+02,1.075638947869118417e-05,1.141416853990892538e-04,2.649344856870905689e-07,4.359476820426232587e-08,2.717361547308676548e-25,2.949039131641449225e-17
4.984988480752059841e+05,1.376049290536557497e-04,9.558648719503390794e+02,1.182152237082541567e-05,1.254443259578949532e-04,2.911727539302847585e-07,4.790797097555966032e-08,3.604323163398068599e-25,2.953218265849285245e-17
4.961221122890985571e+05,1.512410344142053290e-04,9.558861488484611755e+02,1.299299302295380340e-05,1.378753591047909919e-04,3.200312678010947287e-07,5.265101862987376885e-08,4.781373568874902365e-25,2.957817635889812487e-17
4.937453765029911883e+05,1.662394626848543431e-04,9.559095328069306561e+02,1.428150104134334083e-05,1.515483208122907070e-04,3.517738283341710102e-07,5.786700285646436656e-08,6.343526116445902218e-25,2.962880516594179685e-17
4.913686407168837613e+05,1.827373779984340220e-04,9.559352339557502773e+02,1.569883040867310037e-05,1.665882532360143096e-04,3.866910042930773895e-07,6.360334942385919035e-08,8.416934948926032832e-25,2.968454813616483781e-17
4.889919049307763344e+05,2.008858530158813310e-04,9.559634834944668000e+02,1.725796005071616245e-05,1.831328778437386938e-04,4.251028682385759774e-07,6.991225315815495007e-08,1.116909720509857219e-24,2.974593591529193334e-17
4.866151691446689656e+05,2.208512874882524865e-04,9.559945358095536676e+02,1.897318571963451181e-05,2.013338885985506627e-04,4.673620140529631943e-07,7.685115598452324015e-08,1.482239110841657574e-24,2.981355668446443941e-17
4.842384333585615386e+05,2.428169719788971902e-04,9.560286708036622940e+02,2.086025435123817136e-05,2.213583774704983302e-04,5.138568850021676101e-07,8.448327212863220698e-08,1.967203617798214154e-24,2.988806286803005249e-17
4.818616975724541117e+05,2.669848115728208865e-04,9.560661964575566572e+02,2.293651217070176299e-05,2.433904057927392130e-04,5.650154444255229921e-07,9.287816492438210896e-08,2.610991291827983504e-24,2.997017871522359872e-17
4.794849617863467429e+05,2.935772258957939848e-04,9.561074516474842540e+02,2.522106794986191819e-05,2.676327363413989486e-04,6.213092244587005153e-07,1.021123800443942377e-07,3.465614259244479272e-24,3.006070888729815655e-17
4.771082260002393159e+05,3.228392434067156309e-04,9.561528092428362697e+02,2.773497296037396310e-05,2.943087425141037656e-04,6.832577918491631018e-07,1.122701403585775450e-07,4.600093818413597774e-24,3.016054820498806725e-17
4.747314902141318889e+05,3.550408097259303924e-04,9.562026795112126365e+02,3.050141932179374355e-05,3.236645126221233894e-04,7.514336739508253824e-07,1.234441080321692507e-07,6.106004118730855565e-24,3.027069273904143429e-17
4.723547544280245202e+05,3.904793317332553942e-04,9.562575138604380527e+02,3.354595861324776649e-05,3.559711691076592561e-04,8.264677924229020563e-07,1.357362198950804071e-07,8.104811494525929550e-24,3.039225245996834176e-17
4.699780186419170932e+05,4.294824813268312757e-04,9.563178089496797156e+02,3.689674280301399027e-05,3.915274244642016552e-04,9.090554570413686654e-07,1.492586025436667064e-07,1.075758510065908942e-23,3.052646570415273948e-17
4.676012828558096662e+05,4.724112850927254695e-04,9.563841112045959107e+02,4.058478975336583626e-05,4.306623977878448772e-04,9.999629774138507836e-07,1.641345740702158783e-07,1.427783599504772650e-23,3.067471576245622328e-17
4.652245470697022974e+05,5.196635287112982273e-04,9.564570217743972762e+02,4.464427577980937720e-05,4.737387182354104603e-04,1.100034956303416111e-06,1.804997397441261083e-07,1.894847903799521257e-23,3.083854995801424793e-17
4.628478112835948705e+05,5.716775077360394461e-04,9.565372019718182628e+02,4.911285798578490379e-05,5.211559442260578360e-04,1.210202334781054024e-06,1.985031893846214997e-07,2.514422131320652525e-23,3.101970165303418376e-17
4.604710754974874435e+05,6.289361594405761631e-04,9.566253792402694671e+02,5.403202935746508127e-05,5.733543300119580679e-04,1.331491266571337441e-06,2.183088045504663869e-07,3.336108306947206138e-23,3.122011571533117060e-17
4.580943397113800747e+05,6.919716137566264604e-04,9.567223536958517798e+02,5.944750988992183804e-05,6.308189742758342749e-04,1.465032906822460829e-06,2.400966840163015472e-07,4.425527880125287932e-23,3.144197808594159880e-17
4.557176039252726478e+05,7.613702049364098933e-04,9.568290052954288285e+02,6.540967732711249817e-05,6.940843887038443709e-04,1.612074209141212175e-06,2.640646962799638558e-07,5.869436011385163045e-23,3.168775022740536606e-17
4.533408681391652790e+05,8.377779894833340801e-04,9.569463016855467004e+02,7.197404143524110151e-05,7.637395280458331203e-04,1.773989834196308619e-06,2.904301680315907435e-07,7.782438960919717542e-23,3.196020940256946707e-17
4.509641323530578520e+05,9.219068201194285375e-04,9.570753067905949365e+02,7.920176609340066106e-05,8.404333270248916720e-04,1.952295283530988299e-06,3.194317175730718173e-07,1.031580268136491131e-22,3.226249594735540558e-17
4.485873965669504250e+05,1.014541030109870640e-03,9.572171902021676715e+02,8.716024387813590599e-05,9.248807936060649730e-04,2.148661383562021672e-06,3.513312420751948359e-07,1.366898246560549039e-22,3.259816896687400276e-17
4.462106607808430563e+05,1.116544787154248814e-03,9.573732374350056489e+02,9.592372824062245088e-05,1.017869712589264744e-03,2.364930257088226496e-06,3.864160672403587962e-07,1.810468316751037314e-22,3.297127222023719289e-17
4.437649928050671588e+05,1.232292295863385073e-03,9.575500864339999225e+02,1.058680364862360398e-04,1.123387692534725743e-03,2.610390853229060778e-06,4.261759891607811244e-07,2.416413423613867592e-22,3.339913127079131688e-17
4.413193248292912613e+05,1.360113865092030163e-03,9.577451225707110325e+02,1.168497373685678216e-04,1.239912587931717115e-03,2.881520595921625340e-06,4.700191957898700959e-07,3.223312878238050075e-22,3.387725076471664369e-17
4.388736568535153638e+05,1.501273863121535632e-03,9.579602107235435824e+02,1.289774781132882540e-04,1.368597004228678648e-03,3.181021317536853133e-06,5.183594619975851071e-07,4.296842822911105340e-22,3.441224256155006265e-17
4.364279888777395245e+05,1.657168937445793180e-03,9.581974040226391480e+02,1.423712756682073057e-04,1.510714130407150163e-03,3.511880481498492888e-06,5.716508889022895705e-07,5.723657202426849738e-22,3.501174070948943916e-17
4.339823209019636270e+05,1.829341704206246871e-03,9.584589620274784920e+02,1.571636939756189540e-04,1.667670217411464919e-03,3.877401373829234385e-06,6.303914452979664141e-07,7.617850371693657096e-22,3.568459211023440259e-17
4.315366529261877295e+05,2.019495808977642744e-03,9.587473704612076517e+02,1.735011393127077232e-04,1.841018306481888083e-03,4.281236452972031579e-06,6.951267300386043749e-07,1.012929649474788514e-21,3.644108968560739453e-17
4.290909849504118902e+05,2.229512485081097586e-03,9.590653625888568286e+02,1.915452845916004450e-04,2.032473322365283257e-03,4.727424176728673086e-06,7.664539474477149427e-07,1.345435670611264989e-21,3.729325905718918791e-17
4.266453169746359927e+05,2.461468744610905129e-03,9.594159423201326717e+02,2.114746342945058775e-04,2.243928654581156274e-03,5.220429654077718896e-06,8.450260811270519926e-07,1.784954784374291754e-21,3.825521298656313598e-17
4.241996489988600952e+05,2.717657346401885100e-03,9.598024091073451700e+02,2.334862425075118816e-04,2.477474358150910747e-03,5.765189500212405274e-06,9.315562432106570825e-07,2.364887842266050449e-21,3.934359212470963229e-17
4.217539810230842559e+05,3.000608694061711410e-03,9.602283846944797006e+02,2.577975972942980450e-04,2.735417113296194445e-03,6.367161305271805596e-06,1.026822165906224772e-06,3.128567211624319902e-21,4.057811637055268658e-17
4.193083130473083584e+05,3.313114825725842986e-03,9.606978417534618302e+02,2.846486853994166684e-04,3.020302091375917566e-03,7.032378160642588178e-06,1.131670789823955242e-06,4.131980523966127346e-21,4.198227888297729323e-17
4.168626450715324609e+05,3.658255665086342784e-03,9.612151344172099243e+02,3.143042519664322612e-04,3.334936881510169263e-03,7.767508720860881127e-06,1.247022888836912068e-06,5.447136465991122257e-21,4.358422529375838552e-17
4.144169770957566216e+05,4.039427710161949160e-03,9.617850306849024946e+02,3.470562705701611575e-04,3.682417638624290064e-03,8.579923313618524611e-06,1.373877653834175226e-06,7.166175903500335761e-21,4.541787501524933527e-17
4.119713091199807241e+05,4.460375341806339239e-03,9.624127466316808750e+02,3.832266393594393268e-04,4.066157618665166770e-03,9.477766644186794311e-06,1.513317137499501250e-06,9.406325020632116754e-21,4.752436128530759336e-17
4.095256411442048266e+05,4.925224937608222581e-03,9.631039823013362593e+02,4.231701194454372673e-04,4.489918270050853935e-03,1.047003767279624992e-05,1.666510439084436178e-06,1.231576591807878967e-20,4.995389398925435579e-17
4.070799731684289291e+05,5.438521978049320332e-03,9.638649590949256662e+02,4.672775318012240345e-04,4.957843051493442295e-03,1.156667727257025167e-05,1.834717482031961179e-06,1.608045719206001669e-20,5.276818762101396078e-17
4.050461564884491381e+05,5.905858919546983637e-03,9.645557572984375838e+02,5.074364715089568767e-04,5.383869459732460762e-03,1.256598540718284789e-05,1.987002898328276429e-06,2.002732604272265414e-20,5.545596687350540248e-17
4.030123398084692890e+05,6.413293472632265388e-03,9.653036785156086808e+02,5.510419762826783419e-04,5.846448107515082523e-03,1.365195367130961180e-05,2.151435163136892413e-06,2.488591863275006893e-20,5.851601186528278968e-17
4.009785231284894398e+05,6.964225929979461598e-03,9.661132392262592248e+02,5.983864701114168221e-04,6.348678484657341997e-03,1.483208484074397096e-05,2.328890369896276855e-06,3.084675266197743767e-20,6.201318611865585647e-17
3.989447064485095907e+05,7.562335547548317341e-03,9.669892743196218134e+02,6.497863926961900891e-04,6.893914341138257518e-03,1.611452219253750050e-05,2.520291521266563687e-06,3.813326586416130540e-20,6.602632788379412332e-17
3.969108897685297416e+05,8.211601634065507360e-03,9.679369527276054441e+02,7.055840188900577977e-04,7.485782905173342383e-03,1.750810179112277442e-05,2.726608210914171955e-06,4.700517235572634634e-20,7.065183676248483204e-17
3.948770730885498924e+05,8.916325918622305946e-03,9.689617926137580071e+02,7.661493889694779777e-04,8.128205265423550652e-03,1.902240850835161537e-05,2.948855720850784604e-06,5.776133091283282408e-20,7.600832310104331265e-17
3.928432564085701015e+05,9.681156220110365487e-03,9.700696758527313932e+02,8.318823518774659011e-04,8.825417938862633802e-03,2.066783593016587809e-05,3.188093440016611951e-06,7.074174895308777060e-20,8.224267613525198958e-17
3.908094397285902523e+05,1.051111143265721914e-02,9.712668614944371939e+02,9.032147227586504032e-04,9.581995637109390687e-03,2.245565028353121688e-05,3.445422505556592422e-06,8.632824749926965859e-20,8.953803964892109460e-17
3.887756230486104032e+05,1.141160782983279519e-02,9.725599978648779143e+02,9.806125551259545995e-04,1.040287523364974605e-02,2.439805849089157270e-05,3.721982566105020410e-06,1.049432119923920495e-19,9.812437120121803160e-17
3.867418063686305541e+05,1.238848667720734986e-02,9.739561329126637474e+02,1.064578526859852456e-03,1.129338092235357936e-02,2.650828042644676742e-05,4.018947567359965326e-06,1.270457618258246005e-19,1.082925271692049416e-16
3.845510361166349612e+05,1.353343929294163056e-02,9.755838033885903542e+02,1.162994962865592907e-03,1.233709575428932302e-02,2.898553718146688521e-05,4.363038605128404848e-06,1.553169559828505236e-19,1.214426013680802573e-16
3.823602658646393684e+05,1.478282798001440308e-02,9.773494955411885030e+02,1.270393168536952276e-03,1.347600754058476610e-02,3.169353685157251109e-05,4.733734040973764232e-06,1.888360002817968049e-19,1.374617048997708417e-16
3.801694956126437173e+05,1.614584768335990128e-02,9.792636238810730447e+02,1.387564723497045462e-03,1.471849698872463620e-02,3.465338571616603325e-05,5.132585421895635006e-06,2.282377466740573440e-19,1.571457518330362979e-16
3.779787253606481245e+05,1.763243765537033172e-02,9.813371596140550537e+02,1.515365403400598153e-03,1.607362308352647956e-02,3.788801822433947097e-05,5.561150218734190213e-06,2.741260025635649702e-19,1.815576872981059491e-16
3.757879551086525316e+05,1.925333012825832316e-02,9.835816210840131362e+02,1.654719393515470451e-03,1.755116742598501756e-02,4.142233216616060911e-05,6.020976591464295957e-06,3.270325465190573776e-19,2.121317867780565938e-16
3.735971848566569388e+05,2.102010026798225087e-02,9.860090564196119658e+02,1.806623614838209898e-03,1.916167973798742555e-02,4.528332899174645668e-05,6.513586164616022482e-06,3.873674448494907662e-19,2.508241963447830528e-16
3.714064146046612877e+05,2.294521713474677663e-02,9.886320174326237975e+02,1.972152138900261972e-03,2.091652428243276698e-02,4.950025847693578839e-05,7.040454936509432489e-06,4.553619768658412739e-19,3.003325697113585773e-16
3.692156443526656949e+05,2.504209532846549818e-02,9.914635238684854812e+02,2.152460663300514478e-03,2.282792690589934004e-02,5.410476672014683349e-05,7.602992545129714040e-06,5.310067934798840610e-19,3.644200801400787198e-16
3.670248741006701021e+05,2.732514695202886701e-02,9.945170172072455443e+02,2.348791015959059408e-03,2.490902236961294383e-02,5.913104623058860527e-05,8.202520225823558932e-06,6.139894302194244821e-19,4.483988485344949935e-16
3.648341038486745092e+05,2.980983348256600191e-02,9.978063033608235628e+02,2.562475652285928218e-03,2.717390159572090694e-02,6.461598664079444576e-05,8.840247917812449167e-06,7.036368081372359574e-19,5.598596063621018300e-16
3.626433335966788582e+05,3.251271710320996489e-02,1.001345483815232342e+03,2.794942224806291550e-03,2.963765830294226231e-02,7.059944308196813519e-05,9.517132378731012554e-06,7.988750957137108333e-19,7.097836608514876851e-16
3.604525633446832653e+05,3.545151101739734550e-02,1.005148875026214341e+03,3.047717479383689997e-03,3.231643530066167364e-02,7.712391641378171954e-05,1.023432093728721069e-05,8.981824686679991054e-19,9.142741764374767400e-16
3.582617930926876725e+05,3.864512824677827224e-02,1.009230916192726113e+03,3.322432173308231644e-03,3.522746824850527675e-02,8.423538238230185687e-05,1.099244258126594143e-05,9.996213389412298679e-19,1.197237910485024113e-15
3.560710228406920214e+05,4.211372840463283029e-02,1.013606065900035105e+03,3.620824678806891690e-03,3.838912871098954654e-02,9.198297583871129749e-05,1.179203899608750732e-05,1.100853080658536253e-18,1.594660171416239943e-15
3.538802525886964286e+05,4.587876194130849350e-02,1.018288688533531172e+03,3.944744926424999243e-03,4.182096435054935557e-02,1.004192266564716830e-04,1.263343767550183950e-05,1.199215332897678384e-18,2.161443363693586841e-15
3.516894823367008357e+05,4.996301137823847688e-02,1.023292931801527970e+03,4.296157973920044539e-03,4.554373649105518396e-02,1.096001734971674055e-04,1.351673976309757146e-05,1.291832265248871179e-18,2.982508531274218119e-15
3.501075125534026301e+05,5.312432620462365779e-02,1.027114307927504115e+03,4.568180644024165404e-03,4.842523865804942984e-02,1.167263355478642949e-04,1.418056699838762107e-05,1.353475435569948867e-18,3.805975372168738388e-15
3.485255427701044246e+05,5.647420501898440387e-02,1.031115642879792176e+03,4.856446675847690686e-03,5.147859679923923182e-02,1.242954899460156312e-04,1.486605394655838135e-05,1.409499666699181173e-18,4.903558961072398556e-15
3.469435729868062190e+05,6.002258347459139137e-02,1.035301826127806635e+03,5.161813281494048895e-03,5.471286487274041460e-02,1.323323091713396590e-04,1.557301117921154290e-05,1.458881637510704669e-18,6.378915282409792559e-15
3.453616032035080134e+05,6.377979030306989150e-02,1.039677562690233117e+03,5.485171640460785591e-03,5.813745497902065434e-02,1.408624958267021862e-04,1.630118775337153388e-05,1.500695106172460064e-18,8.378941503176953646e-15
3.437796334202098078e+05,6.775655201852222309e-02,1.044247346511227988e+03,5.827447302698502037e-03,6.176214165037140907e-02,1.499127915237306299e-04,1.705027391747197796e-05,1.534144124260635896e-18,1.111329106226520165e-14
3.421976636369116022e+05,7.196399697111928451e-02,1.049015434447639336e+03,6.189600534583231811e-03,6.559706554853811378e-02,1.595109831922091482e-04,1.781990479084935304e-05,1.558592422895293694e-18,1.488328025288925659e-14
3.406156938536133966e+05,7.641365874612815468e-02,1.053985821210018003e+03,6.572626607479441566e-03,6.965273656680891212e-02,1.696859068279759773e-04,1.860966499170494534e-05,1.573587268010777910e-18,2.012495043222951388e-14
3.390337240703151911e+05,8.111747891239186325e-02,1.059162215590206870e+03,6.977556029289661184e-03,7.394003634017197457e-02,1.804674487388228932e-04,1.941909416392667123e-05,1.578876362434805013e-18,2.747357291684855345e-14
3.374517542870169855e+05,8.608780913251888600e-02,1.064548018305073811e+03,7.405454720122769258e-03,7.847022017463663179e-02,1.918865443935634035e-04,2.024769332805096816e-05,1.574416772896202040e-18,3.786078947470734813e-14
3.358697845037187799e+05,9.133741265468423021e-02,1.070146301767332488e+03,7.857424133895847540e-03,8.325491841375586011e-02,2.039751750217134963e-04,2.109493195814171319e-05,1.560375349983706026e-18,5.266164865090114851e-14
3.342878147204205743e+05,9.687946521371657016e-02,1.075959792071303582e+03,8.334601328376312762e-03,8.830613726745056846e-02,2.167663621507731468e-04,2.196025566499224208e-05,1.537120645920655566e-18,7.391825242802241050e-14
3.327058449371223687e+05,1.027275553760202825e-01,1.081990853449696488e+03,8.838158986781748799e-03,9.363625913448044014e-02,2.302941603051413954e-04,2.284309434828189439e-05,1.505206871448566699e-18,1.046815009810042071e-13
3.311238751538241631e+05,1.088956843692516913e-01,1.088241475419586777e+03,9.369305394618677660e-03,9.925804245569989914e-02,2.445936481174505305e-04,2.374287066613377470e-05,1.465350921013130148e-18,1.495355656353124208e-13
3.295419053705259576e+05,1.153982654431255778e-01,1.094713262792082787e+03,9.929284375920711253e-03,1.051846211401988029e-01,2.597009181289224684e-04,2.465900866174549710e-05,1.418403892953940849e-18,2.154060512740342724e-13
3.279599355872277520e+05,1.222501228121978256e-01,1.101407428672087235e+03,1.051937519343663571e-02,1.114295036104987202e-01,2.756530655671660069e-04,2.559094238250592755e-05,1.365318806314443545e-18,3.128099499534675851e-13
3.263779658039295464e+05,1.294664902349232649e-01,1.108324790523519141e+03,1.114089241761478076e-02,1.180065715161216500e-01,2.924881764002561463e-04,2.653812432879219119e-05,1.307116350534453795e-18,4.577954892996664739e-13
3.247959960206313408e+05,1.370630092855921744e-01,1.115465769322787764e+03,1.179518576942259998e-02,1.249300781669565874e-01,3.102453149619585409e-04,2.750003357606202987e-05,1.244850495456017041e-18,6.749618997784230020e-13
3.232140262373331352e+05,1.450557273769444988e-01,1.122830391770850838e+03,1.248363994213126139e-02,1.322146467389472280e-01,3.289645114379767163e-04,2.847618342586146777e-05,1.179575648698537173e-18,1.002173083432863318e-12
3.216320564540349296e+05,1.534610955913393582e-01,1.130418295483330439e+03,1.320767440718623870e-02,1.398752683047132239e-01,3.486867494848347785e-04,2.946612845711340758e-05,1.112316798889827313e-18,1.497932722454048154e-12
3.195536796493874863e+05,1.651595285611185682e-01,1.140725283020493634e+03,1.421542882145366941e-02,1.505371200325965886e-01,3.761926891221463020e-04,3.078701538225393059e-05,1.022555746587028236e-18,2.563907313399885054e-12
3.174753028447392862e+05,1.776386054958712934e-01,1.151413690249544970e+03,1.529049711086958446e-02,1.619103782153447635e-01,4.055998935131134640e-04,3.213027171212711462e-05,9.330291787360252307e-19,4.431694232059085118e-12
3.153969260400910862e+05,1.909387670190700326e-01,1.162479815654845652e+03,1.643636815933081571e-02,1.740318949384405955e-01,4.370086008795776630e-04,3.349531269114092819e-05,8.454471750312359533e-19,7.727920591580300197e-12
3.133185492354429443e+05,2.051016237755077243e-01,1.173918972127175266e+03,1.765663158451186154e-02,1.869395886902835979e-01,4.705217445023566862e-04,3.488174262868813143e-05,7.612052349502274759e-19,1.358123058091148846e-11
3.112401724307947443e+05,2.201699476675208766e-01,1.185725560032688463e+03,1.895497697334263404e-02,2.006724363833089220e-01,5.062449233929427160e-04,3.628936344646674052e-05,6.813766316450086822e-19,2.402991372443204789e-11
3.091617956261465442e+05,2.361876637970100890e-01,1.197893147470247186e+03,2.033519318278847673e-02,2.152704660128670067e-01,5.442863798179269465e-04,3.771817877504655861e-05,6.067246083858604019e-19,4.276161261770126108e-11
3.086422014249847271e+05,2.403456920516680029e-01,1.200990624401336845e+03,2.069350217025546501e-02,2.190599392081802044e-01,5.541811214804089015e-04,3.806950230075369562e-05,5.885146609424585985e-19,4.945118658470764171e-11
3.081226072238228517e+05,2.445665840913380518e-01,1.204110099422933672e+03,2.105722318806195481e-02,2.229067092485654267e-01,5.642203414570300113e-04,3.843125607809881497e-05,5.710929421218649467e-19,5.717556485654901544e-11
3.080186883835906046e+05,2.454183694208130762e-01,1.204736623556930454e+03,2.113062338289584466e-02,2.236829954418073363e-01,5.662467691477373211e-04,3.850376810066889136e-05,5.676521086538571268e-19,5.886147110937175302e-11
3.079147695433583576e+05,2.462727038609242025e-01,1.205364021782955206e+03,2.120424340326719503e-02,2.244616046385774222e-01,5.682794244867108487e-04,3.857633399518054342e-05,5.642258469692380266e-19,6.059771741318375659e-11
3.078108507031261106e+05,2.471295931987923522e-01,1.205992293114272570e+03,2.127808374830510163e-02,2.252425421126027505e-01,5.703183216847954430e-04,3.864895381386276456e-05,5.608141835373933044e-19,6.238581735738273693e-11
3.077069318628939218e+05,2.479890432286452895e-01,1.206621436560364828e+03,2.135214491775041731e-02,2.260258131440875951e-01,5.723634749697363881e-04,3.872162761019904467e-05,5.574171434427221286e-19,6.422733013668128628e-11
3.076861480948473327e+05,2.481612410280459036e-01,1.206747369815926959e+03,2.136698369458859756e-02,2.261827478423932281e-01,5.727732576103010918e-04,3.873616885157375132e-05,5.567394923346360482e-19,6.460218273327622077e-11
3.076653643268007436e+05,2.483335415336010987e-01,1.206873337908349413e+03,2.138183132842095407e-02,2.263397761367680616e-01,5.731832911781151521e-04,3.875071225468397702e-05,5.560624272960299896e-19,6.497924901416827673e-11
3.076445805587541545e+05,2.485059447917668807e-01,1.206999340829654329e+03,2.139668782325421584e-02,2.264968980695469536e-01,5.735935757871979315e-04,3.876525781997319434e-05,5.553859485077832486e-19,6.535854213611043021e-11
3.076237967907075654e+05,2.486784508490107459e-01,1.207125378571857482e+03,2.141155318309609368e-02,2.266541136830750591e-01,5.740041115516129194e-04,3.877980554788663090e-05,5.547100561485473980e-19,6.574007533419003602e-11
3.076196400370983756e+05,2.487129644004388018e-01,1.207150590298102998e+03,2.141452731921825517e-02,2.266855680511977167e-01,5.740862488531419967e-04,3.878271535302064369e-05,5.545749480636050135e-19,6.581665195318150443e-11
3.076154832834891859e+05,2.487474820660609820e-01,1.207175803416800818e+03,2.141750181013317780e-02,2.267170261685833854e-01,5.741683962064247741e-04,3.878562524468561113e-05,5.544398634445424350e-19,6.589331881439557394e-11
3.076146787417381420e+05,2.487541634528445122e-01,1.207180683589433556e+03,2.141807756532885729e-02,2.267231153361127793e-01,5.741842970290394295e-04,3.878618846567454881e-05,5.544137204590957586e-19,6.590816815650555499e-11
3.076142350863558822e+05,2.487578478933983595e-01,1.207183374720340225e+03,2.141839506465707116e-02,2.267264731982584491e-01,5.741930655169238864e-04,3.878649904954511464e-05,5.543993046853018423e-19,6.591635808381802538e-11
3.076137914309736807e+05,2.487615323808248236e-01,1.207186065851754620e+03,2.141871256802589663e-02,2.267298311031206715e-01,5.742018341178226504e-04,3.878680963590741424e-05,5.543848894016315783e-19,6.592454899397572041e-11
3.076133477755914791e+05,2.487652169151244042e-01,1.207188756982328186e+03,2.141903007543524695e-02,2.267331890506998626e-01,5.742106028316363003e-04,3.878712022489530590e-05,5.543704746277324373e-19,6.593274088298063060e-11
3.076124604648270761e+05,2.487725861243451353e-01,1.207194139240953518e+03,2.141966510237572688e-02,2.267399050740117605e-01,5.742281405977979220e-04,3.878774141073505153e-05,5.543416466083939517e-19,6.594912759802866335e-11
3.076115731540626148e+05,2.487799555210644109e-01,1.207199521496216448e+03,2.142030014547883013e-02,2.267466212681974180e-01,5.742456788155511074e-04,3.878836260707258470e-05,5.543128206275921269e-19,6.596551822983061159e-11
3.076106858432982117e+05,2.487873251052861723e-01,1.207204903748116976e+03,2.142093520474490018e-02,2.267533376332606654e-01,5.742632174848147581e-04,3.878898381390198294e-05,5.542839966848165915e-19,6.598191277930593825e-11
3.076018127356539480e+05,2.488610312610086139e-01,1.207258726082204703e+03,2.142728668644339196e-02,2.268205106829444540e-01,5.744386290152189581e-04,3.879519645947350324e-05,5.539958693210615931e-19,6.614607394323711605e-11
3.075929396280096844e+05,2.489347561714291834e-01,1.207312548080119768e+03,2.143363978482194787e-02,2.268877008244308269e-01,5.746140857111161401e-04,3.880141015468212604e-05,5.537079455867319350e-19,6.631062786322302545e-11
3.075840665203653625e+05,2.490084998405578398e-01,1.207366369741921062e+03,2.143999450022624279e-02,2.269549080613736391e-01,5.747895875826452205e-04,3.880762489971513370e-05,5.534202253129611168e-19,6.647557544072154371e-11
3.075751934127210989e+05,2.490822622724219726e-01,1.207420191067668384e+03,2.144635083300354753e-02,2.270221323974435379e-01,5.749651346392561056e-04,3.881384069470803118e-05,5.531327083281387655e-19,6.664091757935279822e-11
3.074864623362763086e+05,2.498209194280681666e-01,1.207958385855249389e+03,2.151000319272761835e-02,2.276953170180527897e-01,5.767230925432414220e-04,3.887605642827443217e-05,5.502686820622550017e-19,6.831624002937357505e-11
3.073977312598314602e+05,2.505614572926931904e-01,1.208496547102782870e+03,2.157381767216330626e-02,2.283702155934380917e-01,5.784855797249316900e-04,3.893837733482658463e-05,5.474247986421319890e-19,7.003202735072016261e-11
3.073090001833866700e+05,2.513038799055382633e-01,1.209034674869565379e+03,2.163779461956444328e-02,2.290468318046303409e-01,5.802526059797455090e-04,3.900080357451848987e-05,5.446008904496213990e-19,7.178921642086028505e-11
3.072202691069418797e+05,2.520481913129491436e-01,1.209572769214772734e+03,2.170193438379751372e-02,2.297251693391352267e-01,5.820241811199333920e-04,3.906333530767468746e-05,5.417967914571295698e-19,7.358876485582914574e-11
3.071315380304970313e+05,2.527943955684534560e-01,1.210110830197459109e+03,2.176623731434824266e-02,2.304052318910032870e-01,5.838003149754257201e-04,3.912597269484750784e-05,5.390123372137554332e-19,7.543165144763171730e-11
3.067311663911494543e+05,2.561850616361596722e-01,1.212538251265187228e+03,2.205842308073827432e-02,2.334953570179848781e-01,5.918715302584651736e-04,3.940992286445091646e-05,5.266882873320871001e-19,8.431359939825314417e-11
3.063307947518018191e+05,2.596147236384557799e-01,1.214964999655836664e+03,2.235397036206000082e-02,2.366210204693553476e-01,6.000366706020818664e-04,3.969604224163939313e-05,5.147463553855077805e-19,9.419670685813826715e-11
3.059304231124542421e+05,2.630837594467222984e-01,1.217391080703910347e+03,2.265291173755610427e-02,2.397825666057935012e-01,6.082966524425524905e-04,3.998434574139660792e-05,5.031725704208454191e-19,1.051887447320640827e-10
3.055300514731066069e+05,2.665925499502610485e-01,1.219816499695263474e+03,2.295528004669501743e-02,2.429803425382038862e-01,6.166523995838952459e-04,4.027484836970662602e-05,4.919535431483187075e-19,1.174085328062898470e-10
3.051296798337590299e+05,2.701414790759595341e-01,1.222241261867737876e+03,2.326110839086640777e-02,2.462146981456339867e-01,6.251048432478361651e-04,4.056756522427937457e-05,4.810764390565630924e-19,1.309870151877805914e-10
3.047293081944114529e+05,2.737309338077335563e-01,1.224665372411773433e+03,2.357043013505740955e-02,2.494859860929896367e-01,6.336549221228711046e-04,4.086251149519385236e-05,4.705289528822810839e-19,1.460684347594525957e-10
3.038177415564488037e+05,2.820566614789967730e-01,1.230182186759602473e+03,2.428790503115827587e-02,2.570737228108525563e-01,6.534910067223638442e-04,4.154244337940228099e-05,4.476820643873125721e-19,1.868841361982305137e-10
3.029061749184862128e+05,2.905991581713314731e-01,1.235695709582361587e+03,2.502406601940057249e-02,2.648590082713269123e-01,6.738494482955287562e-04,4.223419376264521343e-05,4.263533382936912590e-19,2.385458122186503110e-10
3.019946082805235637e+05,2.993631721184555339e-01,1.241205999495342212e+03,2.577932248462561082e-02,2.728461696146811111e-01,6.947417679494578445e-04,4.293794741205433186e-05,4.064242292414273771e-19,3.037873264308204392e-10
3.010830416425609728e+05,3.083535371939521985e-01,1.246713113941609663e+03,2.655409119607214999e-02,2.810396120236676176e-01,7.161796965131254434e-04,4.365389170508125803e-05,3.877867086045419929e-19,3.859942947154604489e-10
3.001714750045983237e+05,3.175751741504698744e-01,1.252217109224980732e+03,2.734879641420562973e-02,2.894438198523999750e-01,7.381751778361062867e-04,4.438221667765948066e-05,3.703422320441172168e-19,4.893505415032678945e-10
2.992599083666357328e+05,3.270330918730530168e-01,1.257718040541847586e+03,2.816386999876118596e-02,2.980633577680226742e-01,7.607403721788178049e-04,4.512311507487261277e-05,3.540008175227158463e-19,6.190154524590614425e-10
2.983483417286730837e+05,3.367323886463527982e-01,1.263215962011933243e+03,2.899975151797735962e-02,3.069028719049206044e-01,7.838876597116205486e-04,4.587678240490246893e-05,3.386802210690182692e-19,7.813383130654669660e-10
2.961761626038994873e+05,3.608485573334681007e-01,1.276305180230478300e+03,3.107809862848887397e-02,3.288812656521853395e-01,8.414663614791809219e-04,4.772534198885023104e-05,3.058568788570589931e-19,1.349325870808185381e-09
2.940039834791258909e+05,3.864373406056918481e-01,1.289378302139656171e+03,3.328339308292195542e-02,3.522016967248626229e-01,9.025982050454942627e-04,4.965028987312393834e-05,2.775346744108334528e-19,2.302988598150272046e-09
2.925562616559157614e+05,4.043467406793247454e-01,1.298082714092118295e+03,3.482688281512710121e-02,3.685234725251214649e-01,9.454050112195640882e-04,5.097705984673650407e-05,2.607976040701442953e-19,3.268009859379296454e-09
2.924075978154408513e+05,4.062256620010917807e-01,1.298976173347814893e+03,3.498881522406498135e-02,3.702358311173652994e-01,9.498969427284421722e-04,5.111533029331911086e-05,2.591665460326812695e-19,3.386639719484201805e-09
2.922589339749659412e+05,4.081121020335985450e-01,1.299869562531814609e+03,3.515139579514538204e-02,3.719550417185285562e-01,9.544070285633194598e-04,5.125398196747322837e-05,2.575510838028170316e-19,3.509393773667276769e-09
2.922589042421978083e+05,4.081124800754742932e-01,1.299869741202654950e+03,3.515142837624808669e-02,3.719553862476706607e-01,9.544079324006985322e-04,5.125400973601679645e-05,2.575507622585589725e-19,3.509418746041649684e-09
2.922588745094296755e+05,4.081128581176518555e-01,1.299869919873492563e+03,3.515146095737679138e-02,3.719557307770877674e-01,9.544088362389784681e-04,5.125403750458552480e-05,2.575504407151146189e-19,3.509443718585226530e-09
2.922588447766615427e+05,4.081132361601311209e-01,1.299870098544327220e+03,3.515149353853152386e-02,3.719560753067799319e-01,9.544097400778428974e-04,5.125406527316248630e-05,2.575501191721425514e-19,3.509468691300201815e-09
2.922588150438934681e+05,4.081136142029121450e-01,1.299870277215159149e+03,3.515152611971225638e-02,3.719564198367469876e-01,9.544106439174498968e-04,5.125409304175413197e-05,2.575497976297788370e-19,3.509493664185658198e-09
2.922587853111253353e+05,4.081139922459949831e-01,1.299870455885988349e+03,3.515155870091900281e-02,3.719567643669891566e-01,9.544115477577997915e-04,5.125412081036256922e-05,2.575494760880574684e-19,3.509518637241397982e-09
2.922587258455890696e+05,4.081147483327642322e-01,1.299870813227640838e+03,3.515162386338459288e-02,3.719574534280234435e-01,9.544133554400241861e-04,5.125417634758902536e-05,2.575488330059222932e-19,3.509568583864217030e-09
2.922586663800528040e+05,4.081155044207405713e-01,1.299871170569282185e+03,3.515168902595419004e-02,3.719581424901577393e-01,9.544151631252194030e-04,5.125423188487977468e-05,2.575481899263200048e-19,3.509618531168306580e-09
2.922586069145165966e+05,4.081162605099239449e-01,1.299871527910912391e+03,3.515175418862787754e-02,3.719588315533920997e-01,9.544169708132281245e-04,5.125428742222661792e-05,2.575475468490782324e-19,3.509668479154934286e-09
2.922580122591548134e+05,4.081238214681472409e-01,1.299875101326599861e+03,3.515240582108787593e-02,3.719657222462382506e-01,9.544350478540291217e-04,5.125484279907753743e-05,2.575411162127303962e-19,3.510167996517472294e-09
2.922574176037930883e+05,4.081313825470797574e-01,1.299878674741169334e+03,3.515305746395382819e-02,3.719726130490902394e-01,9.544531251861063451e-04,5.125539818203363326e-05,2.575346858228481001e-19,3.510667582067638247e-09
2.922568229484313633e+05,4.081389437467231596e-01,1.299882248154621038e+03,3.515370911722583147e-02,3.719795039619491761e-01,9.544712028097736712e-04,5.125595357111066021e-05,2.575282556797391560e-19,3.511167235812203031e-09
2.922562282930695801e+05,4.081465050670790573e-01,1.299885821566954746e+03,3.515436078090406619e-02,3.719863949848167817e-01,9.544892807248818055e-04,5.125650896630081882e-05,2.575218257832340819e-19,3.511666957761109771e-09
2.922502817394507583e+05,4.082221249101845584e-01,1.299921555628811348e+03,3.516087799005902792e-02,3.720553112642946969e-01,9.546700759084089183e-04,5.126206325457209698e-05,2.574575403813868560e-19,3.516667930433683452e-09
2.922443351858318783e+05,4.082977568263356227e-01,1.299957289578894233e+03,3.516739623999019099e-02,3.721242385462715241e-01,9.548509002437337604e-04,5.126761815441721604e-05,2.573932796310621138e-19,3.521675733322461079e-09
2.922383886322130566e+05,4.083734008171645002e-01,1.299993023417216136e+03,3.517391553083829697e-02,3.721931768322346290e-01,9.550317537352301118e-04,5.127317366591604102e-05,2.573290435213333806e-19,3.526690375347730252e-09
2.922371993214895483e+05,4.083885310644363997e-01,1.300000170167526903e+03,3.517522642683087314e-02,3.722069588942811813e-01,9.550748428184561772e-04,5.126737185899632248e-05,2.571756675069543660e-19,3.528646936800278269e-09
2.922360100107660401e+05,4.084036617947737757e-01,1.300007316909423480e+03,3.517653045171333787e-02,3.722207483121672267e-01,9.551110183296978098e-04,5.126848291223024847e-05,2.571628296397313699e-19,3.529651230456933749e-09
2.922348207000425900e+05,4.084187930081898399e-01,1.300014463646848526e+03,3.517783451824042090e-02,3.722345381702962808e-01,9.551471950073920107e-04,5.126959398992609972e-05,2.571499927568751461e-19,3.530655798253003430e-09
2.922324420785948751e+05,4.084490568843165970e-01,1.300028757108284708e+03,3.518044277623333382e-02,3.722621192073364838e-01,9.552195518623187451e-04,5.127181621870292752e-05,2.571243219438787447e-19,3.532665756550500607e-09
2.922300634571472183e+05,4.084793226929145926e-01,1.300043050551836359e+03,3.518305120081807041e-02,3.722897020054907746e-01,9.552919133835859273e-04,5.127403854533759368e-05,2.570986550673731309e-19,3.534676812264670069e-09
2.922276848356995033e+05,4.085095904340882988e-01,1.300057343977503933e+03,3.518565979200361654e-02,3.723172865648544660e-01,9.553642795714653666e-04,5.127626096983256478e-05,2.570729921266242365e-19,3.536688965968729782e-09
2.922038986212234013e+05,4.088123741599661298e-01,1.300200277250737372e+03,3.521175486884227379e-02,3.725932290454928575e-01,9.560881981623949250e-04,5.129849059762612494e-05,2.568165790203906131e-19,3.556871018788894607e-09
2.921801124067472410e+05,4.091153512588447949e-01,1.300343208736480392e+03,3.523786661571532558e-02,3.728693477522643240e-01,9.568125836861895777e-04,5.132073001541160879e-05,2.565605586891893720e-19,3.577163503242143882e-09
2.921563261922711390e+05,4.094185218348691535e-01,1.300486138435551311e+03,3.526399504160215859e-02,3.731456427800762810e-01,9.575374363966769912e-04,5.134297922704633661e-05,2.563049304128354773e-19,3.597566997203456506e-09
2.921325399777949788e+05,4.097218859926665124e-01,1.300629066348771175e+03,3.529014015552361244e-02,3.734221142242751812e-01,9.582627565491880781e-04,5.136523823646205915e-05,2.560496934738743321e-19,3.618082081428382246e-09
2.919875937694823951e+05,4.115746881979214233e-01,1.301499988543252130e+03,3.544982201768427654e-02,3.751106685820316811e-01,9.626927625663682505e-04,5.150109009801339419e-05,2.545027710039162088e-19,3.745541086966930080e-09
2.918426475611697533e+05,4.134347063402143974e-01,1.302370844639128563e+03,3.561012594189941899e-02,3.768057990206497565e-01,9.671401935484834605e-04,5.163730681652819153e-05,2.529701928905318671e-19,3.877300234189212198e-09
2.916977013528571697e+05,4.153019642082107499e-01,1.303241634821277785e+03,3.577105397921275659e-02,3.785075272187164996e-01,9.716051075009966625e-04,5.177388928242702807e-05,2.514518003707543179e-19,4.013498087152545117e-09
2.915527551445445279e+05,4.171764856548208500e-01,1.304112359274046412e+03,3.593260818620723496e-02,3.802158749133542903e-01,9.760875625935570756e-04,5.191083838823862376e-05,2.499474367289301769e-19,4.154277461275652408e-09
2.914078089362319442e+05,4.190582945982739838e-01,1.304983018181244233e+03,3.609479062509732272e-02,3.819308639011982920e-01,9.805876171640149838e-04,5.204815502880395616e-05,2.484569472703151654e-19,4.299785547071728441e-09
2.909798741221870878e+05,4.246568402542406084e-01,1.307553144622748050e+03,3.657729848350417534e-02,3.870331046050004553e-01,9.939766897411881404e-04,5.245571754329734723e-05,2.441359575134061210e-19,4.758451478280207774e-09
2.905519393081422313e+05,4.303197372367555396e-01,1.310122706021283648e+03,3.706535387524031305e-02,3.921939903899596125e-01,1.007521193022420034e-03,5.286651470372509402e-05,2.399307504859784551e-19,5.263829432878113475e-09
2.901240044940973748e+05,4.360476110806685845e-01,1.312691707026689301e+03,3.755901073348805186e-02,3.974140913027476851e-01,1.021222654096622150e-03,5.328056988746326093e-05,2.358376376869050571e-19,5.820448766629710287e-09
2.896960696800525184e+05,4.418410923547363423e-01,1.315260152249469456e+03,3.805832342542618540e-02,4.026939819762933581e-01,1.035082613110555050e-03,5.369790665060695145e-05,2.318530675304012199e-19,6.433255626589822550e-09
2.892681348660077201e+05,4.477008166952152757e-01,1.317828046261289273e+03,3.856334675512105431e-02,4.080342416602920630e-01,1.049102623421380815e-03,5.411854873162813524e-05,2.279736196766757379e-19,7.107649210338819335e-09
2.888402000519628637e+05,4.536274248386725216e-01,1.320395393595448240e+03,3.907413596634945474e-02,4.134354542509959818e-01,1.063284251751018313e-03,5.454252005501621602e-05,2.241959996199649175e-19,7.849520993655041947e-09
2.879409369341268903e+05,4.663024460104353008e-01,1.325788661232413915e+03,4.016654708738810059e-02,4.249868255864013289e-01,1.093619268146930109e-03,5.544441077738636244e-05,2.165755240925462223e-19,9.657721565883681871e-09
2.870416738162909169e+05,4.792817453371567282e-01,1.331179575784861981e+03,4.128518935304519716e-02,4.368154929562960698e-01,1.124689830022697389e-03,5.636133640161811431e-05,2.093630159956619914e-19,1.186139107090619676e-08
2.861424106984550017e+05,4.925714929401861508e-01,1.336568177721272377e+03,4.243059474372203044e-02,4.489270790520303867e-01,1.156511074525355546e-03,5.729352750351558802e-05,2.025327234659104652e-19,1.454240484495011163e-08
2.852431475806190283e+05,5.061779624481330675e-01,1.341954506816301773e+03,4.360330416251025076e-02,4.613273008465349490e-01,1.189098421612903422e-03,5.824121884655468186e-05,1.960607951956463705e-19,1.779862845654899830e-08
2.843438844627830549e+05,5.201075323977830678e-01,1.347338602168109901e+03,4.480386755553686373e-02,4.740219708626448036e-01,1.222467583127008137e-03,5.920464962309177423e-05,1.899251253521157583e-19,2.174685122536372166e-08
2.834446213449470815e+05,5.343666876499330032e-01,1.352720502215160423e+03,4.603284403351984994e-02,4.870169984535914209e-01,1.256634572870688566e-03,6.018406372841352236e-05,1.841052126463766213e-19,2.652622260408780772e-08
2.825453582271111663e+05,5.489620208199232909e-01,1.358100244752525214e+03,4.729080199450353544e-02,5.003183910952252456e-01,1.291615717850471204e-03,6.117971007268322001e-05,1.785820321843985601e-19,3.230227138999000698e-08
2.803544075038022711e+05,5.859708984625799921e-01,1.371198563103989954e+03,5.048059104164834970e-02,5.340462252657647291e-01,1.380355282963661393e-03,6.367502546611297223e-05,1.662610268645465724e-19,5.184673720607379194e-08
2.781634567804934341e+05,6.251150698512187853e-01,1.384284816252289829e+03,5.385446211306352260e-02,5.697199763461467947e-01,1.474276909091518269e-03,6.627204800799099324e-05,1.553736150015683527e-19,8.243490901108105452e-08
2.759725060571845388e+05,6.664982622269695067e-01,1.397359506444491444e+03,5.742135786114892226e-02,6.074341559151500425e-01,1.573643719402637291e-03,6.897485660704244048e-05,1.457304115065402718e-19,1.298746607838864830e-07
2.737815553338757018e+05,7.102283610252998480e-01,1.410423116764735141e+03,6.119057905879068254e-02,6.472870568955910731e-01,1.678734426737326984e-03,7.178784020570500067e-05,1.371724073972826250e-19,2.028039750841253628e-07
2.715906046105668065e+05,7.564175440277158824e-01,1.423476112223620930e+03,6.517179597836360305e-02,6.893808721902240366e-01,1.789846117585883406e-03,7.471578081345140354e-05,1.295659966193896064e-19,3.139607288407574728e-07
2.693996538872579695e+05,8.051824188216081257e-01,1.436518940776566978e+03,6.937505998127117823e-02,7.338218148510230465e-01,1.907298051141284763e-03,7.776396657679865573e-05,1.227990268309312329e-19,4.819715958129879232e-07
2.672087031639490742e+05,8.566441635909203267e-01,1.449552034277059192e+03,7.381081529371587291e-02,7.807202392612955233e-01,2.031436841706774771e-03,8.093834481927311372e-05,1.167776881265617664e-19,7.338493830031470007e-07
2.650177524406402372e+05,9.109286712507167483e-01,1.462575809370998286e+03,7.848991093585516721e-02,8.301907626344143809e-01,2.162643506408777443e-03,8.424572766883511735e-05,1.114240996590612430e-19,1.108446369405928483e-06
2.628268017173313419e+05,9.681666969213765794e-01,1.475590668337883699e+03,8.342361276085270838e-02,8.823523859153167281e-01,2.301342997633461143e-03,8.769406596948804179e-05,1.066744905533825528e-19,1.661181604252163030e-06
2.606358509940224758e+05,1.028494008715798325e+00,1.488596999884286788e+03,8.862361554808857733e-02,9.373286129173327152e-01,2.448016998529872409e-03,9.129281048250484604e-05,1.024779008135372390e-19,2.470441364722158066e-06
2.584449002707136096e+05,1.092051541786297486e+00,1.501595179894848116e+03,9.410205508179823874e-02,9.952475662515865018e-01,2.603220931094067572e-03,9.505338254505480984e-05,9.879535182379746387e-20,3.646139273558928846e-06
2.562539495474047435e+05,1.158985555545513968e+00,1.514585572145827200e+03,9.987152013418737484e-02,1.056242098338658675e+00,2.767606288862450165e-03,9.898977866200405341e-05,9.559945574863835285e-20,5.341005143425918556e-06
2.540629988240958774e+05,1.229447793939026923e+00,1.527568528985989360e+03,1.059450642636636519e-01,1.120449895591113521e+00,2.941949521161864659e-03,1.031193337771784085e-04,9.287444947563934690e-20,7.765229310738164242e-06
2.518720481007870112e+05,1.303595648608823154e+00,1.540544391989279347e+03,1.123362173391199842e-01,1.188013573818068602e+00,3.127188698458832367e-03,1.074636643892228614e-04,9.061665225312370531e-20,1.120508878676490745e-05
2.486390936321342306e+05,1.420086380555277916e+00,1.559679243989256975e+03,1.223768614414090378e-01,1.294153295664097980e+00,3.422915343572722254e-03,1.143252761340931444e-04,8.816163330717597671e-20,1.898283006414714950e-05
2.460947688491142180e+05,1.518015175187263477e+00,1.574728628430231083e+03,1.308172779629757365e-01,1.383372131967977037e+00,3.677194533724127776e-03,1.201703330442335723e-04,8.701638054874819102e-20,2.840038954238773906e-05
2.441708647340793395e+05,1.595906864786390988e+00,1.586102959044228555e+03,1.375304288307276634e-01,1.454329253769947483e+00,3.884048902236752945e-03,1.248983988865027357e-04,8.665996138723912805e-20,3.823488459252363456e-05
2.426254370626865129e+05,1.660966264570461037e+00,1.595236520182048253e+03,1.431373880458612358e-01,1.513591140411683744e+00,4.060496343238339904e-03,1.289175729562347698e-04,8.672606995935128728e-20,4.832219672164791231e-05
2.413702560215043486e+05,1.715489960023240501e+00,1.602652703544591532e+03,1.478361712502380965e-01,1.563251915752708499e+00,4.211271019840980359e-03,1.323443984327719153e-04,8.703355264043500909e-20,5.825760202013113544e-05
2.401150749803221552e+05,1.771561740555474218e+00,1.610067148796561241e+03,1.526681688553559180e-01,1.614318241155528577e+00,4.369368700941757104e-03,1.359320323494290291e-04,8.758953386768504268e-20,7.002981129818148446e-05
2.388598939391399617e+05,1.829218981820763812e+00,1.617479909590901798e+03,1.576365643478554179e-01,1.666823352274950709e+00,4.535441962205659198e-03,1.396960368235365419e-04,8.841675025152887582e-20,8.392719892846977757e-05
2.376047128979577974e+05,1.888499805024248301e+00,1.624891038863803487e+03,1.627446012377062601e-01,1.720801069476966649e+00,4.710209738222030304e-03,1.436534116577981154e-04,8.954131751081091442e-20,1.002711596956494479e-04
2.363495318567756040e+05,1.949443088141596281e+00,1.632300588861359756e+03,1.679955839265252215e-01,1.776285804791667644e+00,4.894459593550413122e-03,1.478225967643682903e-04,9.099308732361992830e-20,1.194172330888277380e-04
2.350943508155934105e+05,2.012088477280286725e+00,1.639708611164904141e+03,1.733928786530640753e-01,1.833312570287388477e+00,5.089049116036617817e-03,1.522234487249117161e-04,9.280605649464041957e-20,1.417557750727175148e-04
2.338391697744112462e+05,2.076476398170483684e+00,1.647115156714196928e+03,1.789399145167132610e-01,1.891916987928367710e+00,5.294906381629943190e-03,1.568771917283257435e-04,9.501883878760455780e-20,1.677121520443212890e-04
2.325839887332290527e+05,2.142648067809357126e+00,1.654520275828584317e+03,1.846401845778423423e-01,1.952135300907778426e+00,5.513029510538265329e-03,1.618063451702748110e-04,9.767521165228307728e-20,1.977464680278906678e-04
2.304144158376358682e+05,2.261355230002445538e+00,1.667316761500196435e+03,1.948648710266671635e-01,2.060136429766363353e+00,5.922140645689784842e-03,1.710459166553085020e-04,1.034615256984404261e-19,2.607426470698086555e-04
2.282448429420426837e+05,2.385740403655725483e+00,1.680109386351388821e+03,2.055768835929200899e-01,2.173264919493363756e+00,6.377094182966233128e-03,1.813097291450388839e-04,1.110288453333096110e-19,3.401966573301591829e-04
2.264830541762718640e+05,2.491082660783996872e+00,1.690494891714973392e+03,2.146474486208209687e-01,2.269041039736755749e+00,6.784754251313622302e-03,1.904929991996302677e-04,1.187415601535350154e-19,4.189251759066472719e-04
2.261306964231178281e+05,2.512629730211383361e+00,1.692571718391176546e+03,2.165026008411737035e-01,2.288627576800995378e+00,6.870756464589400370e-03,1.924283713969054390e-04,1.204754854968232648e-19,4.363677332278766401e-04
2.257783386699638213e+05,2.534338734643033941e+00,1.694648456018222987e+03,2.183716350720512622e-01,2.308359971277361034e+00,6.958320549014066457e-03,1.943981125467920945e-04,1.222781037105960317e-19,4.544096320606073772e-04
2.254259809168097854e+05,2.556210711686035975e+00,1.696725105625163451e+03,2.202546389033174790e-01,2.328239126273687454e+00,7.047477982601735129e-03,1.964028576842956906e-04,1.241516670370463405e-19,4.730656687449452690e-04
2.250736231636557786e+05,2.578246704434257186e+00,1.698801668237807007e+03,2.221517003795147049e-01,2.348265949405917041e+00,7.138260593156478366e-03,1.984432457511055520e-04,1.260985093791370399e-19,4.923508099178159876e-04
2.250031516130252567e+05,2.582673677048407335e+00,1.699216970411064267e+03,2.225328073721969391e-01,2.352289114397547731e+00,7.156614961930328304e-03,1.988556570146325924e-04,1.264968826454212717e-19,4.962846597178201345e-04
2.249326800623947347e+05,2.587107260632542705e+00,1.699632269153628613e+03,2.229144809194680832e-01,2.356318229904866168e+00,7.175035882830477739e-03,1.992695248556275933e-04,1.268983033036281872e-19,5.002444005223115548e-04
2.249185857522684964e+05,2.587994771406942451e+00,1.699715328491176479e+03,2.229908836780232217e-01,2.357124767712796221e+00,7.178728076104846055e-03,1.993524736676993540e-04,1.269789548716574502e-19,5.010394663506472250e-04
2.249044914421422291e+05,2.588882547024517145e+00,1.699798387691888365e+03,2.230673091328882751e-01,2.357931543893025950e+00,7.182422943927984325e-03,1.994354809908756862e-04,1.270597292911253210e-19,5.018355736842045880e-04
2.248903971320159908e+05,2.589770587552717274e+00,1.699881446755829529e+03,2.231437572897554678e-01,2.358738558504211991e+00,7.186120488381231124e-03,1.995185468665529468e-04,1.271406267222606247e-19,5.026327235020237351e-04
2.248763028218897525e+05,2.590658893059007983e+00,1.699964505683064999e+03,2.232202281543185507e-01,2.359545811605023413e+00,7.189820711546491411e-03,1.996016713361217733e-04,1.272216473254778701e-19,5.034309167837012784e-04
2.248706650978389662e+05,2.591014289470503940e+00,1.699997729215696381e+03,2.232508228595740662e-01,2.359868779635586389e+00,7.191301551318370067e-03,1.996349375395060650e-04,1.272540900909165375e-19,5.037504864857724222e-04
2.248706538223910029e+05,2.591015000305906479e+00,1.699997795662739691e+03,2.232508840526334637e-01,2.359869425609971927e+00,7.191304513427069015e-03,1.996350040812934175e-04,1.272541549961696329e-19,5.037511257928009622e-04
2.248706425469430396e+05,2.591015711141479105e+00,1.699997862109783000e+03,2.232509452457075438e-01,2.359870071584508899e+00,7.191307475539006691e-03,1.996350706231641453e-04,1.272542199016150325e-19,5.037517651002708808e-04
2.248706312714950473e+05,2.591016421977220929e+00,1.699997928556826309e+03,2.232510064387960846e-01,2.359870717559199971e+00,7.191310437651784841e-03,1.996351371650439532e-04,1.272542848070724451e-19,5.037524044085503732e-04
2.248706199960470840e+05,2.591017132813132839e+00,1.699997995003869391e+03,2.232510676318991416e-01,2.359871363534042477e+00,7.191313399767008084e-03,1.996352037069857232e-04,1.272543497126645283e-19,5.037530437173889887e-04
2.248706087205991207e+05,2.591017843649214392e+00,1.699998061450912473e+03,2.232511288250167425e-01,2.359872009509038637e+00,7.191316361883049249e-03,1.996352702489376848e-04,1.272544146182661930e-19,5.037536830270255769e-04
2.248705861697031651e+05,2.591019265321716336e+00,1.699998194344998183e+03,2.232512512112809766e-01,2.359873301459333383e+00,7.191322286120955913e-03,1.996354033329742329e-04,1.272545444297727841e-19,5.037549616481276941e-04
2.248705636188072385e+05,2.591020686994896849e+00,1.699998327239083665e+03,2.232513735976034142e-01,2.359874593410239196e+00,7.191328210365387739e-03,1.996355364171494234e-04,1.272546742415636667e-19,5.037562402719752280e-04
2.248705410679112829e+05,2.591022108668756374e+00,1.699998460133168692e+03,2.232514959839839719e-01,2.359875885361755188e+00,7.191334134617182600e-03,1.996356695014893314e-04,1.272548040537093536e-19,5.037575188984090178e-04
2.248703155589490198e+05,2.591036325444671107e+00,1.699999789074000091e+03,2.232527198509878796e-01,2.359888804910510895e+00,7.191393377509002274e-03,1.996370003530547569e-04,1.272561021922837921e-19,5.037703053104344419e-04
2.248700900499867566e+05,2.591050542288445779e+00,1.700001118022794117e+03,2.232539465207357410e-01,2.359901722634257126e+00,7.191454784825765043e-03,1.996355605014988471e-04,1.272539447216897647e-19,5.037827881256151533e-04
2.248698645410245226e+05,2.591064759200080392e+00,1.700002446979549404e+03,2.232551703993407577e-01,2.359914642304761223e+00,7.191514029361502358e-03,1.996368914001824793e-04,1.272552429208592555e-19,5.037955752166842043e-04
2.248696390320622595e+05,2.591078976179574500e+00,1.700003775936267175e+03,2.232563942837611781e-01,2.359927562036340465e+00,7.191573274584086087e-03,1.996382223138913105e-04,1.272565411516471957e-19,5.038083625751799610e-04
2.248694135230999964e+05,2.591093193226928548e+00,1.700005104892947429e+03,2.232576181739967802e-01,2.359940481828994852e+00,7.191632520492924688e-03,1.996395532426093486e-04,1.272578394140156925e-19,5.038211502011769082e-04
2.248691880141377333e+05,2.591107410342142092e+00,1.700006433849590167e+03,2.232588420700478138e-01,2.359953401682725715e+00,7.191691767087581011e-03,1.996408841863238273e-04,1.272591377079262274e-19,5.038339380947631915e-04
2.248669329245172848e+05,2.591249585226639063e+00,1.700019723413951624e+03,2.232710813504056591e-01,2.360082603579241045e+00,7.192284270800377959e-03,1.996541944495436077e-04,1.272721223853558659e-19,5.039618317421027446e-04
2.248646778348968364e+05,2.591391766897438664e+00,1.700033012974556868e+03,2.232833212123224997e-01,2.360211811583586616e+00,7.192876843172876962e-03,1.996675062145040417e-04,1.272851102229541055e-19,5.040897521421629961e-04
2.248624227452763880e+05,2.591533955354816232e+00,1.700046302531406354e+03,2.232955616558213729e-01,2.360341025696000017e+00,7.193469484215044008e-03,1.996808194814105584e-04,1.272981012214677496e-19,5.042176992987792029e-04
2.248601676556559105e+05,2.591676150599048878e+00,1.700059592084500082e+03,2.233078026809255934e-01,2.360470245916723275e+00,7.194062193933043435e-03,1.996941342503666991e-04,1.273110953813926048e-19,5.043456732163006419e-04
2.248376167594542203e+05,2.593098476379219974e+00,1.700192487408937268e+03,2.234302449253992018e-01,2.361762784133867310e+00,7.199993070248724390e-03,1.998273645924816084e-04,1.274412110097057974e-19,5.056268851120548436e-04
2.248150658632525010e+05,2.594521481149075104e+00,1.700325382358100569e+03,2.235527453560859079e-01,2.363055933446482459e+00,7.205930823679944711e-03,1.999607453301953245e-04,1.275716435156174454e-19,5.069107774964600735e-04
2.247925149670507817e+05,2.595945165185261416e+00,1.700458276932250328e+03,2.236753039963319811e-01,2.364349694095137178e+00,7.211875462769539238e-03,2.000942766331558072e-04,1.277023935608390405e-19,5.081973543894244359e-04
2.247699640708490915e+05,2.597369528764520208e+00,1.700591171131647116e+03,2.237979208694916011e-01,2.365644066320477634e+00,7.217826996066349296e-03,2.002279586710845256e-04,1.278334618086118888e-19,5.094866198137303634e-04
2.245444551088305598e+05,2.611650600377390052e+00,1.701920092571420810e+03,2.250272975549409971e-01,2.378621478290102953e+00,7.277723395146155211e-03,2.015731068511421949e-04,1.291617924166570649e-19,5.225280303484268647e-04
2.243189461468120571e+05,2.625999931402269727e+00,1.703248976821763335e+03,2.262625232786137919e-01,2.391660313206567690e+00,7.338318661140405368e-03,2.029335156622041837e-04,1.305226841848168579e-19,5.358427402857083004e-04
2.240934371847935254e+05,2.640417800126528380e+00,1.704577824141881138e+03,2.275036215230395176e-01,2.404760812989620522e+00,7.399621438607823128e-03,2.043093558438820959e-04,1.319168259132416042e-19,5.494348194165810410e-04
2.238679282227750227e+05,2.654904485767605848e+00,1.705906634790292856e+03,2.287506158478869733e-01,2.417923220324278422e+00,7.461640430660966376e-03,2.057007987654864379e-04,1.333449223987508914e-19,5.633083660139040754e-04
2.236424192607564910e+05,2.669460268484248111e+00,1.707235409024824321e+03,2.300035298909276216e-01,2.431147778670905257e+00,7.524384399104162326e-03,2.071080164264371790e-04,1.348076948250823596e-19,5.774675068846112352e-04
2.230440319766079483e+05,2.708421038476756859e+00,1.710761132480449760e+03,2.333570061947584651e-01,2.466542202053817689e+00,7.694455973503963424e-03,2.109198282187453534e-04,1.388628426186752158e-19,6.164544264580363144e-04
2.224456446924593765e+05,2.747875590874579554e+00,1.714286606133181976e+03,2.367527765355385005e-01,2.502380545682659996e+00,7.869861273593932796e-03,2.148471753508109365e-04,1.431817887028509577e-19,6.575602074366764102e-04
2.218472574083108339e+05,2.787829257067212740e+00,1.717811834730005330e+03,2.401912906003036419e-01,2.538667438148195288e+00,8.050770075144774579e-03,2.188933365595289505e-04,1.477798284109894232e-19,7.008649070093450617e-04
2.212488701241622621e+05,2.828287415928608883e+00,1.721336822984341552e+03,2.436730020137196917e-01,2.575407547099568983e+00,8.237355151571819356e-03,2.230616230404898709e-04,1.526732256497720437e-19,7.464500407081425424e-04
2.206504828400137194e+05,2.869255494163185372e+00,1.724861575576312589e+03,2.471983683647585583e-01,2.612605579485719254e+00,8.429792325188678256e-03,2.273553793993110615e-04,1.578792763824759153e-19,7.943986081192145774e-04
2.200520955558651476e+05,2.910738966642410830e+00,1.728386097152997536e+03,2.507678512318757824e-01,2.650266281773644650e+00,8.628260528360964798e-03,2.317779848516341237e-04,1.634163761382738350e-19,8.447951236778104703e-04
2.189604243867131008e+05,2.987765561125320435e+00,1.734815497653888087e+03,2.573950470178824057e-01,2.720180522579848326e+00,9.006475235053676073e-03,2.401895874686207064e-04,1.744360061664969627e-19,9.433267050672707087e-04
2.178687532175610540e+05,3.066559901056540749e+00,1.741244172349250221e+03,2.641734886196561716e-01,2.791680015234359491e+00,9.406505129240960716e-03,2.490624930835801869e-04,1.867531823548458915e-19,1.050829580200428803e-03
2.167770820484090073e+05,3.147156492196371058e+00,1.747672148624009878e+03,2.711060830205348493e-01,2.864794610030632516e+00,9.829522230523300361e-03,2.584182245293547490e-04,2.005132221120152659e-19,1.167858690151120414e-03
2.156854108792569605e+05,3.229590395296675354e+00,1.754099453513673097e+03,2.781957828845712521e-01,2.939554606402723369e+00,1.027673861250040337e-02,2.682788038910464447e-04,2.158788420325154454e-19,1.294988592989777462e-03
2.145937397101049137e+05,3.313897233123317854e+00,1.760526113709945548e+03,2.854455870150282015e-01,3.015990755990342720e+00,1.074940869311565017e-02,2.786667995611665752e-04,2.330322516555575786e-19,1.432814625269898060e-03
2.135020685409528669e+05,3.400113197524653685e+00,1.766952155566481679e+03,2.928585408070075724e-01,3.094134265502962222e+00,1.124883169099659928e-02,2.896053758597338696e-04,2.521774882432558447e-19,1.581954147827976422e-03
2.124103973718007910e+05,3.488275056543864050e+00,1.773377605104750955e+03,3.004377366968465912e-01,3.174016799438104997e+00,1.177635420889019437e-02,3.011183441216517599e-04,2.735430195353688665e-19,1.743047855902060336e-03
2.104757619319769437e+05,3.649409153530310146e+00,1.784763268506325176e+03,3.142875027435486635e-01,3.319954086211890587e+00,1.278458668986645272e-02,3.230084542192555321e-04,3.176686656861735853e-19,2.059969430785373989e-03
2.085411264921530674e+05,3.816984657145743753e+00,1.796147292745121376e+03,3.286871063954221461e-01,3.471636506844297809e+00,1.389367402999144331e-02,3.469222598555108034e-04,3.712582073922541995e-19,2.420447616176566417e-03
2.066064910523292201e+05,3.991219984383189701e+00,1.807529815330915199e+03,3.436548755842084302e-01,3.629251049851066835e+00,1.511237525392275516e-02,3.730103959558101400e-04,4.363506642369253782e-19,2.828673298035953420e-03
2.046718556125053437e+05,4.172339632338566418e+00,1.818910970829379266e+03,3.592096270677240244e-01,3.792989359207367350e+00,1.645006887716403757e-02,4.014326266452606534e-04,5.154335155619126997e-19,3.289144559665613688e-03
2.027372201726814965e+05,4.360574307761305057e+00,1.830290890968316944e+03,3.753706746132000061e-01,3.963047779661260872e+00,1.791680288226836504e-02,4.323586572543102044e-04,6.115390938656744454e-19,3.806691947321602740e-03
2.008025847328576201e+05,4.556161057965446126e+00,1.841669704742060958e+03,3.921578373211968560e-01,4.139627402862934957e+00,1.952334500022193109e-02,4.659689115635219127e-04,7.283609467169495266e-19,4.386503869528830812e-03
1.988679492930337728e+05,4.759343403118863947e+00,1.853047538513252675e+03,4.095914480796944424e-01,4.322934114154733720e+00,2.128123341233657123e-02,5.024552809528786508e-04,8.703941342784488709e-19,5.034152191147411338e-03
1.962628548600742652e+05,5.045381760412601224e+00,1.868367095320748376e+03,4.341249254345298514e-01,4.580766962384351437e+00,2.390935318769419476e-02,5.564917799306904472e-04,1.111287664593611464e-18,6.024027626095423277e-03
1.936577604271147866e+05,5.346276992710012443e+00,1.883685394807462671e+03,4.599208761038775517e-01,4.851708674612892125e+00,2.686712268395001144e-02,6.166505808204489738e-04,1.424775065038225118e-18,7.163668728471701136e-03
1.910526659941553080e+05,5.662681958017044437e+00,1.899002724758646309e+03,4.870335301993874433e-01,5.136304060637312041e+00,3.019036129479127709e-02,6.835129641677110002e-04,1.832680048529254580e-18,8.470492921386343563e-03
1.884475715611958003e+05,5.995272898575030318e+00,1.914319365720042015e+03,5.155189414803710291e-01,5.435114408720255419e+00,3.391824549784693693e-02,7.577090386250280541e-04,2.363253653864298884e-18,9.963593837932204281e-03
1.858424771282363217e+05,6.344750062748936159e+00,1.929635591351830499e+03,5.454350265992978786e-01,5.748717680097483296e+00,3.809356474444644536e-02,8.399210129475449295e-04,3.052994217033268159e-18,1.166387029475979970e-02
1.832373826952768432e+05,6.711838335053837312e+00,1.944951668759815220e+03,5.768416044533051235e-01,6.077708694387215616e+00,4.276298866797852150e-02,9.308865715918991559e-04,3.948957569466482224e-18,1.359416097374561982e-02
1.806322882623173355e+05,7.097287874165226107e+00,1.960267858804867046e+03,6.098004355613403371e-01,6.422699304301017875e+00,4.797734660472784823e-02,1.031402377045834064e-03,5.111681783899286321e-18,1.577938532109389794e-02
1.780271938293578569e+05,7.501874758738264148e+00,1.975584416391670402e+03,6.443752614000839429e-01,6.784318558341545291e+00,5.379192021413484875e-02,1.142327715920984010e-03,6.618880195972875941e-18,1.824669106657898082e-02
1.747536192436514248e+05,8.038652201283094101e+00,1.994832182769004248e+03,6.902147824894009354e-01,7.263304297237096030e+00,6.204245132468903801e-02,1.297907660807950513e-03,9.157072375525260982e-18,2.179276257110012924e-02
1.742958627271639125e+05,8.116314447918826502e+00,1.997523777083726600e+03,6.968439613531706156e-01,7.332531323546773727e+00,6.328653387782076645e-02,1.321201060846849840e-03,9.581891780306181319e-18,2.233142808020609563e-02
1.742043114238664275e+05,8.131925056473731317e+00,1.998062099479619519e+03,6.981763778215155369e-01,7.346444154954138384e+00,6.353813459862436841e-02,1.325906902421904740e-03,9.669175123883427622e-18,2.244048219703148953e-02
1.741127601205689425e+05,8.147561804724606560e+00,1.998600423077365122e+03,6.995109949173250463e-01,7.360379530605720255e+00,6.379067048029250786e-02,1.330628572234010543e-03,9.757247600494911920e-18,2.254998014903489278e-02
1.740212088172714284e+05,8.163224729880344199e+00,1.999138747887320733e+03,7.008478156737398823e-01,7.374337480067839401e+00,6.404414457871347721e-02,1.335366116679592144e-03,9.846116175435534976e-18,2.265992344337162609e-02
1.739296575139739434e+05,8.178913869192916408e+00,1.999677073919835721e+03,7.021868431271295341e-01,7.388318032933748114e+00,6.429855995829703019e-02,1.340119582272008246e-03,9.935787873478913893e-18,2.277031359146906506e-02
1.739113472533145687e+05,8.182054846035459406e+00,1.999784739273956120e+03,7.024549136888723622e-01,7.391116858521489696e+00,6.434955625822211256e-02,1.341072190029503645e-03,9.953819210255975406e-18,2.279244537684683991e-02
1.738930369926552230e+05,8.185196873234509951e+00,1.999892404677475270e+03,7.027230726644005943e-01,7.393916589667194117e+00,6.440059035690899603e-02,1.342025436871362599e-03,9.971883012121128891e-18,2.281459510913501701e-02
1.738747267319958482e+05,8.188339951104628867e+00,2.000000070116257348e+03,7.029913327079382324e-01,7.396717511352091101e+00,6.445146819350160150e-02,1.342975251455474006e-03,9.989858210560017989e-18,2.283666359964149281e-02
1.738607612934068602e+05,8.190737917880403174e+00,2.000082187755124551e+03,7.031959874536446442e-01,7.398854197348986084e+00,6.449044667530272334e-02,1.343703219792342658e-03,1.000368223288987657e-17,2.285358318267664487e-02
1.738467958548178722e+05,8.193136496156192550e+00,2.000164305424830445e+03,7.034006936710508473e-01,7.400991410512895996e+00,6.452944718594021134e-02,1.344431560514581896e-03,1.001752523298235171e-17,2.287051322579162008e-02
1.738328304162288841e+05,8.195535686066648395e+00,2.000246423123552177e+03,7.036054513711742509e-01,7.403129150951803794e+00,6.456846973579426219e-02,1.345160273778275633e-03,1.003138723608271185e-17,2.288745373409776032e-02
1.738188649776398961e+05,8.197935487744375749e+00,2.000328540851326352e+03,7.038102605648209886e-01,7.405267418770991483e+00,6.460751433581643499e-02,1.345889359749607994e-03,1.004526826765687075e-17,2.290440471299610287e-02
1.737909341004619200e+05,8.202736926932205463e+00,2.000492776394179600e+03,7.042200334759197711e-01,7.409545536971408275e+00,6.468566973020495325e-02,1.347348650480013552e-03,1.007308751825614869e-17,2.293833810419177582e-02
1.737630032232839148e+05,8.207540814780989180e+00,2.000657012053684412e+03,7.046300124908304596e-01,7.413825765956657321e+00,6.476391345681860312e-02,1.348809434036151063e-03,1.010098318916708809e-17,2.297231344264615699e-02
1.737350723461059388e+05,8.212347152352419855e+00,2.000821247830134553e+03,7.050401976960645190e-01,7.418108106569497373e+00,6.484224560344178934e-02,1.350271711749290475e-03,1.012895548530367998e-17,2.300633077166703774e-02
1.737071414689279627e+05,8.217155940708565254e+00,2.000985483723824245e+03,7.054505891781623905e-01,7.422392559652917221e+00,6.492066625793917189e-02,1.351735484951913655e-03,1.015700461211681386e-17,2.304039013459384042e-02
1.734278326971488423e+05,8.265378851358669010e+00,2.002627849173515415e+03,7.095658682861146760e-01,7.465353462000038576e+00,6.570976011902929237e-02,1.366455762754139941e-03,1.044176714883017932e-17,2.338330519073219052e-02
1.731485239253696927e+05,8.313848011526228987e+00,2.004270226670028705e+03,7.137018704820814463e-01,7.508526540419072859e+00,6.650780197046919640e-02,1.381327062724565244e-03,1.073444274481323260e-17,2.373047159188040184e-02
1.728692151535905723e+05,8.362564489492779529e+00,2.005912616506245740e+03,7.178586827717985397e-01,7.551912641776333146e+00,6.731488091062559631e-02,1.396350734187137496e-03,1.103524583045014751e-17,2.408193329983493100e-02
1.725899063818114519e+05,8.411529357276682717e+00,2.007555018974401946e+03,7.220363924403291334e-01,7.595512615251377220e+00,6.813108679311677407e-02,1.411528136804846532e-03,1.134439645129284543e-17,2.443773465505491224e-02
1.723105976100323023e+05,8.460743690677821505e+00,2.009197434366084053e+03,7.262350870556278926e-01,7.639327312370212120e+00,6.895651023206640640e-02,1.426860640645983376e-03,1.166212040916431127e-17,2.479792037926820125e-02
1.715990228156473604e+05,8.587258240098783801e+00,2.013381757885442312e+03,7.370272321184415665e-01,7.751927048579579704e+00,7.110166425923593325e-02,1.466632543952302520e-03,1.251190916064025654e-17,2.573566259757366012e-02
1.708874480212624185e+05,8.715416903764468870e+00,2.017566171962200769e+03,7.479576100119428306e-01,7.865940165171676490e+00,7.330877305845379110e-02,1.507443246539140903e-03,1.342287627056666777e-17,2.670291227585739821e-02
1.701758732268774766e+05,8.845237805092676098e+00,2.021750681361702391e+03,7.590276936816566788e-01,7.981380948545944598e+00,7.557940334100743396e-02,1.549316336441346805e-03,1.439930532696241723e-17,2.770044318762529545e-02
1.694642984324925346e+05,8.976739229348252636e+00,2.025935290822910019e+03,7.702389681240312536e-01,8.098263784030180545e+00,7.791515539188179074e-02,1.592275858964073464e-03,1.544576897983313111e-17,2.872904594319601948e-02
1.687527236381075927e+05,9.109939624716446360e+00,2.030120005058734705e+03,7.815929304474925621e-01,8.216603156036503819e+00,8.031766363431185052e-02,1.636346323643689000e-03,1.656714759862494590e-17,2.978952827449539778e-02
1.680411488437226508e+05,9.244857603342579111e+00,2.034304828756344932e+03,7.930910899302521244e-01,8.336413648177456892e+00,8.278859720055577187e-02,1.681552711283116177e-03,1.776864907359762741e-17,3.088271532303150935e-02
1.666143791357675509e+05,9.520630260989809912e+00,2.042696114842186034e+03,8.165864648821380412e-01,8.581135411974029736e+00,8.795607385140959134e-02,1.775720593709976527e-03,2.044187648967717779e-17,3.317658968852179452e-02
1.651876094278124801e+05,9.803537292127709080e+00,2.051087896998507858e+03,8.406801103841935463e-01,8.831950329806415922e+00,9.341971245277903846e-02,1.874769317646328383e-03,2.350937043907177527e-17,3.561237016667615635e-02
1.637608397198573803e+05,1.009373479895738157e+01,2.059480212104945622e+03,8.653846412010132161e-01,9.088979578357072597e+00,9.919428980904841653e-02,1.978918126858699410e-03,2.702735503094059800e-17,3.819737146339063916e-02
1.623340700119023095e+05,1.039138163600711096e+01,2.067873096653419907e+03,8.907128743923217185e-01,9.352345946763549023e+00,1.052952014530057351e-01,2.088394593692882977e-03,3.105973954822714051e-17,4.093921880454153700e-02
1.609073003039472096e+05,1.069663944453949789e+01,2.076266586756973084e+03,9.166778311588553718e-01,9.622173838709741744e+00,1.117384817314874546e-01,2.203434866691656585e-03,3.567911796814425936e-17,4.384585807272238511e-02
1.594805305959921388e+05,1.100967268711406710e+01,2.084660718158295822e+03,9.432927386775825651e-01,9.898589274032705276e+00,1.185408243193286221e-01,2.324283923571145247e-03,4.096789133529946254e-17,4.692556616088056076e-02
1.573525583075550094e+05,1.149135876913554100e+01,2.097181511059586228e+03,9.842245411359399343e-01,1.032336810642683389e+01,1.293911347229090292e-01,2.515869993274836083e-03,5.030498429011007532e-17,5.185911685658294024e-02
1.552245860191179090e+05,1.199128092058345629e+01,2.109703925048920155e+03,1.026677506029116449e+00,1.076351508935298718e+01,1.411395344041073141e-01,2.721826570896870683e-03,6.170513881015262455e-17,5.722696422634859781e-02
1.534883526109409577e+05,1.241308572838975799e+01,2.119922365529516355e+03,1.062474480780947417e+00,1.113432460092049503e+01,1.514350009508609873e-01,2.901159520427841823e-03,7.283630222355834286e-17,6.195048621703326541e-02
1.517521192027640063e+05,1.284774061896340491e+01,2.130142022488426846e+03,1.099340813251596716e+00,1.151589829054828584e+01,1.624077357565953117e-01,3.091207216651790587e-03,8.591056279492013310e-17,6.700257219028137035e-02
1.500158857945870259e+05,1.329557548713224513e+01,2.140362956447685974e+03,1.137302755788011988e+00,1.190848163124727321e+01,1.740962207269214634e-01,3.292522655077075467e-03,1.012531850001508568e-16,7.240235671496637881e-02
1.482796523864100745e+05,1.375692698632579969e+01,2.150585227237156232e+03,1.176387041430173808e+00,1.231232363170507327e+01,1.865407468723160600e-01,3.505682685528650755e-03,1.192412846719725120e-16,7.816988363271308582e-02
1.465434189782330941e+05,1.423213862387996720e+01,2.160808894011354369e+03,1.216620888516328103e+00,1.272767682898941821e+01,1.997834788880192558e-01,3.731288814458185929e-03,1.403116510878566467e-16,8.432613867175109412e-02
1.448071855700561428e+05,1.472156085668553871e+01,2.171034015265632206e+03,1.258032005237647244e+00,1.315479727951336386e+01,2.138685211364500516e-01,3.969968026140415288e-03,1.649696787146223545e-16,9.089308277194510510e-02
1.430709521618791914e+05,1.522555118719219180e+01,2.181260648851660335e+03,1.300648594143314352e+00,1.359394454827883969e+01,2.288419850281003531e-01,4.222373622933803250e-03,1.937995556440560147e-16,9.789368611900896300e-02
1.403940453489188512e+05,1.603198959833045478e+01,2.197031062866207776e+03,1.368783031340196077e+00,1.429519290825536615e+01,2.537808807827990343e-01,4.640009112862875790e-03,2.480163035321785041e-16,1.095927688392308030e-01
1.377171385359585402e+05,1.687529710148203677e+01,2.212805414602340988e+03,1.439958919119660452e+00,1.502663700109023104e+01,2.811334821710257947e-01,5.094524822804984317e-03,3.167558812622462726e-16,1.224731742783149724e-01
1.350402317229982291e+05,1.775688570938048727e+01,2.228583907580236882e+03,1.514286678846466616e+00,1.578927667609548990e+01,3.110992364211372929e-01,5.588712974391053107e-03,4.037163880931144299e-16,1.366344050430015333e-01
1.323633249100379180e+05,1.867821003204957719e+01,2.244366742073329988e+03,1.591879650024922599e+00,1.658413114518095455e+01,3.438909900027240507e-01,6.125540367110944573e-03,5.134856337339344384e-16,1.521827064738655588e-01
1.296864180970775924e+05,1.964076812902147751e+01,2.260154115211018507e+03,1.672854126506593486e+00,1.741223879270116370e+01,3.797356514177853137e-01,6.708156787644135519e-03,6.517421763807394152e-16,1.692314016082905048e-01
1.270095112841172668e+05,2.064610236448502789e+01,2.275946221074747882e+03,1.757329391900691595e+00,1.827465696198901668e+01,4.188748717419697454e-01,7.339903691335050891e-03,8.254987599609421453e-16,1.879012351620156507e-01
1.243326044711569557e+05,2.169580026503139081e+01,2.291743250787862507e+03,1.845427754169881363e+00,1.917246171875936867e+01,4.615657425802924263e-01,8.024323158704998668e-03,1.043396438760046937e-15,2.083207263631441097e-01
1.216556976581966301e+05,2.279149537964950412e+01,2.307545392599618935e+03,1.937274579394956842e+00,2.010674759161534197e+01,5.080815110585816807e-01,8.765167129760978795e-03,1.316059166997777703e-15,2.306265304508635650e-01
1.168602972661831591e+05,2.487466344251596340e+01,2.335866653428675818e+03,2.111588561592339985e+00,2.187516262186435156e+01,6.019006435168565705e-01,1.024607898243170244e-02,1.984426483580866472e-15,2.757655365599797626e-01
1.120648968741696735e+05,2.712090832428835796e+01,2.364205957530230990e+03,2.299109440292126827e+00,2.377076965712215539e+01,7.107475800162403878e-01,1.194564347384382413e-02,2.972441272958755754e-15,3.283360033839931580e-01
1.072694964821561880e+05,2.954078398632797331e+01,2.392564322592421377e+03,2.500633571645230813e+00,2.580028564596822704e+01,8.366300174567131709e-01,1.389111093523192828e-02,4.423242221922265548e-15,3.893436403225700171e-01
1.024740960901427170e+05,3.214536805863963309e+01,2.420942740578255325e+03,2.716990580981947456e+00,2.797059853103830918e+01,9.817661856748598481e-01,1.611247866434268108e-02,6.539655329811726021e-15,4.599002822801676049e-01
9.767869569812923146e+04,3.494627783005376642e+01,2.449342178691983008e+03,2.949043874597969683e+00,3.028875974719024455e+01,1.148599967108141273e+00,1.864269826253194332e-02,9.607236687533519190e-15,5.412315428948715201e-01
9.288329530611574592e+04,3.795568623039567768e+01,2.477763580233533048e+03,3.197691123173732386e+00,3.276197611737924120e+01,1.339816421620528608e+00,2.151789272954497331e-02,1.402549804739186727e-14,6.346846754926235290e-01
9.207557940808792773e+04,3.848399236331633233e+01,2.482552981658835506e+03,3.241270855214814617e+00,3.319433252370643572e+01,1.374628711283405469e+00,2.203888285311204898e-02,1.493932724455052069e-14,6.517213902585555774e-01
9.126786351006009500e+04,3.901863645609473963e+01,2.487343036688666871e+03,3.285352291470883479e+00,3.363133177049653000e+01,1.410230395504293410e+00,2.257097171584349776e-02,1.590992579175292558e-14,6.691510269071716532e-01
9.046014761203227681e+04,3.955968150665265171e+01,2.492133749638582231e+03,3.329940013466788695e+00,3.407300950204245993e+01,1.446636499552500288e+00,2.311436099926864399e-02,1.694064245120909761e-14,6.869811305916115884e-01
8.965243171400444407e+04,4.010719099012238331e+01,2.496925124806217809e+03,3.375038631133226552e+00,3.451940147087182709e+01,1.483862273052397152e+00,2.366925537553738607e-02,1.803501271857300414e-14,7.052193596893858718e-01
8.949088853439873492e+04,4.021747423830035473e+01,2.497883479682806865e+03,3.384120069823896682e+00,3.460924872687724019e+01,1.491407145980002014e+00,2.378163308559124584e-02,1.826185005000897321e-14,7.089166625336027483e-01
8.932934535479304031e+04,4.032801913437690189e+01,2.498841861253506522e+03,3.393222167029696035e+00,3.469928627379988484e+01,1.498985548905574339e+00,2.389448097360010945e-02,1.849141297364051568e-14,7.126306636681315476e-01
8.916780217518733116e+04,4.043882619306626935e+01,2.499800269552441023e+03,3.402344960040166288e+00,3.478951439919364219e+01,1.506597607099671388e+00,2.400780072064717316e-02,1.872373265214863284e-14,7.163614260121303756e-01
8.900625899558162200e+04,4.054989592977962332e+01,2.500758704633542948e+03,3.411488246793451307e+00,3.487993340066087455e+01,1.514243366310547012e+00,2.412182680088226575e-02,1.895883390573179446e-14,7.201090892138448663e-01
8.897873471434449311e+04,4.056884660067034076e+01,2.500922008768858632e+03,3.413048221928686399e+00,3.489535835004906517e+01,1.515549467887518320e+00,2.414126277874346221e-02,1.899917269017811863e-14,7.207492980263120463e-01
8.895121043310734967e+04,4.058780491478432140e+01,2.501085313681676325e+03,3.414608800228052132e+00,3.491078885016835187e+01,1.516856554420272341e+00,2.416071256127651917e-02,1.903959350104266031e-14,7.213899974063513465e-01
8.892368615187022078e+04,4.060677087467556134e+01,2.501248619372837766e+03,3.416169981876212347e+00,3.492622490243628164e+01,1.518164626536740114e+00,2.418017615691172781e-02,1.908009649720875216e-14,7.220311876693914499e-01
8.889616187063309189e+04,4.062574448290164497e+01,2.501411925842382061e+03,3.417731767058349579e+00,3.494166650827892084e+01,1.519473684861290419e+00,2.419965357402604350e-02,1.912068183772676969e-14,7.226728691290427165e-01
8.886863758939596300e+04,4.064472574202035560e+01,2.501575233090477468e+03,3.419294155959611281e+00,3.495711366912120610e+01,1.520783730019150237e+00,2.421914482101069493e-02,1.916134968196190072e-14,7.233150420993511576e-01
8.881358902692169067e+04,4.068271122316998145e+01,2.501901849922996007e+03,3.422420745660273766e+00,3.498802466150497281e+01,1.523406783337505344e+00,2.425816883817405803e-02,1.924293352049830198e-14,7.246008638290000192e-01
8.875854046444741834e+04,4.072072733859965155e+01,2.502228469871739890e+03,3.425549752460141040e+00,3.501895789098963263e+01,1.526033791500181813e+00,2.429724827561062159e-02,1.932484929358034242e-14,7.258886553740264702e-01
8.870349190197316057e+04,4.075877410879502349e+01,2.502555092938054713e+03,3.428681177841758743e+00,3.504991336897953147e+01,1.528664759520497851e+00,2.433638320059704901e-02,1.940709828667390018e-14,7.271784192525830859e-01
8.864844333949888824e+04,4.079685155425219278e+01,2.502881719123286530e+03,3.431815023288292910e+00,3.508089110688111845e+01,1.531299692416853819e+00,2.437557368047614872e-02,1.948968178996290744e-14,7.284701579853900544e-01
8.859339477702463046e+04,4.083495969547769278e+01,2.503208348428780482e+03,3.434951290283529524e+00,3.511189111610323721e+01,1.533938595212563927e+00,2.441481978265712394e-02,1.957260109836376440e-14,7.297638740956539083e-01
8.804290915228125232e+04,4.121773389390349251e+01,2.506474813393816476e+03,3.466447472287633058e+00,3.542311864248607378e+01,1.560547076347719608e+00,2.481035490910682428e-02,2.042055176314646772e-14,7.428103478723904196e-01
8.749242352753787418e+04,4.160360030401574249e+01,2.509741591862017231e+03,3.498187445903804704e+00,3.573658586717805719e+01,1.587558110302395242e+00,2.521152691455716410e-02,2.130354313585051046e-14,7.560573537163364222e-01
8.694193790279451059e+04,4.199257960516288790e+01,2.513008685172368587e+03,3.530172705100623975e+00,3.605230423571161680e+01,1.614976803333375344e+00,2.561840431923160730e-02,2.222295086404634938e-14,7.695074566974412500e-01
8.639145227805113245e+04,4.238469258181935118e+01,2.516276094660069703e+03,3.562404750029335432e+00,3.637028521564646155e+01,1.642808312360893863e+00,2.603105632269454156e-02,2.318020167373944243e-14,7.831632474593576143e-01
8.584096665330776887e+04,4.277996012390323699e+01,2.519543821656542150e+03,3.594885087031692628e+00,3.669054029637489833e+01,1.671057845300000899e+00,2.644955280891034266e-02,2.417677515402009755e-14,7.970273423871245821e-01
8.529048102856439073e+04,4.317840322709237455e+01,2.522811867489440374e+03,3.627615228647602663e+00,3.701308098892471321e+01,1.699730661392550468e+00,2.687396435132553135e-02,2.521420560002353720e-14,8.111023837755555466e-01
8.324612468464532867e+04,4.468626225636624838e+01,2.534951328172081958e+03,3.751378089407510608e+00,3.823110876032443883e+01,1.810007853941644651e+00,2.850308440657908782e-02,2.945174764302462939e-14,8.652644682860456404e-01
8.120176834072628117e+04,4.623930432044990368e+01,2.547095271748038158e+03,3.878685785295564070e+00,3.948141183260270992e+01,1.926475248543227270e+00,3.021851258503319843e-02,3.436447994732099784e-14,9.225129414233295133e-01
7.915741199680721911e+04,4.783864358629021041e+01,2.559243764870187533e+03,4.009618043412389810e+00,4.076458731756065390e+01,2.049421320946337222e+00,3.202412124560832102e-02,4.005396607876951843e-14,9.829927831251771275e-01
7.711305565288815706e+04,4.948541490277096955e+01,2.571396873492646137e+03,4.144255783029652918e+00,4.208123608210847522e+01,2.179144908879194098e+00,3.392392322923814402e-02,4.663612469313692052e-14,1.046854205524366810e+00
7.506869930896910955e+04,5.118077402265853948e+01,2.583554662877151713e+03,4.282681120563940347e+00,4.343196260358829619e+01,2.315955449452610893e+00,3.592207563833357820e-02,5.424312574292081105e-14,1.114252773415302933e+00
7.302434296505004750e+04,5.292589782415812039e+01,2.595717197599130031e+03,4.424977374425601795e+00,4.481737482375038439e+01,2.460173217223771580e+00,3.802288367653360035e-02,6.302551928113166472e-14,1.185349525081756505e+00
7.097998662113098544e+04,5.472198453208379476e+01,2.607884541553464715e+03,4.571229069748906859e+00,4.623808400159238374e+01,2.612129562778819469e+00,4.023080454875716666e-02,7.315462315144214986e-14,1.260311093414856254e+00
6.678845960557329818e+04,5.856902086758923787e+01,2.632846451493287077e+03,4.883819666623510081e+00,4.926392304060214400e+01,2.949342354342662897e+00,4.511228077851098944e-02,9.898497376386021722e-14,1.426823525242310708e+00
6.259693259001562546e+04,6.264624294404622162e+01,2.657829379099906873e+03,5.214154471628335230e+00,5.244606033886451257e+01,3.323646104633390941e+00,5.050548992236175011e-02,1.333746501839411076e-13,1.611876538997490060e+00
5.840540557445793820e+04,6.696484479936961520e+01,2.682833848819757350e+03,5.563010085649658265e+00,5.578987815663258942e+01,3.738360552813863258e+00,5.645529978791442860e-02,1.789736672085883500e-13,1.817140704485423086e+00
5.421387855890025821e+04,7.153642137569043769e+01,2.707860373597268335e+03,5.931184903465317682e+00,5.930080128768119607e+01,4.197026929826090935e+00,6.300970827806359753e-02,2.391947993674254989e-13,2.044398546439520015e+00
5.002235154334257822e+04,7.637297642419531485e+01,2.732909455021081612e+03,6.319499259696971905e+00,6.298429166394222989e+01,4.703416572855522837e+00,7.022000132173693288e-02,3.184165029167705802e-13,2.295548926378530918e+00
4.583082452778489824e+04,8.148693038366299390e+01,2.757981583458062687e+03,6.728795570319053176e+00,6.684584301736585132e+01,5.261539482623209807e+00,7.814091525297249541e-02,4.222353871672829960e-13,2.572611398101480429e+00
4.163929751222721097e+04,8.689112823526289731e+01,2.783077238176766514e+03,7.159938470840442548e+00,7.089097563100928312e+01,5.875652803163442073e+00,8.683080362303846611e-02,5.577792446877065027e-13,2.877730526626137042e+00
3.744777049666953098e+04,9.259884733687287905e+01,2.808196887461863753e+03,7.613814952305284933e+00,7.512523121091302869e+01,6.550269204482593643e+00,9.635180842769545950e-02,7.340938516614357360e-13,3.213180160743548175e+00
3.325624348111185100e+04,9.862380524084940703e+01,2.833340988720888163e+03,8.091334496282099664e+00,7.955416790965148266e+01,7.290165149381697240e+00,1.067700357292951374e-01,9.626193420410557765e-13,3.581367649803877562e+00
2.906471646555416737e+04,1.049801674998335983e+02,2.858509988584518396e+03,8.593429210024522646e+00,8.418335553154656736e+01,8.100389026751020793e+00,1.181557356512050183e-01,1.257775002439620643e-12,3.984837995859040749e+00
2.487318944999648738e+04,1.116825554657963835e+02,2.883704323001484227e+03,9.121053962992773378e+00,8.901837094842278475e+01,8.986269134795449531e+00,1.305834867200577898e-01,1.637674897068608052e-12,4.426277932863670550e+00
2.068166243443880376e+04,1.187460540881116060e+02,2.908924417329068547e+03,9.675186525922891079e+00,9.406479375346783911e+01,9.953421498920754118e+00,1.441323845294159856e-01,2.125000890336533223e-12,4.908519925268582718e+00
1.649013541888112377e+04,1.261862197169935342e+02,2.934170686420066431e+03,1.025682771362012780e+01,9.932820217926159501e+01,1.100775751038361072e+01,1.588862346968226424e-01,2.748064475405273328e-12,5.434546079028650389e+00
1.229860840332344014e+04,1.340190879191427200e+02,2.959443534706966602e+03,1.086700153263554469e+01,1.048141693043678231e+02,1.215549137327356100e+01,1.749337500845660753e-01,3.542094437066768236e-12,6.007491958777673169e+00
8.107081387765758336e+03,1.422611813129076950e+02,2.984743356284020592e+03,1.150675533495949132e+01,1.105282595710587970e+02,1.340314734893741111e+01,1.923687522530486971e-01,4.550793885356550932e-12,6.630650305694422819e+00
3.915554372208076529e+03,1.509295174306890885e+02,3.010070534987794872e+03,1.217715997883401968e+01,1.164760256347886695e+02,1.475756678856063608e+01,2.112903771142821407e-01,5.828217713668955518e-12,7.307474651385650333e+00
0.000000000000000000e+00,1.594629999999999939e+02,3.033757370300932052e+03,1.283498389704185705e+01,1.222767038153964450e+02,1.612818696413032882e+01,2.304369817151801225e-01,7.325844898805628153e-12,7.992688341708858779e+00
