t(yr),T_surf(K),T_pot(K),flux_surf(W/m2),flux_OLR(W/m2),flux_ASR(W/m2),phi(vol_frac),fO2_solid(bar),fO2_melt(bar),thick_surf_bl(m),massC_solid(kg),massC_melt(kg),massC_atm(kg),massH_solid(kg),massH_melt(kg),massH_atm(kg),massO_atm(kg),p_surf(bar),p_H2O(bar),p_CO2(bar),p_CO(bar),p_H2(bar),p_CH4(bar),p_O2(bar),mmw(kg/mol),R_trans(m),R_solid(m),viscosity(Pa.s)
  1.998401444325E-07,  3.598995695603E+03,  3.600000000000E+03,  3.154430476998E+02,  8.946041059877E+05,  9.918599818371E+02,  9.305230993358E-01,NaN,NaN,  1.337191768092E-02,  4.084955739362E+15,  6.612802035986E+19,  2.067843814669E+20,  1.151318959339E+17,  1.549428083279E+20,  5.360393232984E+19,  1.048676769611E+13,  1.584993360869E+02,  2.769710920359E+00,  1.457296231495E+02,NaN,  1.000000000000E+01,NaN,  2.016979704730E-06,  4.090608917191E-02,NaN,  3.504050000000E+06,  4.266428404967E-07
  3.996802888651E-07,  3.598991391246E+03,  3.600000000000E+03,  3.172469474584E+02,  8.945975162942E+05,  9.918599818371E+02,  9.305230993358E-01,NaN,NaN,  1.335286847904E-02,  4.084955739368E+15,  6.612802035986E+19,  2.067843814669E+20,  1.151318959341E+17,  1.549428083279E+20,  5.360393232984E+19,  1.048676769611E+13,  1.584993360869E+02,  2.769710920360E+00,  1.457296231496E+02,NaN,  1.000000000000E+01,NaN,  2.016979704730E-06,  4.090608917191E-02,NaN,  3.504050000000E+06,  4.266428404968E-07
  9.975609388274E-07,  3.598978513855E+03,  3.599999999999E+03,  3.226589983909E+02,  8.945778020796E+05,  9.918599818371E+02,  9.305230993355E-01,NaN,NaN,  1.329651993577E-02,  4.084955739384E+15,  6.612802035984E+19,  2.067843814669E+20,  1.151318959346E+17,  1.549428083279E+20,  5.360393232984E+19,  1.048676769611E+13,  1.584993360869E+02,  2.769710920361E+00,  1.457296231496E+02,NaN,  9.999999999999E+00,NaN,  2.016979704730E-06,  4.090608917191E-02,NaN,  3.504050000000E+06,  4.266428404970E-07
  1.595441588790E-06,  3.598965636825E+03,  3.599999999998E+03,  3.280936875628E+02,  8.945580887809E+05,  9.918599818371E+02,  9.305230993352E-01,NaN,NaN,  1.324111220227E-02,  4.084955739400E+15,  6.612802035983E+19,  2.067843814669E+20,  1.151318959351E+17,  1.549428083279E+20,  5.360393232984E+19,  1.048676769611E+13,  1.584993360869E+02,  2.769710920362E+00,  1.457296231496E+02,NaN,  9.999999999999E+00,NaN,  2.016979704730E-06,  4.090608917191E-02,NaN,  3.504050000000E+06,  4.266428404971E-07
  2.193322238752E-06,  3.598952760155E+03,  3.599999999998E+03,  3.335508233782E+02,  8.945383763987E+05,  9.918599818371E+02,  9.305230993349E-01,NaN,NaN,  1.318661814338E-02,  4.084955739417E+15,  6.612802035981E+19,  2.067843814669E+20,  1.151318959356E+17,  1.549428083279E+20,  5.360393232984E+19,  1.048676769611E+13,  1.584993360869E+02,  2.769710920363E+00,  1.457296231496E+02,NaN,  9.999999999998E+00,NaN,  2.016979704730E-06,  4.090608917191E-02,NaN,  3.504050000000E+06,  4.266428404973E-07
  2.791202888714E-06,  3.598939883847E+03,  3.599999999997E+03,  3.390302181643E+02,  8.945186649335E+05,  9.918599818371E+02,  9.305230993347E-01,NaN,NaN,  1.313301172830E-02,  4.084955739434E+15,  6.612802035980E+19,  2.067843814670E+20,  1.151318959361E+17,  1.549428083279E+20,  5.360393232984E+19,  1.048676769611E+13,  1.584993360869E+02,  2.769710920364E+00,  1.457296231496E+02,NaN,  9.999999999998E+00,NaN,  2.016979704730E-06,  4.090608917191E-02,NaN,  3.504050000000E+06,  4.266428404975E-07
  3.389083538677E-06,  3.598927007900E+03,  3.599999999996E+03,  3.445316880441E+02,  8.944989543856E+05,  9.918599818371E+02,  9.305230993344E-01,NaN,NaN,  1.308026797289E-02,  4.084955739451E+15,  6.612802035978E+19,  2.067843814670E+20,  1.151318959366E+17,  1.549428083279E+20,  5.360393232983E+19,  1.048676769611E+13,  1.584993360869E+02,  2.769710920365E+00,  1.457296231496E+02,NaN,  9.999999999998E+00,NaN,  2.016979704730E-06,  4.090608917191E-02,NaN,  3.504050000000E+06,  4.266428404977E-07
  3.986964188639E-06,  3.598914132315E+03,  3.599999999996E+03,  3.500550528150E+02,  8.944792447557E+05,  9.918599818371E+02,  9.305230993341E-01,NaN,NaN,  1.302836288560E-02,  4.084955739469E+15,  6.612802035977E+19,  2.067843814670E+20,  1.151318959371E+17,  1.549428083279E+20,  5.360393232983E+19,  1.048676769611E+13,  1.584993360870E+02,  2.769710920366E+00,  1.457296231496E+02,NaN,  9.999999999997E+00,NaN,  2.016979704730E-06,  4.090608917191E-02,NaN,  3.504050000000E+06,  4.266428404979E-07
  4.584844838601E-06,  3.598901257093E+03,  3.599999999995E+03,  3.556001358320E+02,  8.944595360442E+05,  9.918599818371E+02,  9.305230993338E-01,NaN,NaN,  1.297727341682E-02,  4.084955739487E+15,  6.612802035975E+19,  2.067843814670E+20,  1.151318959376E+17,  1.549428083279E+20,  5.360393232983E+19,  1.048676769611E+13,  1.584993360870E+02,  2.769710920367E+00,  1.457296231496E+02,NaN,  9.999999999997E+00,NaN,  2.016979704730E-06,  4.090608917191E-02,NaN,  3.504050000000E+06,  4.266428404981E-07
  5.182725488564E-06,  3.598888382233E+03,  3.599999999994E+03,  3.611667638964E+02,  8.944398282515E+05,  9.918599818371E+02,  9.305230993335E-01,NaN,NaN,  1.292697741133E-02,  4.084955739505E+15,  6.612802035973E+19,  2.067843814670E+20,  1.151318959382E+17,  1.549428083279E+20,  5.360393232983E+19,  1.048676769611E+13,  1.584993360870E+02,  2.769710920368E+00,  1.457296231496E+02,NaN,  9.999999999996E+00,NaN,  2.016979704730E-06,  4.090608917191E-02,NaN,  3.504050000000E+06,  4.266428404983E-07
  7.043035067204E-06,  3.598848324366E+03,  3.599999999992E+03,  3.786233342026E+02,  8.943785132402E+05,  9.918599818371E+02,  9.305230993325E-01,NaN,NaN,  1.277532891900E-02,  4.084955739563E+15,  6.612802035968E+19,  2.067843814671E+20,  1.151318959399E+17,  1.549428083279E+20,  5.360393232983E+19,  1.048676769611E+13,  1.584993360870E+02,  2.769710920372E+00,  1.457296231497E+02,NaN,  9.999999999995E+00,NaN,  2.016979704730E-06,  4.090608917191E-02,NaN,  3.504050000000E+06,  4.266428404990E-07
  8.903344645844E-06,  3.598808269631E+03,  3.599999999990E+03,  3.962821208862E+02,  8.943172065444E+05,  9.918599818371E+02,  9.305230993315E-01,NaN,NaN,  1.263056606271E-02,  4.084955739623E+15,  6.612802035963E+19,  2.067843814671E+20,  1.151318959417E+17,  1.549428083279E+20,  5.360393232982E+19,  1.048676769611E+13,  1.584993360871E+02,  2.769710920376E+00,  1.457296231497E+02,NaN,  9.999999999994E+00,NaN,  2.016979704730E-06,  4.090608917191E-02,NaN,  3.504050000000E+06,  4.266428404997E-07
  1.076365422448E-05,  3.598768218297E+03,  3.599999999987E+03,  4.141383673638E+02,  8.942559085745E+05,  9.918599818371E+02,  9.305230993305E-01,NaN,NaN,  1.249216085040E-02,  4.084955739687E+15,  6.612802035957E+19,  2.067843814672E+20,  1.151318959436E+17,  1.549428083279E+20,  5.360393232982E+19,  1.048676769611E+13,  1.584993360871E+02,  2.769710920380E+00,  1.457296231497E+02,NaN,  9.999999999993E+00,NaN,  2.016979704730E-06,  4.090608917191E-02,NaN,  3.504050000000E+06,  4.266428405004E-07
  1.262396380312E-05,  3.598728170459E+03,  3.599999999984E+03,  4.321876426203E+02,  8.941946194754E+05,  9.918599818371E+02,  9.305230993294E-01,NaN,NaN,  1.235964076535E-02,  4.084955739753E+15,  6.612802035951E+19,  2.067843814672E+20,  1.151318959455E+17,  1.549428083279E+20,  5.360393232982E+19,  1.048676769611E+13,  1.584993360871E+02,  2.769710920385E+00,  1.457296231498E+02,NaN,  9.999999999992E+00,NaN,  2.016979704730E-06,  4.090608917191E-02,NaN,  3.504050000000E+06,  4.266428405012E-07
  1.641757889345E-05,  3.598646514367E+03,  3.599999999979E+03,  4.695753950230E+02,  8.940696641225E+05,  9.918599818371E+02,  9.305230993270E-01,NaN,NaN,  1.210591447053E-02,  4.084955739896E+15,  6.612802035938E+19,  2.067843814674E+20,  1.151318959498E+17,  1.549428083279E+20,  5.360393232981E+19,  1.048676769611E+13,  1.584993360872E+02,  2.769710920394E+00,  1.457296231499E+02,NaN,  9.999999999989E+00,NaN,  2.016979704730E-06,  4.090608917191E-02,NaN,  3.504050000000E+06,  4.266428405028E-07
  2.271286871513E-05,  3.598511043477E+03,  3.599999999968E+03,  5.332650871922E+02,  8.938623902071E+05,  9.918599818371E+02,  9.305230993226E-01,NaN,NaN,  1.172703298034E-02,  4.084955740161E+15,  6.612802035914E+19,  2.067843814676E+20,  1.151318959576E+17,  1.549428083279E+20,  5.360393232980E+19,  1.048676769611E+13,  1.584993360874E+02,  2.769710920411E+00,  1.457296231500E+02,NaN,  9.999999999985E+00,NaN,  2.016979704730E-06,  4.090608917191E-02,NaN,  3.504050000000E+06,  4.266428405058E-07
  2.900815853680E-05,  3.598375613719E+03,  3.599999999957E+03,  5.988980189607E+02,  8.936552194678E+05,  9.918599818371E+02,  9.305230993176E-01,NaN,NaN,  1.139162592416E-02,  4.084955740460E+15,  6.612802035888E+19,  2.067843814679E+20,  1.151318959665E+17,  1.549428083279E+20,  5.360393232979E+19,  1.048676769611E+13,  1.584993360876E+02,  2.769710920431E+00,  1.457296231502E+02,NaN,  9.999999999981E+00,NaN,  2.016979704730E-06,  4.090608917191E-02,NaN,  3.504050000000E+06,  4.266428405093E-07
  4.090535756103E-05,  3.598119784189E+03,  3.599999999930E+03,  7.278536326861E+02,  8.932639795564E+05,  9.918599818371E+02,  9.305230993066E-01,NaN,NaN,  1.084957986149E-02,  4.084955741121E+15,  6.612802035828E+19,  2.067843814684E+20,  1.151318959862E+17,  1.549428083278E+20,  5.360393232978E+19,  1.048676769611E+13,  1.584993360881E+02,  2.769710920474E+00,  1.457296231506E+02,NaN,  9.999999999974E+00,NaN,  2.016979704730E-06,  4.090608917192E-02,NaN,  3.504050000000E+06,  4.266428405168E-07
  5.280255658525E-05,  3.597864104237E+03,  3.599999999899E+03,  8.627279198210E+02,  8.928731117842E+05,  9.918599818371E+02,  9.305230992934E-01,NaN,NaN,  1.039813546724E-02,  4.084955741914E+15,  6.612802035757E+19,  2.067843814691E+20,  1.151318960097E+17,  1.549428083278E+20,  5.360393232977E+19,  1.048676769611E+13,  1.584993360886E+02,  2.769710920526E+00,  1.457296231511E+02,NaN,  9.999999999966E+00,NaN,  2.016979704730E-06,  4.090608917192E-02,NaN,  3.504050000000E+06,  4.266428405259E-07
  6.469975560947E-05,  3.597608575437E+03,  3.599999999863E+03,  1.003019452139E+03,  8.924826182618E+05,  9.918599818371E+02,  9.305230992779E-01,NaN,NaN,  1.001374655847E-02,  4.084955742844E+15,  6.612802035673E+19,  2.067843814700E+20,  1.151318960373E+17,  1.549428083277E+20,  5.360393232976E+19,  1.048676769611E+13,  1.584993360892E+02,  2.769710920586E+00,  1.457296231517E+02,NaN,  9.999999999959E+00,NaN,  2.016979704730E-06,  4.090608917193E-02,NaN,  3.504050000000E+06,  4.266428405366E-07
  8.459744612317E-05,  3.597181553282E+03,  3.599999999789E+03,  1.248667677412E+03,  8.918303716952E+05,  9.918599818371E+02,  9.305230992468E-01,NaN,NaN,  9.480084686135E-03,  4.084955744720E+15,  6.612802035505E+19,  2.067843814716E+20,  1.151318960930E+17,  1.549428083276E+20,  5.360393232977E+19,  1.048676769611E+13,  1.584993360905E+02,  2.769710920709E+00,  1.457296231529E+02,NaN,  9.999999999946E+00,NaN,  2.016979704730E-06,  4.090608917193E-02,NaN,  3.504050000000E+06,  4.266428405580E-07
  1.044951366369E-04,  3.596754964080E+03,  3.599999999698E+03,  1.506814412029E+03,  8.911791852424E+05,  9.918599818371E+02,  9.305230992086E-01,NaN,NaN,  9.045008786070E-03,  4.084955747016E+15,  6.612802035299E+19,  2.067843814737E+20,  1.151318961612E+17,  1.549428083274E+20,  5.360393232979E+19,  1.048676769611E+13,  1.584993360921E+02,  2.769710920858E+00,  1.457296231543E+02,NaN,  9.999999999934E+00,NaN,  2.016979704730E-06,  4.090608917194E-02,NaN,  3.504050000000E+06,  4.266428405843E-07
  1.243928271506E-04,  3.596328813220E+03,  3.599999999590E+03,  1.776270286713E+03,  8.905290657131E+05,  9.918599818371E+02,  9.305230991631E-01,NaN,NaN,  8.680538580889E-03,  4.084955749752E+15,  6.612802035054E+19,  2.067843814761E+20,  1.151318962424E+17,  1.549428083272E+20,  5.360393232983E+19,  1.048676769611E+13,  1.584993360940E+02,  2.769710921037E+00,  1.457296231561E+02,NaN,  9.999999999921E+00,NaN,  2.016979704730E-06,  4.090608917196E-02,NaN,  3.504050000000E+06,  4.266428406156E-07
  1.551049927590E-04,  3.595671918904E+03,  3.599999999388E+03,  2.212216253755E+03,  8.895277110906E+05,  9.918599818371E+02,  9.305230990778E-01,NaN,NaN,  8.217071003318E-03,  4.084955754880E+15,  6.612802034594E+19,  2.067843814807E+20,  1.151318963947E+17,  1.549428083269E+20,  5.360393232992E+19,  1.048676769611E+13,  1.584993360975E+02,  2.769710921371E+00,  1.457296231593E+02,NaN,  9.999999999902E+00,NaN,  2.016979704730E-06,  4.090608917198E-02,NaN,  3.504050000000E+06,  4.266428406743E-07
  1.858171583675E-04,  3.595016095646E+03,  3.599999999141E+03,  2.670094550469E+03,  8.885289303883E+05,  9.918599818371E+02,  9.305230989734E-01,NaN,NaN,  7.839570578334E-03,  4.084955761161E+15,  6.612802034031E+19,  2.067843814863E+20,  1.151318965812E+17,  1.549428083264E+20,  5.360393233006E+19,  1.048676769611E+13,  1.584993361019E+02,  2.769710921781E+00,  1.457296231632E+02,NaN,  9.999999999883E+00,NaN,  2.016979704730E-06,  4.090608917200E-02,NaN,  3.504050000000E+06,  4.266428407461E-07
  2.165293239760E-04,  3.594361357134E+03,  3.599999998846E+03,  3.147746918800E+03,  8.875327391061E+05,  9.918599818371E+02,  9.305230988489E-01,NaN,NaN,  7.523570286747E-03,  4.084955768647E+15,  6.612802033361E+19,  2.067843814930E+20,  1.151318968035E+17,  1.549428083259E+20,  5.360393233024E+19,  1.048676769611E+13,  1.584993361071E+02,  2.769710922269E+00,  1.457296231679E+02,NaN,  9.999999999863E+00,NaN,  2.016979704730E-06,  4.090608917202E-02,NaN,  3.504050000000E+06,  4.266428408318E-07
  2.472414895845E-04,  3.593707715447E+03,  3.599999998501E+03,  3.643438772418E+03,  8.865391502299E+05,  9.918599818371E+02,  9.305230987036E-01,NaN,NaN,  7.253474115524E-03,  4.084955777387E+15,  6.612802032577E+19,  2.067843815008E+20,  1.151318970630E+17,  1.549428083253E+20,  5.360393233047E+19,  1.048676769611E+13,  1.584993361131E+02,  2.769710922840E+00,  1.457296231734E+02,NaN,  9.999999999844E+00,NaN,  2.016979704730E-06,  4.090608917205E-02,NaN,  3.504050000000E+06,  4.266428409317E-07
  2.779536551929E-04,  3.593055181452E+03,  3.599999998106E+03,  4.155738267031E+03,  8.855481748550E+05,  9.918599818371E+02,  9.305230985367E-01,NaN,NaN,  7.018784166085E-03,  4.084955787425E+15,  6.612802031678E+19,  2.067843815098E+20,  1.151318973611E+17,  1.549428083247E+20,  5.360393233076E+19,  1.048676769611E+13,  1.584993361201E+02,  2.769710923495E+00,  1.457296231798E+02,NaN,  9.999999999824E+00,NaN,  2.016979704730E-06,  4.090608917209E-02,NaN,  3.504050000000E+06,  4.266428410466E-07
  3.240476100767E-04,  3.592077934626E+03,  3.599999997413E+03,  4.953188407954E+03,  8.840658078328E+05,  9.918599818371E+02,  9.305230982442E-01,NaN,NaN,  6.717423397111E-03,  4.084955805016E+15,  6.612802030102E+19,  2.067843815255E+20,  1.151318978834E+17,  1.549428083235E+20,  5.360393233127E+19,  1.048676769611E+13,  1.584993361323E+02,  2.769710924642E+00,  1.457296231908E+02,NaN,  9.999999999795E+00,NaN,  2.016979704730E-06,  4.090608917215E-02,NaN,  3.504050000000E+06,  4.266428412478E-07
  3.701415649604E-04,  3.591103235348E+03,  3.599999996595E+03,  5.781977390184E+03,  8.825893765440E+05,  9.918599818371E+02,  9.305230978994E-01,NaN,NaN,  6.462563707470E-03,  4.084955825750E+15,  6.612802028244E+19,  2.067843815440E+20,  1.151318984991E+17,  1.549428083221E+20,  5.360393233191E+19,  1.048676769611E+13,  1.584993361466E+02,  2.769710925995E+00,  1.457296232039E+02,NaN,  9.999999999766E+00,NaN,  2.016979704730E-06,  4.090608917221E-02,NaN,  3.504050000000E+06,  4.266428414851E-07
  4.162355198442E-04,  3.590131110309E+03,  3.599999995650E+03,  6.639335452572E+03,  8.811189027885E+05,  9.918599818371E+02,  9.305230975005E-01,NaN,NaN,  6.242992047561E-03,  4.084955849744E+15,  6.612802026095E+19,  2.067843815655E+20,  1.151318992116E+17,  1.549428083204E+20,  5.360393233267E+19,  1.048676769611E+13,  1.584993361633E+02,  2.769710927560E+00,  1.457296232190E+02,NaN,  9.999999999737E+00,NaN,  2.016979704730E-06,  4.090608917229E-02,NaN,  3.504050000000E+06,  4.266428417596E-07
  4.623294747279E-04,  3.589161583360E+03,  3.599999994572E+03,  7.522946496530E+03,  8.796544039326E+05,  9.918599818371E+02,  9.305230970456E-01,NaN,NaN,  6.050997054207E-03,  4.084955877102E+15,  6.612802023644E+19,  2.067843815899E+20,  1.151319000239E+17,  1.549428083186E+20,  5.360393233355E+19,  1.048676769611E+13,  1.584993361823E+02,  2.769710929345E+00,  1.457296232362E+02,NaN,  9.999999999708E+00,NaN,  2.016979704730E-06,  4.090608917238E-02,NaN,  3.504050000000E+06,  4.266428420726E-07
  5.339729246561E-04,  3.587659862819E+03,  3.599999992624E+03,  8.943896770448E+03,  8.773900370709E+05,  9.918599818371E+02,  9.305230962237E-01,NaN,NaN,  5.794850556694E-03,  4.084955926531E+15,  6.612802019217E+19,  2.067843816341E+20,  1.151319014917E+17,  1.549428083152E+20,  5.360393233520E+19,  1.048676769611E+13,  1.584993362166E+02,  2.769710932570E+00,  1.457296232674E+02,NaN,  9.999999999663E+00,NaN,  2.016979704730E-06,  4.090608917253E-02,NaN,  3.504050000000E+06,  4.266428426380E-07
  6.056163745843E-04,  3.586164541152E+03,  3.599999990333E+03,  1.041737165173E+04,  8.751401730786E+05,  9.918599818371E+02,  9.305230952572E-01,NaN,NaN,  5.578075593694E-03,  4.084955984655E+15,  6.612802014010E+19,  2.067843816861E+20,  1.151319032176E+17,  1.549428083113E+20,  5.360393233717E+19,  1.048676769611E+13,  1.584993362570E+02,  2.769710936362E+00,  1.457296233040E+02,NaN,  9.999999999618E+00,NaN,  2.016979704730E-06,  4.090608917271E-02,NaN,  3.504050000000E+06,  4.266428433030E-07
  6.772598245126E-04,  3.584675679878E+03,  3.599999987688E+03,  1.193827638921E+04,  8.729048336879E+05,  9.918599818371E+02,  9.305230941412E-01,NaN,NaN,  5.391238291633E-03,  4.084956051776E+15,  6.612802007998E+19,  2.067843817461E+20,  1.151319052106E+17,  1.549428083067E+20,  5.360393233948E+19,  1.048676769611E+13,  1.584993363036E+02,  2.769710940742E+00,  1.457296233463E+02,NaN,  9.999999999573E+00,NaN,  2.016979704730E-06,  4.090608917292E-02,NaN,  3.504050000000E+06,  4.266428440709E-07
  7.489032744408E-04,  3.583193332321E+03,  3.599999984678E+03,  1.350233137636E+04,  8.706840280744E+05,  9.918599818371E+02,  9.305230928710E-01,NaN,NaN,  5.227833470492E-03,  4.084956128165E+15,  6.612802001156E+19,  2.067843818144E+20,  1.151319074789E+17,  1.549428083016E+20,  5.360393234215E+19,  1.048676742768E+13,  1.584993363567E+02,  2.769710945725E+00,  1.457296233944E+02,NaN,  9.999999999527E+00,NaN,  2.016979653102E-06,  4.090608917315E-02,NaN,  3.504050000000E+06,  4.266428449449E-07
  8.205467243690E-04,  3.581717544718E+03,  3.599999981293E+03,  1.510587570171E+04,  8.684777546407E+05,  9.918599818371E+02,  9.305230914426E-01,NaN,NaN,  5.083203061700E-03,  4.084956214070E+15,  6.612801993462E+19,  2.067843818912E+20,  1.151319100297E+17,  1.549428082957E+20,  5.360393234517E+19,  1.048676742768E+13,  1.584993364164E+02,  2.769710951330E+00,  1.457296234486E+02,NaN,  9.999999999482E+00,NaN,  2.016979653102E-06,  4.090608917342E-02,NaN,  3.504050000000E+06,  4.266428459277E-07
  8.921901742972E-04,  3.580248357318E+03,  3.599999977524E+03,  1.674573087909E+04,  8.662860027884E+05,  9.918599818371E+02,  9.305230898523E-01,NaN,NaN,  4.953907683385E-03,  4.084956309719E+15,  6.612801984895E+19,  2.067843819767E+20,  1.151319128698E+17,  1.549428082893E+20,  5.360393234857E+19,  1.048676742768E+13,  1.584993364828E+02,  2.769710957571E+00,  1.457296235088E+02,NaN,  9.999999999437E+00,NaN,  2.016979653102E-06,  4.090608917371E-02,NaN,  3.504050000000E+06,  4.266428470219E-07
  1.079185388445E-03,  3.576444994686E+03,  3.599999965819E+03,  2.117762431540E+04,  8.606336154297E+05,  9.918599818371E+02,  9.305230849136E-01,NaN,NaN,  4.671481431885E-03,  4.084956606737E+15,  6.612801958293E+19,  2.067843822423E+20,  1.151319216893E+17,  1.549428082691E+20,  5.360393235923E+19,  1.048676715926E+13,  1.584993366893E+02,  2.769710976950E+00,  1.457296236960E+02,NaN,  9.999999999319E+00,NaN,  2.016979601475E-06,  4.090608917460E-02,NaN,  3.504050000000E+06,  4.266428504200E-07
  1.194892263846E-03,  3.574114445814E+03,  3.599999957183E+03,  2.401648630940E+04,  8.571853507168E+05,  9.918599818371E+02,  9.305230812695E-01,NaN,NaN,  4.526854859199E-03,  4.084956825904E+15,  6.612801938663E+19,  2.067843824383E+20,  1.151319281971E+17,  1.549428082543E+20,  5.360393236717E+19,  1.048676689083E+13,  1.584993368417E+02,  2.769710991249E+00,  1.457296238342E+02,NaN,  9.999999999246E+00,NaN,  2.016979549847E-06,  4.090608917526E-02,NaN,  3.504050000000E+06,  4.266428529273E-07
  1.310599139248E-03,  3.571801477215E+03,  3.599999947448E+03,  2.691955444733E+04,  8.537745496937E+05,  9.918599818371E+02,  9.305230771620E-01,NaN,NaN,  4.399536968957E-03,  4.084957072934E+15,  6.612801916539E+19,  2.067843826593E+20,  1.151319355323E+17,  1.549428082376E+20,  5.360393237617E+19,  1.048676662241E+13,  1.584993370134E+02,  2.769711007367E+00,  1.457296239899E+02,NaN,  9.999999999173E+00,NaN,  2.016979498219E-06,  4.090608917600E-02,NaN,  3.504050000000E+06,  4.266428557535E-07
  1.426306014649E-03,  3.569506153754E+03,  3.599999936592E+03,  2.988011096443E+04,  8.504010170394E+05,  9.918599818371E+02,  9.305230725815E-01,NaN,NaN,  4.286258778425E-03,  4.084957348414E+15,  6.612801891866E+19,  2.067843829057E+20,  1.151319437122E+17,  1.549428082189E+20,  5.360393238625E+19,  1.048676635398E+13,  1.584993372049E+02,  2.769711025340E+00,  1.457296241635E+02,NaN,  9.999999999100E+00,NaN,  2.016979446591E-06,  4.090608917682E-02,NaN,  3.504050000000E+06,  4.266428589051E-07
  1.542012890051E-03,  3.567228523040E+03,  3.599999924595E+03,  3.289226808585E+04,  8.470645343701E+05,  9.918599818371E+02,  9.305230675192E-01,NaN,NaN,  4.184566603028E-03,  4.084957652871E+15,  6.612801864599E+19,  2.067843831780E+20,  1.151319527526E+17,  1.549428081983E+20,  5.360393239742E+19,  1.048676608556E+13,  1.584993374166E+02,  2.769711045205E+00,  1.457296243554E+02,NaN,  9.999999999027E+00,NaN,  2.016979394963E-06,  4.090608917773E-02,NaN,  3.504050000000E+06,  4.266428623882E-07
  1.657719765452E-03,  3.564968618528E+03,  3.599999911437E+03,  3.595081064301E+04,  8.437648651695E+05,  9.918599818371E+02,  9.305230619672E-01,NaN,NaN,  4.092576150105E-03,  4.084957986779E+15,  6.612801834694E+19,  2.067843834766E+20,  1.151319626674E+17,  1.549428081757E+20,  5.360393240972E+19,  1.048676581713E+13,  1.584993376488E+02,  2.769711066990E+00,  1.457296245659E+02,NaN,  9.999999998954E+00,NaN,  2.016979343336E-06,  4.090608917872E-02,NaN,  3.504050000000E+06,  4.266428662083E-07
  1.773426640854E-03,  3.562726461046E+03,  3.599999897101E+03,  3.905107898534E+04,  8.405017573347E+05,  9.918599818371E+02,  9.305230559184E-01,NaN,NaN,  4.008811932932E-03,  4.084958350566E+15,  6.612801802113E+19,  2.067843838020E+20,  1.151319734695E+17,  1.549428081511E+20,  5.360393242315E+19,  1.048676554871E+13,  1.584993379018E+02,  2.769711090726E+00,  1.457296247952E+02,NaN,  9.999999998881E+00,NaN,  2.016979291708E-06,  4.090608917980E-02,NaN,  3.504050000000E+06,  4.266428703702E-07
  1.889133516255E-03,  3.560502059667E+03,  3.599999881573E+03,  4.218887966135E+04,  8.372749447226E+05,  9.918599818371E+02,  9.305230493664E-01,NaN,NaN,  3.932099011355E-03,  4.084958744617E+15,  6.612801766822E+19,  2.067843841544E+20,  1.151319851702E+17,  1.549428081244E+20,  5.360393243773E+19,  1.048676528028E+13,  1.584993381758E+02,  2.769711116436E+00,  1.457296250436E+02,NaN,  9.999999998808E+00,NaN,  2.016979240080E-06,  4.090608918097E-02,NaN,  3.504050000000E+06,  4.266428748783E-07
  2.004840391657E-03,  3.558295412803E+03,  3.599999864839E+03,  4.536041512212E+04,  8.340841489812E+05,  9.918599818371E+02,  9.305230423055E-01,NaN,NaN,  3.861487997404E-03,  4.084959169276E+15,  6.612801728790E+19,  2.067843845343E+20,  1.151319977797E+17,  1.549428080957E+20,  5.360393245347E+19,  1.048676501185E+13,  1.584993384711E+02,  2.769711144143E+00,  1.457296253113E+02,NaN,  9.999999998735E+00,NaN,  2.016979188452E-06,  4.090608918223E-02,NaN,  3.504050000000E+06,  4.266428797366E-07
  2.120547267058E-03,  3.556106509495E+03,  3.599999846886E+03,  4.856222729470E+04,  8.309290816206E+05,  9.918599818371E+02,  9.305230347305E-01,NaN,NaN,  3.796201848901E-03,  4.084959624854E+15,  6.612801687989E+19,  2.067843849418E+20,  1.151320113074E+17,  1.549428080648E+20,  5.360393247039E+19,  1.048676447500E+13,  1.584993387879E+02,  2.769711173867E+00,  1.457296255984E+02,NaN,  9.999999998662E+00,NaN,  2.016979085197E-06,  4.090608918358E-02,NaN,  3.504050000000E+06,  4.266428849486E-07
  2.297041422335E-03,  3.552801781759E+03,  3.599999817130E+03,  5.349736012311E+04,  8.261846209101E+05,  9.918599818371E+02,  9.305230221754E-01,NaN,NaN,  3.705449168052E-03,  4.084960379943E+15,  6.612801620364E+19,  2.067843856172E+20,  1.151320337285E+17,  1.549428080137E+20,  5.360393249847E+19,  1.048676420658E+13,  1.584993393131E+02,  2.769711223133E+00,  1.457296260744E+02,NaN,  9.999999998551E+00,NaN,  2.016979033569E-06,  4.090608918581E-02,NaN,  3.504050000000E+06,  4.266428935872E-07
  2.473535577611E-03,  3.549538189591E+03,  3.599999784481E+03,  5.848552827745E+04,  8.215215118559E+05,  9.918599818371E+02,  9.305230083992E-01,NaN,NaN,  3.623780185965E-03,  4.084961208469E+15,  6.612801546163E+19,  2.067843863582E+20,  1.151320583302E+17,  1.549428079577E+20,  5.360393252935E+19,  1.048676340130E+13,  1.584993398893E+02,  2.769711277190E+00,  1.457296265967E+02,NaN,  9.999999998440E+00,NaN,  2.016978878686E-06,  4.090608918826E-02,NaN,  3.504050000000E+06,  4.266429030659E-07
  2.650029732887E-03,  3.546315595832E+03,  3.599999748910E+03,  6.351777229305E+04,  8.169386390924E+05,  9.918599818371E+02,  9.305229933901E-01,NaN,NaN,  3.549769376118E-03,  4.084962111148E+15,  6.612801465321E+19,  2.067843871657E+20,  1.151320851337E+17,  1.549428078966E+20,  5.360393256303E+19,  1.048676259603E+13,  1.584993405171E+02,  2.769711336086E+00,  1.457296271657E+02,NaN,  9.999999998328E+00,NaN,  2.016978723802E-06,  4.090608919092E-02,NaN,  3.504050000000E+06,  4.266429133929E-07
  2.826523888164E-03,  3.543133831984E+03,  3.599999710393E+03,  6.858610114859E+04,  8.124348636607E+05,  9.918599818371E+02,  9.305229771382E-01,NaN,NaN,  3.482289929282E-03,  4.084963088574E+15,  6.612801377784E+19,  2.067843880399E+20,  1.151321141568E+17,  1.549428078304E+20,  5.360393259956E+19,  1.048676179075E+13,  1.584993411969E+02,  2.769711399858E+00,  1.457296277819E+02,NaN,  9.999999998217E+00,NaN,  2.016978568919E-06,  4.090608919380E-02,NaN,  3.504050000000E+06,  4.266429245751E-07
  3.003018043440E-03,  3.539992701919E+03,  3.599999668912E+03,  7.368334676870E+04,  8.080090288573E+05,  9.918599818371E+02,  9.305229596354E-01,NaN,NaN,  3.420437214393E-03,  4.084964141227E+15,  6.612801283511E+19,  2.067843889815E+20,  1.151321454135E+17,  1.549428077592E+20,  5.360393263894E+19,  1.048676098547E+13,  1.584993419290E+02,  2.769711468539E+00,  1.457296284454E+02,NaN,  9.999999998106E+00,NaN,  2.016978414036E-06,  4.090608919690E-02,NaN,  3.504050000000E+06,  4.266429366180E-07
  3.179512198716E-03,  3.536891985397E+03,  3.599999624451E+03,  7.880304784400E+04,  8.036599656230E+05,  9.918599818371E+02,  9.305229408755E-01,NaN,NaN,  3.363475034011E-03,  4.084965269486E+15,  6.612801182467E+19,  2.067843899907E+20,  1.151321789153E+17,  1.549428076829E+20,  5.360393268119E+19,  1.048675991177E+13,  1.584993427138E+02,  2.769711542153E+00,  1.457296291567E+02,NaN,  9.999999997994E+00,NaN,  2.016978207524E-06,  4.090608920023E-02,NaN,  3.504050000000E+06,  4.266429495258E-07
  3.447646897373E-03,  3.532258082323E+03,  3.599999551179E+03,  8.661103788714E+04,  7.971970204931E+05,  9.918599818371E+02,  9.305229099590E-01,NaN,NaN,  3.284964320216E-03,  4.084967128870E+15,  6.612801015946E+19,  2.067843916539E+20,  1.151322341266E+17,  1.549428075570E+20,  5.360393275090E+19,  1.048675856965E+13,  1.584993440071E+02,  2.769711663469E+00,  1.457296303288E+02,NaN,  9.999999997825E+00,NaN,  2.016977949386E-06,  4.090608920570E-02,NaN,  3.504050000000E+06,  4.266429707980E-07
  3.715781596029E-03,  3.527715967500E+03,  3.599999470980E+03,  9.443928302648E+04,  7.909044083375E+05,  9.918599818371E+02,  9.305228761195E-01,NaN,NaN,  3.214665601935E-03,  4.084969164053E+15,  6.612800833680E+19,  2.067843934744E+20,  1.151322945580E+17,  1.549428074193E+20,  5.360393282728E+19,  1.048675669067E+13,  1.584993454226E+02,  2.769711796256E+00,  1.457296316117E+02,NaN,  9.999999997656E+00,NaN,  2.016977587991E-06,  4.090608921169E-02,NaN,  3.504050000000E+06,  4.266429940814E-07
  3.983916294686E-03,  3.523264632352E+03,  3.599999383842E+03,  1.022719496809E+05,  7.847779888251E+05,  9.918599818371E+02,  9.305228393523E-01,NaN,NaN,  3.151264420650E-03,  4.084971375311E+15,  6.612800635647E+19,  2.067843954524E+20,  1.151323602176E+17,  1.549428072697E+20,  5.360393291034E+19,  1.048675508012E+13,  1.584993469607E+02,  2.769711940531E+00,  1.457296330057E+02,NaN,  9.999999997487E+00,NaN,  2.016977278224E-06,  4.090608921819E-02,NaN,  3.504050000000E+06,  4.266430193791E-07
  4.252050993342E-03,  3.518902999232E+03,  3.599999289768E+03,  1.100952014819E+05,  7.788136411784E+05,  9.918599818371E+02,  9.305227996584E-01,NaN,NaN,  3.093726299313E-03,  4.084973762585E+15,  6.612800421850E+19,  2.067843975878E+20,  1.151324311037E+17,  1.549428071081E+20,  5.360393300009E+19,  1.048675293271E+13,  1.584993486212E+02,  2.769712096289E+00,  1.457296345106E+02,NaN,  9.999999997318E+00,NaN,  2.016976865202E-06,  4.090608922520E-02,NaN,  3.504050000000E+06,  4.266430466906E-07
  4.520185691999E-03,  3.514629932594E+03,  3.599999188772E+03,  1.178969014960E+05,  7.730072784731E+05,  9.918599818371E+02,  9.305227570437E-01,NaN,NaN,  3.041223911709E-03,  4.084976325525E+15,  6.612800192321E+19,  2.067843998804E+20,  1.151325072059E+17,  1.549428069347E+20,  5.360393309650E+19,  1.048675105373E+13,  1.584993504039E+02,  2.769712263510E+00,  1.457296361263E+02,NaN,  9.999999997149E+00,NaN,  2.016976503808E-06,  4.090608923273E-02,NaN,  3.504050000000E+06,  4.266430760118E-07
  4.788320390656E-03,  3.510444249225E+03,  3.599999080877E+03,  1.256663728010E+05,  7.673548600129E+05,  9.918599818371E+02,  9.305227115183E-01,NaN,NaN,  2.993086253335E-03,  4.084979063522E+15,  6.612799947115E+19,  2.067844023295E+20,  1.151325885061E+17,  1.549428067495E+20,  5.360393319956E+19,  1.048674890633E+13,  1.584993523084E+02,  2.769712442152E+00,  1.457296378523E+02,NaN,  9.999999996980E+00,NaN,  2.016976090785E-06,  4.090608924077E-02,NaN,  3.504050000000E+06,  4.266431073358E-07
  5.056455089312E-03,  3.506344727184E+03,  3.599998966117E+03,  1.333942034860E+05,  7.618524014195E+05,  9.918599818371E+02,  9.305226630960E-01,NaN,NaN,  2.948762339281E-03,  4.084981975743E+15,  6.612799686306E+19,  2.067844049346E+20,  1.151326749797E+17,  1.549428065524E+20,  5.360393330924E+19,  1.048674622208E+13,  1.584993543341E+02,  2.769712632162E+00,  1.457296396882E+02,NaN,  9.999999996810E+00,NaN,  2.016975574508E-06,  4.090608924932E-02,NaN,  3.504050000000E+06,  4.266431406529E-07
  5.324589787969E-03,  3.502330113119E+03,  3.599998844532E+03,  1.410720865807E+05,  7.564959821226E+05,  9.918599818371E+02,  9.305226117940E-01,NaN,NaN,  2.907794744338E-03,  4.084985061157E+15,  6.612799409987E+19,  2.067844076945E+20,  1.151327665959E+17,  1.549428063436E+20,  5.360393342549E+19,  1.048674380625E+13,  1.584993564803E+02,  2.769712833471E+00,  1.457296416333E+02,NaN,  9.999999996641E+00,NaN,  2.016975109857E-06,  4.090608925838E-02,NaN,  3.504050000000E+06,  4.266431759514E-07
  5.592724486625E-03,  3.498399128323E+03,  3.599998716169E+03,  1.486926870670E+05,  7.512817508455E+05,  9.918599818371E+02,  9.305225576323E-01,NaN,NaN,  2.869799970482E-03,  4.084988318557E+15,  6.612799118266E+19,  2.067844106083E+20,  1.151328633189E+17,  1.549428061232E+20,  5.360393354827E+19,  1.048674139042E+13,  1.584993587462E+02,  2.769713046002E+00,  1.457296436867E+02,NaN,  9.999999996472E+00,NaN,  2.016974645207E-06,  4.090608926793E-02,NaN,  3.504050000000E+06,  4.266432132176E-07
  6.128993883938E-03,  3.490782836325E+03,  3.599998439332E+03,  1.637369029603E+05,  7.412648185763E+05,  9.918599818371E+02,  9.305224408229E-01,NaN,NaN,  2.801479228796E-03,  4.084995343729E+15,  6.612798489117E+19,  2.067844168925E+20,  1.151330719197E+17,  1.549428056479E+20,  5.360393381320E+19,  1.048673548506E+13,  1.584993636329E+02,  2.769713504364E+00,  1.457296481154E+02,NaN,  9.999999996134E+00,NaN,  2.016973509396E-06,  4.090608928854E-02,NaN,  3.504050000000E+06,  4.266432935887E-07
  6.665263281251E-03,  3.483485303375E+03,  3.599998136097E+03,  1.784837324449E+05,  7.317723217025E+05,  9.918599818371E+02,  9.305223128747E-01,NaN,NaN,  2.741728283729E-03,  4.085003038815E+15,  6.612797799974E+19,  2.067844237759E+20,  1.151333004126E+17,  1.549428051272E+20,  5.360393410356E+19,  1.048672904285E+13,  1.584993689857E+02,  2.769714006435E+00,  1.457296529665E+02,NaN,  9.999999995796E+00,NaN,  2.016972270329E-06,  4.090608931111E-02,NaN,  3.504050000000E+06,  4.266433816241E-07
  7.201532678564E-03,  3.476495860607E+03,  3.599997807020E+03,  1.928998966401E+05,  7.227762722948E+05,  9.918599818371E+02,  9.305221740229E-01,NaN,NaN,  2.689001829295E-03,  4.085011389663E+15,  6.612797052104E+19,  2.067844312459E+20,  1.151335483772E+17,  1.549428045622E+20,  5.360393441881E+19,  1.048672233222E+13,  1.584993747947E+02,  2.769714551292E+00,  1.457296582309E+02,NaN,  9.999999995457E+00,NaN,  2.016970979635E-06,  4.090608933559E-02,NaN,  3.504050000000E+06,  4.266434771617E-07
  7.737802075877E-03,  3.469803815271E+03,  3.599997452711E+03,  2.069600742311E+05,  7.142500043413E+05,  9.918599818371E+02,  9.305220245248E-01,NaN,NaN,  2.642119642069E-03,  4.085020380808E+15,  6.612796246892E+19,  2.067844392888E+20,  1.151338153544E+17,  1.549428039538E+20,  5.360393475838E+19,  1.048671481631E+13,  1.584993810491E+02,  2.769715137926E+00,  1.457296638990E+02,NaN,  9.999999995119E+00,NaN,  2.016969534057E-06,  4.090608936194E-02,NaN,  3.504050000000E+06,  4.266435800246E-07
  8.274071473191E-03,  3.463398526829E+03,  3.599997073819E+03,  2.206454415028E+05,  7.061681730069E+05,  9.918599818371E+02,  9.305218646538E-01,NaN,NaN,  2.600162022166E-03,  4.085029995799E+15,  6.612795385811E+19,  2.067844478896E+20,  1.151341008557E+17,  1.549428033033E+20,  5.360393512162E+19,  1.048670703197E+13,  1.584993877375E+02,  2.769715765263E+00,  1.457296699605E+02,NaN,  9.999999994781E+00,NaN,  2.016968036851E-06,  4.090608939011E-02,NaN,  3.504050000000E+06,  4.266436900246E-07
  8.948185286079E-03,  3.455737394550E+03,  3.599996563706E+03,  2.372965213047E+05,  6.966025340042E+05,  9.918599818371E+02,  9.305216494149E-01,NaN,NaN,  2.553297061094E-03,  4.085042940740E+15,  6.612794226513E+19,  2.067844594693E+20,  1.151344852346E+17,  1.549428024274E+20,  5.360393561083E+19,  1.048669656338E+13,  1.584993967423E+02,  2.769716609866E+00,  1.457296781211E+02,NaN,  9.999999994356E+00,NaN,  2.016966023368E-06,  4.090608942804E-02,NaN,  3.504050000000E+06,  4.266438381210E-07
  9.760143514543E-03,  3.447060093001E+03,  3.599995901101E+03,  2.565147329125E+05,  6.858994468800E+05,  9.918599818371E+02,  9.305213698334E-01,NaN,NaN,  2.504068233146E-03,  4.085059755395E+15,  6.612792720661E+19,  2.067844745105E+20,  1.151349845185E+17,  1.549428012897E+20,  5.360393624648E+19,  1.048668260526E+13,  1.584994084391E+02,  2.769717706952E+00,  1.457296887213E+02,NaN,  9.999999993844E+00,NaN,  2.016963338723E-06,  4.090608947729E-02,NaN,  3.504050000000E+06,  4.266440304888E-07
  1.057210174301E-02,  3.438951336829E+03,  3.599995188180E+03,  2.748055702358E+05,  6.760224931872E+05,  9.918599818371E+02,  9.305210690213E-01,NaN,NaN,  2.461319015816E-03,  4.085077846901E+15,  6.612791100459E+19,  2.067844906940E+20,  1.151355217167E+17,  1.549428000656E+20,  5.360393693061E+19,  1.048666811029E+13,  1.584994210241E+02,  2.769718887347E+00,  1.457297001265E+02,NaN,  9.999999993331E+00,NaN,  2.016960550823E-06,  4.090608953027E-02,NaN,  3.504050000000E+06,  4.266442374647E-07
  1.138405997147E-02,  3.431377443674E+03,  3.599994427433E+03,  2.921695920604E+05,  6.669049236447E+05,  9.918599818371E+02,  9.305207480294E-01,NaN,NaN,  2.423904988871E-03,  4.085097152075E+15,  6.612789371568E+19,  2.067845079631E+20,  1.151360949530E+17,  1.549427987595E+20,  5.360393766081E+19,  1.048665254162E+13,  1.584994344535E+02,  2.769720146931E+00,  1.457297122968E+02,NaN,  9.999999992819E+00,NaN,  2.016957556411E-06,  4.090608958680E-02,NaN,  3.504050000000E+06,  4.266444583256E-07
  1.219601819993E-02,  3.424306101503E+03,  3.599993621334E+03,  3.086178648467E+05,  6.584855369182E+05,  9.918599818371E+02,  9.305204079014E-01,NaN,NaN,  2.390942545266E-03,  4.085117608142E+15,  6.612787539607E+19,  2.067845262618E+20,  1.151367023636E+17,  1.549427973754E+20,  5.360393843470E+19,  1.048663563082E+13,  1.584994486835E+02,  2.769721481606E+00,  1.457297251926E+02,NaN,  9.999999992307E+00,NaN,  2.016954303861E-06,  4.090608964669E-02,NaN,  3.504050000000E+06,  4.266446923537E-07
  1.300797642840E-02,  3.417706443300E+03,  3.599992772316E+03,  3.241693085317E+05,  6.507082568409E+05,  9.918599818371E+02,  9.305200496637E-01,NaN,NaN,  2.361736789123E-03,  4.085139153366E+15,  6.612785610108E+19,  2.067845455348E+20,  1.151373421153E+17,  1.549427959177E+20,  5.360393924994E+19,  1.048661791474E+13,  1.584994636712E+02,  2.769722887346E+00,  1.457297387751E+02,NaN,  9.999999991795E+00,NaN,  2.016950896427E-06,  4.090608970976E-02,NaN,  3.504050000000E+06,  4.266449388424E-07
  1.381993465686E-02,  3.411549083004E+03,  3.599991882751E+03,  3.388486339390E+05,  6.435217201318E+05,  9.918599818371E+02,  9.305196743181E-01,NaN,NaN,  2.335732476590E-03,  4.085161727503E+15,  6.612783588463E+19,  2.067845657282E+20,  1.151380124193E+17,  1.549427943903E+20,  5.360394010424E+19,  1.048659966181E+13,  1.584994793747E+02,  2.769724360219E+00,  1.457297530062E+02,NaN,  9.999999991283E+00,NaN,  2.016947385738E-06,  4.090608977584E-02,NaN,  3.504050000000E+06,  4.266451971028E-07
  1.463189288533E-02,  3.405806124301E+03,  3.599990954943E+03,  3.526847255344E+05,  6.368788849249E+05,  9.918599818371E+02,  9.305192828358E-01,NaN,NaN,  2.312479757845E-03,  4.085185272143E+15,  6.612781479905E+19,  2.067845867898E+20,  1.151387115414E+17,  1.549427927973E+20,  5.360394099538E+19,  1.048658033519E+13,  1.584994957533E+02,  2.769725896415E+00,  1.457297678492E+02,NaN,  9.999999990771E+00,NaN,  2.016943668538E-06,  4.090608984476E-02,NaN,  3.504050000000E+06,  4.266454664665E-07
  1.544385111379E-02,  3.400451148329E+03,  3.599989991112E+03,  3.657093699544E+05,  6.307366630244E+05,  9.918599818371E+02,  9.305188761536E-01,NaN,NaN,  2.291609700321E-03,  4.085209730947E+15,  6.612779289478E+19,  2.067846086691E+20,  1.151394378086E+17,  1.549427911425E+20,  5.360394192123E+19,  1.048656047171E+13,  1.584995127680E+02,  2.769727492258E+00,  1.457297832685E+02,NaN,  9.999999990259E+00,NaN,  2.016939848082E-06,  4.090608991635E-02,NaN,  3.504050000000E+06,  4.266457462891E-07
  1.667041281667E-02,  3.393042530476E+03,  3.599988471520E+03,  3.839210187539E+05,  6.223207443642E+05,  9.918599818371E+02,  9.305182349724E-01,NaN,NaN,  2.263936877455E-03,  4.085248293073E+15,  6.612775836019E+19,  2.067846431645E+20,  1.151405828536E+17,  1.549427885334E+20,  5.360394338111E+19,  1.048652906594E+13,  1.584995395935E+02,  2.769730008291E+00,  1.457298075788E+02,NaN,  9.999999989485E+00,NaN,  2.016933807631E-06,  4.090609002920E-02,NaN,  3.504050000000E+06,  4.266461874624E-07
  1.789697451955E-02,  3.386382631388E+03,  3.599986881516E+03,  4.004783429667E+05,  6.148358012079E+05,  9.918599818371E+02,  9.305175640809E-01,NaN,NaN,  2.240165707566E-03,  4.085288642058E+15,  6.612772222538E+19,  2.067846792582E+20,  1.151417809579E+17,  1.549427858034E+20,  5.360394490883E+19,  1.048649631804E+13,  1.584995676621E+02,  2.769732640913E+00,  1.457298330156E+02,NaN,  9.999999988711E+00,NaN,  2.016927509042E-06,  4.090609014728E-02,NaN,  3.504050000000E+06,  4.266466490793E-07
  1.912353622243E-02,  3.380398407167E+03,  3.599985227556E+03,  4.155028876521E+05,  6.081746744249E+05,  9.918599818371E+02,  9.305168662039E-01,NaN,NaN,  2.219634743926E-03,  4.085330614025E+15,  6.612768463709E+19,  2.067847168038E+20,  1.151430272556E+17,  1.549427829636E+20,  5.360394649816E+19,  1.048646169116E+13,  1.584995968598E+02,  2.769735379433E+00,  1.457298594756E+02,NaN,  9.999999987938E+00,NaN,  2.016920849058E-06,  4.090609027009E-02,NaN,  3.504050000000E+06,  4.266471292650E-07
  2.035009792531E-02,  3.375023358200E+03,  3.599983515610E+03,  4.291143063137E+05,  6.022432356011E+05,  9.918599818371E+02,  9.305161438599E-01,NaN,NaN,  2.201820464200E-03,  4.085374057515E+15,  6.612764573098E+19,  2.067847556658E+20,  1.151443172495E+17,  1.549427800243E+20,  5.360394814336E+19,  1.048642625901E+13,  1.584996270813E+02,  2.769738213968E+00,  1.457298868632E+02,NaN,  9.999999987164E+00,NaN,  2.016914034191E-06,  4.090609039721E-02,NaN,  3.504050000000E+06,  4.266476262869E-07
  2.191552039641E-02,  3.368953022698E+03,  3.599981255138E+03,  4.446162881600E+05,  5.956028314895E+05,  9.918599818371E+02,  9.305151900689E-01,NaN,NaN,  2.182372985618E-03,  4.085431420808E+15,  6.612759435891E+19,  2.067848069796E+20,  1.151460205749E+17,  1.549427761432E+20,  5.360395031587E+19,  1.048637955300E+13,  1.584996669860E+02,  2.769741956727E+00,  1.457299230262E+02,NaN,  9.999999986177E+00,NaN,  2.016905050956E-06,  4.090609056505E-02,NaN,  3.504050000000E+06,  4.266482825620E-07
  2.381980363575E-02,  3.362613017420E+03,  3.599978404877E+03,  4.609511131654E+05,  5.887329465211E+05,  9.918599818371E+02,  9.305139874206E-01,NaN,NaN,  2.162777350666E-03,  4.085503751016E+15,  6.612752958313E+19,  2.067848716820E+20,  1.151481683262E+17,  1.549427712494E+20,  5.360395305547E+19,  1.048632049941E+13,  1.584997173026E+02,  2.769746676037E+00,  1.457299686247E+02,NaN,  9.999999984975E+00,NaN,  2.016893692844E-06,  4.090609077666E-02,NaN,  3.504050000000E+06,  4.266491100714E-07
  2.572408687508E-02,  3.357255233506E+03,  3.599975459631E+03,  4.748677557088E+05,  5.829791535620E+05,  9.918599818371E+02,  9.305127446942E-01,NaN,NaN,  2.146755465004E-03,  4.085578491669E+15,  6.612746264866E+19,  2.067849385406E+20,  1.151503876567E+17,  1.549427661925E+20,  5.360395588657E+19,  1.048625956685E+13,  1.584997692960E+02,  2.769751552632E+00,  1.457300157428E+02,NaN,  9.999999983774E+00,NaN,  2.016881973338E-06,  4.090609099532E-02,NaN,  3.504050000000E+06,  4.266499651611E-07
  2.762837011442E-02,  3.352729633482E+03,  3.599972433540E+03,  4.867014390183E+05,  5.781557331341E+05,  9.918599818371E+02,  9.305114678558E-01,NaN,NaN,  2.133586788524E-03,  4.085655283951E+15,  6.612739387686E+19,  2.067850072345E+20,  1.151526679124E+17,  1.549427609968E+20,  5.360395879557E+19,  1.048619675530E+13,  1.584998227168E+02,  2.769756563101E+00,  1.457300641542E+02,NaN,  9.999999982573E+00,NaN,  2.016869892436E-06,  4.090609121997E-02,NaN,  3.504050000000E+06,  4.266508437262E-07
  2.953265335375E-02,  3.348908432589E+03,  3.599969338759E+03,  4.967481331150E+05,  5.741090476828E+05,  9.918599818371E+02,  9.305101620341E-01,NaN,NaN,  2.122717199367E-03,  4.085733819417E+15,  6.612732354394E+19,  2.067850774878E+20,  1.151549999346E+17,  1.549427556832E+20,  5.360396177075E+19,  1.048613287006E+13,  1.584998773502E+02,  2.769761687322E+00,  1.457301136647E+02,NaN,  9.999999981372E+00,NaN,  2.016857605024E-06,  4.090609144971E-02,NaN,  3.504050000000E+06,  4.266517422381E-07
  3.143693659309E-02,  3.345683005642E+03,  3.599966185699E+03,  5.052666756486E+05,  5.707116906584E+05,  9.918599818371E+02,  9.305088316217E-01,NaN,NaN,  2.113714218080E-03,  4.085813833883E+15,  6.612725188650E+19,  2.067851490642E+20,  1.151573758789E+17,  1.549427502695E+20,  5.360396480209E+19,  1.048606737427E+13,  1.584999330126E+02,  2.769766908056E+00,  1.457301641075E+02,NaN,  9.999999980171E+00,NaN,  2.016845007845E-06,  4.090609168377E-02,NaN,  3.504050000000E+06,  4.266526576745E-07
  3.334121983242E-02,  3.342961157085E+03,  3.599962983250E+03,  5.124817927369E+05,  5.678577788547E+05,  9.918599818371E+02,  9.305074803703E-01,NaN,NaN,  2.106236134026E-03,  4.085895101724E+15,  6.612717910660E+19,  2.067852217617E+20,  1.151597890460E+17,  1.549427447709E+20,  5.360396788102E+19,  1.048600080477E+13,  1.584999895469E+02,  2.769772210584E+00,  1.457302153405E+02,NaN,  9.999999978970E+00,NaN,  2.016832204155E-06,  4.090609192149E-02,NaN,  3.504050000000E+06,  4.266535874543E-07
  3.524550307176E-02,  3.340664733907E+03,  3.599959738988E+03,  5.185874984058E+05,  5.654591468824E+05,  9.918599818371E+02,  9.305061114762E-01,NaN,NaN,  2.100010171265E-03,  4.085977430699E+15,  6.612710537639E+19,  2.067852954085E+20,  1.151622337276E+17,  1.549427392006E+20,  5.360397100024E+19,  1.048593396685E+13,  1.585000468195E+02,  2.769777582362E+00,  1.457302672425E+02,NaN,  9.999999977769E+00,NaN,  2.016819348837E-06,  4.090609216231E-02,NaN,  3.504050000000E+06,  4.266545293781E-07
  3.714978631109E-02,  3.338727554746E+03,  3.599956459356E+03,  5.237505490717E+05,  5.634422584922E+05,  9.918599818371E+02,  9.305047276577E-01,NaN,NaN,  2.094816704836E-03,  4.086060657323E+15,  6.612703084230E+19,  2.067853698583E+20,  1.151647050694E+17,  1.549427335695E+20,  5.360397415354E+19,  1.048586605522E+13,  1.585001047165E+02,  2.769783012724E+00,  1.457303197104E+02,NaN,  9.999999976568E+00,NaN,  2.016806287008E-06,  4.090609240574E-02,NaN,  3.504050000000E+06,  4.266554815758E-07
  3.905406955043E-02,  3.337093623342E+03,  3.599953149824E+03,  5.281137655636E+05,  5.617456890457E+05,  9.918599818371E+02,  9.305033312231E-01,NaN,NaN,  2.090477626626E-03,  4.086144642783E+15,  6.612695562862E+19,  2.067854449869E+20,  1.151671989496E+17,  1.549427278871E+20,  5.360397733566E+19,  1.048579760675E+13,  1.585001631414E+02,  2.769788492614E+00,  1.457303726567E+02,NaN,  9.999999975367E+00,NaN,  2.016793121924E-06,  4.090609265140E-02,NaN,  3.504050000000E+06,  4.266564424592E-07
  4.191049440943E-02,  3.335109785259E+03,  3.599948139412E+03,  5.334207097481E+05,  5.596913797015E+05,  9.918599818371E+02,  9.305012171140E-01,NaN,NaN,  2.085260409125E-03,  4.086271791291E+15,  6.612684176003E+19,  2.067855587267E+20,  1.151709745321E+17,  1.549427192842E+20,  5.360398215329E+19,  1.048569372612E+13,  1.585002515931E+02,  2.769796788838E+00,  1.457304528139E+02,NaN,  9.999999973565E+00,NaN,  2.016773141972E-06,  4.090609302329E-02,NaN,  3.504050000000E+06,  4.266578971814E-07
  4.476691926843E-02,  3.333573424769E+03,  3.599943084770E+03,  5.375363975182E+05,  5.581045657868E+05,  9.918599818371E+02,  9.304990843422E-01,NaN,NaN,  2.081259198761E-03,  4.086400062370E+15,  6.612672688612E+19,  2.067856734707E+20,  1.151747834612E+17,  1.549427106053E+20,  5.360398701355E+19,  1.048558904022E+13,  1.585003408257E+02,  2.769805158342E+00,  1.457305336788E+02,NaN,  9.999999971763E+00,NaN,  2.016753007137E-06,  4.090609339846E-02,NaN,  3.504050000000E+06,  4.266593647562E-07
  4.762334412744E-02,  3.332383642610E+03,  3.599937995839E+03,  5.407257628124E+05,  5.568780973341E+05,  9.918599818371E+02,  9.304969371025E-01,NaN,NaN,  2.078185211147E-03,  4.086529203735E+15,  6.612661123282E+19,  2.067857889932E+20,  1.151786182459E+17,  1.549427018676E+20,  5.360399190688E+19,  1.048548381747E+13,  1.585004306637E+02,  2.769813584666E+00,  1.457306150924E+02,NaN,  9.999999969962E+00,NaN,  2.016732769046E-06,  4.090609377616E-02,NaN,  3.504050000000E+06,  4.266608422973E-07
  5.047976898644E-02,  3.331462199899E+03,  3.599932880346E+03,  5.431957300235E+05,  5.559295893904E+05,  9.918599818371E+02,  9.304947786547E-01,NaN,NaN,  2.075820547829E-03,  4.086659019333E+15,  6.612649497571E+19,  2.067859051189E+20,  1.151824730646E+17,  1.549426930842E+20,  5.360399682582E+19,  1.048537778944E+13,  1.585005209709E+02,  2.769822055018E+00,  1.457306969310E+02,NaN,  9.999999968160E+00,NaN,  2.016712376072E-06,  4.090609415583E-02,NaN,  3.504050000000E+06,  4.266623275619E-07
  5.333619384544E-02,  3.330748465982E+03,  3.599927744286E+03,  5.451075399136E+05,  5.551956166917E+05,  9.918599818371E+02,  9.304926115292E-01,NaN,NaN,  2.073999873595E-03,  4.086789356981E+15,  6.612637825107E+19,  2.067860217115E+20,  1.151863433986E+17,  1.549426842654E+20,  5.360400176460E+19,  1.048527149299E+13,  1.585006116412E+02,  2.769830559469E+00,  1.457307790987E+02,NaN,  9.999999966358E+00,NaN,  2.016691931470E-06,  4.090609453702E-02,NaN,  3.504050000000E+06,  4.266638188088E-07
  5.619261870444E-02,  3.330195477488E+03,  3.599922592311E+03,  5.465866141834E+05,  5.546273010973E+05,  9.918599818371E+02,  9.304904376885E-01,NaN,NaN,  2.072597192942E-03,  4.086920098647E+15,  6.612626116462E+19,  2.067861386656E+20,  1.151902257431E+17,  1.549426754192E+20,  5.360400671874E+19,  1.048516465968E+13,  1.585007025927E+02,  2.769839090318E+00,  1.457308615212E+02,NaN,  9.999999964557E+00,NaN,  2.016671383612E-06,  4.090609491938E-02,NaN,  3.504050000000E+06,  4.266653146877E-07
  5.904904356345E-02,  3.329766870474E+03,  3.599917428027E+03,  5.477303818435E+05,  5.541869453723E+05,  9.918599818371E+02,  9.304882586538E-01,NaN,NaN,  2.071516168046E-03,  4.087051152849E+15,  6.612614379827E+19,  2.067862558993E+20,  1.151941173815E+17,  1.549426665519E+20,  5.360401168476E+19,  1.048505782638E+13,  1.585007937616E+02,  2.769847641596E+00,  1.457309441406E+02,NaN,  9.999999962755E+00,NaN,  2.016650835755E-06,  4.090609530265E-02,NaN,  3.504050000000E+06,  4.266668141520E-07
  6.285761004212E-02,  3.329341170172E+03,  3.599910527898E+03,  5.488619719048E+05,  5.537495570663E+05,  9.918599818371E+02,  9.304853471917E-01,NaN,NaN,  2.070450059616E-03,  4.087226257837E+15,  6.612598698199E+19,  2.067864125383E+20,  1.151993171235E+17,  1.549426547040E+20,  5.360401832006E+19,  1.048491475564E+13,  1.585009155749E+02,  2.769859067242E+00,  1.457310545307E+02,NaN,  9.999999960353E+00,NaN,  2.016623318147E-06,  4.090609581474E-02,NaN,  3.504050000000E+06,  4.266688176407E-07
  6.666617652079E-02,  3.329037484330E+03,  3.599903615722E+03,  5.496639481893E+05,  5.534373630064E+05,  9.918599818371E+02,  9.304824306460E-01,NaN,NaN,  2.069696867688E-03,  4.087401668837E+15,  6.612582989166E+19,  2.067865694510E+20,  1.152045259765E+17,  1.549426428353E+20,  5.360402496701E+19,  1.048477168491E+13,  1.585010376012E+02,  2.769870512919E+00,  1.457311651137E+02,NaN,  9.999999957950E+00,NaN,  2.016595800538E-06,  4.090609632771E-02,NaN,  3.504050000000E+06,  4.266708246478E-07
  7.047474299946E-02,  3.328820439751E+03,  3.599896695011E+03,  5.502316921692E+05,  5.532139826345E+05,  9.918599818371E+02,  9.304795104992E-01,NaN,NaN,  2.069165204941E-03,  4.087577296683E+15,  6.612567260713E+19,  2.067867265577E+20,  1.152097412927E+17,  1.549426309519E+20,  5.360403162224E+19,  1.048462861418E+13,  1.585011597783E+02,  2.769881972811E+00,  1.457312758334E+02,NaN,  9.999999955548E+00,NaN,  2.016568282930E-06,  4.090609684130E-02,NaN,  3.504050000000E+06,  4.266728341531E-07
  7.428330947813E-02,  3.328664913280E+03,  3.599889768263E+03,  5.506330348062E+05,  5.530536196102E+05,  9.918599818371E+02,  9.304765878048E-01,NaN,NaN,  2.068790499153E-03,  4.087753078020E+15,  6.612551518514E+19,  2.067868838018E+20,  1.152149611910E+17,  1.549426190580E+20,  5.360403828333E+19,  1.048448500659E+13,  1.585012820623E+02,  2.769893442783E+00,  1.457313866498E+02,NaN,  9.999999953146E+00,NaN,  2.016540662067E-06,  4.090609735534E-02,NaN,  3.504050000000E+06,  4.266748454318E-07
  7.861592638249E-02,  3.328540336996E+03,  3.599881883299E+03,  5.509479432212E+05,  5.529247900705E+05,  9.918599818371E+02,  9.304732607979E-01,NaN,NaN,  2.068497593090E-03,  4.087953176487E+15,  6.612533598581E+19,  2.067870627985E+20,  1.152209032255E+17,  1.549426055187E+20,  5.360404586595E+19,  1.048432153553E+13,  1.585014212628E+02,  2.769906499561E+00,  1.457315127964E+02,NaN,  9.999999950413E+00,NaN,  2.016509220747E-06,  4.090609794046E-02,NaN,  3.504050000000E+06,  4.266771349663E-07
  8.294854328686E-02,  3.328454152624E+03,  3.599873994619E+03,  5.511589353876E+05,  5.528352537704E+05,  9.918599818371E+02,  9.304699322230E-01,NaN,NaN,  2.068302377385E-03,  4.088153369604E+15,  6.612515670172E+19,  2.067872418799E+20,  1.152268481019E+17,  1.549425919729E+20,  5.360405345221E+19,  1.048415833290E+13,  1.585015605293E+02,  2.769919562598E+00,  1.457316390025E+02,NaN,  9.999999947680E+00,NaN,  2.016477831055E-06,  4.090609852586E-02,NaN,  3.504050000000E+06,  4.266794256061E-07
  8.728116019123E-02,  3.328393969451E+03,  3.599866103455E+03,  5.512995354757E+05,  5.527723219339E+05,  9.918599818371E+02,  9.304666026001E-01,NaN,NaN,  2.068173269607E-03,  4.088353626104E+15,  6.612497736086E+19,  2.067874210181E+20,  1.152327948917E+17,  1.549425784228E+20,  5.360406104093E+19,  1.048399486183E+13,  1.585016998399E+02,  2.769932629856E+00,  1.457317652487E+02,NaN,  9.999999944948E+00,NaN,  2.016446389735E-06,  4.090609911142E-02,NaN,  3.504050000000E+06,  4.266817169933E-07
  9.305798273038E-02,  3.328340075148E+03,  3.599855579441E+03,  5.514156560545E+05,  5.527153687927E+05,  9.918599818371E+02,  9.304621620640E-01,NaN,NaN,  2.068068081685E-03,  4.088620697790E+15,  6.612473818327E+19,  2.067876599253E+20,  1.152407258648E+17,  1.549425603515E+20,  5.360407116169E+19,  1.048377690042E+13,  1.585018856314E+02,  2.769950057110E+00,  1.457319336166E+02,NaN,  9.999999941304E+00,NaN,  2.016404467976E-06,  4.090609989234E-02,NaN,  3.504050000000E+06,  4.266847729320E-07
  9.883480526954E-02,  3.328304982227E+03,  3.599845053738E+03,  5.514808643774E+05,  5.526776467319E+05,  9.918599818371E+02,  9.304577208154E-01,NaN,NaN,  2.068010649167E-03,  4.088887812947E+15,  6.612449896676E+19,  2.067878988714E+20,  1.152486581843E+17,  1.549425422772E+20,  5.360408128419E+19,  1.048355893900E+13,  1.585020714533E+02,  2.769967487351E+00,  1.457321020119E+02,NaN,  9.999999937660E+00,NaN,  2.016362546216E-06,  4.090610067336E-02,NaN,  3.504050000000E+06,  4.266878294077E-07
  1.053452177732E-01,  3.328278580434E+03,  3.599833190302E+03,  5.515187491086E+05,  5.526485810310E+05,  9.918599818371E+02,  9.304527151193E-01,NaN,NaN,  2.067979308571E-03,  4.089188877062E+15,  6.612422934707E+19,  2.067881681863E+20,  1.152575987273E+17,  1.549425219055E+20,  5.360409269331E+19,  1.048331332977E+13,  1.585022808924E+02,  2.769987133066E+00,  1.457322918095E+02,NaN,  9.999999933554E+00,NaN,  2.016315306795E-06,  4.090610155361E-02,NaN,  3.504050000000E+06,  4.266912743931E-07
  1.118786045712E-01,  3.328260077993E+03,  3.599821284438E+03,  5.515351227875E+05,  5.526275866093E+05,  9.918599818371E+02,  9.304476915212E-01,NaN,NaN,  2.067968149162E-03,  4.089491018672E+15,  6.612395876241E+19,  2.067884384650E+20,  1.152665713390E+17,  1.549425014607E+20,  5.360410414338E+19,  1.048306664684E+13,  1.585024910812E+02,  2.770006849283E+00,  1.457324822862E+02,NaN,  9.999999929433E+00,NaN,  2.016267860863E-06,  4.090610243699E-02,NaN,  3.504050000000E+06,  4.266947317585E-07
  1.184119913692E-01,  3.328246026347E+03,  3.599809378364E+03,  5.515394432486E+05,  5.526111438207E+05,  9.918599818371E+02,  9.304426678341E-01,NaN,NaN,  2.067968288455E-03,  4.089793166417E+15,  6.612368817226E+19,  2.067887087493E+20,  1.152755442039E+17,  1.549424810154E+20,  5.360411559380E+19,  1.048282023233E+13,  1.585027012745E+02,  2.770026566093E+00,  1.457326727669E+02,NaN,  9.999999925312E+00,NaN,  2.016220466559E-06,  4.090610332035E-02,NaN,  3.504050000000E+06,  4.266981892447E-07
  1.249453781672E-01,  3.328234447975E+03,  3.599797472276E+03,  5.515370660992E+05,  5.525972303440E+05,  9.918599818371E+02,  9.304376441412E-01,NaN,NaN,  2.067974705906E-03,  4.090095315306E+15,  6.612341758109E+19,  2.067889790346E+20,  1.152845171739E+17,  1.549424605697E+20,  5.360412704436E+19,  1.048257354940E+13,  1.585029114688E+02,  2.770046283170E+00,  1.457328632483E+02,NaN,  9.999999921192E+00,NaN,  2.016173020626E-06,  4.090610420369E-02,NaN,  3.504050000000E+06,  4.267016467947E-07
  1.314787649652E-01,  3.328224243762E+03,  3.599785566283E+03,  5.515309680566E+05,  5.525847222167E+05,  9.918599818371E+02,  9.304326204886E-01,NaN,NaN,  2.067984611282E-03,  4.090397462563E+15,  6.612314699138E+19,  2.067892493184E+20,  1.152934901664E+17,  1.549424401240E+20,  5.360413849498E+19,  1.048232713489E+13,  1.585031216621E+02,  2.770066000332E+00,  1.457330537286E+02,NaN,  9.999999917071E+00,NaN,  2.016125626322E-06,  4.090610508699E-02,NaN,  3.504050000000E+06,  4.267051043766E-07
  1.392989174651E-01,  3.328213001413E+03,  3.599771315585E+03,  5.515210385676E+05,  5.525707443479E+05,  9.918599818371E+02,  9.304266075039E-01,NaN,NaN,  2.067998933437E-03,  4.090759114171E+15,  6.612282311220E+19,  2.067895728315E+20,  1.153042303778E+17,  1.549424156515E+20,  5.360415220081E+19,  1.048203186696E+13,  1.585033732508E+02,  2.770089600811E+00,  1.457332817218E+02,NaN,  9.999999912138E+00,NaN,  2.016068835761E-06,  4.090610614421E-02,NaN,  3.504050000000E+06,  4.267092429553E-07
  1.496926013687E-01,  3.328198856392E+03,  3.599752375566E+03,  5.515056843359E+05,  5.525529819726E+05,  9.918599818371E+02,  9.304186158917E-01,NaN,NaN,  2.068019991316E-03,  4.091239772291E+15,  6.612239265606E+19,  2.067900028010E+20,  1.153185049633E+17,  1.549423831257E+20,  5.360417041699E+19,  1.048163996589E+13,  1.585037076287E+02,  2.770120967783E+00,  1.457335847394E+02,NaN,  9.999999905583E+00,NaN,  2.015993459198E-06,  4.090610754925E-02,NaN,  3.504050000000E+06,  4.267147435034E-07
  1.600862852722E-01,  3.328185103123E+03,  3.599733436095E+03,  5.514892710064E+05,  5.525356206816E+05,  9.918599818371E+02,  9.304106245109E-01,NaN,NaN,  2.068042042597E-03,  4.091720418494E+15,  6.612196221060E+19,  2.067904327599E+20,  1.153327793747E+17,  1.549423506001E+20,  5.360418863299E+19,  1.048124779640E+13,  1.585040419988E+02,  2.770152334463E+00,  1.457338877494E+02,NaN,  9.999999899027E+00,NaN,  2.015918031008E-06,  4.090610895419E-02,NaN,  3.504050000000E+06,  4.267202440433E-07
  1.704799691758E-01,  3.328171504292E+03,  3.599714497196E+03,  5.514724412895E+05,  5.525184178240E+05,  9.918599818371E+02,  9.304026333714E-01,NaN,NaN,  2.068064484838E-03,  4.092201052182E+15,  6.612153177634E+19,  2.067908627075E+20,  1.153470535942E+17,  1.549423180749E+20,  5.360420684880E+19,  1.048085562690E+13,  1.585043763607E+02,  2.770183700813E+00,  1.457341907516E+02,NaN,  9.999999892471E+00,NaN,  2.015842602818E-06,  4.090611035901E-02,NaN,  3.504050000000E+06,  4.267257445681E-07
  1.847529802628E-01,  3.328152921696E+03,  3.599688490511E+03,  5.514490843647E+05,  5.524948867424E+05,  9.918599818371E+02,  9.303916545915E-01,NaN,NaN,  2.068095534767E-03,  4.092861379260E+15,  6.612094041663E+19,  2.067914533988E+20,  1.153666647759E+17,  1.549422733889E+20,  5.360423187539E+19,  1.048031716557E+13,  1.585048357305E+02,  2.770226794819E+00,  1.457346070364E+02,NaN,  9.999999883469E+00,NaN,  2.015739037486E-06,  4.090611228892E-02,NaN,  3.504050000000E+06,  4.267332980736E-07
  1.970332691023E-01,  3.328136964172E+03,  3.599666115626E+03,  5.514289081694E+05,  5.524746480264E+05,  9.918599818371E+02,  9.303821483133E-01,NaN,NaN,  2.068122325855E-03,  4.093433148090E+15,  6.612042836578E+19,  2.067919648708E+20,  1.153836461233E+17,  1.549422346951E+20,  5.360425354630E+19,  1.047985359492E+13,  1.585052334937E+02,  2.770264110113E+00,  1.457349674922E+02,NaN,  9.999999875724E+00,NaN,  2.015649876305E-06,  4.090611395988E-02,NaN,  3.504050000000E+06,  4.267397969700E-07
  2.093135579418E-01,  3.328121017807E+03,  3.599643741559E+03,  5.514087043563E+05,  5.524544214609E+05,  9.918599818371E+02,  9.303726423832E-01,NaN,NaN,  2.068149143726E-03,  4.094004898809E+15,  6.611991633116E+19,  2.067924763267E+20,  1.154006271872E+17,  1.549421960019E+20,  5.360427521691E+19,  1.047939056112E+13,  1.585056312451E+02,  2.770301424914E+00,  1.457353279366E+02,NaN,  9.999999867978E+00,NaN,  2.015560818380E-06,  4.090611563068E-02,NaN,  3.504050000000E+06,  4.267462958392E-07
  2.232355568271E-01,  3.328102946647E+03,  3.599618377372E+03,  5.513857837069E+05,  5.524314989462E+05,  9.918599818371E+02,  9.303618660589E-01,NaN,NaN,  2.068179562732E-03,  4.094653063018E+15,  6.611933586399E+19,  2.067930561377E+20,  1.154198780485E+17,  1.549421521367E+20,  5.360429978424E+19,  1.047886525264E+13,  1.585060821560E+02,  2.770343727605E+00,  1.457357365537E+02,NaN,  9.999999859197E+00,NaN,  2.015459782809E-06,  4.090611752464E-02,NaN,  3.504050000000E+06,  4.267536634871E-07
  2.400581567687E-01,  3.328081109170E+03,  3.599587730049E+03,  5.513580954756E+05,  5.524038005940E+05,  9.918599818371E+02,  9.303488451218E-01,NaN,NaN,  2.068216313592E-03,  4.095436238930E+15,  6.611863448632E+19,  2.067937567226E+20,  1.154431392739E+17,  1.549420991332E+20,  5.360432946961E+19,  1.047823096344E+13,  1.585066269923E+02,  2.770394843068E+00,  1.457362302853E+02,NaN,  9.999999848587E+00,NaN,  2.015337786359E-06,  4.090611981294E-02,NaN,  3.504050000000E+06,  4.267625661121E-07
  2.568807567104E-01,  3.328059274159E+03,  3.599557084265E+03,  5.513304054493E+05,  5.523761061544E+05,  9.918599818371E+02,  9.303358248387E-01,NaN,NaN,  2.068253067805E-03,  4.096219380818E+15,  6.611793313912E+19,  2.067944572770E+20,  1.154663999661E+17,  1.549420461308E+20,  5.360435915443E+19,  1.047759640582E+13,  1.585071718061E+02,  2.770445957601E+00,  1.457367239954E+02,NaN,  9.999999837976E+00,NaN,  2.015215738281E-06,  4.090612210093E-02,NaN,  3.504050000000E+06,  4.267714686858E-07
  2.799662896290E-01,  3.328029313386E+03,  3.599515031782E+03,  5.512924057691E+05,  5.523381068622E+05,  9.918599818371E+02,  9.303179582622E-01,NaN,NaN,  2.068303508868E-03,  4.097294025416E+15,  6.611697073500E+19,  2.067954185932E+20,  1.154983195789E+17,  1.549419733978E+20,  5.360439988982E+19,  1.047672563386E+13,  1.585079194139E+02,  2.770516100195E+00,  1.457374014752E+02,NaN,  9.999999823416E+00,NaN,  2.015048257754E-06,  4.090612524023E-02,NaN,  3.504050000000E+06,  4.267836855397E-07
  2.946405225769E-01,  3.328010269416E+03,  3.599488302784E+03,  5.512682548850E+05,  5.523139546096E+05,  9.918599818371E+02,  9.303066020795E-01,NaN,NaN,  2.068335569922E-03,  4.097977085940E+15,  6.611635901624E+19,  2.067960296205E+20,  1.155186086398E+17,  1.549419271663E+20,  5.360442578258E+19,  1.047617240913E+13,  1.585083946061E+02,  2.770560685162E+00,  1.457378320918E+02,NaN,  9.999999814161E+00,NaN,  2.014941852894E-06,  4.090612723542E-02,NaN,  3.504050000000E+06,  4.267914510869E-07
  3.239889884725E-01,  3.327972182450E+03,  3.599434848302E+03,  5.512199616315E+05,  5.522656542719E+05,  9.918599818371E+02,  9.302838912066E-01,NaN,NaN,  2.068399687854E-03,  4.099343129328E+15,  6.611513564827E+19,  2.067972516057E+20,  1.155591855445E+17,  1.549418347059E+20,  5.360447756689E+19,  1.047506569125E+13,  1.585093449393E+02,  2.770649852976E+00,  1.457386932759E+02,NaN,  9.999999795650E+00,NaN,  2.014728991546E-06,  4.090613122511E-02,NaN,  3.504050000000E+06,  4.268069820637E-07
  3.619184067801E-01,  3.327922964790E+03,  3.599365771647E+03,  5.511575561632E+05,  5.522032434168E+05,  9.918599818371E+02,  9.302545430388E-01,NaN,NaN,  2.068482552859E-03,  4.101108425357E+15,  6.611355472731E+19,  2.067988307396E+20,  1.156116239876E+17,  1.549417152166E+20,  5.360454448953E+19,  1.047363578920E+13,  1.585105730317E+02,  2.770765087630E+00,  1.457398061579E+02,NaN,  9.999999771728E+00,NaN,  2.014453970348E-06,  4.090613637996E-02,NaN,  3.504050000000E+06,  4.268270537807E-07
  3.851735921399E-01,  3.327892791108E+03,  3.599323423417E+03,  5.511192997371E+05,  5.521649843053E+05,  9.918599818371E+02,  9.302365508102E-01,NaN,NaN,  2.068533357916E-03,  4.102190673524E+15,  6.611258551377E+19,  2.067997988576E+20,  1.156437735681E+17,  1.549416419583E+20,  5.360458551960E+19,  1.047275938030E+13,  1.585113259402E+02,  2.770835737662E+00,  1.457404884312E+02,NaN,  9.999999757061E+00,NaN,  2.014285405638E-06,  4.090613953973E-02,NaN,  3.504050000000E+06,  4.268393599696E-07
  4.084287774997E-01,  3.327862619185E+03,  3.599281078126E+03,  5.510810478785E+05,  5.521267296453E+05,  9.918599818371E+02,  9.302185598305E-01,NaN,NaN,  2.068584161878E-03,  4.103272856704E+15,  6.611161635843E+19,  2.068007669175E+20,  1.156759221301E+17,  1.549415687021E+20,  5.360462654865E+19,  1.047188270298E+13,  1.585120788060E+02,  2.770906385919E+00,  1.457411706635E+02,NaN,  9.999999742394E+00,NaN,  2.014116789299E-06,  4.090614269893E-02,NaN,  3.504050000000E+06,  4.268516660601E-07
  4.521848377123E-01,  3.327805853680E+03,  3.599201410827E+03,  5.510090868916E+05,  5.520547632714E+05,  9.918599818371E+02,  9.301847120816E-01,NaN,NaN,  2.068679749819E-03,  4.105308874706E+15,  6.610979299085E+19,  2.068025882240E+20,  1.157364088640E+17,  1.549414308715E+20,  5.360470374451E+19,  1.047023376581E+13,  1.585134952533E+02,  2.771039310139E+00,  1.457424542146E+02,NaN,  9.999999714797E+00,NaN,  2.013799639831E-06,  4.090614864158E-02,NaN,  3.504050000000E+06,  4.268748204587E-07
  4.959408979249E-01,  3.327749094480E+03,  3.599121753931E+03,  5.509371418511E+05,  5.519828127312E+05,  9.918599818371E+02,  9.301508687524E-01,NaN,NaN,  2.068775334085E-03,  4.107344662711E+15,  6.610796982925E+19,  2.068044093248E+20,  1.157968919928E+17,  1.549412930483E+20,  5.360478093672E+19,  1.046858482864E+13,  1.585149115494E+02,  2.771172228074E+00,  1.457437376207E+02,NaN,  9.999999687201E+00,NaN,  2.013482490362E-06,  4.090615458220E-02,NaN,  3.504050000000E+06,  4.268979745090E-07
  5.396969581375E-01,  3.327692341618E+03,  3.599042107434E+03,  5.508652126608E+05,  5.519108780544E+05,  9.918599818371E+02,  9.301170298419E-01,NaN,NaN,  2.068870914761E-03,  4.109380220762E+15,  6.610614687359E+19,  2.068062302198E+20,  1.158573715170E+17,  1.549411552323E+20,  5.360485812527E+19,  1.046693669675E+13,  1.585163276943E+02,  2.771305139723E+00,  1.457450208818E+02,NaN,  9.999999659604E+00,NaN,  2.013165495777E-06,  4.090616052079E-02,NaN,  3.504050000000E+06,  4.269211282109E-07
  6.642362443511E-01,  3.327530845289E+03,  3.598815473040E+03,  5.506605731741E+05,  5.517062230737E+05,  9.918599818371E+02,  9.300207410992E-01,NaN,NaN,  2.069142938609E-03,  4.115172604716E+15,  6.610095947098E+19,  2.068114117588E+20,  1.160294897095E+17,  1.549407630176E+20,  5.360507780072E+19,  1.046224649991E+13,  1.585203575237E+02,  2.771683400872E+00,  1.457486725295E+02,NaN,  9.999999581060E+00,NaN,  2.012263403531E-06,  4.090617741215E-02,NaN,  3.504050000000E+06,  4.269870267909E-07
  8.860975006530E-01,  3.327243273689E+03,  3.598411942317E+03,  5.502963347139E+05,  5.513419570654E+05,  9.918599818371E+02,  9.298492955158E-01,NaN,NaN,  2.069627465045E-03,  4.125486872047E+15,  6.609172246981E+19,  2.068206383187E+20,  1.163360384347E+17,  1.549400644500E+20,  5.360546906959E+19,  1.045389793344E+13,  1.585275334554E+02,  2.772357130468E+00,  1.457551748731E+02,NaN,  9.999999441141E+00,NaN,  2.010657676235E-06,  4.090620746252E-02,NaN,  3.504050000000E+06,  4.271044152391E-07
  1.107958756955E+00,  3.326955864657E+03,  3.598008678432E+03,  5.499325028487E+05,  5.509780976734E+05,  9.918599818371E+02,  9.296779633021E-01,NaN,NaN,  2.070111899114E-03,  4.135795238428E+15,  6.608249075325E+19,  2.068298596000E+20,  1.166424946225E+17,  1.549393660687E+20,  5.360586024459E+19,  1.044555795658E+13,  1.585347055056E+02,  2.773030698689E+00,  1.457616734966E+02,NaN,  9.999999301229E+00,NaN,  2.009053601028E-06,  4.090623746066E-02,NaN,  3.504050000000E+06,  4.272217947491E-07
  1.329820013257E+00,  3.326668618042E+03,  3.597605681100E+03,  5.495690769626E+05,  5.506146442786E+05,  9.918599818371E+02,  9.295067443372E-01,NaN,NaN,  2.070596240852E-03,  4.146097709429E+15,  6.607326431631E+19,  2.068390756075E+20,  1.169488583298E+17,  1.549386678739E+20,  5.360625132578E+19,  1.043722549564E+13,  1.585418736779E+02,  2.773704105617E+00,  1.457681684035E+02,NaN,  9.999999161322E+00,NaN,  2.007450971400E-06,  4.090626740661E-02,NaN,  3.504050000000E+06,  4.273391653234E-07
  1.408315990600E+00,  3.326567034724E+03,  3.597463161799E+03,  5.494405712367E+05,  5.504861085772E+05,  9.918599818371E+02,  9.294460757170E-01,NaN,NaN,  2.070767601225E-03,  4.149748436683E+15,  6.606999488662E+19,  2.068423413415E+20,  1.170574395619E+17,  1.549384204142E+20,  5.360638993884E+19,  1.043427925856E+13,  1.585444138060E+02,  2.773942784148E+00,  1.457704699032E+02,NaN,  9.999999111825E+00,NaN,  2.006884304857E-06,  4.090627800966E-02,NaN,  3.504050000000E+06,  4.273806896589E-07
  1.492307953453E+00,  3.326458401605E+03,  3.597310700769E+03,  5.493030156147E+05,  5.503485383646E+05,  9.918599818371E+02,  9.293808545257E-01,NaN,NaN,  2.070951049149E-03,  4.153673247228E+15,  6.606648000012E+19,  2.068458522551E+20,  1.171741842748E+17,  1.549381543464E+20,  5.360653897804E+19,  1.043112794449E+13,  1.585471446695E+02,  2.774199413167E+00,  1.457729441912E+02,NaN,  9.999999058862E+00,NaN,  2.006278194689E-06,  4.090628940379E-02,NaN,  3.504050000000E+06,  4.274251201229E-07
  1.613849311305E+00,  3.326301245848E+03,  3.597090148173E+03,  5.491040628878E+05,  5.501495706885E+05,  9.918599818371E+02,  9.292865044937E-01,NaN,NaN,  2.071216489970E-03,  4.159351177541E+15,  6.606139509720E+19,  2.068509314106E+20,  1.173430973531E+17,  1.549377693777E+20,  5.360675462288E+19,  1.042656981295E+13,  1.585510954024E+02,  2.774570729826E+00,  1.457765236850E+02,NaN,  9.999998982224E+00,NaN,  2.005401503312E-06,  4.090630587840E-02,NaN,  3.504050000000E+06,  4.274894113594E-07
  1.819271481780E+00,  3.326035740829E+03,  3.596717564477E+03,  5.487680810523E+05,  5.498135633886E+05,  9.918599818371E+02,  9.291271171898E-01,NaN,NaN,  2.071665059565E-03,  4.168943646673E+15,  6.605280450668E+19,  2.068595122911E+20,  1.176285214355E+17,  1.549371188525E+20,  5.360711902959E+19,  1.041887110434E+13,  1.585577700460E+02,  2.775198198185E+00,  1.457825709912E+02,NaN,  9.999998852698E+00,NaN,  2.003920766878E-06,  4.090633368694E-02,NaN,  3.504050000000E+06,  4.275980665523E-07
  2.159528649740E+00,  3.325596268992E+03,  3.596100925422E+03,  5.482123301332E+05,  5.492577704229E+05,  9.918599818371E+02,  9.288633256248E-01,NaN,NaN,  2.072407887530E-03,  4.184821267414E+15,  6.603858521269E+19,  2.068737155127E+20,  1.181011181875E+17,  1.549360416856E+20,  5.360772244965E+19,  1.040613512488E+13,  1.585688184584E+02,  2.776237221787E+00,  1.457925805970E+02,NaN,  9.999998638163E+00,NaN,  2.001471183475E-06,  4.090637964934E-02,NaN,  3.504050000000E+06,  4.277780239380E-07
  2.499785817699E+00,  3.325157177566E+03,  3.595484910556E+03,  5.476575286058E+05,  5.487029269033E+05,  9.918599818371E+02,  9.285998010809E-01,NaN,NaN,  2.073150498727E-03,  4.200684993344E+15,  6.602437836224E+19,  2.068879063047E+20,  1.185734980437E+17,  1.549349649551E+20,  5.360832565037E+19,  1.039341793519E+13,  1.585798577340E+02,  2.777275868273E+00,  1.458025814431E+02,NaN,  9.999998423643E+00,NaN,  1.999025214017E-06,  4.090642548834E-02,NaN,  3.504050000000E+06,  4.279579602177E-07
  2.632760536274E+00,  3.324985696601E+03,  3.595244337485E+03,  5.474409244605E+05,  5.484862805141E+05,  9.918599818371E+02,  9.284966838464E-01,NaN,NaN,  2.073440696509E-03,  4.206893062624E+15,  6.601881869033E+19,  2.068934596925E+20,  1.187584114972E+17,  1.549345434523E+20,  5.360856179029E+19,  1.038845287076E+13,  1.585841779605E+02,  2.777682474382E+00,  1.458064951483E+02,NaN,  9.999998339813E+00,NaN,  1.998070254922E-06,  4.090644340418E-02,NaN,  3.504050000000E+06,  4.280282747138E-07
  2.799551986280E+00,  3.324770767183E+03,  3.594942718962E+03,  5.471692276349E+05,  5.482145644211E+05,  9.918599818371E+02,  9.283667708160E-01,NaN,NaN,  2.073804848962E-03,  4.214714825282E+15,  6.601181386620E+19,  2.069004565994E+20,  1.189914332981E+17,  1.549340122759E+20,  5.360885938122E+19,  1.038222942810E+13,  1.585896212811E+02,  2.778194887670E+00,  1.458114261619E+02,NaN,  9.999998234668E+00,NaN,  1.996873264781E-06,  4.090646595871E-02,NaN,  3.504050000000E+06,  4.281164662705E-07
  3.005191331392E+00,  3.324505903075E+03,  3.594571055572E+03,  5.468345632549E+05,  5.478798748729E+05,  9.918599818371E+02,  9.282066880835E-01,NaN,NaN,  2.074253744565E-03,  4.224353763455E+15,  6.600318166017E+19,  2.069090790488E+20,  1.192786572454E+17,  1.549333575255E+20,  5.360922621271E+19,  1.037456266212E+13,  1.585963293884E+02,  2.778826524468E+00,  1.458175027635E+02,NaN,  9.999998105037E+00,NaN,  1.995398672054E-06,  4.090649372535E-02,NaN,  3.504050000000E+06,  4.282251917531E-07
  3.279910152125E+00,  3.324152280472E+03,  3.594074895590E+03,  5.463880154469E+05,  5.474332933245E+05,  9.918599818371E+02,  9.279929822200E-01,NaN,NaN,  2.074853312020E-03,  4.237222722087E+15,  6.599165679089E+19,  2.069205908919E+20,  1.196622436230E+17,  1.549324830757E+20,  5.360971614781E+19,  1.036433109154E+13,  1.586052856975E+02,  2.779670130230E+00,  1.458256156420E+02,NaN,  9.999997931868E+00,NaN,  1.993430775863E-06,  4.090653074872E-02,NaN,  3.504050000000E+06,  4.283704287750E-07
  3.566767437489E+00,  3.323783296541E+03,  3.593557245041E+03,  5.459223934411E+05,  5.469676360262E+05,  9.918599818371E+02,  9.277700199463E-01,NaN,NaN,  2.075479220695E-03,  4.250650610498E+15,  6.597963136882E+19,  2.069326027219E+20,  1.200626282892E+17,  1.549315702905E+20,  5.361022757896E+19,  1.035366064545E+13,  1.586146313745E+02,  2.780550749869E+00,  1.458340808822E+02,NaN,  9.999997751056E+00,NaN,  1.991378468247E-06,  4.090656932170E-02,NaN,  3.504050000000E+06,  4.285220683303E-07
  3.775675622238E+00,  3.323514747644E+03,  3.593180535716E+03,  5.455837183502E+05,  5.466289353651E+05,  9.918599818371E+02,  9.276077638302E-01,NaN,NaN,  2.075934951514E-03,  4.260423454637E+15,  6.597087924248E+19,  2.069413449559E+20,  1.203541178418E+17,  1.549309057350E+20,  5.361059993902E+19,  1.034589805161E+13,  1.586214334172E+02,  2.781191906922E+00,  1.458402419010E+02,NaN,  9.999997619385E+00,NaN,  1.989885444401E-06,  4.090659735766E-02,NaN,  3.504050000000E+06,  4.286324926554E-07
  3.975532786278E+00,  3.323258058231E+03,  3.592820366206E+03,  5.452598026026E+05,  5.463049710634E+05,  9.918599818371E+02,  9.274517492109E-01,NaN,NaN,  2.076371095190E-03,  4.269821142119E+15,  6.596246308998E+19,  2.069497515963E+20,  1.206344883703E+17,  1.549302665086E+20,  5.361095811960E+19,  1.033847823699E+13,  1.586279745373E+02,  2.781808642493E+00,  1.458461664130E+02,NaN,  9.999997493424E+00,NaN,  1.988458349234E-06,  4.090662428740E-02,NaN,  3.504050000000E+06,  4.287381253096E-07
  4.231746255703E+00,  3.322929210454E+03,  3.592358947776E+03,  5.448449336557E+05,  5.458900704744E+05,  9.918599818371E+02,  9.272516528042E-01,NaN,NaN,  2.076930199497E-03,  4.281875260326E+15,  6.595166795584E+19,  2.069605345297E+20,  1.209942121743E+17,  1.549294463321E+20,  5.361141770666E+19,  1.032897597819E+13,  1.586363649009E+02,  2.782599984140E+00,  1.458537655982E+02,NaN,  9.999997331952E+00,NaN,  1.986630725728E-06,  4.090665878648E-02,NaN,  3.504050000000E+06,  4.288735337952E-07
  4.619967369175E+00,  3.322431339800E+03,  3.591660463567E+03,  5.442173275918E+05,  5.452624169295E+05,  9.918599818371E+02,  9.269487516380E-01,NaN,NaN,  2.077777135152E-03,  4.300124887023E+15,  6.593532439879E+19,  2.069768596150E+20,  1.215390416716E+17,  1.549282040473E+20,  5.361211385031E+19,  1.031459777220E+13,  1.586490682836E+02,  2.783798642200E+00,  1.458652705702E+02,NaN,  9.999997087300E+00,NaN,  1.983865283551E-06,  4.090671092558E-02,NaN,  3.504050000000E+06,  4.290786850997E-07
  4.859905552882E+00,  3.322123878561E+03,  3.591229171036E+03,  5.438300484373E+05,  5.448751084536E+05,  9.918599818371E+02,  9.267617194776E-01,NaN,NaN,  2.078300438975E-03,  4.311394908390E+15,  6.592523146698E+19,  2.069869411394E+20,  1.218756305905E+17,  1.549274365407E+20,  5.361254395747E+19,  1.030572336039E+13,  1.586569135860E+02,  2.784539224511E+00,  1.458723754432E+02,NaN,  9.999996936103E+00,NaN,  1.982158417429E-06,  4.090674306886E-02,NaN,  3.504050000000E+06,  4.292054639866E-07
  5.117147725710E+00,  3.321794496803E+03,  3.590767115193E+03,  5.434152338550E+05,  5.444602387947E+05,  9.918599818371E+02,  9.265608799312E-01,NaN,NaN,  2.078861479876E-03,  4.323498141787E+15,  6.591439234746E+19,  2.069977680085E+20,  1.222372151557E+17,  1.549266120049E+20,  5.361300603961E+19,  1.029621975947E+13,  1.586653392061E+02,  2.785334860006E+00,  1.458800055918E+02,NaN,  9.999996774013E+00,NaN,  1.980330535785E-06,  4.090677754156E-02,NaN,  3.504050000000E+06,  4.293413741993E-07
  5.439557373822E+00,  3.321382107311E+03,  3.590188503901E+03,  5.428957337640E+05,  5.439406987410E+05,  9.918599818371E+02,  9.263082609978E-01,NaN,NaN,  2.079564814138E-03,  4.338723569665E+15,  6.590075712908E+19,  2.070113878170E+20,  1.226922388207E+17,  1.549255743482E+20,  5.361358758357E+19,  1.028432341462E+13,  1.586759387737E+02,  2.786336183032E+00,  1.458896040418E+02,NaN,  9.999996570872E+00,NaN,  1.978042444086E-06,  4.090682083774E-02,NaN,  3.504050000000E+06,  4.295116974201E-07
  5.717684146794E+00,  3.321026630545E+03,  3.589689808999E+03,  5.424482591816E+05,  5.434931903626E+05,  9.918599818371E+02,  9.260905331793E-01,NaN,NaN,  2.080171390373E-03,  4.351847706015E+15,  6.588900373423E+19,  2.070231279285E+20,  1.230846099718E+17,  1.549246795240E+20,  5.361408909720E+19,  1.027407412797E+13,  1.586850758697E+02,  2.787199707378E+00,  1.458978777906E+02,NaN,  9.999996395643E+00,NaN,  1.976071140462E-06,  4.090685809681E-02,NaN,  3.504050000000E+06,  4.296586113247E-07
  6.071711220044E+00,  3.320574507334E+03,  3.589055615512E+03,  5.418795691815E+05,  5.429244572317E+05,  9.918599818371E+02,  9.258136473243E-01,NaN,NaN,  2.080943291608E-03,  4.368539904290E+15,  6.587405494122E+19,  2.070380598267E+20,  1.235838508472E+17,  1.549235409196E+20,  5.361472726490E+19,  1.026104637011E+13,  1.586966975997E+02,  2.788298528218E+00,  1.459084009253E+02,NaN,  9.999996172605E+00,NaN,  1.973565437659E-06,  4.090690540291E-02,NaN,  3.504050000000E+06,  4.298455970644E-07
  6.384383485279E+00,  3.320175604252E+03,  3.588496056576E+03,  5.413779592333E+05,  5.424227858533E+05,  9.918599818371E+02,  9.255686635301E-01,NaN,NaN,  2.081625009925E-03,  4.383310875246E+15,  6.586082671434E+19,  2.070512731037E+20,  1.240258132729E+17,  1.549225328946E+20,  5.361529227139E+19,  1.024955668973E+13,  1.587069821955E+02,  2.789271372895E+00,  1.459177128756E+02,NaN,  9.999995975637E+00,NaN,  1.971355562051E-06,  4.090694718690E-02,NaN,  3.504050000000E+06,  4.300107212414E-07
  6.764939240993E+00,  3.319690660012E+03,  3.587815712044E+03,  5.407681332417E+05,  5.418129130778E+05,  9.918599818371E+02,  9.252696246277E-01,NaN,NaN,  2.082454843968E-03,  4.401343587144E+15,  6.584467741701E+19,  2.070674041506E+20,  1.245656031680E+17,  1.549213016768E+20,  5.361598241406E+19,  1.023559373781E+13,  1.587195384781E+02,  2.790459672866E+00,  1.459290811006E+02,NaN,  9.999995735924E+00,NaN,  1.968669988054E-06,  4.090699809919E-02,NaN,  3.504050000000E+06,  4.302116705967E-07
  7.132570317071E+00,  3.319222629615E+03,  3.587159201043E+03,  5.401801173690E+05,  5.412248526981E+05,  9.918599818371E+02,  9.249810615249E-01,NaN,NaN,  2.083256239562E-03,  4.418747249070E+15,  6.582909146890E+19,  2.070829724846E+20,  1.250868060743E+17,  1.549201127827E+20,  5.361664886373E+19,  1.022212710443E+13,  1.587316574072E+02,  2.791607178464E+00,  1.459400527583E+02,NaN,  9.999995504366E+00,NaN,  1.966079873826E-06,  4.090704713297E-02,NaN,  3.504050000000E+06,  4.304057696781E-07
  7.490260202774E+00,  3.318767674177E+03,  3.586521128003E+03,  5.396090348004E+05,  5.406537220655E+05,  9.918599818371E+02,  9.247005842002E-01,NaN,NaN,  2.084035725022E-03,  4.435665750154E+15,  6.581394000929E+19,  2.070981068211E+20,  1.255937083444E+17,  1.549189564416E+20,  5.361729709471E+19,  1.020904512464E+13,  1.587434391176E+02,  2.792723315215E+00,  1.459507185597E+02,NaN,  9.999995279089E+00,NaN,  1.963563742212E-06,  4.090709470328E-02,NaN,  3.504050000000E+06,  4.305945959314E-07
  7.999490362249E+00,  3.318120970589E+03,  3.585613890282E+03,  5.387969834332E+05,  5.398415899026E+05,  9.918599818371E+02,  9.242991401615E-01,NaN,NaN,  2.085145791931E-03,  4.459885319252E+15,  6.579225003722E+19,  2.071197722822E+20,  1.263197540238E+17,  1.549173000767E+20,  5.361822569450E+19,  1.019045639798E+13,  1.587603062152E+02,  2.794322178364E+00,  1.459659871185E+02,NaN,  9.999994958400E+00,NaN,  1.959988466636E-06,  4.090716263597E-02,NaN,  3.504050000000E+06,  4.308633798707E-07
  8.721717588696E+00,  3.317205203593E+03,  3.584329518787E+03,  5.376487817854E+05,  5.386933013148E+05,  9.918599818371E+02,  9.237308180249E-01,NaN,NaN,  2.086719363685E-03,  4.494181497464E+15,  6.576153590070E+19,  2.071504517092E+20,  1.273486652335E+17,  1.549149525351E+20,  5.361954188639E+19,  1.016416278894E+13,  1.587841930552E+02,  2.796588399685E+00,  1.459876081970E+02,NaN,  9.999994503626E+00,NaN,  1.954931267188E-06,  4.090725849810E-02,NaN,  3.504050000000E+06,  4.312445058237E-07
  9.340463397258E+00,  3.316422328175E+03,  3.583231350215E+03,  5.366674355282E+05,  5.377118566558E+05,  9.918599818371E+02,  9.232416599195E-01,NaN,NaN,  2.088067615772E-03,  4.523708546696E+15,  6.573509278508E+19,  2.071768649437E+20,  1.282352440234E+17,  1.549129295165E+20,  5.362067623746E+19,  1.014170229446E+13,  1.588047602812E+02,  2.798541505814E+00,  1.460062227107E+02,NaN,  9.999994114073E+00,NaN,  1.950611312476E-06,  4.090734071528E-02,NaN,  3.504050000000E+06,  4.315709459589E-07
  9.835139994219E+00,  3.315797319328E+03,  3.582354824503E+03,  5.358850185455E+05,  5.369293804351E+05,  9.918599818371E+02,  9.228512155321E-01,NaN,NaN,  2.089145027361E-03,  4.547282347608E+15,  6.571398113450E+19,  2.071979527374E+20,  1.289435661241E+17,  1.549113131023E+20,  5.362158265978E+19,  1.012378919450E+13,  1.588211820822E+02,  2.800102169305E+00,  1.460210841630E+02,NaN,  9.999993802667E+00,NaN,  1.947165984029E-06,  4.090740614706E-02,NaN,  3.504050000000E+06,  4.318318775902E-07
  1.046065477213E+01,  3.315008395557E+03,  3.581248293573E+03,  5.348976648813E+05,  5.359419279544E+05,  9.918599818371E+02,  9.223557419855E-01,NaN,NaN,  2.090507484106E-03,  4.577204383925E+15,  6.568718428619E+19,  2.072247193057E+20,  1.298432679412E+17,  1.549092597662E+20,  5.362273418279E+19,  1.010119368205E+13,  1.588420278640E+02,  2.802084826324E+00,  1.460399476859E+02,NaN,  9.999993408947E+00,NaN,  1.942820060542E-06,  4.090748893144E-02,NaN,  3.504050000000E+06,  4.321617577669E-07
  1.109012309719E+01,  3.314215826074E+03,  3.580136825682E+03,  5.339069369159E+05,  5.349511249678E+05,  9.918599818371E+02,  9.218573538435E-01,NaN,NaN,  2.091878043020E-03,  4.607310239158E+15,  6.566022281779E+19,  2.072516503080E+20,  1.307492137262E+17,  1.549071919683E+20,  5.362389391061E+19,  1.007851737356E+13,  1.588630036505E+02,  2.804081606907E+00,  1.460589270924E+02,NaN,  9.999993012783E+00,NaN,  1.938458597092E-06,  4.090757192239E-02,NaN,  3.504050000000E+06,  4.324936486157E-07
  1.164652494354E+01,  3.313516542658E+03,  3.579156087097E+03,  5.330331403649E+05,  5.340772382225E+05,  9.918599818371E+02,  9.214153523090E-01,NaN,NaN,  2.093089532631E-03,  4.634016524015E+15,  6.563630585411E+19,  2.072755402470E+20,  1.315534621296E+17,  1.549053561142E+20,  5.362492363869E+19,  1.005852451368E+13,  1.588816124750E+02,  2.805854543746E+00,  1.460757633340E+02,NaN,  9.999992662655E+00,NaN,  1.934613256586E-06,  4.090764528789E-02,NaN,  3.504050000000E+06,  4.327869524128E-07
  1.226006432210E+01,  3.312746674758E+03,  3.578076495352E+03,  5.320721652426E+05,  5.331161903624E+05,  9.918599818371E+02,  9.209280568175E-01,NaN,NaN,  2.094425003400E-03,  4.663466667198E+15,  6.560993161266E+19,  2.073018846872E+20,  1.324409981748E+17,  1.549033299457E+20,  5.362606020097E+19,  1.003653564261E+13,  1.589021349914E+02,  2.807811418960E+00,  1.460943293655E+02,NaN,  9.999992276612E+00,NaN,  1.930384011888E-06,  4.090772591426E-02,NaN,  3.504050000000E+06,  4.331103079564E-07
  1.289660301819E+01,  3.311949439941E+03,  3.576958489924E+03,  5.310776190391E+05,  5.321215448208E+05,  9.918599818371E+02,  9.204212269702E-01,NaN,NaN,  2.095810423985E-03,  4.694105326238E+15,  6.558249298941E+19,  2.073292923076E+20,  1.333650851920E+17,  1.549012201183E+20,  5.362724379391E+19,  1.001378417501E+13,  1.589234877220E+02,  2.809849255214E+00,  1.461136446646E+02,NaN,  9.999991876157E+00,NaN,  1.926008092659E-06,  4.090780948577E-02,NaN,  3.504050000000E+06,  4.334457095694E-07
  1.372765228509E+01,  3.310910681191E+03,  3.575501992378E+03,  5.297834165991E+05,  5.308272443638E+05,  9.918599818371E+02,  9.197594820567E-01,NaN,NaN,  2.097618521389E-03,  4.734121045637E+15,  6.554665668711E+19,  2.073650881186E+20,  1.345731188438E+17,  1.548984616658E+20,  5.362879140934E+19,  9.984175512401E+12,  1.589513785820E+02,  2.812513834834E+00,  1.461388714734E+02,NaN,  9.999991353409E+00,NaN,  1.920313290095E-06,  4.090791816045E-02,NaN,  3.504050000000E+06,  4.338834858316E-07
  1.444469561857E+01,  3.310016565677E+03,  3.574248153765E+03,  5.286699584087E+05,  5.297136777052E+05,  9.918599818371E+02,  9.191861382266E-01,NaN,NaN,  2.099178612890E-03,  4.768802320759E+15,  6.551559767682E+19,  2.073961120373E+20,  1.356211449958E+17,  1.548960682731E+20,  5.363013435740E+19,  9.958714827340E+12,  1.589755541557E+02,  2.814826008247E+00,  1.461607353296E+02,NaN,  9.999990902452E+00,NaN,  1.915416291656E-06,  4.090801191250E-02,NaN,  3.504050000000E+06,  4.342611008079E-07
  1.517922311571E+01,  3.309102423035E+03,  3.572966472433E+03,  5.275331515528E+05,  5.285767609805E+05,  9.918599818371E+02,  9.185991124582E-01,NaN,NaN,  2.100776044520E-03,  4.804321962829E+15,  6.548378786230E+19,  2.074278859118E+20,  1.366955022022E+17,  1.548936144534E+20,  5.363151134278E+19,  9.932715949372E+12,  1.590003168418E+02,  2.817196779726E+00,  1.461831277111E+02,NaN,  9.999990440568E+00,NaN,  1.910415779513E-06,  4.090810751187E-02,NaN,  3.504050000000E+06,  4.346478216563E-07
  1.623081833724E+01,  3.307797081929E+03,  3.571136330858E+03,  5.259115299866E+05,  5.269550166403E+05,  9.918599818371E+02,  9.177567091782E-01,NaN,NaN,  2.103062554134E-03,  4.855312963484E+15,  6.543812258630E+19,  2.074734995951E+20,  1.382395851697E+17,  1.548900872639E+20,  5.363349090346E+19,  9.895638887148E+12,  1.590358702552E+02,  2.820604986402E+00,  1.462152735861E+02,NaN,  9.999989779424E+00,NaN,  1.903284537153E-06,  4.090824400909E-02,NaN,  3.504050000000E+06,  4.352012955733E-07
  1.717722209805E+01,  3.306625761404E+03,  3.569494067074E+03,  5.244579437903E+05,  5.255012964828E+05,  9.918599818371E+02,  9.169961505473E-01,NaN,NaN,  2.105119956498E-03,  4.901369138961E+15,  6.539687672110E+19,  2.075146988625E+20,  1.396360267500E+17,  1.548868968062E+20,  5.363528172901E+19,  9.862415876669E+12,  1.590679877378E+02,  2.823688219206E+00,  1.462443084371E+02,NaN,  9.999989184546E+00,NaN,  1.896894566495E-06,  4.090836654291E-02,NaN,  3.504050000000E+06,  4.356992235513E-07
  1.815198678076E+01,  3.305422607448E+03,  3.567807330994E+03,  5.229668850753E+05,  5.240101009835E+05,  9.918599818371E+02,  9.162116814582E-01,NaN,NaN,  2.107238279027E-03,  4.948892396431E+15,  6.535431700270E+19,  2.075572104999E+20,  1.410787376738E+17,  1.548836001088E+20,  5.363713242984E+19,  9.828340615577E+12,  1.591011331513E+02,  2.826874518702E+00,  1.462742681703E+02,NaN,  9.999988571966E+00,NaN,  1.890340677628E-06,  4.090849222950E-02,NaN,  3.504050000000E+06,  4.362118925801E-07
  1.906974274955E+01,  3.304292832212E+03,  3.566223623646E+03,  5.215686643432E+05,  5.226117506134E+05,  9.918599818371E+02,  9.154721249628E-01,NaN,NaN,  2.109232013409E-03,  4.993712676396E+15,  6.531417795111E+19,  2.075973042060E+20,  1.424410575995E+17,  1.548804866183E+20,  5.363888050740E+19,  9.796390478295E+12,  1.591323978824E+02,  2.829884116947E+00,  1.463025238860E+02,NaN,  9.999987995329E+00,NaN,  1.884195525916E-06,  4.090861006810E-02,NaN,  3.504050000000E+06,  4.366944104700E-07
  2.010245293239E+01,  3.303025099724E+03,  3.564446607714E+03,  5.200016130412E+05,  5.210445804522E+05,  9.918599818371E+02,  9.146382386696E-01,NaN,NaN,  2.111474860891E-03,  5.044270523293E+15,  6.526890058984E+19,  2.076425304185E+20,  1.439797165079E+17,  1.548769695424E+20,  5.364085544458E+19,  9.760591389351E+12,  1.591676701842E+02,  2.833284266229E+00,  1.463343966940E+02,NaN,  9.999987346599E+00,NaN,  1.877310083429E-06,  4.090874217553E-02,NaN,  3.504050000000E+06,  4.372371711469E-07
  2.135236453413E+01,  3.301495783821E+03,  3.562302981650E+03,  5.181137577205E+05,  5.191565583295E+05,  9.918599818371E+02,  9.136261130432E-01,NaN,NaN,  2.114188659459E-03,  5.105664474338E+15,  6.521391889578E+19,  2.076974500033E+20,  1.458509349940E+17,  1.548726914791E+20,  5.364325807862E+19,  9.717478245389E+12,  1.592105099803E+02,  2.837420721627E+00,  1.463731008280E+02,NaN,  9.999986561617E+00,NaN,  1.869017887121E-06,  4.090890143271E-02,NaN,  3.504050000000E+06,  4.378938086728E-07
  2.258022666497E+01,  3.299998751748E+03,  3.560204743143E+03,  5.162686510289E+05,  5.173112880881E+05,  9.918599818371E+02,  9.126293810153E-01,NaN,NaN,  2.116853622005E-03,  5.166156421268E+15,  6.515974499706E+19,  2.077515627075E+20,  1.476976478209E+17,  1.548684685591E+20,  5.364563015025E+19,  9.675354248988E+12,  1.592527284943E+02,  2.841504523402E+00,  1.464112363193E+02,NaN,  9.999985790691E+00,NaN,  1.860915939191E-06,  4.090905709844E-02,NaN,  3.504050000000E+06,  4.385385653408E-07
  2.404848836896E+01,  3.298215422862E+03,  3.557705496100E+03,  5.140746688529E+05,  5.151171159330E+05,  9.918599818371E+02,  9.114349511600E-01,NaN,NaN,  2.120038923583E-03,  5.238688237425E+15,  6.509478872723E+19,  2.078164456053E+20,  1.499158347740E+17,  1.548633950223E+20,  5.364848055590E+19,  9.625278955694E+12,  1.593033605290E+02,  2.846411790988E+00,  1.464569620177E+02,NaN,  9.999984869091E+00,NaN,  1.851284673084E-06,  4.090924210583E-02,NaN,  3.504050000000E+06,  4.393091686493E-07
  2.536142526236E+01,  3.296627077104E+03,  3.555479629420E+03,  5.121238860804E+05,  5.131661616296E+05,  9.918599818371E+02,  9.103637725670E-01,NaN,NaN,  2.122886179061E-03,  5.303774158229E+15,  6.503650067091E+19,  2.078746678245E+20,  1.519099562425E+17,  1.548588329000E+20,  5.365104413677E+19,  9.580772147109E+12,  1.593488047598E+02,  2.850825215329E+00,  1.464979936565E+02,NaN,  9.999984045238E+00,NaN,  1.842724425328E-06,  4.090940659458E-02,NaN,  3.504050000000E+06,  4.399978915050E-07
  2.666551188422E+01,  3.295055291399E+03,  3.553277121436E+03,  5.101966286670E+05,  5.112387344918E+05,  9.918599818371E+02,  9.092972273768E-01,NaN,NaN,  2.125713156884E-03,  5.368614791712E+15,  6.497843228358E+19,  2.079326706249E+20,  1.539000017825E+17,  1.548542790856E+20,  5.365360351652E+19,  9.536817489551E+12,  1.593940870906E+02,  2.855231367431E+00,  1.465388706618E+02,NaN,  9.999983227172E+00,NaN,  1.834270375921E-06,  4.090956902502E-02,NaN,  3.504050000000E+06,  4.406816343000E-07
  2.803410842939E+01,  3.293411974102E+03,  3.550974567058E+03,  5.081851289402E+05,  5.092270586667E+05,  9.918599818371E+02,  9.081753860247E-01,NaN,NaN,  2.128678760574E-03,  5.436856215399E+15,  6.491731830038E+19,  2.079937155836E+20,  1.559981394164E+17,  1.548494768251E+20,  5.365630303433E+19,  9.490957280151E+12,  1.594417545340E+02,  2.859878736153E+00,  1.465818916035E+02,NaN,  9.999982368889E+00,NaN,  1.825449820885E-06,  4.090973842113E-02,NaN,  3.504050000000E+06,  4.413988367430E-07
  2.946089639044E+01,  3.291705562234E+03,  3.548583766855E+03,  5.061000267565E+05,  5.071417487147E+05,  9.918599818371E+02,  9.070027787973E-01,NaN,NaN,  2.131769220251E-03,  5.508228557833E+15,  6.485340040630E+19,  2.080575612889E+20,  1.581966294303E+17,  1.548444436662E+20,  5.365913290345E+19,  9.443437933418E+12,  1.594916201046E+02,  2.864750465186E+00,  1.466268863487E+02,NaN,  9.999981474386E+00,NaN,  1.816310154525E-06,  4.090991388108E-02,NaN,  3.504050000000E+06,  4.421461361464E-07
  3.099576064284E+01,  3.289877589702E+03,  3.546022809284E+03,  5.038704257826E+05,  5.049119579313E+05,  9.918599818371E+02,  9.057379306609E-01,NaN,NaN,  2.135092411054E-03,  5.585264412826E+15,  6.478441052314E+19,  2.081264732579E+20,  1.605742791093E+17,  1.548389989522E+20,  5.366219480588E+19,  9.392649165438E+12,  1.595454554173E+02,  2.870021595781E+00,  1.466754515025E+02,NaN,  9.999980512439E+00,NaN,  1.806541661771E-06,  4.091010130018E-02,NaN,  3.504050000000E+06,  4.429495866723E-07
  3.255037020798E+01,  3.288034133480E+03,  3.543440395267E+03,  5.016263665258E+05,  5.026677049612E+05,  9.918599818371E+02,  9.044536452752E-01,NaN,NaN,  2.138456769995E-03,  5.663536328800E+15,  6.471431367949E+19,  2.081964909401E+20,  1.629950975911E+17,  1.548334538985E+20,  5.366531381435E+19,  9.341552781962E+12,  1.596001682168E+02,  2.875390982995E+00,  1.467247958987E+02,NaN,  9.999979538444E+00,NaN,  1.796714003579E-06,  4.091028963373E-02,NaN,  3.504050000000E+06,  4.437628900001E-07
  3.431368216808E+01,  3.285952912123E+03,  3.540525202132E+03,  4.990982466029E+05,  5.001393697819E+05,  9.918599818371E+02,  9.029932726916E-01,NaN,NaN,  2.142270836088E-03,  5.752604051337E+15,  6.463454859290E+19,  2.082761659500E+20,  1.657559856689E+17,  1.548271280642E+20,  5.366887283378E+19,  9.284015799686E+12,  1.596624442264E+02,  2.881517788082E+00,  1.467809462185E+02,NaN,  9.999978434092E+00,NaN,  1.785647588371E-06,  4.091050137152E-02,NaN,  3.504050000000E+06,  4.446847857146E-07
  3.618206063094E+01,  3.283758810721E+03,  3.537452319773E+03,  4.964394103205E+05,  4.974803082709E+05,  9.918599818371E+02,  9.014422788738E-01,NaN,NaN,  2.146309732597E-03,  5.847273416241E+15,  6.454976692567E+19,  2.083608518788E+20,  1.686977413041E+17,  1.548203856798E+20,  5.367266718474E+19,  9.223532311908E+12,  1.597286566260E+02,  2.888049644576E+00,  1.468406279430E+02,NaN,  9.999977264408E+00,NaN,  1.774014454992E-06,  4.091072341656E-02,NaN,  3.504050000000E+06,  4.456609229248E-07
  3.801229792510E+01,  3.281620760051E+03,  3.534458024102E+03,  4.938539168598E+05,  4.948945720798E+05,  9.918599818371E+02,  8.999172521251E-01,NaN,NaN,  2.150264425902E-03,  5.940432895907E+15,  6.446633744564E+19,  2.084441871521E+20,  1.715998787527E+17,  1.548137319372E+20,  5.367641264241E+19,  9.164760572839E+12,  1.597938329357E+02,  2.894497249894E+00,  1.468993578040E+02,NaN,  9.999976119075E+00,NaN,  1.762710551983E-06,  4.091093888418E-02,NaN,  3.504050000000E+06,  4.466164417221E-07
  4.020336719541E+01,  3.279075418232E+03,  3.530893878174E+03,  4.907840775056E+05,  4.918244762521E+05,  9.918599818371E+02,  8.980873767839E-01,NaN,NaN,  2.154995608514E-03,  6.052313101160E+15,  6.436614251875E+19,  2.085442689450E+20,  1.750948196042E+17,  1.548057162251E+20,  5.368092605681E+19,  9.095017482819E+12,  1.598721329028E+02,  2.902266765496E+00,  1.469698896395E+02,NaN,  9.999974748554E+00,NaN,  1.749296466615E-06,  4.091119365925E-02,NaN,  3.504050000000E+06,  4.477594361577E-07
  4.227838995022E+01,  3.276679263872E+03,  3.527538904972E+03,  4.879015417311E+05,  4.889416749118E+05,  9.918599818371E+02,  8.963484220900E-01,NaN,NaN,  2.159473587400E-03,  6.158733939762E+15,  6.427083675872E+19,  2.086394670969E+20,  1.784289909988E+17,  1.547980663456E+20,  5.368523480064E+19,  9.029581009751E+12,  1.599466388130E+02,  2.909683856629E+00,  1.470369797684E+02,NaN,  9.999973451252E+00,NaN,  1.736710697391E-06,  4.091143194694E-02,NaN,  3.504050000000E+06,  4.488409792608E-07
  4.450580610656E+01,  3.274354940962E+03,  3.524274087987E+03,  4.850833976244E+05,  4.861149070757E+05,  9.918599818371E+02,  8.946431296223E-01,NaN,NaN,  2.163876196641E-03,  6.268274615853E+15,  6.417274158707E+19,  2.087375080641E+20,  1.818717721850E+17,  1.547917824631E+20,  5.368970982083E+19,  9.011731258188E+12,  1.600234347159E+02,  2.917387575036E+00,  1.471060733483E+02,NaN,  9.999972059302E+00,NaN,  1.733277553101E-06,  4.091166781144E-02,NaN,  3.509599012739E+06,  4.498987366116E-07
  4.678928678173E+01,  3.272032151664E+03,  3.521071840965E+03,  4.824363700745E+05,  4.834677266573E+05,  9.918599818371E+02,  8.929646899775E-01,NaN,NaN,  2.168092540163E-03,  6.351250392767E+15,  6.409842164208E+19,  2.088118247374E+20,  1.844853529885E+17,  1.547880970466E+20,  5.369312582183E+19,  9.014649310599E+12,  1.600816912404E+02,  2.923271449861E+00,  1.471584474238E+02,NaN,  9.999970632936E+00,NaN,  1.733838798726E-06,  4.091184019940E-02,NaN,  3.517507096081E+06,  4.509413143038E-07
  4.914698966186E+01,  3.269733455266E+03,  3.517781661137E+03,  4.794959023485E+05,  4.805271033728E+05,  9.918599818371E+02,  8.912383906670E-01,NaN,NaN,  2.172703582150E-03,  6.486487323245E+15,  6.397723662562E+19,  2.089329566719E+20,  1.887518030865E+17,  1.547806766150E+20,  5.369869962986E+19,  9.017685738607E+12,  1.601766494579E+02,  2.932864386055E+00,  1.472438141765E+02,NaN,  9.999969160894E+00,NaN,  1.734422812203E-06,  4.091212034068E-02,NaN,  3.525617826640E+06,  4.520178094319E-07
  5.161080972920E+01,  3.267258664971E+03,  3.514359579775E+03,  4.766606286011E+05,  4.776916667090E+05,  9.918599818371E+02,  8.894386042204E-01,NaN,NaN,  2.177280395955E-03,  6.581589925072E+15,  6.389198756440E+19,  2.090181961476E+20,  1.917589227217E+17,  1.547762461496E+20,  5.370264554803E+19,  9.020704182114E+12,  1.602435153979E+02,  2.939660030843E+00,  1.473038860087E+02,NaN,  9.999967623305E+00,NaN,  1.735003366619E-06,  4.091231094058E-02,NaN,  3.534017826407E+06,  4.531431871776E-07
  5.427273433522E+01,  3.264610890370E+03,  3.510683233992E+03,  4.735938732797E+05,  4.746247585583E+05,  9.918599818371E+02,  8.875001431332E-01,NaN,NaN,  2.182257629421E-03,  6.691129280769E+15,  6.379376329790E+19,  2.091164032898E+20,  1.952287575996E+17,  1.547709466432E+20,  5.370720564077E+19,  9.024170090746E+12,  1.603205767611E+02,  2.947512363280E+00,  1.473730966993E+02,NaN,  9.999965962932E+00,NaN,  1.735669984548E-06,  4.091252704905E-02,NaN,  3.543046193411E+06,  4.543587353478E-07
  5.698801241908E+01,  3.261925199730E+03,  3.506954145570E+03,  4.704906409086E+05,  4.715213503440E+05,  9.918599818371E+02,  8.855296896573E-01,NaN,NaN,  2.187336969217E-03,  6.803674002899E+15,  6.369280639610E+19,  2.092173417241E+20,  1.988008437529E+17,  1.547654545248E+20,  5.371190990340E+19,  9.027728069286E+12,  1.603998110243E+02,  2.955612771969E+00,  1.474442322458E+02,NaN,  9.999964270168E+00,NaN,  1.736354310807E-06,  4.091274470962E-02,NaN,  3.552185502266E+06,  4.555987106032E-07
  5.983994783734E+01,  3.259125611317E+03,  3.503059898810E+03,  4.672453654564E+05,  4.682758927546E+05,  9.918599818371E+02,  8.834683378576E-01,NaN,NaN,  2.192689501515E-03,  6.925521097939E+15,  6.358346056016E+19,  2.093266643171E+20,  2.026761270500E+17,  1.547593882727E+20,  5.371702415066E+19,  9.031488708995E+12,  1.604856592705E+02,  2.964418579714E+00,  1.475212764605E+02,NaN,  9.999962493169E+00,NaN,  1.737077616042E-06,  4.091297554749E-02,NaN,  3.561709668094E+06,  4.569011760019E-07
  6.284112763909E+01,  3.256202669661E+03,  3.498986511706E+03,  4.638461160901E+05,  4.648764733401E+05,  9.918599818371E+02,  8.813063147103E-01,NaN,NaN,  2.198341435267E-03,  7.057651631981E+15,  6.346483388065E+19,  2.094452623990E+20,  2.068878160710E+17,  1.547526805214E+20,  5.372259519110E+19,  9.035471336502E+12,  1.605788301689E+02,  2.974010305734E+00,  1.476048575011E+02,NaN,  9.999960624247E+00,NaN,  1.737843617453E-06,  4.091322014630E-02,NaN,  3.571650254238E+06,  4.582719039810E-07
  6.599164751669E+01,  3.253158240955E+03,  3.494737345807E+03,  4.602984372328E+05,  4.613285959208E+05,  9.918599818371E+02,  8.790460463435E-01,NaN,NaN,  2.204292168527E-03,  7.199889113864E+15,  6.333707239257E+19,  2.095729900772E+20,  2.114326191310E+17,  1.547453352599E+20,  5.372862215231E+19,  9.039677830783E+12,  1.606792194029E+02,  2.984386449801E+00,  1.476948725509E+02,NaN,  9.999958663491E+00,NaN,  1.738652676435E-06,  4.091347668115E-02,NaN,  3.581996237002E+06,  4.597109576809E-07
  6.930598292299E+01,  3.249981453313E+03,  3.490296691976E+03,  4.565896973711E+05,  4.576196499652E+05,  9.918599818371E+02,  8.766784811295E-01,NaN,NaN,  2.210571128079E-03,  7.353219926897E+15,  6.319927636859E+19,  2.097107465491E+20,  2.163447099751E+17,  1.547372837496E+20,  5.373515412075E+19,  9.044130202722E+12,  1.607875451102E+02,  2.995631456477E+00,  1.477919553122E+02,NaN,  9.999956602063E+00,NaN,  1.739509026465E-06,  4.091374527330E-02,NaN,  3.592782830817E+06,  4.612249645914E-07
  7.289038665505E+01,  3.246579551567E+03,  3.485527849187E+03,  4.525951464786E+05,  4.536248784628E+05,  9.918599818371E+02,  8.741295066556E-01,NaN,NaN,  2.217396403409E-03,  7.525554773042E+15,  6.304431530158E+19,  2.098656579972E+20,  2.218816376459E+17,  1.547280290975E+20,  5.374253878125E+19,  9.048975549430E+12,  1.609094275037E+02,  3.008343484741E+00,  1.479011279044E+02,NaN,  9.999954374139E+00,NaN,  1.740440959570E-06,  4.091403737225E-02,NaN,  3.604337551777E+06,  4.628624737154E-07
  7.653547992566E+01,  3.243143631010E+03,  3.480713768848E+03,  4.485806281149E+05,  4.496101382277E+05,  9.918599818371E+02,  8.715489898207E-01,NaN,NaN,  2.224337201352E-03,  7.700933344857E+15,  6.288652570911E+19,  2.100233966451E+20,  2.275341610809E+17,  1.547185392187E+20,  5.375010289673E+19,  9.053932024251E+12,  1.610336110619E+02,  3.021364267600E+00,  1.480122929428E+02,NaN,  9.999952110094E+00,NaN,  1.741394266576E-06,  4.091432343201E-02,NaN,  3.615971470542E+06,  4.645278330832E-07
  8.044036369666E+01,  3.239408438973E+03,  3.475595448190E+03,  4.445333947715E+05,  4.455626897374E+05,  9.918599818371E+02,  8.687971540961E-01,NaN,NaN,  2.231520624505E-03,  7.843991690593E+15,  6.275774903530E+19,  2.101521631633E+20,  2.321589763115E+17,  1.547116850812E+20,  5.375632169062E+19,  9.059267784147E+12,  1.611350657897E+02,  3.032074254084E+00,  1.481030401068E+02,NaN,  9.999949686390E+00,NaN,  1.742420523639E-06,  4.091454528654E-02,NaN,  3.628307251821E+06,  4.663121561690E-07
  8.446428743798E+01,  3.235681220547E+03,  3.470363117253E+03,  4.401824910728E+05,  4.412115273585E+05,  9.918599818371E+02,  8.659770367076E-01,NaN,NaN,  2.239216657080E-03,  8.044140718097E+15,  6.257746838698E+19,  2.103323801735E+20,  2.386482751952E+17,  1.547005648995E+20,  5.376506072978E+19,  9.064802178831E+12,  1.612771119882E+02,  3.047116464387E+00,  1.482300465896E+02,NaN,  9.999947190738E+00,NaN,  1.743484985262E-06,  4.091484759048E-02,NaN,  3.640882399740E+06,  4.681509972238E-07
  8.891319121261E+01,  3.231517165373E+03,  3.464626639916E+03,  4.356246678427E+05,  4.366534626424E+05,  9.918599818371E+02,  8.628742294318E-01,NaN,NaN,  2.247484739387E-03,  8.223220451247E+15,  6.241606453471E+19,  2.104937553548E+20,  2.444751149612E+17,  1.546913900957E+20,  5.377294674261E+19,  9.070950193956E+12,  1.614044155262E+02,  3.060694902285E+00,  1.483437744455E+02,NaN,  9.999944433680E+00,NaN,  1.744667467996E-06,  4.091510251151E-02,NaN,  3.654628226811E+06,  4.701843774441E-07
  9.336800764527E+01,  3.227376428933E+03,  3.458933101944E+03,  4.311383806384E+05,  4.321669370930E+05,  9.918599818371E+02,  8.597860897227E-01,NaN,NaN,  2.255744490217E-03,  8.399883545848E+15,  6.225674347250E+19,  2.106530498075E+20,  2.502421326533E+17,  1.546823299917E+20,  5.378077973827E+19,  9.077138741315E+12,  1.615301615766E+02,  3.074182230659E+00,  1.484560359248E+02,NaN,  9.999941675299E+00,NaN,  1.745857746524E-06,  4.091534185631E-02,NaN,  3.668228986546E+06,  4.722207121005E-07
  9.804233871445E+01,  3.223075751635E+03,  3.453012586018E+03,  4.264793907970E+05,  4.275076810112E+05,  9.918599818371E+02,  8.565632982773E-01,NaN,NaN,  2.264434636822E-03,  8.590011454854E+15,  6.208517154267E+19,  2.108245884563E+20,  2.564694316547E+17,  1.546723741799E+20,  5.378926717830E+19,  9.083663088836E+12,  1.616656624871E+02,  3.088795553998E+00,  1.485769264025E+02,NaN,  9.999938783498E+00,NaN,  1.747112611409E-06,  4.091558651494E-02,NaN,  3.682327598236E+06,  4.743576738350E-07
  1.029569002795E+02,  3.218601277636E+03,  3.446845989262E+03,  4.216351281494E+05,  4.226631416633E+05,  9.918599818371E+02,  8.531976485032E-01,NaN,NaN,  2.273595639511E-03,  8.794681452217E+15,  6.190035055020E+19,  2.110093690204E+20,  2.631971044011E+17,  1.546614404096E+20,  5.379847134590E+19,  9.090554105440E+12,  1.618117285382E+02,  3.104642030889E+00,  1.487071490130E+02,NaN,  9.999935745788E+00,NaN,  1.748437999845E-06,  4.091583471139E-02,NaN,  3.696964357210E+06,  4.766048108377E-07
  1.081385171691E+02,  3.213935397916E+03,  3.440407849559E+03,  4.165863321321E+05,  4.176140768938E+05,  9.918599818371E+02,  8.496712503405E-01,NaN,NaN,  2.283282536019E-03,  9.015743253457E+15,  6.170057976465E+19,  2.112090911673E+20,  2.704917872848E+17,  1.546493880808E+20,  5.380849236617E+19,  9.097851249658E+12,  1.619697297713E+02,  3.121893892035E+00,  1.488479015834E+02,NaN,  9.999932546025E+00,NaN,  1.749841501116E-06,  4.091608491867E-02,NaN,  3.712193802487E+06,  4.789744652673E-07
  1.138568206445E+02,  3.208858260956E+03,  3.433377334475E+03,  4.110554864432E+05,  4.120829188044E+05,  9.918599818371E+02,  8.458081801477E-01,NaN,NaN,  2.294045791582E-03,  9.272277724054E+15,  6.146855964153E+19,  2.114410441472E+20,  2.789938995578E+17,  1.546349543505E+20,  5.382022474938E+19,  9.105936759246E+12,  1.621533893693E+02,  3.142090026345E+00,  1.490113685731E+02,NaN,  9.999929018410E+00,NaN,  1.751396633185E-06,  4.091635222184E-02,NaN,  3.728764348690E+06,  4.815900486751E-07
  1.197683560838E+02,  3.203666219169E+03,  3.426190084114E+03,  4.054346913536E+05,  4.064618057276E+05,  9.918599818371E+02,  8.418442482333E-01,NaN,NaN,  2.305180717635E-03,  9.538931756430E+15,  6.122717217224E+19,  2.116823597633E+20,  2.878744902638E+17,  1.546197436147E+20,  5.383254290228E+19,  9.114325321098E+12,  1.623446548949E+02,  3.163293961300E+00,  1.491814338050E+02,NaN,  9.999925375525E+00,NaN,  1.753010053020E-06,  4.091660249694E-02,NaN,  3.745639743221E+06,  4.842945077550E-07
  1.257960381595E+02,  3.198330559781E+03,  3.418944324975E+03,  4.000430846589E+05,  4.010699007526E+05,  9.918599818371E+02,  8.378318777219E-01,NaN,NaN,  2.316195053359E-03,  9.755930941666E+15,  6.103057749030E+19,  2.118789350387E+20,  2.951351838146E+17,  1.546084444861E+20,  5.384267723977E+19,  9.122898291193E+12,  1.625006372083E+02,  3.180745145446E+00,  1.493199686431E+02,NaN,  9.999921665119E+00,NaN,  1.754658941142E-06,  4.091678095689E-02,NaN,  3.762586813773E+06,  4.870527626014E-07
  1.322608465636E+02,  3.192783933514E+03,  3.411264526168E+03,  3.940974696317E+05,  3.951239490050E+05,  9.918599818371E+02,  8.335660827536E-01,NaN,NaN,  2.328404924814E-03,  1.005341234800E+16,  6.076081826887E+19,  2.121486075276E+20,  3.051346793969E+17,  1.545909628844E+20,  5.385668628793E+19,  9.132122998135E+12,  1.627147958117E+02,  3.204858212829E+00,  1.495100181522E+02,NaN,  9.999917690199E+00,NaN,  1.756433181520E-06,  4.091700066140E-02,NaN,  3.780477470699E+06,  4.900116525869E-07
  1.388753120906E+02,  3.187074877213E+03,  3.403502593607E+03,  3.883695090874E+05,  3.893956520772E+05,  9.918599818371E+02,  8.292363654475E-01,NaN,NaN,  2.340545247716E-03,  1.030197487964E+16,  6.053521335545E+19,  2.123741782509E+20,  3.135339978794E+17,  1.545773825947E+20,  5.386853283799E+19,  9.141573987680E+12,  1.628941580284E+02,  3.225255344024E+00,  1.496689872980E+02,NaN,  9.999913628038E+00,NaN,  1.758250944119E-06,  4.091715218656E-02,NaN,  3.798485062519E+06,  4.930398427443E-07
  1.458226650749E+02,  3.181157044055E+03,  3.395452409257E+03,  3.824551951964E+05,  3.834810107110E+05,  9.918599818371E+02,  8.247274589709E-01,NaN,NaN,  2.353322807877E-03,  1.056825443397E+16,  6.029331424522E+19,  2.126160348661E+20,  3.225758673531E+17,  1.545625104726E+20,  5.388135038737E+19,  9.151514585135E+12,  1.630866680468E+02,  3.247323125214E+00,  1.498394337947E+02,NaN,  9.999909366697E+00,NaN,  1.760162875793E-06,  4.091728645294E-02,NaN,  3.817082872348E+06,  4.962211888861E-07
  1.531153182716E+02,  3.175028252473E+03,  3.387112437788E+03,  3.763598939941E+05,  3.773854839410E+05,  9.918599818371E+02,  8.200391667022E-01,NaN,NaN,  2.366760094623E-03,  1.085245795322E+16,  6.003488566498E+19,  2.128744126317E+20,  3.322766649692E+17,  1.545463010263E+20,  5.389517794105E+19,  9.161957674920E+12,  1.632925587571E+02,  3.271128656893E+00,  1.500215234388E+02,NaN,  9.999904899234E+00,NaN,  1.762171454677E-06,  4.091739721951E-02,NaN,  3.836266375948E+06,  4.995615617595E-07
  1.607714824512E+02,  3.168699431786E+03,  3.378475595119E+03,  3.700446701887E+05,  3.711213431405E+05,  9.918599818371E+02,  8.151648335032E-01,NaN,NaN,  2.380955481796E-03,  1.115534453353E+16,  5.975918629634E+19,  2.131500524619E+20,  3.426728131023E+17,  1.545286638848E+20,  5.391008485950E+19,  9.172923925790E+12,  1.635124716050E+02,  3.296791242012E+00,  1.502157783834E+02,NaN,  9.999900215331E+00,NaN,  1.764280656109E-06,  4.091747771493E-02,NaN,  3.856043463613E+06,  5.030694895717E-07
  1.688145303202E+02,  3.162111353070E+03,  3.369530430559E+03,  3.636251935407E+05,  3.646499419904E+05,  9.918599818371E+02,  8.100972291077E-01,NaN,NaN,  2.395763937510E-03,  1.147783103607E+16,  5.946532551510E+19,  2.134438445531E+20,  3.538078050345E+17,  1.545094936689E+20,  5.392615322504E+19,  9.184438838156E+12,  1.637471751327E+02,  3.324452077244E+00,  1.504228259875E+02,NaN,  9.999895301493E+00,NaN,  1.766495384729E-06,  4.091752014249E-02,NaN,  3.876431460290E+06,  5.067558646536E-07
  1.772737026933E+02,  3.155302199688E+03,  3.360260796568E+03,  3.569769386648E+05,  3.580012969332E+05,  9.918599818371E+02,  8.048234952227E-01,NaN,NaN,  2.411433383114E-03,  1.182132254474E+16,  5.915196056853E+19,  2.137571308910E+20,  3.657440801226E+17,  1.544886409259E+20,  5.394349565258E+19,  9.196535428342E+12,  1.639978087796E+02,  3.354304865418E+00,  1.506436120044E+02,NaN,  9.999890140932E+00,NaN,  1.768821990753E-06,  4.091751544001E-02,NaN,  3.897457616301E+06,  5.106342732324E-07
  1.862115432036E+02,  3.148219457182E+03,  3.350617047510E+03,  3.501076348100E+05,  3.511315893565E+05,  9.918599818371E+02,  7.993144260023E-01,NaN,NaN,  2.428024398378E-03,  1.218915550485E+16,  5.881597433413E+19,  2.140930268858E+20,  3.786145548124E+17,  1.544658107719E+20,  5.396233218708E+19,  9.209292881837E+12,  1.642669465945E+02,  3.386728132071E+00,  1.508803319945E+02,NaN,  9.999884696586E+00,NaN,  1.771275704379E-06,  4.091745239006E-02,NaN,  3.919223659278E+06,  5.147335688825E-07
  1.955268020151E+02,  3.140846650631E+03,  3.340726402535E+03,  3.433648345063E+05,  3.443884018565E+05,  9.918599818371E+02,  7.936372003930E-01,NaN,NaN,  2.444906623022E-03,  1.251452885423E+16,  5.851842525476E+19,  2.143905374187E+20,  3.900788430693E+17,  1.544466533083E+20,  5.397924815409E+19,  9.222545848601E+12,  1.645057334123E+02,  3.415852466781E+00,  1.510900001404E+02,NaN,  9.999879031300E+00,NaN,  1.773824722891E-06,  4.091734034816E-02,NaN,  3.941432661898E+06,  5.190075167129E-07
  2.054946032909E+02,  3.133200823040E+03,  3.330318953119E+03,  3.360693726998E+05,  3.370925067297E+05,  9.918599818371E+02,  7.876414839983E-01,NaN,NaN,  2.463468002699E-03,  1.293254184058E+16,  5.813564426896E+19,  2.147732045121E+20,  4.049117106176E+17,  1.544196205656E+20,  5.400128336193E+19,  9.236685692852E+12,  1.648133352105E+02,  3.453778770298E+00,  1.513596816846E+02,NaN,  9.999872979059E+00,NaN,  1.776544319597E-06,  4.091713170970E-02,NaN,  3.964678144027E+06,  5.235827897704E-07
  2.157823796692E+02,  3.125328799104E+03,  3.319763294403E+03,  3.289962540424E+05,  3.300189756899E+05,  9.918599818371E+02,  7.815307922569E-01,NaN,NaN,  2.482170754893E-03,  1.330113551993E+16,  5.779766498179E+19,  2.151111260591E+20,  4.180953452104E+17,  1.543967856477E+20,  5.402104883365E+19,  9.251207774859E+12,  1.650855033758E+02,  3.487805686961E+00,  1.515978291663E+02,NaN,  9.999866743244E+00,NaN,  1.779337434265E-06,  4.091687405409E-02,NaN,  3.988125834925E+06,  5.283069152135E-07
  2.265956497307E+02,  3.117198285001E+03,  3.308866200744E+03,  3.217640949765E+05,  3.227863935632E+05,  9.918599818371E+02,  7.751951946497E-01,NaN,NaN,  2.501849207819E-03,  1.369199968179E+16,  5.743878972047E+19,  2.154699338847E+20,  4.321817631769E+17,  1.543720011130E+20,  5.404233676042E+19,  9.266393136003E+12,  1.653750100783E+02,  3.524452011378E+00,  1.518506960842E+02,NaN,  9.999860200477E+00,NaN,  1.782258121185E-06,  4.091652988865E-02,NaN,  4.012196998863E+06,  5.332745106836E-07
  2.379447922834E+02,  3.108816933813E+03,  3.297640517908E+03,  3.143915514278E+05,  3.154133990027E+05,  9.918599818371E+02,  7.686377854304E-01,NaN,NaN,  2.522520244575E-03,  1.410480764111E+16,  5.705923222950E+19,  2.158494144050E+20,  4.471793754461E+17,  1.543452132206E+20,  5.406519568740E+19,  9.282234528800E+12,  1.656817882688E+02,  3.563801220754E+00,  1.521181319167E+02,NaN,  9.999853346063E+00,NaN,  1.785304986405E-06,  4.091608542692E-02,NaN,  4.036851833392E+06,  5.384907318363E-07
  2.498541141034E+02,  3.100182911974E+03,  3.286086448583E+03,  3.068889684751E+05,  3.079103727956E+05,  9.918599818371E+02,  7.618602213790E-01,NaN,NaN,  2.544225873078E-03,  1.453965993734E+16,  5.665881032856E+19,  2.162497499083E+20,  4.631137785849E+17,  1.543163345771E+20,  5.408970358337E+19,  9.298743227116E+12,  1.660061005228E+02,  3.605987437263E+00,  1.524002651301E+02,NaN,  9.999846167008E+00,NaN,  1.788480198293E-06,  4.091552525910E-02,NaN,  4.062078538219E+06,  5.439671344614E-07
  2.625174871377E+02,  3.091184057419E+03,  3.274046348452E+03,  2.991490895530E+05,  3.001700169878E+05,  9.918599818371E+02,  7.547648759443E-01,NaN,NaN,  2.567354035708E-03,  1.500736915069E+16,  5.622744871497E+19,  2.166810099162E+20,  4.804104735982E+17,  1.542844137993E+20,  5.411656515194E+19,  9.316159740099E+12,  1.663562553488E+02,  3.652222869929E+00,  1.527041921384E+02,NaN,  9.999838548598E+00,NaN,  1.791830015342E-06,  4.091481542281E-02,NaN,  4.088206661646E+06,  5.497933169261E-07
  2.760124547004E+02,  3.081793018963E+03,  3.261485142524E+03,  2.911617665017E+05,  2.921821995710E+05,  9.918599818371E+02,  7.473286880032E-01,NaN,NaN,  2.592053647792E-03,  1.551071579839E+16,  5.576242897914E+19,  2.171459114828E+20,  4.992125086111E+17,  1.542490801620E+20,  5.414607114892E+19,  9.334555200479E+12,  1.667346676432E+02,  3.703007637232E+00,  1.530318277636E+02,NaN,  9.999830446926E+00,NaN,  1.795368118914E-06,  4.091392406963E-02,NaN,  4.115293453764E+06,  5.560054054477E-07
  2.898320074513E+02,  3.072245536616E+03,  3.248899802065E+03,  2.835392994719E+05,  2.845592637166E+05,  9.918599818371E+02,  7.398414065509E-01,NaN,NaN,  2.616737490249E-03,  1.595209866997E+16,  5.535398648918E+19,  2.175543017816E+20,  5.158655694197E+17,  1.542192118483E+20,  5.417250062974E+19,  9.353198954344E+12,  1.670679678313E+02,  3.748506334927E+00,  1.533196375292E+02,NaN,  9.999822168233E+00,NaN,  1.798953978185E-06,  4.091302308359E-02,NaN,  4.142257635693E+06,  5.623706063163E-07
  3.043260966139E+02,  3.062553830893E+03,  3.235991991820E+03,  2.755907345831E+05,  2.766102152868E+05,  9.918599818371E+02,  7.321298003653E-01,NaN,NaN,  2.643195813515E-03,  1.648120558476E+16,  5.486351697087E+19,  2.180446447335E+20,  5.360299157228E+17,  1.541805083274E+20,  5.420482014319E+19,  9.372556988170E+12,  1.674691498259E+02,  3.804131753344E+00,  1.536652027652E+02,NaN,  9.999813504685E+00,NaN,  1.802677218985E-06,  4.091180950655E-02,NaN,  4.169732874626E+06,  5.690503412264E-07
  3.196749375447E+02,  3.052401247080E+03,  3.222636786041E+03,  2.677210595787E+05,  2.687400493028E+05,  9.918599818371E+02,  7.241112707875E-01,NaN,NaN,  2.670650059291E-03,  1.697527654610E+16,  5.440470801209E+19,  2.185033796788E+20,  5.550675154953E+17,  1.541450912856E+20,  5.423570395201E+19,  9.392813173351E+12,  1.678455926556E+02,  3.857293983932E+00,  1.539884925138E+02,NaN,  9.999804351227E+00,NaN,  1.806573206347E-06,  4.091052653630E-02,NaN,  4.197970634507E+06,  5.761282894868E-07
  3.356638444722E+02,  3.042054914373E+03,  3.209055356717E+03,  2.598545846101E+05,  2.608730628366E+05,  9.918599818371E+02,  7.159186577106E-01,NaN,NaN,  2.699209093799E-03,  1.748516598626E+16,  5.393037344419E+19,  2.189776352152E+20,  5.749282213215E+17,  1.541076601593E+20,  5.426828646082E+19,  9.413654525881E+12,  1.682358959247E+02,  3.913379001599E+00,  1.543227202737E+02,NaN,  9.999794838819E+00,NaN,  1.810581742274E-06,  4.090905323099E-02,NaN,  4.226490749948E+06,  5.835058597391E-07
  3.526583356138E+02,  3.031436224579E+03,  3.194975034330E+03,  2.515750658743E+05,  2.525930118672E+05,  9.918599818371E+02,  7.073893602114E-01,NaN,NaN,  2.730250704962E-03,  1.809844477804E+16,  5.335870916554E+19,  2.195491367814E+20,  5.991051104784E+17,  1.540591906723E+20,  5.430842623287E+19,  9.435529316162E+12,  1.687077258725E+02,  3.982457916723E+00,  1.547254813879E+02,NaN,  9.999784753091E+00,NaN,  1.814789045165E-06,  4.090708388485E-02,NaN,  4.255852038712E+06,  5.913524920402E-07
  3.706796535540E+02,  3.020331261702E+03,  3.180427926749E+03,  2.434027377437E+05,  2.444201598513E+05,  9.918599818371E+02,  6.985339849272E-01,NaN,NaN,  2.762524363649E-03,  1.867673523804E+16,  5.281853164436E+19,  2.200892056228E+20,  6.222064433754E+17,  1.540138703524E+20,  5.434732707549E+19,  9.458392448727E+12,  1.691552791136E+02,  4.049412665824E+00,  1.551060905430E+02,NaN,  9.999774085520E+00,NaN,  1.819186441551E-06,  4.090500652290E-02,NaN,  4.285968283559E+06,  5.996787380822E-07
  3.892392387518E+02,  3.009160400779E+03,  3.165842311276E+03,  2.353879142410E+05,  2.364048163649E+05,  9.918599818371E+02,  6.896153985840E-01,NaN,NaN,  2.795657653923E-03,  1.925886470524E+16,  5.227364982896E+19,  2.206339803088E+20,  6.457641527904E+17,  1.539671565140E+20,  5.438753138546E+19,  9.481595407835E+12,  1.696083913459E+02,  4.118610289597E+00,  1.554900161042E+02,NaN,  9.999763128440E+00,NaN,  1.823649198710E-06,  4.090269827383E-02,NaN,  4.315943801862E+06,  6.082594124127E-07
  4.087082760526E+02,  2.997612854226E+03,  3.150955406454E+03,  2.276047326454E+05,  2.286211190373E+05,  9.918599818371E+02,  6.804667326099E-01,NaN,NaN,  2.829636764900E-03,  1.979158084362E+16,  5.177404419788E+19,  2.211335422692E+20,  6.675990392412E+17,  1.539252838471E+20,  5.442530927582E+19,  9.505560426625E+12,  1.700254739672E+02,  4.183642111277E+00,  1.558420783621E+02,NaN,  9.999751665618E+00,NaN,  1.828258527144E-06,  4.090038044613E-02,NaN,  4.346313388878E+06,  6.172665898368E-07
  4.293654897549E+02,  2.985808733469E+03,  3.135602509004E+03,  2.194810681235E+05,  2.204969135903E+05,  9.918599818371E+02,  6.709946606618E-01,NaN,NaN,  2.866460704898E-03,  2.042880662622E+16,  5.117516395411E+19,  2.217322940689E+20,  6.940640600668E+17,  1.538710997599E+20,  5.447169128980E+19,  9.530609615564E+12,  1.705272531358E+02,  4.263467907084E+00,  1.562640438583E+02,NaN,  9.999739537372E+00,NaN,  1.833076380192E-06,  4.089736448021E-02,NaN,  4.377398051092E+06,  6.268299804421E-07
  4.509562880817E+02,  2.973796835997E+03,  3.120021055679E+03,  2.114167391008E+05,  2.124320284083E+05,  9.918599818371E+02,  6.613375937395E-01,NaN,NaN,  2.904886932208E-03,  2.108382316716E+16,  5.055814997816E+19,  2.223491739289E+20,  7.216790813375E+17,  1.538136761211E+20,  5.452083170392E+19,  9.556377916121E+12,  1.710465528667E+02,  4.348039172182E+00,  1.566987849586E+02,NaN,  9.999726897902E+00,NaN,  1.838032544070E-06,  4.089396426275E-02,NaN,  4.408703684523E+06,  6.368322171045E-07
  4.735669273229E+02,  2.961559709409E+03,  3.104189860107E+03,  2.034068116213E+05,  2.044215549808E+05,  9.918599818371E+02,  6.514837050581E-01,NaN,NaN,  2.945066726923E-03,  2.175817019586E+16,  4.992142626586E+19,  2.229857571760E+20,  7.505582228129E+17,  1.537526433296E+20,  5.457304061964E+19,  9.582934313623E+12,  1.715850167010E+02,  4.437889294984E+00,  1.571474118619E+02,NaN,  9.999713701026E+00,NaN,  1.843140287117E-06,  4.089013340968E-02,NaN,  4.440264514796E+06,  6.473136623546E-07
  4.972816453205E+02,  2.948958132755E+03,  3.088094139661E+03,  1.956877365657E+05,  1.967019401973E+05,  9.918599818371E+02,  6.414164160454E-01,NaN,NaN,  2.986243488015E-03,  2.237783094651E+16,  4.933499619621E+19,  2.235721151083E+20,  7.775133617863E+17,  1.536969853720E+20,  5.462257127999E+19,  9.610332761572E+12,  1.720834862725E+02,  4.523141641848E+00,  1.575606428801E+02,NaN,  9.999699902192E+00,NaN,  1.848409986519E-06,  4.088629527594E-02,NaN,  4.472100873581E+06,  6.583141611603E-07
  5.222657445387E+02,  2.936197099186E+03,  3.071672695714E+03,  1.877576981711E+05,  1.887713324093E+05,  9.918599818371E+02,  6.311069041873E-01,NaN,NaN,  3.030488288697E-03,  2.309726736102E+16,  4.865249816838E+19,  2.242544571461E+20,  8.093165611639E+17,  1.536275408444E+20,  5.468192924111E+19,  9.638761963017E+12,  1.726664956838E+02,  4.625290497653E+00,  1.580415179216E+02,NaN,  9.999685410727E+00,NaN,  1.853877936606E-06,  4.088146690471E-02,NaN,  4.504322921054E+06,  6.699107038821E-07
  5.483836848841E+02,  2.923121116878E+03,  3.055064509949E+03,  1.801781441247E+05,  1.811912327442E+05,  9.918599818371E+02,  6.206326695087E-01,NaN,NaN,  3.075635247497E-03,  2.375473251067E+16,  4.802727083087E+19,  2.248796017808E+20,  8.388846091389E+17,  1.535642664534E+20,  5.473809319202E+19,  9.668011472454E+12,  1.732037109239E+02,  4.721955198150E+00,  1.584820835551E+02,NaN,  9.999670311073E+00,NaN,  1.859503661197E-06,  4.087666586832E-02,NaN,  4.536648939435E+06,  6.820404800047E-07
  5.758695836596E+02,  2.909913259806E+03,  3.038170429050E+03,  1.724281681000E+05,  1.734406955699E+05,  9.918599818371E+02,  6.099383480438E-01,NaN,NaN,  3.124084172328E-03,  2.451167597836E+16,  4.730560028308E+19,  2.256011050284E+20,  8.735299664547E+17,  1.534860545301E+20,  5.480502741086E+19,  9.698363136540E+12,  1.738273509844E+02,  4.837137502368E+00,  1.589905571431E+02,NaN,  9.999654473589E+00,NaN,  1.865341369463E-06,  4.087068563570E-02,NaN,  4.569263913252E+06,  6.948128553566E-07
  6.048142489001E+02,  2.896313001830E+03,  3.020993451307E+03,  1.649884641995E+05,  1.660004386146E+05,  9.918599818371E+02,  5.990160819518E-01,NaN,NaN,  3.173906068778E-03,  2.521207422252E+16,  4.663611259695E+19,  2.262704969180E+20,  9.061967280483E+17,  1.534133899117E+20,  5.486934327110E+19,  9.729868492951E+12,  1.744097719907E+02,  4.947826593919E+00,  1.594623056723E+02,NaN,  9.999637853096E+00,NaN,  1.871400973940E-06,  4.086467475251E-02,NaN,  4.602151820104E+06,  7.082695703612E-07
  6.352981700853E+02,  2.882590060729E+03,  3.003546227706E+03,  1.574069036228E+05,  1.584182976351E+05,  9.918599818371E+02,  5.878826873772E-01,NaN,NaN,  3.227405467044E-03,  2.601319377818E+16,  4.586827207232E+19,  2.270381556018E+20,  9.442933391988E+17,  1.533241832479E+20,  5.494574894123E+19,  9.762649943664E+12,  1.750822311738E+02,  5.079301954082E+00,  1.600033069311E+02,NaN,  9.999620410887E+00,NaN,  1.877706016894E-06,  4.085723838995E-02,NaN,  4.635278632825E+06,  7.224480478089E-07
  6.674031345862E+02,  2.868488009821E+03,  2.985844191408E+03,  1.501636908457E+05,  1.511745270847E+05,  9.918599818371E+02,  5.765397497677E-01,NaN,NaN,  3.282391101933E-03,  2.675406616933E+16,  4.515621760309E+19,  2.277501027510E+20,  9.802598903105E+17,  1.532408883425E+20,  5.501937486224E+19,  9.796767884393E+12,  1.757106573383E+02,  5.206007409892E+00,  1.605050459359E+02,NaN,  9.999602108180E+00,NaN,  1.884268114579E-06,  4.084977292212E-02,NaN,  4.668605980270E+06,  7.373861316827E-07
  7.008326087146E+02,  2.854298955312E+03,  2.968104233190E+03,  1.431366718162E+05,  1.441469566427E+05,  9.918599818371E+02,  5.651285004081E-01,NaN,NaN,  3.339341071880E-03,  2.749826456123E+16,  4.443906539700E+19,  2.284671508686E+20,  1.017125164561E+18,  1.531540981070E+20,  5.509631682473E+19,  9.831950937068E+12,  1.763483831224E+02,  5.338418302626E+00,  1.610103798070E+02,NaN,  9.999583121729E+00,NaN,  1.891035071305E-06,  4.084168684460E-02,NaN,  4.701722091728E+06,  7.529441366986E-07
  7.359894022059E+02,  2.840037492105E+03,  2.950163914600E+03,  1.360223970983E+05,  1.370321062023E+05,  9.918599818371E+02,  5.535516293944E-01,NaN,NaN,  3.400403053803E-03,  2.834129482370E+16,  4.362433413578E+19,  2.292816916326E+20,  1.059805747134E+18,  1.530485217051E+20,  5.518723246259E+19,  9.868697299212E+12,  1.770788399952E+02,  5.494854033350E+00,  1.615844208334E+02,NaN,  9.999563230373E+00,NaN,  1.898102708237E-06,  4.083179571206E-02,NaN,  4.734928133831E+06,  7.693088682069E-07
  7.728543125491E+02,  2.825481786443E+03,  2.932093512455E+03,  1.293107655438E+05,  1.303199268945E+05,  9.918599818371E+02,  5.418453400548E-01,NaN,NaN,  3.462737594737E-03,  2.911202676414E+16,  4.287732161900E+19,  2.300285958640E+20,  1.099734616271E+18,  1.529505881432E+20,  5.527419639085E+19,  9.906996233810E+12,  1.777548457319E+02,  5.644505812743E+00,  1.621107955595E+02,NaN,  9.999542454131E+00,NaN,  1.905468960264E-06,  4.082200162429E-02,NaN,  4.768089821291E+06,  7.864692298129E-07
  8.115059632933E+02,  2.810781770886E+03,  2.913913113042E+03,  1.227839626455E+05,  1.237926222846E+05,  9.918599818371E+02,  5.300262602691E-01,NaN,NaN,  3.527754176681E-03,  2.989147816327E+16,  4.211975658864E+19,  2.307860530713E+20,  1.141033625921E+18,  1.528473432686E+20,  5.536605399246E+19,  9.947028928000E+12,  1.784467067166E+02,  5.802576634958E+00,  1.626446074103E+02,NaN,  9.999520758259E+00,NaN,  1.913168676139E-06,  4.081133964503E-02,NaN,  4.801168281890E+06,  8.044584703693E-07
  8.524426751716E+02,  2.795950864956E+03,  2.895457058902E+03,  1.161537032042E+05,  1.171617605196E+05,  9.918599818371E+02,  5.179939672046E-01,NaN,NaN,  3.598042964162E-03,  3.077854284802E+16,  4.125498056470E+19,  2.316506290039E+20,  1.189196197654E+18,  1.527208193703E+20,  5.547560556795E+19,  9.989442823822E+12,  1.792444790718E+02,  5.991068959008E+00,  1.632539103177E+02,NaN,  9.999497873838E+00,NaN,  1.921326382074E-06,  4.079824459116E-02,NaN,  4.834459552062E+06,  8.235067530038E-07
  8.952445496984E+02,  2.780904226783E+03,  2.876983985402E+03,  1.099725829912E+05,  1.109801023282E+05,  9.918599818371E+02,  5.059055489683E-01,NaN,NaN,  3.669414459694E-03,  3.158204659524E+16,  4.046929365290E+19,  2.324362051194E+20,  1.233964989642E+18,  1.526038167595E+20,  5.557992856938E+19,  1.003386427313E+13,  1.799775979948E+02,  6.170583275368E+00,  1.638075387419E+02,NaN,  9.999474047628E+00,NaN,  1.929870212195E-06,  4.078540418056E-02,NaN,  4.867493964547E+06,  8.434128671224E-07
  9.406771990234E+02,  2.765725511665E+03,  2.858235780870E+03,  1.037008558135E+05,  1.047078108415E+05,  9.918599818371E+02,  4.936036111455E-01,NaN,NaN,  3.746768795821E-03,  3.249502870538E+16,  3.957377804438E+19,  2.333315158632E+20,  1.286200766037E+18,  1.524604327625E+20,  5.570457288123E+19,  1.008129852902E+13,  1.808229887866E+02,  6.385036221894E+00,  1.644385017594E+02,NaN,  9.999448866332E+00,NaN,  1.938993512548E-06,  4.076965546636E-02,NaN,  4.900730041224E+06,  8.645271640763E-07
  9.882033142317E+02,  2.750354168990E+03,  2.839505992451E+03,  9.788599821185E+04,  9.889242334598E+04,  9.918599818371E+02,  4.812736544408E-01,NaN,NaN,  3.825242275488E-03,  3.331981532977E+16,  3.876223003292E+19,  2.341429514934E+20,  1.334724980428E+18,  1.523275443433E+20,  5.582337359131E+19,  1.013130027376E+13,  1.815992340748E+02,  6.589455017364E+00,  1.650103544678E+02,NaN,  9.999422641032E+00,NaN,  1.948610632643E-06,  4.075425023843E-02,NaN,  4.933645203252E+06,  8.865946083556E-07
  1.037615763888E+03,  2.735054061905E+03,  2.820925712055E+03,  9.232503712563E+04,  9.336539657787E+04,  9.918599818371E+02,  4.690049853752E-01,NaN,NaN,  3.906426055836E-03,  3.413331473249E+16,  3.795943227381E+19,  2.349456472717E+20,  1.383892927361E+18,  1.521902558851E+20,  5.594666720723E+19,  1.018386333356E+13,  1.823770493289E+02,  6.801604036299E+00,  1.655760478362E+02,NaN,  9.999395497738E+00,NaN,  1.958720385039E-06,  4.073790270274E-02,NaN,  4.966016619492E+06,  9.095082601165E-07
  1.089511223309E+03,  2.719772599984E+03,  2.802319913586E+03,  8.683239115754E+04,  8.783777506772E+04,  9.918599818371E+02,  4.566945789547E-01,NaN,NaN,  3.992734882759E-03,  3.503919914440E+16,  3.706265001748E+19,  2.358422407741E+20,  1.440234708871E+18,  1.520253132110E+20,  5.609154098697E+19,  1.023989257042E+13,  1.832581381719E+02,  7.050854214860E+00,  1.662079148674E+02,NaN,  9.999367120163E+00,NaN,  1.969496806993E-06,  4.071828455742E-02,NaN,  4.998155641596E+06,  9.335388181324E-07
  1.145468793299E+03,  2.704071526663E+03,  2.783228412938E+03,  8.136552222486E+04,  8.237036455680E+04,  9.918599818371E+02,  4.440252546836E-01,NaN,NaN,  4.085992607994E-03,  3.598481946048E+16,  3.612340634037E+19,  2.367812793645E+20,  1.500967011750E+18,  1.518423894809E+20,  5.625210793412E+19,  1.030135097922E+13,  1.841961283918E+02,  7.327095012328E+00,  1.668696947316E+02,NaN,  9.999336666487E+00,NaN,  1.981317452478E-06,  4.069606836699E-02,NaN,  5.030849369909E+06,  9.593994104026E-07
  1.203303382056E+03,  2.688422046196E+03,  2.764473809110E+03,  7.643611893712E+04,  7.744046520961E+04,  9.918599818371E+02,  4.315447369245E-01,NaN,NaN,  4.178880464899E-03,  3.681390708649E+16,  3.529725944869E+19,  2.376073290749E+20,  1.555937515348E+18,  1.516768427321E+20,  5.640157423446E+19,  1.036610082014E+13,  1.850354186751E+02,  7.584264742998E+00,  1.674518465951E+02,NaN,  9.999305343241E+00,NaN,  1.993771157834E-06,  4.067497739020E-02,NaN,  5.062689407884E+06,  9.860686378345E-07
  1.263504650706E+03,  2.673019175650E+03,  2.745929801927E+03,  7.159216776656E+04,  7.259601619167E+04,  9.918599818371E+02,  4.191812903632E-01,NaN,NaN,  4.277348206037E-03,  3.771871067998E+16,  3.439282466882E+19,  2.385115869089E+20,  1.617859374780E+18,  1.514817010115E+20,  5.657447576843E+19,  1.043505232368E+13,  1.859701128741E+02,  7.881722967280E+00,  1.680891150021E+02,NaN,  9.999272897677E+00,NaN,  2.007032992871E-06,  4.065016713830E-02,NaN,  5.093905664008E+06,  1.013754190834E-06
  1.327201366287E+03,  2.657496616357E+03,  2.727312363397E+03,  6.693264198751E+04,  6.793599106687E+04,  9.918599818371E+02,  4.067368827871E-01,NaN,NaN,  4.380913839046E-03,  3.863073150532E+16,  3.347817350568E+19,  2.394260607833E+20,  1.682462357585E+18,  1.512725525217E+20,  5.676015547565E+19,  1.050981174739E+13,  1.869339823631E+02,  8.201158521035E+00,  1.687335830811E+02,NaN,  9.999238739495E+00,NaN,  2.021411898242E-06,  4.062307745990E-02,NaN,  5.124982575166E+06,  1.042954926593E-06
  1.394471478924E+03,  2.641901913551E+03,  2.708683322899E+03,  6.247472694324E+04,  6.347759229943E+04,  9.918599818371E+02,  3.942611738486E-01,NaN,NaN,  4.489526132973E-03,  3.954451646031E+16,  3.255871696011E+19,  2.403453425467E+20,  1.749545785094E+18,  1.510493934275E+20,  5.695876312634E+19,  1.059089581012E+13,  1.879234733536E+02,  8.542828985764E+00,  1.693814394811E+02,NaN,  9.999202849747E+00,NaN,  2.037007257427E-06,  4.059365581875E-02,NaN,  5.155818438901E+06,  1.073680601720E-06
  1.464206028687E+03,  2.626521919024E+03,  2.690402573627E+03,  5.831425581187E+04,  5.931665017646E+04,  9.918599818371E+02,  3.819907381343E-01,NaN,NaN,  4.600911828430E-03,  4.043191574524E+16,  3.166288468809E+19,  2.412410161125E+20,  1.817109397131E+18,  1.508188766830E+20,  5.716486313502E+19,  1.067735911766E+13,  1.889092127794E+02,  8.897386692752E+00,  1.700126581945E+02,NaN,  9.999165838521E+00,NaN,  2.053637237376E-06,  4.056270087193E-02,NaN,  5.185827704438E+06,  1.105399094468E-06
  1.537703099980E+03,  2.611128523378E+03,  2.672180318705E+03,  5.435680938652E+04,  5.535874980882E+04,  9.918599818371E+02,  3.697376752094E-01,NaN,NaN,  4.717303007038E-03,  4.131541887574E+16,  3.076811284472E+19,  2.421356340628E+20,  1.886914012159E+18,  1.505741530888E+20,  5.738426468842E+19,  1.077123391864E+13,  1.899170840318E+02,  9.274821952037E+00,  1.706431329713E+02,NaN,  9.999127036686E+00,NaN,  2.071692712032E-06,  4.052934161531E-02,NaN,  5.215497439133E+06,  1.138669726328E-06
  1.615454812682E+03,  2.595689569840E+03,  2.653975286282E+03,  5.058505959607E+04,  5.158655487671E+04,  9.918599818371E+02,  3.574750570375E-01,NaN,NaN,  4.839373740180E-03,  4.219829818474E+16,  2.987110019421E+19,  2.430324957680E+20,  1.959386718422E+18,  1.503128604199E+20,  5.761908508966E+19,  1.087367927388E+13,  1.909530532027E+02,  9.678775883760E+00,  1.712751890163E+02,NaN,  9.999086211296E+00,NaN,  2.091396610159E-06,  4.049324195738E-02,NaN,  5.244899308428E+06,  1.173674434736E-06
  1.698114605812E+03,  2.580158629450E+03,  2.635729070075E+03,  4.697932380814E+04,  4.798038100304E+04,  9.918599818371E+02,  3.451641474886E-01,NaN,NaN,  4.968054703758E-03,  4.308524085119E+16,  2.896705892806E+19,  2.439363864576E+20,  2.035138150404E+18,  1.500316916213E+20,  5.787227151025E+19,  1.098617608627E+13,  1.920255604509E+02,  1.011431660430E+01,  1.719121986813E+02,NaN,  9.999043052215E+00,NaN,  2.113033762235E-06,  4.045393235838E-02,NaN,  5.274130076178E+06,  1.210656569798E-06
  1.783422344275E+03,  2.564982647035E+03,  2.617994493345E+03,  4.366665960655E+04,  4.466730234127E+04,  9.918599818371E+02,  3.331765877746E-01,NaN,NaN,  5.098850164064E-03,  4.393232314465E+16,  2.810092879327E+19,  2.448023876346E+20,  2.110462607552E+18,  1.497447822338E+20,  5.813198865428E+19,  1.110615096159E+13,  1.930825987740E+02,  1.056109185494E+01,  1.725225060183E+02,NaN,  9.998998764647E+00,NaN,  2.136109212708E-06,  4.041325916753E-02,NaN,  5.302315938565E+06,  1.248555047884E-06
  1.872877314717E+03,  2.550083622164E+03,  2.600490117793E+03,  4.040794607744E+04,  4.140816488302E+04,  9.918599818371E+02,  3.213320375272E-01,NaN,NaN,  5.239248766407E-03,  4.485648876114E+16,  2.715292420635E+19,  2.457501789132E+20,  2.196198358849E+18,  1.494031141966E+20,  5.843718281764E+19,  1.123629030113E+13,  1.942754549630E+02,  1.108604594098E+01,  1.731904542688E+02,NaN,  9.998952592041E+00,NaN,  2.161139652426E-06,  4.036511113038E-02,NaN,  5.329920753229E+06,  1.287987297146E-06
  1.967471201062E+03,  2.535071722594E+03,  2.583090593247E+03,  3.747955067277E+04,  3.847938074228E+04,  9.918599818371E+02,  3.095359262343E-01,NaN,NaN,  5.381047881337E-03,  4.567867411057E+16,  2.630685842900E+19,  2.465961308348E+20,  2.275901251234E+18,  1.490809343323E+20,  5.873047121184E+19,  1.137848167225E+13,  1.953760968312E+02,  1.159055853147E+01,  1.737866320550E+02,NaN,  9.998904056322E+00,NaN,  2.188488127957E-06,  4.031852831397E-02,NaN,  5.357150791641E+06,  1.329323021962E-06
  2.068213988395E+03,  2.520161609050E+03,  2.565703509763E+03,  3.455058575091E+04,  3.555001148612E+04,  9.918599818371E+02,  2.977397951285E-01,NaN,NaN,  5.536114043746E-03,  4.659516250406E+16,  2.536075114659E+19,  2.475420308553E+20,  2.368821858713E+18,  1.486874732491E+20,  5.908375315111E+19,  1.153524800518E+13,  1.966503105876E+02,  1.219820822979E+01,  1.744532474566E+02,NaN,  9.998852682549E+00,NaN,  2.218639888829E-06,  4.026213325329E-02,NaN,  5.384155164002E+06,  1.372916900260E-06
  2.171640426442E+03,  2.505735784839E+03,  2.548970804903E+03,  3.189776887239E+04,  3.289681684424E+04,  9.918599818371E+02,  2.863738923928E-01,NaN,NaN,  5.692783247478E-03,  4.746003880318E+16,  2.446503450325E+19,  2.484375661485E+20,  2.460843838574E+18,  1.482859495932E+20,  5.944600421568E+19,  1.170164195155E+13,  1.979044538226E+02,  1.282128257924E+01,  1.750843687235E+02,NaN,  9.998800269192E+00,NaN,  2.250643383381E-06,  4.020405279411E-02,NaN,  5.409950747388E+06,  1.417188517809E-06
  2.281505319328E+03,  2.491331423957E+03,  2.532322324398E+03,  2.939172766732E+04,  3.039041214627E+04,  9.918599818371E+02,  2.750498135838E-01,NaN,NaN,  5.857491053355E-03,  4.831917349017E+16,  2.357246994651E+19,  2.493299522618E+20,  2.556805935426E+18,  1.478535575110E+20,  5.983699875281E+19,  1.188431106616E+13,  1.992058025834E+02,  1.349378471787E+01,  1.757132706313E+02,NaN,  9.998744948505E+00,NaN,  2.285777173651E-06,  4.014116992968E-02,NaN,  5.435431204246E+06,  1.463660576419E-06
  2.396246287593E+03,  2.477197293801E+03,  2.516058084871E+03,  2.708082205882E+04,  2.807916064252E+04,  9.918599818371E+02,  2.639790308820E-01,NaN,NaN,  6.026970752162E-03,  4.914826445400E+16,  2.270846495920E+19,  2.501937933411E+20,  2.654119593477E+18,  1.474012460255E+20,  6.024745352098E+19,  1.208138012922E+13,  2.005204975275E+02,  1.419975199724E+01,  1.763220556567E+02,NaN,  9.998687549841E+00,NaN,  2.323680587947E-06,  4.007502706613E-02,NaN,  5.460147023090E+06,  1.511565266114E-06
  2.516515952143E+03,  2.463281520409E+03,  2.500124807250E+03,  2.495315606062E+04,  2.595117402422E+04,  9.918599818371E+02,  2.532301934470E-01,NaN,NaN,  6.201291906878E-03,  4.994385821940E+16,  2.187690418214E+19,  2.510252099595E+20,  2.752262109698E+18,  1.469313071847E+20,  6.067579234690E+19,  1.229460007955E+13,  2.018430979289E+02,  1.493647797040E+01,  1.769079898053E+02,NaN,  9.998627788485E+00,NaN,  2.364690394297E-06,  4.000594170678E-02,NaN,  5.484192466340E+06,  1.561071902504E-06
  2.643448746469E+03,  2.449484958395E+03,  2.484417813092E+03,  2.299301854951E+04,  2.399073915730E+04,  9.918599818371E+02,  2.428696378433E-01,NaN,NaN,  6.380979922882E-03,  5.070389021996E+16,  2.108021812210E+19,  2.518217775363E+20,  2.850763770932E+18,  1.464461054235E+20,  6.112050631043E+19,  1.252686159017E+13,  2.031693058046E+02,  1.570137387714E+01,  1.774693643731E+02,NaN,  9.998565144971E+00,NaN,  2.409362572293E-06,  3.993422448771E-02,NaN,  5.507735883379E+06,  1.612553851620E-06
  2.778400944086E+03,  2.435858081193E+03,  2.468832350639E+03,  2.105833703374E+04,  2.205574706362E+04,  9.918599818371E+02,  2.328257957390E-01,NaN,NaN,  6.576584440314E-03,  5.152837318150E+16,  2.021336062990E+19,  2.526884460534E+20,  2.963276558593E+18,  1.458673181021E+20,  6.164669939557E+19,  1.278207642428E+13,  2.046849838288E+02,  1.660634035476E+01,  1.780801420126E+02,NaN,  9.998499002995E+00,NaN,  2.458449493609E-06,  3.984948751745E-02,NaN,  5.530941181252E+06,  1.666458102635E-06
  2.918219342764E+03,  2.422460184246E+03,  2.453757030211E+03,  1.943076503727E+04,  2.042790842746E+04,  9.918599818371E+02,  2.233366595089E-01,NaN,NaN,  6.764877903695E-03,  5.220476168789E+16,  1.950011186086E+19,  2.534016316666E+20,  3.060427271623E+18,  1.453593633557E+20,  6.211778771913E+19,  1.305504303470E+13,  2.059978019182E+02,  1.741661464985E+01,  1.785827538149E+02,NaN,  9.998430942520E+00,NaN,  2.510950715074E-06,  3.977376667417E-02,NaN,  5.553240578685E+06,  1.721466101826E-06
  3.067225508602E+03,  2.409205464039E+03,  2.438767700351E+03,  1.781147809725E+04,  1.880834444517E+04,  9.918599818371E+02,  2.141317528710E-01,NaN,NaN,  6.970864059389E-03,  5.294773409760E+16,  1.871443033647E+19,  2.541871780245E+20,  3.172542917213E+18,  1.447471457669E+20,  6.268024350175E+19,  1.335584831070E+13,  2.075186816517E+02,  1.838395889687E+01,  1.791363612677E+02,NaN,  9.998358918401E+00,NaN,  2.568806305505E-06,  3.968365238192E-02,NaN,  5.575271477075E+06,  1.779160548589E-06
  3.220899790858E+03,  2.396241498080E+03,  2.424340509957E+03,  1.646709024094E+04,  1.746372506787E+04,  9.918599818371E+02,  2.054590647297E-01,NaN,NaN,  7.166770094658E-03,  5.354432430325E+16,  1.808181874026E+19,  2.548197757503E+20,  3.267098775548E+18,  1.442237719204E+20,  6.317145268295E+19,  1.367620220255E+13,  2.088093333518E+02,  1.922886616016E+01,  1.795821794069E+02,NaN,  9.998285154255E+00,NaN,  2.630421792462E-06,  3.960522414124E-02,NaN,  5.596344338707E+06,  1.837720590259E-06
  3.382218023576E+03,  2.383596614086E+03,  2.410197574114E+03,  1.514268990446E+04,  1.613908359822E+04,  9.918599818371E+02,  1.971599566023E-01,NaN,NaN,  7.378083604946E-03,  5.419453494206E+16,  1.739052340951E+19,  2.555109894395E+20,  3.374985003524E+18,  1.436004875867E+20,  6.375038428635E+19,  1.402418485134E+13,  2.102920888010E+02,  2.022457117292E+01,  1.800693066732E+02,NaN,  9.998208257538E+00,NaN,  2.697351275459E-06,  3.951321394942E-02,NaN,  5.616877655451E+06,  1.898217801953E-06
  3.551832042641E+03,  2.371122693710E+03,  2.396315332932E+03,  1.393189006262E+04,  1.492805638147E+04,  9.918599818371E+02,  1.892106670104E-01,NaN,NaN,  7.594740143253E-03,  5.481034182426E+16,  1.673402340453E+19,  2.561674286423E+20,  3.482264506722E+18,  1.429619160672E+20,  6.434644397860E+19,  1.440257472827E+13,  2.117798023520E+02,  2.124974470317E+01,  1.805319269009E+02,NaN,  9.998127977762E+00,NaN,  2.770129153672E-06,  3.941898315743E-02,NaN,  5.636913820637E+06,  1.960787090804E-06
  3.729531155014E+03,  2.358865028041E+03,  2.382738903216E+03,  1.282901029694E+04,  1.382496539749E+04,  9.918599818371E+02,  1.816065208533E-01,NaN,NaN,  7.815901103578E-03,  5.539108085016E+16,  1.611327702652E+19,  2.567881335859E+20,  3.588357769125E+18,  1.423116064586E+20,  6.495642031289E+19,  1.481274992929E+13,  2.132662767415E+02,  2.229886571417E+01,  1.809693636980E+02,NaN,  9.998044480337E+00,NaN,  2.849020484140E-06,  3.932312152342E-02,NaN,  5.656395895486E+06,  2.025247479599E-06
  3.916877371087E+03,  2.346869630234E+03,  2.369376975625E+03,  1.173173915516E+04,  1.272747227723E+04,  9.918599818371E+02,  1.743013485661E-01,NaN,NaN,  8.057701368046E-03,  5.602987713801E+16,  1.542857128436E+19,  2.574727274269E+20,  3.710927567337E+18,  1.415258884524E+20,  6.568672763181E+19,  1.526103267761E+13,  2.150046218803E+02,  2.355483618966E+01,  1.814518256796E+02,NaN,  9.997957075764E+00,NaN,  2.935241256025E-06,  3.920917993956E-02,NaN,  5.675462259019E+06,  2.092067985123E-06
  4.121035877217E+03,  2.334520523579E+03,  2.355804829619E+03,  1.076815684238E+04,  1.176369050081E+04,  9.918599818371E+02,  1.670623709869E-01,NaN,NaN,  8.301707216676E-03,  5.658060123252E+16,  1.483663631075E+19,  2.580646423200E+20,  3.822097207268E+18,  1.407977622386E+20,  6.637449642018E+19,  1.576720270334E+13,  2.166045973455E+02,  2.473775885568E+01,  1.818689729211E+02,NaN,  9.997862536093E+00,NaN,  3.032595817375E-06,  3.910269561200E-02,NaN,  5.694719928587E+06,  2.163613825462E-06
  4.327698936261E+03,  2.322803962104E+03,  2.343001154129E+03,  9.933466395220E+03,  1.092882400751E+04,  9.918599818371E+02,  1.603789737221E-01,NaN,NaN,  8.539637940163E-03,  5.706890765538E+16,  1.431049189117E+19,  2.585907942321E+20,  3.925241535762E+18,  1.401039153934E+20,  6.703452037369E+19,  1.629876120770E+13,  2.181105449491E+02,  2.587300002612E+01,  1.822397742328E+02,NaN,  9.997767555390E+00,NaN,  3.134833489290E-06,  3.900129502307E-02,NaN,  5.712787654526E+06,  2.234741961171E-06
  4.549675865180E+03,  2.311149826093E+03,  2.330180980819E+03,  9.075853090941E+03,  1.007101953704E+04,  9.918599818371E+02,  1.538558056074E-01,NaN,NaN,  8.806979250319E-03,  5.762965206584E+16,  1.370474538089E+19,  2.591964711192E+20,  4.049272657849E+18,  1.392305204864E+20,  6.785586858186E+19,  1.689208681005E+13,  2.199498571734E+02,  2.728556749233E+01,  1.826666201284E+02,NaN,  9.997666303695E+00,NaN,  3.248951178640E-06,  3.887625309705E-02,NaN,  5.730782609153E+06,  2.309745206756E-06
  4.777362655872E+03,  2.299830244336E+03,  2.317914769705E+03,  8.388493821710E+03,  9.383505692480E+03,  9.918599818371E+02,  1.477621814999E-01,NaN,NaN,  9.054665612976E-03,  5.805827472286E+16,  1.324056410925E+19,  2.596606881064E+20,  4.148572960594E+18,  1.385208784595E+20,  6.853757030885E+19,  1.752405009983E+13,  2.214494787540E+02,  2.845813884889E+01,  1.829937733017E+02,NaN,  9.997563232926E+00,NaN,  3.370500274280E-06,  3.877339418118E-02,NaN,  5.747910728507E+06,  2.385296548388E-06
  5.027264465973E+03,  2.288349271394E+03,  2.305376514696E+03,  7.655032104831E+03,  8.649869451340E+03,  9.918599818371E+02,  1.416730436840E-01,NaN,NaN,  9.342145256572E-03,  5.857616727562E+16,  1.267834535321E+19,  2.602228572316E+20,  4.273918298159E+18,  1.375816099191E+20,  6.942710385093E+19,  1.824650495699E+13,  2.233754075042E+02,  2.998799554234E+01,  1.833899574535E+02,NaN,  9.997450998932E+00,NaN,  3.509454128002E-06,  3.864052967684E-02,NaN,  5.765329196505E+06,  2.466619744755E-06
  5.279655965502E+03,  2.277380096098E+03,  2.293579612951E+03,  7.086608279782E+03,  8.081307639748E+03,  9.918599818371E+02,  1.360888170747E-01,NaN,NaN,  9.600921639777E-03,  5.895337918250E+16,  1.226788243144E+19,  2.606333769830E+20,  4.369396057932E+18,  1.368578415276E+20,  7.012907742064E+19,  1.900579099871E+13,  2.248721025147E+02,  3.119549239742E+01,  1.836792679336E+02,NaN,  9.997338528192E+00,NaN,  3.655491933036E-06,  3.853670284566E-02,NaN,  5.781635742289E+06,  2.547175403331E-06
  5.546808258068E+03,  2.266629803585E+03,  2.281935276483E+03,  6.499630401171E+03,  7.494182440775E+03,  9.918599818371E+02,  1.306968762377E-01,NaN,NaN,  9.890252553354E-03,  5.939442496554E+16,  1.178687906575E+19,  2.611143607930E+20,  4.485491528777E+18,  1.359363245540E+20,  7.100975080151E+19,  1.984458705668E+13,  2.267256350796E+02,  3.271017344700E+01,  1.840182373899E+02,NaN,  9.997220425874E+00,NaN,  3.816822351937E-06,  3.840780560163E-02,NaN,  5.797653995815E+06,  2.630794424410E-06
  5.833914394939E+03,  2.255839531539E+03,  2.270282152180E+03,  5.950072934920E+03,  6.944480743823E+03,  9.918599818371E+02,  1.254415866813E-01,NaN,NaN,  1.019466607472E-02,  5.982382977706E+16,  1.131744008911E+19,  2.615837844598E+20,  4.603642546684E+18,  1.349673149512E+20,  7.193854149378E+19,  2.078597073536E+13,  2.286537825552E+02,  3.430762410623E+01,  1.843490599287E+02,NaN,  9.997094522311E+00,NaN,  3.997884031691E-06,  3.827345989476E-02,NaN,  5.813607902746E+06,  2.718836140167E-06
  6.132847224971E+03,  2.245346532461E+03,  2.258990859906E+03,  5.456266455462E+03,  6.450541486104E+03,  9.918599818371E+02,  1.204639132187E-01,NaN,NaN,  1.050281831699E-02,  6.022236241189E+16,  1.088072338946E+19,  2.620204956979E+20,  4.718150566970E+18,  1.339983004085E+20,  7.287116722963E+19,  2.181101723948E+13,  2.305655000242E+02,  3.591170265241E+01,  1.846568286475E+02,NaN,  9.996964529253E+00,NaN,  4.195037058738E-06,  3.814019631947E-02,NaN,  5.828994012604E+06,  2.808585873039E-06
  6.441322577810E+03,  2.235221667460E+03,  2.248136750776E+03,  5.017522175824E+03,  6.011673964029E+03,  9.918599818371E+02,  1.157953913107E-01,NaN,NaN,  1.081078429227E-02,  6.058619902073E+16,  1.048113328245E+19,  2.624200914310E+20,  4.827042169561E+18,  1.330492769152E+20,  7.378889780837E+19,  2.291817775456E+13,  2.324254845820E+02,  3.749020820367E+01,  1.849384405138E+02,NaN,  9.996831456476E+00,NaN,  4.407983540772E-06,  3.801064951750E-02,NaN,  5.843717660765E+06,  2.899257791739E-06
  6.765100555661E+03,  2.225289427202E+03,  2.237521211116E+03,  4.617810392259E+03,  5.611847249036E+03,  9.918599818371E+02,  1.113342632113E-01,NaN,NaN,  1.112507618939E-02,  6.092791000795E+16,  1.010504749461E+19,  2.627961880377E+20,  4.933338042938E+18,  1.320956205033E+20,  7.471462461827E+19,  2.413555051353E+13,  2.342826947136E+02,  3.908250556284E+01,  1.852034915606E+02,NaN,  9.996692948015E+00,NaN,  4.642127770824E-06,  3.788155780338E-02,NaN,  5.858054834593E+06,  2.992380369056E-06
  7.106975033767E+03,  2.215494183526E+03,  2.227080828791E+03,  4.250906977751E+03,  5.244833561870E+03,  9.918599818371E+02,  1.070504135872E-01,NaN,NaN,  1.144788873712E-02,  6.125133086398E+16,  9.748363030745E+18,  2.631528863830E+20,  5.037753560941E+18,  1.311317105484E+20,  7.565366345143E+19,  2.548422838352E+13,  2.361491655119E+02,  4.069774086481E+01,  1.854548718393E+02,NaN,  9.996547906238E+00,NaN,  4.901526660054E-06,  3.775221817299E-02,NaN,  5.872095211100E+06,  3.088530719760E-06
  7.468631690786E+03,  2.205926034092E+03,  2.216802800917E+03,  3.866225269582E+03,  4.860031933416E+03,  9.918599818371E+02,  1.029384552969E-01,NaN,NaN,  1.181576795978E-02,  6.163534612155E+16,  9.323899995277E+18,  2.635772873719E+20,  5.166601827483E+18,  1.298846945378E+20,  7.685262678086E+19,  2.698557077805E+13,  2.385101414395E+02,  4.275977547378E+01,  1.857539650094E+02,NaN,  9.996395766062E+00,NaN,  5.190288386009E-06,  3.758945028613E-02,NaN,  5.885859275552E+06,  3.187892692225E-06
  7.859244761408E+03,  2.196193710954E+03,  2.206477273223E+03,  3.549183244096E+03,  4.542887250397E+03,  9.918599818371E+02,  9.890426289917E-02,NaN,NaN,  1.216926784491E-02,  6.193533824833E+16,  8.991558962096E+18,  2.639096408464E+20,  5.271445697160E+18,  1.288504483860E+20,  7.786571611470E+19,  2.869363534951E+13,  2.404868691810E+02,  4.450244240561E+01,  1.859881884369E+02,NaN,  9.996232819628E+00,NaN,  5.518810164581E-06,  3.745388298348E-02,NaN,  5.899629393531E+06,  3.292721103590E-06
  8.258530785557E+03,  2.186921936930E+03,  2.196674306669E+03,  3.272620773002E+03,  4.266232986946E+03,  9.918599818371E+02,  9.516004923973E-02,NaN,NaN,  1.251594845490E-02,  6.220119981052E+16,  8.696479782242E+18,  2.642047393102E+20,  5.367574211728E+18,  1.278781461648E+20,  7.882381067528E+19,  3.053527322652E+13,  2.423428384757E+02,  4.615060817296E+01,  1.861961566965E+02,NaN,  9.996067733168E+00,NaN,  5.873022857094E-06,  3.732732991244E-02,NaN,  5.912649566770E+06,  3.397187136403E-06
  8.687756185125E+03,  2.177744601391E+03,  2.186888603484E+03,  2.971728912138E+03,  3.965235455902E+03,  9.918599818371E+02,  9.152575493295E-02,NaN,NaN,  1.292338901979E-02,  6.253401054219E+16,  8.326336416741E+18,  2.645748221597E+20,  5.492040747804E+18,  1.265569745741E+20,  8.010476638261E+19,  3.262988190139E+13,  2.448066443660E+02,  4.835377667447E+01,  1.864569695965E+02,NaN,  9.995891819165E+00,NaN,  6.275890862660E-06,  3.716067090264E-02,NaN,  5.925595578118E+06,  3.506578654157E-06
  9.139568721554E+03,  2.168659775470E+03,  2.177324325827E+03,  2.736933324915E+03,  3.730355691613E+03,  9.918599818371E+02,  8.804339326302E-02,NaN,NaN,  1.329630910893E-02,  6.277352326925E+16,  8.059408572660E+18,  2.648417635956E+20,  5.584958297551E+18,  1.255570997171E+20,  8.109647209192E+19,  3.496429108238E+13,  2.467006849787E+02,  5.005987558964E+01,  1.866450944179E+02,NaN,  9.995708246237E+00,NaN,  6.724881064125E-06,  3.703351492057E-02,NaN,  5.938199480310E+06,  3.618739774158E-06
  9.596613919326E+03,  2.160193546456E+03,  2.168346586332E+03,  2.498518841887E+03,  3.491850890216E+03,  9.918599818371E+02,  8.487306268488E-02,NaN,NaN,  1.370522683423E-02,  6.305167389433E+16,  7.748849172414E+18,  2.651522691785E+20,  5.696150324339E+18,  1.243052956850E+20,  8.231892460038E+19,  3.746849193833E+13,  2.490220187349E+02,  5.216256662254E+01,  1.868639207204E+02,NaN,  9.995524185484E+00,NaN,  7.206528264614E-06,  3.687908270055E-02,NaN,  5.949986456699E+06,  3.729033330445E-06
  1.007663502753E+04,  2.151821697864E+03,  2.159583518684E+03,  2.316865070248E+03,  3.310127065263E+03,  9.918599818371E+02,  8.182011263137E-02,NaN,NaN,  1.407058523267E-02,  6.324057818225E+16,  7.537574015321E+18,  2.653635607660E+20,  5.774173115264E+18,  1.234232296738E+20,  8.320501560573E+19,  4.025298607570E+13,  2.506953834020E+02,  5.368721637920E+01,  1.870128267605E+02,NaN,  9.995332520155E+00,NaN,  7.742085866897E-06,  3.676861942669E-02,NaN,  5.961450739308E+06,  3.841652799610E-06
  1.058259045901E+04,  2.143694804856E+03,  2.150999547688E+03,  2.115792102602E+03,  3.108972792968E+03,  9.918599818371E+02,  7.892466557814E-02,NaN,NaN,  1.450044163254E-02,  6.348818561537E+16,  7.260165602287E+18,  2.656409083545E+20,  5.878862444843E+18,  1.221793513972E+20,  8.442666882446E+19,  4.337671729424E+13,  2.529921048554E+02,  5.578867909391E+01,  1.872082852340E+02,NaN,  9.995132184551E+00,NaN,  8.342890867389E-06,  3.661846563991E-02,NaN,  5.972641798704E+06,  3.957005322526E-06
  1.114090484862E+04,  2.135383996853E+03,  2.142228967202E+03,  1.920375156542E+03,  2.913472780714E+03,  9.918599818371E+02,  7.602754463700E-02,NaN,NaN,  1.497044750122E-02,  6.373865717480E+16,  6.979007890833E+18,  2.659219898971E+20,  5.988146192297E+18,  1.208372119011E+20,  8.574601337510E+19,  4.704867006005E+13,  2.554595103767E+02,  5.805821307557E+01,  1.874063751816E+02,NaN,  9.994913070406E+00,NaN,  9.049138437660E-06,  3.645895124280E-02,NaN,  5.984036567885E+06,  4.080317274385E-06
  1.174007947979E+04,  2.127143181730E+03,  2.133546424635E+03,  1.738968570938E+03,  2.731986260584E+03,  9.918599818371E+02,  7.322929897606E-02,NaN,NaN,  1.546527099566E-02,  6.397868746552E+16,  6.709048111256E+18,  2.661918636978E+20,  6.096232117946E+18,  1.194657842299E+20,  8.709725823025E+19,  5.125936842003E+13,  2.579739548705E+02,  6.038269834422E+01,  1.875965665635E+02,NaN,  9.994680103727E+00,NaN,  9.859006013726E-06,  3.629835919322E-02,NaN,  5.995277760592E+06,  4.208144026630E-06
  1.233900391656E+04,  2.119509642582E+03,  2.125529337136E+03,  1.586134062016E+03,  2.579080993131E+03,  9.918599818371E+02,  7.071688644348E-02,NaN,NaN,  1.593983619089E-02,  6.418281432548E+16,  6.479043630929E+18,  2.664217880891E+20,  6.190829928166E+18,  1.182308622129E+20,  8.832076476584E+19,  5.576079536688E+13,  2.602406831426E+02,  6.248761926556E+01,  1.877586039218E+02,NaN,  9.994449230456E+00,NaN,  1.072479107326E-05,  3.615530864411E-02,NaN,  6.005622940978E+06,  4.331556983345E-06
  1.296254366089E+04,  2.112145334569E+03,  2.117808487485E+03,  1.448432984431E+03,  2.441314045603E+03,  9.918599818371E+02,  6.833448490006E-02,NaN,NaN,  1.642136191403E-02,  6.437062796710E+16,  6.267065124936E+18,  2.666336796991E+20,  6.280085386418E+18,  1.170327207940E+20,  8.951162090483E+19,  6.076918661018E+13,  2.624386455785E+02,  6.453649017212E+01,  1.879079328230E+02,NaN,  9.994210895288E+00,NaN,  1.168808346076E-05,  3.601818663077E-02,NaN,  6.015554739081E+06,  4.455575648267E-06
  1.363505801338E+04,  2.104802756905E+03,  2.110120333620E+03,  1.319207967558E+03,  2.312024613977E+03,  9.918599818371E+02,  6.602970790812E-02,NaN,NaN,  1.692972052221E-02,  6.455125118154E+16,  6.062873998892E+18,  2.668377702644E+20,  6.367981476942E+18,  1.158196225741E+20,  9.072029379826E+19,  6.654984467863E+13,  2.646618635683E+02,  6.661613074236E+01,  1.880517640010E+02,NaN,  9.993956025000E+00,NaN,  1.279991032123E-05,  3.588109830238E-02,NaN,  6.025414279450E+06,  4.584385659786E-06
  1.432983096327E+04,  2.097790511064E+03,  2.102793604283E+03,  1.205112767620E+03,  2.197869764273E+03,  9.918599818371E+02,  6.388419210556E-02,NaN,NaN,  1.743653547302E-02,  6.471220811740E+16,  5.880632535079E+18,  2.670199057886E+20,  6.448052725337E+18,  1.146865216187E+20,  9.185458460887E+19,  7.295012169005E+13,  2.667418172773E+02,  6.856798582164E+01,  1.881801225410E+02,NaN,  9.993694883731E+00,NaN,  1.403091201887E-05,  3.575430975461E-02,NaN,  6.034782399908E+06,  4.712346349453E-06
  1.507436636000E+04,  2.090866200261E+03,  2.095566192075E+03,  1.098640170477E+03,  2.091339674419E+03,  9.918599818371E+02,  6.180443990497E-02,NaN,NaN,  1.796763503432E-02,  6.486576291852E+16,  5.706523178279E+18,  2.671938925737E+20,  6.526011263958E+18,  1.135550569508E+20,  9.298992590388E+19,  8.030033790258E+13,  2.688179637832E+02,  7.052179264039E+01,  1.883027383229E+02,NaN,  9.993417375296E+00,NaN,  1.544462092858E-05,  3.562917833431E-02,NaN,  6.043996954849E+06,  4.843818580814E-06
  1.585045123506E+04,  2.084221751631E+03,  2.088645088098E+03,  1.004295852808E+03,  1.996942393865E+03,  9.918599818371E+02,  5.986711921175E-02,NaN,NaN,  1.849854613304E-02,  6.500203009311E+16,  5.551808748177E+18,  2.673484756473E+20,  6.596551178102E+18,  1.125093969408E+20,  9.404498303924E+19,  8.851215962057E+13,  2.707425248245E+02,  7.233769782399E+01,  1.884116794959E+02,NaN,  9.993130480622E+00,NaN,  1.702404732802E-05,  3.551444554418E-02,NaN,  6.052796347599E+06,  4.974859063879E-06
  1.664312762765E+04,  2.077978389202E+03,  2.082157854615E+03,  9.233274454140E+02,  1.915926520894E+03,  9.918599818371E+02,  5.808902557653E-02,NaN,NaN,  1.901140794755E-02,  6.511726193650E+16,  5.420831589540E+18,  2.674793166595E+20,  6.657313859957E+18,  1.115948338805E+20,  9.497512987776E+19,  9.747630845206E+13,  2.724356987811E+02,  7.393895156879E+01,  1.885038886427E+02,NaN,  9.992839821462E+00,NaN,  1.874817308223E-05,  3.541450279484E-02,NaN,  6.061022329087E+06,  5.102483320537E-06
  1.749634238934E+04,  2.071870958582E+03,  2.075724357611E+03,  8.215610357042E+02,  1.814097967883E+03,  9.918599818371E+02,  5.636361630831E-02,NaN,NaN,  1.969942003105E-02,  6.529916094810E+16,  5.213742000314E+18,  2.676861772928E+20,  6.754204588191E+18,  1.100507023327E+20,  9.649930468533E+19,  1.078631553337E+14,  2.752035695764E+02,  7.656134759296E+01,  1.886496720037E+02,NaN,  9.992529233803E+00,NaN,  2.074593444813E-05,  3.525329496834E-02,NaN,  6.069159424576E+06,  5.233862627861E-06
  1.839062336414E+04,  2.065931088954E+03,  2.069568385424E+03,  7.544952697087E+02,  1.746989844568E+03,  9.918599818371E+02,  5.474463929189E-02,NaN,NaN,  2.024750291463E-02,  6.539536027262E+16,  5.104078080750E+18,  2.677956696731E+20,  6.806805931065E+18,  1.092189555554E+20,  9.735333608049E+19,  1.194591410255E+14,  2.767511347051E+02,  7.803206961584E+01,  1.887268358746E+02,NaN,  9.992206238333E+00,NaN,  2.297625636185E-05,  3.516416678459E-02,NaN,  6.076926236178E+06,  5.364276144258E-06
  1.934429057752E+04,  2.060217289413E+03,  2.063562955265E+03,  6.694931251113E+02,  1.661931502691E+03,  9.918599818371E+02,  5.321619494533E-02,NaN,NaN,  2.098870929534E-02,  6.555297336266E+16,  4.924159372507E+18,  2.679753255579E+20,  6.893597678992E+18,  1.077649800816E+20,  9.879465520365E+19,  1.327269482242E+14,  2.793576769201E+02,  8.051234013518E+01,  1.888534469088E+02,NaN,  9.991864347948E+00,NaN,  2.552812921930E-05,  3.501595788791E-02,NaN,  6.084485019776E+06,  5.496139861867E-06
  2.032305360266E+04,  2.054784940920E+03,  2.057953465292E+03,  6.179105634913E+02,  1.610313486152E+03,  9.918599818371E+02,  5.179207021830E-02,NaN,NaN,  2.153677756575E-02,  6.562336757750E+16,  4.843711223471E+18,  2.680555708952E+20,  6.933383005810E+18,  1.071141043996E+20,  9.947599048903E+19,  1.471938645184E+14,  2.805880168420E+02,  8.168647335462E+01,  1.889099991623E+02,NaN,  9.991516014390E+00,NaN,  2.831063355247E-05,  3.494667025047E-02,NaN,  6.091529365237E+06,  5.623636420351E-06
  2.134905722529E+04,  2.049659714485E+03,  2.052578185400E+03,  5.496787757167E+02,  1.542033204297E+03,  9.918599818371E+02,  5.046727912897E-02,NaN,NaN,  2.229952907976E-02,  6.575312262123E+16,  4.695247322661E+18,  2.682037439108E+20,  7.006637323371E+18,  1.058322757864E+20,  1.007526603633E+20,  1.634086944753E+14,  2.828895535687E+02,  8.388394606112E+01,  1.890144228986E+02,NaN,  9.991153179607E+00,NaN,  3.142932406669E-05,  3.481853353519E-02,NaN,  6.098265063417E+06,  5.749902225718E-06
  2.245339745346E+04,  2.044663964225E+03,  2.047342349274E+03,  4.866720614628E+02,  1.478979845586E+03,  9.918599818371E+02,  4.920600619936E-02,NaN,NaN,  2.311457364885E-02,  6.587484702585E+16,  4.555791893941E+18,  2.683428799679E+20,  7.076458950693E+18,  1.045787881240E+20,  1.020034441838E+20,  1.818666947495E+14,  2.851404296764E+02,  8.603715144019E+01,  1.891124779115E+02,NaN,  9.990765345282E+00,NaN,  3.497945629253E-05,  3.469484887516E-02,NaN,  6.104812399367E+06,  5.876905248847E-06
  2.358586561913E+04,  2.040025009790E+03,  2.042487974004E+03,  4.322375575566E+02,  1.424503456896E+03,  9.918599818371E+02,  4.806270508526E-02,NaN,NaN,  2.393232497801E-02,  6.598012942327E+16,  4.435023199401E+18,  2.684633181964E+20,  7.137688306109E+18,  1.034537788552E+20,  1.031300687599E+20,  2.018309321552E+14,  2.871647922221E+02,  8.797702736006E+01,  1.891973557805E+02,NaN,  9.990370262245E+00,NaN,  3.881929167696E-05,  3.458497014236E-02,NaN,  6.110870746706E+06,  5.998336024465E-06
  2.477330272453E+04,  2.035506575362E+03,  2.037860075431E+03,  4.041559333198E+02,  1.396399551146E+03,  9.918599818371E+02,  4.697366834049E-02,NaN,NaN,  2.445763992227E-02,  6.600581458852E+16,  4.405519841081E+18,  2.684925393292E+20,  7.153185722743E+18,  1.032003273226E+20,  1.034283574110E+20,  2.239053691876E+14,  2.877013329425E+02,  8.849338255222E+01,  1.892179491379E+02,NaN,  9.989958187394E+00,NaN,  4.306499376344E-05,  3.455595223248E-02,NaN,  6.116635747190E+06,  6.117526661438E-06
  2.602691221312E+04,  2.031291986064E+03,  2.033457638107E+03,  3.594581273716E+02,  1.351665403003E+03,  9.918599818371E+02,  4.596292072150E-02,NaN,NaN,  2.530402817114E-02,  6.609248443302E+16,  4.305944972306E+18,  2.685917355663E+20,  7.204184957642E+18,  1.022366560741E+20,  1.043987966566E+20,  2.483367011276E+14,  2.894425845153E+02,  9.016515408633E+01,  1.892878568850E+02,NaN,  9.989525779945E+00,NaN,  4.776401085912E-05,  3.446274639881E-02,NaN,  6.122110222102E+06,  6.234127521888E-06
  2.738595143617E+04,  2.027193395848E+03,  2.029178729605E+03,  3.181479422655E+02,  1.310320516706E+03,  9.918599818371E+02,  4.500088016779E-02,NaN,NaN,  2.620919601994E-02,  6.617291053897E+16,  4.213451704525E+18,  2.686838103885E+20,  7.251946597791E+18,  1.013166784348E+20,  1.053274187475E+20,  2.758984738471E+14,  2.911072138258E+02,  9.176535523862E+01,  1.893527458725E+02,NaN,  9.989059649589E+00,NaN,  5.306512344334E-05,  3.437451398296E-02,NaN,  6.127422078296E+06,  6.350568999445E-06
  2.875921628806E+04,  2.023485054863E+03,  2.025316495956E+03,  2.840998768232E+02,  1.276242992952E+03,  9.918599818371E+02,  4.414884589086E-02,NaN,NaN,  2.707517045091E-02,  6.623702741233E+16,  4.139649876375E+18,  2.687571863919E+20,  7.290378792682E+18,  1.005672764680E+20,  1.060894279036E+20,  3.046477253268E+14,  2.924723246936E+02,  9.307921797522E+01,  1.894044570184E+02,NaN,  9.988591105299E+00,NaN,  5.859463057472E-05,  3.430277811567E-02,NaN,  6.132209065092E+06,  6.458394469750E-06
  3.023300173842E+04,  2.019934572607E+03,  2.021622535960E+03,  2.534444376347E+02,  1.245560314656E+03,  9.918599818371E+02,  4.334889035812E-02,NaN,NaN,  2.797238774543E-02,  6.629384378143E+16,  4.074201709368E+18,  2.688221700138E+20,  7.324683231369E+18,  9.989030185064E+19,  1.067809125810E+20,  3.362548732088E+14,  2.937105621015E+02,  9.427215290228E+01,  1.894502537012E+02,NaN,  9.988090824161E+00,NaN,  6.467381318368E-05,  3.423819217978E-02,NaN,  6.136780750106E+06,  6.564016249187E-06
  3.174645811844E+04,  2.016797609206E+03,  2.018265205236E+03,  2.084379331582E+02,  1.200512873303E+03,  9.918599818371E+02,  4.263865222413E-02,NaN,NaN,  2.957188853560E-02,  6.640937406061E+16,  3.940993684949E+18,  2.689548247660E+20,  7.394327658195E+18,  9.843584963449E+19,  1.082099620653E+20,  3.692143766570E+14,  2.962642416003E+02,  9.673285008812E+01,  1.895437410667E+02,NaN,  9.987579432349E+00,NaN,  7.101310203412E-05,  3.410658541789E-02,NaN,  6.140930116765E+06,  6.743132988244E-06
  3.338961320938E+04,  2.013635684360E+03,  2.014990314881E+03,  1.849960104896E+02,  1.177048612949E+03,  9.918599818371E+02,  4.194761397105E-02,NaN,NaN,  3.075443720071E-02,  6.645029915432E+16,  3.893731481581E+18,  2.690015544828E+20,  7.419339924513E+18,  9.792161626271E+19,  1.087420819899E+20,  4.057495121780E+14,  2.972161338327E+02,  9.765235618343E+01,  1.895766734573E+02,NaN,  9.987026151851E+00,NaN,  7.804011254782E-05,  3.405795941002E-02,NaN,  6.144972373187E+06,  7.001034586093E-06
  3.516312750383E+04,  2.010641657145E+03,  2.011893275568E+03,  1.645070456263E+02,  1.156539743562E+03,  9.918599818371E+02,  4.130411553679E-02,NaN,NaN,  3.195484641643E-02,  6.648405358476E+16,  3.854728409440E+18,  2.690399743542E+20,  7.440106832652E+18,  9.749424938896E+19,  1.091888707507E+20,  4.450757791909E+14,  2.980158388097E+02,  9.842557216028E+01,  1.896037495515E+02,NaN,  9.986431493944E+00,NaN,  8.560395726398E-05,  3.401730325840E-02,NaN,  6.148790369977E+06,  7.256048313692E-06
  3.696442556426E+04,  2.008002704917E+03,  2.009176213915E+03,  1.493803223156E+02,  1.141398090040E+03,  9.918599818371E+02,  4.074594235456E-02,NaN,NaN,  3.299455854370E-02,  6.650389310392E+16,  3.831794834071E+18,  2.690623116393E+20,  7.452551033466E+18,  9.724717180831E+19,  1.094582355186E+20,  4.840279138220E+14,  2.984993214653E+02,  9.889390662994E+01,  1.896194915728E+02,NaN,  9.985830166756E+00,NaN,  9.309584297019E-05,  3.399278762484E-02,NaN,  6.152136150805E+06,  7.489130612155E-06
  3.903889266097E+04,  2.005499220607E+03,  2.006477891984E+03,  1.160336650400E+02,  1.108017775208E+03,  9.918599818371E+02,  4.020882789699E-02,NaN,NaN,  3.542437259355E-02,  6.659424386431E+16,  3.727336861841E+18,  2.691659966059E+20,  7.507828825052E+18,  9.602283285403E+19,  1.106610432127E+20,  5.276717932960E+14,  3.006451576080E+02,  1.009673530225E+02,  1.896925627158E+02,NaN,  9.985140379569E+00,NaN,  1.014901186599E-04,  3.388510223458E-02,NaN,  6.155455361590E+06,  7.729678010489E-06
  4.123801772680E+04,  2.003044653212E+03,  2.003953626748E+03,  1.041101867460E+02,  1.096082014091E+03,  9.918599818371E+02,  3.970664036101E-02,NaN,NaN,  3.666969552386E-02,  6.660638260392E+16,  3.713255160555E+18,  2.691793276792E+20,  7.515465355665E+18,  9.587085056393E+19,  1.108361879739E+20,  5.733450661544E+14,  3.009613770760E+02,  1.012748985724E+02,  1.897019576820E+02,NaN,  9.984410546896E+00,NaN,  1.102747191272E-04,  3.386927822543E-02,NaN,  6.158557317469E+06,  7.963264954081E-06
  4.336851772551E+04,  2.001247814430E+03,  2.002004539586E+03,  8.090876062874E+01,  1.072856302897E+03,  9.918599818371E+02,  3.932753558776E-02,NaN,NaN,  3.928184823382E-02,  6.667075032009E+16,  3.638750912597E+18,  2.692530313679E+20,  7.555199819146E+18,  9.496818056171E+19,  1.117216200070E+20,  6.125340139854E+14,  3.025407125526E+02,  1.028029877339E+02,  1.897538997615E+02,NaN,  9.983707245082E+00,NaN,  1.178121524637E-04,  3.379101556001E-02,NaN,  6.160950384226E+06,  8.149518066148E-06
  4.560195522115E+04,  1.999331853529E+03,  2.000061035421E+03,  7.641379604839E+01,  1.068356570790E+03,  9.918599818371E+02,  3.894897096637E-02,NaN,NaN,  4.007867825923E-02,  6.666266514807E+16,  3.648063400850E+18,  2.692429497078E+20,  7.550339770487E+18,  9.509800176320E+19,  1.116186584062E+20,  6.551139169526E+14,  3.023625100163E+02,  1.026326198520E+02,  1.897467947930E+02,NaN,  9.982969369531E+00,NaN,  1.260017874974E-04,  3.379974201735E-02,NaN,  6.163334794786E+06,  8.340537936810E-06
  4.810577092866E+04,  1.997810551724E+03,  1.998399782744E+03,  5.713353761948E+01,  1.049055667143E+03,  9.918599818371E+02,  3.863341813783E-02,NaN,NaN,  4.331554435594E-02,  6.671709333022E+16,  3.585003762438E+18,  2.693050622849E+20,  7.583971890665E+18,  9.431882414673E+19,  1.123810605622E+20,  6.949557000265E+14,  3.037231739166E+02,  1.039503257885E+02,  1.897905681301E+02,NaN,  9.982146333138E+00,NaN,  1.336647843511E-04,  3.373281734277E-02,NaN,  6.165371497464E+06,  8.508146256572E-06
  5.051574056685E+04,  1.996338164019E+03,  1.996941225888E+03,  5.858508277251E+01,  1.050508771229E+03,  9.918599818371E+02,  3.835144179403E-02,NaN,NaN,  4.323386995738E-02,  6.669214672978E+16,  3.613864581652E+18,  2.692753605433E+20,  7.568833907331E+18,  9.469241321069E+19,  1.120366416488E+20,  7.324405229655E+14,  3.031165760508E+02,  1.033654446849E+02,  1.897696360676E+02,NaN,  9.981354423806E+00,NaN,  1.408744536500E-04,  3.376251891953E-02,NaN,  6.167158612928E+06,  8.658690575633E-06
  5.310783417481E+04,  1.995136157422E+03,  1.995620474959E+03,  4.350147374994E+01,  1.035408798185E+03,  9.918599818371E+02,  3.810658789914E-02,NaN,NaN,  4.676010898364E-02,  6.673526969227E+16,  3.563863214148E+18,  2.693243767072E+20,  7.595353352745E+18,  9.406856071997E+19,  1.126452374635E+20,  7.690176351173E+14,  3.042038764495E+02,  1.044190445359E+02,  1.898041798133E+02,NaN,  9.980504190788E+00,NaN,  1.479095377679E-04,  3.370923023441E-02,NaN,  6.168776008397E+06,  8.797813547104E-06
  5.612253474386E+04,  1.994125647156E+03,  1.994501965481E+03,  3.093455028247E+01,  1.022828108680E+03,  9.918599818371E+02,  3.789922752860E-02,NaN,NaN,  5.109293488890E-02,  6.677154999996E+16,  3.521773467581E+18,  2.693653173414E+20,  7.617827504896E+18,  9.353485264759E+19,  1.131630869122E+20,  8.019445952082E+14,  3.051305914850E+02,  1.053178861663E+02,  1.898330323947E+02,NaN,  9.979518681459E+00,NaN,  1.542425673693E-04,  3.366407512147E-02,NaN,  6.170145091110E+06,  8.917763121660E-06
  5.897233970725E+04,  1.993225731828E+03,  1.993681586245E+03,  3.981346985587E+01,  1.031716757568E+03,  9.918599818371E+02,  3.773843384083E-02,NaN,NaN,  4.808896487811E-02,  6.672493534519E+16,  3.575777809510E+18,  2.693102978334E+20,  7.589418603346E+18,  9.423051830042E+19,  1.124983541822E+20,  8.270262668401E+14,  3.039567164854E+02,  1.041837108589E+02,  1.897942578407E+02,NaN,  9.978588719114E+00,NaN,  1.590666679986E-04,  3.372124466654E-02,NaN,  6.171148878046E+06,  9.007006362029E-06
  6.208612107667E+04,  1.992275287183E+03,  1.992626443469E+03,  2.799435619726E+01,  1.019884667964E+03,  9.918599818371E+02,  3.754763520792E-02,NaN,NaN,  5.268406207486E-02,  6.675924412445E+16,  3.535955708904E+18,  2.693489301371E+20,  7.610420812910E+18,  9.372742574794E+19,  1.129856611955E+20,  8.612493677784E+14,  3.048295755623E+02,  1.050303563603E+02,  1.898214836448E+02,NaN,  9.977569908243E+00,NaN,  1.656489917446E-04,  3.367864638235E-02,NaN,  6.172439444398E+06,  9.123389575592E-06
  6.552199398316E+04,  1.991555876274E+03,  1.991820062163E+03,  1.909232563930E+01,  1.010972822840E+03,  9.918599818371E+02,  3.740181944315E-02,NaN,NaN,  5.811658328215E-02,  6.678532801558E+16,  3.505659572710E+18,  2.693779105401E+20,  7.626467105647E+18,  9.333933600858E+19,  1.133578380076E+20,  8.886965352041E+14,  3.054985679402E+02,  1.056800409583E+02,  1.898419073498E+02,NaN,  9.976448704090E+00,NaN,  1.709280616406E-04,  3.364614234145E-02,NaN,  6.173425390099E+06,  9.213568163916E-06
  6.895786688966E+04,  1.991070490151E+03,  1.991269980304E+03,  1.309890260435E+01,  1.004972765412E+03,  9.918599818371E+02,  3.730234961878E-02,NaN,NaN,  6.396403325620E-02,  6.680304936722E+16,  3.485058392633E+18,  2.693971938560E+20,  7.637399419909E+18,  9.307221033869E+19,  1.136101010832E+20,  9.080961086653E+14,  3.059546109076E+02,  1.061236095583E+02,  1.898554971110E+02,NaN,  9.975329578972E+00,NaN,  1.746592919954E-04,  3.362405654143E-02,NaN,  6.174097787144E+06,  9.275706518749E-06
  7.277550345244E+04,  1.990712730116E+03,  1.990859473578E+03,  8.683421973062E+00,  1.000552455980E+03,  9.918599818371E+02,  3.722811879071E-02,NaN,NaN,  7.097691939588E-02,  6.681623094368E+16,  3.469715919082E+18,  2.694110702919E+20,  7.645536916627E+18,  9.287089493641E+19,  1.137957089762E+20,  9.229443350362E+14,  3.062932548031E+02,  1.064537130801E+02,  1.898652764171E+02,NaN,  9.974087790765E+00,NaN,  1.775151358654E-04,  3.360769381315E-02,NaN,  6.174599480071E+06,  9.322410313254E-06
  7.659314001521E+04,  1.990479881273E+03,  1.990588542945E+03,  5.810775720234E+00,  9.976766793189E+02,  9.918599818371E+02,  3.717912713235E-02,NaN,NaN,  7.854012045348E-02,  6.682490500282E+16,  3.459601332653E+18,  2.694197176302E+20,  7.650883642164E+18,  9.273636193065E+19,  1.139150878166E+20,  9.329222610687E+14,  3.065143740702E+02,  1.066699768489E+02,  1.898713705589E+02,NaN,  9.972847228163E+00,NaN,  1.794342471575E-04,  3.359702692537E-02,NaN,  6.174930549072E+06,  9.353391004796E-06
  8.066486900198E+04,  1.990319450714E+03,  1.990399087984E+03,  3.836642699723E+00,  9.957004034533E+02,  9.918599818371E+02,  3.714486850081E-02,NaN,NaN,  8.717948465880E-02,  6.683095243444E+16,  3.452529985115E+18,  2.694252231864E+20,  7.654595507878E+18,  9.264067188101E+19,  1.139950057728E+20,  9.399852162135E+14,  3.066661045305E+02,  1.068191481543E+02,  1.898752505552E+02,NaN,  9.971525028314E+00,NaN,  1.807927055114E-04,  3.358971527440E-02,NaN,  6.175162036646E+06,  9.375129391186E-06
  8.486709950965E+04,  1.990213878905E+03,  1.990272492319E+03,  2.548204298032E+00,  9.944106123064E+02,  9.918599818371E+02,  3.712197654688E-02,NaN,NaN,  9.660777165220E-02,  6.683497870890E+16,  3.447801485083E+18,  2.694283350943E+20,  7.657046842870E+18,  9.257511091109E+19,  1.140445581764E+20,  9.447443664297E+14,  3.067642887346E+02,  1.069165022333E+02,  1.898774436472E+02,NaN,  9.970161146031E+00,NaN,  1.817080599539E-04,  3.358498738222E-02,NaN,  6.175316709452E+06,  9.389689426413E-06
  8.917424137509E+04,  1.990144820448E+03,  1.990188508106E+03,  1.721475400214E+00,  9.935830200725E+02,  9.918599818371E+02,  3.710678990724E-02,NaN,NaN,  1.065877337296E-01,  6.683763670856E+16,  3.444658903091E+18,  2.694298203227E+20,  7.658643161106E+18,  9.252999417841E+19,  1.140734450060E+20,  9.479190922985E+14,  3.068260738736E+02,  1.069786374393E+02,  1.898784903499E+02,NaN,  9.968763765736E+00,NaN,  1.823186730456E-04,  3.358201364609E-02,NaN,  6.175419316002E+06,  9.399363794977E-06
  9.368570143690E+04,  1.990098377824E+03,  1.990131433389E+03,  1.186626202563E+00,  9.930476238967E+02,  9.918599818371E+02,  3.709646923964E-02,NaN,NaN,  1.169984067139E-01,  6.683943033814E+16,  3.442516332629E+18,  2.694302266405E+20,  7.659696731297E+18,  9.249765737229E+19,  1.140889023035E+20,  9.500844163002E+14,  3.068645395521E+02,  1.070182795857E+02,  1.898787766991E+02,NaN,  9.967300532183E+00,NaN,  1.827351421324E-04,  3.358016287489E-02,NaN,  6.175489044343E+06,  9.405945300881E-06
  9.898651136346E+04,  1.990063673597E+03,  1.990088653730E+03,  8.166541904214E-01,  9.926772570818E+02,  9.918599818371E+02,  3.708873350887E-02,NaN,NaN,  1.284712213345E-01,  6.684075979902E+16,  3.440901501678E+18,  2.694298011999E+20,  7.660448506899E+18,  9.247139808132E+19,  1.140954235453E+20,  9.517113447344E+14,  3.068890887368E+02,  1.070448470997E+02,  1.898784768733E+02,NaN,  9.965581715710E+00,NaN,  1.830480585360E-04,  3.357898198491E-02,NaN,  6.175541307362E+06,  9.410882061522E-06
  1.040703551291E+05,  1.990041879460E+03,  1.990062057677E+03,  6.142921897975E-01,  9.924747260443E+02,  9.918599818371E+02,  3.708392421601E-02,NaN,NaN,  1.379612354561E-01,  6.684157259476E+16,  3.439889071943E+18,  2.694288567273E+20,  7.660880546625E+18,  9.245319237264E+19,  1.140947560460E+20,  9.527243061906E+14,  3.069003553105E+02,  1.070584271739E+02,  1.898778112639E+02,NaN,  9.963933629882E+00,NaN,  1.832428871770E-04,  3.357844016512E-02,NaN,  6.175573798771E+06,  9.413952826292E-06
  1.094929842494E+05,  1.990025464323E+03,  1.990042528094E+03,  4.912055532658E-01,  9.923515238730E+02,  9.918599818371E+02,  3.708039273397E-02,NaN,NaN,  1.459019237374E-01,  6.684215653732E+16,  3.439137537515E+18,  2.694275208484E+20,  7.661164405730E+18,  9.243804869506E+19,  1.140898041137E+20,  9.534686905968E+14,  3.069048513120E+02,  1.070656220731E+02,  1.898768698140E+02,NaN,  9.962176038825E+00,NaN,  1.833860588657E-04,  3.357822405792E-02,NaN,  6.175597657123E+06,  9.416208476078E-06
  1.151230562681E+05,  1.990012520126E+03,  1.990027699267E+03,  4.202101674141E-01,  9.922804634357E+02,  9.918599818371E+02,  3.707771127711E-02,NaN,NaN,  1.517154982915E-01,  6.684258840497E+16,  3.438559613851E+18,  2.694259314240E+20,  7.661350044405E+18,  9.242496130719E+19,  1.140820495675E+20,  9.540341023745E+14,  3.069048826647E+02,  1.070685979476E+02,  1.898757496800E+02,NaN,  9.960351542409E+00,NaN,  1.834948077303E-04,  3.357822270906E-02,NaN,  6.175615772666E+06,  9.417921631376E-06
  1.216568678665E+05,  1.990000257238E+03,  1.990014243729E+03,  3.767541909365E-01,  9.922369647218E+02,  9.918599818371E+02,  3.707527814833E-02,NaN,NaN,  1.559193397732E-01,  6.684296943261E+16,  3.438028341730E+18,  2.694239473784E+20,  7.661490322671E+18,  9.241158944387E+19,  1.140712502344E+20,  9.545472399180E+14,  3.069017239993E+02,  1.070689544115E+02,  1.898743514399E+02,NaN,  9.958234554496E+00,NaN,  1.835935023940E-04,  3.357837482000E-02,NaN,  6.175632210450E+06,  9.419476460272E-06
  1.281906794650E+05,  1.989989509288E+03,  1.990002884761E+03,  3.549537027074E-01,  9.922151525669E+02,  9.918599818371E+02,  3.707322413663E-02,NaN,NaN,  1.582656673747E-01,  6.684328334184E+16,  3.437574945115E+18,  2.694218853884E+20,  7.661588615908E+18,  9.239923229625E+19,  1.140594463193E+20,  9.549804954078E+14,  3.068967804995E+02,  1.070675805713E+02,  1.898728982691E+02,NaN,  9.956117982314E+00,NaN,  1.836768328877E-04,  3.357861277251E-02,NaN,  6.175646086920E+06,  9.420789266942E-06
  1.350402068880E+05,  1.989979040909E+03,  1.989992096043E+03,  3.436492953226E-01,  9.922038338828E+02,  9.918599818371E+02,  3.707127324167E-02,NaN,NaN,  1.595567378511E-01,  6.684357658724E+16,  3.437141218074E+18,  2.694196821650E+20,  7.661669243677E+18,  9.238682004014E+19,  1.140465370119E+20,  9.553921085636E+14,  3.068906454790E+02,  1.070652165457E+02,  1.898713455651E+02,NaN,  9.953899612186E+00,NaN,  1.837560007882E-04,  3.357890803621E-02,NaN,  6.175659266698E+06,  9.422036373231E-06
  1.436288457118E+05,  1.989966452376E+03,  1.989979326165E+03,  3.372817720942E-01,  9.921974607460E+02,  9.918599818371E+02,  3.706896409898E-02,NaN,NaN,  1.603108093456E-01,  6.684392000206E+16,  3.436625548273E+18,  2.694168912656E+20,  7.661755146083E+18,  9.237162369045E+19,  1.140299884731E+20,  9.558795118966E+14,  3.068823068913E+02,  1.070616257708E+02,  1.898693787013E+02,NaN,  9.951118569472E+00,NaN,  1.838497458448E-04,  3.357930932358E-02,NaN,  6.175674866641E+06,  9.423512748103E-06
  1.513025352717E+05,  1.989955430215E+03,  1.989968235721E+03,  3.348833969124E-01,  9.921950603115E+02,  9.918599818371E+02,  3.706695864377E-02,NaN,NaN,  1.606025346373E-01,  6.684421659902E+16,  3.436176689945E+18,  2.694143857213E+20,  7.661825490614E+18,  9.235820116038E+19,  1.140150520005E+20,  9.563030393818E+14,  3.068745845065E+02,  1.070581532893E+02,  1.898676129392E+02,NaN,  9.948634346809E+00,NaN,  1.839312052960E-04,  3.357968093849E-02,NaN,  6.175688414891E+06,  9.424795185319E-06
  1.590542400993E+05,  1.989944387798E+03,  1.989957162939E+03,  3.338099252509E-01,  9.921939859201E+02,  9.918599818371E+02,  3.706495638241E-02,NaN,NaN,  1.607369559389E-01,  6.684451201557E+16,  3.435728140573E+18,  2.694118497797E+20,  7.661893921718E+18,  9.234470590112E+19,  1.139999032880E+20,  9.567261236967E+14,  3.068666722082E+02,  1.070545370505E+02,  1.898658257548E+02,NaN,  9.946125390240E+00,NaN,  1.840125795098E-04,  3.358006167984E-02,NaN,  6.175701941506E+06,  9.426075791781E-06
  1.707988202425E+05,  1.989927726290E+03,  1.989940485066E+03,  3.332171542931E-01,  9.921933926364E+02,  9.918599818371E+02,  3.706194056740E-02,NaN,NaN,  1.608166209804E-01,  6.684495640324E+16,  3.435052257496E+18,  2.694080036415E+20,  7.661995588904E+18,  9.232430778402E+19,  1.139769077260E+20,  9.573638342425E+14,  3.068545990033E+02,  1.070489746556E+02,  1.898631152200E+02,NaN,  9.942324992453E+00,NaN,  1.841352340079E-04,  3.358064262159E-02,NaN,  6.175722315245E+06,  9.428005046178E-06
  1.825434003857E+05,  1.989911092275E+03,  1.989923846782E+03,  3.330458738477E-01,  9.921932210540E+02,  9.918599818371E+02,  3.705893191129E-02,NaN,NaN,  1.608455033024E-01,  6.684539947403E+16,  3.434377917302E+18,  2.694041559948E+20,  7.662096428987E+18,  9.230393071412E+19,  1.139538991418E+20,  9.580005918782E+14,  3.068424920243E+02,  1.070433782482E+02,  1.898604036221E+02,NaN,  9.938525896247E+00,NaN,  1.842577052274E-04,  3.358122516449E-02,NaN,  6.175742640491E+06,  9.429930199208E-06
  1.942879805290E+05,  1.989894464976E+03,  1.989907218985E+03,  3.330058661065E-01,  9.921931811132E+02,  9.918599818371E+02,  3.705592515137E-02,NaN,NaN,  1.608585399023E-01,  6.684584215417E+16,  3.433704036650E+18,  2.694003076780E+20,  7.662197011809E+18,  9.228355994627E+19,  1.139308908925E+20,  9.586375132533E+14,  3.068303748240E+02,  1.070377707909E+02,  1.898576915519E+02,NaN,  9.934728101033E+00,NaN,  1.843802079398E-04,  3.358180816409E-02,NaN,  6.175762952795E+06,  9.431854616308E-06
  2.060325606722E+05,  1.989877838068E+03,  1.989890592605E+03,  3.330016053165E-01,  9.921931768681E+02,  9.918599818371E+02,  3.705291864784E-02,NaN,NaN,  1.608672603286E-01,  6.684628473510E+16,  3.433030279888E+18,  2.693964590973E+20,  7.662297522413E+18,  9.226319128589E+19,  1.139078875025E+20,  9.592749462473E+14,  3.068182554683E+02,  1.070321600634E+02,  1.898549792957E+02,NaN,  9.930931606381E+00,NaN,  1.845028090548E-04,  3.358239123552E-02,NaN,  6.175783263237E+06,  9.433779346621E-06
  2.177771408154E+05,  1.989861209901E+03,  1.989873965268E+03,  3.330078402098E-01,  9.921931831313E+02,  9.918599818371E+02,  3.704991197110E-02,NaN,NaN,  1.608747144377E-01,  6.684672729321E+16,  3.432356559125E+18,  2.693926103609E+20,  7.662398009357E+18,  9.224282363937E+19,  1.138848901599E+20,  9.599129842721E+14,  3.068061360786E+02,  1.070265481114E+02,  1.898522669298E+02,NaN,  9.927136411896E+00,NaN,  1.846255265388E-04,  3.358297427766E-02,NaN,  6.175803574718E+06,  9.435704665296E-06
  2.341589210841E+05,  1.989838013336E+03,  1.989850770010E+03,  3.330217377032E-01,  9.921931970118E+02,  9.918599818371E+02,  3.704571763502E-02,NaN,NaN,  1.608844861629E-01,  6.684734459073E+16,  3.431416842829E+18,  2.693872417796E+20,  7.662538157021E+18,  9.221441517158E+19,  1.138528221183E+20,  9.608040019527E+14,  3.067892322365E+02,  1.070187192936E+02,  1.898484834655E+02,NaN,  9.921844680486E+00,NaN,  1.847969010395E-04,  3.358378745153E-02,NaN,  6.175831909164E+06,  9.438391296876E-06
  2.466258413051E+05,  1.989820357492E+03,  1.989833115180E+03,  3.330329654710E-01,  9.921932082555E+02,  9.918599818371E+02,  3.704252515951E-02,NaN,NaN,  1.608918462404E-01,  6.684781438410E+16,  3.430701689403E+18,  2.693831559660E+20,  7.662644808240E+18,  9.219279615215E+19,  1.138284254278E+20,  9.614829335119E+14,  3.067763688412E+02,  1.070127607668E+02,  1.898456040214E+02,NaN,  9.917819125521E+00,NaN,  1.849274838097E-04,  3.358440622010E-02,NaN,  6.175853475464E+06,  9.440436821916E-06
  2.592787415206E+05,  1.989802436702E+03,  1.989815195262E+03,  3.330389327607E-01,  9.921932141797E+02,  9.918599818371E+02,  3.703928474895E-02,NaN,NaN,  1.608999733614E-01,  6.684829118490E+16,  3.429975890050E+18,  2.693790093404E+20,  7.662753050764E+18,  9.217085631248E+19,  1.138036739066E+20,  9.621727158991E+14,  3.067633157325E+02,  1.070067137222E+02,  1.898426817204E+02,NaN,  9.913735229673E+00,NaN,  1.850601535813E-04,  3.358503408079E-02,NaN,  6.175875365432E+06,  9.442513611595E-06
  2.761492751413E+05,  1.989778538669E+03,  1.989791298639E+03,  3.330554082525E-01,  9.921932306760E+02,  9.918599818371E+02,  3.703496358677E-02,NaN,NaN,  1.609097835329E-01,  6.684892692783E+16,  3.429008158508E+18,  2.693734801099E+20,  7.662897355573E+18,  9.214160373211E+19,  1.137706833948E+20,  9.630935886569E+14,  3.067459121020E+02,  1.069986493954E+02,  1.898387850399E+02,NaN,  9.908292429367E+00,NaN,  1.852372702790E-04,  3.358587113686E-02,NaN,  6.175904555972E+06,  9.445283922607E-06
  2.930198087619E+05,  1.989754636130E+03,  1.989767397533E+03,  3.330727049236E-01,  9.921932480403E+02,  9.918599818371E+02,  3.703064161401E-02,NaN,NaN,  1.609194981755E-01,  6.684956270103E+16,  3.428040406895E+18,  2.693679505228E+20,  7.663041654920E+18,  9.211235168436E+19,  1.137377062143E+20,  9.640158150839E+14,  3.067285098796E+02,  1.069905840498E+02,  1.898348881080E+02,NaN,  9.902852307141E+00,NaN,  1.854146473355E-04,  3.358670805545E-02,NaN,  6.175933751718E+06,  9.448055741538E-06
  3.098903423826E+05,  1.989730729442E+03,  1.989743492224E+03,  3.330881151640E-01,  9.921932635101E+02,  9.918599818371E+02,  3.702631888119E-02,NaN,NaN,  1.609294441891E-01,  6.685019849847E+16,  3.427072647516E+18,  2.693624207163E+20,  7.663185950846E+18,  9.208310071218E+19,  1.137047425953E+20,  9.649393868590E+14,  3.067111095672E+02,  1.069825180915E+02,  1.898309910215E+02,NaN,  9.897414861864E+00,NaN,  1.855922831505E-04,  3.358754481932E-02,NaN,  6.175962952328E+06,  9.450829036944E-06
  3.254119219841E+05,  1.988789748408E+03,  1.988947610352E+03,  9.496987576506E+00,  1.001366907592E+03,  9.918599818371E+02,  3.687661626256E-02,NaN,NaN,  6.981373379385E-02,  6.680219438150E+16,  3.482560566910E+18,  2.693010313373E+20,  7.633494543955E+18,  9.280415403863E+19,  1.129686911713E+20,  9.961420933747E+14,  3.054425429325E+02,  1.057622183073E+02,  1.897877273524E+02,NaN,  9.892405679087E+00,NaN,  1.915936772500E-04,  3.364880153230E-02,NaN,  6.176934976947E+06,  9.543728084620E-06
  3.417152260333E+05,  1.988169004712E+03,  1.988215467074E+03,  1.853726663976E+00,  9.937154056768E+02,  9.918599818371E+02,  3.674756799853E-02,NaN,NaN,  1.052700606829E-01,  6.682562314203E+16,  3.455148705408E+18,  2.693221597697E+20,  7.647662772681E+18,  9.243538551769E+19,  1.132747861002E+20,  1.026387785801E+15,  3.060253012359E+02,  1.063353443966E+02,  1.898026174445E+02,NaN,  9.887141983804E+00,NaN,  1.974110033840E-04,  3.362057063948E-02,NaN,  6.177828892120E+06,  9.630169132177E-06
  3.594334933509E+05,  1.988048427572E+03,  1.988067316117E+03,  5.579272384939E-01,  9.924183067099E+02,  9.918599818371E+02,  3.672145477127E-02,NaN,NaN,  1.421903861757E-01,  6.683024537595E+16,  3.449544036423E+18,  2.693209298319E+20,  7.650252593701E+18,  9.234542898474E+19,  1.132990523123E+20,  1.032653398358E+15,  3.061114783871E+02,  1.064280998315E+02,  1.898017506558E+02,NaN,  9.881429283713E+00,NaN,  1.986161043008E-04,  3.361640234992E-02,NaN,  6.178009747200E+06,  9.647776277344E-06
  3.778574828181E+05,  1.988008861276E+03,  1.988022576649E+03,  3.640629733604E-01,  9.922242606450E+02,  9.918599818371E+02,  3.671356895050E-02,NaN,NaN,  1.582269309267E-01,  6.683154308561E+16,  3.447788622137E+18,  2.693155771757E+20,  7.650782583459E+18,  9.230453709832E+19,  1.132720562862E+20,  1.034552594691E+15,  3.061084186085E+02,  1.064347482287E+02,  1.897979784145E+02,NaN,  9.875492983908E+00,NaN,  1.989813875388E-04,  3.361654823989E-02,NaN,  6.178064360807E+06,  9.653101073510E-06
  3.969826605140E+05,  1.987979950957E+03,  1.987992876894E+03,  3.363535785699E-01,  9.921965376672E+02,  9.918599818371E+02,  3.670833404383E-02,NaN,NaN,  1.614043710351E-01,  6.683235299813E+16,  3.446589952367E+18,  2.693093968409E+20,  7.651001393633E+18,  9.227015996359E+19,  1.132360420495E+20,  1.035814367157E+15,  3.060910404212E+02,  1.064278840104E+02,  1.897936228735E+02,NaN,  9.869334313148E+00,NaN,  1.992240714171E-04,  3.361738603369E-02,NaN,  6.178100614866E+06,  9.656637847740E-06
  4.180039608269E+05,  1.987949999085E+03,  1.987962818128E+03,  3.326088098407E-01,  9.921927835981E+02,  9.918599818371E+02,  3.670303585731E-02,NaN,NaN,  1.618717733576E-01,  6.683316012788E+16,  3.445368904548E+18,  2.693025068759E+20,  7.651190621308E+18,  9.223362475077E+19,  1.131952370784E+20,  1.037093107597E+15,  3.060697434576E+02,  1.064182078756E+02,  1.897887672263E+02,NaN,  9.862568885601E+00,NaN,  1.994700188424E-04,  3.361841294142E-02,NaN,  6.178137306743E+06,  9.660218978502E-06
  4.398793049649E+05,  1.987919063257E+03,  1.987931872109E+03,  3.322140563025E-01,  9.921923885031E+02,  9.918599818371E+02,  3.669758128296E-02,NaN,NaN,  1.619352920885E-01,  6.683398915893E+16,  3.444110919588E+18,  2.692953238366E+20,  7.651380785259E+18,  9.219577089787E+19,  1.131526320326E+20,  1.038411742224E+15,  3.060472945598E+02,  1.064078570578E+02,  1.897837050374E+02,NaN,  9.855532741037E+00,NaN,  1.997236393437E-04,  3.361949533509E-02,NaN,  6.178175081216E+06,  9.663907500846E-06
  4.643161212966E+05,  1.987884525853E+03,  1.987897335488E+03,  3.321939353394E-01,  9.921923683734E+02,  9.918599818371E+02,  3.669149382560E-02,NaN,NaN,  1.619549948314E-01,  6.683491398945E+16,  3.442707153023E+18,  2.692872977395E+20,  7.651592393722E+18,  9.215350661138E+19,  1.131050429330E+20,  1.039886014455E+15,  3.060221853736E+02,  1.063962591088E+02,  1.897780487102E+02,NaN,  9.847677547410E+00,NaN,  2.000071945110E-04,  3.362070590188E-02,NaN,  6.178217238049E+06,  9.668026016270E-06
  4.884913351897E+05,  1.987850352439E+03,  1.987863163937E+03,  3.322116689035E-01,  9.921923861284E+02,  9.918599818371E+02,  3.668547071580E-02,NaN,NaN,  1.619699049733E-01,  6.683582884219E+16,  3.441318545380E+18,  2.692793569458E+20,  7.651801650895E+18,  9.211169883858E+19,  1.130579906482E+20,  1.041347454610E+15,  3.059973457411E+02,  1.063847807312E+02,  1.897724525000E+02,NaN,  9.839912221600E+00,NaN,  2.002882816122E-04,  3.362190332734E-02,NaN,  6.178258948709E+06,  9.672103096708E-06
  5.129873039013E+05,  1.986121173266E+03,  1.986304395703E+03,  1.145855240762E+01,  9.747185986823E+02,  9.632457235261E+02,  3.641072075820E-02,NaN,NaN,  6.715806731254E-02,  6.688537650632E+16,  3.383467109271E+18,  2.693277942334E+20,  7.682148970345E+18,  9.133125672808E+19,  1.137428123914E+20,  1.111295568480E+15,  3.072708155774E+02,  1.076319526084E+02,  1.898065882873E+02,NaN,  9.832060939906E+00,NaN,  2.137418003845E-04,  3.356051849703E-02,NaN,  6.180161034398E+06,  9.860325183109E-06
  5.387476588763E+05,  1.981551047696E+03,  1.981756526322E+03,  1.310106196111E+01,  9.436152236687E+02,  9.304980616797E+02,  3.561744628415E-02,NaN,NaN,  6.587330350381E-02,  6.695549947921E+16,  3.301641416215E+18,  2.693998881277E+20,  7.725547669950E+18,  9.023109653247E+19,  1.147781051778E+20,  1.354165026366E+15,  3.091662229025E+02,  1.094847189248E+02,  1.898573958772E+02,NaN,  9.823847646158E+00,NaN,  2.604542652402E-04,  3.346991254879E-02,NaN,  6.185704019214E+06,  1.043549368325E-05
  5.659533328680E+05,  1.975881627887E+03,  1.976204873599E+03,  2.341557828407E+01,  9.207876229925E+02,  8.973436381044E+02,  3.467537333353E-02,NaN,NaN,  5.797986168436E-02,  6.698008699948E+16,  3.272692316137E+18,  2.694186995324E+20,  7.740904035523E+18,  8.984986996165E+19,  1.151341950170E+20,  1.755195661262E+15,  3.098599842648E+02,  1.101737662240E+02,  1.898706530628E+02,NaN,  9.815227391254E+00,NaN,  3.375867692683E-04,  3.343687049834E-02,NaN,  6.192457232090E+06,  1.119392292621E-05
  5.942637964975E+05,  1.970361078096E+03,  1.970611930078E+03,  1.630403662285E+01,  8.818604496205E+02,  8.655359160151E+02,  3.376918816983E-02,NaN,NaN,  6.462070415334E-02,  6.707807028354E+16,  3.158266261489E+18,  2.695225624032E+20,  7.801312929646E+18,  8.824719491821E+19,  1.166642226973E+20,  2.333917843344E+15,  3.126336317273E+02,  1.128830095255E+02,  1.899438495823E+02,NaN,  9.806323723852E+00,NaN,  4.488956996997E-04,  3.330659629666E-02,NaN,  6.199246051177E+06,  1.202681446199E-05
  6.240401069323E+05,  1.965091756812E+03,  1.965299967108E+03,  1.242767170245E+01,  8.474121096825E+02,  8.349682300414E+02,  3.293845004384E-02,NaN,NaN,  7.036581475523E-02,  6.716484759476E+16,  3.056740978243E+18,  2.696130407310E+20,  7.854818882846E+18,  8.677160053034E+19,  1.180647997241E+20,  3.136452989710E+15,  3.151784721856E+02,  1.153732224258E+02,  1.900076134532E+02,NaN,  9.797033054743E+00,NaN,  6.032518511335E-04,  3.318886508330E-02,NaN,  6.205680265860E+06,  1.288858913455E-05
  6.553408965368E+05,  1.958977538462E+03,  1.959263777959E+03,  1.849800147742E+01,  8.245813989420E+02,  8.060597173783E+02,  3.202780907603E-02,NaN,NaN,  6.499112285324E-02,  6.719317046722E+16,  3.023315815614E+18,  2.696350016652E+20,  7.872222471943E+18,  8.628936583778E+19,  1.185154563706E+20,  4.540416845713E+15,  3.160457732281E+02,  1.162344797960E+02,  1.900230902443E+02,NaN,  9.787329903596E+00,NaN,  8.732842086524E-04,  3.314900068013E-02,NaN,  6.212975747965E+06,  1.396078039979E-05
  6.881126600599E+05,  1.953617393741E+03,  1.953839966368E+03,  1.290865273182E+01,  7.920886869221E+02,  7.791627088477E+02,  3.124969145397E-02,NaN,NaN,  7.241693241577E-02,  6.727812758001E+16,  2.923685192874E+18,  2.697226063113E+20,  7.923941125403E+18,  8.477294456149E+19,  1.199509343925E+20,  6.571628713004E+15,  3.186550951583E+02,  1.187917550797E+02,  1.900848289113E+02,NaN,  9.777247208503E+00,NaN,  1.263958745464E-03,  3.303063502402E-02,NaN,  6.219516655873E+06,  1.501793217926E-05
  7.228923043000E+05,  1.948291213244E+03,  1.948475578477E+03,  9.799574279854E+00,  7.615260667521E+02,  7.517128397364E+02,  3.051037758071E-02,NaN,NaN,  7.901710400275E-02,  6.735906245043E+16,  2.828614990388E+18,  2.698049860524E+20,  7.972944699616E+18,  8.327537392809E+19,  1.213624769481E+20,  9.873078311871E+15,  3.212240901971E+02,  1.213126768059E+02,  1.901428853687E+02,NaN,  9.766629077217E+00,NaN,  1.898945333331E-03,  3.291580189661E-02,NaN,  6.225972499848E+06,  1.616070744225E-05
  7.597825124241E+05,  1.941685283783E+03,  1.941928695261E+03,  1.376898302737E+01,  7.389069897617E+02,  7.251189117385E+02,  2.964846216257E-02,NaN,NaN,  7.424863606065E-02,  6.739032768344E+16,  2.791591690211E+18,  2.698287106407E+20,  7.991442373943E+18,  8.269317646465E+19,  1.219026893523E+20,  1.737185461430E+16,  3.222595668395E+02,  1.223411864996E+02,  1.901596050807E+02,NaN,  9.755434031548E+00,NaN,  3.341227650496E-03,  3.286989005986E-02,NaN,  6.233833435644E+06,  1.770208858279E-05
  7.981085794874E+05,  1.936116838832E+03,  1.936298566915E+03,  9.080814928022E+00,  7.088660671628E+02,  6.997721255795E+02,  2.894836023308E-02,NaN,NaN,  8.405170179360E-02,  6.747413087167E+16,  2.692920517406E+18,  2.699135533647E+20,  8.041029055775E+18,  8.106403204548E+19,  1.234381016632E+20,  3.049078767293E+16,  3.250523482906E+02,  1.250831861547E+02,  1.902193973053E+02,NaN,  9.743900363897E+00,NaN,  5.864466697432E-03,  3.274771785257E-02,NaN,  6.240577841016E+06,  1.917253738458E-05
  8.385827028129E+05,  1.929460538805E+03,  1.929719075800E+03,  1.407677984006E+01,  6.893546331993E+02,  6.752576218485E+02,  2.817011114141E-02,NaN,NaN,  7.713805226820E-02,  6.749591493214E+16,  2.666955256576E+18,  2.699250850217E+20,  8.053518123718E+18,  8.063880270251E+19,  1.238163231554E+20,  6.622960601965E+16,  3.258134663523E+02,  1.258414081917E+02,  1.902275241475E+02,NaN,  9.731795696030E+00,NaN,  1.273831699766E-02,  3.271483923337E-02,NaN,  6.248441088641E+06,  2.108369465645E-05
  8.805621726577E+05,  1.921766430734E+03,  1.921896910678E+03,  5.442557038579E+00,  6.574331337228E+02,  6.519693099562E+02,  2.728857634642E-02,NaN,NaN,  1.006908629881E-01,  6.757487098512E+16,  2.573745580057E+18,  2.700032573786E+20,  8.098718891237E+18,  7.902267930470E+19,  1.253134493859E+20,  1.221698283296E+17,  3.285513148848E+02,  1.285258639870E+02,  1.902826154848E+02,NaN,  9.719337794683E+00,NaN,  2.349761827590E-02,  3.259776749037E-02,NaN,  6.254035934746E+06,  2.366638722329E-05
  9.247939531483E+05,  1.916325551761E+03,  1.916428647720E+03,  3.867706581972E+00,  6.334369017914E+02,  6.295537471672E+02,  2.670174210589E-02,NaN,NaN,  1.119534330209E-01,  6.764441329632E+16,  2.491563651304E+18,  2.700695418554E+20,  8.138745770351E+18,  7.752226040629E+19,  1.266254263182E+20,  1.356074672932E+17,  3.309587170996E+02,  1.308969711034E+02,  1.903293289346E+02,NaN,  9.706334905773E+00,NaN,  2.608215584309E-02,  3.249609890346E-02,NaN,  6.255334335358E+06,  2.570229516279E-05
  9.712299070083E+05,  1.907691768880E+03,  1.907812583342E+03,  4.571134196603E+00,  6.124976308820E+02,  6.079081370554E+02,  2.575527568140E-02,NaN,NaN,  1.110054351919E-01,  6.766497935516E+16,  2.466993157010E+18,  2.700775689913E+20,  8.150357458641E+18,  7.704609136657E+19,  1.269447460965E+20,  1.618362620426E+17,  3.316259841075E+02,  1.315671131426E+02,  1.903349859938E+02,NaN,  9.692758081904E+00,NaN,  3.112688918916E-02,  3.246827253970E-02,NaN,  6.257379061991E+06,  2.936092076369E-05
  1.019998393285E+06,  1.902327352057E+03,  1.902427556315E+03,  3.462463954548E+00,  5.905388687051E+02,  5.870622212883E+02,  2.520228500018E-02,NaN,NaN,  1.215486689702E-01,  6.773182587782E+16,  2.387914071819E+18,  2.701392795709E+20,  8.189377384813E+18,  7.554445886655E+19,  1.282410212902E+20,  1.824314417196E+17,  3.340137757701E+02,  1.339216186455E+02,  1.903784760266E+02,NaN,  9.678593020744E+00,NaN,  3.508807729092E-02,  3.236917821459E-02,NaN,  6.258656331745E+06,  3.197089655002E-05
  1.071125755610E+06,  1.897170151676E+03,  1.897269304957E+03,  3.320885863005E+00,  5.702624576578E+02,  5.669277669458E+02,  2.467258200736E-02,NaN,NaN,  1.254014130005E-01,  6.779493542230E+16,  2.313207204404E+18,  2.701959017295E+20,  8.226825541332E+18,  7.408340502172E+19,  1.294881054981E+20,  2.060659677752E+17,  3.363184697205E+02,  1.361965884908E+02,  1.904183800356E+02,NaN,  9.663867353904E+00,NaN,  3.963384017675E-02,  3.227478694312E-02,NaN,  6.259879321734E+06,  3.474020639335E-05
  1.124908398492E+06,  1.890330743797E+03,  1.890579645943E+03,  1.092171216553E+01,  5.585550975686E+02,  5.475878988402E+02,  2.394587426289E-02,NaN,NaN,  9.571658702502E-02,  6.779140531836E+16,  2.316983309627E+18,  2.701732966724E+20,  8.224300940228E+18,  7.411809831089E+19,  1.292748092012E+20,  2.439230396418E+17,  3.360652140988E+02,  1.359673539319E+02,  1.904024493042E+02,NaN,  9.648495756560E+00,NaN,  4.691510623014E-02,  3.228533550582E-02,NaN,  6.261464683991E+06,  3.878004150555E-05
  1.181182573606E+06,  1.883258910413E+03,  1.883356114580E+03,  2.993633322164E+00,  5.320312795817E+02,  5.290248991521E+02,  2.323752919499E-02,NaN,NaN,  1.363752535281E-01,  6.787794707420E+16,  2.214598079498E+18,  2.702559408796E+20,  8.276377512768E+18,  7.206991721482E+19,  1.310822509930E+20,  2.975477427634E+17,  3.393673669869E+02,  1.392169682296E+02,  1.904606921419E+02,NaN,  9.632477564880E+00,NaN,  5.722905052667E-02,  3.215212200358E-02,NaN,  6.263175660867E+06,  4.380358066714E-05
  1.240558015826E+06,  1.877785081880E+03,  1.877881295780E+03,  2.861450816658E+00,  5.127543401918E+02,  5.098805157387E+02,  2.270066423242E-02,NaN,NaN,  1.412214998780E-01,  6.794231874419E+16,  2.138304311341E+18,  2.703115645923E+20,  8.315726674193E+18,  7.047970640458E+19,  1.324253705717E+20,  3.501952307573E+17,  3.418580122039E+02,  1.416750310720E+02,  1.904998925043E+02,NaN,  9.615733586143E+00,NaN,  6.735504147697E-02,  3.205330301509E-02,NaN,  6.264471808580E+06,  4.814578687160E-05
  1.302790517160E+06,  1.872646144426E+03,  1.872740664395E+03,  2.711386290063E+00,  4.953686538937E+02,  4.926453882736E+02,  2.219656994609E-02,NaN,NaN,  1.464136156557E-01,  6.800182610865E+16,  2.067716113886E+18,  2.703606368683E+20,  8.352644980791E+18,  6.896401071419E+19,  1.336836640529E+20,  4.124838242923E+17,  3.442052790281E+02,  1.439931305012E+02,  1.905344757945E+02,NaN,  9.598337371281E+00,NaN,  7.933536111758E-02,  3.196147756466E-02,NaN,  6.265688347036E+06,  5.270914635020E-05
  1.368914903436E+06,  1.863877093674E+03,  1.863971499676E+03,  2.567521391362E+00,  4.785011479219E+02,  4.759222916844E+02,  2.132224538863E-02,NaN,NaN,  1.544311215524E-01,  6.802191019498E+16,  2.043573010331E+18,  2.703620526785E+20,  8.364590842815E+18,  6.840939528087E+19,  1.340051478249E+20,  5.599636992909E+17,  3.449332259174E+02,  1.447101167609E+02,  1.905354735754E+02,NaN,  9.579934576429E+00,NaN,  1.077010046932E-01,  3.193412365574E-02,NaN,  6.267762486121E+06,  6.177632900869E-05
  1.438666922666E+06,  1.858641135478E+03,  1.858732658379E+03,  2.384708227828E+00,  4.620664886888E+02,  4.596711132924E+02,  2.083279376477E-02,NaN,NaN,  1.611921232148E-01,  6.808097322099E+16,  1.973433366581E+18,  2.704082912184E+20,  8.401611815499E+18,  6.684708301533E+19,  1.352807869062E+20,  6.849012406870E+17,  3.473350627704E+02,  1.470745866298E+02,  1.905680598130E+02,NaN,  9.560685374607E+00,NaN,  1.317309529726E-01,  3.184216520731E-02,NaN,  6.269000950680E+06,  6.810503775862E-05
  1.510990796251E+06,  1.853469117692E+03,  1.853560236347E+03,  2.294185420300E+00,  4.464415840624E+02,  4.441369954069E+02,  2.034954752403E-02,NaN,NaN,  1.668123020693E-01,  6.813837360981E+16,  1.905231612493E+18,  2.704518773722E+20,  8.438119989953E+18,  6.528709528751E+19,  1.365439116089E+20,  8.484661918246E+17,  3.497251768488E+02,  1.494223060115E+02,  1.905987768029E+02,NaN,  9.540903703612E+00,NaN,  1.631903307723E-01,  3.175211274984E-02,NaN,  6.270223229886E+06,  7.514663591825E-05
  1.586617721146E+06,  1.845003173372E+03,  1.845115175038E+03,  2.858755139918E+00,  4.321684478273E+02,  4.292966115400E+02,  1.953540120190E-02,NaN,NaN,  1.645495940592E-01,  6.815406687468E+16,  1.886224981293E+18,  2.704453306234E+20,  8.447544043425E+18,  6.481020199603E+19,  1.367513806088E+20,  1.248263117410E+18,  3.503171238157E+02,  1.499625216039E+02,  1.905941630346E+02,NaN,  9.520353628723E+00,NaN,  2.400855484682E-01,  3.173256615120E-02,NaN,  6.272217824014E+06,  8.866106504810E-05
  1.666442791442E+06,  1.839415469596E+03,  1.839516195437E+03,  2.389800882446E+00,  4.164426847018E+02,  4.140416396196E+02,  1.903826511747E-02,NaN,NaN,  1.770225028304E-01,  6.821455440601E+16,  1.814309245632E+18,  2.704903158677E+20,  8.486408450418E+18,  6.311144026858E+19,  1.381230995031E+20,  1.660060940303E+18,  3.529566168435E+02,  1.525126548322E+02,  1.906258660222E+02,NaN,  9.498807021969E+00,NaN,  3.192889670332E-01,  3.163643247118E-02,NaN,  6.273539511816E+06,  9.927601789110E-05
  1.750591096565E+06,  1.834075841396E+03,  1.834166026034E+03,  1.987526416863E+00,  4.020398616472E+02,  4.000429986046E+02,  1.856322100987E-02,NaN,NaN,  1.905763239000E-01,  6.827134530648E+16,  1.746725888416E+18,  2.705297171965E+20,  8.523375028272E+18,  6.146800673883E+19,  1.394229911572E+20,  2.232787622593E+18,  3.555071912581E+02,  1.549477992183E+02,  1.906536337906E+02,NaN,  9.476313500334E+00,NaN,  4.294447488728E-01,  3.154608158635E-02,NaN,  6.274801940668E+06,  1.109066062329E-04
  1.838143622594E+06,  1.828136434614E+03,  1.828436974982E+03,  9.499794983750E+00,  3.962872612711E+02,  3.867412951851E+02,  1.800837488073E-02,NaN,NaN,  1.328733459501E-01,  6.825778869446E+16,  1.762227438567E+18,  2.704851634690E+20,  8.513444103428E+18,  6.177264000999E+19,  1.388095882418E+20,  3.151737721333E+18,  3.547822962817E+02,  1.541007443393E+02,  1.906222349109E+02,NaN,  9.453125380939E+00,NaN,  6.061916505425E-01,  3.157944003078E-02,NaN,  6.276153201990E+06,  1.252663556418E-04
  1.931894856824E+06,  1.820121160107E+03,  1.820210047477E+03,  1.762428779901E+00,  3.754535223786E+02,  3.736826713650E+02,  1.731608020959E-02,NaN,NaN,  2.118252718899E-01,  6.834318200787E+16,  1.660773834991E+18,  2.705555052298E+20,  8.569798330610E+18,  5.927341885122E+19,  1.409205087607E+20,  5.448607740733E+18,  3.590977871977E+02,  1.579495999299E+02,  1.906718076988E+02,NaN,  9.428417837559E+00,NaN,  1.047961731447E+00,  3.143832063548E-02,NaN,  6.278092587797E+06,  1.501036976488E-04
  2.028900552189E+06,  1.814878945320E+03,  1.814967961898E+03,  1.697034078391E+00,  3.628897401825E+02,  3.611844941948E+02,  1.687495952265E-02,NaN,NaN,  2.203076718466E-01,  6.839628903360E+16,  1.597446700820E+18,  2.705869026244E+20,  8.605005297004E+18,  5.763675989773E+19,  1.421643983979E+20,  7.935903578867E+18,  3.619368895621E+02,  1.603134678643E+02,  1.906939347592E+02,NaN,  9.403129445014E+00,NaN,  1.526357493664E+00,  3.135421588111E-02,NaN,  6.279327706260E+06,  1.691133030598E-04
  2.130960289699E+06,  1.809621877801E+03,  1.809712297004E+03,  1.663232211005E+00,  3.507773951853E+02,  3.491059946066E+02,  1.643269613849E-02,NaN,NaN,  2.283268996408E-01,  6.844859089950E+16,  1.535040408437E+18,  2.706159847889E+20,  8.640093040800E+18,  5.598336062869E+19,  1.434054211959E+20,  1.170675353024E+19,  3.650244737393E+02,  1.626816051493E+02,  1.907144301798E+02,NaN,  9.376811887840E+00,NaN,  2.251626522398E+00,  3.127178276209E-02,NaN,  6.280565531016E+06,  1.912273162899E-04
  2.238432858469E+06,  1.800799688827E+03,  1.800890708522E+03,  1.562240522328E+00,  3.388037975273E+02,  3.372338522107E+02,  1.567346734754E-02,NaN,NaN,  2.447015768285E-01,  6.846598814296E+16,  1.513871450295E+18,  2.706023588182E+20,  8.650829202813E+18,  5.537076668766E+19,  1.436257778481E+20,  2.217002668719E+19,  3.676239575077E+02,  1.633056874093E+02,  1.907048273869E+02,NaN,  9.349355322735E+00,NaN,  4.264087388718E+00,  3.125511005532E-02,NaN,  6.282642099943E+06,  2.369538092719E-04
  2.350454019120E+06,  1.795413237025E+03,  1.795505924631E+03,  1.529436055992E+00,  3.273173550169E+02,  3.257802512926E+02,  1.524534709638E-02,NaN,NaN,  2.545303845098E-01,  6.851792373137E+16,  1.451836953804E+18,  2.706284316658E+20,  8.685848813596E+18,  5.367322269622E+19,  1.448757952818E+20,  3.159115250912E+19,  3.718268447654E+02,  1.657064160604E+02,  1.907232020157E+02,NaN,  9.321120561332E+00,NaN,  6.076106127876E+00,  3.117609905904E-02,NaN,  6.283908975084E+06,  2.715554874665E-04
  2.468675850161E+06,  1.790016778914E+03,  1.790105777054E+03,  1.382200091637E+00,  3.162637336967E+02,  3.148745764985E+02,  1.481600534672E-02,NaN,NaN,  2.704327632716E-01,  6.856901120628E+16,  1.390775003559E+18,  2.706519954949E+20,  8.720673522482E+18,  5.196088883887E+19,  1.461185049307E+20,  4.330612058403E+19,  3.764654300830E+02,  1.681045369729E+02,  1.907398084341E+02,NaN,  9.291772075678E+00,NaN,  8.329312600392E+00,  3.110002496842E-02,NaN,  6.285178945349E+06,  3.127352713027E-04
  2.593298420769E+06,  1.781352613230E+03,  1.781456848730E+03,  1.577103897586E+00,  3.058520798430E+02,  3.042669233737E+02,  1.410292233294E-02,NaN,NaN,  2.775905244464E-01,  6.858391051640E+16,  1.372511880460E+18,  2.706312536881E+20,  8.729768257988E+18,  5.139037038749E+19,  1.462381716389E+20,  6.606962074606E+19,  3.812766290005E+02,  1.685826025786E+02,  1.907251908132E+02,NaN,  9.261289489061E+00,NaN,  1.270754611962E+01,  3.109576924651E-02,NaN,  6.287211858926E+06,  3.961389801784E-04
  2.723111809661E+06,  1.775623721115E+03,  1.775714628251E+03,  1.243943295537E+00,  2.949591804765E+02,  2.937089230295E+02,  1.367307333045E-02,NaN,NaN,  3.069351883896E-01,  6.863647666627E+16,  1.309643632331E+18,  2.706540210176E+20,  8.765789922819E+18,  4.957555520579E+19,  1.475474941949E+20,  8.319035039047E+19,  3.870834132690E+02,  1.711115964077E+02,  1.907412359048E+02,NaN,  9.230107480832E+00,NaN,  1.600047347566E+01,  3.102086653400E-02,NaN,  6.288560820548E+06,  4.670421007822E-04
  2.860070535922E+06,  1.770190073111E+03,  1.770285429030E+03,  1.256100511613E+00,  2.851132724293E+02,  2.838506565945E+02,  1.326665635677E-02,NaN,NaN,  3.188398203844E-01,  6.868511838497E+16,  1.251392815149E+18,  2.706705737832E+20,  8.799351697391E+18,  4.784812765083E+19,  1.487467155705E+20,  1.004589414247E+20,  3.927339815997E+02,  1.734614436111E+02,  1.907529013327E+02,NaN,  9.197796801723E+00,NaN,  1.932183985419E+01,  3.095409096429E-02,NaN,  6.289835707478E+06,  5.491403299199E-04
  3.003339074242E+06,  1.762734400988E+03,  1.762956247942E+03,  3.587342952344E+00,  2.781164632685E+02,  2.745093145300E+02,  1.267950024626E-02,NaN,NaN,  2.597346338294E-01,  6.868753885012E+16,  1.247877230616E+18,  2.706311504570E+20,  8.799461584095E+18,  4.766730799907E+19,  1.484216452363E+20,  1.251523025899E+20,  3.971604089994E+02,  1.731994425561E+02,  1.907251180619E+02,NaN,  9.164593859653E+00,NaN,  2.407125452180E+01,  3.097662571638E-02,NaN,  6.291555917366E+06,  6.906548673099E-04
  3.154870714662E+06,  1.756087405018E+03,  1.756184669416E+03,  1.108838913641E+00,  2.666508395800E+02,  2.655362015508E+02,  1.220409441276E-02,NaN,NaN,  3.684128231797E-01,  6.874638510673E+16,  1.177479598142E+18,  2.706567685888E+20,  8.840455164808E+18,  4.554406071910E+19,  1.499726257615E+20,  1.489191329657E+20,  4.046887711233E+02,  1.761729921207E+02,  1.907431722334E+02,NaN,  9.130142518720E+00,NaN,  2.864246425038E+01,  3.089597997019E-02,NaN,  6.293144405488E+06,  8.641241358845E-04
  3.312828766997E+06,  1.746222114591E+03,  1.746532429990E+03,  4.645251037387E+00,  2.615351303615E+02,  2.568601863717E+02,  1.152644873347E-02,NaN,NaN,  2.805714187060E-01,  6.882774333860E+16,  1.080365706987E+18,  2.707079802828E+20,  8.898894507868E+18,  4.255469935674E+19,  1.523669461294E+20,  1.842585714458E+20,  4.159162604694E+02,  1.806025379309E+02,  1.907792632613E+02,NaN,  9.094959728977E+00,NaN,  3.543949954825E+01,  3.078039993823E-02,NaN,  6.295407236274E+06,  1.217731740667E-03
  3.478473922063E+06,  1.680559167920E+03,  1.682549166135E+03,  1.488500726583E+01,  2.630555527913E+02,  2.480474203665E+02,  7.445225577140E-03,NaN,NaN,  5.615040928356E-01,  6.914709549893E+16,  7.005480680510E+17,  2.710435693867E+20,  9.142818081354E+18,  2.991311328594E+19,  1.644939989763E+20,  4.427991304955E+20,  4.869919525256E+02,  2.017491306196E+02,  1.910157669725E+02,NaN,  9.060978468098E+00,NaN,  8.516607646540E+01,  3.035893179125E-02,NaN,  6.310365500715E+06,  6.259353516694E-02
  3.517839506551E+06,  1.419889313701E+03,  1.660000063364E+03,  1.944257957492E-01,  2.635316178092E+02,  2.461989375262E+02,  6.219811616430E-03,NaN,NaN,  5.186889654726E+03,  6.924548840128E+16,  5.833780101775E+17,  2.711515144688E+20,  9.220459680319E+18,  2.557013919630E+19,  1.687457008900E+20,  5.388045373894E+20,  5.128971829752E+02,  2.091201321950E+02,  1.910918403975E+02,NaN,  9.053867701857E+00,NaN,  1.036313426809E+02,  3.024298939312E-02,NaN,  6.315619911098E+06,  5.953202364292E+12
