t(yr),T_surf(K),T_pot(K),flux_surf(W/m2),flux_OLR(W/m2),flux_ASR(W/m2),phi(vol_frac),fO2_solid(bar),fO2_melt(bar),thick_surf_bl(m),massC_solid(kg),massC_melt(kg),massC_atm(kg),massH_solid(kg),massH_melt(kg),massH_atm(kg),massO_atm(kg),p_surf(bar),p_H2O(bar),p_CO2(bar),p_CO(bar),p_H2(bar),p_CH4(bar),p_O2(bar),mmw(kg/mol),R_trans(m),R_solid(m),viscosity(Pa.s)
  1.998401444325E-05,  3.598883152987E+03,  3.599999999976E+03,  3.634338530083E+02,  3.050715517219E+05,  2.680358061027E+04,  9.305230993258E-01,NaN,NaN,  1.290677055999E-02,  4.084955739966E+15,  6.612802035932E+19,  2.067843814674E+20,  3.437388603317E+17,  4.625986909267E+20,  5.905832702980E+19,  9.970018136750E+15,  1.678757962965E+02,  1.214425555624E+01,  1.457296231499E+02,NaN,  1.000000000000E+01,NaN,  1.917590321475E-03,  3.962770000262E-02,NaN,  3.504050000000E+06,  4.266428405036E-07
  3.996802888651E-05,  3.598766353096E+03,  3.599999999949E+03,  4.149746953275E+02,  3.050107385422E+05,  2.680358061027E+04,  9.305230993143E-01,NaN,NaN,  1.248586200338E-02,  4.084955740661E+15,  6.612802035870E+19,  2.067843814680E+20,  3.437388603933E+17,  4.625986909265E+20,  5.905832702986E+19,  9.970018136750E+15,  1.678757962971E+02,  1.214425555644E+01,  1.457296231504E+02,NaN,  9.999999999989E+00,NaN,  1.917590321475E-03,  3.962770000261E-02,NaN,  3.504050000000E+06,  4.266428405116E-07
  5.995204332976E-05,  3.598649601013E+03,  3.599999999918E+03,  4.681480770735E+02,  3.049499604040E+05,  2.680358061027E+04,  9.305230993012E-01,NaN,NaN,  1.211513124921E-02,  4.084955741445E+15,  6.612802035799E+19,  2.067843814687E+20,  3.437388604628E+17,  4.625986909263E+20,  5.905832702991E+19,  9.970018134603E+15,  1.678757962978E+02,  1.214425555666E+01,  1.457296231509E+02,NaN,  9.999999999974E+00,NaN,  1.917590321062E-03,  3.962770000260E-02,NaN,  3.504050000000E+06,  4.266428405205E-07
  1.021102556060E-04,  3.598403445942E+03,  3.599999999842E+03,  5.852551644541E+02,  3.048218516350E+05,  2.680358061027E+04,  9.305230992691E-01,NaN,NaN,  1.145744076752E-02,  4.084955743375E+15,  6.612802035626E+19,  2.067843814705E+20,  3.437388606338E+17,  4.625986909258E+20,  5.905832703017E+19,  9.970018132455E+15,  1.678757962996E+02,  1.214425555721E+01,  1.457296231521E+02,NaN,  9.999999999962E+00,NaN,  1.917590320649E-03,  3.962770000256E-02,NaN,  3.504050000000E+06,  4.266428405426E-07
  1.442684678822E-04,  3.598157487432E+03,  3.599999999751E+03,  7.084583798306E+02,  3.046938901993E+05,  2.680358061027E+04,  9.305230992307E-01,NaN,NaN,  1.092308590014E-02,  4.084955745687E+15,  6.612802035419E+19,  2.067843814725E+20,  3.437388608387E+17,  4.625986909252E+20,  5.905832703049E+19,  9.970018132455E+15,  1.678757963017E+02,  1.214425555787E+01,  1.457296231535E+02,NaN,  9.999999999951E+00,NaN,  1.917590320649E-03,  3.962770000252E-02,NaN,  3.504050000000E+06,  4.266428405691E-07
  1.864266801585E-04,  3.597911745949E+03,  3.599999999642E+03,  8.371658142151E+02,  3.045660866174E+05,  2.680358061027E+04,  9.305230991851E-01,NaN,NaN,  1.047661689350E-02,  4.084955748430E+15,  6.612802035173E+19,  2.067843814750E+20,  3.437388610818E+17,  4.625986909245E+20,  5.905832703089E+19,  9.970018130308E+15,  1.678757963041E+02,  1.214425555865E+01,  1.457296231552E+02,NaN,  9.999999999940E+00,NaN,  1.917590320236E-03,  3.962770000246E-02,NaN,  3.504050000000E+06,  4.266428406005E-07
  2.531021639164E-04,  3.597523561900E+03,  3.599999999434E+03,  1.050840925582E+03,  3.043642939606E+05,  2.680358061027E+04,  9.305230990970E-01,NaN,NaN,  9.897823152155E-03,  4.084955753726E+15,  6.612802034698E+19,  2.067843814797E+20,  3.437388615511E+17,  4.625986909232E+20,  5.905832703167E+19,  9.970018124939E+15,  1.678757963090E+02,  1.214425556015E+01,  1.457296231586E+02,NaN,  9.999999999922E+00,NaN,  1.917590319204E-03,  3.962770000236E-02,NaN,  3.504050000000E+06,  4.266428406610E-07
  3.197776476744E-04,  3.597135965873E+03,  3.599999999177E+03,  1.275668679992E+03,  3.041629187411E+05,  2.680358061027E+04,  9.305230989886E-01,NaN,NaN,  9.429517290830E-03,  4.084955760245E+15,  6.612802034114E+19,  2.067843814855E+20,  3.437388621288E+17,  4.625986909215E+20,  5.905832703266E+19,  9.970018120645E+15,  1.678757963149E+02,  1.214425556201E+01,  1.457296231627E+02,NaN,  9.999999999905E+00,NaN,  1.917590318377E-03,  3.962770000223E-02,NaN,  3.504050000000E+06,  4.266428407356E-07
  4.310878416719E-04,  3.596490252104E+03,  3.599999998634E+03,  1.672892930102E+03,  3.038276865038E+05,  2.680358061027E+04,  9.305230987596E-01,NaN,NaN,  8.811643090561E-03,  4.084955774015E+15,  6.612802032880E+19,  2.067843814978E+20,  3.437388633491E+17,  4.625986909180E+20,  5.905832703478E+19,  9.970018109907E+15,  1.678757963275E+02,  1.214425556592E+01,  1.457296231713E+02,NaN,  9.999999999875E+00,NaN,  1.917590316312E-03,  3.962770000196E-02,NaN,  3.504050000000E+06,  4.266428408932E-07
  5.423980356694E-04,  3.595846275061E+03,  3.599999997942E+03,  2.094195231257E+03,  3.034936642389E+05,  2.680358061027E+04,  9.305230984674E-01,NaN,NaN,  8.330472651486E-03,  4.084955791589E+15,  6.612802031306E+19,  2.067843815135E+20,  3.437388649063E+17,  4.625986909135E+20,  5.905832703753E+19,  9.970018097023E+15,  1.678757963435E+02,  1.214425557091E+01,  1.457296231824E+02,NaN,  9.999999999846E+00,NaN,  1.917590313834E-03,  3.962770000162E-02,NaN,  3.504050000000E+06,  4.266428410942E-07
  7.238651214839E-04,  3.594800264839E+03,  3.599999996470E+03,  2.825368161391E+03,  3.029517684093E+05,  2.680358061027E+04,  9.305230978464E-01,NaN,NaN,  7.729567123241E-03,  4.084955828938E+15,  6.612802027960E+19,  2.067843815469E+20,  3.437388682161E+17,  4.625986909040E+20,  5.905832704346E+19,  9.970018068033E+15,  1.678757963776E+02,  1.214425558153E+01,  1.457296232059E+02,NaN,  9.999999999797E+00,NaN,  1.917590308258E-03,  3.962770000087E-02,NaN,  3.504050000000E+06,  4.266428415215E-07
  1.099799286787E-03,  3.592649150767E+03,  3.599999991960E+03,  4.482805138979E+03,  3.018399097648E+05,  2.680358061027E+04,  9.305230959436E-01,NaN,NaN,  6.887101280574E-03,  4.084955943374E+15,  6.612802017709E+19,  2.067843816492E+20,  3.437388783568E+17,  4.625986908748E+20,  5.905832706186E+19,  9.970017977842E+15,  1.678757964821E+02,  1.214425561405E+01,  1.457296232780E+02,NaN,  9.999999999698E+00,NaN,  1.917590290912E-03,  3.962769999859E-02,NaN,  3.504050000000E+06,  4.266428428307E-07
  1.475733452091E-03,  3.590520474011E+03,  3.599999985298E+03,  6.292381863172E+03,  3.007430154923E+05,  2.680358061027E+04,  9.305230931327E-01,NaN,NaN,  6.327325370932E-03,  4.084956112427E+15,  6.612802002567E+19,  2.067843818003E+20,  3.437388933372E+17,  4.625986908318E+20,  5.905832708930E+19,  9.970017845777E+15,  1.678757966365E+02,  1.214425566210E+01,  1.457296233846E+02,NaN,  9.999999999598E+00,NaN,  1.917590265511E-03,  3.962769999521E-02,NaN,  3.504050000000E+06,  4.266428447648E-07
  1.851667617394E-03,  3.588415234127E+03,  3.599999976309E+03,  8.221460408633E+03,  2.996614842760E+05,  2.680358061027E+04,  9.305230893397E-01,NaN,NaN,  5.918159882494E-03,  4.084956340545E+15,  6.612801982136E+19,  2.067843820043E+20,  3.437389135517E+17,  4.625986907738E+20,  5.905832712651E+19,  9.970017669690E+15,  1.678757968450E+02,  1.214425572694E+01,  1.457296235283E+02,NaN,  9.999999999498E+00,NaN,  1.917590231643E-03,  3.962769999064E-02,NaN,  3.504050000000E+06,  4.266428473746E-07
  2.227601782698E-03,  3.586334167816E+03,  3.599999964857E+03,  1.024740167368E+04,  2.985955759027E+05,  2.680358061027E+04,  9.305230845077E-01,NaN,NaN,  5.601063508598E-03,  4.084956631154E+15,  6.612801956108E+19,  2.067843822642E+20,  3.437389393038E+17,  4.625986906999E+20,  5.905832717405E+19,  9.970017445286E+15,  1.678757971106E+02,  1.214425580954E+01,  1.457296237115E+02,NaN,  9.999999999398E+00,NaN,  1.917590188482E-03,  3.962769998481E-02,NaN,  3.504050000000E+06,  4.266428506993E-07
  2.603535948001E-03,  3.584277838987E+03,  3.599999950835E+03,  1.235326179400E+04,  2.975454593585E+05,  2.680358061027E+04,  9.305230785909E-01,NaN,NaN,  5.345379290106E-03,  4.084956986998E+15,  6.612801924238E+19,  2.067843825825E+20,  3.437389708367E+17,  4.625986906095E+20,  5.905832723237E+19,  9.970017170419E+15,  1.678757974359E+02,  1.214425591068E+01,  1.457296239358E+02,NaN,  9.999999999299E+00,NaN,  1.917590135615E-03,  3.962769997767E-02,NaN,  3.504050000000E+06,  4.266428547703E-07
  2.979470113304E-03,  3.582246691308E+03,  3.599999934152E+03,  1.452571079641E+04,  2.965112409743E+05,  2.680358061027E+04,  9.305230715518E-01,NaN,NaN,  5.133216610765E-03,  4.084957410345E+15,  6.612801886323E+19,  2.067843829611E+20,  3.437390083512E+17,  4.625986905019E+20,  5.905832730187E+19,  9.970016840792E+15,  1.678757978229E+02,  1.214425603101E+01,  1.457296242026E+02,NaN,  9.999999999199E+00,NaN,  1.917590072216E-03,  3.962769996917E-02,NaN,  3.504050000000E+06,  4.266428596136E-07
  3.355404278608E-03,  3.580241076231E+03,  3.599999914734E+03,  1.675389084995E+04,  2.954929796169E+05,  2.680358061027E+04,  9.305230633586E-01,NaN,NaN,  4.953304426771E-03,  4.084957903098E+15,  6.612801842192E+19,  2.067843834019E+20,  3.437390520160E+17,  4.625986903767E+20,  5.905832738284E+19,  9.970016458554E+15,  1.678757982734E+02,  1.214425617107E+01,  1.457296245132E+02,NaN,  9.999999999099E+00,NaN,  1.917589998698E-03,  3.962769995927E-02,NaN,  3.504050000000E+06,  4.266428652509E-07
  3.731338443911E-03,  3.578261269171E+03,  3.599999892519E+03,  1.902873192648E+04,  2.944906956123E+05,  2.680358061027E+04,  9.305230539849E-01,NaN,NaN,  4.798124142661E-03,  4.084958466857E+15,  6.612801791702E+19,  2.067843839061E+20,  3.437391019730E+17,  4.625986902334E+20,  5.905832747555E+19,  9.970016020484E+15,  1.678757987888E+02,  1.214425633130E+01,  1.457296248686E+02,NaN,  9.999999998999E+00,NaN,  1.917589914442E-03,  3.962769994794E-02,NaN,  3.504050000000E+06,  4.266428717006E-07
  4.107272609215E-03,  3.576307480660E+03,  3.599999867452E+03,  2.134251263231E+04,  2.935043769674E+05,  2.680358061027E+04,  9.305230434081E-01,NaN,NaN,  4.662432499905E-03,  4.084959102964E+15,  6.612801734733E+19,  2.067843844751E+20,  3.437391583410E+17,  4.625986900718E+20,  5.905832758023E+19,  9.970015527655E+15,  1.678757993704E+02,  1.214425651211E+01,  1.457296252695E+02,NaN,  9.999999998900E+00,NaN,  1.917589819653E-03,  3.962769993516E-02,NaN,  3.504050000000E+06,  4.266428789779E-07
  4.703373669161E-03,  3.573263137161E+03,  3.599999821757E+03,  2.507516854941E+04,  2.919730359221E+05,  2.680358061027E+04,  9.305230241275E-01,NaN,NaN,  4.478297925732E-03,  4.084960262542E+15,  6.612801630883E+19,  2.067843855123E+20,  3.437392610959E+17,  4.625986897771E+20,  5.905832777117E+19,  9.970014628967E+15,  1.678758004306E+02,  1.214425684170E+01,  1.457296260005E+02,NaN,  9.999999998742E+00,NaN,  1.917589646803E-03,  3.962769991185E-02,NaN,  3.504050000000E+06,  4.266428922440E-07
  5.299474729107E-03,  3.570284959781E+03,  3.599999768648E+03,  2.886673774851E+04,  2.904814586566E+05,  2.680358061027E+04,  9.305230017186E-01,NaN,NaN,  4.323391105984E-03,  4.084961610260E+15,  6.612801510184E+19,  2.067843867178E+20,  3.437393805226E+17,  4.625986894347E+20,  5.905832799323E+19,  9.970013583182E+15,  1.678758016629E+02,  1.214425722476E+01,  1.457296268501E+02,NaN,  9.999999998583E+00,NaN,  1.917589445661E-03,  3.962769988476E-02,NaN,  3.504050000000E+06,  4.266429076625E-07
  5.895575789054E-03,  3.567373085479E+03,  3.599999708026E+03,  3.269865864300E+04,  2.890292645965E+05,  2.680358061027E+04,  9.305229761395E-01,NaN,NaN,  4.190747277812E-03,  4.084963148642E+15,  6.612801372410E+19,  2.067843880938E+20,  3.437395168448E+17,  4.625986890439E+20,  5.905832824682E+19,  9.970012390299E+15,  1.678758030695E+02,  1.214425766202E+01,  1.457296278198E+02,NaN,  9.999999998425E+00,NaN,  1.917589216228E-03,  3.962769985382E-02,NaN,  3.504050000000E+06,  4.266429252623E-07
  6.491676849000E-03,  3.564527424545E+03,  3.599999639827E+03,  3.655539838395E+04,  2.876159721116E+05,  2.680358061027E+04,  9.305229473636E-01,NaN,NaN,  4.075548640475E-03,  4.084964879286E+15,  6.612801217418E+19,  2.067843896419E+20,  3.437396702042E+17,  4.625986886042E+20,  5.905832853220E+19,  9.970011047099E+15,  1.678758046520E+02,  1.214425815393E+01,  1.457296289108E+02,NaN,  9.999999998267E+00,NaN,  1.917588957882E-03,  3.962769981902E-02,NaN,  3.504050000000E+06,  4.266429450617E-07
  7.455751312475E-03,  3.560064569120E+03,  3.599999513412E+03,  4.281256064385E+04,  2.854111621016E+05,  2.680358061027E+04,  9.305228940234E-01,NaN,NaN,  3.917699934442E-03,  4.084968087276E+15,  6.612800930120E+19,  2.067843925114E+20,  3.437399544770E+17,  4.625986877892E+20,  5.905832906140E+19,  9.970008560406E+15,  1.678758075853E+02,  1.214425906575E+01,  1.457296309331E+02,NaN,  9.999999998011E+00,NaN,  1.917588479602E-03,  3.962769975449E-02,NaN,  3.504050000000E+06,  4.266429817625E-07
  8.419825775949E-03,  3.555772310349E+03,  3.599999367073E+03,  4.905513367465E+04,  2.833040054125E+05,  2.680358061027E+04,  9.305228322767E-01,NaN,NaN,  3.786629947261E-03,  4.084971800853E+15,  6.612800597544E+19,  2.067843958332E+20,  3.437402835520E+17,  4.625986868458E+20,  5.905832967420E+19,  9.970005679665E+15,  1.678758109811E+02,  1.214426012128E+01,  1.457296332741E+02,NaN,  9.999999997756E+00,NaN,  1.917587925533E-03,  3.962769967979E-02,NaN,  3.504050000000E+06,  4.266430242475E-07
  9.383900239423E-03,  3.551647985434E+03,  3.599999200922E+03,  5.524719812037E+04,  2.812915812913E+05,  2.680358061027E+04,  9.305227621706E-01,NaN,NaN,  3.675753919834E-03,  4.084976017187E+15,  6.612800219943E+19,  2.067843996048E+20,  3.437406571783E+17,  4.625986857747E+20,  5.905833037016E+19,  9.970002409170E+15,  1.678758148366E+02,  1.214426131971E+01,  1.457296359321E+02,NaN,  9.999999997500E+00,NaN,  1.917587296500E-03,  3.962769959497E-02,NaN,  3.504050000000E+06,  4.266430724842E-07
  1.034797470290E-02,  3.547688363698E+03,  3.599999015170E+03,  6.136026350508E+04,  2.793708009934E+05,  2.680358061027E+04,  9.305226837938E-01,NaN,NaN,  3.580570284968E-03,  4.084980730938E+15,  6.612799797796E+19,  2.067844038213E+20,  3.437410748827E+17,  4.625986845773E+20,  5.905833114837E+19,  9.969998754289E+15,  1.678758191470E+02,  1.214426265952E+01,  1.457296389037E+02,NaN,  9.999999997244E+00,NaN,  1.917586593536E-03,  3.962769950014E-02,NaN,  3.504050000000E+06,  4.266431264117E-07
  1.131204916637E-02,  3.543889783750E+03,  3.599998810105E+03,  6.737167333843E+04,  2.775384762937E+05,  2.680358061027E+04,  9.305225972679E-01,NaN,NaN,  3.497878247872E-03,  4.084985934792E+15,  6.612799331757E+19,  2.067844084763E+20,  3.437415360173E+17,  4.625986832554E+20,  5.905833200764E+19,  9.969994719319E+15,  1.678758239056E+02,  1.214426413864E+01,  1.457296421842E+02,NaN,  9.999999996988E+00,NaN,  1.917585817467E-03,  3.962769939544E-02,NaN,  3.504050000000E+06,  4.266431859461E-07
  1.227612362985E-02,  3.540248243912E+03,  3.599998586079E+03,  7.326347784620E+04,  2.757913627237E+05,  2.680358061027E+04,  9.305225027414E-01,NaN,NaN,  3.425327932503E-03,  4.084991619821E+15,  6.612798822627E+19,  2.067844135617E+20,  3.437420397906E+17,  4.625986818113E+20,  5.905833294648E+19,  9.969990310700E+15,  1.678758291043E+02,  1.214426575452E+01,  1.457296457681E+02,NaN,  9.999999996732E+00,NaN,  1.917584969533E-03,  3.962769928105E-02,NaN,  3.504050000000E+06,  4.266432509855E-07
  1.324019809332E-02,  3.536759479683E+03,  3.599998343494E+03,  7.902158253396E+04,  2.741261948022E+05,  2.680358061027E+04,  9.305224003846E-01,NaN,NaN,  3.361147923027E-03,  4.084997775784E+15,  6.612798271322E+19,  2.067844190683E+20,  3.437425852955E+17,  4.625986802475E+20,  5.905833396320E+19,  9.969985537023E+15,  1.678758347336E+02,  1.214426750427E+01,  1.457296496488E+02,NaN,  9.999999996477E+00,NaN,  1.917584051384E-03,  3.962769915719E-02,NaN,  3.504050000000E+06,  4.266433214125E-07
  1.420427255679E-02,  3.533419035184E+03,  3.599998082796E+03,  8.463507636919E+04,  2.725397170330E+05,  2.680358061027E+04,  9.305222903847E-01,NaN,NaN,  3.303972914844E-03,  4.085004391417E+15,  6.612797678852E+19,  2.067844249862E+20,  3.437431715337E+17,  4.625986785670E+20,  5.905833505594E+19,  9.969980405804E+15,  1.678758407834E+02,  1.214426938466E+01,  1.457296538194E+02,NaN,  9.999999996221E+00,NaN,  1.917583064468E-03,  3.962769902407E-02,NaN,  3.504050000000E+06,  4.266433970984E-07
  1.516834702027E-02,  3.530222325049E+03,  3.599997804458E+03,  9.009569308100E+04,  2.710287092949E+05,  2.680358061027E+04,  9.305221729420E-01,NaN,NaN,  3.252730552352E-03,  4.085011454677E+15,  6.612797046294E+19,  2.067844313045E+20,  3.437437974379E+17,  4.625986767729E+20,  5.905833622271E+19,  9.969974927778E+15,  1.678758472424E+02,  1.214427139229E+01,  1.457296582722E+02,NaN,  9.999999995965E+00,NaN,  1.917582010848E-03,  3.962769888194E-02,NaN,  3.504050000000E+06,  4.266434779054E-07
  1.668532093006E-02,  3.525472064088E+03,  3.599997331981E+03,  9.836447378949E+04,  2.687963351480E+05,  2.680358061027E+04,  9.305219735834E-01,NaN,NaN,  3.182105419684E-03,  4.085023444540E+15,  6.612795972529E+19,  2.067844420297E+20,  3.437448599089E+17,  4.625986737273E+20,  5.905833820347E+19,  9.969965629523E+15,  1.678758582068E+02,  1.214427480024E+01,  1.457296658307E+02,NaN,  9.999999995563E+00,NaN,  1.917580222461E-03,  3.962769864067E-02,NaN,  3.504050000000E+06,  4.266436150750E-07
  1.820229483985E-02,  3.521047814264E+03,  3.599996819073E+03,  1.062255629108E+05,  2.667310352547E+05,  2.680358061027E+04,  9.305217571653E-01,NaN,NaN,  3.121525658341E-03,  4.085036460402E+15,  6.612794806881E+19,  2.067844536728E+20,  3.437460132981E+17,  4.625986704211E+20,  5.905834035390E+19,  9.969955535654E+15,  1.678758701094E+02,  1.214427849982E+01,  1.457296740361E+02,NaN,  9.999999995160E+00,NaN,  1.917578281050E-03,  3.962769837874E-02,NaN,  3.504050000000E+06,  4.266437639827E-07
  1.971926874964E-02,  3.516931270716E+03,  3.599996267800E+03,  1.136730499290E+05,  2.648213235924E+05,  2.680358061027E+04,  9.305215245596E-01,NaN,NaN,  3.069091468663E-03,  4.085050449827E+15,  6.612793554045E+19,  2.067844661869E+20,  3.437472529593E+17,  4.625986668676E+20,  5.905834266534E+19,  9.969944688048E+15,  1.678758829023E+02,  1.214428247612E+01,  1.457296828553E+02,NaN,  9.999999994758E+00,NaN,  1.917576194668E-03,  3.962769809722E-02,NaN,  3.504050000000E+06,  4.266439240285E-07
  2.123624265943E-02,  3.513104415339E+03,  3.599995680240E+03,  1.207076722674E+05,  2.630562794517E+05,  2.680358061027E+04,  9.305212766428E-01,NaN,NaN,  3.023364677091E-03,  4.085065360097E+15,  6.612792218743E+19,  2.067844795246E+20,  3.437485742207E+17,  4.625986630802E+20,  5.905834512907E+19,  9.969933122134E+15,  1.678758965374E+02,  1.214428671415E+01,  1.457296922549E+02,NaN,  9.999999994355E+00,NaN,  1.917573970130E-03,  3.962769779716E-02,NaN,  3.504050000000E+06,  4.266440946093E-07
  2.275321656923E-02,  3.509549709431E+03,  3.599995058449E+03,  1.273351506807E+05,  2.614255879995E+05,  2.680358061027E+04,  9.305210142821E-01,NaN,NaN,  2.983233332223E-03,  4.085081139055E+15,  6.612790805645E+19,  2.067844936394E+20,  3.437499724609E+17,  4.625986590722E+20,  5.905834773646E+19,  9.969920887305E+15,  1.678759109669E+02,  1.214429119911E+01,  1.457297022022E+02,NaN,  9.999999993953E+00,NaN,  1.917571616936E-03,  3.962769747961E-02,NaN,  3.504050000000E+06,  4.266442751284E-07
  2.427019047902E-02,  3.506250192597E+03,  3.599994404440E+03,  1.335649603593E+05,  2.599195400070E+05,  2.680358061027E+04,  9.305207383275E-01,NaN,NaN,  2.947821709253E-03,  4.085097735580E+15,  6.612789319329E+19,  2.067845084856E+20,  3.437514431497E+17,  4.625986548565E+20,  5.905835047906E+19,  9.969908014697E+15,  1.678759261441E+02,  1.214429591645E+01,  1.457297126650E+02,NaN,  9.999999993550E+00,NaN,  1.917569141074E-03,  3.962769714560E-02,NaN,  3.504050000000E+06,  4.266444650011E-07
  2.578716438881E-02,  3.503189541457E+03,  3.599993720176E+03,  1.394093800074E+05,  2.585290166888E+05,  2.680358061027E+04,  9.305204496068E-01,NaN,NaN,  2.916428941835E-03,  4.085115099892E+15,  6.612787764255E+19,  2.067845240187E+20,  3.437529818760E+17,  4.625986504459E+20,  5.905835334863E+19,  9.969894550480E+15,  1.678759420235E+02,  1.214430085202E+01,  1.457297236118E+02,NaN,  9.999999993148E+00,NaN,  1.917566551424E-03,  3.962769679614E-02,NaN,  3.504050000000E+06,  4.266446636578E-07
  2.730413829860E-02,  3.500352125047E+03,  3.599993007553E+03,  1.448827029699E+05,  2.572454767416E+05,  2.680358061027E+04,  9.305201489205E-01,NaN,NaN,  2.888486326842E-03,  4.085133183845E+15,  6.612786144732E+19,  2.067845401954E+20,  3.437545843736E+17,  4.625986458524E+20,  5.905835633722E+19,  9.969880524716E+15,  1.678759585610E+02,  1.214430599215E+01,  1.457297350122E+02,NaN,  9.999999992745E+00,NaN,  1.917563853770E-03,  3.962769643219E-02,NaN,  3.504050000000E+06,  4.266448705478E-07
  3.039975930112E-02,  3.495193085612E+03,  3.599991472888E+03,  1.549669553776E+05,  2.549253699595E+05,  2.680358061027E+04,  9.305195013789E-01,NaN,NaN,  2.840303763363E-03,  4.085172128475E+15,  6.612782657017E+19,  2.067845750329E+20,  3.437580354287E+17,  4.625986359602E+20,  5.905836277353E+19,  9.969850321491E+15,  1.678759941753E+02,  1.214431706166E+01,  1.457297595636E+02,NaN,  9.999999991924E+00,NaN,  1.917558044611E-03,  3.962769564840E-02,NaN,  3.504050000000E+06,  4.266453160955E-07
  3.349538030364E-02,  3.490785717157E+03,  3.599989842064E+03,  1.637136400289E+05,  2.529571735756E+05,  2.680358061027E+04,  9.305188132642E-01,NaN,NaN,  2.801582840199E-03,  4.085213513277E+15,  6.612778950771E+19,  2.067846120532E+20,  3.437617027222E+17,  4.625986254482E+20,  5.905836961340E+19,  9.969818227478E+15,  1.678760320212E+02,  1.214432882478E+01,  1.457297856534E+02,NaN,  9.999999991103E+00,NaN,  1.917551871787E-03,  3.962769481548E-02,NaN,  3.504050000000E+06,  4.266457895610E-07
  3.575378303468E-02,  3.487984761185E+03,  3.599988599097E+03,  1.693336322297E+05,  2.517129558826E+05,  2.680358061027E+04,  9.305182888027E-01,NaN,NaN,  2.778043044606E-03,  4.085245055608E+15,  6.612776125976E+19,  2.067846402691E+20,  3.437644978325E+17,  4.625986174362E+20,  5.905837482670E+19,  9.969793767483E+15,  1.678760608663E+02,  1.214433779031E+01,  1.457298055383E+02,NaN,  9.999999990503E+00,NaN,  1.917547167257E-03,  3.962769418065E-02,NaN,  3.504050000000E+06,  4.266461504237E-07
  3.801218576571E-02,  3.485492626122E+03,  3.599987316379E+03,  1.743731798193E+05,  2.506102132503E+05,  2.680358061027E+04,  9.305177475686E-01,NaN,NaN,  2.757750358062E-03,  4.085277606689E+15,  6.612773210842E+19,  2.067846693873E+20,  3.437673823352E+17,  4.625986091680E+20,  5.905838020683E+19,  9.969768522612E+15,  1.678760906340E+02,  1.214434704257E+01,  1.457298260592E+02,NaN,  9.999999989904E+00,NaN,  1.917542311768E-03,  3.962769352551E-02,NaN,  3.504050000000E+06,  4.266465228277E-07
  4.027058849674E-02,  3.483276587986E+03,  3.599985998055E+03,  1.788848634593E+05,  2.496330216932E+05,  2.680358061027E+04,  9.305171913104E-01,NaN,NaN,  2.740195636503E-03,  4.085311061365E+15,  6.612770214786E+19,  2.067846993139E+20,  3.437703469122E+17,  4.625986006704E+20,  5.905838573640E+19,  9.969742578761E+15,  1.678761212280E+02,  1.214435655168E+01,  1.457298471497E+02,NaN,  9.999999989305E+00,NaN,  1.917537321839E-03,  3.962769285218E-02,NaN,  3.504050000000E+06,  4.266469055700E-07
  4.252899122778E-02,  3.481307085760E+03,  3.599984647882E+03,  1.829182836292E+05,  2.487672033981E+05,  2.680358061027E+04,  9.305166216144E-01,NaN,NaN,  2.724964126199E-03,  4.085345324237E+15,  6.612767146351E+19,  2.067847299634E+20,  3.437733831100E+17,  4.625985919674E+20,  5.905839139964E+19,  9.969716005721E+15,  1.678761525611E+02,  1.214436629052E+01,  1.457298687497E+02,NaN,  9.999999988706E+00,NaN,  1.917532210895E-03,  3.962769216258E-02,NaN,  3.504050000000E+06,  4.266472975591E-07
  4.608687825718E-02,  3.478641055851E+03,  3.599982464310E+03,  1.884129673846E+05,  2.475991493670E+05,  2.680358061027E+04,  9.305157002710E-01,NaN,NaN,  2.704877071905E-03,  4.085400736034E+15,  6.612762183912E+19,  2.067847795316E+20,  3.437782934214E+17,  4.625985778925E+20,  5.905840055869E+19,  9.969673034037E+15,  1.678762032349E+02,  1.214438204073E+01,  1.457299036824E+02,NaN,  9.999999987762E+00,NaN,  1.917523945907E-03,  3.962769104731E-02,NaN,  3.504050000000E+06,  4.266479315069E-07
  4.964476528658E-02,  3.476430878449E+03,  3.599980221653E+03,  1.929978396433E+05,  2.466342512888E+05,  2.680358061027E+04,  9.305147539972E-01,NaN,NaN,  2.688668652549E-03,  4.085457647234E+15,  6.612757087193E+19,  2.067848304410E+20,  3.437833366095E+17,  4.625985634367E+20,  5.905840996571E+19,  9.969628898461E+15,  1.678762552799E+02,  1.214439821716E+01,  1.457299395604E+02,NaN,  9.999999986818E+00,NaN,  1.917515457060E-03,  3.962768990186E-02,NaN,  3.504050000000E+06,  4.266485826106E-07
  5.320265231598E-02,  3.474600136573E+03,  3.599977929736E+03,  1.968154234822E+05,  2.458373396160E+05,  2.680358061027E+04,  9.305137869384E-01,NaN,NaN,  2.675535900435E-03,  4.085515808524E+15,  6.612751878522E+19,  2.067848824687E+20,  3.437884905821E+17,  4.625985486633E+20,  5.905841957950E+19,  9.969583794406E+15,  1.678763084681E+02,  1.214441474895E+01,  1.457299762265E+02,NaN,  9.999999985874E+00,NaN,  1.917506781941E-03,  3.962768873124E-02,NaN,  3.504050000000E+06,  4.266492480181E-07
  5.676053934538E-02,  3.473084734110E+03,  3.599975596824E+03,  1.999885834416E+05,  2.451792750527E+05,  2.680358061027E+04,  9.305128025820E-01,NaN,NaN,  2.664860234671E-03,  4.085575010167E+15,  6.612746576681E+19,  2.067849354270E+20,  3.437937367537E+17,  4.625985336257E+20,  5.905842936536E+19,  9.969537882927E+15,  1.678763626078E+02,  1.214443157647E+01,  1.457300135485E+02,NaN,  9.999999984930E+00,NaN,  1.917497951525E-03,  3.962768753967E-02,NaN,  3.504050000000E+06,  4.266499253298E-07
  6.031842637478E-02,  3.471830997257E+03,  3.599973229859E+03,  2.026224455315E+05,  2.446359037525E+05,  2.680358061027E+04,  9.305118038571E-01,NaN,NaN,  2.656158726721E-03,  4.085635075994E+15,  6.612741197449E+19,  2.067849891584E+20,  3.437990595135E+17,  4.625985183686E+20,  5.905843929416E+19,  9.969491302533E+15,  1.678764175379E+02,  1.214444864967E+01,  1.457300514153E+02,NaN,  9.999999983986E+00,NaN,  1.917488992452E-03,  3.962768633070E-02,NaN,  3.504050000000E+06,  4.266506125305E-07
  6.387631340418E-02,  3.470794119005E+03,  3.599970834651E+03,  2.048062721411E+05,  2.441872304533E+05,  2.680358061027E+04,  9.305107932154E-01,NaN,NaN,  2.649050734826E-03,  4.085695858566E+15,  6.612735754028E+19,  2.067850435310E+20,  3.438044457965E+17,  4.625985029294E+20,  5.905844934151E+19,  9.969444165960E+15,  1.678764731235E+02,  1.214446592663E+01,  1.457300897339E+02,NaN,  9.999999983042E+00,NaN,  1.917479926407E-03,  3.962768510730E-02,NaN,  3.504050000000E+06,  4.266513079334E-07
  6.743420043358E-02,  3.469936814124E+03,  3.599968416043E+03,  2.066153486821E+05,  2.438167307899E+05,  2.680358061027E+04,  9.305097727003E-01,NaN,NaN,  2.643234065345E-03,  4.085757234978E+15,  6.612730257426E+19,  2.067850984348E+20,  3.438098847115E+17,  4.625984873393E+20,  5.905845948709E+19,  9.969396567697E+15,  1.678765292522E+02,  1.214448337242E+01,  1.457301284269E+02,NaN,  9.999999982098E+00,NaN,  1.917470771562E-03,  3.962768387194E-02,NaN,  3.504050000000E+06,  4.266520101323E-07
  7.099208746298E-02,  3.469228133849E+03,  3.599965978060E+03,  2.081128431597E+05,  2.435107661944E+05,  2.680358061027E+04,  9.305087440098E-01,NaN,NaN,  2.638467368693E-03,  4.085819103113E+15,  6.612724716787E+19,  2.067851537785E+20,  3.438153672097E+17,  4.625984716243E+20,  5.905846971401E+19,  9.969348590416E+15,  1.678765858306E+02,  1.214450095801E+01,  1.457301674299E+02,NaN,  9.999999981154E+00,NaN,  1.917461543819E-03,  3.962768262668E-02,NaN,  3.504050000000E+06,  4.266527179591E-07
  7.454997449238E-02,  3.468642409727E+03,  3.599963524041E+03,  2.093516045141E+05,  2.432580779693E+05,  2.680358061027E+04,  9.305077085533E-01,NaN,NaN,  2.634556737216E-03,  4.085881378206E+15,  6.612719139703E+19,  2.067852094862E+20,  3.438208857797E+17,  4.625984558059E+20,  5.905848000826E+19,  9.969300294246E+15,  1.678766427812E+02,  1.214451865931E+01,  1.457302066895E+02,NaN,  9.999999980210E+00,NaN,  1.917452254742E-03,  3.962768137322E-02,NaN,  3.504050000000E+06,  4.266534304440E-07
  8.166574855118E-02,  3.467758327371E+03,  3.599958578516E+03,  2.112221381208E+05,  2.428769453870E+05,  2.680358061027E+04,  9.305056218227E-01,NaN,NaN,  2.628706724338E-03,  4.086006879807E+15,  6.612707900331E+19,  2.067853217527E+20,  3.438320072575E+17,  4.625984239274E+20,  5.905850075416E+19,  9.969202970716E+15,  1.678767575527E+02,  1.214455433245E+01,  1.457302858084E+02,NaN,  9.999999978322E+00,NaN,  1.917433535953E-03,  3.962767884714E-02,NaN,  3.504050000000E+06,  4.266548663054E-07
  8.878152260998E-02,  3.467154445975E+03,  3.599953596437E+03,  2.124987105958E+05,  2.426167091627E+05,  2.680358061027E+04,  9.305035196683E-01,NaN,NaN,  2.624752076744E-03,  4.086133309170E+15,  6.612696577874E+19,  2.067854348491E+20,  3.438432109867E+17,  4.625983918131E+20,  5.905852165358E+19,  9.969104925658E+15,  1.678768731727E+02,  1.214459026945E+01,  1.457303655122E+02,NaN,  9.999999976435E+00,NaN,  1.917414678389E-03,  3.962767630237E-02,NaN,  3.504050000000E+06,  4.266563127902E-07
  9.589729666878E-02,  3.466741717441E+03,  3.599948589428E+03,  2.133688011600E+05,  2.424387955324E+05,  2.680358061027E+04,  9.305014069951E-01,NaN,NaN,  2.622074358136E-03,  4.086260371309E+15,  6.612685198747E+19,  2.067855485116E+20,  3.438544708273E+17,  4.625983595379E+20,  5.905854265774E+19,  9.969006388845E+15,  1.678769893716E+02,  1.214462638646E+01,  1.457304456149E+02,NaN,  9.999999974547E+00,NaN,  1.917395726243E-03,  3.962767374484E-02,NaN,  3.504050000000E+06,  4.266577665234E-07
  1.030130707276E-01,  3.466459310526E+03,  3.599943565436E+03,  2.139611733254E+05,  2.423169356523E+05,  2.680358061027E+04,  9.304992871556E-01,NaN,NaN,  2.620259843905E-03,  4.086387864586E+15,  6.612673781010E+19,  2.067856625598E+20,  3.438657689114E+17,  4.625983271532E+20,  5.905856373329E+19,  9.968907520258E+15,  1.678771059650E+02,  1.214466262617E+01,  1.457305259894E+02,NaN,  9.999999972659E+00,NaN,  1.917376710285E-03,  3.962767117862E-02,NaN,  3.504050000000E+06,  4.266592251984E-07
  1.101288447864E-01,  3.466265697461E+03,  3.599938529887E+03,  2.143640498107E+05,  2.422332346272E+05,  2.680358061027E+04,  9.304971624400E-01,NaN,NaN,  2.619030087749E-03,  4.086515651271E+15,  6.612662336997E+19,  2.067857768704E+20,  3.438770930339E+17,  4.625982946937E+20,  5.905858485744E+19,  9.968808426194E+15,  1.678772228268E+02,  1.214469894942E+01,  1.457306065489E+02,NaN,  9.999999970771E+00,NaN,  1.917357650960E-03,  3.962766860648E-02,NaN,  3.504050000000E+06,  4.266606872394E-07
  1.172446188452E-01,  3.466132567094E+03,  3.599933486482E+03,  2.146377230370E+05,  2.421755104580E+05,  2.680358061027E+04,  9.304950344099E-01,NaN,NaN,  2.618197087994E-03,  4.086643637438E+15,  6.612650875119E+19,  2.067858913595E+20,  3.438884348718E+17,  4.625982621835E+20,  5.905860601468E+19,  9.968709176443E+15,  1.678773398712E+02,  1.214473532953E+01,  1.457306872342E+02,NaN,  9.999999968883E+00,NaN,  1.917338561691E-03,  3.962766603031E-02,NaN,  3.504050000000E+06,  4.266621515718E-07
  1.243603929040E-01,  3.466040624377E+03,  3.599928437746E+03,  2.148233526138E+05,  2.421354688986E+05,  2.680358061027E+04,  9.304929041300E-01,NaN,NaN,  2.617633554772E-03,  4.086771759060E+15,  6.612639401111E+19,  2.067860059698E+20,  3.438997887511E+17,  4.625982296388E+20,  5.905862719440E+19,  9.968609821469E+15,  1.678774570396E+02,  1.214477174829E+01,  1.457307680048E+02,NaN,  9.999999966995E+00,NaN,  1.917319452183E-03,  3.962766345139E-02,NaN,  3.504050000000E+06,  4.266636174631E-07
  1.356921135165E-01,  3.465948363175E+03,  3.599920390769E+03,  2.150031416376E+05,  2.420949463727E+05,  2.680358061027E+04,  9.304895087629E-01,NaN,NaN,  2.617089739295E-03,  4.086975967229E+15,  6.612621113126E+19,  2.067861886427E+20,  3.439178853447E+17,  4.625981777667E+20,  5.905866095215E+19,  9.968451464447E+15,  1.678776437902E+02,  1.214482979507E+01,  1.457308967421E+02,NaN,  9.999999963989E+00,NaN,  1.917288994476E-03,  3.962765934092E-02,NaN,  3.504050000000E+06,  4.266659539101E-07
  1.470238341290E-01,  3.465895391750E+03,  3.599912338792E+03,  2.150988719287E+05,  2.420712826282E+05,  2.680358061027E+04,  9.304861112860E-01,NaN,NaN,  2.616802089796E-03,  4.087180302649E+15,  6.612602813745E+19,  2.067863714294E+20,  3.439359933111E+17,  4.625981258619E+20,  5.905869473116E+19,  9.968293009719E+15,  1.678778306575E+02,  1.214488787840E+01,  1.457310255596E+02,NaN,  9.999999960982E+00,NaN,  1.917258517977E-03,  3.962765522785E-02,NaN,  3.504050000000E+06,  4.266682918362E-07
  1.583555547414E-01,  3.465863665120E+03,  3.599904284175E+03,  2.151491388214E+05,  2.420567333058E+05,  2.680358061027E+04,  9.304827126953E-01,NaN,NaN,  2.616652816359E-03,  4.087384705419E+15,  6.612584508333E+19,  2.067865542764E+20,  3.439541073421E+17,  4.625980739398E+20,  5.905872852154E+19,  9.968134505600E+15,  1.678780175868E+02,  1.214494598125E+01,  1.457311544195E+02,NaN,  9.999999957976E+00,NaN,  1.917228031977E-03,  3.962765111339E-02,NaN,  3.504050000000E+06,  4.266706305561E-07
  1.696872753539E-01,  3.465843496018E+03,  3.599896228186E+03,  2.151746697343E+05,  2.420471419379E+05,  2.680358061027E+04,  9.304793135255E-01,NaN,NaN,  2.616578781328E-03,  4.087589143377E+15,  6.612566199769E+19,  2.067867371549E+20,  3.439722245877E+17,  4.625980220084E+20,  5.905876231795E+19,  9.967975975712E+15,  1.678782045487E+02,  1.214500409449E+01,  1.457312833017E+02,NaN,  9.999999954969E+00,NaN,  1.917197541022E-03,  3.962764699817E-02,NaN,  3.504050000000E+06,  4.266729697018E-07
  1.810189959664E-01,  3.465829580426E+03,  3.599888171519E+03,  2.151868158151E+05,  2.420402330776E+05,  2.680358061027E+04,  9.304759140694E-01,NaN,NaN,  2.616545444270E-03,  4.087793598917E+15,  6.612547889631E+19,  2.067869200491E+20,  3.439903434877E+17,  4.625979700722E+20,  5.905879611750E+19,  9.967817432940E+15,  1.678783915270E+02,  1.214506221311E+01,  1.457314121949E+02,NaN,  9.999999951963E+00,NaN,  1.917167047588E-03,  3.962764288257E-02,NaN,  3.504050000000E+06,  4.266753090718E-07
  1.901141318853E-01,  3.465820958446E+03,  3.599881704794E+03,  2.151911128894E+05,  2.420357804043E+05,  2.680358061027E+04,  9.304731854789E-01,NaN,NaN,  2.616535260683E-03,  4.087957706446E+15,  6.612533192883E+19,  2.067870668503E+20,  3.440048868067E+17,  4.625979283850E+20,  5.905882324707E+19,  9.967690176757E+15,  1.678785416066E+02,  1.214510886265E+01,  1.457315156518E+02,NaN,  9.999999949550E+00,NaN,  1.917142571683E-03,  3.962763957912E-02,NaN,  3.504050000000E+06,  4.266771867987E-07
  2.083044037231E-01,  3.465807196829E+03,  3.599868771158E+03,  2.151922536013E+05,  2.420283688355E+05,  2.680358061027E+04,  9.304677282194E-01,NaN,NaN,  2.616537550760E-03,  4.088285926920E+15,  6.612503798902E+19,  2.067873604575E+20,  3.440339741107E+17,  4.625978450087E+20,  5.905887750755E+19,  9.967435663319E+15,  1.678788417715E+02,  1.214520216402E+01,  1.457317225692E+02,NaN,  9.999999944724E+00,NaN,  1.917093619665E-03,  3.962763297204E-02,NaN,  3.504050000000E+06,  4.266809423592E-07
  2.264946755609E-01,  3.465795492696E+03,  3.599855837613E+03,  2.151889910231E+05,  2.420218399113E+05,  2.680358061027E+04,  9.304622709981E-01,NaN,NaN,  2.616553225963E-03,  4.088614146030E+15,  6.612474405044E+19,  2.067876540635E+20,  3.440630615418E+17,  4.625977616320E+20,  5.905893176837E+19,  9.967181157396E+15,  1.678791419362E+02,  1.214529546598E+01,  1.457319294856E+02,NaN,  9.999999939898E+00,NaN,  1.917044669093E-03,  3.962762636488E-02,NaN,  3.504050000000E+06,  4.266846979639E-07
  2.581893669434E-01,  3.465776764021E+03,  3.599833302873E+03,  2.151797452332E+05,  2.420111782574E+05,  2.680358061027E+04,  9.304527626178E-01,NaN,NaN,  2.616591364436E-03,  4.089186020266E+15,  6.612423190505E+19,  2.067881656295E+20,  3.441137427679E+17,  4.625976163581E+20,  5.905902631135E+19,  9.966737722947E+15,  1.678796649319E+02,  1.214545803346E+01,  1.457322900076E+02,NaN,  9.999999931489E+00,NaN,  1.916959380822E-03,  3.962761485263E-02,NaN,  3.504050000000E+06,  4.266912417037E-07
  2.734705413736E-01,  3.465767951016E+03,  3.599822438409E+03,  2.151748244027E+05,  2.420061310338E+05,  2.680358061027E+04,  9.304481784312E-01,NaN,NaN,  2.616611160781E-03,  4.089461733664E+15,  6.612398498826E+19,  2.067884122669E+20,  3.441381775930E+17,  4.625975463174E+20,  5.905907189325E+19,  9.966523936083E+15,  1.678799170809E+02,  1.214553641195E+01,  1.457324638233E+02,NaN,  9.999999927435E+00,NaN,  1.916918261977E-03,  3.962760930220E-02,NaN,  3.504050000000E+06,  4.266943966522E-07
  2.887517158038E-01,  3.465759098711E+03,  3.599811574204E+03,  2.151699882868E+05,  2.420010670737E+05,  2.680358061027E+04,  9.304435943539E-01,NaN,NaN,  2.616630699993E-03,  4.089737441148E+15,  6.612373807678E+19,  2.067886588990E+20,  3.441626120690E+17,  4.625974762777E+20,  5.905911747458E+19,  9.966310155660E+15,  1.678801692252E+02,  1.214561478945E+01,  1.457326376353E+02,NaN,  9.999999923381E+00,NaN,  1.916877144372E-03,  3.962760375182E-02,NaN,  3.504050000000E+06,  4.266975515753E-07
  3.040328902339E-01,  3.465750258405E+03,  3.599800710251E+03,  2.151651270855E+05,  2.419960083766E+05,  2.680358061027E+04,  9.304390103829E-01,NaN,NaN,  2.616650315877E-03,  4.090013142890E+15,  6.612349117043E+19,  2.067889055259E+20,  3.441870462112E+17,  4.625974062388E+20,  5.905916305536E+19,  9.966096384901E+15,  1.678804213650E+02,  1.214569316600E+01,  1.457328114436E+02,NaN,  9.999999919326E+00,NaN,  1.916836028626E-03,  3.962759820148E-02,NaN,  3.504050000000E+06,  4.267007064748E-07
  3.270476886817E-01,  3.465736986693E+03,  3.599784348652E+03,  2.151577156920E+05,  2.419884080091E+05,  2.680358061027E+04,  9.304321067175E-01,NaN,NaN,  2.616680133527E-03,  4.090428363296E+15,  6.612311931732E+19,  2.067892769583E+20,  3.442238455632E+17,  4.625973007557E+20,  5.905923170302E+19,  9.965774435488E+15,  1.678808011012E+02,  1.214581120626E+01,  1.457330732076E+02,NaN,  9.999999913220E+00,NaN,  1.916774106263E-03,  3.962758984227E-02,NaN,  3.504050000000E+06,  4.267054579884E-07
  3.500624871295E-01,  3.465723783242E+03,  3.599767987619E+03,  2.151501595477E+05,  2.419808371785E+05,  2.680358061027E+04,  9.304252032911E-01,NaN,NaN,  2.616710392256E-03,  4.090843570813E+15,  6.612274747574E+19,  2.067896483792E+20,  3.442606441700E+17,  4.625971952746E+20,  5.905930034946E+19,  9.965452503255E+15,  1.678811808272E+02,  1.214592924442E+01,  1.457333349634E+02,NaN,  9.999999907115E+00,NaN,  1.916712187205E-03,  3.962758148314E-02,NaN,  3.504050000000E+06,  4.267102094502E-07
  3.730772855773E-01,  3.465710620156E+03,  3.599751627157E+03,  2.151425183638E+05,  2.419732839205E+05,  2.680358061027E+04,  9.304183001053E-01,NaN,NaN,  2.616740910559E-03,  4.091258765351E+15,  6.612237564579E+19,  2.067900197884E+20,  3.442974420234E+17,  4.625970897955E+20,  5.905936899467E+19,  9.965130586054E+15,  1.678815605428E+02,  1.214604728046E+01,  1.457335967111E+02,NaN,  9.999999901009E+00,NaN,  1.916650271038E-03,  3.962757312412E-02,NaN,  3.504050000000E+06,  4.267149608591E-07
  3.960920840251E-01,  3.465697450488E+03,  3.599735267270E+03,  2.151348926237E+05,  2.419657281035E+05,  2.680358061027E+04,  9.304113971628E-01,NaN,NaN,  2.616771382917E-03,  4.091673946754E+15,  6.612200382760E+19,  2.067903911859E+20,  3.443342391097E+17,  4.625969843184E+20,  5.905943763861E+19,  9.964808682811E+15,  1.678819402481E+02,  1.214616531433E+01,  1.457338584505E+02,NaN,  9.999999894903E+00,NaN,  1.916588357555E-03,  3.962756476520E-02,NaN,  3.504050000000E+06,  4.267197122134E-07
  4.365664210844E-01,  3.465674261685E+03,  3.599706497810E+03,  2.151215457615E+05,  2.419524287650E+05,  2.680358061027E+04,  9.303992580848E-01,NaN,NaN,  2.616824780308E-03,  4.092404062114E+15,  6.612134996842E+19,  2.067910443052E+20,  3.443989494204E+17,  4.625967988290E+20,  5.905955835431E+19,  9.964242614465E+15,  1.678826079808E+02,  1.214637288605E+01,  1.457343187311E+02,NaN,  9.999999884165E+00,NaN,  1.916479482409E-03,  3.962755006525E-02,NaN,  3.504050000000E+06,  4.267280679176E-07
  4.770407581437E-01,  3.465651051981E+03,  3.599677730132E+03,  2.151082478259E+05,  2.419391111082E+05,  2.680358061027E+04,  9.303870828964E-01,NaN,NaN,  2.616878031993E-03,  4.093136350031E+15,  6.612069416361E+19,  2.067916993680E+20,  3.444638535184E+17,  4.625966127836E+20,  5.905967943221E+19,  9.963676595509E+15,  1.678832777056E+02,  1.214658108029E+01,  1.457347803813E+02,NaN,  9.999999873427E+00,NaN,  1.916370616762E-03,  3.962753532104E-02,NaN,  3.504050000000E+06,  4.267364234526E-07
  5.175150952030E-01,  3.465627844321E+03,  3.599648964236E+03,  2.150949497114E+05,  2.419257820921E+05,  2.680358061027E+04,  9.303748613091E-01,NaN,NaN,  2.616931287297E-03,  4.093871437303E+15,  6.612003585182E+19,  2.067923569350E+20,  3.445290069706E+17,  4.625964260229E+20,  5.905980097603E+19,  9.963110624869E+15,  1.678839499961E+02,  1.214679007530E+01,  1.457352437963E+02,NaN,  9.999999862689E+00,NaN,  1.916261760409E-03,  3.962752051992E-02,NaN,  3.504050000000E+06,  4.267447788189E-07
  6.779764863187E-01,  3.465535864100E+03,  3.599534938728E+03,  2.150422124342E+05,  2.418729585704E+05,  2.680358061027E+04,  9.303264160025E-01,NaN,NaN,  2.617142499922E-03,  4.096785305151E+15,  6.611742632011E+19,  2.067949635144E+20,  3.447872858943E+17,  4.625956856678E+20,  5.906028280080E+19,  9.960867283297E+15,  1.678866149872E+02,  1.214761857470E+01,  1.457370807621E+02,NaN,  9.999999820119E+00,NaN,  1.915830285759E-03,  3.962746184359E-02,NaN,  3.504050000000E+06,  4.267779021913E-07
  7.736645302660E-01,  3.465481070163E+03,  3.599466955146E+03,  2.150106736713E+05,  2.418414887059E+05,  2.680358061027E+04,  9.302975322414E-01,NaN,NaN,  2.617268749121E-03,  4.098522628371E+15,  6.611587044995E+19,  2.067965176242E+20,  3.449412877603E+17,  4.625952442183E+20,  5.906057009850E+19,  9.959529864530E+15,  1.678882039604E+02,  1.214811258414E+01,  1.457381760084E+02,NaN,  9.999999794733E+00,NaN,  1.915573052397E-03,  3.962742685541E-02,NaN,  3.504050000000E+06,  4.267976534097E-07
  8.693525742134E-01,  3.465426260812E+03,  3.599398981520E+03,  2.149791913512E+05,  2.418100168040E+05,  2.680358061027E+04,  9.302686527106E-01,NaN,NaN,  2.617394843838E-03,  4.100259723258E+15,  6.611431478427E+19,  2.067980715299E+20,  3.450952763368E+17,  4.625948028039E+20,  5.906085737438E+19,  9.958192707746E+15,  1.678897927522E+02,  1.214860655607E+01,  1.457392711109E+02,NaN,  9.999999769348E+00,NaN,  1.915315869424E-03,  3.962739186895E-02,NaN,  3.504050000000E+06,  4.268174036824E-07
  9.650406181607E-01,  3.465371450296E+03,  3.599331017845E+03,  2.149477349640E+05,  2.417785489725E+05,  2.680358061027E+04,  9.302397774074E-01,NaN,NaN,  2.617520876865E-03,  4.101996589951E+15,  6.611275932295E+19,  2.067996252313E+20,  3.452492516340E+17,  4.625943614246E+20,  5.906114462846E+19,  9.956855817240E+15,  1.678913813627E+02,  1.214910049052E+01,  1.457403660695E+02,NaN,  9.999999743963E+00,NaN,  1.915058737665E-03,  3.962735688423E-02,NaN,  3.504050000000E+06,  4.268371530103E-07
  1.133653597401E+00,  3.465274890801E+03,  3.599211282488E+03,  2.148923136904E+05,  2.417231200066E+05,  2.680358061027E+04,  9.301889061925E-01,NaN,NaN,  2.617742977509E-03,  4.105056587337E+15,  6.611001892405E+19,  2.068023625298E+20,  3.455205409472E+17,  4.625935837505E+20,  5.906165074909E+19,  9.954500707630E+15,  1.678941802303E+02,  1.214997076686E+01,  1.457422951584E+02,NaN,  9.999999699232E+00,NaN,  1.914605766032E-03,  3.962729524146E-02,NaN,  3.504050000000E+06,  4.268719512271E-07
  1.661298864039E+00,  3.464972873902E+03,  3.598836790635E+03,  2.147190322632E+05,  2.415498201313E+05,  2.680358061027E+04,  9.300297981728E-01,NaN,NaN,  2.618437892308E-03,  4.114627751041E+15,  6.610144741134E+19,  2.068109243447E+20,  3.463692281477E+17,  4.625911508559E+20,  5.906323412976E+19,  9.947136085563E+15,  1.679029351731E+02,  1.215269339621E+01,  1.457483290284E+02,NaN,  9.999999559260E+00,NaN,  1.913189286363E-03,  3.962710237565E-02,NaN,  3.504050000000E+06,  4.269808273417E-07
  2.188944130677E+00,  3.464671080437E+03,  3.598462600642E+03,  2.145459838480E+05,  2.413767544393E+05,  2.680358061027E+04,  9.298708184025E-01,NaN,NaN,  2.619132620357E-03,  4.124191991465E+15,  6.609288209878E+19,  2.068194799664E+20,  3.472175123556E+17,  4.625887190260E+20,  5.906481684874E+19,  9.939779466868E+15,  1.679116846155E+02,  1.215541488823E+01,  1.457543585337E+02,NaN,  9.999999419295E+00,NaN,  1.911774346027E-03,  3.962690956234E-02,NaN,  3.504050000000E+06,  4.270896747889E-07
  3.014500092329E+00,  3.464199339204E+03,  3.597877745929E+03,  2.142757009744E+05,  2.411064432372E+05,  2.680358061027E+04,  9.296223348253E-01,NaN,NaN,  2.620219211472E-03,  4.139142375843E+15,  6.607949319284E+19,  2.068328537238E+20,  3.485439340734E+17,  4.625849163077E+20,  5.906729185188E+19,  9.928285311301E+15,  1.679253630127E+02,  1.215967066758E+01,  1.457637835812E+02,NaN,  9.999999200319E+00,NaN,  1.909563609681E-03,  3.962660799106E-02,NaN,  3.504050000000E+06,  4.272599205323E-07
  4.431352798231E+00,  3.463391179114E+03,  3.596875710293E+03,  2.138127449091E+05,  2.406434288687E+05,  2.680358061027E+04,  9.291947702716E-01,NaN,NaN,  2.622084250351E-03,  4.164871956186E+15,  6.605645091386E+19,  2.068558699332E+20,  3.508279105686E+17,  4.625783678585E+20,  5.907155410497E+19,  9.908604125516E+15,  1.679489082913E+02,  1.216699961962E+01,  1.457800040689E+02,NaN,  9.999998824547E+00,NaN,  1.905778215225E-03,  3.962608848831E-02,NaN,  3.504050000000E+06,  4.275519398967E-07
  5.848205504133E+00,  3.462584738153E+03,  3.595875838198E+03,  2.133512049794E+05,  2.401818384410E+05,  2.680358061027E+04,  9.287670357277E-01,NaN,NaN,  2.623948715189E-03,  4.190617500402E+15,  6.603339433841E+19,  2.068789004230E+20,  3.531148343266E+17,  4.625718103027E+20,  5.907582251752E+19,  9.888980338743E+15,  1.679724742309E+02,  1.217433915754E+01,  1.457962346207E+02,NaN,  9.999998448828E+00,NaN,  1.902003860648E-03,  3.962556803144E-02,NaN,  3.504050000000E+06,  4.278437526348E-07
  7.265058210035E+00,  3.461780027096E+03,  3.594878123435E+03,  2.128910423878E+05,  2.397216218771E+05,  2.680358061027E+04,  9.283389482519E-01,NaN,NaN,  2.625812708482E-03,  4.216390024339E+15,  6.601031360119E+19,  2.069019550477E+20,  3.554056892240E+17,  4.625652408164E+20,  5.908009892948E+19,  9.869413779189E+15,  1.679960709387E+02,  1.218169244370E+01,  1.458124821813E+02,NaN,  9.999998073162E+00,NaN,  1.898240512908E-03,  3.962504639552E-02,NaN,  3.504050000000E+06,  4.281353586670E-07
  9.884916244607E+00,  3.460296593080E+03,  3.593038934880E+03,  2.120437823623E+05,  2.388742649338E+05,  2.680358061027E+04,  9.275465326084E-01,NaN,NaN,  2.629258115240E-03,  4.264111678895E+15,  6.596757618962E+19,  2.069446441089E+20,  3.596516060197E+17,  4.625530630564E+20,  5.908802666933E+19,  9.833383864810E+15,  1.680397798091E+02,  1.219532416732E+01,  1.458425669524E+02,NaN,  9.999997378669E+00,NaN,  1.891310674451E-03,  3.962407883353E-02,NaN,  3.504050000000E+06,  4.286740155844E-07
  1.250477427918E+01,  3.458819115164E+03,  3.591207059369E+03,  2.112009850251E+05,  2.380313683185E+05,  2.680358061027E+04,  9.267521306429E-01,NaN,NaN,  2.632702520763E-03,  4.311972730283E+15,  6.592471394089E+19,  2.069874578679E+20,  3.639152277402E+17,  4.625408322419E+20,  5.909598975922E+19,  9.797547859858E+15,  1.680836373518E+02,  1.220901664591E+01,  1.458727396034E+02,NaN,  9.999996684358E+00,NaN,  1.884418131698E-03,  3.962310625614E-02,NaN,  3.504050000000E+06,  4.292119658808E-07
  1.512463231375E+01,  3.457347503915E+03,  3.589382458912E+03,  2.103627449370E+05,  2.371930336639E+05,  2.680358061027E+04,  9.259563455954E-01,NaN,NaN,  2.636145535908E-03,  4.359936964860E+15,  6.588175928618E+19,  2.070303639297E+20,  3.681933786218E+17,  4.625285574582E+20,  5.910398228971E+19,  9.761904657349E+15,  1.681276105798E+02,  1.222275972286E+01,  1.459029773040E+02,NaN,  9.999995990228E+00,NaN,  1.877562671736E-03,  3.962212937934E-02,NaN,  3.504050000000E+06,  4.297492088901E-07
  1.774449034833E+01,  3.455881697363E+03,  3.587565094359E+03,  2.095290953585E+05,  2.363592880465E+05,  2.680358061027E+04,  9.251594680321E-01,NaN,NaN,  2.639586957764E-03,  4.407986978452E+15,  6.583872781185E+19,  2.070733467254E+20,  3.724845478676E+17,  4.625162430189E+20,  5.911200145792E+19,  9.726453138484E+15,  1.681716837034E+02,  1.223654858081E+01,  1.459332690822E+02,NaN,  9.999995296280E+00,NaN,  1.870744079380E-03,  3.962114854111E-02,NaN,  3.504050000000E+06,  4.302857443737E-07
  2.036434838290E+01,  3.454421662186E+03,  3.585754926333E+03,  2.087000081597E+05,  2.355301048022E+05,  2.680358061027E+04,  9.243615472689E-01,NaN,NaN,  2.643026774547E-03,  4.456119890037E+15,  6.579562209803E+19,  2.071164036777E+20,  3.767885165414E+17,  4.625038895328E+20,  5.912004687406E+19,  9.691192181245E+15,  1.682158542362E+02,  1.225038254982E+01,  1.459636131217E+02,NaN,  9.999994602515E+00,NaN,  1.863962138826E-03,  3.962016378499E-02,NaN,  3.504050000000E+06,  4.308215722502E-07
  2.298420641747E+01,  3.452967365128E+03,  3.583951915537E+03,  2.078754553638E+05,  2.347054574518E+05,  2.680358061027E+04,  9.235626324612E-01,NaN,NaN,  2.646464974690E-03,  4.504332823561E+15,  6.575244472036E+19,  2.071595322139E+20,  3.811050650371E+17,  4.624914976109E+20,  5.912811814667E+19,  9.656120666835E+15,  1.682601196919E+02,  1.226426095707E+01,  1.459940076093E+02,NaN,  9.999993908932E+00,NaN,  1.857216634889E-03,  3.961917515484E-02,NaN,  3.504050000000E+06,  4.313566925042E-07
  2.945010040056E+01,  3.449402608424E+03,  3.579532372188E+03,  2.058592695909E+05,  2.326890379247E+05,  2.680358061027E+04,  9.215851961687E-01,NaN,NaN,  2.654944850904E-03,  4.623753607109E+15,  6.564549673308E+19,  2.072663592293E+20,  3.918203610725E+17,  4.624607261327E+20,  5.914816421026E+19,  9.570366034532E+15,  1.683698557037E+02,  1.229872969701E+01,  1.460692930858E+02,NaN,  9.999992197943E+00,NaN,  1.840722958482E-03,  3.961671670773E-02,NaN,  3.504050000000E+06,  4.326743691318E-07
  3.591599438365E+01,  3.445872286391E+03,  3.575155630798E+03,  2.038698091759E+05,  2.306993498039E+05,  2.680358061027E+04,  9.196011406396E-01,NaN,NaN,  2.663415680352E-03,  4.743697985756E+15,  6.553807983894E+19,  2.073736546282E+20,  4.026163847593E+17,  4.624297083226E+20,  5.916837588138E+19,  9.485742457704E+15,  1.684802066457E+02,  1.233348305889E+01,  1.461449086519E+02,NaN,  9.999990488077E+00,NaN,  1.824446824409E-03,  3.961423357619E-02,NaN,  3.504050000000E+06,  4.339877289654E-07
  4.238188836674E+01,  3.442375946814E+03,  3.570821145675E+03,  2.019066622506E+05,  2.287359697049E+05,  2.680358061027E+04,  9.176109575366E-01,NaN,NaN,  2.671877337794E-03,  4.864137625501E+15,  6.543021941244E+19,  2.074813930642E+20,  4.134911763340E+17,  4.623984495084E+20,  5.918874979164E+19,  9.402234009061E+15,  1.685911488627E+02,  1.236851525342E+01,  1.462208364447E+02,NaN,  9.999988779335E+00,NaN,  1.808385169287E-03,  3.961172611162E-02,NaN,  3.504050000000E+06,  4.352967650335E-07
  4.884778234983E+01,  3.438913128110E+03,  3.566528344023E+03,  1.999693829250E+05,  2.267984730902E+05,  2.680358061027E+04,  9.156151186979E-01,NaN,NaN,  2.680329853468E-03,  4.985045278129E+15,  6.532193985581E+19,  2.075895501624E+20,  4.244428490607E+17,  4.623669548175E+20,  5.920928270063E+19,  9.319824252381E+15,  1.687026596041E+02,  1.240382071120E+01,  1.462970592864E+02,NaN,  9.999987071722E+00,NaN,  1.792534831842E-03,  3.960919465333E-02,NaN,  3.504050000000E+06,  4.366014817008E-07
  5.531367633292E+01,  3.435483404219E+03,  3.562276664874E+03,  1.980574812669E+05,  2.248863495210E+05,  2.680358061027E+04,  9.136136846477E-01,NaN,NaN,  2.688773437613E-03,  5.106418543686E+15,  6.521324331836E+19,  2.076981237760E+20,  4.354717528781E+17,  4.623352229492E+20,  5.922997555894E+19,  9.238497011276E+15,  1.688147389878E+02,  1.243940106598E+01,  1.463735756638E+02,NaN,  9.999985365243E+00,NaN,  1.776892700777E-03,  3.960663902616E-02,NaN,  3.504050000000E+06,  4.379018830090E-07
  6.177957031601E+01,  3.432086329403E+03,  3.558065564366E+03,  1.961705498024E+05,  2.229992074132E+05,  2.680358061027E+04,  9.116071625902E-01,NaN,NaN,  2.697208053795E-03,  5.228227871063E+15,  6.510415626467E+19,  2.078070874699E+20,  4.465757623324E+17,  4.623032597268E+20,  5.925082466893E+19,  9.158236454017E+15,  1.689273620255E+02,  1.247524996255E+01,  1.464503669473E+02,NaN,  9.999983659901E+00,NaN,  1.761455731085E-03,  3.960405963050E-02,NaN,  3.504050000000E+06,  4.391979709586E-07
  6.824546429910E+01,  3.428721436986E+03,  3.553894511341E+03,  1.943082555418E+05,  2.211366993370E+05,  2.680358061027E+04,  9.095962336827E-01,NaN,NaN,  2.705633431915E-03,  5.350433021217E+15,  6.499471473094E+19,  2.079164052483E+20,  4.577517445945E+17,  4.622710738856E+20,  5.927182442821E+19,  9.079027014077E+15,  1.690404937176E+02,  1.251135777198E+01,  1.465274077689E+02,NaN,  9.999981955701E+00,NaN,  1.746220928770E-03,  3.960145710692E-02,NaN,  3.504050000000E+06,  4.404897467367E-07
  7.800342558977E+01,  3.423703317291E+03,  3.547674468623E+03,  1.915435824513E+05,  2.183717045594E+05,  2.680358061027E+04,  9.065541375010E-01,NaN,NaN,  2.718330882878E-03,  5.535547286279E+15,  6.482893457552E+19,  2.080819979508E+20,  4.747497869332E+17,  4.622220913735E+20,  5.930379366253E+19,  8.961444878389E+15,  1.692121375866E+02,  1.256632670592E+01,  1.466441078890E+02,NaN,  9.999979386017E+00,NaN,  1.723605687525E-03,  3.959748657691E-02,NaN,  3.504050000000E+06,  4.424310588515E-07
  8.776138688045E+01,  3.418756072186E+03,  3.541542692443E+03,  1.888328450059E+05,  2.156606548501E+05,  2.680358061027E+04,  9.035045848055E-01,NaN,NaN,  2.731006912814E-03,  5.721411473009E+15,  6.466248282621E+19,  2.082482614989E+20,  4.919006890409E+17,  4.621726321775E+20,  5.933608672908E+19,  8.846169897579E+15,  1.693848112265E+02,  1.262185219140E+01,  1.467612807819E+02,NaN,  9.999976818955E+00,NaN,  1.701434194507E-03,  3.959346549873E-02,NaN,  3.504050000000E+06,  4.443625586082E-07
  9.751934817113E+01,  3.413878385068E+03,  3.535497465608E+03,  1.861745851631E+05,  2.130020860747E+05,  2.680358061027E+04,  9.004480782936E-01,NaN,NaN,  2.743662019297E-03,  5.907997762599E+15,  6.449538439631E+19,  2.084151710073E+20,  5.092035075395E+17,  4.621226981292E+20,  5.936870273997E+19,  8.733151158866E+15,  1.695584955638E+02,  1.267793270235E+01,  1.468789089103E+02,NaN,  9.999974254524E+00,NaN,  1.679696657370E-03,  3.958939383748E-02,NaN,  3.504050000000E+06,  4.462842546333E-07
  1.072773094618E+02,  3.409068923078E+03,  3.529537115982E+03,  1.835674945803E+05,  2.103947016738E+05,  2.680358061027E+04,  8.973856469387E-01,NaN,NaN,  2.756296322245E-03,  6.095245940587E+15,  6.432769321039E+19,  2.085826726092E+20,  5.266542460677E+17,  4.620722998811E+20,  5.940163503693E+19,  8.622338834982E+15,  1.697331411830E+02,  1.273455679500E+01,  1.469969543117E+02,NaN,  9.999971692734E+00,NaN,  1.658383492553E-03,  3.958527228635E-02,NaN,  3.504050000000E+06,  4.481961561034E-07
  1.127041623975E+02,  3.406456382403E+03,  3.526290443096E+03,  1.821383068934E+05,  2.089614369595E+05,  2.680358061027E+04,  8.956980796718E-01,NaN,NaN,  2.763301490482E-03,  6.203830958549E+15,  6.423045074693E+19,  2.086798108375E+20,  5.368143942016E+17,  4.620434258879E+20,  5.942083595164E+19,  8.567199676311E+15,  1.698346001391E+02,  1.276757039793E+01,  1.470654116938E+02,NaN,  9.999970269096E+00,NaN,  1.647778264403E-03,  3.958286354939E-02,NaN,  3.504612337055E+06,  4.492448475976E-07
  1.183638988714E+02,  3.404013130892E+03,  3.523313892801E+03,  1.809287605302E+05,  2.077517550894E+05,  2.680358061027E+04,  8.941392317657E-01,NaN,NaN,  2.769394973739E-03,  6.274322632519E+15,  6.416732980792E+19,  2.087429350634E+20,  5.434297251094E+17,  4.620306741670E+20,  5.943346811016E+19,  8.577148501542E+15,  1.699008111858E+02,  1.278929472658E+01,  1.471098979823E+02,NaN,  9.999968785133E+00,NaN,  1.649691778572E-03,  3.958126515709E-02,NaN,  3.511970801587E+06,  4.502108230730E-07
  1.245594069688E+02,  3.401448789464E+03,  3.520077080680E+03,  1.794301364525E+05,  2.062530510546E+05,  2.680358061027E+04,  8.924435593894E-01,NaN,NaN,  2.776784507636E-03,  6.406388273178E+15,  6.404901691013E+19,  2.088611963770E+20,  5.558395277261E+17,  4.620017082379E+20,  5.945712005507E+19,  8.588084039178E+15,  1.700248208087E+02,  1.282996016397E+01,  1.471932416881E+02,NaN,  9.999967161579E+00,NaN,  1.651795072753E-03,  3.957827814580E-02,NaN,  3.519959939981E+06,  4.512662172559E-07
  1.316157403760E+02,  3.398478184278E+03,  3.516417592508E+03,  1.778847303298E+05,  2.047075123741E+05,  2.680358061027E+04,  8.905212391685E-01,NaN,NaN,  2.784643255490E-03,  6.514826859758E+15,  6.395183695356E+19,  2.089583591899E+20,  5.660529267020E+17,  4.619800054315E+20,  5.947667121602E+19,  8.600542685824E+15,  1.701269154331E+02,  1.286357953226E+01,  1.472617163960E+02,NaN,  9.999965313566E+00,NaN,  1.654191315157E-03,  3.957580090479E-02,NaN,  3.528975219328E+06,  4.524656917240E-07
  1.382388249172E+02,  3.395698369730E+03,  3.513008862518E+03,  1.764751679257E+05,  2.032978533085E+05,  2.680358061027E+04,  8.887260051892E-01,NaN,NaN,  2.791917273705E-03,  6.609371838385E+15,  6.386708129864E+19,  2.090431056294E+20,  5.749744228281E+17,  4.619615113768E+20,  5.949379110478E+19,  8.612250856955E+15,  1.702160800033E+02,  1.289301921507E+01,  1.473214407649E+02,NaN,  9.999963580130E+00,NaN,  1.656443214335E-03,  3.957362791798E-02,NaN,  3.537356455810E+06,  4.535889972475E-07
  1.451525722928E+02,  3.392853129646E+03,  3.509477170402E+03,  1.749493400591E+05,  2.018450012587E+05,  2.680358061027E+04,  8.868621547535E-01,NaN,NaN,  2.799787475682E-03,  6.710772061476E+15,  6.377615047796E+19,  2.091340237524E+20,  5.845593428091E+17,  4.619413626547E+20,  5.951221331218E+19,  8.624490501768E+15,  1.703118330278E+02,  1.292469788073E+01,  1.473855145780E+02,NaN,  9.999961771768E+00,NaN,  1.658797334870E-03,  3.957128717622E-02,NaN,  3.546023501370E+06,  4.547589960669E-07
  1.524952730040E+02,  3.389878982038E+03,  3.505755317252E+03,  1.732980665140E+05,  2.001205004913E+05,  2.680358061027E+04,  8.848971161020E-01,NaN,NaN,  2.808344130371E-03,  6.871030172470E+15,  6.363235953583E+19,  2.092777482366E+20,  5.997369154531E+17,  4.619053355925E+20,  5.954138624010E+19,  8.637528840959E+15,  1.704632793575E+02,  1.297485495232E+01,  1.474868032477E+02,NaN,  9.999959852411E+00,NaN,  1.661305072840E-03,  3.956758211968E-02,NaN,  3.555139067278E+06,  4.559988422495E-07
  1.602017797755E+02,  3.386735754564E+03,  3.501881176237E+03,  1.716793636096E+05,  1.985016665087E+05,  2.680358061027E+04,  8.828440567406E-01,NaN,NaN,  2.816941773647E-03,  6.992012525393E+15,  6.352376406979E+19,  2.093863207104E+20,  6.112260570521E+17,  4.618803703221E+20,  5.956357306958E+19,  8.651213421792E+15,  1.705779463543E+02,  1.301300575595E+01,  1.475633188219E+02,NaN,  9.999957839346E+00,NaN,  1.663937106142E-03,  3.956475470961E-02,NaN,  3.564607893509E+06,  4.572969450366E-07
  1.687886815615E+02,  3.383278943971E+03,  3.497602676244E+03,  1.698693789121E+05,  1.966915373424E+05,  2.680358061027E+04,  8.805721000350E-01,NaN,NaN,  2.826640555350E-03,  7.135905361071E+15,  6.339454464345E+19,  2.095155048775E+20,  6.249223537325E+17,  4.618498462244E+20,  5.959007628277E+19,  8.666485340461E+15,  1.707145600219E+02,  1.305857722884E+01,  1.476543603206E+02,NaN,  9.999955597984E+00,NaN,  1.666874441162E-03,  3.956137299137E-02,NaN,  3.575041717232E+06,  4.587395311570E-07
  1.775141823118E+02,  3.379797678602E+03,  3.493295713112E+03,  1.680572006031E+05,  1.948792148657E+05,  2.680358061027E+04,  8.782794762273E-01,NaN,NaN,  2.836485096916E-03,  7.281659496927E+15,  6.326358934228E+19,  2.096464242202E+20,  6.388314223452E+17,  4.618187459467E+20,  5.961706615944E+19,  8.682024233949E+15,  1.708532333000E+02,  1.310498544438E+01,  1.477466246702E+02,NaN,  9.999953322235E+00,NaN,  1.669863124969E-03,  3.955792304404E-02,NaN,  3.585520337306E+06,  4.602013348270E-07
  1.863901118275E+02,  3.376215309859E+03,  3.488955858947E+03,  1.663848704466E+05,  1.932275552508E+05,  2.680358061027E+04,  8.759614947854E-01,NaN,NaN,  2.845873575508E-03,  7.380209351433E+15,  6.317501836752E+19,  2.097350077232E+20,  6.482601936288E+17,  4.618008509935E+20,  5.963546578688E+19,  8.697830731445E+15,  1.709473069035E+02,  1.313662981245E+01,  1.478090531787E+02,NaN,  9.999951009072E+00,NaN,  1.672903278578E-03,  3.955556135555E-02,NaN,  3.596054081538E+06,  4.616841553627E-07
  1.958027153753E+02,  3.372526277522E+03,  3.484398212884E+03,  1.644918378194E+05,  1.913135647293E+05,  2.680358061027E+04,  8.735239667365E-01,NaN,NaN,  2.856446464160E-03,  7.540483086665E+15,  6.303089140848E+19,  2.098790915389E+20,  6.636222754518E+17,  4.617660341415E+20,  5.966541698704E+19,  8.714635342984E+15,  1.711003490405E+02,  1.318812926271E+01,  1.479105950844E+02,NaN,  9.999948558017E+00,NaN,  1.676135405140E-03,  3.955172169301E-02,NaN,  3.607089648040E+06,  4.632521386678E-07
  2.058731275752E+02,  3.368636479741E+03,  3.479572469027E+03,  1.624642359072E+05,  1.892857975099E+05,  2.680358061027E+04,  8.709359732054E-01,NaN,NaN,  2.867899832834E-03,  7.716472584310E+15,  6.287254108745E+19,  2.100373904241E+20,  6.805410665130E+17,  4.617272153536E+20,  5.969850387920E+19,  8.732635747759E+15,  1.712688000621E+02,  1.324501958100E+01,  1.480221549456E+02,NaN,  9.999945937956E+00,NaN,  1.679597525419E-03,  3.954747213817E-02,NaN,  3.618744548170E+06,  4.649244773741E-07
  2.165036434078E+02,  3.364579430576E+03,  3.474534150820E+03,  1.603489741090E+05,  1.871703704873E+05,  2.680358061027E+04,  8.682259333679E-01,NaN,NaN,  2.880029807430E-03,  7.905164031712E+15,  6.270265838395E+19,  2.102072150609E+20,  6.987406245462E+17,  4.616850652794E+20,  5.973421500383E+19,  8.751656972144E+15,  1.714498854014E+02,  1.330642148359E+01,  1.481418374871E+02,NaN,  9.999943174750E+00,NaN,  1.683255985743E-03,  3.954287606670E-02,NaN,  3.630880246858E+06,  4.666839238160E-07
  2.280246886398E+02,  3.360157847194E+03,  3.469136529627E+03,  1.582394646052E+05,  1.850606926854E+05,  2.680358061027E+04,  8.653135668758E-01,NaN,NaN,  2.892517788543E-03,  8.064473056846E+15,  6.255914784305E+19,  2.103507068886E+20,  7.141562743645E+17,  4.616519337732E+20,  5.976462050247E+19,  8.772274498700E+15,  1.716032961739E+02,  1.335870657549E+01,  1.482429621941E+02,NaN,  9.999940182907E+00,NaN,  1.687221471947E-03,  3.953894963719E-02,NaN,  3.643844594427E+06,  4.685842460005E-07
  2.394554757603E+02,  3.355814343811E+03,  3.463845415270E+03,  1.561990797952E+05,  1.830202236788E+05,  2.680358061027E+04,  8.624498140716E-01,NaN,NaN,  2.904821851211E-03,  8.217621020584E+15,  6.242111792569E+19,  2.104887221400E+20,  7.290188124462E+17,  4.616201960441E+20,  5.979402789928E+19,  8.792743582794E+15,  1.717511316832E+02,  1.340927597918E+01,  1.483402273281E+02,NaN,  9.999937217544E+00,NaN,  1.691158407368E-03,  3.953514463254E-02,NaN,  3.656516340149E+06,  4.704627112000E-07
  2.516083474490E+02,  3.351344582745E+03,  3.458288185162E+03,  1.538894982528E+05,  1.807103695867E+05,  2.680358061027E+04,  8.594357872724E-01,NaN,NaN,  2.918738024705E-03,  8.437597204840E+15,  6.222271410841E+19,  2.106870521257E+20,  7.504319180240E+17,  4.615696064316E+20,  5.983646500907E+19,  8.814545376401E+15,  1.719638695825E+02,  1.348224137870E+01,  1.484799987841E+02,NaN,  9.999934068040E+00,NaN,  1.695351670393E-03,  3.952965097685E-02,NaN,  3.669786366106E+06,  4.724525228701E-07
  2.642198389937E+02,  3.346680763672E+03,  3.452594424793E+03,  1.516967725704E+05,  1.785174688365E+05,  2.680358061027E+04,  8.563360320761E-01,NaN,NaN,  2.932411607498E-03,  8.614607192764E+15,  6.206296328496E+19,  2.108467764148E+20,  7.677281664307E+17,  4.615315337452E+20,  5.987093330197E+19,  8.837160359356E+15,  1.721357053834E+02,  1.354151169181E+01,  1.485925631871E+02,NaN,  9.999930803173E+00,NaN,  1.699701338753E-03,  3.952517320115E-02,NaN,  3.683341088920E+06,  4.745093619095E-07
  2.774320096614E+02,  3.341862545918E+03,  3.446707820403E+03,  1.494349791352E+05,  1.762554719178E+05,  2.680358061027E+04,  8.531221536918E-01,NaN,NaN,  2.946767586735E-03,  8.802990100039E+15,  6.189284165229E+19,  2.110168660210E+20,  7.861966947735E+17,  4.614904034063E+20,  5.990786357430E+19,  8.860862948306E+15,  1.723190789096E+02,  1.360501479912E+01,  1.487124324637E+02,NaN,  9.999927386601E+00,NaN,  1.704260192563E-03,  3.952036642043E-02,NaN,  3.697311174255E+06,  4.766554120278E-07
  2.917894079213E+02,  3.336712271899E+03,  3.440399815466E+03,  1.470005832131E+05,  1.738208951318E+05,  2.680358061027E+04,  8.496668634179E-01,NaN,NaN,  2.962489491264E-03,  9.016419794809E+15,  6.169996610376E+19,  2.112096965702E+20,  8.071961782268E+17,  4.614426775193E+20,  5.995000758398E+19,  8.886630010886E+15,  1.725274425681E+02,  1.367748143763E+01,  1.488483282362E+02,NaN,  9.999923678207E+00,NaN,  1.709216118333E-03,  3.951487033963E-02,NaN,  3.712232183537E+06,  4.789774375151E-07
  3.066392645419E+02,  3.331462239708E+03,  3.433970635268E+03,  1.445357950339E+05,  1.713559003344E+05,  2.680358061027E+04,  8.461338602877E-01,NaN,NaN,  2.978744893262E-03,  9.237396109809E+15,  6.150012073380E+19,  2.114094935627E+20,  8.290242202402E+17,  4.613927064690E+20,  5.999400105779E+19,  8.913283151045E+15,  1.727438956137E+02,  1.375312787048E+01,  1.489891335534E+02,NaN,  9.999919847339E+00,NaN,  1.714342468446E-03,  3.950911978402E-02,NaN,  3.727387795620E+06,  4.813681854023E-07
  3.224239877021E+02,  3.325972225403E+03,  3.427240387709E+03,  1.419606961563E+05,  1.687805857545E+05,  2.680358061027E+04,  8.424238265971E-01,NaN,NaN,  2.996084784041E-03,  9.476669345468E+15,  6.128355513628E+19,  2.116260015726E+20,  8.527587380510E+17,  4.613376664452E+20,  6.004204798217E+19,  8.941612886926E+15,  1.729790945312E+02,  1.383574313424E+01,  1.491417158252E+02,NaN,  9.999915780508E+00,NaN,  1.719791287755E-03,  3.950282476432E-02,NaN,  3.743197137591E+06,  4.838973468652E-07
  3.390219475723E+02,  3.320293738469E+03,  3.420276028314E+03,  1.393089025111E+05,  1.661285695136E+05,  2.680358061027E+04,  8.385714864787E-01,NaN,NaN,  3.014348758603E-03,  9.730518934646E+15,  6.105360160592E+19,  2.118558903358E+20,  8.780534184704E+17,  4.612784061022E+20,  6.009349886204E+19,  8.971392721183E+15,  1.732295757488E+02,  1.392421064503E+01,  1.493037280748E+02,NaN,  9.999911509892E+00,NaN,  1.725519012737E-03,  3.949606684174E-02,NaN,  3.759496440991E+06,  4.865434043238E-07
  3.560212040562E+02,  3.314568528047E+03,  3.413260117691E+03,  1.366642925529E+05,  1.634837379127E+05,  2.680358061027E+04,  8.346768021535E-01,NaN,NaN,  3.033013735803E-03,  9.988181201166E+15,  6.081999068799E+19,  2.120894351756E+20,  9.038500668236E+17,  4.612176519361E+20,  6.014623835775E+19,  9.001873373332E+15,  1.734848492250E+02,  1.401489378643E+01,  1.494683169149E+02,NaN,  9.999907142086E+00,NaN,  1.731381530011E-03,  3.948912133169E-02,NaN,  3.775855049180E+06,  4.892392488189E-07
  3.746995856169E+02,  3.308311831519E+03,  3.405683158535E+03,  1.339637233945E+05,  1.607829412174E+05,  2.680358061027E+04,  8.304539071836E-01,NaN,NaN,  3.052763562434E-03,  1.022556515002E+16,  6.060458450089E+19,  2.123048121148E+20,  9.277283641608E+17,  4.611640432191E+20,  6.019536089220E+19,  9.035319208023E+15,  1.737211064376E+02,  1.409936419974E+01,  1.496201020737E+02,NaN,  9.999902349713E+00,NaN,  1.737814357717E-03,  3.948263032667E-02,NaN,  3.793453103832E+06,  4.921852696800E-07
  3.934525716581E+02,  3.302217234038E+03,  3.398212332891E+03,  1.311844005151E+05,  1.580033860816E+05,  2.680358061027E+04,  8.262764747176E-01,NaN,NaN,  3.073379255454E-03,  1.051197417739E+16,  6.034445135814E+19,  2.125648653194E+20,  9.566752028722E+17,  4.610946322856E+20,  6.025514053701E+19,  9.068882474526E+15,  1.740071655286E+02,  1.420215124342E+01,  1.498033724698E+02,NaN,  9.999897545545E+00,NaN,  1.744269771751E-03,  3.947471820197E-02,NaN,  3.810735179422E+06,  4.951257825975E-07
  4.136861587462E+02,  3.295681655804E+03,  3.390299551583E+03,  1.284089501475E+05,  1.552277009568E+05,  2.680358061027E+04,  8.218343760768E-01,NaN,NaN,  3.094762178293E-03,  1.077037921034E+16,  6.010953608301E+19,  2.127997422144E+20,  9.829281481522E+17,  4.610344653257E+20,  6.030972307727E+19,  9.105025561344E+15,  1.742665529255E+02,  1.429600926902E+01,  1.499689000651E+02,NaN,  9.999892370032E+00,NaN,  1.751221377307E-03,  3.946746871160E-02,NaN,  3.828964848704E+06,  4.982796403695E-07
  4.346613055548E+02,  3.289033920061E+03,  3.382255035337E+03,  1.256153012391E+05,  1.524338146123E+05,  2.680358061027E+04,  8.173013621825E-01,NaN,NaN,  3.116886878416E-03,  1.103702749487E+16,  5.986690893208E+19,  2.130423278135E+20,  1.010153427577E+18,  4.609715764900E+20,  6.036662467004E+19,  9.142429224256E+15,  1.745353604358E+02,  1.439385469957E+01,  1.501398603072E+02,NaN,  9.999887013575E+00,NaN,  1.758415436636E-03,  3.945989247547E-02,NaN,  3.847419649985E+06,  5.015282851930E-07
  4.564040657153E+02,  3.282276483405E+03,  3.374081007492E+03,  1.228041822106E+05,  1.496246309954E+05,  2.680358061027E+04,  8.126780117412E-01,NaN,NaN,  3.139787214282E-03,  1.131188516102E+16,  5.961657865517E+19,  2.132926133972E+20,  1.038361344912E+18,  4.609059054478E+20,  6.042590215084E+19,  9.181124706903E+15,  1.748136796506E+02,  1.449578527084E+01,  1.503162470515E+02,NaN,  9.999881470385E+00,NaN,  1.765857959006E-03,  3.945198008132E-02,NaN,  3.866091153773E+06,  5.048737005555E-07
  4.792915550498E+02,  3.275396603541E+03,  3.365651762532E+03,  1.197726444604E+05,  1.465906496787E+05,  2.680358061027E+04,  8.078946187593E-01,NaN,NaN,  3.164926928588E-03,  1.166046710487E+16,  5.929874283564E+19,  2.136103394968E+20,  1.074339555658E+18,  4.608166759404E+20,  6.050189697848E+19,  9.221797553773E+15,  1.751682619803E+02,  1.462645069959E+01,  1.505401619547E+02,NaN,  9.999875645291E+00,NaN,  1.773680799089E-03,  3.944181643293E-02,NaN,  3.885261300544E+06,  5.083714037357E-07
  5.046636899738E+02,  3.267860125396E+03,  3.356511491070E+03,  1.166497081442E+05,  1.434674385352E+05,  2.680358061027E+04,  8.026859428966E-01,NaN,NaN,  3.191913136799E-03,  1.199667794913E+16,  5.899183256423E+19,  2.139171742932E+20,  1.109273794538E+18,  4.607323254020E+20,  6.057626426844E+19,  9.266739206121E+15,  1.755123772252E+02,  1.475432440095E+01,  1.507564012999E+02,NaN,  9.999869199737E+00,NaN,  1.782324682820E-03,  3.943183439243E-02,NaN,  3.905952378611E+06,  5.122201249576E-07
  5.299101788519E+02,  3.260509604363E+03,  3.347621837722E+03,  1.136768124749E+05,  1.404942832214E+05,  2.680358061027E+04,  7.975988440290E-01,NaN,NaN,  3.218522512556E-03,  1.231812303456E+16,  5.869806584424E+19,  2.142108748609E+20,  1.142886139113E+18,  4.606512148864E+20,  6.064831924378E+19,  9.311316770565E+15,  1.758432616010E+02,  1.487822350075E+01,  1.509633844034E+02,NaN,  9.999862798273E+00,NaN,  1.790898539453E-03,  3.942213376944E-02,NaN,  3.925980864200E+06,  5.160203356112E-07
  5.564061908550E+02,  3.252878518940E+03,  3.338504989274E+03,  1.108165320394E+05,  1.376337391802E+05,  2.680358061027E+04,  7.923593088956E-01,NaN,NaN,  3.245284514705E-03,  1.259514056341E+16,  5.844464695722E+19,  2.144642802817E+20,  1.172026897618E+18,  4.605846124766E+20,  6.071126520315E+19,  9.357913150554E+15,  1.761300953049E+02,  1.498646952386E+01,  1.511419698276E+02,NaN,  9.999856092788E+00,NaN,  1.799860686368E-03,  3.941363004112E-02,NaN,  3.946424343187E+06,  5.199773058581E-07
  5.842323681268E+02,  3.245143899623E+03,  3.329156895317E+03,  1.077571831675E+05,  1.345741193274E+05,  2.680358061027E+04,  7.869697436320E-01,NaN,NaN,  3.274534203128E-03,  1.294629406470E+16,  5.812304085996E+19,  2.147858072698E+20,  1.209184088768E+18,  4.604932363923E+20,  6.079193336131E+19,  9.406698532080E+15,  1.764953995068E+02,  1.512517782204E+01,  1.513685633763E+02,NaN,  9.999849064612E+00,NaN,  1.809243856404E-03,  3.940271467541E-02,NaN,  3.967285228148E+06,  5.240986959017E-07
  6.149386716985E+02,  3.236838323907E+03,  3.319100856623E+03,  1.044753819986E+05,  1.312920292015E+05,  2.680358061027E+04,  7.811479917438E-01,NaN,NaN,  3.307024399407E-03,  1.334350337167E+16,  5.775877775236E+19,  2.151499678422E+20,  1.251522574678E+18,  4.603871012997E+20,  6.088454669257E+19,  9.460309837054E+15,  1.769112862904E+02,  1.528442281055E+01,  1.516252025993E+02,NaN,  9.999841325395E+00,NaN,  1.819555223759E-03,  3.939014727721E-02,NaN,  3.989612463567E+06,  5.286062442956E-07
  6.457355229975E+02,  3.228612352756E+03,  3.309278475737E+03,  1.014950254486E+05,  1.283113982493E+05,  2.680358061027E+04,  7.754338999073E-01,NaN,NaN,  3.338072137222E-03,  1.366587983273E+16,  5.746278316785E+19,  2.154459298875E+20,  1.286137721615E+18,  4.603046053410E+20,  6.096094344644E+19,  9.513783221841E+15,  1.772512390742E+02,  1.541579619288E+01,  1.518337794610E+02,NaN,  9.999833580279E+00,NaN,  1.829840064139E-03,  3.937974193793E-02,NaN,  4.011308223453E+06,  5.330848648344E-07
  6.786941665772E+02,  3.220140594587E+03,  3.299046304009E+03,  9.826171547578E+04,  1.250777917288E+05,  2.680358061027E+04,  7.694622687262E-01,NaN,NaN,  3.372666332634E-03,  1.407645605958E+16,  5.708530303871E+19,  2.158233034581E+20,  1.330533869529E+18,  4.601916852360E+20,  6.105956304617E+19,  9.570759403351E+15,  1.776867655335E+02,  1.558536898749E+01,  1.520997304377E+02,NaN,  9.999825309699E+00,NaN,  1.840798617345E-03,  3.936628408478E-02,NaN,  4.033791623148E+06,  5.378319225552E-07
  7.126418534170E+02,  3.211549904733E+03,  3.288798624450E+03,  9.523530342667E+04,  1.220509875442E+05,  2.680358061027E+04,  7.634529809085E-01,NaN,NaN,  3.406768405558E-03,  1.442685133053E+16,  5.676273990026E+19,  2.161458227992E+20,  1.368721469674E+18,  4.600984336897E+20,  6.114517475093E+19,  9.629073464246E+15,  1.780612791363E+02,  1.573258697197E+01,  1.523270233392E+02,NaN,  9.999816810682E+00,NaN,  1.852014492506E-03,  3.935455991878E-02,NaN,  4.056189868308E+06,  5.426716552495E-07
  7.486202406423E+02,  3.202795970132E+03,  3.278245930941E+03,  9.200412388650E+04,  1.188196145512E+05,  2.680358061027E+04,  7.572447227782E-01,NaN,NaN,  3.444300342362E-03,  1.486050635185E+16,  5.636296081335E+19,  2.165454861417E+20,  1.416346085160E+18,  4.599751469847E+20,  6.125272068596E+19,  9.690545529449E+15,  1.785278624963E+02,  1.591750798164E+01,  1.526086828527E+02,NaN,  9.999807824184E+00,NaN,  1.863837764606E-03,  3.933980204458E-02,NaN,  4.079131061894E+06,  5.477470887930E-07
  7.860822690547E+02,  3.193845169469E+03,  3.267581869640E+03,  8.894719477379E+04,  1.157623946951E+05,  2.680358061027E+04,  7.509418923098E-01,NaN,NaN,  3.481775243216E-03,  1.523902121305E+16,  5.601353132484E+19,  2.168948606150E+20,  1.458268350153E+18,  4.598702972845E+20,  6.134831683410E+19,  9.754088273204E+15,  1.789384700737E+02,  1.608189383282E+01,  1.528549016917E+02,NaN,  9.999798489906E+00,NaN,  1.876059302095E-03,  3.932663888527E-02,NaN,  4.102187879139E+06,  5.529729817781E-07
  8.260285791126E+02,  3.184687043085E+03,  3.256558196534E+03,  8.567593547105E+04,  1.124908177850E+05,  2.680358061027E+04,  7.444024243828E-01,NaN,NaN,  3.523262895545E-03,  1.570635612027E+16,  5.558145274005E+19,  2.173268086054E+20,  1.510468858126E+18,  4.597323557223E+20,  6.146830757865E+19,  9.821404773007E+15,  1.794492034452E+02,  1.628821232674E+01,  1.531593135501E+02,NaN,  9.999788561640E+00,NaN,  1.889006667559E-03,  3.931008211127E-02,NaN,  4.125889665099E+06,  5.584801997637E-07
  8.673779922314E+02,  3.175396947497E+03,  3.245507155145E+03,  8.261179343858E+04,  1.094263774613E+05,  2.680358061027E+04,  7.378182237480E-01,NaN,NaN,  3.564416893332E-03,  1.611186189576E+16,  5.520596898702E+19,  2.177022267740E+20,  1.556179643369E+18,  4.596152831737E+20,  6.157449755189E+19,  9.890510057459E+15,  1.798963812045E+02,  1.647081412224E+01,  1.534238864731E+02,NaN,  9.999778311002E+00,NaN,  1.902298080154E-03,  3.929538022010E-02,NaN,  4.149516176950E+06,  5.641112336525E-07
  9.110711736976E+02,  3.165894024546E+03,  3.234209978373E+03,  7.952988857467E+04,  1.063441705133E+05,  2.680358061027E+04,  7.310606185101E-01,NaN,NaN,  3.607788357494E-03,  1.653419396992E+16,  5.481433613159E+19,  2.180937871889E+20,  1.604200329408E+18,  4.594908248079E+20,  6.168705947899E+19,  9.962930791669E+15,  1.803658916690E+02,  1.666437241994E+01,  1.536998355139E+02,NaN,  9.999767508019E+00,NaN,  1.916227172066E-03,  3.927975779041E-02,NaN,  4.173531289184E+06,  5.699848462176E-07
  9.573071090782E+02,  3.156172267749E+03,  3.222660215200E+03,  7.643212860831E+04,  1.032461027400E+05,  2.680358061027E+04,  7.241252889815E-01,NaN,NaN,  3.653560150385E-03,  1.697396136704E+16,  5.440591536861E+19,  2.185021283696E+20,  1.654658768011E+18,  4.593584530386E+20,  6.180645594679E+19,  1.003888632320E+16,  1.808589802836E+02,  1.686968267589E+01,  1.539876106638E+02,NaN,  9.999756107751E+00,NaN,  1.930836131662E-03,  3.926314614191E-02,NaN,  4.197940744229E+06,  5.761157208720E-07
  1.005692050268E+03,  3.146342969030E+03,  3.210997273257E+03,  7.336713734494E+04,  1.001807980918E+05,  2.680358061027E+04,  7.170922482366E-01,NaN,NaN,  3.701222203553E-03,  1.742216041329E+16,  5.398901187367E+19,  2.189189498762E+20,  1.706571811054E+18,  4.592209109978E+20,  6.193050927397E+19,  1.011761415323E+16,  1.813660536206E+02,  1.708300117617E+01,  1.542813622549E+02,NaN,  9.999744211196E+00,NaN,  1.945978303204E-03,  3.924584437916E-02,NaN,  4.222444367968E+06,  5.824396522595E-07
  1.056014574586E+03,  3.136471885125E+03,  3.199303598588E+03,  7.036264016543E+04,  9.717599452228E+04,  2.680358061027E+04,  7.100136958624E-01,NaN,NaN,  3.750473204597E-03,  1.787308886710E+16,  5.356890394763E+19,  2.193389765270E+20,  1.759307236392E+18,  4.590799955562E+20,  6.205780284945E+19,  1.019866477983E+16,  1.818809587624E+02,  1.730189267579E+01,  1.545773726455E+02,NaN,  9.999731873824E+00,NaN,  1.961567231426E-03,  3.922804853798E-02,NaN,  4.246867548457E+06,  5.889183942945E-07
  1.108820287683E+03,  3.126484327492E+03,  3.187486352625E+03,  6.738970391727E+04,  9.420270354187E+04,  2.680358061027E+04,  7.028340393085E-01,NaN,NaN,  3.801893919496E-03,  1.833302610825E+16,  5.313971275722E+19,  2.197680838159E+20,  1.813628990187E+18,  4.589333377145E+20,  6.219027337103E+19,  1.028280329265E+16,  1.824111662262E+02,  1.752968696819E+01,  1.548797825426E+02,NaN,  9.999718965397E+00,NaN,  1.977750070377E-03,  3.920948717946E-02,NaN,  4.271402603652E+06,  5.956103732408E-07
  1.164267777526E+03,  3.116393090906E+03,  3.175551110173E+03,  6.443907479210E+04,  9.126508161393E+04,  2.680358061027E+04,  6.955528140584E-01,NaN,NaN,  3.855792183853E-03,  1.880189652248E+16,  5.270146566401E+19,  2.202062443088E+20,  1.869570634522E+18,  4.587807004751E+20,  6.232813410797E+19,  1.037014442208E+16,  1.829570235191E+02,  1.776675090631E+01,  1.551885726120E+02,NaN,  9.999705451888E+00,NaN,  1.994548886805E-03,  3.919012865407E-02,NaN,  4.296034789218E+06,  6.025214261375E-07
  1.222523214194E+03,  3.106277152077E+03,  3.163504856447E+03,  6.140945807132E+04,  8.822186483920E+04,  2.680358061027E+04,  6.881817213686E-01,NaN,NaN,  3.913995757395E-03,  1.934985055901E+16,  5.218836191091E+19,  2.207191884097E+20,  1.935673439531E+18,  4.585921418384E+20,  6.249279005786E+19,  1.046085644829E+16,  1.836016429996E+02,  1.804987388086E+01,  1.555500658253E+02,NaN,  9.999691297346E+00,NaN,  2.011996046993E-03,  3.916696717172E-02,NaN,  4.320746758175E+06,  6.096567571408E-07
  1.283784787655E+03,  3.095968423752E+03,  3.151352171780E+03,  5.855058772827E+04,  8.536268181572E+04,  2.680358061027E+04,  6.807144990278E-01,NaN,NaN,  3.972833591278E-03,  1.983586480777E+16,  5.173243441130E+19,  2.211750240918E+20,  1.994995086429E+18,  4.584264119829E+20,  6.264244720349E+19,  1.055496355212E+16,  1.841802432067E+02,  1.830722430980E+01,  1.558713123416E+02,NaN,  9.999676459104E+00,NaN,  2.030096201777E-03,  3.914586119926E-02,NaN,  4.345526430144E+06,  6.170231813282E-07
  1.349644504104E+03,  3.085353917188E+03,  3.138842605193E+03,  5.566219601009E+04,  8.247397168670E+04,  2.680358061027E+04,  6.729990026192E-01,NaN,NaN,  4.035997602050E-03,  2.034759675276E+16,  5.125153110029E+19,  2.216558239686E+20,  2.058163296785E+18,  4.582472939925E+20,  6.280363855016E+19,  1.065473770109E+16,  1.847962702396E+02,  1.858440822188E+01,  1.562101521726E+02,NaN,  9.999660558854E+00,NaN,  2.049286331602E-03,  3.912308700937E-02,NaN,  4.370877210252E+06,  6.247879703304E-07
  1.417722875696E+03,  3.074840826318E+03,  3.126479819897E+03,  5.288973094209E+04,  7.970119026586E+04,  2.680358061027E+04,  6.653477064860E-01,NaN,NaN,  4.100678320133E-03,  2.084985348755E+16,  5.077868041065E+19,  2.221285783568E+20,  2.120884657072E+18,  4.580680447430E+20,  6.296560930729E+19,  1.075634929808E+16,  1.854079710340E+02,  1.886293601620E+01,  1.565433220104E+02,NaN,  9.999644177566E+00,NaN,  2.068829868260E-03,  3.910016126949E-02,NaN,  4.395775912665E+06,  6.326490947588E-07
  1.489819455311E+03,  3.064199022216E+03,  3.113978853724E+03,  5.015186163359E+04,  7.696301017341E+04,  2.680358061027E+04,  6.575817692856E-01,NaN,NaN,  4.168844097204E-03,  2.136273525259E+16,  5.029495438099E+19,  2.226122043995E+20,  2.185688606356E+18,  4.578805953814E+20,  6.313496035042E+19,  1.086228340710E+16,  1.860400261809E+02,  1.915415652944E+01,  1.568841535589E+02,NaN,  9.999626887831E+00,NaN,  2.089204778255E-03,  3.907615259071E-02,NaN,  4.420798055037E+06,  6.407939451921E-07
  1.564606150257E+03,  3.053651128537E+03,  3.101614000949E+03,  4.752287756459E+04,  7.433371972181E+04,  2.680358061027E+04,  6.498756441357E-01,NaN,NaN,  4.238886078805E-03,  2.186661129702E+16,  4.981886084892E+19,  2.230882047525E+20,  2.250116522483E+18,  4.576927015666E+20,  6.330538367683E+19,  1.097035519258E+16,  1.866685551798E+02,  1.944722521078E+01,  1.572196109642E+02,NaN,  9.999609013964E+00,NaN,  2.109990839726E-03,  3.905195558358E-02,NaN,  4.445395968683E+06,  6.490504183311E-07
  1.643417386425E+03,  3.043052153631E+03,  3.089205664513E+03,  4.495246988009E+04,  7.176300393687E+04,  2.680358061027E+04,  6.421152239250E-01,NaN,NaN,  4.312215685106E-03,  2.237428425515E+16,  4.933831472996E+19,  2.235686575533E+20,  2.315811727363E+18,  4.574990183110E+20,  6.348126993533E+19,  1.108226002391E+16,  1.873096190783E+02,  1.974969112482E+01,  1.575582061961E+02,NaN,  9.999590243197E+00,NaN,  2.131514132716E-03,  3.902695037479E-02,NaN,  4.469930030603E+06,  6.575430367434E-07
  1.725961186856E+03,  3.032480232138E+03,  3.076849379509E+03,  4.246446372784E+04,  6.927469727865E+04,  2.680358061027E+04,  6.343619990376E-01,NaN,NaN,  4.388385077736E-03,  2.287880039160E+16,  4.885989432249E+19,  2.240469881732E+20,  2.381895197361E+18,  4.573023194617E+20,  6.366036998869E+19,  1.119729768768E+16,  1.879547180898E+02,  2.005768795904E+01,  1.578953058382E+02,NaN,  9.999570652611E+00,NaN,  2.153639981199E-03,  3.900145844856E-02,NaN,  4.494212871991E+06,  6.662132822083E-07
  1.812384276102E+03,  3.021954127699E+03,  3.064567346600E+03,  4.006229770157E+04,  6.687223510703E+04,  2.680358061027E+04,  6.266314386452E-01,NaN,NaN,  4.467430218755E-03,  2.337839337600E+16,  4.838529476610E+19,  2.245215023633E+20,  2.448136412609E+18,  4.571033336317E+20,  6.384210280032E+19,  1.131538274196E+16,  1.886016597824E+02,  2.037021733483E+01,  1.582297158822E+02,NaN,  9.999550213433E+00,NaN,  2.176351951637E-03,  3.897556552620E-02,NaN,  4.518204444077E+06,  6.750496068361E-07
  1.903193262518E+03,  3.011454740542E+03,  3.052335106847E+03,  3.773757695861E+04,  6.454722086044E+04,  2.680358061027E+04,  6.189081783475E-01,NaN,NaN,  4.549776438172E-03,  2.387474678399E+16,  4.791293625062E+19,  2.249937789371E+20,  2.514759123844E+18,  4.569012859731E+20,  6.402712166814E+19,  1.143688311205E+16,  1.892526806012E+02,  2.068840308221E+01,  1.585625489841E+02,NaN,  9.999528814013E+00,NaN,  2.199720809200E-03,  3.894918193448E-02,NaN,  4.541956027981E+06,  6.840738129527E-07
  1.999330014500E+03,  3.001030337608E+03,  3.040084038258E+03,  3.534723164800E+04,  6.215656726314E+04,  2.680358061027E+04,  6.111522547724E-01,NaN,NaN,  4.640407044137E-03,  2.445126118119E+16,  4.736322478478E+19,  2.255433306820E+20,  2.593161846576E+18,  4.566529505392E+20,  6.424754483674E+19,  1.156276167633E+16,  1.900190204931E+02,  2.106744918089E+01,  1.589498411390E+02,NaN,  9.999506241449E+00,NaN,  2.223931749766E-03,  3.891774078244E-02,NaN,  4.565602684826E+06,  6.933434867616E-07
  2.102501137625E+03,  2.990363421499E+03,  3.027677656218E+03,  3.311118157705E+04,  5.992022417551E+04,  2.680358061027E+04,  6.032723289575E-01,NaN,NaN,  4.733137821008E-03,  2.496163387716E+16,  4.687563852712E+19,  2.260308302833E+20,  2.663537525950E+18,  4.564338323556E+20,  6.444826983267E+19,  1.169455664651E+16,  1.907077876468E+02,  2.141265371271E+01,  1.592934025466E+02,NaN,  9.999482106817E+00,NaN,  2.249280626343E-03,  3.888908138338E-02,NaN,  4.589406110949E+06,  7.029752029274E-07
  2.207889353641E+03,  2.980069007274E+03,  3.015740619836E+03,  3.104279213226E+04,  5.785155785344E+04,  2.680358061027E+04,  5.956678371475E-01,NaN,NaN,  4.826266017513E-03,  2.543785365347E+16,  4.641988357954E+19,  2.264865181107E+20,  2.730041493923E+18,  4.562261015734E+20,  6.464034311370E+19,  1.182575487805E+16,  1.913592691644E+02,  2.174299224148E+01,  1.596145448635E+02,NaN,  9.999457544631E+00,NaN,  2.274514728784E-03,  3.886164449933E-02,NaN,  4.612174370023E+06,  7.124830309523E-07
  2.318951073210E+03,  2.969951997286E+03,  3.003904306713E+03,  2.893376211060E+04,  5.574223904640E+04,  2.680358061027E+04,  5.881113829735E-01,NaN,NaN,  4.928488008111E-03,  2.598710209416E+16,  4.589325688465E+19,  2.270130024109E+20,  2.807746380593E+18,  4.559725060968E+20,  6.486747011983E+19,  1.196044694949E+16,  1.921209016601E+02,  2.213358906056E+01,  1.599855804230E+02,NaN,  9.999431755772E+00,NaN,  2.300420821334E-03,  3.882920809183E-02,NaN,  4.634621260365E+06,  7.221517162647E-07
  2.434977168048E+03,  2.959905386482E+03,  2.992292893924E+03,  2.704865994265E+04,  5.385687357650E+04,  2.680358061027E+04,  5.806742170032E-01,NaN,NaN,  5.028993360339E-03,  2.643976658934E+16,  4.545847243574E+19,  2.274477343112E+20,  2.872653305320E+18,  4.557663093456E+20,  6.505983405163E+19,  1.209706004804E+16,  1.927581333389E+02,  2.246444750947E+01,  1.602919542195E+02,NaN,  9.999404913531E+00,NaN,  2.326696395958E-03,  3.880172001531E-02,NaN,  4.656517639349E+06,  7.318780587569E-07
  2.562899088988E+03,  2.949653460450E+03,  2.980311212274E+03,  2.502306257122E+04,  5.183098699597E+04,  2.680358061027E+04,  5.729862676679E-01,NaN,NaN,  5.145755332537E-03,  2.700140200800E+16,  4.491801428676E+19,  2.279880445185E+20,  2.954245161053E+18,  4.554935751856E+20,  6.530453484120E+19,  1.224319393102E+16,  1.935597453505E+02,  2.288528164073E+01,  1.606727334753E+02,NaN,  9.999375431278E+00,NaN,  2.354803157231E-03,  3.876677608052E-02,NaN,  4.678984612386E+06,  7.421739685678E-07
  2.694756753859E+03,  2.939774873597E+03,  2.968791655784E+03,  2.314825101339E+04,  4.995590103868E+04,  2.680358061027E+04,  5.655751682130E-01,NaN,NaN,  5.264781564439E-03,  2.752975570808E+16,  4.440859697244E+19,  2.284973317682E+20,  3.032141262022E+18,  4.552310755088E+20,  6.554147465256E+19,  1.238877211547E+16,  1.943261614453E+02,  2.329278393114E+01,  1.610316495523E+02,NaN,  9.999345158827E+00,NaN,  2.382803037842E-03,  3.873294806877E-02,NaN,  4.700463824826E+06,  7.523299232294E-07
  2.830618070797E+03,  2.930267021248E+03,  2.957729087964E+03,  2.141503851946E+04,  4.822243094868E+04,  2.680358061027E+04,  5.584402913509E-01,NaN,NaN,  5.385966506808E-03,  2.802481385551E+16,  4.393040436285E+19,  2.289754120656E+20,  3.106155528363E+18,  4.549799237579E+20,  6.576966327077E+19,  1.253352363240E+16,  1.950555501062E+02,  2.368525259716E+01,  1.613685727816E+02,NaN,  9.999314083564E+00,NaN,  2.410643920784E-03,  3.870038145920E-02,NaN,  4.720980000284E+06,  7.623285379832E-07
  2.972345771970E+03,  2.921019826335E+03,  2.946987787409E+03,  1.979012239928E+04,  4.659726560617E+04,  2.680358061027E+04,  5.514973003699E-01,NaN,NaN,  5.511104697122E-03,  2.849630783259E+16,  4.347417909848E+19,  2.294315374370E+20,  3.177593997451E+18,  4.547357152303E+20,  6.599275768623E+19,  1.267896946810E+16,  1.957607205709E+02,  2.406897671311E+01,  1.616900234541E+02,NaN,  9.999281785426E+00,NaN,  2.438618346007E-03,  3.866855808743E-02,NaN,  4.740797182549E+06,  7.722747779924E-07
  3.123709033782E+03,  2.911848351947E+03,  2.936340822767E+03,  1.822611843406E+04,  4.503301936407E+04,  2.680358061027E+04,  5.446014784859E-01,NaN,NaN,  5.644009052933E-03,  2.896100484601E+16,  4.302377248278E+19,  2.298818473581E+20,  3.248930493518E+18,  4.544894491414E+20,  6.621832029011E+19,  1.282817014659E+16,  1.964660519109E+02,  2.445696144465E+01,  1.620073757349E+02,NaN,  9.999247416393E+00,NaN,  2.467314961512E-03,  3.863640422924E-02,NaN,  4.760340753295E+06,  7.823727567734E-07
  3.284355063302E+03,  2.902838048225E+03,  2.925890661130E+03,  1.673959134955E+04,  4.354625448378E+04,  2.680358061027E+04,  5.378190916550E-01,NaN,NaN,  5.783950884891E-03,  2.941112258100E+16,  4.258677747501E+19,  2.303187527697E+20,  3.318931057668E+18,  4.542458120391E+20,  6.644239477455E+19,  1.297974533112E+16,  1.971593949990E+02,  2.484240616111E+01,  1.623152812959E+02,NaN,  9.999211073697E+00,NaN,  2.496468279272E-03,  3.860448703102E-02,NaN,  4.779427420994E+06,  7.925231591425E-07
  3.454954274897E+03,  2.894012990514E+03,  2.915664967345E+03,  1.533212461723E+04,  4.213855979332E+04,  2.680358061027E+04,  5.311679079995E-01,NaN,NaN,  5.931226425727E-03,  2.984447113738E+16,  4.216539643593E+19,  2.307400521763E+20,  3.387186612226E+18,  4.540065252251E+20,  6.666350617663E+19,  1.313325148630E+16,  1.978366643089E+02,  2.522277704431E+01,  1.626121886509E+02,NaN,  9.999172620673E+00,NaN,  2.525992991606E-03,  3.857301888883E-02,NaN,  4.798013044211E+06,  8.026922679203E-07
  3.628296437125E+03,  2.885853141564E+03,  2.906110138431E+03,  1.397322019505E+04,  4.077943004057E+04,  2.680358061027E+04,  5.249452133551E-01,NaN,NaN,  6.088745876519E-03,  3.031263018871E+16,  4.170942136979E+19,  2.311958863357E+20,  3.461879028325E+18,  4.537345870202E+20,  6.690820800297E+19,  1.328170098815E+16,  1.985788197453E+02,  2.564369741951E+01,  1.629334340941E+02,NaN,  9.999133686548E+00,NaN,  2.554545129033E-03,  3.853824422219E-02,NaN,  4.815298516560E+06,  8.124125455759E-07
  3.816089509868E+03,  2.877633059317E+03,  2.896614860424E+03,  1.276136898551E+04,  3.956737360193E+04,  2.680358061027E+04,  5.187469155190E-01,NaN,NaN,  6.247258012798E-03,  3.069076338867E+16,  4.134057280824E+19,  2.315646801469E+20,  3.522984376528E+18,  4.535185018025E+20,  6.711098666342E+19,  1.343399664682E+16,  1.991876056198E+02,  2.599259157728E+01,  1.631933385547E+02,NaN,  9.999091650873E+00,NaN,  2.583837019686E-03,  3.850944215616E-02,NaN,  4.832399432919E+06,  8.222876389106E-07
  4.012060118579E+03,  2.869898359510E+03,  2.887565488631E+03,  1.155186394879E+04,  3.835765950477E+04,  2.680358061027E+04,  5.128337201463E-01,NaN,NaN,  6.423373979776E-03,  3.112126873622E+16,  4.092001492562E+19,  2.319851134469E+20,  3.593370117878E+18,  4.532583624653E+20,  6.734689897483E+19,  1.358408858995E+16,  1.998897441742E+02,  2.639844800437E+01,  1.634896355281E+02,NaN,  9.999047936717E+00,NaN,  2.612705057188E-03,  3.847599044314E-02,NaN,  4.848626479787E+06,  8.319047852514E-07
  4.213798167722E+03,  2.862628139309E+03,  2.879075442396E+03,  1.046236085989E+04,  3.726796375276E+04,  2.680358061027E+04,  5.072773814208E-01,NaN,NaN,  6.602589405246E-03,  3.150939585029E+16,  4.054029899933E+19,  2.323647256179E+20,  3.657619084148E+18,  4.530201349559E+20,  6.756472735868E+19,  1.372935806373E+16,  2.005320413812E+02,  2.677323351194E+01,  1.637571641404E+02,NaN,  9.999003083316E+00,NaN,  2.640645561719E-03,  3.844513963309E-02,NaN,  4.863788135037E+06,  8.411153961996E-07
  4.424902440526E+03,  2.855701797476E+03,  2.870996586362E+03,  9.463051378953E+03,  3.626847607687E+04,  2.680358061027E+04,  5.019806909784E-01,NaN,NaN,  6.788308627666E-03,  3.186634692476E+16,  4.019061494014E+19,  2.327143202655E+20,  3.717384971937E+18,  4.527978189304E+20,  6.776949747717E+19,  1.387178984843E+16,  2.011307553651E+02,  2.712559288415E+01,  1.640035381455E+02,NaN,  9.998956295230E+00,NaN,  2.668040277363E-03,  3.841617223002E-02,NaN,  4.878159698108E+06,  8.500534594064E-07
  4.650515802439E+03,  2.848998047492E+03,  2.863179582524E+03,  8.526633938930E+03,  3.533188732488E+04,  2.680358061027E+04,  4.968491595006E-01,NaN,NaN,  6.985458454092E-03,  3.220322019696E+16,  3.986018946065E+19,  2.330446641029E+20,  3.774399116569E+18,  4.525848631576E+20,  6.796675427759E+19,  1.401368745158E+16,  2.017030134369E+02,  2.746506636054E+01,  1.642363452975E+02,NaN,  9.998906446576E+00,NaN,  2.695332250829E-03,  3.838830065361E-02,NaN,  4.892013968349E+06,  8.588671639917E-07
  4.893232037462E+03,  2.842629319967E+03,  2.855609275329E+03,  7.551839906403E+03,  3.435691252983E+04,  2.680358061027E+04,  4.918765915710E-01,NaN,NaN,  7.218878206641E-03,  3.260934905937E+16,  3.946128640027E+19,  2.334434038644E+20,  3.843901599114E+18,  4.523131119952E+20,  6.820944943713E+19,  1.415530650219E+16,  2.024015971972E+02,  2.788266772304E+01,  1.645173539248E+02,NaN,  9.998852978714E+00,NaN,  2.722570648699E-03,  3.835407929526E-02,NaN,  4.905383003500E+06,  8.675616737273E-07
  5.140298247970E+03,  2.836679989506E+03,  2.848694623201E+03,  6.791415265571E+03,  3.359634462479E+04,  2.680358061027E+04,  4.873253961303E-01,NaN,NaN,  7.430183480728E-03,  3.287702530381E+16,  3.919805823492E+19,  2.337065814045E+20,  3.890225233115E+18,  4.521405022246E+20,  6.837305103258E+19,  1.428802750882E+16,  2.028687100405E+02,  2.816433706648E+01,  1.647028261711E+02,NaN,  9.998798705306E+00,NaN,  2.748097635138E-03,  3.833101952460E-02,NaN,  4.917553096815E+06,  8.756431699022E-07
  5.410897675294E+03,  2.830996957329E+03,  2.841936179118E+03,  5.975025907068E+03,  3.277979900074E+04,  2.680358061027E+04,  4.828764635956E-01,NaN,NaN,  7.689461473220E-03,  3.322116611544E+16,  3.885925272441E+19,  2.340452492788E+20,  3.950329760107E+18,  4.519034485071E+20,  6.858681809899E+19,  1.442140978998E+16,  2.034752840096E+02,  2.853227120710E+01,  1.649414996209E+02,NaN,  9.998739429783E+00,NaN,  2.773751808271E-03,  3.830095399137E-02,NaN,  4.929410575269E+06,  8.836742877729E-07
  5.692299725204E+03,  2.825754131250E+03,  2.835704507755E+03,  5.251095887116E+03,  3.205572830185E+04,  2.680358061027E+04,  4.787683607074E-01,NaN,NaN,  7.958639914525E-03,  3.352496674640E+16,  3.855981574961E+19,  2.343445665043E+20,  4.003948797697E+18,  4.516915964978E+20,  6.877929831070E+19,  1.454752003544E+16,  2.040175559986E+02,  2.886363902156E+01,  1.651524410188E+02,NaN,  9.998677950877E+00,NaN,  2.798007309395E-03,  3.827391807107E-02,NaN,  4.940310972466E+06,  8.911977800401E-07
  6.005628391031E+03,  2.820631112504E+03,  2.829598917140E+03,  4.558635604983E+03,  3.136313168954E+04,  2.680358061027E+04,  4.747392830969E-01,NaN,NaN,  8.262292215944E-03,  3.381921226594E+16,  3.826948299942E+19,  2.346347776602E+20,  4.056387254529E+18,  4.514831364237E+20,  6.896914418535E+19,  1.467411865835E+16,  2.045489369929E+02,  2.919053998263E+01,  1.653569649876E+02,NaN,  9.998609665958E+00,NaN,  2.822356742934E-03,  3.824728771328E-02,NaN,  4.950960372214E+06,  8.986815091736E-07
  6.307616752660E+03,  2.816269372511E+03,  2.824429967718E+03,  4.010371586754E+03,  3.081475952859E+04,  2.680358061027E+04,  4.713258227443E-01,NaN,NaN,  8.546464866672E-03,  3.404093428920E+16,  3.805049854698E+19,  2.348536789186E+20,  4.096238192685E+18,  4.513266801769E+20,  6.911458050866E+19,  1.478366484973E+16,  2.049537115266E+02,  2.944109021785E+01,  1.655112338819E+02,NaN,  9.998544000482E+00,NaN,  2.843426385283E-03,  3.822690271745E-02,NaN,  4.959952605507E+06,  9.051058790437E-07
  6.650131627200E+03,  2.811965845785E+03,  2.819312667058E+03,  3.477988473254E+03,  3.028226807294E+04,  2.680358061027E+04,  4.679429412190E-01,NaN,NaN,  8.871981486052E-03,  3.425867549521E+16,  3.783527563654E+19,  2.350688120517E+20,  4.135659840884E+18,  4.511712225649E+20,  6.925932961732E+19,  1.489438725648E+16,  2.053547182268E+02,  2.969053659605E+01,  1.656628472204E+02,NaN,  9.998469688148E+00,NaN,  2.864722255826E-03,  3.820663309171E-02,NaN,  4.968833881781E+06,  9.115476386450E-07
  6.995955528861E+03,  2.808189827579E+03,  2.814846459760E+03,  3.042992054968E+03,  2.984718390592E+04,  2.680358061027E+04,  4.649862089477E-01,NaN,NaN,  9.187620163142E-03,  3.442583367357E+16,  3.766994403564E+19,  2.352340781735E+20,  4.166132717316E+18,  4.510534149664E+20,  6.937185123352E+19,  1.499286412809E+16,  2.056651938401E+02,  2.988459818130E+01,  1.657793171853E+02,NaN,  9.998394810667E+00,NaN,  2.883662872913E-03,  3.819087965605E-02,NaN,  4.976568042283E+06,  9.172372250635E-07
  7.368977251658E+03,  2.804814771807E+03,  2.810682997905E+03,  2.567202613501E+03,  2.937129764347E+04,  2.680358061027E+04,  4.622330593060E-01,NaN,NaN,  9.600547102271E-03,  3.465942848491E+16,  3.743871140205E+19,  2.354651610926E+20,  4.208952436403E+18,  4.508753785939E+20,  6.953062906152E+19,  1.508652625993E+16,  2.061015991898E+02,  3.015821231938E+01,  1.659421710066E+02,NaN,  9.998314186425E+00,NaN,  2.901677443703E-03,  3.816870628379E-02,NaN,  4.983763621639E+06,  9.225986219881E-07
  7.742230815952E+03,  2.801924584212E+03,  2.807118797295E+03,  2.178137790868E+03,  2.898215301914E+04,  2.680358061027E+04,  4.598737501174E-01,NaN,NaN,  1.001575522082E-02,  3.484654775813E+16,  3.725334925702E+19,  2.356503962352E+20,  4.243504905712E+18,  4.507321843683E+20,  6.965949096188E+19,  1.516796790501E+16,  2.064542737198E+02,  3.038040875086E+01,  1.660727139777E+02,NaN,  9.998233649734E+00,NaN,  2.917341578735E-03,  3.815072286862E-02,NaN,  4.989912570607E+06,  9.272330073258E-07
  8.143011800447E+03,  2.799282236821E+03,  2.803851881873E+03,  1.833305806633E+03,  2.863725033569E+04,  2.680358061027E+04,  4.577096866718E-01,NaN,NaN,  1.046879857509E-02,  3.501061524998E+16,  3.709071788130E+19,  2.358129058580E+20,  4.273983535230E+18,  4.506060451024E+20,  6.977370110421E+19,  1.524366931715E+16,  2.067657954596E+02,  3.057747493458E+01,  1.661872413221E+02,NaN,  9.998147301262E+00,NaN,  2.931901662103E-03,  3.813479172825E-02,NaN,  4.995539802230E+06,  9.315174908664E-07
  8.575343610348E+03,  2.796876809338E+03,  2.800871208745E+03,  1.530086302588E+03,  2.833396829853E+04,  2.680358061027E+04,  4.557342320978E-01,NaN,NaN,  1.096439951084E-02,  3.515243300304E+16,  3.695005957276E+19,  2.359534463628E+20,  4.300466986194E+18,  4.504968318101E+20,  6.987334100357E+19,  1.531362866570E+16,  2.070368444288E+02,  3.074955868559E+01,  1.662862861081E+02,NaN,  9.998054277759E+00,NaN,  2.945357341704E-03,  3.812089505702E-02,NaN,  5.000666619009E+06,  9.354574935136E-07
  9.046194058156E+03,  2.794690461100E+03,  2.798156780557E+03,  1.264873780867E+03,  2.806869940271E+04,  2.680358061027E+04,  4.539347724066E-01,NaN,NaN,  1.150987706601E-02,  3.527349436103E+16,  3.682992552482E+19,  2.360734642820E+20,  4.323176737520E+18,  4.504037629029E+20,  6.995905520371E+19,  1.537808720279E+16,  2.072695597030E+02,  3.089778108952E+01,  1.663708677676E+02,NaN,  9.997953090950E+00,NaN,  2.957755018938E-03,  3.810893732762E-02,NaN,  5.005329387068E+06,  9.390714889861E-07
  9.508107814737E+03,  2.792885206291E+03,  2.795935714347E+03,  1.065599431198E+03,  2.786938623339E+04,  2.680358061027E+04,  4.524620190995E-01,NaN,NaN,  1.202340528405E-02,  3.535603449533E+16,  3.674798157671E+19,  2.361553128561E+20,  4.338719142589E+18,  4.503419396428E+20,  7.001783546197E+19,  1.543133672510E+16,  2.074290654938E+02,  3.099969368169E+01,  1.664285498892E+02,NaN,  9.997853926103E+00,NaN,  2.967996802574E-03,  3.810072278746E-02,NaN,  5.009140354264E+06,  9.420471731167E-07
  9.995626533928E+03,  2.791304196859E+03,  2.794004219806E+03,  9.047358719652E+02,  2.770848996405E+04,  2.680358061027E+04,  4.511772943555E-01,NaN,NaN,  1.253415138230E-02,  3.541614119651E+16,  3.668829439230E+19,  2.362149098632E+20,  4.350074915325E+18,  4.502984407859E+20,  7.006076074945E+19,  1.547802030469E+16,  2.075456810580E+02,  3.107440431653E+01,  1.664705503988E+02,NaN,  9.997749366989E+00,NaN,  2.976975721084E-03,  3.809470621008E-02,NaN,  5.012451306843E+06,  9.446485823106E-07
  1.054621030024E+04,  2.790051026826E+03,  2.792242354729E+03,  6.843476734053E+02,  2.748805698301E+04,  2.680358061027E+04,  4.500119902338E-01,NaN,NaN,  1.344868631690E-02,  3.555351881989E+16,  3.655183215431E+19,  2.363511839308E+20,  4.376065239081E+18,  4.501835971044E+20,  7.015932372848E+19,  1.552119442416E+16,  2.078120651470E+02,  3.124486001654E+01,  1.665665884476E+02,NaN,  9.997631403158E+00,NaN,  2.985279645159E-03,  3.808098987005E-02,NaN,  5.015468919529E+06,  9.470327018317E-07
  1.112910144321E+04,  2.788774993215E+03,  2.790700046644E+03,  5.753569152241E+02,  2.737904447654E+04,  2.680358061027E+04,  4.489852565843E-01,NaN,NaN,  1.405253711171E-02,  3.558321898376E+16,  3.652230476959E+19,  2.363806148575E+20,  4.381718621977E+18,  4.501650463169E+20,  7.018058780053E+19,  1.555898023142E+16,  2.078703511796E+02,  3.128252240955E+01,  1.665873296555E+02,NaN,  9.997506567348E+00,NaN,  2.992547204484E-03,  3.807796729126E-02,NaN,  5.018108495113E+06,  9.491285242160E-07
  1.175731162812E+04,  2.787915369160E+03,  2.789439210054E+03,  4.210539660581E+02,  2.722471225692E+04,  2.680358061027E+04,  4.481510700124E-01,NaN,NaN,  1.520026474124E-02,  3.568157218739E+16,  3.642454712350E+19,  2.364781860631E+20,  4.400421927614E+18,  4.500819995192E+20,  7.025156584485E+19,  1.559028684352E+16,  2.080621774120E+02,  3.140571451786E+01,  1.666560921748E+02,NaN,  9.997372150730E+00,NaN,  2.998568583337E-03,  3.806807168803E-02,NaN,  5.020264960282E+06,  9.508479956329E-07
  1.236855138674E+04,  2.787022591476E+03,  2.788432470728E+03,  3.794180665796E+02,  2.718306662094E+04,  2.680358061027E+04,  4.474786535069E-01,NaN,NaN,  1.560677621715E-02,  3.566937503627E+16,  3.643665328795E+19,  2.364659975203E+20,  4.398122489119E+18,  4.500986807196E+20,  7.024232481441E+19,  1.561512488261E+16,  2.080387473363E+02,  3.139100018939E+01,  1.666475023977E+02,NaN,  9.997241403356E+00,NaN,  3.003345824732E-03,  3.806926720610E-02,NaN,  5.021985939604E+06,  9.522249220349E-07
  1.307656642808E+04,  2.786420923799E+03,  2.787509140885E+03,  2.685162048395E+02,  2.707214495654E+04,  2.680358061027E+04,  4.468670784992E-01,NaN,NaN,  1.702136287787E-02,  3.574150740508E+16,  3.636492265312E+19,  2.365375366821E+20,  4.411868595491E+18,  4.500374038960E+20,  7.029435608546E+19,  1.563826064840E+16,  2.081797967206E+02,  3.148177986471E+01,  1.666979190444E+02,NaN,  9.997090015874E+00,NaN,  3.007795658218E-03,  3.806198702259E-02,NaN,  5.023563634168E+06,  9.534908878073E-07
  1.393091351928E+04,  2.785943767500E+03,  2.786743991311E+03,  1.781580856980E+02,  2.698176890668E+04,  2.680358061027E+04,  4.463602754751E-01,NaN,NaN,  1.886493106792E-02,  3.580124934198E+16,  3.630549458861E+19,  2.365967469359E+20,  4.423284361851E+18,  4.499863502410E+20,  7.033733105938E+19,  1.565750384340E+16,  2.082968388944E+02,  3.155727295359E+01,  1.667396469926E+02,NaN,  9.996907451353E+00,NaN,  3.011496811414E-03,  3.805594439290E-02,NaN,  5.024870541796E+06,  9.545422429480E-07
  1.481183497422E+04,  2.785635355536E+03,  2.786221659066E+03,  1.176462090627E+02,  2.692124131524E+04,  2.680358061027E+04,  4.460143044773E-01,NaN,NaN,  2.093118720916E-02,  3.584201369792E+16,  3.626492850231E+19,  2.366370985218E+20,  4.431089979641E+18,  4.499512961564E+20,  7.036641522219E+19,  1.567067740564E+16,  2.083767594324E+02,  3.160894165742E+01,  1.667680844470E+02,NaN,  9.996719297455E+00,NaN,  3.014030557602E-03,  3.805182007780E-02,NaN,  5.025762445130E+06,  9.552611382229E-07
  1.558111698722E+04,  2.785101720511E+03,  2.785783701359E+03,  1.438862853136E+02,  2.694749099257E+04,  2.680358061027E+04,  4.457196716879E-01,NaN,NaN,  1.990682821607E-02,  3.578522819272E+16,  3.632137276270E+19,  2.365805585746E+20,  4.420248697662E+18,  4.500060053798E+20,  7.032403874477E+19,  1.568145875651E+16,  2.082653866045E+02,  3.153757716862E+01,  1.667282383757E+02,NaN,  9.996554956019E+00,NaN,  3.016104196166E-03,  3.805757439433E-02,NaN,  5.026510111070E+06,  9.558646490431E-07
  1.639642255738E+04,  2.784874296645E+03,  2.785386869835E+03,  9.830632504695E+01,  2.690190217168E+04,  2.680358061027E+04,  4.454565318884E-01,NaN,NaN,  2.189897137484E-02,  3.581626644966E+16,  3.629047522832E+19,  2.366112607447E+20,  4.426181687871E+18,  4.499792895212E+20,  7.034599578113E+19,  1.569150607668E+16,  2.083261457395E+02,  3.157687143646E+01,  1.667498754822E+02,NaN,  9.996380784180E+00,NaN,  3.018036654427E-03,  3.805444226885E-02,NaN,  5.027187438348E+06,  9.564120726684E-07
  1.725412114006E+04,  2.784721595402E+03,  2.785103371828E+03,  6.636307814950E+01,  2.686995570939E+04,  2.680358061027E+04,  4.452685437775E-01,NaN,NaN,  2.416194418075E-02,  3.583843320143E+16,  3.626839713067E+19,  2.366331383996E+20,  4.430423607986E+18,  4.499600749961E+20,  7.036139496150E+19,  1.569869469222E+16,  2.083694857188E+02,  3.160497511126E+01,  1.667652935828E+02,NaN,  9.996197605415E+00,NaN,  3.019419281759E-03,  3.805221176683E-02,NaN,  5.027671248669E+06,  9.568034953959E-07
  1.839771925029E+04,  2.784601884059E+03,  2.784862158171E+03,  3.981425501646E+01,  2.684341243406E+04,  2.680358061027E+04,  4.451085945056E-01,NaN,NaN,  2.745627837930E-02,  3.585728697891E+16,  3.624960206302E+19,  2.366516713912E+20,  4.434034736128E+18,  4.499435553093E+20,  7.037404538249E+19,  1.570481819152E+16,  2.084062282204E+02,  3.162889964853E+01,  1.667783545590E+02,NaN,  9.995953415794E+00,NaN,  3.020597049224E-03,  3.805032709877E-02,NaN,  5.028082848088E+06,  9.571367606598E-07
  1.954131736053E+04,  2.784537203391E+03,  2.784716709071E+03,  2.425890254257E+01,  2.682787226161E+04,  2.680358061027E+04,  4.450121469083E-01,NaN,NaN,  3.107823418745E-02,  3.586865015731E+16,  3.623825649681E+19,  2.366627585060E+20,  4.436212680495E+18,  4.499334177586E+20,  7.038116729476E+19,  1.570851376491E+16,  2.084282206130E+02,  3.164332192819E+01,  1.667861681137E+02,NaN,  9.995709263344E+00,NaN,  3.021307839885E-03,  3.804920634432E-02,NaN,  5.028331015826E+06,  9.573378154873E-07
  2.070644713008E+04,  2.784501527551E+03,  2.784626384649E+03,  1.494969460535E+01,  2.681850177542E+04,  2.680358061027E+04,  4.449522525982E-01,NaN,NaN,  3.507762699899E-02,  3.587570212329E+16,  3.623119787434E+19,  2.366695560004E+20,  4.437564983040E+18,  4.499269503716E+20,  7.038507847065E+19,  1.571080996267E+16,  2.084417076039E+02,  3.165226672224E+01,  1.667909585929E+02,NaN,  9.995460539278E+00,NaN,  3.021749480665E-03,  3.804852659506E-02,NaN,  5.028485120590E+06,  9.574627090247E-07
  2.174695679298E+04,  2.784484361434E+03,  2.784575496938E+03,  9.824734708941E+00,  2.681340621505E+04,  2.680358061027E+04,  4.449185088528E-01,NaN,NaN,  3.895974072652E-02,  3.587967148626E+16,  3.622720998145E+19,  2.366733118215E+20,  4.438326467948E+18,  4.499231630479E+20,  7.038684876284E+19,  1.571210404791E+16,  2.084491599953E+02,  3.165729408555E+01,  1.667936054775E+02,NaN,  9.995238433788E+00,NaN,  3.021998379444E-03,  3.804815750988E-02,NaN,  5.028571938577E+06,  9.575330853097E-07
  2.284653423583E+04,  2.784474200621E+03,  2.784540471082E+03,  6.424263753250E+00,  2.681000596991E+04,  2.680358061027E+04,  4.448952831357E-01,NaN,NaN,  4.332573293545E-02,  3.588240006184E+16,  3.622445392552E+19,  2.366758233406E+20,  4.438850128475E+18,  4.499204133975E+20,  7.038763430231E+19,  1.571299497111E+16,  2.084541428544E+02,  3.166074150247E+01,  1.667953754504E+02,NaN,  9.995003731858E+00,NaN,  3.022169735772E-03,  3.804791738550E-02,NaN,  5.028631693976E+06,  9.575815304297E-07
  2.398973998759E+04,  2.784468574210E+03,  2.784516925736E+03,  4.219607245053E+00,  2.680780068710E+04,  2.680358061027E+04,  4.448796701685E-01,NaN,NaN,  4.812685080487E-02,  3.588423061524E+16,  3.622258939307E+19,  2.366774341200E+20,  4.439201620699E+18,  4.499184147126E+20,  7.038770588945E+19,  1.571359398813E+16,  2.084573376149E+02,  3.166304496859E+01,  1.667965106341E+02,NaN,  9.994759727228E+00,NaN,  3.022284948125E-03,  3.804777065976E-02,NaN,  5.028671862663E+06,  9.576140990214E-07
  2.551401432328E+04,  2.784465091937E+03,  2.784497788354E+03,  2.504501686693E+00,  2.680608604657E+04,  2.680358061027E+04,  4.448669801310E-01,NaN,NaN,  5.483124676151E-02,  3.588571309178E+16,  3.622105646906E+19,  2.366786291692E+20,  4.439486510048E+18,  4.499165690081E+20,  7.038709162362E+19,  1.571408096333E+16,  2.084597059584E+02,  3.166489634377E+01,  1.667973528354E+02,NaN,  9.994434400616E+00,NaN,  3.022378610835E-03,  3.804767306096E-02,NaN,  5.028704510977E+06,  9.576405718415E-07
  2.703952372262E+04,  2.784463732700E+03,  2.784486656613E+03,  1.559925298658E+00,  2.680514213539E+04,  2.680358061027E+04,  4.448595986510E-01,NaN,NaN,  6.172118401996E-02,  3.588656965341E+16,  3.622014605717E+19,  2.366792017354E+20,  4.439651354280E+18,  4.499152580077E+20,  7.038601234306E+19,  1.571436430458E+16,  2.084608383401E+02,  3.166595073755E+01,  1.667977563468E+02,NaN,  9.994108822670E+00,NaN,  3.022433107470E-03,  3.804763954986E-02,NaN,  5.028723501561E+06,  9.576559710224E-07
  2.890088411101E+04,  2.784463231047E+03,  2.784478926322E+03,  9.413310687970E-01,  2.680453029582E+04,  2.680358061027E+04,  4.448544726786E-01,NaN,NaN,  7.002865952760E-02,  3.588715726021E+16,  3.621949029352E+19,  2.366794454939E+20,  4.439764732232E+18,  4.499140496236E+20,  7.038435652720E+19,  1.571456115165E+16,  2.084613168207E+02,  3.166665463706E+01,  1.667979281336E+02,NaN,  9.993711579081E+00,NaN,  3.022470968189E-03,  3.804764548077E-02,NaN,  5.028736689267E+06,  9.576666650409E-07
  3.076224449941E+04,  2.784462996114E+03,  2.784474545306E+03,  6.253431719864E-01,  2.680420393395E+04,  2.680358061027E+04,  4.448515676182E-01,NaN,NaN,  7.756798245009E-02,  3.588748301726E+16,  3.621909497689E+19,  2.366794289315E+20,  4.439827883195E+18,  4.499130651649E+20,  7.038250676885E+19,  1.571467279299E+16,  2.084612783768E+02,  3.166702507265E+01,  1.667979164614E+02,NaN,  9.993314350289E+00,NaN,  3.022492440803E-03,  3.804767820762E-02,NaN,  5.028744163176E+06,  9.576727257939E-07
  3.262360488780E+04,  2.784462993966E+03,  2.784471996999E+03,  4.486429281099E-01,  2.680403894313E+04,  2.680358061027E+04,  4.448498778303E-01,NaN,NaN,  8.428247718752E-02,  3.588766549306E+16,  3.621884217501E+19,  2.366792699211E+20,  4.439863550030E+18,  4.499122032378E+20,  7.038055091855E+19,  1.571473780348E+16,  2.084609570723E+02,  3.166721303050E+01,  1.667978044001E+02,NaN,  9.992917136720E+00,NaN,  3.022504944639E-03,  3.804772559670E-02,NaN,  5.028748510510E+06,  9.576762511866E-07
  3.448496527619E+04,  2.784462666459E+03,  2.784470415070E+03,  3.672940243879E-01,  2.680393241251E+04,  2.680358061027E+04,  4.448488288503E-01,NaN,NaN,  8.860521438618E-02,  3.588777241711E+16,  3.621866452014E+19,  2.366790357994E+20,  4.439884724136E+18,  4.499114059226E+20,  7.037853916124E+19,  1.571477822727E+16,  2.084604866226E+02,  3.166730476708E+01,  1.667976394047E+02,NaN,  9.992519938048E+00,NaN,  3.022512719576E-03,  3.804778071630E-02,NaN,  5.028751209234E+06,  9.576784396776E-07
  3.662918228358E+04,  2.784462568204E+03,  2.784469271379E+03,  3.027535305877E-01,  2.680388090508E+04,  2.680358061027E+04,  4.448480704664E-01,NaN,NaN,  9.299093654766E-02,  3.588784253473E+16,  3.621851264014E+19,  2.366787133559E+20,  4.439898938726E+18,  4.499105328234E+20,  7.037618247988E+19,  1.571480752858E+16,  2.084598399563E+02,  3.166734287293E+01,  1.667974121653E+02,NaN,  9.992062399810E+00,NaN,  3.022518355265E-03,  3.804784963946E-02,NaN,  5.028753160328E+06,  9.576800219026E-07
  3.850421622490E+04,  2.784462524761E+03,  2.784468571284E+03,  2.638695773734E-01,  2.680386253957E+04,  2.680358061027E+04,  4.448476062318E-01,NaN,NaN,  9.624223617441E-02,  3.588788039446E+16,  3.621840315707E+19,  2.366784080753E+20,  4.439906869372E+18,  4.499097893959E+20,  7.037410437726E+19,  1.571482551845E+16,  2.084592281860E+02,  3.166734632248E+01,  1.667971970213E+02,NaN,  9.991662320480E+00,NaN,  3.022521815359E-03,  3.804791230780E-02,NaN,  5.028754354669E+06,  9.576809904427E-07
  4.130898489473E+04,  2.784462006549E+03,  2.784467821492E+03,  2.504814153378E-01,  2.680383207923E+04,  2.680358061027E+04,  4.448471090434E-01,NaN,NaN,  9.750329133262E-02,  3.588791377271E+16,  3.621826251641E+19,  2.366779283011E+20,  4.439914271641E+18,  4.499086972243E+20,  7.037097876698E+19,  1.571484486011E+16,  2.084582671859E+02,  3.166732186507E+01,  1.667968589043E+02,NaN,  9.991063891019E+00,NaN,  3.022525535451E-03,  3.804800842620E-02,NaN,  5.028755633788E+06,  9.576820277368E-07
  4.345501329405E+04,  2.784461699936E+03,  2.784467363169E+03,  2.418061497514E-01,  2.680382340317E+04,  2.680358061027E+04,  4.448468051283E-01,NaN,NaN,  9.836631215774E-02,  3.588793029164E+16,  3.621816387711E+19,  2.366775522327E+20,  4.439918205119E+18,  4.499078692607E+20,  7.036858061584E+19,  1.571485672451E+16,  2.084575140843E+02,  3.166729166262E+01,  1.667965938731E+02,NaN,  9.990606020821E+00,NaN,  3.022527817399E-03,  3.804808289199E-02,NaN,  5.028756415672E+06,  9.576826618020E-07
  4.774707009268E+04,  2.784461057748E+03,  2.784466594791E+03,  2.346488637960E-01,  2.680381626548E+04,  2.680358061027E+04,  4.448462956151E-01,NaN,NaN,  9.910800445400E-02,  3.588795173806E+16,  3.621797812898E+19,  2.366767885765E+20,  4.439923848498E+18,  4.499062232560E+20,  7.036377593935E+19,  1.571487667926E+16,  2.084559850411E+02,  3.166721649510E+01,  1.667960556926E+02,NaN,  9.989690321804E+00,NaN,  3.022531655408E-03,  3.804823300462E-02,NaN,  5.028757726499E+06,  9.576837248130E-07
  5.097055516731E+04,  2.784460563440E+03,  2.784466076224E+03,  2.332790480484E-01,  2.680381490347E+04,  2.680358061027E+04,  4.448459517524E-01,NaN,NaN,  9.925319443971E-02,  3.588796326993E+16,  3.621784317405E+19,  2.366762104846E+20,  4.439927209258E+18,  4.499049909382E+20,  7.036016429260E+19,  1.571489017891E+16,  2.084548276774E+02,  3.166715421319E+01,  1.667956482869E+02,NaN,  9.989002642997E+00,NaN,  3.022534251872E-03,  3.804834620670E-02,NaN,  5.028758611156E+06,  9.576844422240E-07
  5.419404024194E+04,  2.784460065514E+03,  2.784465573154E+03,  2.329888581179E-01,  2.680381457498E+04,  2.680358061027E+04,  4.448456181659E-01,NaN,NaN,  9.928410326263E-02,  3.588797358976E+16,  3.621770942326E+19,  2.366756311806E+20,  4.439930337531E+18,  4.499037596418E+20,  7.035655191614E+19,  1.571490328343E+16,  2.084536679472E+02,  3.166709038667E+01,  1.667952400271E+02,NaN,  9.988314996695E+00,NaN,  3.022536772341E-03,  3.804845952843E-02,NaN,  5.028759469375E+06,  9.576851381965E-07
  6.138763230075E+04,  2.784458950889E+03,  2.784464470785E+03,  2.336802541435E-01,  2.680381527853E+04,  2.680358061027E+04,  4.448448871826E-01,NaN,NaN,  9.921062250340E-02,  3.588799502991E+16,  3.621741251156E+19,  2.366743367552E+20,  4.439937013818E+18,  4.499010130924E+20,  7.034848978257E+19,  1.571493201139E+16,  2.084510767790E+02,  3.166694591771E+01,  1.667943277913E+02,NaN,  9.986780527721E+00,NaN,  3.022542297753E-03,  3.804871256969E-02,NaN,  5.028761349977E+06,  9.576866632739E-07
  6.858122435955E+04,  2.784457838328E+03,  2.784463357722E+03,  2.336517761019E-01,  2.680381525006E+04,  2.680358061027E+04,  4.448441491080E-01,NaN,NaN,  9.921368525438E-02,  3.588801730317E+16,  3.621711476235E+19,  2.366730431144E+20,  4.439943850037E+18,  4.498982657368E+20,  7.034042892123E+19,  1.571496101100E+16,  2.084484873457E+02,  3.166680250413E+01,  1.667934161084E+02,NaN,  9.985246185336E+00,NaN,  3.022547875412E-03,  3.804896550973E-02,NaN,  5.028763248822E+06,  9.576882031507E-07
  7.944563630476E+04,  2.784456158792E+03,  2.784461672552E+03,  2.333336600939E-01,  2.680381493162E+04,  2.680358061027E+04,  4.448430316686E-01,NaN,NaN,  9.924754418508E-02,  3.588805125897E+16,  3.621666474349E+19,  2.366710895766E+20,  4.439954235685E+18,  4.498941159906E+20,  7.032825660202E+19,  1.571500491573E+16,  2.084445774342E+02,  3.166658630105E+01,  1.667920393684E+02,NaN,  9.982929208501E+00,NaN,  3.022556319858E-03,  3.804934744522E-02,NaN,  5.028766123657E+06,  9.576905345209E-07
  9.031004824998E+04,  2.784454478980E+03,  2.784459987485E+03,  2.330369867923E-01,  2.680381459503E+04,  2.680358061027E+04,  4.448419142971E-01,NaN,NaN,  9.927917689747E-02,  3.588808521044E+16,  3.621621475201E+19,  2.366691361396E+20,  4.439964620337E+18,  4.498899664595E+20,  7.031608619985E+19,  1.571504881616E+16,  2.084406679696E+02,  3.166637010586E+01,  1.667906626995E+02,NaN,  9.980612599496E+00,NaN,  3.022564763479E-03,  3.804972933272E-02,NaN,  5.028768998317E+06,  9.576928657595E-07
  1.011744601952E+05,  2.784452799546E+03,  2.784458302377E+03,  2.327168414272E-01,  2.680381428362E+04,  2.680358061027E+04,  4.448407968986E-01,NaN,NaN,  9.931336398684E-02,  3.588811916192E+16,  3.621576475484E+19,  2.366671826715E+20,  4.439975005110E+18,  4.498858168579E+20,  7.030391835983E+19,  1.571509271982E+16,  2.084367589721E+02,  3.166615390656E+01,  1.667892860086E+02,NaN,  9.978296483745E+00,NaN,  3.022573207719E-03,  3.805011114904E-02,NaN,  5.028771873044E+06,  9.576951970646E-07
  1.120388721404E+05,  2.784451119697E+03,  2.784456619175E+03,  2.325275317222E-01,  2.680381411594E+04,  2.680358061027E+04,  4.448396807635E-01,NaN,NaN,  9.933363191976E-02,  3.588815295728E+16,  3.621531489133E+19,  2.366652289424E+20,  4.439985360234E+18,  4.498816671639E+20,  7.029175295724E+19,  1.571513657623E+16,  2.084328500708E+02,  3.166593749487E+01,  1.667879091337E+02,NaN,  9.975980860566E+00,NaN,  3.022581642873E-03,  3.805049290968E-02,NaN,  5.028774744519E+06,  9.576975257439E-07
  1.229032840856E+05,  2.784449439219E+03,  2.784454938137E+03,  2.324958337235E-01,  2.680381409691E+04,  2.680358061027E+04,  4.448385660640E-01,NaN,NaN,  9.933707778990E-02,  3.588818657746E+16,  3.621486518602E+19,  2.366632749605E+20,  4.439995682002E+18,  4.498775174489E+20,  7.027958997955E+19,  1.571518037789E+16,  2.084289412508E+02,  3.166572085009E+01,  1.667865320808E+02,NaN,  9.973665729869E+00,NaN,  3.022590067494E-03,  3.805087461681E-02,NaN,  5.028777612297E+06,  9.576998514379E-07
  1.492435603896E+05,  2.784445364187E+03,  2.784450863667E+03,  2.325270219756E-01,  2.680381412615E+04,  2.680358061027E+04,  4.448358642744E-01,NaN,NaN,  9.933389283482E-02,  3.588826798307E+16,  3.621377496508E+19,  2.366585373354E+20,  4.440020687225E+18,  4.498674563435E+20,  7.025010743046E+19,  1.571528654228E+16,  2.084194653159E+02,  3.166519544829E+01,  1.667831932777E+02,NaN,  9.968053979439E+00,NaN,  3.022610486695E-03,  3.805179991333E-02,NaN,  5.028784563158E+06,  9.577054884570E-07
  1.978154293226E+05,  2.784437846262E+03,  2.784443347265E+03,  2.326120560255E-01,  2.680381420989E+04,  2.680358061027E+04,  4.448308801330E-01,NaN,NaN,  9.932508304847E-02,  3.588841811866E+16,  3.621176378235E+19,  2.366497973509E+20,  4.440066810115E+18,  4.498488956158E+20,  7.019575622003E+19,  1.571548240048E+16,  2.084019914071E+02,  3.166422614083E+01,  1.667770338443E+02,NaN,  9.957708773900E+00,NaN,  3.022648157217E-03,  3.805350585405E-02,NaN,  5.028797385760E+06,  9.577158875338E-07
  2.463872982557E+05,  2.784430329716E+03,  2.784435829696E+03,  2.325535387624E-01,  2.680381412652E+04,  2.680358061027E+04,  4.448258952176E-01,NaN,NaN,  9.933160041799E-02,  3.588856839692E+16,  3.620975283672E+19,  2.366410592396E+20,  4.440112958168E+18,  4.498303382090E+20,  7.014143890937E+19,  1.571567830055E+16,  2.083845256981E+02,  3.166325723823E+01,  1.667708757309E+02,NaN,  9.947370043190E+00,NaN,  3.022685835792E-03,  3.805521095987E-02,NaN,  5.028810210320E+06,  9.577262884260E-07
  2.949591671888E+05,  2.784422811627E+03,  2.784428311100E+03,  2.325240921588E-01,  2.680381411244E+04,  2.680358061027E+04,  4.448209096208E-01,NaN,NaN,  9.933501481512E-02,  3.588871863788E+16,  3.620774159511E+19,  2.366323194346E+20,  4.440159103809E+18,  4.498117772774E+20,  7.008717267905E+19,  1.571587423497E+16,  2.083670683880E+02,  3.166228807431E+01,  1.667647164239E+02,NaN,  9.937041166296E+00,NaN,  3.022723520976E-03,  3.805691463816E-02,NaN,  5.028823036591E+06,  9.577366909409E-07
  3.435310361218E+05,  2.784415291755E+03,  2.784420791091E+03,  2.325155522946E-01,  2.680381411533E+04,  2.680358061027E+04,  4.448159230879E-01,NaN,NaN,  9.933619669072E-02,  3.588886887336E+16,  3.620573003908E+19,  2.366235780391E+20,  4.440205253130E+18,  4.497932129262E+20,  7.003295744357E+19,  1.571607021665E+16,  2.083496195779E+02,  3.166131869955E+01,  1.667585559960E+02,NaN,  9.926722121124E+00,NaN,  3.022761215246E-03,  3.805861688943E-02,NaN,  5.028835865221E+06,  9.577470956094E-07
  3.921029050549E+05,  2.784407770613E+03,  2.784413269963E+03,  2.325155247487E-01,  2.680381411364E+04,  2.680358061027E+04,  4.448109358122E-01,NaN,NaN,  9.933646946652E-02,  3.588901911294E+16,  3.620371829486E+19,  2.366148357076E+20,  4.440251406600E+18,  4.497746464734E+20,  6.997879321623E+19,  1.571626623805E+16,  2.083321798155E+02,  3.166034920850E+01,  1.667523949084E+02,NaN,  9.916412899651E+00,NaN,  3.022798917157E-03,  3.806031771855E-02,NaN,  5.028848695714E+06,  9.577575020286E-07
  4.805326304729E+05,  2.784394076418E+03,  2.784399575688E+03,  2.325094619094E-01,  2.680381410765E+04,  2.680358061027E+04,  4.448018551103E-01,NaN,NaN,  9.933760834355E-02,  3.588929262728E+16,  3.620005567320E+19,  2.365989189937E+20,  4.440335436040E+18,  4.497408432003E+20,  6.988027429563E+19,  1.571662317295E+16,  2.083004464130E+02,  3.165858408879E+01,  1.667411777328E+02,NaN,  9.897661723843E+00,NaN,  3.022867568478E-03,  3.806341189781E-02,NaN,  5.028872057029E+06,  9.577764502818E-07
  5.046482072151E+05,  2.780857480842E+03,  2.781175938036E+03,  5.201076621174E+01,  2.642998168392E+04,  2.637795872270E+04,  4.426600565680E-01,NaN,NaN,  2.571621824567E-02,  3.604997077618E+16,  3.603927074287E+19,  2.367543377434E+20,  4.471281762331E+18,  4.496002283468E+20,  6.997352053910E+19,  1.579896104638E+16,  2.086107172935E+02,  3.186440746742E+01,  1.668507078417E+02,NaN,  9.892563280237E+00,NaN,  3.038704080210E-03,  3.804763402347E-02,NaN,  5.034367250138E+06,  9.622554680515E-07
  5.303195331010E+05,  2.774722430730E+03,  2.775005962182E+03,  4.441475382186E+01,  2.576970373931E+04,  2.572527576871E+04,  4.385579517305E-01,NaN,NaN,  2.681163349063E-02,  3.634995314175E+16,  3.573958772910E+19,  2.370482992622E+20,  4.529522777634E+18,  4.493422792258E+20,  7.017268561250E+19,  1.595983217687E+16,  2.092031603883E+02,  3.225506305753E+01,  1.670578748485E+02,NaN,  9.887152836867E+00,NaN,  3.069645340156E-03,  3.801706117544E-02,NaN,  5.044862385327E+06,  9.709325930247E-07
  5.570270961892E+05,  2.768801685965E+03,  2.769052815681E+03,  3.766985264895E+01,  2.515124961918E+04,  2.511356973575E+04,  4.345973351609E-01,NaN,NaN,  2.799970615386E-02,  3.663302229210E+16,  3.545641494570E+19,  2.373255394846E+20,  4.585052115985E+18,  4.490942229836E+20,  7.036215877059E+19,  1.611928235784E+16,  2.097687475472E+02,  3.263084705327E+01,  1.672532576566E+02,NaN,  9.881542523984E+00,NaN,  3.100313300793E-03,  3.798777281026E-02,NaN,  5.054960712300E+06,  9.794370771180E-07
  5.849838079819E+05,  2.763491548546E+03,  2.763752743348E+03,  3.959296206492E+01,  2.462781558153E+04,  2.458821271128E+04,  4.310659898150E-01,NaN,NaN,  2.770740327387E-02,  3.686509527199E+16,  3.522381755500E+19,  2.375519623188E+20,  4.631006202457E+18,  4.488876622611E+20,  7.051411295298E+19,  1.626482121475E+16,  2.102359752037E+02,  3.294433191054E+01,  1.674128273208E+02,NaN,  9.875687666771E+00,NaN,  3.128305617315E-03,  3.796356293360E-02,NaN,  5.063928195911E+06,  9.871201599048E-07
  6.144544295099E+05,  2.758211610926E+03,  2.758471227837E+03,  3.917195778138E+01,  2.411630935062E+04,  2.407712676199E+04,  4.275454634977E-01,NaN,NaN,  2.783601051821E-02,  3.709560624155E+16,  3.499253867647E+19,  2.377767438208E+20,  4.677036463197E+18,  4.486789230107E+20,  7.066608808094E+19,  1.641339164653E+16,  2.107044478420E+02,  3.326051590521E+01,  1.675712402693E+02,NaN,  9.869534786460E+00,NaN,  3.156881013883E-03,  3.793922266209E-02,NaN,  5.072842782236E+06,  9.948829086260E-07
  6.455953852419E+05,  2.753818681433E+03,  2.753991958833E+03,  2.279747682697E+01,  2.363333073259E+04,  2.361052575603E+04,  4.245603702226E-01,NaN,NaN,  3.192305383127E-02,  3.735514492655E+16,  3.473198177720E+19,  2.380303835030E+20,  4.729295657329E+18,  4.484322410177E+20,  7.084246785311E+19,  1.654249885180E+16,  2.112378158386E+02,  3.362159118580E+01,  1.677499907873E+02,NaN,  9.863052152583E+00,NaN,  3.181712937342E-03,  3.791140427250E-02,NaN,  5.080386506850E+06,  1.001551368138E-06
  6.780302416978E+05,  2.749277165150E+03,  2.749458541266E+03,  2.417429766485E+01,  2.323190651224E+04,  2.320773361635E+04,  4.215353382466E-01,NaN,NaN,  3.151196780904E-02,  3.752683602184E+16,  3.455905138417E+19,  2.381962110975E+20,  4.764172102602E+18,  4.482715672803E+20,  7.094885179864E+19,  1.667559865175E+16,  2.115909904801E+02,  3.386460840541E+01,  1.678668564456E+02,NaN,  9.856318316318E+00,NaN,  3.207312779255E-03,  3.789306269098E-02,NaN,  5.088005810971E+06,  1.008381075495E-06
  7.127039998154E+05,  2.745542863679E+03,  2.745683546965E+03,  1.719546575680E+01,  2.284779388718E+04,  2.283059549994E+04,  4.190168264979E-01,NaN,NaN,  3.436195395158E-02,  3.773114764683E+16,  3.435327221426E+19,  2.383943412518E+20,  4.805930250310E+18,  4.480698125012E+20,  7.108142146989E+19,  1.678885101397E+16,  2.120154698779E+02,  3.415661502522E+01,  1.680064870720E+02,NaN,  9.849138685401E+00,NaN,  3.229095250529E-03,  3.787092757811E-02,NaN,  5.094338482874E+06,  1.014131036822E-06
  7.489054223105E+05,  2.742041190620E+03,  2.742171571437E+03,  1.550981261742E+01,  2.249932969133E+04,  2.248381462143E+04,  4.166717514085E-01,NaN,NaN,  3.530664378007E-02,  3.791485729042E+16,  3.416793788321E+19,  2.385717100831E+20,  4.843755388044E+18,  4.478848479791E+20,  7.119731077904E+19,  1.689602495946E+16,  2.123990066988E+02,  3.442260883168E+01,  1.681314863237E+02,NaN,  9.841661834780E+00,NaN,  3.249708625328E-03,  3.785093577838E-02,NaN,  5.100220206708E+06,  1.019532369518E-06
  7.865416301539E+05,  2.739095363069E+03,  2.739192553610E+03,  1.046724125649E+01,  2.222109232270E+04,  2.221062083162E+04,  4.146822737217E-01,NaN,NaN,  3.899788504740E-02,  3.805657636817E+16,  3.402453000545E+19,  2.387068661062E+20,  4.873118952907E+18,  4.477384007467E+20,  7.127766526483E+19,  1.698829932559E+16,  2.126939246922E+02,  3.463001395854E+01,  1.682267364396E+02,NaN,  9.833906837764E+00,NaN,  3.267456279242E-03,  3.783565726823E-02,NaN,  5.105202021736E+06,  1.024153793484E-06
  8.265319140168E+05,  2.736347180750E+03,  2.736443896378E+03,  1.038459811795E+01,  2.197170738979E+04,  2.196131837009E+04,  4.128441292444E-01,NaN,NaN,  3.911616352862E-02,  3.818026950355E+16,  3.389904596716E+19,  2.388235984412E+20,  4.898879335383E+18,  4.476075205669E+20,  7.134114612950E+19,  1.707458976504E+16,  2.129505714436E+02,  3.481260103162E+01,  1.683090026102E+02,NaN,  9.825683748783E+00,NaN,  3.284053010486E-03,  3.782243062440E-02,NaN,  5.109792647943E+06,  1.028450588298E-06
  8.685407644083E+05,  2.733966622466E+03,  2.734057889722E+03,  9.600336645880E+00,  2.176836898350E+04,  2.175876486006E+04,  4.112476594486E-01,NaN,NaN,  3.992802408107E-02,  3.827534471146E+16,  3.380215129116E+19,  2.389113203391E+20,  4.918770412562E+18,  4.475033198412E+20,  7.137851994557E+19,  1.715038019134E+16,  2.131450561067E+02,  3.495387050661E+01,  1.683708239094E+02,NaN,  9.817063060471E+00,NaN,  3.298630214453E-03,  3.781254494858E-02,NaN,  5.113772972009E+06,  1.032206196869E-06
  9.122997028626E+05,  2.731554258912E+03,  2.731653389666E+03,  1.070560254332E+01,  2.156382905285E+04,  2.155312008587E+04,  4.096392116240E-01,NaN,NaN,  3.889077377123E-02,  3.837176143276E+16,  3.370382085128E+19,  2.390001012108E+20,  4.939018426654E+18,  4.473964533136E+20,  7.141580637423E+19,  1.722765366040E+16,  2.133428477475E+02,  3.509804192557E+01,  1.684333915119E+02,NaN,  9.808100817341E+00,NaN,  3.313492660473E-03,  3.780248713860E-02,NaN,  5.117779803953E+06,  1.036015316641E-06
  9.586662361330E+05,  2.730353596583E+03,  2.730407591345E+03,  4.759104220659E+00,  2.141873873950E+04,  2.141397838794E+04,  4.088075119389E-01,NaN,NaN,  4.765140425430E-02,  3.846956640481E+16,  3.360396564446E+19,  2.390897939659E+20,  4.959605743079E+18,  4.472791535363E+20,  7.145170146788E+19,  1.726825139110E+16,  2.135429811217E+02,  3.524443580083E+01,  1.684966017568E+02,NaN,  9.798622262983E+00,NaN,  3.321301053037E-03,  3.779234752970E-02,NaN,  5.119854075908E+06,  1.037998567839E-06
  1.007724391666E+06,  2.728351136022E+03,  2.728398503372E+03,  3.992526774385E+00,  2.126422884139E+04,  2.126023568178E+04,  4.074627801693E-01,NaN,NaN,  4.982881340426E-02,  3.853475385825E+16,  3.353674354700E+19,  2.391463350512E+20,  4.973400525700E+18,  4.472004688349E+20,  7.145689250721E+19,  1.733385360933E+16,  2.136712188566E+02,  3.534282616839E+01,  1.685364486301E+02,NaN,  9.788610139405E+00,NaN,  3.333918700971E-03,  3.778607607046E-02,NaN,  5.123196777179E+06,  1.041210988522E-06
  1.059354427817E+06,  2.727133839746E+03,  2.727193518932E+03,  5.429636777194E+00,  2.112273934043E+04,  2.111730725556E+04,  4.066574557443E-01,NaN,NaN,  4.616378445837E-02,  3.862935377031E+16,  3.343986878171E+19,  2.392319100987E+20,  4.993440231837E+18,  4.470831084990E+20,  7.148540858690E+19,  1.737375085607E+16,  2.138640185167E+02,  3.548582804574E+01,  1.685967569539E+02,NaN,  9.778091924743E+00,NaN,  3.341592365467E-03,  3.777637006324E-02,NaN,  5.125200163908E+06,  1.043146057202E-06
  1.112705387731E+06,  2.725583223100E+03,  2.725615436976E+03,  2.384395610268E+00,  2.102150489520E+04,  2.101911463366E+04,  4.056011548218E-01,NaN,NaN,  5.674321782851E-02,  3.866041176050E+16,  3.340675295247E+19,  2.392534344294E+20,  5.000070125935E+18,  4.470367946041E+20,  7.145627675082E+19,  1.742596117593E+16,  2.139152373525E+02,  3.553271815238E+01,  1.686119260521E+02,NaN,  9.767241513762E+00,NaN,  3.351634273381E-03,  3.777429400475E-02,NaN,  5.127822208633E+06,  1.045689819208E-06
  1.169075287668E+06,  2.724795332345E+03,  2.724843470274E+03,  4.071909791483E+00,  2.093157736823E+04,  2.092750355382E+04,  4.050846698297E-01,NaN,NaN,  4.965220464826E-02,  3.872087181846E+16,  3.334397655850E+19,  2.393039011442E+20,  5.012934652905E+18,  4.469516374689E+20,  7.144994582003E+19,  1.745184951524E+16,  2.140307744051E+02,  3.562413166895E+01,  1.686474920619E+02,NaN,  9.755794060786E+00,NaN,  3.356613524996E-03,  3.776880329037E-02,NaN,  5.129104181053E+06,  1.046938135589E-06
  1.228159042986E+06,  2.723791838916E+03,  2.723841323756E+03,  4.222342012814E+00,  2.081593599447E+04,  2.081171170342E+04,  4.044141828330E-01,NaN,NaN,  4.922299709113E-02,  3.879943281479E+16,  3.326290437345E+19,  2.393720693555E+20,  5.029699207421E+18,  4.468464086997E+20,  7.145736233366E+19,  1.748560431722E+16,  2.141866137224E+02,  3.574389991133E+01,  1.686955330584E+02,NaN,  9.743817646972E+00,NaN,  3.363105778138E-03,  3.776115621260E-02,NaN,  5.130767737137E+06,  1.048562561109E-06
  1.290367432660E+06,  2.722400023437E+03,  2.722451676378E+03,  4.467579163453E+00,  2.073654010520E+04,  2.073207243135E+04,  4.034834878704E-01,NaN,NaN,  4.855926298096E-02,  3.881553227460E+16,  3.324449365449E+19,  2.393769766829E+20,  5.033175643947E+18,  4.468114391359E+20,  7.140584128031E+19,  1.753228149647E+16,  2.142014508859E+02,  3.576786037228E+01,  1.686989914578E+02,NaN,  9.731226972427E+00,NaN,  3.372083465635E-03,  3.776114915007E-02,NaN,  5.133073298049E+06,  1.050822413284E-06
  1.356976978662E+06,  2.721469787358E+03,  2.721502493208E+03,  2.427911967883E+00,  2.062890439223E+04,  2.062647506394E+04,  4.028486426690E-01,NaN,NaN,  5.657724431085E-02,  3.888987416974E+16,  3.316736749565E+19,  2.394395689771E+20,  5.049094034288E+18,  4.467068668902E+20,  7.140207812694E+19,  1.756463135245E+16,  2.143458827823E+02,  3.588163001131E+01,  1.687431028716E+02,NaN,  9.717771593812E+00,NaN,  3.378305497517E-03,  3.775419801690E-02,NaN,  5.134647255037E+06,  1.052370881419E-06
  1.425075168941E+06,  2.719692980551E+03,  2.719727692974E+03,  2.626110824904E+00,  2.050589466366E+04,  2.050326016081E+04,  4.016578990644E-01,NaN,NaN,  5.551638395525E-02,  3.893640379241E+16,  3.311815032707E+19,  2.394739954903E+20,  5.059116267413E+18,  4.466376416418E+20,  7.137231492728E+19,  1.762511515482E+16,  2.144279601901E+02,  3.595316359465E+01,  1.687673646789E+02,NaN,  9.704041977831E+00,NaN,  3.389938691404E-03,  3.775060875282E-02,NaN,  5.137588461881E+06,  1.055276962625E-06
  1.496723631536E+06,  2.718953742100E+03,  2.718989056102E+03,  2.685938172035E+00,  2.042257731072E+04,  2.041988990730E+04,  4.011658972889E-01,NaN,NaN,  5.522048548084E-02,  3.899395134860E+16,  3.305771030503E+19,  2.395188214238E+20,  5.071495139372E+18,  4.465478067070E+20,  7.134864747511E+19,  1.765062227210E+16,  2.145333128456E+02,  3.604134029260E+01,  1.687989553935E+02,NaN,  9.689622314881E+00,NaN,  3.394844620416E-03,  3.774582051887E-02,NaN,  5.138811840886E+06,  1.056490552878E-06
  1.572132547345E+06,  2.717728044537E+03,  2.717770745366E+03,  3.457857402356E+00,  2.028433953231E+04,  2.028088034066E+04,  4.003496426256E-01,NaN,NaN,  5.186549383275E-02,  3.908952747994E+16,  3.295887050958E+19,  2.396012174969E+20,  5.092114273401E+18,  4.464161639429E+20,  7.135633540831E+19,  1.769289884686E+16,  2.147247826271E+02,  3.618987764287E+01,  1.688570233608E+02,NaN,  9.674478647533E+00,NaN,  3.402975914610E-03,  3.773638521554E-02,NaN,  5.140828797319E+06,  1.058497589976E-06
  1.650861178049E+06,  2.716123665897E+03,  2.716161776870E+03,  2.968897916147E+00,  2.018240381036E+04,  2.017943330388E+04,  3.992708114728E-01,NaN,NaN,  5.391431090361E-02,  3.912279611274E+16,  3.292259117252E+19,  2.396204148646E+20,  5.099342489635E+18,  4.463556974002E+20,  7.130408818752E+19,  1.774870711487E+16,  2.147737365387E+02,  3.624106933111E+01,  1.688705525507E+02,NaN,  9.658700947082E+00,NaN,  3.413709836367E-03,  3.773470357216E-02,NaN,  5.143490805652E+06,  1.061158419853E-06
  1.735534013287E+06,  2.714681579952E+03,  2.714721106115E+03,  3.114455099548E+00,  2.002077535933E+04,  2.001765895523E+04,  3.983069721176E-01,NaN,NaN,  5.330302613194E-02,  3.923577392041E+16,  3.280586657558E+19,  2.397186877913E+20,  5.123844487766E+18,  4.462006887713E+20,  7.131932771118E+19,  1.779944491102E+16,  2.150035242303E+02,  3.641851666119E+01,  1.689398096022E+02,NaN,  9.641774498379E+00,NaN,  3.423468525417E-03,  3.772326153067E-02,NaN,  5.145872731874E+06,  1.063550855077E-06
  1.823025425979E+06,  2.712838085064E+03,  2.712879867092E+03,  3.350460079496E+00,  1.989368199442E+04,  1.989033002417E+04,  3.970720232819E-01,NaN,NaN,  5.237624557265E-02,  3.928731333729E+16,  3.275087026389E+19,  2.397547048422E+20,  5.135088810527E+18,  4.461166081036E+20,  7.127560711888E+19,  1.786440143734E+16,  2.150922517698E+02,  3.649929798688E+01,  1.689651923280E+02,NaN,  9.624325492909E+00,NaN,  3.435961983752E-03,  3.771949800446E-02,NaN,  5.148914687315E+06,  1.066622225513E-06
  1.915372538063E+06,  2.710427890039E+03,  2.710472001161E+03,  3.597233359153E+00,  1.970406033716E+04,  1.970046126471E+04,  3.954564474631E-01,NaN,NaN,  5.150255608662E-02,  3.938356886260E+16,  3.265066470888E+19,  2.398348671194E+20,  5.156121275870E+18,  4.459823231959E+20,  7.126920010468E+19,  1.795039987506E+16,  2.152834989633E+02,  3.665240041390E+01,  1.690216860456E+02,NaN,  9.605960001246E+00,NaN,  3.452502552642E-03,  3.771018086561E-02,NaN,  5.152888978459E+06,  1.070662204145E-06
  2.011175738861E+06,  2.708954258068E+03,  2.709001622131E+03,  3.952162362041E+00,  1.954218045067E+04,  1.953822642730E+04,  3.944738754181E-01,NaN,NaN,  5.033423374891E-02,  3.949876011252E+16,  3.253122395020E+19,  2.399334683108E+20,  5.181358907798E+18,  4.458177769012E+20,  7.127750982685E+19,  1.800370937541E+16,  2.155180606749E+02,  3.683646307580E+01,  1.690911744391E+02,NaN,  9.586960404140E+00,NaN,  3.462755872196E-03,  3.769853784831E-02,NaN,  5.155313788868E+06,  1.073142386965E-06
  2.113204530374E+06,  2.706117496896E+03,  2.706168333980E+03,  4.336738956026E+00,  1.930848676579E+04,  1.930414870171E+04,  3.925730592197E-01,NaN,NaN,  4.923417146883E-02,  3.962856711717E+16,  3.239678902453E+19,  2.400457693501E+20,  5.209959622902E+18,  4.456411153288E+20,  7.129499127612E+19,  1.810712378067E+16,  2.157873517311E+02,  3.704676262207E+01,  1.691703176897E+02,NaN,  9.566788773187E+00,NaN,  3.482646153227E-03,  3.768500469339E-02,NaN,  5.159981662625E+06,  1.077949812119E-06
  2.222117970521E+06,  2.703334071583E+03,  2.703389549182E+03,  4.865296101482E+00,  1.908304792519E+04,  1.907818051308E+04,  3.907085486474E-01,NaN,NaN,  4.789141463763E-02,  3.975397208445E+16,  3.226650334346E+19,  2.401524489656E+20,  5.237734120805E+18,  4.454649548811E+20,  7.130255179629E+19,  1.821001877099E+16,  2.160458461235E+02,  3.725151459528E+01,  1.692454992874E+02,NaN,  9.545329804327E+00,NaN,  3.502436532228E-03,  3.767210624346E-02,NaN,  5.164553970926E+06,  1.082701313312E-06
  2.333678383599E+06,  2.699525059622E+03,  2.699612672728E+03,  8.929814565234E+00,  1.875091999408E+04,  1.874198682118E+04,  3.881748259945E-01,NaN,NaN,  4.120746794670E-02,  3.995825012980E+16,  3.205647620452E+19,  2.403382821609E+20,  5.283249269005E+18,  4.451985264356E+20,  7.138599544506E+19,  1.835243564198E+16,  2.164940362168E+02,  3.759061081495E+01,  1.693764637313E+02,NaN,  9.523431842146E+00,NaN,  3.529828379432E-03,  3.764875688334E-02,NaN,  5.170759433031E+06,  1.089218183893E-06
  2.450766865434E+06,  2.694249200341E+03,  2.694332713048E+03,  8.353454695074E+00,  1.834050490018E+04,  1.833214825775E+04,  3.846304163719E-01,NaN,NaN,  4.198901938195E-02,  4.018796795043E+16,  3.182041813410E+19,  2.405490247460E+20,  5.334891901276E+18,  4.449051229954E+20,  7.149308800516E+19,  1.855602315472E+16,  2.170081987950E+02,  3.797909092355E+01,  1.695249828665E+02,NaN,  9.500556019419E+00,NaN,  3.568985524248E-03,  3.762171790499E-02,NaN,  5.179416873911E+06,  1.098443630449E-06
  2.573915796652E+06,  2.687872499466E+03,  2.687964908163E+03,  9.527899045044E+00,  1.782378796722E+04,  1.781425634391E+04,  3.803541579368E-01,NaN,NaN,  4.073474375243E-02,  4.050373489108E+16,  3.149696608792E+19,  2.408458618411E+20,  5.406646044614E+18,  4.445051577820E+20,  7.168599668345E+19,  1.880945097579E+16,  2.177388903085E+02,  3.852446833469E+01,  1.697341764124E+02,NaN,  9.476627832698E+00,NaN,  3.617728739177E-03,  3.758265731591E-02,NaN,  5.189830814106E+06,  1.109751718163E-06
  2.702903170833E+06,  2.679610478968E+03,  2.679720780307E+03,  1.201023385905E+01,  1.720027597927E+04,  1.718827344255E+04,  3.748090251434E-01,NaN,NaN,  3.857257295798E-02,  4.087469675964E+16,  3.111708503615E+19,  2.411979563383E+20,  5.492151049805E+18,  4.440364383400E+20,  7.193957040961E+19,  1.915049269481E+16,  2.186205807648E+02,  3.918286521643E+01,  1.699823121663E+02,NaN,  9.451720058838E+00,NaN,  3.683323233655E-03,  3.753507277177E-02,NaN,  5.203269294468E+06,  1.124694639299E-06
  2.838168098033E+06,  2.670476371026E+03,  2.670607222725E+03,  1.500790954308E+01,  1.650891040819E+04,  1.649389698947E+04,  3.686786309396E-01,NaN,NaN,  3.661916636680E-02,  4.131434504728E+16,  3.066685922424E+19,  2.416191011364E+20,  5.595189642539E+18,  4.434686841141E+20,  7.227283668744E+19,  1.954600610593E+16,  2.196960154476E+02,  3.998735417228E+01,  1.702791105622E+02,NaN,  9.425791318529E+00,NaN,  3.759394578638E-03,  3.747653074214E-02,NaN,  5.218067519066E+06,  1.141623083482E-06
  2.980534743896E+06,  2.659413196312E+03,  2.659544540641E+03,  1.499128941501E+01,  1.565540621875E+04,  1.564040951530E+04,  3.612290984184E-01,NaN,NaN,  3.679778085627E-02,  4.190898375292E+16,  3.005821201195E+19,  2.421971847545E+20,  5.737598581036E+18,  4.426821623412E+20,  7.279090597418E+19,  2.005436565823E+16,  2.212086564374E+02,  4.111955535914E+01,  1.706865103243E+02,NaN,  9.398733583657E+00,NaN,  3.857170264094E-03,  3.739328910906E-02,NaN,  5.235950056037E+06,  1.162771096898E-06
  3.129674105858E+06,  2.645551944745E+03,  2.645707899965E+03,  1.870323427048E+01,  1.471600651939E+04,  1.469729622787E+04,  3.518979110819E-01,NaN,NaN,  3.502131848063E-02,  4.253597830637E+16,  2.941513545897E+19,  2.428084865411E+20,  5.891816867567E+18,  4.418314916372E+20,  7.337441960712E+19,  2.073655325177E+16,  2.228651809157E+02,  4.237319935062E+01,  1.711173203224E+02,NaN,  9.370672863400E+00,NaN,  3.988379285868E-03,  3.730152505615E-02,NaN,  5.258193158097E+06,  1.190187562916E-06
  3.286548714835E+06,  2.631372351449E+03,  2.631512240042E+03,  1.604867418624E+01,  1.372879740641E+04,  1.371274277449E+04,  3.423158594926E-01,NaN,NaN,  3.660938491624E-02,  4.328603202871E+16,  2.864473504369E+19,  2.435455495510E+20,  6.081962584506E+18,  4.407537187942E+20,  7.414330763497E+19,  2.149769570308E+16,  2.249378137314E+02,  4.395542351176E+01,  1.716367595272E+02,NaN,  9.341495918311E+00,NaN,  4.134774144723E-03,  3.718592725176E-02,NaN,  5.280872024042E+06,  1.219488232298E-06
  3.452215602251E+06,  2.616823687439E+03,  2.616949986557E+03,  1.388632388096E+01,  1.282303643452E+04,  1.280914483139E+04,  3.324709441375E-01,NaN,NaN,  3.819990804675E-02,  4.397141629858E+16,  2.793830970418E+19,  2.442170744805E+20,  6.261518814427E+18,  4.397148450273E+20,  7.487685746552E+19,  2.234958059858E+16,  2.269135407326E+02,  4.548817197004E+01,  1.721100112991E+02,NaN,  9.311058841482E+00,NaN,  4.298622014225E-03,  3.707537774748E-02,NaN,  5.303989168884E+06,  1.250850150051E-06
  3.626487224586E+06,  2.603326968958E+03,  2.603449940121E+03,  1.329404582434E+01,  1.198851219037E+04,  1.197521295868E+04,  3.233369435399E-01,NaN,NaN,  3.885039140309E-02,  4.466682001339E+16,  2.721968446647E+19,  2.448991616011E+20,  6.449659620069E+18,  4.385899816488E+20,  7.566945322685E+19,  2.321307601634E+16,  2.290076347779E+02,  4.713303089835E+01,  1.725907066897E+02,NaN,  9.279432486802E+00,NaN,  4.464703001545E-03,  3.695786930487E-02,NaN,  5.325287999347E+06,  1.281172151911E-06
  3.808195093107E+06,  2.590773290172E+03,  2.590880997874E+03,  1.105691561581E+01,  1.126496307538E+04,  1.125390175361E+04,  3.148205742956E-01,NaN,NaN,  4.091306892642E-02,  4.528863189982E+16,  2.657488378647E+19,  2.455061413319E+20,  6.623319215489E+18,  4.375210497145E+20,  7.640444275684E+19,  2.408822192169E+16,  2.309572921080E+02,  4.868732738321E+01,  1.730184707540E+02,NaN,  9.246860946056E+00,NaN,  4.633024793437E-03,  3.684837288409E-02,NaN,  5.345004610242E+06,  1.310542018799E-06
  3.998758736578E+06,  2.578793312896E+03,  2.578893552813E+03,  9.973506714054E+00,  1.061637071116E+04,  1.060639299374E+04,  3.066923598364E-01,NaN,NaN,  4.221259996782E-02,  4.586424518464E+16,  2.597612582696E+19,  2.460654968124E+20,  6.788915669032E+18,  4.364738339668E+20,  7.711013569978E+19,  2.499471523659E+16,  2.328324092774E+02,  5.020182106069E+01,  1.734126720123E+02,NaN,  9.213108828606E+00,NaN,  4.807375810986E-03,  3.674303892375E-02,NaN,  5.363708160455E+06,  1.339630471483E-06
  4.199225388368E+06,  2.567877841248E+03,  2.567966470235E+03,  8.406633161830E+00,  1.001736299286E+04,  1.000895276645E+04,  2.992782786132E-01,NaN,NaN,  4.427952784392E-02,  4.644983583830E+16,  2.536562599917E+19,  2.466347434936E+20,  6.962378143462E+18,  4.353426012353E+20,  7.787015990759E+19,  2.589018259636E+16,  2.348184032245E+02,  5.182154953485E+01,  1.738138440145E+02,NaN,  9.178030069002E+00,NaN,  4.979606143845E-03,  3.663145587868E-02,NaN,  5.380672122574E+06,  1.367107753782E-06
  4.409525221127E+06,  2.557028982420E+03,  2.557162427179E+03,  1.440930513935E+01,  9.500606098329E+03,  9.486190299872E+03,  2.919372299718E-01,NaN,NaN,  3.889625367140E-02,  4.693192447534E+16,  2.486084803561E+19,  2.470966018511E+20,  7.109251092566E+18,  4.343595004072E+20,  7.849500025721E+19,  2.684588742990E+16,  2.365065951079E+02,  5.322043192840E+01,  1.741393349626E+02,NaN,  9.141664794592E+00,NaN,  5.163422292807E-03,  3.653681708380E-02,NaN,  5.397365817688E+06,  1.395220530964E-06
  4.630666836029E+06,  2.546784491906E+03,  2.546864497754E+03,  7.236962769093E+00,  8.990524511834E+03,  8.983284278224E+03,  2.849390663938E-01,NaN,NaN,  4.643171069796E-02,  4.746782313002E+16,  2.429915739802E+19,  2.476133470544E+20,  7.276926485945E+18,  4.332110471852E+20,  7.924563009184E+19,  2.783136508750E+16,  2.384609472699E+02,  5.484820884629E+01,  1.745035069721E+02,NaN,  9.103878486603E+00,NaN,  5.352964818440E-03,  3.642726295622E-02,NaN,  5.413204655953E+06,  1.422930872823E-06
  4.862439666800E+06,  2.537253547493E+03,  2.537336202132E+03,  7.511883255274E+00,  8.546744733206E+03,  8.539223143465E+03,  2.784589348973E-01,NaN,NaN,  4.621337603847E-02,  4.794257376788E+16,  2.379975609439E+19,  2.480659494578E+20,  7.429622117786E+18,  4.321317614959E+20,  7.992079775376E+19,  2.881382783943E+16,  2.402510422565E+02,  5.635827469569E+01,  1.748224748614E+02,NaN,  9.064750771978E+00,NaN,  5.541927470110E-03,  3.632720284336E-02,NaN,  5.427796846341E+06,  1.449400275835E-06
  5.107213836340E+06,  2.528691511507E+03,  2.528760867320E+03,  5.912074699097E+00,  8.130759169842E+03,  8.124844362211E+03,  2.726261028057E-01,NaN,NaN,  4.927109865454E-02,  4.843493548092E+16,  2.328091301102E+19,  2.485355953780E+20,  7.592244943370E+18,  4.309502206920E+20,  8.066128584854E+19,  2.976342979519E+16,  2.421789188158E+02,  5.799581945660E+01,  1.751534540315E+02,NaN,  9.023920757939E+00,NaN,  5.724569817860E-03,  3.621966195591E-02,NaN,  5.440878238794E+06,  1.473932593768E-06
  5.363971536528E+06,  2.519489623699E+03,  2.519557172312E+03,  5.673003062666E+00,  7.737930697093E+03,  7.732255019437E+03,  2.663615188300E-01,NaN,NaN,  5.000952224487E-02,  4.888389426436E+16,  2.280619710535E+19,  2.489590806757E+20,  7.744590951994E+18,  4.298200030201E+20,  8.135063312916E+19,  3.085598425943E+16,  2.439981661575E+02,  5.955872207575E+01,  1.754519018756E+02,NaN,  8.981607499181E+00,NaN,  5.934707035022E-03,  3.611851044770E-02,NaN,  5.454864340853E+06,  1.501041035417E-06
  5.632838580531E+06,  2.510671659220E+03,  2.510735770787E+03,  5.260343017482E+00,  7.380578464116E+03,  7.375315567057E+03,  2.603567401784E-01,NaN,NaN,  5.118840733784E-02,  4.930246243224E+16,  2.236225376045E+19,  2.493497015759E+20,  7.890256423393E+18,  4.287092360138E+20,  8.200695379627E+19,  3.198278879733E+16,  2.457490320123E+02,  6.107785118463E+01,  1.757271888009E+02,NaN,  8.937840594935E+00,NaN,  6.151431763748E-03,  3.602151095112E-02,NaN,  5.468217490870E+06,  1.527809683019E-06
  5.917845540854E+06,  2.502945451626E+03,  2.503002378026E+03,  4.465970296478E+00,  7.054600448362E+03,  7.050132137362E+03,  2.551585326071E-01,NaN,NaN,  5.353615476567E-02,  4.972240460572E+16,  2.191589243064E+19,  2.497398184003E+20,  8.040006347506E+18,  4.275320094352E+20,  8.269177681445E+19,  3.304247701099E+16,  2.475648287670E+02,  6.266433474364E+01,  1.760021204829E+02,NaN,  8.892018292828E+00,NaN,  6.355247627913E-03,  3.592128100709E-02,NaN,  5.479882049758E+06,  1.551934021688E-06
  6.213902159877E+06,  2.494497355460E+03,  2.494558215731E+03,  4.854071126888E+00,  6.744414471218E+03,  6.739539182121E+03,  2.495229278820E-01,NaN,NaN,  5.265953732914E-02,  5.010243392080E+16,  2.151049875828E+19,  2.500871965628E+20,  8.178878896897E+18,  4.264172395263E+20,  8.331735928324E+19,  3.428086765084E+16,  2.492581297412E+02,  6.415959325166E+01,  1.762469324380E+02,NaN,  8.845010617215E+00,NaN,  6.593434346594E-03,  3.582819887280E-02,NaN,  5.492574489860E+06,  1.579003223215E-06
  6.527274341518E+06,  2.487016850901E+03,  2.487069791620E+03,  4.009932124210E+00,  6.455566931159E+03,  6.451555014540E+03,  2.445993325502E-01,NaN,NaN,  5.545007038078E-02,  5.049431678645E+16,  2.109176942881E+19,  2.504448031832E+20,  8.325411522152E+18,  4.252091289097E+20,  8.399393132053E+19,  3.545983743997E+16,  2.510632168329E+02,  6.576157704851E+01,  1.764989528162E+02,NaN,  8.795866775846E+00,NaN,  6.820192314930E-03,  3.572936427219E-02,NaN,  5.503791949648E+06,  1.603666853898E-06
  6.855135596345E+06,  2.479326302602E+03,  2.479375762758E+03,  3.642746177703E+00,  6.168212078299E+03,  6.164567451267E+03,  2.395979762691E-01,NaN,NaN,  5.702638747292E-02,  5.089726066473E+16,  2.066057150416E+19,  2.508124287440E+20,  8.479848171995E+18,  4.239161372436E+20,  8.472928455199E+19,  3.675672108919E+16,  2.529891641267E+02,  6.747894403692E+01,  1.767580339617E+02,NaN,  8.745116498718E+00,NaN,  7.069629326949E-03,  3.562435294611E-02,NaN,  5.515279985448E+06,  1.629675281172E-06
  7.198210077996E+06,  2.470887661269E+03,  2.470936310249E+03,  3.542179927459E+00,  5.894657068172E+03,  5.891112983136E+03,  2.341638709261E-01,NaN,NaN,  5.768360697984E-02,  5.126158707694E+16,  2.026911503317E+19,  2.511378371210E+20,  8.622936820190E+18,  4.226883286274E+20,  8.539772433660E+19,  3.828667435117E+16,  2.547835098892E+02,  6.909606896735E+01,  1.769873628880E+02,NaN,  8.692714139953E+00,NaN,  7.363893943849E-03,  3.552704127942E-02,NaN,  5.527837631308E+06,  1.659009905131E-06
  7.561803668279E+06,  2.463325104962E+03,  2.463370093673E+03,  3.174214744277E+00,  5.635826951654E+03,  5.632651041978E+03,  2.293685661639E-01,NaN,NaN,  5.952734818810E-02,  5.164476897422E+16,  1.985687959161E+19,  2.514804415707E+20,  8.776978097007E+18,  4.213345734283E+20,  8.614194212617E+19,  3.976749328292E+16,  2.567390908718E+02,  7.086469945348E+01,  1.772288106075E+02,NaN,  8.637932102592E+00,NaN,  7.648708275422E-03,  3.542152797788E-02,NaN,  5.539057531912E+06,  1.686052811429E-06
  7.940700495278E+06,  2.455949682289E+03,  2.455992506209E+03,  2.956475729489E+00,  5.394803048981E+03,  5.391844954759E+03,  2.247332344806E-01,NaN,NaN,  6.083610264291E-02,  5.201024301812E+16,  1.946250435655E+19,  2.518027094902E+20,  8.927492656947E+18,  4.199758011455E+20,  8.687078439632E+19,  4.131930029172E+16,  2.586659946299E+02,  7.262049163522E+01,  1.774559263216E+02,NaN,  8.581629496936E+00,NaN,  7.947176147801E-03,  3.531818266747E-02,NaN,  5.549962932646E+06,  1.713123128996E-06
  8.338951567287E+06,  2.448680868833E+03,  2.448721752750E+03,  2.764608998000E+00,  5.167593215395E+03,  5.164827081514E+03,  2.202188675966E-01,NaN,NaN,  6.211093621153E-02,  5.236319678865E+16,  1.908049353018E+19,  2.521094034873E+20,  9.076303527309E+18,  4.185961572639E+20,  8.759314307793E+19,  4.296341604334E+16,  2.605870693554E+02,  7.438346305709E+01,  1.776720664396E+02,NaN,  8.523276460413E+00,NaN,  8.263398285961E-03,  3.521578243863E-02,NaN,  5.560676971119E+06,  1.740502870274E-06
  8.756595994739E+06,  2.440741230070E+03,  2.440813192603E+03,  5.841386191593E+00,  4.956476051272E+03,  4.950631179108E+03,  2.153761349408E-01,NaN,NaN,  5.174159490793E-02,  5.266774745136E+16,  1.874888240988E+19,  2.523625818708E+20,  9.207557171709E+18,  4.173330761661E+20,  8.819638061037E+19,  4.489178205853E+16,  2.622814493455E+02,  7.595937815262E+01,  1.778504918611E+02,NaN,  8.462945039921E+00,NaN,  8.634291894806E-03,  3.512604639518E-02,NaN,  5.572293353670E+06,  1.771103291851E-06
  9.195293127458E+06,  2.433760415369E+03,  2.433803623842E+03,  2.943561048482E+00,  4.756466691948E+03,  4.753535183419E+03,  2.111185149836E-01,NaN,NaN,  6.165171531096E-02,  5.299368450756E+16,  1.839387384018E+19,  2.526356283473E+20,  9.350950344781E+18,  4.159282627381E+20,  8.888797714659E+19,  4.674102622743E+16,  2.641586953616E+02,  7.770631670184E+01,  1.780429191607E+02,NaN,  8.400469531508E+00,NaN,  8.989967548720E-03,  3.502718531050E-02,NaN,  5.582556739965E+06,  1.798963820316E-06
  9.660437520174E+06,  2.426395182065E+03,  2.426430260113E+03,  2.216975842867E+00,  4.550915218640E+03,  4.548697080470E+03,  2.067030880300E-01,NaN,NaN,  6.645440071603E-02,  5.334072230854E+16,  1.801557454131E+19,  2.529275613582E+20,  9.507182623407E+18,  4.143811961092E+20,  8.967503910971E+19,  4.884163278925E+16,  2.662354462035E+02,  7.964218241320E+01,  1.782486565929E+02,NaN,  8.335213208244E+00,NaN,  9.393989162014E-03,  3.491851352580E-02,NaN,  5.593319966263E+06,  1.829046173007E-06
  1.014533759412E+07,  2.419430411037E+03,  2.419464002158E+03,  2.081558487629E+00,  4.367930624180E+03,  4.365854303434E+03,  2.025878148800E-01,NaN,NaN,  6.777744018231E-02,  5.365376011436E+16,  1.767261592863E+19,  2.531810783185E+20,  9.651290330638E+18,  4.128948494986E+20,  9.037983476896E+19,  5.098733873018E+16,  2.681574633847E+02,  8.145210843701E+01,  1.784273206237E+02,NaN,  8.268227639055E+00,NaN,  9.806684995525E-03,  3.481869517968E-02,NaN,  5.603458138484E+06,  1.858223689306E-06
  1.065328541193E+07,  2.412625694575E+03,  2.412655626354E+03,  1.775572201246E+00,  4.196756016487E+03,  4.194977844204E+03,  1.985918012364E-01,NaN,NaN,  7.080166893961E-02,  5.395319551591E+16,  1.734336358646E+19,  2.534172234727E+20,  9.792066041330E+18,  4.113976214453E+20,  9.106335082013E+19,  5.325235956463E+16,  2.700474400680E+02,  8.324432463349E+01,  1.785937420143E+02,NaN,  8.199131090872E+00,NaN,  1.024232934145E-02,  3.472122736561E-02,NaN,  5.613337768092E+06,  1.887474276965E-06
  1.119123908477E+07,  2.405611197741E+03,  2.405644657594E+03,  2.048845148257E+00,  4.025596058255E+03,  4.023545992828E+03,  1.945349315145E-01,NaN,NaN,  6.859053418807E-02,  5.426201993499E+16,  1.700323138461E+19,  2.536593490318E+20,  9.940405419910E+18,  4.097938694481E+20,  9.180466843642E+19,  5.577763274135E+16,  2.720644037512E+02,  8.516220893677E+01,  1.787643780470E+02,NaN,  8.127088737919E+00,NaN,  1.072802950131E-02,  3.461794003213E-02,NaN,  5.623481790667E+06,  1.918379836337E-06
  1.175288372255E+07,  2.398750580558E+03,  2.398780377195E+03,  1.745990770312E+00,  3.865941974948E+03,  3.864194963139E+03,  1.906173553492E-01,NaN,NaN,  7.167613919560E-02,  5.455600227154E+16,  1.667819159575E+19,  2.538827442862E+20,  1.008462736353E+19,  4.081839006464E+20,  9.251982700756E+19,  5.846017974032E+16,  2.740386193183E+02,  8.705245310626E+01,  1.789218140487E+02,NaN,  8.053108184342E+00,NaN,  1.124397903034E-02,  3.451760951831E-02,NaN,  5.633384602845E+06,  1.949436462884E-06
  1.234222428748E+07,  2.392142152333E+03,  2.392172243095E+03,  1.759827579539E+00,  3.719667721166E+03,  3.717906807541E+03,  1.868693045857E-01,NaN,NaN,  7.181453625911E-02,  5.483007921125E+16,  1.637363099505E+19,  2.540813145762E+20,  1.022177193800E+19,  4.065911395985E+20,  9.318103195056E+19,  6.126105848832E+16,  2.759215675394E+02,  8.887128844155E+01,  1.790617548572E+02,NaN,  7.976741552606E+00,NaN,  1.178268797802E-02,  3.442263143015E-02,NaN,  5.642890924698E+06,  1.980105297392E-06
  1.296094805242E+07,  2.385203167152E+03,  2.385231020747E+03,  1.578837205371E+00,  3.569257147338E+03,  3.567677864031E+03,  1.829889351171E-01,NaN,NaN,  7.409573204725E-02,  5.512226211609E+16,  1.604895061563E+19,  2.542954413762E+20,  1.037107069473E+19,  4.048475832243E+20,  9.394243484007E+19,  6.446153733166E+16,  2.780071680097E+02,  9.088418045370E+01,  1.792126589905E+02,NaN,  7.897930311150E+00,NaN,  1.239825428591E-02,  3.431821853942E-02,NaN,  5.652848063836E+06,  2.013162578952E-06
  1.361548863666E+07,  2.379558956714E+03,  2.379585084318E+03,  1.443204087397E+00,  3.436845869187E+03,  3.435401755099E+03,  1.798777770532E-01,NaN,NaN,  7.603632555920E-02,  5.540921791704E+16,  1.572895486339E+19,  2.544991789235E+20,  1.052068511877E+19,  4.030318165203E+20,  9.470476996108E+19,  6.728579958812E+16,  2.801117947370E+02,  9.292662010320E+01,  1.793562413819E+02,NaN,  7.815991791188E+00,NaN,  1.294146071684E-02,  3.421375573560E-02,NaN,  5.660925780337E+06,  2.040708440719E-06
  1.430304460988E+07,  2.372888516243E+03,  2.372915140645E+03,  1.471938797187E+00,  3.304741956723E+03,  3.303269075068E+03,  1.762220391693E-01,NaN,NaN,  7.596952367510E-02,  5.567623267036E+16,  1.542950096511E+19,  2.546773363076E+20,  1.066274926176E+19,  4.012483149575E+20,  9.540851816716E+19,  7.089532375056E+16,  2.821187328947E+02,  9.489187885427E+01,  1.794817963598E+02,NaN,  7.731421979564E+00,NaN,  1.363570103858E-02,  3.411492010128E-02,NaN,  5.670443988247E+06,  2.074035046747E-06
  1.512721042107E+07,  2.365587167552E+03,  2.365611503647E+03,  1.297947172706E+00,  3.161764056096E+03,  3.160465271791E+03,  1.722736031861E-01,NaN,NaN,  7.874866018577E-02,  5.597986134927E+16,  1.508802580529E+19,  2.548744393588E+20,  1.082772454979E+19,  3.991205192790E+20,  9.623879481684E+19,  7.523701672424E+16,  2.844741012207E+02,  9.720687745834E+01,  1.796207031436E+02,NaN,  7.632049855165E+00,NaN,  1.447076355411E-02,  3.399994001808E-02,NaN,  5.680836091755E+06,  2.111535733783E-06
  1.588559421020E+07,  2.358953159652E+03,  2.358976122800E+03,  1.194675901115E+00,  3.041306900368E+03,  3.040111446006E+03,  1.687409304303E-01,NaN,NaN,  8.072919167852E-02,  5.623556165928E+16,  1.479911700019E+19,  2.550314290904E+20,  1.096952510657E+19,  3.972292030426E+20,  9.694642878510E+19,  7.957648958695E+16,  2.865132180118E+02,  9.922416745648E+01,  1.797313403894E+02,NaN,  7.542404766828E+00,NaN,  1.530539906306E-02,  3.390125953286E-02,NaN,  5.690249926705E+06,  2.146551160908E-06
  1.668187241553E+07,  2.352497900257E+03,  2.352520551945E+03,  1.166818959733E+00,  2.929617285982E+03,  2.928449689416E+03,  1.653299001982E-01,NaN,NaN,  8.153543410278E-02,  5.647709343362E+16,  1.452467113068E+19,  2.551682798934E+20,  1.110585699218E+19,  3.953327259673E+20,  9.760636836946E+19,  8.420779964628E+16,  2.884775035061E+02,  1.011834440112E+02,  1.798277848878E+02,NaN,  7.450078441825E+00,NaN,  1.619616528071E-02,  3.380694192330E-02,NaN,  5.699383692136E+06,  2.181512737296E-06
  1.752076215416E+07,  2.345931923023E+03,  2.345953314204E+03,  1.075094741066E+00,  2.819529006423E+03,  2.818453168170E+03,  1.619036063556E-01,NaN,NaN,  8.356748040269E-02,  5.672197968220E+16,  1.424578021289E+19,  2.553031563057E+20,  1.124665835848E+19,  3.933335806000E+20,  9.830361391631E+19,  8.938827985211E+16,  2.905287386458E+02,  1.032339949761E+02,  1.799228379503E+02,NaN,  7.354713162771E+00,NaN,  1.719255651761E-02,  3.370924963116E-02,NaN,  5.708650303793E+06,  2.218016102889E-06
  1.839797678597E+07,  2.339526998795E+03,  2.339547096496E+03,  9.839268331808E-01,  2.717563678574E+03,  2.716577750909E+03,  1.586095413011E-01,NaN,NaN,  8.578925028835E-02,  5.695236639304E+16,  1.398180256143E+19,  2.554175566128E+20,  1.138137731604E+19,  3.913352006757E+20,  9.894758315506E+19,  9.495660246839E+16,  2.924927008545E+02,  1.052139787781E+02,  1.800034606430E+02,NaN,  7.256997889694E+00,NaN,  1.826354369230E-02,  3.361643083878E-02,NaN,  5.717665365010E+06,  2.254566342876E-06
  1.933167413378E+07,  2.333884475838E+03,  2.333904426313E+03,  9.696217670022E-01,  2.616023837598E+03,  2.615053566779E+03,  1.557396929942E-01,NaN,NaN,  8.641719688070E-02,  5.721534143046E+16,  1.368159153649E+19,  2.555595106085E+20,  1.153824551593E+19,  3.890258616932E+20,  9.978491644037E+19,  1.003482560463E+17,  2.948413354187E+02,  1.075634027107E+02,  1.801035015752E+02,NaN,  7.155130581740E+00,NaN,  1.930055110552E-02,  3.350655058984E-02,NaN,  5.725586094198E+06,  2.287556244127E-06
  2.031061212321E+07,  2.327628423404E+03,  2.327647895930E+03,  9.337024742025E-01,  2.524723701223E+03,  2.523789464758E+03,  1.525826800311E-01,NaN,NaN,  8.759172544881E-02,  5.743047843514E+16,  1.343227420894E+19,  2.556440929852E+20,  1.166845304455E+19,  3.869304720290E+20,  1.003782490340E+20,  1.069048837243E+17,  2.967515009135E+02,  1.095172252730E+02,  1.801631103222E+02,NaN,  7.050603693713E+00,NaN,  2.056162461655E-02,  3.341774919346E-02,NaN,  5.734346868468E+06,  2.325035349345E-06
  2.133155776083E+07,  2.321177444441E+03,  2.321197449626E+03,  9.624689302173E-01,  2.432870319239E+03,  2.431907215081E+03,  1.493755815794E-01,NaN,NaN,  8.729817355451E-02,  5.765352475602E+16,  1.317370831295E+19,  2.557319685185E+20,  1.180585535298E+19,  3.847005702831E+20,  1.010408584624E+20,  1.144030848856E+17,  2.988000815488E+02,  1.116090837994E+02,  1.802250398948E+02,NaN,  6.943954058188E+00,NaN,  2.200379631355E-02,  3.332331323425E-02,NaN,  5.743355437532E+06,  2.364700120476E-06
  2.240180938566E+07,  2.315845020809E+03,  2.315863034537E+03,  8.329612185626E-01,  2.348503174524E+03,  2.347669628563E+03,  1.467634729129E-01,NaN,NaN,  9.082974746454E-02,  5.788703675285E+16,  1.290299837448E+19,  2.558248979472E+20,  1.195224218188E+19,  3.822869281202E+20,  1.017874109562E+20,  1.212584744706E+17,  3.010173054969E+02,  1.138687850702E+02,  1.802905311593E+02,NaN,  6.834666935003E+00,NaN,  2.332233240224E-02,  3.322208116885E-02,NaN,  5.750787241143E+06,  2.398313395832E-06
  2.356462305632E+07,  2.309161842427E+03,  2.309180713997E+03,  8.810102135474E-01,  2.258856532398E+03,  2.257974909163E+03,  1.435045940569E-01,NaN,NaN,  8.996557842910E-02,  5.811787602571E+16,  1.263367516703E+19,  2.559023891081E+20,  1.209945487645E+19,  3.797700576310E+20,  1.025218955997E+20,  1.307738510870E+17,  3.032566713943E+02,  1.161677067847E+02,  1.803451424293E+02,NaN,  6.718669701335E+00,NaN,  2.515247893302E-02,  3.312067143681E-02,NaN,  5.760073840891E+06,  2.441491260926E-06
  2.474526211134E+07,  2.302928235484E+03,  2.302945203602E+03,  7.602928202026E-01,  2.181366649530E+03,  2.180605832655E+03,  1.405098230873E-01,NaN,NaN,  9.373506520485E-02,  5.831788558243E+16,  1.239762336948E+19,  2.559450377908E+20,  1.222860769934E+19,  3.773958671916E+20,  1.030995828974E+20,  1.407309709779E+17,  3.051936233701E+02,  1.181876192826E+02,  1.803751987440E+02,NaN,  6.603737754987E+00,NaN,  2.706758846148E-02,  3.303347408573E-02,NaN,  5.768716431743E+06,  2.482892731837E-06
  2.598498866472E+07,  2.296480869866E+03,  2.296497643071E+03,  7.443017488822E-01,  2.103079282672E+03,  2.102334419424E+03,  1.374606792225E-01,NaN,NaN,  9.464905834866E-02,  5.852630212239E+16,  1.215159350767E+19,  2.559893570337E+20,  1.236545680888E+19,  3.748579889911E+20,  1.037505739423E+20,  1.523026016117E+17,  3.072804000646E+02,  1.203586847693E+02,  1.804064323726E+02,NaN,  6.485989696597E+00,NaN,  2.929322602829E-02,  3.294035615267E-02,NaN,  5.777629607596E+06,  2.526870320266E-06
  2.730865013393E+07,  2.290793787415E+03,  2.290810829811E+03,  7.563201416393E-01,  2.024395910625E+03,  2.023639057100E+03,  1.347975045839E-01,NaN,NaN,  9.463990102300E-02,  5.876819983083E+16,  1.186787563364E+19,  2.560591369127E+20,  1.252758445024E+19,  3.719138983845E+20,  1.046453878835E+20,  1.637752954795E+17,  3.098420666365E+02,  1.229914921747E+02,  1.804556091789E+02,NaN,  6.363465448434E+00,NaN,  3.149983452393E-02,  3.282751052506E-02,NaN,  5.785471511700E+06,  2.566678664658E-06
  2.872424402849E+07,  2.283877991422E+03,  2.283894530590E+03,  7.220554822301E-01,  1.944255103986E+03,  1.943532537007E+03,  1.315965262559E-01,NaN,NaN,  9.620383162552E-02,  5.899700418501E+16,  1.159711664645E+19,  2.561029174169E+20,  1.268344057241E+19,  3.689336572187E+20,  1.054681133497E+20,  1.795493739582E+17,  3.123016206445E+02,  1.255446324536E+02,  1.804864631357E+02,NaN,  6.235991302405E+00,NaN,  3.453375279832E-02,  3.272008795532E-02,NaN,  5.794984159388E+06,  2.616427905945E-06
  3.021168914723E+07,  2.277233410987E+03,  2.277249582567E+03,  6.963975601033E-01,  1.872330377171E+03,  1.871633483829E+03,  1.285732917324E-01,NaN,NaN,  9.753141084545E-02,  5.920538684069E+16,  1.134771852201E+19,  2.561156095149E+20,  1.282708081191E+19,  3.659838994024E+20,  1.061622939166E+20,  1.969424427755E+17,  3.145403165011E+02,  1.279012432975E+02,  1.804954077893E+02,NaN,  6.105786353690E+00,NaN,  3.787906069718E-02,  3.262293736984E-02,NaN,  5.804098191746E+06,  2.665655314159E-06
  3.172330150363E+07,  2.270515096751E+03,  2.270530553801E+03,  6.515267770457E-01,  1.801905662062E+03,  1.801253253623E+03,  1.255522369824E-01,NaN,NaN,  9.964227646236E-02,  5.941486056800E+16,  1.109693516284E+19,  2.561276399636E+20,  1.297397912401E+19,  3.629363523240E+20,  1.069185361177E+20,  2.171989219926E+17,  3.168727077714E+02,  1.303498200491E+02,  1.805038861509E+02,NaN,  5.977226466905E+00,NaN,  4.177510461215E-02,  3.252277184476E-02,NaN,  5.813288623708E+06,  2.716911913395E-06
  3.330949144166E+07,  2.263834845901E+03,  2.263862378834E+03,  1.397874240800E+00,  1.735189200411E+03,  1.733791668859E+03,  1.225905830652E-01,NaN,NaN,  8.272440674575E-02,  5.961793347737E+16,  1.085227254252E+19,  2.561236672602E+20,  1.311829594224E+19,  3.598088200706E+20,  1.076466690820E+20,  2.404852226954E+17,  3.191655067420E+02,  1.327719462667E+02,  1.805010864203E+02,NaN,  5.846220163796E+00,NaN,  4.625389133433E-02,  3.242508715820E-02,NaN,  5.822384538972E+06,  2.769309349465E-06
  3.497894992753E+07,  2.258271900940E+03,  2.258286201020E+03,  5.804718067566E-01,  1.673250699127E+03,  1.672669817340E+03,  1.201590818484E-01,NaN,NaN,  1.034681345969E-01,  5.983479284667E+16,  1.059150621688E+19,  2.561245931821E+20,  1.327504949884E+19,  3.563910990147E+20,  1.085096067442E+20,  2.629025225467E+17,  3.217154765981E+02,  1.354507549922E+02,  1.805017389562E+02,NaN,  5.712417111526E+00,NaN,  5.056553817779E-02,  3.231776463377E-02,NaN,  5.829971869962E+06,  2.814338508440E-06
  3.677613478574E+07,  2.251413292729E+03,  2.251427679341E+03,  5.812648928663E-01,  1.609747944912E+03,  1.609166264383E+03,  1.172053689859E-01,NaN,NaN,  1.039522084934E-01,  6.003936584857E+16,  1.034265874915E+19,  2.560958417830E+20,  1.342458549174E+19,  3.529150792480E+20,  1.092739498082E+20,  2.948249477716E+17,  3.241229627100E+02,  1.380119704290E+02,  1.804814766398E+02,NaN,  5.572810281244E+00,NaN,  5.670535987214E-02,  3.221705904325E-02,NaN,  5.839280382974E+06,  2.871294240390E-06
  3.867401032133E+07,  2.244525630030E+03,  2.244539735193E+03,  5.623264158809E-01,  1.548582881414E+03,  1.548020149446E+03,  1.142692473149E-01,NaN,NaN,  1.053510641497E-01,  6.024231315181E+16,  1.009450454396E+19,  2.560531256410E+20,  1.357486287278E+19,  3.492868655228E+20,  1.100421592759E+20,  3.328148043349E+17,  3.265525653867E+02,  1.406070195578E+02,  1.804513727837E+02,NaN,  5.430160880061E+00,NaN,  6.401216516185E-02,  3.211629891088E-02,NaN,  5.848602667453E+06,  2.930305613818E-06
  4.061131284698E+07,  2.237749638851E+03,  2.237763476613E+03,  5.444727699663E-01,  1.491658851309E+03,  1.491114004791E+03,  1.114339410850E-01,NaN,NaN,  1.067428968694E-01,  6.043467465284E+16,  9.857751190318E+18,  2.559952567866E+20,  1.371890790397E+19,  3.456517378981E+20,  1.107652110672E+20,  3.773888489469E+17,  3.288802790260E+02,  1.431077191049E+02,  1.804105901758E+02,NaN,  5.289384400527E+00,NaN,  7.258534480552E-02,  3.202048364001E-02,NaN,  5.857748319820E+06,  2.990204073345E-06
  4.268220536784E+07,  2.231897092901E+03,  2.231910537479E+03,  5.208689874304E-01,  1.436436979675E+03,  1.435915737404E+03,  1.090320991418E-01,NaN,NaN,  1.084096586483E-01,  6.065035429392E+16,  9.593863716637E+18,  2.559465157501E+20,  1.388359758781E+19,  3.415528380528E+20,  1.117158457667E+20,  4.230807620331E+17,  3.316426167831E+02,  1.460410354267E+02,  1.803762403239E+02,NaN,  5.143967501963E+00,NaN,  8.137353045393E-02,  3.190852162209E-02,NaN,  5.865627543121E+06,  3.043470753244E-06
  4.487731908982E+07,  2.225114916244E+03,  2.225128179477E+03,  5.080099915707E-01,  1.384647667506E+03,  1.384139292140E+03,  1.062632110396E-01,NaN,NaN,  1.096544973180E-01,  6.083556977420E+16,  9.362313290288E+18,  2.558492064790E+20,  1.402494860235E+19,  3.376003059973E+20,  1.123798754447E+20,  4.862888365641E+17,  3.339075572210E+02,  1.485110965065E+02,  1.803076624008E+02,NaN,  4.995267614648E+00,NaN,  9.353069910671E-02,  3.181657516935E-02,NaN,  5.874734555971E+06,  3.107039482111E-06
  4.714630302327E+07,  2.218299256757E+03,  2.218311987596E+03,  4.776480659184E-01,  1.334882396232E+03,  1.334404408404E+03,  1.035338011658E-01,NaN,NaN,  1.119433472370E-01,  6.101778807597E+16,  9.133531205134E+18,  2.557406339491E+20,  1.416544232998E+19,  3.335388135984E+20,  1.130475725018E+20,  5.639302965003E+17,  3.361690501603E+02,  1.509822934679E+02,  1.802311467871E+02,NaN,  4.847145982435E+00,NaN,  1.084639229060E-01,  3.172548245380E-02,NaN,  5.883861789405E+06,  3.172998763470E-06
  4.951858288801E+07,  2.211221173670E+03,  2.211233780458E+03,  4.679977372892E-01,  1.284470973448E+03,  1.284002646707E+03,  1.007566105969E-01,NaN,NaN,  1.131383867319E-01,  6.120811218217E+16,  8.894912144379E+18,  2.556291715341E+20,  1.431445671895E+19,  3.292119942004E+20,  1.138265867035E+20,  6.639993898944E+17,  3.386322116616E+02,  1.536538987648E+02,  1.801525945501E+02,NaN,  4.698007565687E+00,NaN,  1.277107810700E-01,  3.162756538818E-02,NaN,  5.893313247963E+06,  3.243787566849E-06
  5.199475102313E+07,  2.205235963621E+03,  2.205373217653E+03,  1.122358421970E+01,  1.250081761432E+03,  1.238847541365E+03,  9.847015705002E-02,NaN,NaN,  5.136210706744E-02,  6.133551518503E+16,  8.725243370680E+18,  2.554362085947E+20,  1.440932571408E+19,  3.254633866693E+20,  1.139043127653E+20,  7.661958047992E+17,  3.398374637561E+02,  1.551251808017E+02,  1.800166054767E+02,NaN,  4.548310678621E+00,NaN,  1.473667990856E-01,  3.157674192923E-02,NaN,  5.901118348020E+06,  3.304240284184E-06
  5.474168934596E+07,  2.198164152542E+03,  2.198176191142E+03,  4.340579138715E-01,  1.191790122927E+03,  1.191355759462E+03,  9.572963259073E-02,NaN,NaN,  1.164870432730E-01,  6.159739275195E+16,  8.403760788364E+18,  2.553583946909E+20,  1.462366140529E+19,  3.197255360025E+20,  1.154792857959E+20,  9.238521740191E+17,  3.437847500876E+02,  1.592563669771E+02,  1.799617667563E+02,NaN,  4.388926608476E+00,NaN,  1.776897457029E-01,  3.142553224251E-02,NaN,  5.910678102847E+06,  3.380857695769E-06
  5.749034909834E+07,  2.191013622715E+03,  2.191025802227E+03,  4.374712778334E-01,  1.147825070924E+03,  1.147387278500E+03,  9.305822271969E-02,NaN,NaN,  1.169309913554E-01,  6.177790140558E+16,  8.172980266247E+18,  2.551927058465E+20,  1.476805756516E+19,  3.149106504021E+20,  1.162024082196E+20,  1.127007672270E+18,  3.461627694186E+02,  1.618649116182E+02,  1.798449988810E+02,NaN,  4.236095120734E+00,NaN,  2.167637987143E-01,  3.133327995375E-02,NaN,  5.920148469912E+06,  3.459686891725E-06
  6.039032991242E+07,  2.183878214280E+03,  2.183890151126E+03,  4.225964711690E-01,  1.106227073233E+03,  1.105804175194E+03,  9.042283238120E-02,NaN,NaN,  1.186350465101E-01,  6.195428185262E+16,  7.945660842842E+18,  2.550049628057E+20,  1.490947453932E+19,  3.099252220941E+20,  1.168766383700E+20,  1.394409291366E+18,  3.484657081262E+02,  1.644030906764E+02,  1.797126884889E+02,NaN,  4.081734287128E+00,NaN,  2.681946737331E-01,  3.124454311155E-02,NaN,  5.929572164389E+06,  3.541168645886E-06
  6.347050372577E+07,  2.176473470463E+03,  2.176485009791E+03,  4.006575442788E-01,  1.064365217355E+03,  1.063964279242E+03,  8.774469016224E-02,NaN,NaN,  1.209640907409E-01,  6.213783942817E+16,  7.708972117879E+18,  2.548041165934E+20,  1.505820987402E+19,  3.045882817610E+20,  1.176365205992E+20,  1.769430811531E+18,  3.509460664355E+02,  1.671095863561E+02,  1.795711437426E+02,NaN,  3.925011640104E+00,NaN,  3.403246967230E-01,  3.115057603151E-02,NaN,  5.939323205367E+06,  3.628840756457E-06
  6.665667694150E+07,  2.169164719821E+03,  2.169176035812E+03,  3.871842504907E-01,  1.025774023433E+03,  1.025386591005E+03,  8.516300281820E-02,NaN,NaN,  1.227507630811E-01,  6.231134494205E+16,  7.482968823779E+18,  2.545809049264E+20,  1.519846981913E+19,  2.992057541383E+20,  1.182945768831E+20,  2.282160985932E+18,  3.532465475477E+02,  1.696235157169E+02,  1.794138371226E+02,NaN,  3.770253699418E+00,NaN,  4.389410087972E-01,  3.106436911508E-02,NaN,  5.948919218424E+06,  3.718632068099E-06
  7.008557918612E+07,  2.161713292153E+03,  2.161724483241E+03,  3.783008692606E-01,  9.881422973130E+02,  9.877637345633E+02,  8.256133878456E-02,NaN,NaN,  1.242465267270E-01,  6.248749861613E+16,  7.252179642509E+18,  2.543317775352E+20,  1.534102856640E+19,  2.934726566002E+20,  1.189478431514E+20,  3.025426666204E+18,  3.555958787721E+02,  1.721641259411E+02,  1.792382666053E+02,NaN,  3.611588699198E+00,NaN,  5.818975265513E-01,  3.097808112372E-02,NaN,  5.958673510198E+06,  3.813669836355E-06
  7.372212259458E+07,  2.153878650851E+03,  2.153890137945E+03,  3.882063825673E-01,  9.494928520198E+02,  9.491043670366E+02,  7.989358201278E-02,NaN,NaN,  1.242787312079E-01,  6.267441703797E+16,  7.007980215353E+18,  2.540707985427E+20,  1.549427055667E+19,  2.872899959417E+20,  1.197449826620E+20,  4.184713198619E+18,  3.582739277775E+02,  1.749630226490E+02,  1.790543437675E+02,NaN,  3.451691658864E+00,NaN,  8.048697021164E-01,  3.088368236843E-02,NaN,  5.968897552196E+06,  3.917586903451E-06
  7.742311369822E+07,  2.146288734878E+03,  2.146300107035E+03,  3.796805295148E-01,  9.150751816835E+02,  9.146952288981E+02,  7.736945915248E-02,NaN,NaN,  1.257980210892E-01,  6.284522008829E+16,  6.781919331117E+18,  2.537864950002E+20,  1.563271483842E+19,  2.812045348702E+20,  1.203634511994E+20,  5.911720250256E+18,  3.606940405689E+02,  1.774057331829E+02,  1.788539831416E+02,NaN,  3.297289448667E+00,NaN,  1.137034795691E+00,  3.080262534302E-02,NaN,  5.978772262156E+06,  4.022372515304E-06
  8.129951924596E+07,  2.138645295737E+03,  2.138656420344E+03,  3.654049311906E-01,  8.821686236149E+02,  8.818029607751E+02,  7.486472104808E-02,NaN,NaN,  1.278673236913E-01,  6.301436144401E+16,  6.556816804278E+18,  2.534807142183E+20,  1.576939497803E+19,  2.748976961489E+20,  1.209517267403E+20,  8.673842458875E+18,  3.632375802811E+02,  1.797868290550E+02,  1.786384866046E+02,NaN,  3.143975143872E+00,NaN,  1.668289477612E+00,  3.072486415031E-02,NaN,  5.988686585468E+06,  4.132200917974E-06
  8.537458042762E+07,  2.130841174958E+03,  2.130852202892E+03,  3.578362916835E-01,  8.502375948815E+02,  8.498795063964E+02,  7.237665438882E-02,NaN,NaN,  1.294371923457E-01,  6.318388451416E+16,  6.330287021400E+18,  2.531530612661E+20,  1.590604867878E+19,  2.683156697649E+20,  1.215298192741E+20,  1.336617466850E+19,  3.661120707018E+02,  1.821421114517E+02,  1.784075758322E+02,NaN,  2.991590985352E+00,NaN,  2.570792432662E+00,  3.064980940800E-02,NaN,  5.998778010536E+06,  4.249026552498E-06
  8.976024066236E+07,  2.122637016025E+03,  2.122647614031E+03,  3.360115174719E-01,  8.175974853031E+02,  8.172612464211E+02,  6.981883711418E-02,NaN,NaN,  1.324705419799E-01,  6.336400114271E+16,  6.089964784969E+18,  2.528010281886E+20,  1.605215383043E+19,  2.611721938065E+20,  1.222166259513E+20,  2.207945434064E+19,  3.699452998496E+02,  1.847019209137E+02,  1.781594833633E+02,NaN,  2.837228478644E+00,NaN,  4.246667093914E+00,  3.057148298519E-02,NaN,  6.009353406490E+06,  4.377237802305E-06
  9.432351075093E+07,  2.114434515299E+03,  2.114445246222E+03,  3.382249255541E-01,  7.871022393203E+02,  7.867637800542E+02,  6.731760951161E-02,NaN,NaN,  1.332541542425E-01,  6.353853719023E+16,  5.855317586574E+18,  2.524234173894E+20,  1.619208793684E+19,  2.538711659348E+20,  1.228143310735E+20,  3.810344569202E+19,  3.749830012916E+02,  1.870742777848E+02,  1.778933652016E+02,NaN,  2.686705772035E+00,NaN,  7.328652533192E+00,  3.050570021643E-02,NaN,  6.019891534168E+06,  4.511254862642E-06
  9.918909585201E+07,  2.106195195633E+03,  2.106205786775E+03,  3.289747595788E-01,  7.589973237866E+02,  7.586681237019E+02,  6.488209777644E-02,NaN,NaN,  1.352164451630E-01,  6.370701713822E+16,  5.626011644556E+18,  2.520040210361E+20,  1.632374169118E+19,  2.463227363674E+20,  1.232365943003E+20,  6.745671129782E+19,  3.822433943157E+02,  1.891338163653E+02,  1.775977990080E+02,NaN,  2.537445803791E+00,NaN,  1.297433313852E+01,  3.046113568404E-02,NaN,  6.030442828892E+06,  4.652103404515E-06
  1.041501020703E+08,  2.096609846947E+03,  2.096620989255E+03,  3.477583577965E-01,  7.314399498055E+02,  7.310903148155E+02,  6.210163722126E-02,NaN,NaN,  1.345695827311E-01,  6.385600848448E+16,  5.419020231868E+18,  2.515534304507E+20,  1.643466710000E+19,  2.390232656572E+20,  1.233452528694E+20,  1.276548974405E+20,  3.948042308875E+02,  1.905742372084E+02,  1.772802489313E+02,NaN,  2.397151917612E+00,NaN,  2.455259283015E+01,  3.046003159949E-02,NaN,  6.042673726302E+06,  4.824295749244E-06
  1.094331685150E+08,  2.087874999235E+03,  2.087885566637E+03,  3.204244095735E-01,  7.040332402384E+02,  7.037125949363E+02,  5.965990577565E-02,NaN,NaN,  1.385134393015E-01,  6.403118343478E+16,  5.180982852234E+18,  2.510950830526E+20,  1.657080682922E+19,  2.308177501477E+20,  1.238691860611E+20,  2.113894876813E+20,  4.125647029380E+02,  1.926883928912E+02,  1.769572323034E+02,NaN,  2.261334690187E+00,NaN,  4.065774305315E+01,  3.045508146924E-02,NaN,  6.053780467800E+06,  4.989556780927E-06
  1.150075788382E+08,  2.079074951076E+03,  2.079085444385E+03,  3.138046070106E-01,  6.785531192609E+02,  6.782390993220E+02,  5.726388308246E-02,NaN,NaN,  1.404437598667E-01,  6.420231938827E+16,  4.946535634058E+18,  2.505987042517E+20,  1.670026204263E+19,  2.223566434875E+20,  1.242635690713E+20,  3.205681142802E+20,  4.349120699587E+02,  1.945152117660E+02,  1.766074133515E+02,NaN,  2.132755265886E+00,NaN,  6.165668957525E+01,  3.047486861962E-02,NaN,  6.064930822468E+06,  5.164613548378E-06
  1.207695081010E+08,  2.068785625301E+03,  2.068796029250E+03,  3.060313755834E-01,  6.536698123212E+02,  6.533635709971E+02,  5.454760548962E-02,NaN,NaN,  1.427846600049E-01,  6.435446248078E+16,  4.733600702518E+18,  2.500599233318E+20,  1.680773565280E+19,  2.141071890859E+20,  1.242680637202E+20,  4.716070662404E+20,  4.645298501460E+02,  1.955809062780E+02,  1.762277118486E+02,NaN,  2.014361343925E+00,NaN,  9.070687067543E+01,  3.053777564756E-02,NaN,  6.077919298798E+06,  5.380973905473E-06
  1.269001650442E+08,  2.059511555205E+03,  2.059522085863E+03,  3.071299205928E-01,  6.298985829564E+02,  6.295912395245E+02,  5.219251405567E-02,NaN,NaN,  1.440066946104E-01,  6.452768376842E+16,  4.495465558317E+18,  2.495016382493E+20,  1.693420324643E+19,  2.049912462731E+20,  1.245949829104E+20,  6.228157533944E+20,  4.946659553890E+02,  1.971391285415E+02,  1.758342649446E+02,NaN,  1.902863991567E+00,NaN,  1.197896979113E+02,  3.057993950983E-02,NaN,  6.089580996647E+06,  5.587552034678E-06
  1.332709416161E+08,  2.048625686843E+03,  2.048635912820E+03,  2.909353268423E-01,  6.064882674415E+02,  6.061971404588E+02,  4.951296930571E-02,NaN,NaN,  1.476242260348E-01,  6.468408649901E+16,  4.276417488887E+18,  2.488965853028E+20,  1.704008570397E+19,  1.960368323002E+20,  1.245071502927E+20,  8.127790034321E+20,  5.314375453346E+02,  1.979027607652E+02,  1.754078587661E+02,NaN,  1.800515048346E+00,NaN,  1.563264107549E+02,  3.065415786244E-02,NaN,  6.103215973373E+06,  5.845150773420E-06
  1.399408745357E+08,  2.038755526591E+03,  2.038765748700E+03,  2.867764270103E-01,  5.838366876265E+02,  5.835497233588E+02,  4.719137398510E-02,NaN,NaN,  1.497084662513E-01,  6.486190155932E+16,  4.032467599292E+18,  2.482803603379E+20,  1.716571900625E+19,  1.862528320504E+20,  1.248044612388E+20,  9.934475921108E+20,  5.670155519649E+02,  1.992608219267E+02,  1.749735791979E+02,NaN,  1.705722351167E+00,NaN,  1.910754284892E+02,  3.070084943855E-02,NaN,  6.115528270927E+06,  6.093932205413E-06
  1.470327607700E+08,  2.027281181313E+03,  2.027291546606E+03,  2.873676875817E-01,  5.626787087968E+02,  5.623911468007E+02,  4.458683122914E-02,NaN,NaN,  1.514931428178E-01,  6.501932851284E+16,  3.811092538386E+18,  2.475896794280E+20,  1.726443322893E+19,  1.766259854854E+20,  1.244365353369E+20,  1.210857228960E+21,  6.084186959713E+02,  1.994241251412E+02,  1.744868274036E+02,NaN,  1.616682337723E+00,NaN,  2.328910610887E+02,  3.078020092454E-02,NaN,  6.129781922439E+06,  6.402927132209E-06
  1.545910341227E+08,  2.015044782438E+03,  2.015055387790E+03,  2.876579424491E-01,  5.407364413099E+02,  5.404485839404E+02,  4.196115864165E-02,NaN,NaN,  1.548452848993E-01,  6.518870364480E+16,  3.575245370823E+18,  2.468553845291E+20,  1.737071982035E+19,  1.663192315477E+20,  1.241240327776E+20,  1.449435040848E+21,  6.539164707650E+02,  1.996361979490E+02,  1.739693390026E+02,NaN,  1.532844564739E+00,NaN,  2.787780892485E+02,  3.085479164484E-02,NaN,  6.144911995754E+06,  6.995794378282E-06
  1.623516399188E+08,  2.002461810272E+03,  2.002472675518E+03,  2.828803782984E-01,  5.197664927398E+02,  5.194834163271E+02,  3.941858978478E-02,NaN,NaN,  1.613191955552E-01,  6.535671165589E+16,  3.341982197940E+18,  2.460939156693E+20,  1.747263277531E+19,  1.559007129478E+20,  1.236800441726E+20,  1.700441460063E+21,  7.014978137691E+02,  1.995527427030E+02,  1.734326999722E+02,NaN,  1.456788914765E+00,NaN,  3.270555821792E+02,  3.092811370565E-02,NaN,  6.160395667903E+06,  8.104304296754E-06
  1.704832528398E+08,  1.987816022150E+03,  1.987827243479E+03,  2.783619634342E-01,  4.998663142099E+02,  4.995877334670E+02,  3.667913934193E-02,NaN,NaN,  1.693104247996E-01,  6.550428896216E+16,  3.132823338714E+18,  2.452608833873E+20,  1.754877105205E+19,  1.458442681131E+20,  1.224624922254E+20,  1.998361004392E+21,  7.566787902876E+02,  1.980908092382E+02,  1.728456271978E+02,NaN,  1.386210434976E+00,NaN,  3.843561434167E+02,  3.102668883523E-02,NaN,  6.178322679277E+06,  9.676391096155E-06
  1.790155438436E+08,  1.974120812491E+03,  1.974132335688E+03,  2.723081314706E-01,  4.808721533264E+02,  4.805996583935E+02,  3.433850459397E-02,NaN,NaN,  1.777303863604E-01,  6.567346458821E+16,  2.899316471700E+18,  2.443990084168E+20,  1.764227638991E+19,  1.349391547484E+20,  1.215346759700E+20,  2.281618599049E+21,  8.094780595451E+02,  1.970825545807E+02,  1.722382277716E+02,NaN,  1.320588751157E+00,NaN,  4.388366884416E+02,  3.110093178378E-02,NaN,  6.194994512217E+06,  1.149412920339E-05
  1.880009420586E+08,  1.957994856198E+03,  1.958006843822E+03,  2.675236209435E-01,  4.626950391050E+02,  4.624273394261E+02,  3.184657029944E-02,NaN,NaN,  1.882002789846E-01,  6.582390994335E+16,  2.688546800192E+18,  2.434522622948E+20,  1.771218969230E+19,  1.244158558911E+20,  1.197375543978E+20,  2.619917478541E+21,  8.712758427404E+02,  1.945419395829E+02,  1.715710160867E+02,NaN,  1.259250085980E+00,NaN,  5.039036369848E+02,  3.119830501347E-02,NaN,  6.214512657495E+06,  1.419750107088E-05
  1.975608025114E+08,  1.940858409344E+03,  1.940870973353E+03,  2.633073420324E-01,  4.452468504041E+02,  4.449833629074E+02,  2.951541829833E-02,NaN,NaN,  2.004077670915E-01,  6.597868905696E+16,  2.473912310068E+18,  2.424280263424E+20,  1.778127747242E+19,  1.135674497511E+20,  1.175785651695E+20,  2.984253562469E+21,  9.373773741273E+02,  1.913483243533E+02,  1.708491940694E+02,NaN,  1.201386485384E+00,NaN,  5.739784692192E+02,  3.129499811930E-02,NaN,  6.235121483285E+06,  1.796759255181E-05
  2.075627337047E+08,  1.920738993354E+03,  1.920751119156E+03,  2.277925588861E-01,  4.287479113356E+02,  4.285198325865E+02,  2.716561413646E-02,NaN,NaN,  2.235734398504E-01,  6.611399789335E+16,  2.284556103244E+18,  2.413090461889E+20,  1.783072995894E+19,  1.032929333201E+20,  1.143564304496E+20,  3.328149074749E+21,  9.976201559442E+02,  1.862899870726E+02,  1.700606018415E+02,NaN,  1.147717036569E+00,NaN,  6.401218499935E+02,  3.140052038494E-02,NaN,  6.254311920509E+06,  2.407626379650E-05
  2.180742145166E+08,  1.899416867784E+03,  1.899430074139E+03,  2.285348225206E-01,  4.127272201977E+02,  4.124983902452E+02,  2.489447229990E-02,NaN,NaN,  2.427056550464E-01,  6.625957013689E+16,  2.083497204220E+18,  2.401161399449E+20,  1.788461763348E+19,  9.253831220852E+19,  1.107989444594E+20,  3.414671470541E+21,  1.007721635358E+03,  1.806431220438E+02,  1.692199107983E+02,NaN,  1.095407793941E+00,NaN,  6.567631947218E+02,  3.147641334502E-02,NaN,  6.259370955837E+06,  3.354599599881E-05
  2.289878214130E+08,  1.877062087098E+03,  1.877076370705E+03,  2.238810843324E-01,  3.974619775178E+02,  3.972378201901E+02,  2.262173265753E-02,NaN,NaN,  2.679598814311E-01,  6.640733193999E+16,  1.879492491406E+18,  2.388516976173E+20,  1.793541429023E+19,  8.177294874306E+19,  1.069159700518E+20,  3.506405859064E+21,  1.018207527790E+03,  1.744275986208E+02,  1.683288052777E+02,NaN,  1.044132221383E+00,NaN,  6.744069916703E+02,  3.155815369880E-02,NaN,  6.264666207120E+06,  4.882758380214E-05
  2.406966794634E+08,  1.852908380430E+03,  1.852924424476E+03,  2.254922383484E-01,  3.826696259268E+02,  3.824438440889E+02,  2.029014523728E-02,NaN,NaN,  2.988350727545E-01,  6.656248678695E+16,  1.665441783494E+18,  2.374626379816E+20,  1.798429331792E+19,  7.069534518503E+19,  1.025500544852E+20,  3.606652480905E+21,  1.029417370607E+03,  1.673872226048E+02,  1.673498767154E+02,NaN,  9.922763958867E-01,NaN,  6.936879948909E+02,  3.164867835911E-02,NaN,  6.270377323119E+06,  7.607230761067E-05
  2.528093333355E+08,  1.824019048277E+03,  1.824037423853E+03,  2.216297527313E-01,  3.690927042535E+02,  3.688708006945E+02,  1.763815333688E-02,NaN,NaN,  3.482268055731E-01,  6.668547138204E+16,  1.489320359647E+18,  2.359464513466E+20,  1.800215417823E+19,  6.091710171356E+19,  9.672810579330E+19,  3.727979402381E+21,  1.042077806254E+03,  1.578310496537E+02,  1.662813564269E+02,NaN,  9.419080785355E-01,NaN,  7.170234920951E+02,  3.177030122552E-02,NaN,  6.277194365555E+06,  1.378623198185E-04
  2.662093158866E+08,  1.795162702368E+03,  1.795184569775E+03,  2.223486843581E-01,  3.551235763975E+02,  3.549009451962E+02,  1.521979759902E-02,NaN,NaN,  4.130589337804E-01,  6.685726266295E+16,  1.253511127966E+18,  2.342627406308E+20,  1.804667336825E+19,  4.948248925009E+19,  9.130977591754E+19,  3.850725688804E+21,  1.055601022666E+03,  1.489845061960E+02,  1.650947748951E+02,NaN,  8.897577385225E-01,NaN,  7.406319838363E+02,  3.187840069944E-02,NaN,  6.283988441468E+06,  2.738113000882E-04
  2.795234876524E+08,  1.761713711246E+03,  1.761741376822E+03,  2.205971763374E-01,  3.424868908719E+02,  3.422657147079E+02,  1.259420893413E-02,NaN,NaN,  5.267312044003E-01,  6.699385313724E+16,  1.060997806532E+18,  2.324953128854E+20,  1.806188254153E+19,  3.989054331016E+19,  8.470670456566E+19,  3.994725557850E+21,  1.071086369320E+03,  1.380674309979E+02,  1.638491944627E+02,NaN,  8.414457949685E-01,NaN,  7.683282980646E+02,  3.201005626510E-02,NaN,  6.291844840624E+06,  7.183314206737E-04
  2.938214939907E+08,  1.727907846691E+03,  1.727946017920E+03,  2.204440241992E-01,  3.303850236519E+02,  3.301642978650E+02,  1.024666820567E-02,NaN,NaN,  7.272556448704E-01,  6.716610098819E+16,  8.257928940890E+17,  2.305549234017E+20,  1.809358884644E+19,  2.952228254633E+19,  7.832419279851E+19,  4.142070699787E+21,  1.087472078422E+03,  1.275291662263E+02,  1.624817206419E+02,NaN,  7.931638898500E-01,NaN,  7.966680276638E+02,  3.213162577139E-02,NaN,  6.299763778822E+06,  2.608647864035E-03
  3.090271266404E+08,  1.686048180371E+03,  1.686124761667E+03,  2.212049994863E-01,  3.185754820766E+02,  3.183539862178E+02,  7.646279796812E-03,NaN,NaN,  1.454042374761E+00,  6.731864717647E+16,  6.143894682743E+17,  2.283620135278E+20,  1.810301791140E+19,  2.046697025365E+19,  7.045817542561E+19,  4.326622968040E+21,  1.108280224716E+03,  1.144342686471E+02,  1.609362851149E+02,NaN,  7.456553639370E-01,NaN,  8.321640155902E+02,  3.227889428666E-02,NaN,  6.309535365093E+06,  4.182846388948E-02
  3.245605016469E+08,  1.629775968972E+03,  1.660001409006E+03,  1.626535453415E-01,  3.073695349899E+02,  3.072059575332E+02,  6.219881002472E-03,NaN,NaN,  7.804739077532E+02,  6.740305410881E+16,  4.860282192187E+17,  2.259156446355E+20,  1.806828771893E+19,  1.451024433474E+19,  6.022987876874E+19,  4.443215777347E+21,  1.111757754922E+03,  9.725577647008E+01,  1.592122263915E+02,NaN,  7.007779978598E-01,NaN,  8.545889740622E+02,  3.247667518034E-02,NaN,  6.315623472538E+06,  2.553088168733E+09
  3.408063089672E+08,  1.553695394823E+03,  1.660000186433E+03,  1.612541078668E-01,  2.974959743961E+02,  2.973327837282E+02,  6.219817962324E-03,NaN,NaN,  2.768798455253E+03,  6.738256975254E+16,  4.797839467234E+17,  2.230165784569E+20,  1.797292428615E+19,  1.209687831848E+19,  4.766521007845E+19,  4.443638717112E+21,  1.088557002765E+03,  7.606163864551E+01,  1.571691329107E+02,NaN,  6.559107347450E-01,NaN,  8.546703204738E+02,  3.273781657927E-02,NaN,  6.315623757181E+06,  4.009081521956E+11
  3.578601337052E+08,  1.473150648095E+03,  1.660000074800E+03,  1.598007955825E-01,  2.880872193185E+02,  2.879244290541E+02,  6.219812206133E-03,NaN,NaN,  4.910911671634E+03,  6.735924842391E+16,  4.726845987990E+17,  2.197169147444E+20,  1.788328540124E+19,  9.828622150725E+18,  3.660542921372E+19,  4.444081368161E+21,  1.067661923154E+03,  5.745141369953E+01,  1.548437215526E+02,NaN,  6.113298325082E-01,NaN,  8.547554580689E+02,  3.297112041160E-02,NaN,  6.315623783171E+06,  3.931842868395E+12
  3.693469595989E+08,  1.419174934954E+03,  1.660000049477E+03,  1.588324702068E-01,  2.822948473780E+02,  2.821322638211E+02,  6.219810900355E-03,NaN,NaN,  6.368127875094E+03,  6.734251549414E+16,  4.675912678658E+17,  2.173494617970E+20,  1.782938497305E+19,  8.464714311754E+18,  3.034421932845E+19,  4.444381495283E+21,  1.055519677425E+03,  4.694883038185E+01,  1.531752782040E+02,NaN,  5.823856132409E-01,NaN,  8.548131832261E+02,  3.310328311461E-02,NaN,  6.315623789067E+06,  1.104981781121E+13
