t(yr),T_surf(K),T_pot(K),flux_surf(W/m2),flux_OLR(W/m2),flux_ASR(W/m2),phi(vol_frac),fO2_solid(bar),fO2_melt(bar),thick_surf_bl(m),massC_solid(kg),massC_melt(kg),massC_atm(kg),massH_solid(kg),massH_melt(kg),massH_atm(kg),massO_atm(kg),p_surf(bar),p_H2O(bar),p_CO2(bar),p_CO(bar),p_H2(bar),p_CH4(bar),p_O2(bar),mmw(kg/mol),R_trans(m),R_solid(m),viscosity(Pa.s)
  2.518688479840E-05,  3.598929907991E+03,  3.599999999971E+03,  3.432906333835E+02,  3.050958980862E+05,  1.724845362174E+05,  9.305230993239E-01,NaN,NaN,  1.309207383429E-02,  4.084955740081E+15,  6.612802035921E+19,  2.067843814675E+20,  3.437388603420E+17,  4.625986909266E+20,  5.905832702982E+19,  9.970018136750E+15,  1.678757962966E+02,  1.214425555628E+01,  1.457296231500E+02,NaN,  1.000000000000E+01,NaN,  1.917590321475E-03,  3.962770000262E-02,NaN,  3.504050000000E+06,  4.266428405049E-07
  5.037376959680E-05,  3.598859851318E+03,  3.599999999940E+03,  3.735789788985E+02,  3.050594186296E+05,  1.724845362174E+05,  9.305230993108E-01,NaN,NaN,  1.281823787345E-02,  4.084955740869E+15,  6.612802035849E+19,  2.067843814682E+20,  3.437388604118E+17,  4.625986909264E+20,  5.905832702950E+19,  9.970018134603E+15,  1.678757962972E+02,  1.214425555650E+01,  1.457296231505E+02,NaN,  9.999999999914E+00,NaN,  1.917590321062E-03,  3.962770000262E-02,NaN,  3.504050000000E+06,  4.266428405140E-07
  7.556065439521E-05,  3.598789830296E+03,  3.599999999907E+03,  4.044785218996E+02,  3.050229613884E+05,  1.724845362174E+05,  9.305230992966E-01,NaN,NaN,  1.256608717082E-02,  4.084955741722E+15,  6.612802035772E+19,  2.067843814689E+20,  3.437388604875E+17,  4.625986909262E+20,  5.905832702897E+19,  9.970018134603E+15,  1.678757962978E+02,  1.214425555674E+01,  1.457296231510E+02,NaN,  9.999999999786E+00,NaN,  1.917590321062E-03,  3.962770000263E-02,NaN,  3.504050000000E+06,  4.266428405237E-07
  1.394121394060E-04,  3.598612474403E+03,  3.599999999810E+03,  4.853872904074E+02,  3.049306353553E+05,  1.724845362174E+05,  9.305230992558E-01,NaN,NaN,  1.200609662683E-02,  4.084955744174E+15,  6.612802035550E+19,  2.067843814710E+20,  3.437388607048E+17,  4.625986909255E+20,  5.905832702881E+19,  9.970018132455E+15,  1.678757962999E+02,  1.214425555744E+01,  1.457296231525E+02,NaN,  9.999999999678E+00,NaN,  1.917590320649E-03,  3.962770000261E-02,NaN,  3.504050000000E+06,  4.266428405518E-07
  2.032636244169E-04,  3.598435328146E+03,  3.599999999698E+03,  5.697242736029E+02,  3.048384418219E+05,  1.724845362174E+05,  9.305230992084E-01,NaN,NaN,  1.153473850894E-02,  4.084955747023E+15,  6.612802035292E+19,  2.067843814735E+20,  3.437388609573E+17,  4.625986909247E+20,  5.905832702872E+19,  9.970018130308E+15,  1.678757963023E+02,  1.214425555824E+01,  1.457296231542E+02,NaN,  9.999999999569E+00,NaN,  1.917590320236E-03,  3.962770000257E-02,NaN,  3.504050000000E+06,  4.266428405844E-07
  2.671151094277E-04,  3.598258412433E+03,  3.599999999568E+03,  6.571947498840E+02,  3.047463915774E+05,  1.724845362174E+05,  9.305230991536E-01,NaN,NaN,  1.113013451446E-02,  4.084955750317E+15,  6.612802034995E+19,  2.067843814764E+20,  3.437388612493E+17,  4.625986909238E+20,  5.905832702870E+19,  9.970018128160E+15,  1.678757963052E+02,  1.214425555918E+01,  1.457296231562E+02,NaN,  9.999999999460E+00,NaN,  1.917590319823E-03,  3.962770000253E-02,NaN,  3.504050000000E+06,  4.266428406221E-07
  3.673848161102E-04,  3.597981081571E+03,  3.599999999326E+03,  8.003107387866E+02,  3.046021416228E+05,  1.724845362174E+05,  9.305230990515E-01,NaN,NaN,  1.059520278746E-02,  4.084955756457E+15,  6.612802034441E+19,  2.067843814818E+20,  3.437388617936E+17,  4.625986909221E+20,  5.905832702883E+19,  9.970018122792E+15,  1.678757963106E+02,  1.214425556092E+01,  1.457296231600E+02,NaN,  9.999999999290E+00,NaN,  1.917590318791E-03,  3.962770000244E-02,NaN,  3.504050000000E+06,  4.266428406924E-07
  4.676545227927E-04,  3.597704360942E+03,  3.599999999035E+03,  9.498135733269E+02,  3.044582660845E+05,  1.724845362174E+05,  9.305230989289E-01,NaN,NaN,  1.015112887745E-02,  4.084955763825E+15,  6.612802033777E+19,  2.067843814882E+20,  3.437388624466E+17,  4.625986909201E+20,  5.905832702916E+19,  9.970018118497E+15,  1.678757963170E+02,  1.214425556301E+01,  1.457296231646E+02,NaN,  9.999999999120E+00,NaN,  1.917590317964E-03,  3.962770000233E-02,NaN,  3.504050000000E+06,  4.266428407767E-07
  6.370238069463E-04,  3.597238372397E+03,  3.599999998428E+03,  1.215216426473E+03,  3.042161130002E+05,  1.724845362174E+05,  9.305230986726E-01,NaN,NaN,  9.544661408510E-03,  4.084955779236E+15,  6.612802032390E+19,  2.067843815018E+20,  3.437388638124E+17,  4.625986909160E+20,  5.905832703021E+19,  9.970018105613E+15,  1.678757963307E+02,  1.214425556738E+01,  1.457296231742E+02,NaN,  9.999999998832E+00,NaN,  1.917590315486E-03,  3.962770000208E-02,NaN,  3.504050000000E+06,  4.266428409531E-07
  8.063930910999E-04,  3.596774215820E+03,  3.599999997668E+03,  1.494905705424E+03,  3.039750723086E+05,  1.724845362174E+05,  9.305230983519E-01,NaN,NaN,  9.062968795831E-03,  4.084955798522E+15,  6.612802030656E+19,  2.067843815189E+20,  3.437388655216E+17,  4.625986909109E+20,  5.905832703190E+19,  9.970018090581E+15,  1.678757963479E+02,  1.214425557286E+01,  1.457296231862E+02,NaN,  9.999999998544E+00,NaN,  1.917590312595E-03,  3.962770000176E-02,NaN,  3.504050000000E+06,  4.266428411737E-07
  1.146162884261E-03,  3.595848780433E+03,  3.599999995652E+03,  2.092509671884E+03,  3.034949628116E+05,  1.724845362174E+05,  9.305230975012E-01,NaN,NaN,  8.332149739779E-03,  4.084955849674E+15,  6.612802026062E+19,  2.067843815642E+20,  3.437388700548E+17,  4.625986908975E+20,  5.905832703735E+19,  9.970018050854E+15,  1.678757963938E+02,  1.214425558739E+01,  1.457296232182E+02,NaN,  9.999999997966E+00,NaN,  1.917590304954E-03,  3.962770000085E-02,NaN,  3.504050000000E+06,  4.266428417590E-07
  1.485932677422E-03,  3.594931160802E+03,  3.599999992945E+03,  2.730932840774E+03,  3.030195353986E+05,  1.724845362174E+05,  9.305230963590E-01,NaN,NaN,  7.795539561559E-03,  4.084955918364E+15,  6.612802019897E+19,  2.067843816253E+20,  3.437388761420E+17,  4.625986908796E+20,  5.905832704570E+19,  9.970017996095E+15,  1.678757964558E+02,  1.214425560690E+01,  1.457296232612E+02,NaN,  9.999999997389E+00,NaN,  1.917590294422E-03,  3.962769999959E-02,NaN,  3.504050000000E+06,  4.266428425450E-07
  1.825702470584E-03,  3.594021590062E+03,  3.599999989505E+03,  3.403144411641E+03,  3.025488940006E+05,  1.724845362174E+05,  9.305230949075E-01,NaN,NaN,  7.378258052610E-03,  4.084956005650E+15,  6.612802012067E+19,  2.067843817030E+20,  3.437388838772E+17,  4.625986908571E+20,  5.905832705712E+19,  9.970017929526E+15,  1.678757965347E+02,  1.214425563170E+01,  1.457296233159E+02,NaN,  9.999999996812E+00,NaN,  1.917590281619E-03,  3.962769999796E-02,NaN,  3.504050000000E+06,  4.266428435436E-07
  2.469896809782E-03,  3.592319797217E+03,  3.599999980852E+03,  4.752578274746E+03,  3.016699755743E+05,  1.724845362174E+05,  9.305230912564E-01,NaN,NaN,  6.787215149269E-03,  4.084956225222E+15,  6.612801992377E+19,  2.067843818987E+20,  3.437389033351E+17,  4.625986908005E+20,  5.905832708773E+19,  9.970017759881E+15,  1.678757967339E+02,  1.214425569408E+01,  1.457296234538E+02,NaN,  9.999999995717E+00,NaN,  1.917590248990E-03,  3.962769999377E-02,NaN,  3.504050000000E+06,  4.266428460558E-07
  3.114091148981E-03,  3.590648603506E+03,  3.599999969245E+03,  6.179222908416E+03,  3.008089428743E+05,  1.724845362174E+05,  9.305230863590E-01,NaN,NaN,  6.356096338249E-03,  4.084956519749E+15,  6.612801965976E+19,  2.067843821614E+20,  3.437389294350E+17,  4.625986907250E+20,  5.905832713073E+19,  9.970017530109E+15,  1.678757970016E+02,  1.214425577778E+01,  1.457296236390E+02,NaN,  9.999999994622E+00,NaN,  1.917590204796E-03,  3.962769998808E-02,NaN,  3.504050000000E+06,  4.266428494255E-07
  3.758285488179E-03,  3.589008724204E+03,  3.599999954534E+03,  7.664706842962E+03,  2.999660458614E+05,  1.724845362174E+05,  9.305230801517E-01,NaN,NaN,  6.022822311190E-03,  4.084956893052E+15,  6.612801932519E+19,  2.067843824946E+20,  3.437389625157E+17,  4.625986906294E+20,  5.905832718676E+19,  9.970017241283E+15,  1.678757973414E+02,  1.214425588386E+01,  1.457296238738E+02,NaN,  9.999999993527E+00,NaN,  1.917590149245E-03,  3.962769998080E-02,NaN,  3.504050000000E+06,  4.266428536964E-07
  4.402479827377E-03,  3.587400620363E+03,  3.599999936607E+03,  9.195240747320E+03,  2.991414034068E+05,  1.724845362174E+05,  9.305230725877E-01,NaN,NaN,  5.754838799579E-03,  4.084957347952E+15,  6.612801891755E+19,  2.067843829008E+20,  3.437390028269E+17,  4.625986905131E+20,  5.905832725628E+19,  9.970016889109E+15,  1.678757977557E+02,  1.214425601314E+01,  1.457296241601E+02,NaN,  9.999999992432E+00,NaN,  1.917590081509E-03,  3.962769997187E-02,NaN,  3.504050000000E+06,  4.266428589008E-07
  5.046674166576E-03,  3.585824573210E+03,  3.599999915382E+03,  1.075998999648E+04,  2.983350429444E+05,  1.724845362174E+05,  9.305230636320E-01,NaN,NaN,  5.533131270601E-03,  4.084957886555E+15,  6.612801843494E+19,  2.067843833819E+20,  3.437390505554E+17,  4.625986903755E+20,  5.905832733965E+19,  9.970016471439E+15,  1.678757982467E+02,  1.214425616620E+01,  1.457296244991E+02,NaN,  9.999999991337E+00,NaN,  1.917590001176E-03,  3.962769996127E-02,NaN,  3.504050000000E+06,  4.266428650629E-07
  5.690868505774E-03,  3.584280731022E+03,  3.599999890796E+03,  1.235016903178E+04,  2.975469254838E+05,  1.724845362174E+05,  9.305230532582E-01,NaN,NaN,  5.345713964312E-03,  4.084958510439E+15,  6.612801787597E+19,  2.067843839392E+20,  3.437391058409E+17,  4.625986902163E+20,  5.905832743712E+19,  9.970015987200E+15,  1.678757988156E+02,  1.214425634351E+01,  1.457296248919E+02,NaN,  9.999999990242E+00,NaN,  1.917589908040E-03,  3.962769994894E-02,NaN,  3.504050000000E+06,  4.266428722005E-07
  6.335062844973E-03,  3.582769136974E+03,  3.599999862805E+03,  1.395849377992E+04,  2.967769605683E+05,  1.724845362174E+05,  9.305230414473E-01,NaN,NaN,  5.184588654833E-03,  4.084959220759E+15,  6.612801723959E+19,  2.067843845739E+20,  3.437391687859E+17,  4.625986900351E+20,  5.905832754889E+19,  9.970015436391E+15,  1.678757994635E+02,  1.214425654539E+01,  1.457296253392E+02,NaN,  9.999999989147E+00,NaN,  1.917589802100E-03,  3.962769993488E-02,NaN,  3.504050000000E+06,  4.266428803271E-07
  6.979257184171E-03,  3.581289747165E+03,  3.599999831375E+03,  1.557882794709E+04,  2.960250160074E+05,  1.724845362174E+05,  9.305230281859E-01,NaN,NaN,  5.044176233992E-03,  4.084960018316E+15,  6.612801652508E+19,  2.067843852866E+20,  3.437392394614E+17,  4.625986898318E+20,  5.905832767508E+19,  9.970014817939E+15,  1.678758001913E+02,  1.214425677206E+01,  1.457296258415E+02,NaN,  9.999999988053E+00,NaN,  1.917589683149E-03,  3.962769991906E-02,NaN,  3.504050000000E+06,  4.266428894516E-07
  7.623451523370E-03,  3.579842443962E+03,  3.599999796488E+03,  1.720594153356E+04,  2.952909250896E+05,  1.724845362174E+05,  9.305230134656E-01,NaN,NaN,  4.920444513080E-03,  4.084960903611E+15,  6.612801573199E+19,  2.067843860778E+20,  3.437393179117E+17,  4.625986896062E+20,  5.905832781578E+19,  9.970014131843E+15,  1.678758009992E+02,  1.214425702367E+01,  1.457296263991E+02,NaN,  9.999999986958E+00,NaN,  1.917589551189E-03,  3.962769990147E-02,NaN,  3.504050000000E+06,  4.266428995800E-07
  8.609051066264E-03,  3.577689773711E+03,  3.599999736404E+03,  1.969845845153E+04,  2.942018832533E+05,  1.724845362174E+05,  9.305229881132E-01,NaN,NaN,  4.756810972709E-03,  4.084962428335E+15,  6.612801436613E+19,  2.067843874406E+20,  3.437394530246E+17,  4.625986892177E+20,  5.905832805921E+19,  9.970012948624E+15,  1.678758023911E+02,  1.214425745702E+01,  1.457296273595E+02,NaN,  9.999999985283E+00,NaN,  1.917589323613E-03,  3.962769987114E-02,NaN,  3.504050000000E+06,  4.266429170237E-07
  9.594650609159E-03,  3.575610898396E+03,  3.599999668210E+03,  2.218300114814E+04,  2.931533688807E+05,  1.724845362174E+05,  9.305229593396E-01,NaN,NaN,  4.617627368580E-03,  4.084964158823E+15,  6.612801281600E+19,  2.067843889875E+20,  3.437396063712E+17,  4.625986887770E+20,  5.905832833666E+19,  9.970011606497E+15,  1.678758039712E+02,  1.214425794885E+01,  1.457296284496E+02,NaN,  9.999999983608E+00,NaN,  1.917589065474E-03,  3.962769983666E-02,NaN,  3.504050000000E+06,  4.266429368215E-07
  1.058025015205E-02,  3.573604715630E+03,  3.599999591951E+03,  2.464865784592E+04,  2.921444868581E+05,  1.724845362174E+05,  9.305229271625E-01,NaN,NaN,  4.497546326574E-03,  4.084966094000E+15,  6.612801108256E+19,  2.067843907175E+20,  3.437397778560E+17,  4.625986882844E+20,  5.905832864796E+19,  9.970010106536E+15,  1.678758057384E+02,  1.214425849886E+01,  1.457296296688E+02,NaN,  9.999999981932E+00,NaN,  1.917588776978E-03,  3.962769979807E-02,NaN,  3.504050000000E+06,  4.266429589610E-07
  1.156584969495E-02,  3.571669921183E+03,  3.599999507703E+03,  2.708657378542E+04,  2.911742605669E+05,  1.724845362174E+05,  9.305228916147E-01,NaN,NaN,  4.392739529507E-03,  4.084968231901E+15,  6.612800916757E+19,  2.067843926288E+20,  3.437399673051E+17,  4.625986877402E+20,  5.905832899279E+19,  9.970008448741E+15,  1.678758076910E+02,  1.214425910649E+01,  1.457296310158E+02,NaN,  9.999999980257E+00,NaN,  1.917588458125E-03,  3.962769975539E-02,NaN,  3.504050000000E+06,  4.266429834198E-07
  1.255144923784E-02,  3.569805060998E+03,  3.599999415571E+03,  2.948954587475E+04,  2.902416584651E+05,  1.724845362174E+05,  9.305228527401E-01,NaN,NaN,  4.300381217920E-03,  4.084970569884E+15,  6.612800707339E+19,  2.067843947191E+20,  3.437401744842E+17,  4.625986871452E+20,  5.905832937071E+19,  9.970006635259E+15,  1.678758098267E+02,  1.214425977100E+01,  1.457296324890E+02,NaN,  9.999999978582E+00,NaN,  1.917588109328E-03,  3.962769970868E-02,NaN,  3.504050000000E+06,  4.266430101676E-07
  1.353704878074E-02,  3.568008572970E+03,  3.599999315679E+03,  3.185171622657E+04,  2.893456150323E+05,  1.724845362174E+05,  9.305228105912E-01,NaN,NaN,  4.218332174599E-03,  4.084973104788E+15,  6.612800480286E+19,  2.067843969856E+20,  3.437403991132E+17,  4.625986865002E+20,  5.905832978120E+19,  9.970004670385E+15,  1.678758121424E+02,  1.214426049147E+01,  1.457296340862E+02,NaN,  9.999999976907E+00,NaN,  1.917587731413E-03,  3.962769965801E-02,NaN,  3.504050000000E+06,  4.266430391683E-07
  1.452264832363E-02,  3.566278813138E+03,  3.599999208167E+03,  3.416834432181E+04,  2.884850435718E+05,  1.724845362174E+05,  9.305227652275E-01,NaN,NaN,  4.144937717479E-03,  4.084975833036E+15,  6.612800235918E+19,  2.067843994250E+20,  3.437406408753E+17,  4.625986858061E+20,  5.905833022366E+19,  9.970002554119E+15,  1.678758146349E+02,  1.214426126691E+01,  1.457296358054E+02,NaN,  9.999999975232E+00,NaN,  1.917587324379E-03,  3.962769960345E-02,NaN,  3.504050000000E+06,  4.266430703809E-07
  1.550824786653E-02,  3.564614073684E+03,  3.599999093191E+03,  3.643563178701E+04,  2.876588447126E+05,  1.724845362174E+05,  9.305227167142E-01,NaN,NaN,  4.078894056241E-03,  4.084978750708E+15,  6.612799974586E+19,  2.067844020339E+20,  3.437408994230E+17,  4.625986850639E+20,  5.905833069745E+19,  9.970000289683E+15,  1.678758173006E+02,  1.214426209618E+01,  1.457296376440E+02,NaN,  9.999999973557E+00,NaN,  1.917586888847E-03,  3.962769954508E-02,NaN,  3.504050000000E+06,  4.266431037607E-07
  1.708019795816E-02,  3.562089146605E+03,  3.599998894780E+03,  3.994246823722E+04,  2.864095211908E+05,  1.724845362174E+05,  9.305226329958E-01,NaN,NaN,  3.986256968092E-03,  4.084983785685E+15,  6.612799523616E+19,  2.067844065362E+20,  3.437413455943E+17,  4.625986837832E+20,  5.905833151619E+19,  9.969996385704E+15,  1.678758219012E+02,  1.214426352725E+01,  1.457296408169E+02,NaN,  9.999999970885E+00,NaN,  1.917586137973E-03,  3.962769944430E-02,NaN,  3.504050000000E+06,  4.266431613634E-07
  1.865214804979E-02,  3.559717876975E+03,  3.599998678517E+03,  4.330763651750E+04,  2.852403650071E+05,  1.724845362174E+05,  9.305225417450E-01,NaN,NaN,  3.906455768016E-03,  4.084989273672E+15,  6.612799032076E+19,  2.067844114436E+20,  3.437418319087E+17,  4.625986823874E+20,  5.905833240986E+19,  9.969992129551E+15,  1.678758269160E+02,  1.214426508708E+01,  1.457296442754E+02,NaN,  9.999999968214E+00,NaN,  1.917585319363E-03,  3.962769933439E-02,NaN,  3.504050000000E+06,  4.266432241489E-07
  2.022409814142E-02,  3.557492893345E+03,  3.599998445155E+03,  4.652587322405E+04,  2.841469697450E+05,  1.724845362174E+05,  9.305224432795E-01,NaN,NaN,  3.837076130502E-03,  4.084995195569E+15,  6.612798501676E+19,  2.067844167393E+20,  3.437423566736E+17,  4.625986808814E+20,  5.905833337528E+19,  9.969987538403E+15,  1.678758323277E+02,  1.214426677024E+01,  1.457296480075E+02,NaN,  9.999999965542E+00,NaN,  1.917584436321E-03,  3.962769921576E-02,NaN,  3.504050000000E+06,  4.266432918985E-07
  2.299513337830E-02,  3.553904600075E+03,  3.599997994495E+03,  5.183445453709E+04,  2.823910090414E+05,  1.724845362174E+05,  9.305222531268E-01,NaN,NaN,  3.734818052805E-03,  4.085006631709E+15,  6.612797477400E+19,  2.067844269663E+20,  3.437433700795E+17,  4.625986779735E+20,  5.905833524202E+19,  9.969978667481E+15,  1.678758427792E+02,  1.214427002071E+01,  1.457296552149E+02,NaN,  9.999999960832E+00,NaN,  1.917582730126E-03,  3.962769898655E-02,NaN,  3.504050000000E+06,  4.266434227339E-07
  2.576616861517E-02,  3.550708833575E+03,  3.599997497339E+03,  5.667997117407E+04,  2.808347842915E+05,  1.724845362174E+05,  9.305220433552E-01,NaN,NaN,  3.652302277538E-03,  4.085019247774E+15,  6.612796347456E+19,  2.067844382489E+20,  3.437444880436E+17,  4.625986747658E+20,  5.905833730389E+19,  9.969968883912E+15,  1.678758543097E+02,  1.214427360655E+01,  1.457296631662E+02,NaN,  9.999999956123E+00,NaN,  1.917580848397E-03,  3.962769873360E-02,NaN,  3.504050000000E+06,  4.266435670682E-07
  2.781349658176E-02,  3.548577480285E+03,  3.599997102648E+03,  5.997064221261E+04,  2.798008815976E+05,  1.724845362174E+05,  9.305218768179E-01,NaN,NaN,  3.601135588313E-03,  4.085029263651E+15,  6.612795450401E+19,  2.067844472062E+20,  3.437453755938E+17,  4.625986722195E+20,  5.905833894215E+19,  9.969961115681E+15,  1.678758634642E+02,  1.214427645336E+01,  1.457296694788E+02,NaN,  9.999999952643E+00,NaN,  1.917579354289E-03,  3.962769853272E-02,NaN,  3.504050000000E+06,  4.266436816551E-07
  2.986082454835E-02,  3.546625224253E+03,  3.599996686518E+03,  6.302491721687E+04,  2.788566503600E+05,  1.724845362174E+05,  9.305217012349E-01,NaN,NaN,  3.556690772682E-03,  4.085039823558E+15,  6.612794504625E+19,  2.067844566503E+20,  3.437463113531E+17,  4.625986695349E+20,  5.905834067039E+19,  9.969952927633E+15,  1.678758731162E+02,  1.214427945480E+01,  1.457296761344E+02,NaN,  9.999999949163E+00,NaN,  1.917577779435E-03,  3.962769832090E-02,NaN,  3.504050000000E+06,  4.266438024660E-07
  3.190815251493E-02,  3.544838492498E+03,  3.599996250500E+03,  6.585300217001E+04,  2.779948105857E+05,  1.724845362174E+05,  9.305215172599E-01,NaN,NaN,  3.517874295408E-03,  4.085050888178E+15,  6.612793513649E+19,  2.067844665458E+20,  3.437472918373E+17,  4.625986667222E+20,  5.905834248210E+19,  9.969944345537E+15,  1.678758832297E+02,  1.214428259970E+01,  1.457296831082E+02,NaN,  9.999999945684E+00,NaN,  1.917576128791E-03,  3.962769809891E-02,NaN,  3.504050000000E+06,  4.266439290511E-07
  3.395548048152E-02,  3.543204433108E+03,  3.599995796077E+03,  6.846623548624E+04,  2.772085605268E+05,  1.724845362174E+05,  9.305213255191E-01,NaN,NaN,  3.483815383976E-03,  4.085062419854E+15,  6.612792480846E+19,  2.067844768591E+20,  3.437483137096E+17,  4.625986637908E+20,  5.905834437105E+19,  9.969935402676E+15,  1.678758937704E+02,  1.214428587735E+01,  1.457296903765E+02,NaN,  9.999999942204E+00,NaN,  1.917574408760E-03,  3.962769786752E-02,NaN,  3.504050000000E+06,  4.266440609796E-07
  3.600280844811E-02,  3.541710910710E+03,  3.599995324665E+03,  7.087666259241E+04,  2.764915547426E+05,  1.724845362174E+05,  9.305211266100E-01,NaN,NaN,  3.453810177526E-03,  4.085074382651E+15,  6.612791409433E+19,  2.067844875581E+20,  3.437493737856E+17,  4.625986607499E+20,  5.905834633129E+19,  9.969926124821E+15,  1.678759047054E+02,  1.214428927755E+01,  1.457296979165E+02,NaN,  9.999999938725E+00,NaN,  1.917572624297E-03,  3.962769762745E-02,NaN,  3.504050000000E+06,  4.266441978404E-07
  3.805013641470E-02,  3.540346564379E+03,  3.599994837599E+03,  7.309659274893E+04,  2.758379145537E+05,  1.724845362174E+05,  9.305209210962E-01,NaN,NaN,  3.427283517661E-03,  4.085086742665E+15,  6.612790302448E+19,  2.067844986125E+20,  3.437504690611E+17,  4.625986576082E+20,  5.905834835723E+19,  9.969916538814E+15,  1.678759160036E+02,  1.214429279065E+01,  1.457297057069E+02,NaN,  9.999999935245E+00,NaN,  1.917570780566E-03,  3.962769737938E-02,NaN,  3.504050000000E+06,  4.266443392457E-07
  4.009746438128E-02,  3.539100833811E+03,  3.599994336130E+03,  7.513826938242E+04,  2.752422252455E+05,  1.724845362174E+05,  9.305207095045E-01,NaN,NaN,  3.403760984131E-03,  4.085099468219E+15,  6.612789162727E+19,  2.067845099938E+20,  3.437515967289E+17,  4.625986543736E+20,  5.905835044362E+19,  9.969906671496E+15,  1.678759276361E+02,  1.214429640765E+01,  1.457297137278E+02,NaN,  9.999999931765E+00,NaN,  1.917568882729E-03,  3.962769712396E-02,NaN,  3.504050000000E+06,  4.266444848330E-07
  4.214479234787E-02,  3.537963926326E+03,  3.599993821419E+03,  7.701368925332E+04,  2.746995069690E+05,  1.724845362174E+05,  9.305204923257E-01,NaN,NaN,  3.382847412158E-03,  4.085112529801E+15,  6.612787992913E+19,  2.067845216757E+20,  3.437527541740E+17,  4.625986510536E+20,  5.905835258558E+19,  9.969896542196E+15,  1.678759395760E+02,  1.214430012017E+01,  1.457297219606E+02,NaN,  9.999999928286E+00,NaN,  1.917566934503E-03,  3.962769686177E-02,NaN,  3.504050000000E+06,  4.266446342648E-07
  4.623944828105E-02,  3.535980928926E+03,  3.599992756530E+03,  8.031193018842E+04,  2.737550197867E+05,  1.724845362174E+05,  9.305200430029E-01,NaN,NaN,  3.347568353852E-03,  4.085139553003E+15,  6.612785572681E+19,  2.067845458447E+20,  3.437551488218E+17,  4.625986441851E+20,  5.905835701836E+19,  9.969875584615E+15,  1.678759642787E+02,  1.214430780103E+01,  1.457297389935E+02,NaN,  9.999999921327E+00,NaN,  1.917562903612E-03,  3.962769631928E-02,NaN,  3.504050000000E+06,  4.266449434255E-07
  4.957503791187E-02,  3.534615690831E+03,  3.599991858474E+03,  8.260232739848E+04,  2.731063278210E+05,  1.724845362174E+05,  9.305196640745E-01,NaN,NaN,  3.324118251237E-03,  4.085162342551E+15,  6.612783531626E+19,  2.067845662273E+20,  3.437571683075E+17,  4.625986383928E+20,  5.905836075771E+19,  9.969857910414E+15,  1.678759851117E+02,  1.214431427856E+01,  1.457297533579E+02,NaN,  9.999999915657E+00,NaN,  1.917559504232E-03,  3.962769586173E-02,NaN,  3.504050000000E+06,  4.266452041510E-07
  5.291062754269E-02,  3.533442316791E+03,  3.599990936917E+03,  8.458337076751E+04,  2.725498098684E+05,  1.724845362174E+05,  9.305192752299E-01,NaN,NaN,  3.304481743810E-03,  4.085185728482E+15,  6.612781437161E+19,  2.067845871434E+20,  3.437592406426E+17,  4.625986324490E+20,  5.905836459569E+19,  9.969839775595E+15,  1.678760064900E+02,  1.214432092561E+01,  1.457297680984E+02,NaN,  9.999999909988E+00,NaN,  1.917556016259E-03,  3.962769539218E-02,NaN,  3.504050000000E+06,  4.266454716999E-07
  5.624621717352E-02,  3.532434474428E+03,  3.599989995052E+03,  8.629400312967E+04,  2.720725408614E+05,  1.724845362174E+05,  9.305188778162E-01,NaN,NaN,  3.287982667722E-03,  4.085209629788E+15,  6.612779296541E+19,  2.067846085205E+20,  3.437613586487E+17,  4.625986263743E+20,  5.905836851890E+19,  9.969821239211E+15,  1.678760283397E+02,  1.214432771915E+01,  1.457297831638E+02,NaN,  9.999999904319E+00,NaN,  1.917552451051E-03,  3.962769491225E-02,NaN,  3.504050000000E+06,  4.266457451452E-07
  5.958180680434E-02,  3.531569267599E+03,  3.599989035662E+03,  8.776907569527E+04,  2.716633567271E+05,  1.724845362174E+05,  9.305184730083E-01,NaN,NaN,  3.274080575554E-03,  4.085233975799E+15,  6.612777116096E+19,  2.067846302955E+20,  3.437635160634E+17,  4.625986201866E+20,  5.905837251567E+19,  9.969802358169E+15,  1.678760505961E+02,  1.214433463910E+01,  1.457297985095E+02,NaN,  9.999999898650E+00,NaN,  1.917548819553E-03,  3.962769442337E-02,NaN,  3.504050000000E+06,  4.266460236785E-07
  6.291739643516E-02,  3.530826842042E+03,  3.599988061171E+03,  8.903952177666E+04,  2.713126312282E+05,  1.724845362174E+05,  9.305180618282E-01,NaN,NaN,  3.262339178660E-03,  4.085258705059E+15,  6.612774901329E+19,  2.067846524133E+20,  3.437657074409E+17,  4.625986139016E+20,  5.905837657581E+19,  9.969783179712E+15,  1.678760732029E+02,  1.214434166799E+01,  1.457298140968E+02,NaN,  9.999999892981E+00,NaN,  1.917545130851E-03,  3.962769392678E-02,NaN,  3.504050000000E+06,  4.266463065967E-07
  6.625298606599E-02,  3.530190014698E+03,  3.599987073678E+03,  9.013262765596E+04,  2.710120734320E+05,  1.724845362174E+05,  9.305176451623E-01,NaN,NaN,  3.252403212210E-03,  4.085283764251E+15,  6.612772657015E+19,  2.067846748262E+20,  3.437679280566E+17,  4.625986075328E+20,  5.905838069053E+19,  9.969763746787E+15,  1.678760961115E+02,  1.214434879067E+01,  1.457298298922E+02,NaN,  9.999999887312E+00,NaN,  1.917541393206E-03,  3.962769342354E-02,NaN,  3.504050000000E+06,  4.266465932899E-07
  6.958857569681E-02,  3.529643936497E+03,  3.599986075003E+03,  9.107234643848E+04,  2.707545481447E+05,  1.724845362174E+05,  9.305172237783E-01,NaN,NaN,  3.243981222391E-03,  4.085309107205E+15,  6.612770387288E+19,  2.067846974930E+20,  3.437701738194E+17,  4.625986010919E+20,  5.905838485217E+19,  9.969744092680E+15,  1.678761192796E+02,  1.214435599401E+01,  1.457298458664E+02,NaN,  9.999999881643E+00,NaN,  1.917537613020E-03,  3.962769291459E-02,NaN,  3.504050000000E+06,  4.266468832299E-07
  7.625975495846E-02,  3.528774544221E+03,  3.599984050183E+03,  9.257268645674E+04,  2.703449175283E+05,  1.724845362174E+05,  9.305163694194E-01,NaN,NaN,  3.230757759020E-03,  4.085360490239E+15,  6.612765785404E+19,  2.067847434501E+20,  3.437747271249E+17,  4.625985880330E+20,  5.905839329076E+19,  9.969704244394E+15,  1.678761662534E+02,  1.214437059885E+01,  1.457298782543E+02,NaN,  9.999999870305E+00,NaN,  1.917529948772E-03,  3.962769188265E-02,NaN,  3.504050000000E+06,  4.266474710865E-07
  8.293093422010E-02,  3.528136044392E+03,  3.599981996870E+03,  9.367746075650E+04,  2.700443335174E+05,  1.724845362174E+05,  9.305155030377E-01,NaN,NaN,  3.221191073812E-03,  4.085412596368E+15,  6.612761118762E+19,  2.067847900541E+20,  3.437793445137E+17,  4.625985747905E+20,  5.905840184895E+19,  9.969663836710E+15,  1.678762138885E+02,  1.214438540925E+01,  1.457299110981E+02,NaN,  9.999999858966E+00,NaN,  1.917522176932E-03,  3.962769083615E-02,NaN,  3.504050000000E+06,  4.266480672173E-07
  8.960211348175E-02,  3.527667320279E+03,  3.599979922593E+03,  9.448955809484E+04,  2.698237788200E+05,  1.724845362174E+05,  9.305146278108E-01,NaN,NaN,  3.214248598907E-03,  4.085465234502E+15,  6.612756404477E+19,  2.067848371340E+20,  3.437840090523E+17,  4.625985614128E+20,  5.905841049514E+19,  9.969623014576E+15,  1.678762620101E+02,  1.214440037089E+01,  1.457299442773E+02,NaN,  9.999999847628E+00,NaN,  1.917514325379E-03,  3.962768977894E-02,NaN,  3.504050000000E+06,  4.266486694360E-07
  9.627329274340E-02,  3.527323283911E+03,  3.599977832917E+03,  9.508573606367E+04,  2.696619174956E+05,  1.724845362174E+05,  9.305137460861E-01,NaN,NaN,  3.209199596673E-03,  4.085518263451E+15,  6.612751655192E+19,  2.067848845635E+20,  3.437887082295E+17,  4.625985479358E+20,  5.905841920598E+19,  9.969581889659E+15,  1.678763104892E+02,  1.214441544365E+01,  1.457299777028E+02,NaN,  9.999999836290E+00,NaN,  1.917506415590E-03,  3.962768871387E-02,NaN,  3.504050000000E+06,  4.266492761275E-07
  1.014012474720E-01,  3.527122435161E+03,  3.599976218784E+03,  9.543352101876E+04,  2.695674091902E+05,  1.724845362174E+05,  9.305130650139E-01,NaN,NaN,  3.206272680218E-03,  4.085559224712E+15,  6.612747986694E+19,  2.067849211996E+20,  3.437923380291E+17,  4.625985375258E+20,  5.905842593474E+19,  9.969550123125E+15,  1.678763479361E+02,  1.214442708634E+01,  1.457300035218E+02,NaN,  9.999999827575E+00,NaN,  1.917500305751E-03,  3.962768789115E-02,NaN,  3.504050000000E+06,  4.266497447566E-07
  1.065292022006E-01,  3.526964060838E+03,  3.599974599408E+03,  9.570736847855E+04,  2.694928616207E+05,  1.724845362174E+05,  9.305123817291E-01,NaN,NaN,  3.203977571120E-03,  4.085600319060E+15,  6.612744306276E+19,  2.067849579548E+20,  3.437959796261E+17,  4.625985270820E+20,  5.905843268552E+19,  9.969518255663E+15,  1.678763855047E+02,  1.214443876688E+01,  1.457300294247E+02,NaN,  9.999999818859E+00,NaN,  1.917494176501E-03,  3.962768706576E-02,NaN,  3.504050000000E+06,  4.266502149092E-07
  1.167851116579E-01,  3.526740522638E+03,  3.599971349155E+03,  9.609251644459E+04,  2.693875454338E+05,  1.724845362174E+05,  9.305110103071E-01,NaN,NaN,  3.200764042313E-03,  4.085682799639E+15,  6.612736919301E+19,  2.067850317262E+20,  3.438032886972E+17,  4.625985061201E+20,  5.905844623537E+19,  9.969454292040E+15,  1.678764609088E+02,  1.214446221097E+01,  1.457300814146E+02,NaN,  9.999999801429E+00,NaN,  1.917481874014E-03,  3.962768540910E-02,NaN,  3.504050000000E+06,  4.266511585566E-07
  1.270410211151E-01,  3.526601072743E+03,  3.599968088543E+03,  9.633079337428E+04,  2.693217036433E+05,  1.724845362174E+05,  9.305096345137E-01,NaN,NaN,  3.198784683099E-03,  4.085765543185E+15,  6.612729508776E+19,  2.067851057329E+20,  3.438106210869E+17,  4.625984850914E+20,  5.905845982876E+19,  9.969390123340E+15,  1.678765365536E+02,  1.214448572987E+01,  1.457301335702E+02,NaN,  9.999999783998E+00,NaN,  1.917469532082E-03,  3.962768374713E-02,NaN,  3.504050000000E+06,  4.266521052163E-07
  1.372969305724E-01,  3.526513775219E+03,  3.599964821523E+03,  9.647785920638E+04,  2.692803337659E+05,  1.724845362174E+05,  9.305082560171E-01,NaN,NaN,  3.197566747579E-03,  4.085848449363E+15,  6.612722083687E+19,  2.067851798850E+20,  3.438179679043E+17,  4.625984640213E+20,  5.905847344907E+19,  9.969325827943E+15,  1.678766123471E+02,  1.214450929506E+01,  1.457301858283E+02,NaN,  9.999999766567E+00,NaN,  1.917457165783E-03,  3.962768208188E-02,NaN,  3.504050000000E+06,  4.266530537405E-07
  1.475528400296E-01,  3.526458779366E+03,  3.599961550556E+03,  9.656838561912E+04,  2.692541170401E+05,  1.724845362174E+05,  9.305068758546E-01,NaN,NaN,  3.196818886602E-03,  4.085931455795E+15,  6.612714649619E+19,  2.067852541268E+20,  3.438253236215E+17,  4.625984429257E+20,  5.905848708601E+19,  9.969261457387E+15,  1.678766882323E+02,  1.214453288881E+01,  1.457302381496E+02,NaN,  9.999999749136E+00,NaN,  1.917444785028E-03,  3.962768041461E-02,NaN,  3.504050000000E+06,  4.266540034156E-07
  1.605267446852E-01,  3.526416848691E+03,  3.599957409376E+03,  9.663449794114E+04,  2.692339164791E+05,  1.724845362174E+05,  9.305051285122E-01,NaN,NaN,  3.196274223576E-03,  4.086036545433E+15,  6.612705237777E+19,  2.067853481201E+20,  3.438346362921E+17,  4.625984162177E+20,  5.905850435108E+19,  9.969179961292E+15,  1.678767843064E+02,  1.214456275958E+01,  1.457303043906E+02,NaN,  9.999999727086E+00,NaN,  1.917429110420E-03,  3.962767830377E-02,NaN,  3.504050000000E+06,  4.266552057496E-07
  1.762186445392E-01,  3.526388956357E+03,  3.599952397918E+03,  9.667447833241E+04,  2.692201872776E+05,  1.724845362174E+05,  9.305030139614E-01,NaN,NaN,  3.195946436821E-03,  4.086163720047E+15,  6.612693848002E+19,  2.067854618665E+20,  3.438459060888E+17,  4.625983838969E+20,  5.905852524463E+19,  9.969081339656E+15,  1.678769005709E+02,  1.214459890794E+01,  1.457303845524E+02,NaN,  9.999999700417E+00,NaN,  1.917410141959E-03,  3.962767574930E-02,NaN,  3.504050000000E+06,  4.266566607668E-07
  1.919105443931E-01,  3.526373585409E+03,  3.599947385032E+03,  9.669251840915E+04,  2.692123298805E+05,  1.724845362174E+05,  9.305008988084E-01,NaN,NaN,  3.195800083620E-03,  4.086290931024E+15,  6.612682454970E+19,  2.067855756453E+20,  3.438571791451E+17,  4.625983515667E+20,  5.905854614428E+19,  9.968982687957E+15,  1.678770168688E+02,  1.214463506678E+01,  1.457304647372E+02,NaN,  9.999999673747E+00,NaN,  1.917391167717E-03,  3.962767319408E-02,NaN,  3.504050000000E+06,  4.266581162090E-07
  2.121427838143E-01,  3.526362223155E+03,  3.599940920839E+03,  9.670095958189E+04,  2.692061642883E+05,  1.724845362174E+05,  9.304981712861E-01,NaN,NaN,  3.195733854210E-03,  4.086454971740E+15,  6.612667763462E+19,  2.067857223651E+20,  3.438717159977E+17,  4.625983098761E+20,  5.905857309489E+19,  9.968855476870E+15,  1.678771668372E+02,  1.214468169443E+01,  1.457305681367E+02,NaN,  9.999999639361E+00,NaN,  1.917366700484E-03,  3.962766989906E-02,NaN,  3.504050000000E+06,  4.266599930396E-07
  2.245290733085E-01,  3.526357514720E+03,  3.599936963247E+03,  9.670218850310E+04,  2.692034436133E+05,  1.724845362174E+05,  9.304965014071E-01,NaN,NaN,  3.195725852721E-03,  4.086555402979E+15,  6.612658768827E+19,  2.067858121919E+20,  3.438806159780E+17,  4.625982843517E+20,  5.905858959503E+19,  9.968777594854E+15,  1.678772586530E+02,  1.214471024157E+01,  1.457306314414E+02,NaN,  9.999999618310E+00,NaN,  1.917351720993E-03,  3.962766788173E-02,NaN,  3.504050000000E+06,  4.266611421058E-07
  2.369153628027E-01,  3.526353583820E+03,  3.599933005636E+03,  9.670205488434E+04,  2.692010875427E+05,  1.724845362174E+05,  9.304948315201E-01,NaN,NaN,  3.195729108320E-03,  4.086655834791E+15,  6.612649774141E+19,  2.067859020192E+20,  3.438895160322E+17,  4.625982588270E+20,  5.905860609531E+19,  9.968699713911E+15,  1.678773504694E+02,  1.214473878896E+01,  1.457306947465E+02,NaN,  9.999999597258E+00,NaN,  1.917336741708E-03,  3.962766586438E-02,NaN,  3.504050000000E+06,  4.266622911841E-07
  2.493016522969E-01,  3.526350043316E+03,  3.599929048054E+03,  9.670123721199E+04,  2.691989145472E+05,  1.724845362174E+05,  9.304931616453E-01,NaN,NaN,  3.195738015462E-03,  4.086756265959E+15,  6.612640779512E+19,  2.067859918459E+20,  3.438984160526E+17,  4.625982333024E+20,  5.905862259555E+19,  9.968621831895E+15,  1.678774422854E+02,  1.214476733626E+01,  1.457307580511E+02,NaN,  9.999999576207E+00,NaN,  1.917321762217E-03,  3.962766384702E-02,NaN,  3.504050000000E+06,  4.266634402607E-07
  2.740742312852E-01,  3.526343595328E+03,  3.599921133043E+03,  9.669849289164E+04,  2.691948654352E+05,  1.724845362174E+05,  9.304898219603E-01,NaN,NaN,  3.195764992430E-03,  4.086957124667E+15,  6.612622790580E+19,  2.067861714961E+20,  3.439162158415E+17,  4.625981822540E+20,  5.905865559558E+19,  9.968466072157E+15,  1.678776259142E+02,  1.214482443011E+01,  1.457308846582E+02,NaN,  9.999999534104E+00,NaN,  1.917291804060E-03,  3.962765981237E-02,NaN,  3.504050000000E+06,  4.266657383890E-07
  2.988468102736E-01,  3.526337569642E+03,  3.599913218289E+03,  9.669500905043E+04,  2.691910144166E+05,  1.724845362174E+05,  9.304864823836E-01,NaN,NaN,  3.195798080470E-03,  4.087157977211E+15,  6.612604802200E+19,  2.067863511407E+20,  3.439340151772E+17,  4.625981312068E+20,  5.905868859480E+19,  9.968310318862E+15,  1.678778095377E+02,  1.214488152257E+01,  1.457310112613E+02,NaN,  9.999999492002E+00,NaN,  1.917261847143E-03,  3.962765577779E-02,NaN,  3.504050000000E+06,  4.266680364693E-07
  3.356119218652E-01,  3.526328829911E+03,  3.599901472505E+03,  9.668948395653E+04,  2.691853944447E+05,  1.724845362174E+05,  9.304815263302E-01,NaN,NaN,  3.195850119901E-03,  4.087456050340E+15,  6.612578106731E+19,  2.067866177405E+20,  3.439604302673E+17,  4.625980554501E+20,  5.905873756734E+19,  9.968079176685E+15,  1.678780820430E+02,  1.214496625071E+01,  1.457311991453E+02,NaN,  9.999999429517E+00,NaN,  1.917217390252E-03,  3.962764979026E-02,NaN,  3.504050000000E+06,  4.266714469526E-07
  3.723770334567E-01,  3.526320140500E+03,  3.599889727396E+03,  9.668387198205E+04,  2.691797982503E+05,  1.724845362174E+05,  9.304765705611E-01,NaN,NaN,  3.195902880441E-03,  4.087754107136E+15,  6.612551412725E+19,  2.067868843257E+20,  3.439868441146E+17,  4.625979796969E+20,  5.905878653764E+19,  9.967848048466E+15,  1.678783545341E+02,  1.214505097502E+01,  1.457313870191E+02,NaN,  9.999999367032E+00,NaN,  1.917172936047E-03,  3.962764380297E-02,NaN,  3.504050000000E+06,  4.266748572983E-07
  4.091421450482E-01,  3.526311417395E+03,  3.599877982970E+03,  9.667832036381E+04,  2.691741864423E+05,  1.724845362174E+05,  9.304716150808E-01,NaN,NaN,  3.195955145422E-03,  4.088052147333E+15,  6.612524720206E+19,  2.067871508961E+20,  3.440132566953E+17,  4.625979039473E+20,  5.905883550567E+19,  9.967616936353E+15,  1.678786270109E+02,  1.214513569542E+01,  1.457315748824E+02,NaN,  9.999999304548E+00,NaN,  1.917128484939E-03,  3.962763781593E-02,NaN,  3.504050000000E+06,  4.266782675033E-07
  4.459072566397E-01,  3.526302687145E+03,  3.599866239226E+03,  9.667278256984E+04,  2.691685714697E+05,  1.724845362174E+05,  9.304666598879E-01,NaN,NaN,  3.196007299321E-03,  4.088350171014E+15,  6.612498029166E+19,  2.067874174516E+20,  3.440396680169E+17,  4.625978282012E+20,  5.905888447144E+19,  9.967385841419E+15,  1.678788994733E+02,  1.214522041193E+01,  1.457317627353E+02,NaN,  9.999999242064E+00,NaN,  1.917084037135E-03,  3.962763182913E-02,NaN,  3.504050000000E+06,  4.266816775686E-07
  4.826723682312E-01,  3.526293981976E+03,  3.599854496159E+03,  9.666720213166E+04,  2.691629684396E+05,  1.724845362174E+05,  9.304617049807E-01,NaN,NaN,  3.196059808864E-03,  4.088648178280E+15,  6.612471339595E+19,  2.067876839925E+20,  3.440660780883E+17,  4.625977524586E+20,  5.905893343496E+19,  9.967154760443E+15,  1.678791719216E+02,  1.214530512458E+01,  1.457319505778E+02,NaN,  9.999999179579E+00,NaN,  1.917039592016E-03,  3.962762584259E-02,NaN,  3.504050000000E+06,  4.266850874954E-07
  5.630070475100E-01,  3.526274976861E+03,  3.599828838992E+03,  9.665498429507E+04,  2.691507336900E+05,  1.724845362174E+05,  9.304508791138E-01,NaN,NaN,  3.196174757099E-03,  4.089299290420E+15,  6.612413025906E+19,  2.067882663542E+20,  3.441237818158E+17,  4.625975869672E+20,  5.905904041628E+19,  9.966649885570E+15,  1.678797671930E+02,  1.214549021494E+01,  1.457323609925E+02,NaN,  9.999999043047E+00,NaN,  1.916942486559E-03,  3.962761276237E-02,NaN,  3.504050000000E+06,  4.266925379708E-07
  6.433417267887E-01,  3.526255989097E+03,  3.599803185070E+03,  9.664274229210E+04,  2.691385079529E+05,  1.724845362174E+05,  9.304400546159E-01,NaN,NaN,  3.196289920563E-03,  4.089950323895E+15,  6.612354719261E+19,  2.067888486455E+20,  3.441814795480E+17,  4.625974214925E+20,  5.905914738684E+19,  9.966145082635E+15,  1.678803623963E+02,  1.214567528679E+01,  1.457327713576E+02,NaN,  9.999998906515E+00,NaN,  1.916845394938E-03,  3.962759968333E-02,NaN,  3.504050000000E+06,  4.266999877813E-07
  7.236764060674E-01,  3.526237003023E+03,  3.599777534393E+03,  9.663050356894E+04,  2.691262838851E+05,  1.724845362174E+05,  9.304292314873E-01,NaN,NaN,  3.196405072386E-03,  4.090601278673E+15,  6.612296419663E+19,  2.067894308663E+20,  3.442391712813E+17,  4.625972560347E+20,  5.905925434662E+19,  9.965640353785E+15,  1.678809575314E+02,  1.214586034011E+01,  1.457331816730E+02,NaN,  9.999998769983E+00,NaN,  1.916748317566E-03,  3.962758660547E-02,NaN,  3.504050000000E+06,  4.267074369262E-07
  8.040110853462E-01,  3.526218013557E+03,  3.599751886961E+03,  9.661827702296E+04,  2.691140591056E+05,  1.724845362174E+05,  9.304184097282E-01,NaN,NaN,  3.196520138969E-03,  4.091252154750E+15,  6.612238127114E+19,  2.067900130168E+20,  3.442968570152E+17,  4.625970905936E+20,  5.905936129563E+19,  9.965135697947E+15,  1.678815525985E+02,  1.214604537491E+01,  1.457335919389E+02,NaN,  9.999998633452E+00,NaN,  1.916651254237E-03,  3.962757352880E-02,NaN,  3.504050000000E+06,  4.267148854057E-07
  1.004836426219E+00,  3.526170550751E+03,  3.599687786200E+03,  9.658772534153E+04,  2.690835042731E+05,  1.724845362174E+05,  9.303913553552E-01,NaN,NaN,  3.196807749565E-03,  4.092879355522E+15,  6.612092394794E+19,  2.067914684025E+20,  3.444410765558E+17,  4.625966769741E+20,  5.905962867980E+19,  9.963874452937E+15,  1.678830402928E+02,  1.214650798175E+01,  1.457346176102E+02,NaN,  9.999998292145E+00,NaN,  1.916408671807E-03,  3.962754083513E-02,NaN,  3.504050000000E+06,  4.267335026411E-07
  1.205661767091E+00,  3.526123123444E+03,  3.599623705723E+03,  9.655715045246E+04,  2.690529163820E+05,  1.724845362174E+05,  9.303641298821E-01,NaN,NaN,  3.197095648798E-03,  4.094516874345E+15,  6.611945738439E+19,  2.067929330182E+20,  3.445862167441E+17,  4.625962607131E+20,  5.905989778487E+19,  9.962613671766E+15,  1.678845374496E+02,  1.214697354630E+01,  1.457356497863E+02,NaN,  9.999997950842E+00,NaN,  1.916166178591E-03,  3.962750793107E-02,NaN,  3.504050000000E+06,  4.267521157149E-07
  1.406487107964E+00,  3.526075715779E+03,  3.599559645530E+03,  9.652658013420E+04,  2.690223432018E+05,  1.724845362174E+05,  9.303369130274E-01,NaN,NaN,  3.197383606938E-03,  4.096153897995E+15,  6.611799126429E+19,  2.067943971910E+20,  3.447313192159E+17,  4.625958445576E+20,  5.906016682221E+19,  9.961353347992E+15,  1.678860341780E+02,  1.214743899442E+01,  1.457366816502E+02,NaN,  9.999997609542E+00,NaN,  1.915923773347E-03,  3.962747503443E-02,NaN,  3.504050000000E+06,  4.267707246254E-07
  1.749982601135E+00,  3.525994663489E+03,  3.599450122753E+03,  9.647432163080E+04,  2.689700792550E+05,  1.724845362174E+05,  9.302903807674E-01,NaN,NaN,  3.197876115564E-03,  4.098952747163E+15,  6.611548461198E+19,  2.067969005137E+20,  3.449794178541E+17,  4.625951330016E+20,  5.906062683186E+19,  9.959198737116E+15,  1.678885932178E+02,  1.214823483594E+01,  1.457384458467E+02,NaN,  9.999997025782E+00,NaN,  1.915509364777E-03,  3.962741878460E-02,NaN,  3.504050000000E+06,  4.268025440129E-07
  2.408033928131E+00,  3.525839510320E+03,  3.599240470048E+03,  9.637431046738E+04,  2.688700570074E+05,  1.724845362174E+05,  9.302013069294E-01,NaN,NaN,  3.198819575102E-03,  4.104310600660E+15,  6.611068611245E+19,  2.068016926385E+20,  3.454544048780E+17,  4.625937706992E+20,  5.906150754233E+19,  9.955074784716E+15,  1.678934922002E+02,  1.214975851862E+01,  1.457418230580E+02,NaN,  9.999995907470E+00,NaN,  1.914716181545E-03,  3.962731108460E-02,NaN,  3.504050000000E+06,  4.268634680040E-07
  3.831467909257E+00,  3.525504449561E+03,  3.598787711779E+03,  9.615843575199E+04,  2.686541580999E+05,  1.724845362174E+05,  9.300089463453E-01,NaN,NaN,  3.200860110815E-03,  4.115882071158E+15,  6.610032268978E+19,  2.068120422902E+20,  3.464804701720E+17,  4.625908277591E+20,  5.906341013042E+19,  9.946171069445E+15,  1.679040735225E+02,  1.215305013887E+01,  1.457491168914E+02,NaN,  9.999993488557E+00,NaN,  1.913003679321E-03,  3.962707839022E-02,NaN,  3.504050000000E+06,  4.269951004342E-07
  6.824779555706E+00,  3.524802309485E+03,  3.597838914439E+03,  9.570651777130E+04,  2.682021894174E+05,  1.724845362174E+05,  9.296058367321E-01,NaN,NaN,  3.205149951611E-03,  4.140134927834E+15,  6.607860179871E+19,  2.068337343030E+20,  3.486320206829E+17,  4.625846562838E+20,  5.906740001338E+19,  9.927522334679E+15,  1.679262550384E+02,  1.215995305684E+01,  1.457644041623E+02,NaN,  9.999988402374E+00,NaN,  1.909416862045E-03,  3.962659027183E-02,NaN,  3.504050000000E+06,  4.272712291329E-07
  9.818091202156E+00,  3.524103726978E+03,  3.596894574003E+03,  9.525692584244E+04,  2.677525411269E+05,  1.724845362174E+05,  9.292028399641E-01,NaN,NaN,  3.209441778667E-03,  4.164386077315E+15,  6.605688243660E+19,  2.068554247889E+20,  3.507847766454E+17,  4.625784807690E+20,  5.907139273227E+19,  9.908974493500E+15,  1.679484403664E+02,  1.216686084295E+01,  1.457796903571E+02,NaN,  9.999983316864E+00,NaN,  1.905849450207E-03,  3.962610162683E-02,NaN,  3.504050000000E+06,  4.275464385940E-07
  1.281140284861E+01,  3.523408578329E+03,  3.595954667138E+03,  9.480982781480E+04,  2.673053925080E+05,  1.724845362174E+05,  9.288007579013E-01,NaN,NaN,  3.213734061338E-03,  4.188587255989E+15,  6.603520782596E+19,  2.068770705732E+20,  3.529344506803E+17,  4.625723135077E+20,  5.907538028156E+19,  9.890526917794E+15,  1.679705853202E+02,  1.217375973797E+01,  1.457949450488E+02,NaN,  9.999978232029E+00,NaN,  1.902301322998E-03,  3.962561343153E-02,NaN,  3.504050000000E+06,  4.278207310083E-07
  1.580471449506E+01,  3.522716826186E+03,  3.595019169527E+03,  9.436523861889E+04,  2.668607508476E+05,  1.724845362174E+05,  9.283996995781E-01,NaN,NaN,  3.218026536854E-03,  4.212731858125E+15,  6.601358388261E+19,  2.068986657470E+20,  3.550804483675E+17,  4.625661562070E+20,  5.907936154841E+19,  9.872178979446E+15,  1.679926838226E+02,  1.218064782925E+01,  1.458101640731E+02,NaN,  9.999973147865E+00,NaN,  1.898772359608E-03,  3.962512582275E-02,NaN,  3.504050000000E+06,  4.280941088972E-07
  1.879802614151E+01,  3.522028591810E+03,  3.594088058235E+03,  9.392289986884E+04,  2.664183547269E+05,  1.724845362174E+05,  9.279986516300E-01,NaN,NaN,  3.222321280641E-03,  4.236880880712E+15,  6.599195598054E+19,  2.069202648751E+20,  3.572281880684E+17,  4.625599933305E+20,  5.908334665094E+19,  9.853930097582E+15,  1.680147917181E+02,  1.218754250698E+01,  1.458253858843E+02,NaN,  9.999968064374E+00,NaN,  1.895262448316E-03,  3.962463756683E-02,NaN,  3.504050000000E+06,  4.283665744237E-07
  2.179133778796E+01,  3.521343604703E+03,  3.593161307999E+03,  9.348323036738E+04,  2.659786399585E+05,  1.724845362174E+05,  9.275994820743E-01,NaN,NaN,  3.226614577356E-03,  4.260921803164E+15,  6.597042488791E+19,  2.069417673022E+20,  3.593676551444E+17,  4.625538536015E+20,  5.908731688076E+19,  9.835779587181E+15,  1.680368059160E+02,  1.219441161679E+01,  1.458405395462E+02,NaN,  9.999962981553E+00,NaN,  1.891771457368E-03,  3.962415094769E-02,NaN,  3.504050000000E+06,  4.286381304755E-07
  2.478464943441E+01,  3.520662193227E+03,  3.592238896896E+03,  9.304561456233E+04,  2.655409587150E+05,  1.724845362174E+05,  9.271995921401E-01,NaN,NaN,  3.230911599878E-03,  4.285011118838E+15,  6.594885045660E+19,  2.069633130196E+20,  3.615127726001E+17,  4.625476970883E+20,  5.909129824613E+19,  9.817726930720E+15,  1.680588697746E+02,  1.220129985944E+01,  1.458557237165E+02,NaN,  9.999957899401E+00,NaN,  1.888299287224E-03,  3.962366279122E-02,NaN,  3.504050000000E+06,  4.289087790062E-07
  2.777796108085E+01,  3.519984020857E+03,  3.591320800461E+03,  9.261058658873E+04,  2.651058999958E+05,  1.724845362174E+05,  9.268014550356E-01,NaN,NaN,  3.235207608268E-03,  4.308999831629E+15,  6.592736612049E+19,  2.069847687425E+20,  3.636502694628E+17,  4.625415618580E+20,  5.909526595110E+19,  9.799771441028E+15,  1.680808467455E+02,  1.220816461779E+01,  1.458708444640E+02,NaN,  9.999952817917E+00,NaN,  1.884845805718E-03,  3.962317612577E-02,NaN,  3.504050000000E+06,  4.291785227578E-07
  3.077127272730E+01,  3.519309234080E+03,  3.590406995581E+03,  9.217784512950E+04,  2.646730922648E+05,  1.724845362174E+05,  9.264036534241E-01,NaN,NaN,  3.239505088069E-03,  4.332973294167E+15,  6.590589544180E+19,  2.070062108233E+20,  3.657877425648E+17,  4.625354261213E+20,  5.909923418810E+19,  9.781912559781E+15,  1.681028150299E+02,  1.221503028458E+01,  1.458859555973E+02,NaN,  9.999947737101E+00,NaN,  1.881410905464E-03,  3.962268921890E-02,NaN,  3.504050000000E+06,  4.294473641203E-07
  3.376458437375E+01,  3.518637790053E+03,  3.589497459217E+03,  9.174741743862E+04,  2.642426193100E+05,  1.724845362174E+05,  9.260065541809E-01,NaN,NaN,  3.243803681875E-03,  4.356909386724E+15,  6.588445822993E+19,  2.070276194747E+20,  3.679232165625E+17,  4.625292955463E+20,  5.910319926444E+19,  9.764149673896E+15,  1.681247543361E+02,  1.222189051315E+01,  1.459010431715E+02,NaN,  9.999942656951E+00,NaN,  1.877994468544E-03,  3.962220252238E-02,NaN,  3.504050000000E+06,  4.297153055030E-07
  3.675789602020E+01,  3.517969556561E+03,  3.588592167264E+03,  9.131948282908E+04,  2.638146398214E+05,  1.724845362174E+05,  9.256109080594E-01,NaN,NaN,  3.248101672953E-03,  4.380762809053E+15,  6.586309505363E+19,  2.070489541735E+20,  3.700526411926E+17,  4.625231817573E+20,  5.910715360609E+19,  9.746482154183E+15,  1.681466230880E+02,  1.222873228593E+01,  1.459160786282E+02,NaN,  9.999937577465E+00,NaN,  1.874596373942E-03,  3.962171696334E-02,NaN,  3.504050000000E+06,  4.299823496739E-07
  3.975120766665E+01,  3.517304764381E+03,  3.587691098232E+03,  9.089359921241E+04,  2.633886876021E+05,  1.724845362174E+05,  9.252148518238E-01,NaN,NaN,  3.252402861520E-03,  4.404645885594E+15,  6.584170532045E+19,  2.070703153995E+20,  3.721860405912E+17,  4.625170559916E+20,  5.911111595154E+19,  9.728909482045E+15,  1.681685243040E+02,  1.223558780901E+01,  1.459311327798E+02,NaN,  9.999932498644E+00,NaN,  1.871216521915E-03,  3.962123025084E-02,NaN,  3.504050000000E+06,  4.302484986711E-07
  4.274451931310E+01,  3.516643113415E+03,  3.586794228196E+03,  9.047023543409E+04,  2.629652999141E+05,  1.724845362174E+05,  9.248206412168E-01,NaN,NaN,  3.256702943984E-03,  4.428422560413E+15,  6.582041087564E+19,  2.070915814437E+20,  3.743112561685E+17,  4.625109531426E+20,  5.911506356600E+19,  9.711430992861E+15,  1.681903331358E+02,  1.224241800782E+01,  1.459461198527E+02,NaN,  9.999927420485E+00,NaN,  1.867854784631E-03,  3.962074516682E-02,NaN,  3.504050000000E+06,  4.305137552938E-07
  4.573783095955E+01,  3.515984800366E+03,  3.585901535276E+03,  9.004900826545E+04,  2.625439979579E+05,  1.724845362174E+05,  9.244264203281E-01,NaN,NaN,  3.261005226800E-03,  4.452204735831E+15,  6.579911150479E+19,  2.071128524086E+20,  3.764382828214E+17,  4.625048445279E+20,  5.911901513690E+19,  9.694046160515E+15,  1.682121522482E+02,  1.224925500069E+01,  1.459611103935E+02,NaN,  9.999922342988E+00,NaN,  1.864511060899E-03,  3.962025942548E-02,NaN,  3.504050000000E+06,  4.307781217789E-07
  4.873114260600E+01,  3.515329702834E+03,  3.585012996850E+03,  8.963008246001E+04,  2.621250388161E+05,  1.724845362174E+05,  9.240332505490E-01,NaN,NaN,  3.265308106753E-03,  4.475928371144E+15,  6.577786455971E+19,  2.071340710064E+20,  3.785613897030E+17,  4.624987465975E+20,  5.912295994521E+19,  9.676754377295E+15,  1.682339228450E+02,  1.225608036470E+01,  1.459760640289E+02,NaN,  9.999917266151E+00,NaN,  1.861185233836E-03,  3.961977433953E-02,NaN,  3.504050000000E+06,  4.310416006236E-07
  5.172445425245E+01,  3.514677748421E+03,  3.584128589765E+03,  8.921353532828E+04,  2.617084416989E+05,  1.724845362174E+05,  9.236413311915E-01,NaN,NaN,  3.269610744282E-03,  4.499581390838E+15,  6.575668085467E+19,  2.071552264349E+20,  3.806794866146E+17,  4.624926624845E+20,  5.912689594798E+19,  9.659555050515E+15,  1.682556338021E+02,  1.226289058864E+01,  1.459909731463E+02,NaN,  9.999912189973E+00,NaN,  1.857877189445E-03,  3.961929016050E-02,NaN,  3.504050000000E+06,  4.313041945238E-07
  5.471776589890E+01,  3.514029122876E+03,  3.583248293051E+03,  8.879900597697E+04,  2.612938454837E+05,  1.724845362174E+05,  9.232492070287E-01,NaN,NaN,  3.273916318505E-03,  4.523251610744E+15,  6.573548174596E+19,  2.071763972499E+20,  3.828004341066E+17,  4.624865696241E+20,  5.913083784945E+19,  9.642447664800E+15,  1.682773657534E+02,  1.226971094487E+01,  1.460058931073E+02,NaN,  9.999907114453E+00,NaN,  1.854586828603E-03,  3.961880508760E-02,NaN,  3.504050000000E+06,  4.315659055687E-07
  5.771107754535E+01,  3.513383556903E+03,  3.582372083509E+03,  8.838690887159E+04,  2.608817298036E+05,  1.724845362174E+05,  9.228589034781E-01,NaN,NaN,  3.278220897717E-03,  4.546816735645E+15,  6.571437675538E+19,  2.071974740521E+20,  3.849132679632E+17,  4.624804994972E+20,  5.913476513298E+19,  9.625431580223E+15,  1.682990063382E+02,  1.227650617116E+01,  1.460207468134E+02,NaN,  9.999902039589E+00,NaN,  1.851314028228E-03,  3.961832163598E-02,NaN,  3.504050000000E+06,  4.318267365499E-07
  6.070438919180E+01,  3.512741239289E+03,  3.581499940010E+03,  8.797687836681E+04,  2.604716200793E+05,  1.724845362174E+05,  9.224685815927E-01,NaN,NaN,  3.282527732152E-03,  4.570387759155E+15,  6.569326648233E+19,  2.072185561309E+20,  3.870279327541E+17,  4.624744235525E+20,  5.913869640514E+19,  9.608506294293E+15,  1.683206575093E+02,  1.228330824693E+01,  1.460356042383E+02,NaN,  9.999896965381E+00,NaN,  1.848058691674E-03,  3.961783752567E-02,NaN,  3.504050000000E+06,  4.320866896835E-07
  6.669101248470E+01,  3.511465905891E+03,  3.579767762887E+03,  8.716359677509E+04,  2.596582583436E+05,  1.724845362174E+05,  9.216914445047E-01,NaN,NaN,  3.291142288735E-03,  4.617332330786E+15,  6.565122278595E+19,  2.072605436370E+20,  3.912434301587E+17,  4.624623097107E+20,  5.914653473993E+19,  9.574925774479E+15,  1.683637937847E+02,  1.229687077164E+01,  1.460651945941E+02,NaN,  9.999886818928E+00,NaN,  1.841599959212E-03,  3.961687176844E-02,NaN,  3.504050000000E+06,  4.326039725823E-07
  7.267763577760E+01,  3.510203110837E+03,  3.578051589289E+03,  8.635883540661E+04,  2.588534035952E+05,  1.724845362174E+05,  9.209168149639E-01,NaN,NaN,  3.299762070167E-03,  4.664144368401E+15,  6.560929778062E+19,  2.073024125839E+20,  3.954521840630E+17,  4.624502130137E+20,  5.915436267996E+19,  9.541701689224E+15,  1.684068286887E+02,  1.231041540744E+01,  1.460947013964E+02,NaN,  9.999876675082E+00,NaN,  1.835209781837E-03,  3.961590661683E-02,NaN,  3.504050000000E+06,  4.331177737809E-07
  7.866425907050E+01,  3.508952636452E+03,  3.576351248548E+03,  8.556262299847E+04,  2.580570933325E+05,  1.724845362174E+05,  9.201453329993E-01,NaN,NaN,  3.308385845168E-03,  4.710784990471E+15,  6.556752628726E+19,  2.073441281917E+20,  3.996506579413E+17,  4.624381436362E+20,  5.916217358851E+19,  9.508829650310E+15,  1.684497263031E+02,  1.232393074778E+01,  1.461241001342E+02,NaN,  9.999866533834E+00,NaN,  1.828887315538E-03,  3.961494289181E-02,NaN,  3.504050000000E+06,  4.336281129001E-07
  8.465088236340E+01,  3.507714282622E+03,  3.574666571122E+03,  8.477496004184E+04,  2.572693277394E+05,  1.724845362174E+05,  9.193774865548E-01,NaN,NaN,  3.317012612744E-03,  4.757224465584E+15,  6.552593493172E+19,  2.073856638633E+20,  4.038361233620E+17,  4.624261094360E+20,  5.916996233563E+19,  9.476305301730E+15,  1.684924590661E+02,  1.233740797585E+01,  1.461533720634E+02,NaN,  9.999856395173E+00,NaN,  1.822631722500E-03,  3.961398123118E-02,NaN,  3.504050000000E+06,  4.341350098363E-07
  9.063750565630E+01,  3.506487922257E+03,  3.572997392116E+03,  8.399573175210E+04,  2.564900156644E+05,  1.724845362174E+05,  9.186133446045E-01,NaN,NaN,  3.325642477082E-03,  4.803458366526E+15,  6.548452767848E+19,  2.074270156376E+20,  4.080081236581E+17,  4.624141117463E+20,  5.917772804376E+19,  9.444124413099E+15,  1.685350226771E+02,  1.235084558343E+01,  1.461825143924E+02,NaN,  9.999846259090E+00,NaN,  1.816442189068E-03,  3.961302175104E-02,NaN,  3.504050000000E+06,  4.346384836914E-07
  9.662412894920E+01,  3.505273533558E+03,  3.571343547108E+03,  8.322464828899E+04,  2.557188510379E+05,  1.724845362174E+05,  9.178520895851E-01,NaN,NaN,  3.334277315843E-03,  4.849535935992E+15,  6.544326042858E+19,  2.074682275659E+20,  4.121710520817E+17,  4.624021379609E+20,  5.918547892728E+19,  9.412282793760E+15,  1.685774622984E+02,  1.236425768881E+01,  1.462115581661E+02,NaN,  9.999836125574E+00,NaN,  1.810317909229E-03,  3.961206344803E-02,NaN,  3.504050000000E+06,  4.351385540147E-07
  1.026107522421E+02,  3.504070968419E+03,  3.569704873816E+03,  8.246163780630E+04,  2.549557432654E+05,  1.724845362174E+05,  9.170938127792E-01,NaN,NaN,  3.342916900512E-03,  4.895451440190E+15,  6.540213831692E+19,  2.075092945191E+20,  4.163243475269E+17,  4.623901897083E+20,  5.919321391858E+19,  9.380776296004E+15,  1.686197724796E+02,  1.237764245716E+01,  1.462404997697E+02,NaN,  9.999825994616E+00,NaN,  1.804258085232E-03,  3.961110645988E-02,NaN,  3.504050000000E+06,  4.356352402926E-07
  1.085973755350E+02,  3.502879982523E+03,  3.568081210993E+03,  8.170679149343E+04,  2.542007897504E+05,  1.724845362174E+05,  9.163393829008E-01,NaN,NaN,  3.351559332648E-03,  4.941152045578E+15,  6.536120865856E+19,  2.075501692343E+20,  4.204631783072E+17,  4.623782808995E+20,  5.920092393791E+19,  9.349600792523E+15,  1.686619043065E+02,  1.239098428307E+01,  1.462693058953E+02,NaN,  9.999815866204E+00,NaN,  1.798261923247E-03,  3.961015191267E-02,NaN,  3.504050000000E+06,  4.361285622739E-07
  1.145839988279E+02,  3.501700466024E+03,  3.566472401590E+03,  8.095998237222E+04,  2.534539108641E+05,  1.724845362174E+05,  9.155888670323E-01,NaN,NaN,  3.360204898825E-03,  4.986633421350E+15,  6.532047533167E+19,  2.075908478366E+20,  4.245870903245E+17,  4.623664128633E+20,  5.920860810963E+19,  9.318752268745E+15,  1.687038535424E+02,  1.240428166168E+01,  1.462979738118E+02,NaN,  9.999805740329E+00,NaN,  1.792328651129E-03,  3.960919992296E-02,NaN,  3.504050000000E+06,  4.366185389977E-07
  1.205706221208E+02,  3.500532480259E+03,  3.564878289655E+03,  8.022080184765E+04,  2.527146555980E+05,  1.724845362174E+05,  9.148408106593E-01,NaN,NaN,  3.368856870489E-03,  5.031983498875E+15,  6.527985958963E+19,  2.076314089869E+20,  4.287040083102E+17,  4.623545628269E+20,  5.921628128347E+19,  9.288226785261E+15,  1.687457011449E+02,  1.241756011550E+01,  1.463265589549E+02,NaN,  9.999795616979E+00,NaN,  1.786457511189E-03,  3.960824866582E-02,NaN,  3.504050000000E+06,  4.371051897230E-07
  1.295505570601E+02,  3.498801484109E+03,  3.562514340996E+03,  7.912673313842E+04,  2.516204442017E+05,  1.724845362174E+05,  9.137259298859E-01,NaN,NaN,  3.381840603214E-03,  5.099604785890E+15,  6.521929762730E+19,  2.076918894668E+20,  4.348518521236E+17,  4.623368630409E+20,  5.922774332255E+19,  9.243035598229E+15,  1.688081360212E+02,  1.243739573419E+01,  1.463691820848E+02,NaN,  9.999780436667E+00,NaN,  1.777765633031E-03,  3.960682651428E-02,NaN,  3.504050000000E+06,  4.378289722340E-07
  1.402799578120E+02,  3.496765932301E+03,  3.559732027487E+03,  7.784194507425E+04,  2.503355041571E+05,  1.724845362174E+05,  9.124041892233E-01,NaN,NaN,  3.397366285352E-03,  5.179823873317E+15,  6.514745298237E+19,  2.077636373332E+20,  4.421592398810E+17,  4.623158187084E+20,  5.924137287055E+19,  9.189963288217E+15,  1.688822587210E+02,  1.246098304243E+01,  1.464197458143E+02,NaN,  9.999762306319E+00,NaN,  1.767557933645E-03,  3.960513360045E-02,NaN,  3.504050000000E+06,  4.386841006799E-07
  1.497655127300E+02,  3.494995535865E+03,  3.557309854292E+03,  7.672591186512E+04,  2.492193600423E+05,  1.724845362174E+05,  9.112446383586E-01,NaN,NaN,  3.411104945292E-03,  5.250244991601E+15,  6.508438342449E+19,  2.078266218289E+20,  4.485868446970E+17,  4.622973024817E+20,  5.925336656275E+19,  9.143863974069E+15,  1.689473785459E+02,  1.248173994099E+01,  1.464641336291E+02,NaN,  9.999746284447E+00,NaN,  1.758691390232E-03,  3.960364224255E-02,NaN,  3.504050000000E+06,  4.394314208846E-07
  1.592510676480E+02,  3.493251954725E+03,  3.554922368275E+03,  7.562825406086E+04,  2.481215558453E+05,  1.724845362174E+05,  9.100940320795E-01,NaN,NaN,  3.424854112081E-03,  5.320165107762E+15,  6.502176254055E+19,  2.078891581524E+20,  4.549805419108E+17,  4.622788787743E+20,  5.926530166013E+19,  9.098519540835E+15,  1.690120819135E+02,  1.250239607656E+01,  1.465082055981E+02,NaN,  9.999730268757E+00,NaN,  1.749970037361E-03,  3.960215665908E-02,NaN,  3.504050000000E+06,  4.401706750246E-07
  1.687366225660E+02,  3.491534759980E+03,  3.552569001919E+03,  7.454857836010E+04,  2.470417444420E+05,  1.724845362174E+05,  9.089524032251E-01,NaN,NaN,  3.438614414681E-03,  5.389581281144E+15,  6.495959296412E+19,  2.079512436733E+20,  4.613398407765E+17,  4.622605490852E+20,  5.927717715460E+19,  9.053915658892E+15,  1.690763652349E+02,  1.252294971694E+01,  1.465519598677E+02,NaN,  9.999714259205E+00,NaN,  1.741391118934E-03,  3.960067700535E-02,NaN,  3.504050000000E+06,  4.409019383270E-07
  1.782221774840E+02,  3.489843504115E+03,  3.550249197268E+03,  7.348654247346E+04,  2.459795760837E+05,  1.724845362174E+05,  9.078197835263E-01,NaN,NaN,  3.452386011119E-03,  5.458490639701E+15,  6.489787726731E+19,  2.080128758226E+20,  4.676642554341E+17,  4.622423149000E+20,  5.928899204631E+19,  9.010038279929E+15,  1.691402249790E+02,  1.254339914405E+01,  1.465953946272E+02,NaN,  9.999698255746E+00,NaN,  1.732951932959E-03,  3.959920343576E-02,NaN,  3.504050000000E+06,  4.416252861098E-07
  1.877077324020E+02,  3.488177751518E+03,  3.547962406971E+03,  7.244180654000E+04,  2.449347117606E+05,  1.724845362174E+05,  9.066962042390E-01,NaN,NaN,  3.466169121040E-03,  5.526890341773E+15,  6.483661799499E+19,  2.080740520583E+20,  4.739533014885E+17,  4.622241777012E+20,  5.930074533721E+19,  8.966873655199E+15,  1.692036576365E+02,  1.256374264295E+01,  1.466385080854E+02,NaN,  9.999682258336E+00,NaN,  1.724649835061E-03,  3.959773610450E-02,NaN,  3.504050000000E+06,  4.423407933727E-07
  1.971932873200E+02,  3.486537074156E+03,  3.545708094145E+03,  7.141403983655E+04,  2.439068211271E+05,  1.724845362174E+05,  9.055816962107E-01,NaN,NaN,  3.479963947215E-03,  5.594777572229E+15,  6.477581766826E+19,  2.081347698621E+20,  4.802064957190E+17,  4.622061389683E+20,  5.931243603058E+19,  8.924408323704E+15,  1.692666597174E+02,  1.258397850093E+01,  1.466812984673E+02,NaN,  9.999666266929E+00,NaN,  1.716482236210E-03,  3.959627516568E-02,NaN,  3.504050000000E+06,  4.430485347534E-07
  2.114216196969E+02,  3.484122142972E+03,  3.542386370701E+03,  6.990352605661E+04,  2.423961541287E+05,  1.724845362174E+05,  9.039271867511E-01,NaN,NaN,  3.500678295762E-03,  5.695630618787E+15,  6.468549284917E+19,  2.082249718764E+20,  4.895170105113E+17,  4.621792716088E+20,  5.932985063830E+19,  8.861992771171E+15,  1.693603378578E+02,  1.261412348076E+01,  1.467448676085E+02,NaN,  9.999642290976E+00,NaN,  1.704477497823E-03,  3.959409631497E-02,NaN,  3.504050000000E+06,  4.440957481974E-07
  2.256499520739E+02,  3.481761325956E+03,  3.539134803374E+03,  6.842937449019E+04,  2.409218134743E+05,  1.724845362174E+05,  9.022929021034E-01,NaN,NaN,  3.521420544151E-03,  5.795336679475E+15,  6.459619521706E+19,  2.083141478539E+20,  4.987461540944E+17,  4.621526283231E+20,  5.934712258049E+19,  8.801077807832E+15,  1.694530478892E+02,  1.264402314091E+01,  1.468077136587E+02,NaN,  9.999618328275E+00,NaN,  1.692761376295E-03,  3.959193224265E-02,NaN,  3.504050000000E+06,  4.451259044717E-07
  2.398782844509E+02,  3.479453266000E+03,  3.535951704916E+03,  6.699058162284E+04,  2.394828363485E+05,  1.724845362174E+05,  9.006791198252E-01,NaN,NaN,  3.542191121514E-03,  5.893875746463E+15,  6.450794269034E+19,  2.084022798977E+20,  5.078913206396E+17,  4.621262169251E+20,  5.936424664981E+19,  8.741621518524E+15,  1.695447682422E+02,  1.267366853285E+01,  1.468698240049E+02,NaN,  9.999594378672E+00,NaN,  1.681325809843E-03,  3.958978369770E-02,NaN,  3.504050000000E+06,  4.461392508320E-07
  2.541066168279E+02,  3.477196556416E+03,  3.532835433742E+03,  6.558631289732E+04,  2.380784616361E+05,  1.724845362174E+05,  8.990868209442E-01,NaN,NaN,  3.562988593900E-03,  5.991184761995E+15,  6.442079174006E+19,  2.084893115977E+20,  5.169458776889E+17,  4.621000568626E+20,  5.938121002890E+19,  8.683583269013E+15,  1.696354371263E+02,  1.270303762859E+01,  1.469311588927E+02,NaN,  9.999570442011E+00,NaN,  1.670162983055E-03,  3.958765238267E-02,NaN,  3.504050000000E+06,  4.471360330093E-07
  2.683349492049E+02,  3.474990150979E+03,  3.529784398354E+03,  6.421526422983E+04,  2.367071696521E+05,  1.724845362174E+05,  8.975136989830E-01,NaN,NaN,  3.583818298224E-03,  6.087401676392E+15,  6.433461882419E+19,  2.085753663571E+20,  5.259219124229E+17,  4.620741135307E+20,  5.939803523407E+19,  8.626923865969E+15,  1.697251802017E+02,  1.273216912863E+01,  1.469918052895E+02,NaN,  9.999546518136E+00,NaN,  1.659265357653E-03,  3.958553557923E-02,NaN,  3.504050000000E+06,  4.481164932329E-07
  2.825632815818E+02,  3.472832625489E+03,  3.526797048626E+03,  6.287680923513E+04,  2.353685883543E+05,  1.724845362174E+05,  8.959619780512E-01,NaN,NaN,  3.604676826563E-03,  6.182387478509E+15,  6.424954843447E+19,  2.086603198229E+20,  5.348057113941E+17,  4.620484268326E+20,  5.941469607505E+19,  8.571605189766E+15,  1.698138648119E+02,  1.276101802074E+01,  1.470516755586E+02,NaN,  9.999522606892E+00,NaN,  1.648625601875E-03,  3.958343666288E-02,NaN,  3.504050000000E+06,  4.490808724797E-07
  2.990225040333E+02,  3.470707269782E+03,  3.523796762077E+03,  6.147689247608E+04,  2.339671724512E+05,  1.724845362174E+05,  8.943940124131E-01,NaN,NaN,  3.626986639345E-03,  6.294618985920E+15,  6.414903164815E+19,  2.087607670147E+20,  5.453333817054E+17,  4.620237914133E+20,  5.943458253601E+19,  8.575546859853E+15,  1.699190534550E+02,  1.279544420435E+01,  1.471224649060E+02,NaN,  9.999494960961E+00,NaN,  1.649383725712E-03,  3.958091695280E-02,NaN,  3.510778539029E+06,  4.500538222451E-07
  3.140356633861E+02,  3.468720206020E+03,  3.521143133912E+03,  6.041124512447E+04,  2.329014245736E+05,  1.724845362174E+05,  8.930020386090E-01,NaN,NaN,  3.644624385595E-03,  6.347284049240E+15,  6.410185570742E+19,  2.088079342955E+20,  5.502834873899E+17,  4.620151490732E+20,  5.944394349271E+19,  8.584473423493E+15,  1.699685847693E+02,  1.281175824672E+01,  1.471557056663E+02,NaN,  9.999469755662E+00,NaN,  1.651100622493E-03,  3.957971864886E-02,NaN,  3.517331052396E+06,  4.509180478339E-07
  3.323354664884E+02,  3.466502999213E+03,  3.517975489328E+03,  5.891022905472E+04,  2.314002710418E+05,  1.724845362174E+05,  8.913401238320E-01,NaN,NaN,  3.669727005875E-03,  6.475703276625E+15,  6.398677549463E+19,  2.089229381779E+20,  5.623658995178E+17,  4.619869506671E+20,  5.946685176037E+19,  8.595234282771E+15,  1.700892513455E+02,  1.285140540232E+01,  1.472367537238E+02,NaN,  9.999439049031E+00,NaN,  1.653170319791E-03,  3.957680963198E-02,NaN,  3.525140292447E+06,  4.519542426512E-07
  3.501998556633E+02,  3.464271501273E+03,  3.514951370214E+03,  5.766156718156E+04,  2.301514955397E+05,  1.724845362174E+05,  8.897494332159E-01,NaN,NaN,  3.691461400729E-03,  6.548821108900E+15,  6.392123434948E+19,  2.089884556590E+20,  5.692601893517E+17,  4.619734813848E+20,  5.947993661444E+19,  8.605570932225E+15,  1.701581531327E+02,  1.287416224551E+01,  1.472829266395E+02,NaN,  9.999409089238E+00,NaN,  1.655158426400E-03,  3.957513539906E-02,NaN,  3.532583017084E+06,  4.529481529766E-07
  3.709008908791E+02,  3.461890655894E+03,  3.511530293205E+03,  5.604238240849E+04,  2.285321566564E+05,  1.724845362174E+05,  8.879476206810E-01,NaN,NaN,  3.720157276414E-03,  6.691858945434E+15,  6.379296386741E+19,  2.091166385533E+20,  5.827674490150E+17,  4.619416611171E+20,  5.950564326386E+19,  8.617372995336E+15,  1.702929489892E+02,  1.291865466831E+01,  1.473732624993E+02,NaN,  9.999374393216E+00,NaN,  1.657428384356E-03,  3.957186240702E-02,NaN,  3.540986586830E+06,  4.540780589040E-07
  3.908831227626E+02,  3.459531233478E+03,  3.508308329971E+03,  5.470484609299E+04,  2.271944998110E+05,  1.724845362174E+05,  8.862465530657E-01,NaN,NaN,  3.744893184072E-03,  6.776101481725E+15,  6.371739124368E+19,  2.091921786888E+20,  5.907406557007E+17,  4.619254857321E+20,  5.952083790638E+19,  8.628573738331E+15,  1.703725683270E+02,  1.294506902373E+01,  1.474264987999E+02,NaN,  9.999340920755E+00,NaN,  1.659582686993E-03,  3.956991426199E-02,NaN,  3.548887798525E+06,  4.551476075978E-07
  4.105919588303E+02,  3.457253648972E+03,  3.505208046865E+03,  5.343763758039E+04,  2.259271708513E+05,  1.724845362174E+05,  8.846057900771E-01,NaN,NaN,  3.769037709594E-03,  6.853468409236E+15,  6.364797111796E+19,  2.092615707565E+20,  5.980748577641E+17,  4.619109153793E+20,  5.953482943846E+19,  8.639436599257E+15,  1.704457832026E+02,  1.296941130515E+01,  1.474754022992E+02,NaN,  9.999307926274E+00,NaN,  1.661672002849E-03,  3.956811693629E-02,NaN,  3.556477451851E+06,  4.561817483317E-07
  4.345880366784E+02,  3.454712806431E+03,  3.501532095442E+03,  5.171126218952E+04,  2.242006364658E+05,  1.724845362174E+05,  8.826591747728E-01,NaN,NaN,  3.802672870862E-03,  7.011627520207E+15,  6.350598718769E+19,  2.094034543400E+20,  6.130914357216E+17,  4.618751984703E+20,  5.956357241816E+19,  8.652452548549E+15,  1.705954965894E+02,  1.301917102621E+01,  1.475753936090E+02,NaN,  9.999267778733E+00,NaN,  1.664175434442E-03,  3.956444240375E-02,NaN,  3.565459687293E+06,  4.574142901597E-07
  4.580008503570E+02,  3.452185860836E+03,  3.498047019443E+03,  5.026210759541E+04,  2.227513448054E+05,  1.724845362174E+05,  8.808083087365E-01,NaN,NaN,  3.832248096327E-03,  7.110783515639E+15,  6.341693654084E+19,  2.094924599352E+20,  6.225300460925E+17,  4.618553256936E+20,  5.958166448778E+19,  8.664883856606E+15,  1.706896307174E+02,  1.305061593534E+01,  1.476381195836E+02,NaN,  9.999228632025E+00,NaN,  1.666566418660E-03,  3.956211461699E-02,NaN,  3.573958840109E+06,  4.585892697541E-07
  4.814460513663E+02,  3.449722744376E+03,  3.494655491090E+03,  4.886923513036E+04,  2.213583439553E+05,  1.724845362174E+05,  8.790026301484E-01,NaN,NaN,  3.861683852787E-03,  7.204677628161E+15,  6.333258558593E+19,  2.095767689259E+20,  6.314838238678E+17,  4.618366675042E+20,  5.959885229712E+19,  8.677084434788E+15,  1.707789009707E+02,  1.308050693713E+01,  1.476975356641E+02,NaN,  9.999189456504E+00,NaN,  1.668913025287E-03,  3.955989919304E-02,NaN,  3.582214326691E+06,  4.597387717245E-07
  5.067221093051E+02,  3.447275653457E+03,  3.491105394766E+03,  4.723490496204E+04,  2.197238589549E+05,  1.724845362174E+05,  8.771113931467E-01,NaN,NaN,  3.897222057433E-03,  7.356697706091E+15,  6.319595220666E+19,  2.097133038233E+20,  6.460071372814E+17,  4.618020383047E+20,  5.962682379887E+19,  8.689986878794E+15,  1.709235352898E+02,  1.312895911563E+01,  1.477937575305E+02,NaN,  9.999147249051E+00,NaN,  1.671394625763E-03,  3.955630604438E-02,NaN,  3.590839427158E+06,  4.609484702945E-07
  5.349768836980E+02,  3.444522258256E+03,  3.487261565509E+03,  4.563114418428E+04,  2.181199485231E+05,  1.724845362174E+05,  8.750578606500E-01,NaN,NaN,  3.933828390072E-03,  7.476481358274E+15,  6.308824429548E+19,  2.098209489167E+20,  6.574805912875E+17,  4.617769841780E+20,  5.964895713295E+19,  8.704066824456E+15,  1.710378150651E+02,  1.316742132271E+01,  1.478696195409E+02,NaN,  9.999100098765E+00,NaN,  1.674102701832E-03,  3.955344746249E-02,NaN,  3.600159343764E+06,  4.622657577531E-07
  5.659186605741E+02,  3.441630077999E+03,  3.483199024165E+03,  4.392840099501E+04,  2.164170437888E+05,  1.724845362174E+05,  8.728820456070E-01,NaN,NaN,  3.974412224084E-03,  7.608882780424E+15,  6.296913948395E+19,  2.099399802679E+20,  6.701909095919E+17,  4.617487792826E+20,  5.967353222216E+19,  8.719094924828E+15,  1.711643513577E+02,  1.321011993748E+01,  1.479535059246E+02,NaN,  9.999048502547E+00,NaN,  1.676993141893E-03,  3.955026970022E-02,NaN,  3.609988352970E+06,  4.636665429549E-07
  5.955578951531E+02,  3.438943421618E+03,  3.479445251426E+03,  4.239164189396E+04,  2.148801367490E+05,  1.724845362174E+05,  8.708676252118E-01,NaN,NaN,  4.012764724211E-03,  7.723728287260E+15,  6.286578404694E+19,  2.100432740759E+20,  6.812407202766E+17,  4.617247522638E+20,  5.969493666650E+19,  8.733110523557E+15,  1.712743295978E+02,  1.324734939336E+01,  1.480263014017E+02,NaN,  9.998999113924E+00,NaN,  1.679688841750E-03,  3.954749474072E-02,NaN,  3.619051010565E+06,  4.649687338455E-07
  6.284421806349E+02,  3.436092570766E+03,  3.475432321693E+03,  4.073685195834E+04,  2.132251935472E+05,  1.724845362174E+05,  8.687097151291E-01,NaN,NaN,  4.055957835504E-03,  7.853501686792E+15,  6.274894486146E+19,  2.101600389271E+20,  6.937537261986E+17,  4.616969938883E+20,  5.971922985071E+19,  8.748238188274E+15,  1.713988091721E+02,  1.328959172779E+01,  1.481085904877E+02,NaN,  9.998944358160E+00,NaN,  1.682598431587E-03,  3.954434214752E-02,NaN,  3.628718908752E+06,  4.663692586446E-07
  6.612497136858E+02,  3.433351698390E+03,  3.471581147694E+03,  3.917330478943E+04,  2.116614968259E+05,  1.724845362174E+05,  8.666329918310E-01,NaN,NaN,  4.098803711865E-03,  7.974170496533E+15,  6.264025669904E+19,  2.102686580792E+20,  7.054153847566E+17,  4.616713683192E+20,  5.974191378827E+19,  8.762892598629E+15,  1.715147808716E+02,  1.332906672608E+01,  1.481851389581E+02,NaN,  9.998889770408E+00,NaN,  1.685416997720E-03,  3.954139185103E-02,NaN,  3.637977301481E+06,  4.677215923131E-07
  6.946494844869E+02,  3.430667430193E+03,  3.467810402198E+03,  3.766026242367E+04,  2.101483093571E+05,  1.724845362174E+05,  8.645961372703E-01,NaN,NaN,  4.142310020669E-03,  8.090220890520E+15,  6.253568665803E+19,  2.103731610562E+20,  7.166549703442E+17,  4.616467987754E+20,  5.976381606180E+19,  8.777371706805E+15,  1.716265157402E+02,  1.336720671354E+01,  1.482587865873E+02,NaN,  9.998834237480E+00,NaN,  1.688201846987E-03,  3.953853759651E-02,NaN,  3.647023607342E+06,  4.690535900180E-07
  7.293861142039E+02,  3.427990029132E+03,  3.464042339598E+03,  3.615868515644E+04,  2.086469277053E+05,  1.724845362174E+05,  8.625558866054E-01,NaN,NaN,  4.187644083373E-03,  8.206204247708E+15,  6.243113595902E+19,  2.104776429773E+20,  7.279117808565E+17,  4.616221658755E+20,  5.978579156637E+19,  8.791971133977E+15,  1.717383789671E+02,  1.340549205638E+01,  1.483324193776E+02,NaN,  9.998776523249E+00,NaN,  1.691009837892E-03,  3.953566893035E-02,NaN,  3.656045017608E+06,  4.703925190753E-07
  7.668159823310E+02,  3.425363742873E+03,  3.460147848761E+03,  3.443883604334E+04,  2.069265762766E+05,  1.724845362174E+05,  8.604457350576E-01,NaN,NaN,  4.242107501822E-03,  8.380826429732E+15,  6.227363905416E+19,  2.106350120720E+20,  7.448980572333E+17,  4.615807950134E+20,  5.981909736253E+19,  8.807221141618E+15,  1.719070228212E+02,  1.346329052353E+01,  1.484433239765E+02,NaN,  9.998714378257E+00,NaN,  1.693942958640E-03,  3.953133315395E-02,NaN,  3.665349792472E+06,  4.717847184681E-07
  8.070239295727E+02,  3.422550714147E+03,  3.456148481665E+03,  3.284836912422E+04,  2.053359550299E+05,  1.724845362174E+05,  8.582725599835E-01,NaN,NaN,  4.295818250284E-03,  8.510603452902E+15,  6.215653114354E+19,  2.107520359519E+20,  7.575600875166E+17,  4.615524799380E+20,  5.984394645165E+19,  8.823007788520E+15,  1.720327353566E+02,  1.350659509508E+01,  1.485257956108E+02,NaN,  9.998647671349E+00,NaN,  1.696979294270E-03,  3.952807836964E-02,NaN,  3.674884756753E+06,  4.732233131279E-07
  8.477836953854E+02,  3.419827494180E+03,  3.452279073851E+03,  3.133188863497E+04,  2.038193304615E+05,  1.724845362174E+05,  8.561646421766E-01,NaN,NaN,  4.350093165750E-03,  8.632959171730E+15,  6.204607202098E+19,  2.108624145019E+20,  7.695256174337E+17,  4.615259202513E+20,  5.986746976536E+19,  8.838422023110E+15,  1.721514928109E+02,  1.354762876431E+01,  1.486035840027E+02,NaN,  9.998580099798E+00,NaN,  1.699944001722E-03,  3.952499026284E-02,NaN,  3.684090283959E+06,  4.746238218442E-07
  8.922463221247E+02,  3.417016276903E+03,  3.448259704093E+03,  2.975577016803E+04,  2.022430597377E+05,  1.724845362174E+05,  8.539705481092E-01,NaN,NaN,  4.409981440810E-03,  8.764168462578E+15,  6.192756810545E+19,  2.109808277461E+20,  7.823863102683E+17,  4.614970303570E+20,  5.989280589876E+19,  8.854583941591E+15,  1.722790767829E+02,  1.359183250410E+01,  1.486870347804E+02,NaN,  9.998506445898E+00,NaN,  1.703052515471E-03,  3.952165949352E-02,NaN,  3.693632237415E+06,  4.760877064264E-07
  9.385327325799E+02,  3.414242437273E+03,  3.444286736108E+03,  2.821414957831E+04,  2.007012893555E+05,  1.724845362174E+05,  8.517978946325E-01,NaN,NaN,  4.472438722800E-03,  8.892722845062E+15,  6.181140998645E+19,  2.110968941768E+20,  7.950167758759E+17,  4.614687017407E+20,  5.991773335216E+19,  8.870708203211E+15,  1.724043279526E+02,  1.363536030851E+01,  1.487688316603E+02,NaN,  9.998429829976E+00,NaN,  1.706153786462E-03,  3.951837551808E-02,NaN,  3.703043720206E+06,  4.775438813784E-07
  9.896660792383E+02,  3.411364461082E+03,  3.440133684747E+03,  2.660059634401E+04,  1.990875825313E+05,  1.724845362174E+05,  8.495215458550E-01,NaN,NaN,  4.542407163758E-03,  9.032014979626E+15,  6.168549030090E+19,  2.112227093140E+20,  8.087352230031E+17,  4.614375260651E+20,  5.994486743030E+19,  8.887725177886E+15,  1.725403053118E+02,  1.368275176471E+01,  1.488574988623E+02,NaN,  9.998345258055E+00,NaN,  1.709426758034E-03,  3.951479555919E-02,NaN,  3.712860291111E+06,  4.790759152231E-07
  1.040307603601E+03,  3.408665385966E+03,  3.436250650683E+03,  2.512590751194E+04,  1.976127505856E+05,  1.724845362174E+05,  8.473877949524E-01,NaN,NaN,  4.611101579353E-03,  9.155551992995E+15,  6.157376297119E+19,  2.113343416319E+20,  8.209320983203E+17,  4.614102470950E+20,  5.996902172095E+19,  8.903781243351E+15,  1.726611588771E+02,  1.372501395969E+01,  1.489361708370E+02,NaN,  9.998261565572E+00,NaN,  1.712514912470E-03,  3.951159922642E-02,NaN,  3.722018792892E+06,  4.805175338859E-07
  1.092612181848E+03,  3.406175461731E+03,  3.432465845655E+03,  2.354269373239E+04,  1.960293817444E+05,  1.724845362174E+05,  8.453072764213E-01,NaN,NaN,  4.690185997098E-03,  9.326369162841E+15,  6.141919383922E+19,  2.114887635914E+20,  8.378376296448E+17,  4.613685497719E+20,  6.000267616267E+19,  8.919592077528E+15,  1.728285173834E+02,  1.378362817118E+01,  1.490449984661E+02,NaN,  9.998175190272E+00,NaN,  1.715555900177E-03,  3.950715978638E-02,NaN,  3.730927233372E+06,  4.819313078214E-07
  1.149203513651E+03,  3.403514451979E+03,  3.428609986999E+03,  2.210484867336E+04,  1.945913994859E+05,  1.724845362174E+05,  8.431805491947E-01,NaN,NaN,  4.768241060710E-03,  9.448657753465E+15,  6.130847938645E+19,  2.115993751403E+20,  8.499757821143E+17,  4.613413243839E+20,  6.002680876612E+19,  8.935818676864E+15,  1.729486912585E+02,  1.382593971561E+01,  1.491229510620E+02,NaN,  9.998081804030E+00,NaN,  1.718676854363E-03,  3.950395134201E-02,NaN,  3.739984315453E+06,  4.833804522945E-07
  1.209347058961E+03,  3.400873755210E+03,  3.424769482234E+03,  2.068640267314E+04,  1.931728157833E+05,  1.724845362174E+05,  8.410586216559E-01,NaN,NaN,  4.851595276776E-03,  9.570044537599E+15,  6.119853485047E+19,  2.117092121656E+20,  8.620517619305E+17,  4.613142339766E+20,  6.005084551683E+19,  8.952123174323E+15,  1.730682004845E+02,  1.386813822130E+01,  1.492003578187E+02,NaN,  9.997982631684E+00,NaN,  1.721812791138E-03,  3.950074841812E-02,NaN,  3.748986721876E+06,  4.848327598248E-07
  1.276001218126E+03,  3.398167242315E+03,  3.420801094478E+03,  1.922290750585E+04,  1.917091802346E+05,  1.724845362174E+05,  8.388621444521E-01,NaN,NaN,  4.945254980575E-03,  9.699082252265E+15,  6.108160920760E+19,  2.118260165122E+20,  8.749184707366E+17,  4.612850495008E+20,  6.007649436600E+19,  8.969122717453E+15,  1.731954752586E+02,  1.391320262755E+01,  1.492826747388E+02,NaN,  9.997872809805E+00,NaN,  1.725082410002E-03,  3.949732466159E-02,NaN,  3.758269453035E+06,  4.863428740557E-07
  1.345540253818E+03,  3.395551412944E+03,  3.416959295060E+03,  1.782934828012E+04,  1.903154858171E+05,  1.724845362174E+05,  8.367300169983E-01,NaN,NaN,  5.042983258456E-03,  9.820703372701E+15,  6.097135547074E+19,  2.119361488764E+20,  8.870743803358E+17,  4.612576854518E+20,  6.010073794101E+19,  8.985725006039E+15,  1.733156696736E+02,  1.395589344003E+01,  1.493602896333E+02,NaN,  9.997758324703E+00,NaN,  1.728275622639E-03,  3.949407858760E-02,NaN,  3.767237302654E+06,  4.878140434037E-07
  1.413512014182E+03,  3.393313611971E+03,  3.413475324458E+03,  1.644407164218E+04,  1.889300758009E+05,  1.724845362174E+05,  8.347964545703E-01,NaN,NaN,  5.149527093262E-03,  9.975180217666E+15,  6.083124864264E+19,  2.120760942443E+20,  9.025490411448E+17,  4.612193449801E+20,  6.013179295686E+19,  9.000926399695E+15,  1.734685600791E+02,  1.401026737592E+01,  1.494589150013E+02,NaN,  9.997646502472E+00,NaN,  1.731199393183E-03,  3.948993738537E-02,NaN,  3.775353959357E+06,  4.891561009467E-07
  1.488473019249E+03,  3.390896044010E+03,  3.409916542012E+03,  1.520061627319E+04,  1.876865000736E+05,  1.724845362174E+05,  8.328143277367E-01,NaN,NaN,  5.255450843163E-03,  1.008005169585E+16,  6.073608563161E+19,  2.121711370832E+20,  9.130832186544E+17,  4.611961480885E+20,  6.015280867462E+19,  9.016553775855E+15,  1.735726417686E+02,  1.404748862250E+01,  1.495258956745E+02,NaN,  9.997523266529E+00,NaN,  1.734205095366E-03,  3.948710292440E-02,NaN,  3.783629315486E+06,  4.905348118276E-07
  1.567262340778E+03,  3.388561599129E+03,  3.406475668182E+03,  1.402047014559E+04,  1.865062417084E+05,  1.724845362174E+05,  8.308949503836E-01,NaN,NaN,  5.366374254382E-03,  1.017770959041E+16,  6.064743777744E+19,  2.122596631292E+20,  9.229127388718E+17,  4.611747942452E+20,  6.017238929043E+19,  9.031781185300E+15,  1.736697133833E+02,  1.408229872642E+01,  1.495882836906E+02,NaN,  9.997393832388E+00,NaN,  1.737133869674E-03,  3.948445159321E-02,NaN,  3.791615567383E+06,  4.918754319051E-07
  1.652911475274E+03,  3.386406837032E+03,  3.403046403766E+03,  1.269496120970E+04,  1.851806063042E+05,  1.724845362174E+05,  8.289813211099E-01,NaN,NaN,  5.505032991027E-03,  1.032969359354E+16,  6.050941404844E+19,  2.123975001616E+20,  9.382381786417E+17,  4.611366389705E+20,  6.020321804702E+19,  9.047100103107E+15,  1.738209575506E+02,  1.413654101994E+01,  1.496854232263E+02,NaN,  9.997253224095E+00,NaN,  1.740080244306E-03,  3.948031103535E-02,NaN,  3.799560303360E+06,  4.932190095715E-07
  1.741380640206E+03,  3.384227425179E+03,  3.399818077736E+03,  1.162933728058E+04,  1.841148794558E+05,  1.724845362174E+05,  8.271738431909E-01,NaN,NaN,  5.630651099030E-03,  1.041460324953E+16,  6.043226705313E+19,  2.124745178290E+20,  9.468240506578E+17,  4.611185063605E+20,  6.022025542041E+19,  9.061602067168E+15,  1.739056721019E+02,  1.416712034002E+01,  1.497397008055E+02,NaN,  9.997108086912E+00,NaN,  1.742869489576E-03,  3.947798144874E-02,NaN,  3.807026258449E+06,  4.944907364346E-07
  1.830539807876E+03,  3.382376630951E+03,  3.396852904247E+03,  1.052612018720E+04,  1.830115577061E+05,  1.724845362174E+05,  8.255142314125E-01,NaN,NaN,  5.776140378490E-03,  1.053888302700E+16,  6.031930982789E+19,  2.125872981028E+20,  9.594088486268E+17,  4.610874730204E+20,  6.024553772233E+19,  9.075036285492E+15,  1.740297687859E+02,  1.421187963030E+01,  1.498191817928E+02,NaN,  9.996961909450E+00,NaN,  1.745453369232E-03,  3.947456239213E-02,NaN,  3.813872345806E+06,  4.956647183930E-07
  1.926721951135E+03,  3.380582034697E+03,  3.393953165544E+03,  9.461215812872E+03,  1.819465520461E+05,  1.724845362174E+05,  8.238885539993E-01,NaN,NaN,  5.935680008768E-03,  1.065940752281E+16,  6.020971893818E+19,  2.126967034037E+20,  9.716424361299E+17,  4.610573063643E+20,  6.027009555636E+19,  9.088259774854E+15,  1.741503323768E+02,  1.425549576739E+01,  1.498962842952E+02,NaN,  9.996804317510E+00,NaN,  1.747996718188E-03,  3.947122951940E-02,NaN,  3.820556915351E+06,  4.968183112634E-07
  2.023829987926E+03,  3.378772894446E+03,  3.391301294560E+03,  8.668456477194E+03,  1.811537185010E+05,  1.724845362174E+05,  8.223968124536E-01,NaN,NaN,  6.070201842622E-03,  1.070921865564E+16,  6.016440049862E+19,  2.127418987055E+20,  9.767113964903E+17,  4.610484454333E+20,  6.027988108350E+19,  9.100399110172E+15,  1.742002662496E+02,  1.427373530216E+01,  1.499281353192E+02,NaN,  9.996645296673E+00,NaN,  1.750331545627E-03,  3.946984688770E-02,NaN,  3.826661080416E+06,  4.978781033368E-07
  2.126819621998E+03,  3.377211941863E+03,  3.388762211212E+03,  7.772745296441E+03,  1.802579237404E+05,  1.724845362174E+05,  8.209693506496E-01,NaN,NaN,  6.241183702383E-03,  1.080796573212E+16,  6.007455157051E+19,  2.128315635148E+20,  9.867643872904E+17,  4.610239988371E+20,  6.029993762794E+19,  9.112113758944E+15,  1.742992682370E+02,  1.430971304930E+01,  1.499913258696E+02,NaN,  9.996476733442E+00,NaN,  1.752584690686E-03,  3.946710035630E-02,NaN,  3.832497571063E+06,  4.988971514070E-07
  2.239205068428E+03,  3.375700651298E+03,  3.386280401517E+03,  6.909748527646E+03,  1.793948454767E+05,  1.724845362174E+05,  8.195723171034E-01,NaN,NaN,  6.430762385020E-03,  1.090332721225E+16,  5.998775010692E+19,  2.129181683875E+20,  9.964908210187E+17,  4.610003761073E+20,  6.031927574510E+19,  9.123627610493E+15,  1.743950002117E+02,  1.434459256804E+01,  1.500523599543E+02,NaN,  9.996292890169E+00,NaN,  1.754799215273E-03,  3.946443909407E-02,NaN,  3.838194812231E+06,  4.998973308116E-07
  2.354662288013E+03,  3.374319763437E+03,  3.384008702455E+03,  6.141353145902E+03,  1.786263823364E+05,  1.724845362174E+05,  8.182921314030E-01,NaN,NaN,  6.626152723317E-03,  1.098591762660E+16,  5.991254468090E+19,  2.129931794337E+20,  1.004929417071E+18,  4.609801501747E+20,  6.033593932654E+19,  9.134220100482E+15,  1.744780037114E+02,  1.437491937391E+01,  1.501052233834E+02,NaN,  9.996104117496E+00,NaN,  1.756836529148E-03,  3.946212845565E-02,NaN,  3.843403151866E+06,  5.008164229910E-07
  2.475907713886E+03,  3.373036302626E+03,  3.381889900782E+03,  5.442607832333E+03,  1.779275740812E+05,  1.724845362174E+05,  8.170961968870E-01,NaN,NaN,  6.832223338899E-03,  1.105923241474E+16,  5.984576138640E+19,  2.130597645101E+20,  1.012431773790E+18,  4.609623913006E+20,  6.035062677585E+19,  9.144145951720E+15,  1.745517469104E+02,  1.440193351247E+01,  1.501521486784E+02,NaN,  9.995905973901E+00,NaN,  1.758745624598E-03,  3.946007422580E-02,NaN,  3.848255289578E+06,  5.016767626565E-07
  2.600230289751E+03,  3.371869698691E+03,  3.379967423478E+03,  4.829536837205E+03,  1.773144481531E+05,  1.724845362174E+05,  8.160094429780E-01,NaN,NaN,  7.042175109380E-03,  1.112055621574E+16,  5.978988073914E+19,  2.131154487004E+20,  1.018715794921E+18,  4.609478654464E+20,  6.036276183707E+19,  9.153189852687E+15,  1.746134600094E+02,  1.442460497238E+01,  1.501913916619E+02,NaN,  9.995702890010E+00,NaN,  1.760485089535E-03,  3.945835583010E-02,NaN,  3.852653123220E+06,  5.024599923393E-07
  2.736449558645E+03,  3.370754217786E+03,  3.378116193426E+03,  4.251375753915E+03,  1.767362360987E+05,  1.724845362174E+05,  8.149622083888E-01,NaN,NaN,  7.273009839541E-03,  1.117748440366E+16,  5.973798837111E+19,  2.131671288364E+20,  1.024556437059E+18,  4.609345023821E+20,  6.037388318234E+19,  9.161933893505E+15,  1.746707624191E+02,  1.444570696550E+01,  1.502278128205E+02,NaN,  9.995480466281E+00,NaN,  1.762166880662E-03,  3.945676189904E-02,NaN,  3.856883741323E+06,  5.032165506104E-07
  2.877979518145E+03,  3.369940359569E+03,  3.376437960295E+03,  3.597575653235E+03,  1.760823793028E+05,  1.724845362174E+05,  8.140151456737E-01,NaN,NaN,  7.585642577282E-03,  1.128057573942E+16,  5.964401731113E+19,  2.132608284933E+20,  1.035142734771E+18,  4.609060131071E+20,  6.039488168181E+19,  9.169917063228E+15,  1.747747216980E+02,  1.448386163637E+01,  1.502938468971E+02,NaN,  9.995249462173E+00,NaN,  1.763702329122E-03,  3.945385066464E-02,NaN,  3.860715427878E+06,  5.039044139189E-07
  3.067889826403E+03,  3.368828477607E+03,  3.374507834863E+03,  3.004994748769E+03,  1.754897482762E+05,  1.724845362174E+05,  8.129221610375E-01,NaN,NaN,  7.937884245396E-03,  1.134244281478E+16,  5.958757308884E+19,  2.133169758376E+20,  1.041508795909E+18,  4.608911394484E+20,  6.040669387174E+19,  9.179107149737E+15,  1.748370536742E+02,  1.450693231653E+01,  1.503334162846E+02,NaN,  9.994939603170E+00,NaN,  1.765469910755E-03,  3.945211907824E-02,NaN,  3.865118023726E+06,  5.046978887344E-07
  3.222992779405E+03,  3.368006169143E+03,  3.373166641659E+03,  2.643659992905E+03,  1.751283831342E+05,  1.724845362174E+05,  8.121607741043E-01,NaN,NaN,  8.198476591163E-03,  1.136805757600E+16,  5.956417465036E+19,  2.133401500056E+20,  1.044148663742E+18,  4.608862902409E+20,  6.041097926083E+19,  9.185507547003E+15,  1.748627597287E+02,  1.451655831284E+01,  1.503497480923E+02,NaN,  9.994686622531E+00,NaN,  1.766700935582E-03,  3.945141877462E-02,NaN,  3.868174626941E+06,  5.052507505341E-07
  3.386035074921E+03,  3.367479658005E+03,  3.371973129183E+03,  2.197460420750E+03,  1.746821475199E+05,  1.724845362174E+05,  8.114856290473E-01,NaN,NaN,  8.588358984996E-03,  1.144159606132E+16,  5.949708027788E+19,  2.134069558280E+20,  1.051726285696E+18,  4.608657581824E+20,  6.042554121954E+19,  9.191244221692E+15,  1.749369791401E+02,  1.454396158332E+01,  1.503968289563E+02,NaN,  9.994420796128E+00,NaN,  1.767804302869E-03,  3.944934447131E-02,NaN,  3.870892835318E+06,  5.057437717032E-07
  3.561445902736E+03,  3.366775184625E+03,  3.370844181685E+03,  1.924544382552E+03,  1.744092093555E+05,  1.724845362174E+05,  8.108438507024E-01,NaN,NaN,  8.879913502971E-03,  1.145408637525E+16,  5.948563121044E+19,  2.134181566323E+20,  1.053017087148E+18,  4.608644991193E+20,  6.042682455027E+19,  9.196656122060E+15,  1.749493489081E+02,  1.454872259289E+01,  1.504047226327E+02,NaN,  9.994134837349E+00,NaN,  1.768845204463E-03,  3.944902807275E-02,NaN,  3.873462425673E+06,  5.062110223232E-07
  3.743790920930E+03,  3.366379392058E+03,  3.369879438097E+03,  1.573966305393E+03,  1.740586046804E+05,  1.724845362174E+05,  8.102972016904E-01,NaN,NaN,  9.339585806441E-03,  1.151363363271E+16,  5.943126861606E+19,  2.134722085923E+20,  1.059162388714E+18,  4.608477581123E+20,  6.043822940843E+19,  9.201315844023E+15,  1.750094023399E+02,  1.457097959331E+01,  1.504428153150E+02,NaN,  9.993837690161E+00,NaN,  1.769741435303E-03,  3.944735839850E-02,NaN,  3.875657053931E+06,  5.066110072155E-07
  3.938405424112E+03,  3.365787198235E+03,  3.368977698094E+03,  1.390812022923E+03,  1.738754367119E+05,  1.724845362174E+05,  8.097843511184E-01,NaN,NaN,  9.634730783597E-03,  1.151198051374E+16,  5.943270854396E+19,  2.134704986468E+20,  1.058994996042E+18,  4.608503980273E+20,  6.043627693910E+19,  9.205651640962E+15,  1.750073590020E+02,  1.457045760760E+01,  1.504416102447E+02,NaN,  9.993520574346E+00,NaN,  1.770575363801E-03,  3.944745869820E-02,NaN,  3.877707354155E+06,  5.069854513327E-07
  4.138461591240E+03,  3.365499902972E+03,  3.368217190085E+03,  1.122571207116E+03,  1.736071777261E+05,  1.724845362174E+05,  8.093527071263E-01,NaN,NaN,  1.016648725778E-02,  1.155900148330E+16,  5.938975144484E+19,  2.135131246720E+20,  1.063851914378E+18,  4.608370774166E+20,  6.044482824605E+19,  9.209339234607E+15,  1.750546836091E+02,  1.458806705243E+01,  1.504716505918E+02,NaN,  9.993194680231E+00,NaN,  1.771284619671E-03,  3.944615529992E-02,NaN,  3.879435772020E+06,  5.073016864028E-07
  4.358507684882E+03,  3.365261621607E+03,  3.367547297194E+03,  8.911957040235E+02,  1.733757848860E+05,  1.724845362174E+05,  8.089724938502E-01,NaN,NaN,  1.077186236871E-02,  1.160042049149E+16,  5.935189261238E+19,  2.135506248483E+20,  1.068134729934E+18,  4.608252665678E+20,  6.045200427864E+19,  9.212592572877E+15,  1.750962896414E+02,  1.460360286795E+01,  1.504980785382E+02,NaN,  9.992836324878E+00,NaN,  1.771910352733E-03,  3.944501915888E-02,NaN,  3.880957672637E+06,  5.075805736544E-07
  4.637026408000E+03,  3.364748799612E+03,  3.366795839374E+03,  7.691883529774E+02,  1.732537691967E+05,  1.724845362174E+05,  8.085450494869E-01,NaN,NaN,  1.117745343470E-02,  1.158936071676E+16,  5.936188207274E+19,  2.135402421171E+20,  1.066994420369E+18,  4.608304206800E+20,  6.044728401536E+19,  9.216218863531E+15,  1.750844601415E+02,  1.459954341099E+01,  1.504907613923E+02,NaN,  9.992382730393E+00,NaN,  1.772607817850E-03,  3.944542219565E-02,NaN,  3.882664237290E+06,  5.078937882075E-07
  4.911834365937E+03,  3.364572392749E+03,  3.366235267890E+03,  5.829221092748E+02,  1.730674927406E+05,  1.724845362174E+05,  8.082263533076E-01,NaN,NaN,  1.198114718908E-02,  1.162407625076E+16,  5.933011182603E+19,  2.135715734802E+20,  1.070585332323E+18,  4.608203880158E+20,  6.045254043468E+19,  9.218949451945E+15,  1.751191263274E+02,  1.461257598216E+01,  1.505128419174E+02,NaN,  9.991935294821E+00,NaN,  1.773133007457E-03,  3.944449844561E-02,NaN,  3.883936854955E+06,  5.081276950900E-07
  5.186642323873E+03,  3.364450326130E+03,  3.365808836956E+03,  4.451411587146E+02,  1.729297169668E+05,  1.724845362174E+05,  8.079839187332E-01,NaN,NaN,  1.281783397727E-02,  1.165048292596E+16,  5.930591971110E+19,  2.135953311413E+20,  1.073318899783E+18,  4.608126591533E+20,  6.045598760565E+19,  9.221028898343E+15,  1.751453445368E+02,  1.462249811085E+01,  1.505295849373E+02,NaN,  9.991487955711E+00,NaN,  1.773532959216E-03,  3.944381644602E-02,NaN,  3.884904693364E+06,  5.083057762261E-07
  5.461450281810E+03,  3.364365894551E+03,  3.365482006514E+03,  3.424930325548E+02,  1.728270604062E+05,  1.724845362174E+05,  8.077981090440E-01,NaN,NaN,  1.368690688802E-02,  1.167071979818E+16,  5.928735538101E+19,  2.136134643119E+20,  1.075415074258E+18,  4.608066440077E+20,  6.045808870578E+19,  9.222623979716E+15,  1.751652847092E+02,  1.463010603196E+01,  1.505423641429E+02,NaN,  9.991040694571E+00,NaN,  1.773839750293E-03,  3.944331439804E-02,NaN,  3.885646328935E+06,  5.084423490901E-07
  5.762023082847E+03,  3.363991162756E+03,  3.365160926068E+03,  3.645864309793E+02,  1.728491422139E+05,  1.724845362174E+05,  8.076132560633E-01,NaN,NaN,  1.347555885830E-02,  1.163299367825E+16,  5.932167092560E+19,  2.135787359866E+20,  1.071514161407E+18,  4.608192098630E+20,  6.044733662307E+19,  9.224163096542E+15,  1.751262129713E+02,  1.461599769625E+01,  1.505178896360E+02,NaN,  9.990551503238E+00,NaN,  1.774135777390E-03,  3.944450703665E-02,NaN,  3.886374792848E+06,  5.085765917005E-07
  6.067488396004E+03,  3.363921450900E+03,  3.364866476038E+03,  2.743000783011E+02,  1.727588514027E+05,  1.724845362174E+05,  8.074465811924E-01,NaN,NaN,  1.446993965236E-02,  1.165119013568E+16,  5.930495550668E+19,  2.135949744389E+20,  1.073397651397E+18,  4.608137270881E+20,  6.044872825385E+19,  9.225602112171E+15,  1.751439944812E+02,  1.462283217527E+01,  1.505293335542E+02,NaN,  9.990054339209E+00,NaN,  1.774412551455E-03,  3.944407534254E-02,NaN,  3.887042729523E+06,  5.086997634377E-07
  6.462927263443E+03,  3.363865201642E+03,  3.364589357682E+03,  1.923289493347E+02,  1.726768785770E+05,  1.724845362174E+05,  8.072897170000E-01,NaN,NaN,  1.581381990523E-02,  1.166831149220E+16,  5.928918723758E+19,  2.136101286728E+20,  1.075170837651E+18,  4.608084181039E+20,  6.044912391488E+19,  9.226957270635E+15,  1.751604614762E+02,  1.462926259297E+01,  1.505400133782E+02,NaN,  9.989410831835E+00,NaN,  1.774673196793E-03,  3.944370451988E-02,NaN,  3.887671255469E+06,  5.088157404207E-07
  6.911573588784E+03,  3.363829691203E+03,  3.364372138974E+03,  1.308337576513E+02,  1.726153794307E+05,  1.724845362174E+05,  8.071667592943E-01,NaN,NaN,  1.741355349248E-02,  1.168172660301E+16,  5.927678065365E+19,  2.136218417972E+20,  1.076560993442E+18,  4.608040671539E+20,  6.044825833630E+19,  9.228020085934E+15,  1.751730218920E+02,  1.463429805887E+01,  1.505482681079E+02,NaN,  9.988680847587E+00,NaN,  1.774877614108E-03,  3.944345966760E-02,NaN,  3.888163860279E+06,  5.089066862615E-07
  7.367775113070E+03,  3.363811312050E+03,  3.364221114457E+03,  9.001687359066E+01,  1.725745728612E+05,  1.724845362174E+05,  8.070809290028E-01,NaN,NaN,  1.912052753578E-02,  1.169106942571E+16,  5.926808690485E+19,  2.136298326851E+20,  1.077529733485E+18,  4.608008390599E+20,  6.044643725709E+19,  9.228759332678E+15,  1.751814136306E+02,  1.463780032752E+01,  1.505538996217E+02,NaN,  9.987938661576E+00,NaN,  1.775019797641E-03,  3.944333661953E-02,NaN,  3.888506317961E+06,  5.089699371319E-07
  7.823976637355E+03,  3.363802699221E+03,  3.364116401752E+03,  6.303321721036E+01,  1.725475909264E+05,  1.724845362174E+05,  8.070212985801E-01,NaN,NaN,  2.090248112009E-02,  1.169754916383E+16,  5.926200559322E+19,  2.136352126525E+20,  1.078202043420E+18,  4.607984087863E+20,  6.044398911081E+19,  9.229272034836E+15,  1.751868868879E+02,  1.464022410000E+01,  1.505576911103E+02,NaN,  9.987196559185E+00,NaN,  1.775118408564E-03,  3.944329752107E-02,NaN,  3.888743744641E+06,  5.090138014221E-07
  8.280178161640E+03,  3.363799276339E+03,  3.364042555138E+03,  4.490992478240E+01,  1.725294324474E+05,  1.724845362174E+05,  8.069792453753E-01,NaN,NaN,  2.275156237937E-02,  1.170211339831E+16,  5.925767213804E+19,  2.136388457853E+20,  1.078675972333E+18,  4.607965128272E+20,  6.044112133099E+19,  9.229633674700E+15,  1.751904072346E+02,  1.464192598497E+01,  1.505602515313E+02,NaN,  9.986454530368E+00,NaN,  1.775187964817E-03,  3.944331461840E-02,NaN,  3.888911177379E+06,  5.090447404760E-07
  8.736379685925E+03,  3.363798649169E+03,  3.363989632019E+03,  3.252291767510E+01,  1.725170267528E+05,  1.724845362174E+05,  8.069491074091E-01,NaN,NaN,  2.466346903621E-02,  1.170537914199E+16,  5.925452355316E+19,  2.136412947435E+20,  1.079015393830E+18,  4.607949791830E+20,  6.043796907887E+19,  9.229892882362E+15,  1.751926035673E+02,  1.464313834632E+01,  1.505619774148E+02,NaN,  9.985712568368E+00,NaN,  1.775237819702E-03,  3.944336982413E-02,NaN,  3.889031166119E+06,  5.090669156900E-07
  9.192581210211E+03,  3.363799441093E+03,  3.363951094167E+03,  2.391446668962E+01,  1.725084172911E+05,  1.724845362174E+05,  8.069271613765E-01,NaN,NaN,  2.663420917773E-02,  1.170775214215E+16,  5.925218960036E+19,  2.136429295443E+20,  1.079262324292E+18,  4.607936946867E+20,  6.043462128356E+19,  9.230081649833E+15,  1.751938895392E+02,  1.464401406899E+01,  1.505631295275E+02,NaN,  9.984970668572E+00,NaN,  1.775274126423E-03,  3.944345123576E-02,NaN,  3.889118538157E+06,  5.090830645939E-07
  9.800849909258E+03,  3.363801396707E+03,  3.363914852085E+03,  1.624132835224E+01,  1.725007463487E+05,  1.724845362174E+05,  8.069065227096E-01,NaN,NaN,  2.933950847034E-02,  1.170997645339E+16,  5.924993514641E+19,  2.136442522926E+20,  1.079494199176E+18,  4.607922443156E+20,  6.042995182516E+19,  9.230259183164E+15,  1.751946458815E+02,  1.464482728944E+01,  1.505640617236E+02,NaN,  9.983981560214E+00,NaN,  1.775308272419E-03,  3.944358737136E-02,NaN,  3.889200703602E+06,  5.090982524255E-07
  1.032775519606E+04,  3.363803366694E+03,  3.363892882404E+03,  1.184089384788E+01,  1.724963822408E+05,  1.724845362174E+05,  8.068940117023E-01,NaN,NaN,  3.175148647858E-02,  1.171131834822E+16,  5.924851597769E+19,  2.136448646967E+20,  1.079634449562E+18,  4.607911512289E+20,  6.042577905543E+19,  9.230366804567E+15,  1.751947045918E+02,  1.464531110707E+01,  1.505644933105E+02,NaN,  9.983124845211E+00,NaN,  1.775328971856E-03,  3.944372246569E-02,NaN,  3.889250510909E+06,  5.091074596240E-07
  1.107155149485E+04,  3.363805865407E+03,  3.363871456387E+03,  7.821830781412E+00,  1.724923642065E+05,  1.724845362174E+05,  8.068818102943E-01,NaN,NaN,  3.521964668890E-02,  1.171261763513E+16,  5.924705556293E+19,  2.136451865664E+20,  1.079770773336E+18,  4.607897742946E+20,  6.041975861658E+19,  9.230471762115E+15,  1.751941807075E+02,  1.464576962399E+01,  1.505647201456E+02,NaN,  9.981915588813E+00,NaN,  1.775349158939E-03,  3.944393063400E-02,NaN,  3.889299085136E+06,  5.091164393051E-07
  1.196417370608E+04,  3.363808293539E+03,  3.363854988574E+03,  4.972123455529E+00,  1.724895141716E+05,  1.724845362174E+05,  8.068724324196E-01,NaN,NaN,  3.944374069086E-02,  1.171360313088E+16,  5.924582650883E+19,  2.136450495487E+20,  1.079874910739E+18,  4.607882820280E+20,  6.041240840299E+19,  9.230552428239E+15,  1.751929668870E+02,  1.464610341159E+01,  1.505646235835E+02,NaN,  9.980464527324E+00,NaN,  1.775364673913E-03,  3.944419729146E-02,NaN,  3.889336418406E+06,  5.091233412125E-07
  1.275360556258E+04,  3.363809912079E+03,  3.363845473420E+03,  3.457939059331E+00,  1.724880019590E+05,  1.724845362174E+05,  8.068670138538E-01,NaN,NaN,  4.319267360914E-02,  1.171416136450E+16,  5.924502546904E+19,  2.136446426120E+20,  1.079934534899E+18,  4.607870497654E+20,  6.040583980914E+19,  9.230599032256E+15,  1.751915739066E+02,  1.464628038738E+01,  1.505643367981E+02,NaN,  9.979181347507E+00,NaN,  1.775373637529E-03,  3.944444231034E-02,NaN,  3.889357989543E+06,  5.091273292429E-07
  1.354303741907E+04,  3.363811085276E+03,  3.363838875301E+03,  2.489034713246E+00,  1.724870282439E+05,  1.724845362174E+05,  8.068632564432E-01,NaN,NaN,  4.689291954861E-02,  1.171453856615E+16,  5.924438961526E+19,  2.136440705327E+20,  1.079975396134E+18,  4.607858680023E+20,  6.039923227047E+19,  9.230631344230E+15,  1.751899963843E+02,  1.464638905299E+01,  1.505639336299E+02,NaN,  9.977898321580E+00,NaN,  1.775379852275E-03,  3.944469262352E-02,NaN,  3.889372947611E+06,  5.091300947108E-07
  1.433246927557E+04,  3.363811929339E+03,  3.363834179799E+03,  1.850534287544E+00,  1.724863935653E+05,  1.724845362174E+05,  8.068605825104E-01,NaN,NaN,  5.049997309130E-02,  1.171479769141E+16,  5.924386150508E+19,  2.136433907477E+20,  1.080004019177E+18,  4.607847191854E+20,  6.039259960225E+19,  9.230654334328E+15,  1.751882985523E+02,  1.464645316277E+01,  1.505634545568E+02,NaN,  9.976615448442E+00,NaN,  1.775384274091E-03,  3.944494638110E-02,NaN,  3.889383592375E+06,  5.091320627536E-07
  1.558016908347E+04,  3.363812694713E+03,  3.363829167312E+03,  1.239350217533E+00,  1.724857717402E+05,  1.724845362174E+05,  8.068577280645E-01,NaN,NaN,  5.582353917126E-02,  1.171505775246E+16,  5.924316323562E+19,  2.136421800014E+20,  1.080033763908E+18,  4.607829452030E+20,  6.038208509969E+19,  9.230678866261E+15,  1.751854628691E+02,  1.464649807902E+01,  1.505626012932E+02,NaN,  9.974588107901E+00,NaN,  1.775388992458E-03,  3.944535180064E-02,NaN,  3.889394955720E+06,  5.091341636730E-07
  1.682786889137E+04,  3.363813049289E+03,  3.363825934688E+03,  8.932533762762E-01,  1.724854346289E+05,  1.724845362174E+05,  8.068558871920E-01,NaN,NaN,  6.058603077906E-02,  1.171520735482E+16,  5.924256574944E+19,  2.136408684671E+20,  1.080052059739E+18,  4.607812020022E+20,  6.037154815255E+19,  9.230694677590E+15,  1.751825148181E+02,  1.464650131087E+01,  1.505616769999E+02,NaN,  9.972561115234E+00,NaN,  1.775392033540E-03,  3.944576040792E-02,NaN,  3.889402284079E+06,  5.091355185949E-07
  1.807556869926E+04,  3.363813078556E+03,  3.363823696802E+03,  6.901035973807E-01,  1.724852264430E+05,  1.724845362174E+05,  8.068546127902E-01,NaN,NaN,  6.462310111013E-02,  1.171529522379E+16,  5.924202459233E+19,  2.136395006145E+20,  1.080063956878E+18,  4.607794760157E+20,  6.036099961160E+19,  9.230705614314E+15,  1.751795041569E+02,  1.464648124619E+01,  1.505607130169E+02,NaN,  9.970534499699E+00,NaN,  1.775394137063E-03,  3.944617076450E-02,NaN,  3.889407357364E+06,  5.091364565864E-07
  1.932326850716E+04,  3.363812947664E+03,  3.363822084264E+03,  5.647937603881E-01,  1.724851133001E+05,  1.724845362174E+05,  8.068536945031E-01,NaN,NaN,  6.794289366255E-02,  1.171534428369E+16,  5.924151884423E+19,  2.136380973479E+20,  1.080071831446E+18,  4.607777608380E+20,  6.035044450660E+19,  9.230713486694E+15,  1.751764542677E+02,  1.464644653535E+01,  1.505597240760E+02,NaN,  9.968508260670E+00,NaN,  1.775395651202E-03,  3.944658219648E-02,NaN,  3.889411012978E+06,  5.091371324708E-07
  2.057096831506E+04,  3.363812625716E+03,  3.363820816058E+03,  4.881796184758E-01,  1.724850200355E+05,  1.724845362174E+05,  8.068529723017E-01,NaN,NaN,  7.046471737260E-02,  1.171537197488E+16,  5.924103259946E+19,  2.136366746036E+20,  1.080077491068E+18,  4.607760516353E+20,  6.033988666550E+19,  9.230719672289E+15,  1.751733829641E+02,  1.464640376099E+01,  1.505587214085E+02,NaN,  9.966482397753E+00,NaN,  1.775396840913E-03,  3.944699419145E-02,NaN,  3.889413888001E+06,  5.091376640321E-07
  2.181866812296E+04,  3.363812298851E+03,  3.363819837124E+03,  4.370581650361E-01,  1.724849925670E+05,  1.724845362174E+05,  8.068524148311E-01,NaN,NaN,  7.244057739604E-02,  1.171538171253E+16,  5.924056272210E+19,  2.136352354338E+20,  1.080081289891E+18,  4.607743473799E+20,  6.032932683514E+19,  9.230724439524E+15,  1.751702936829E+02,  1.464635420930E+01,  1.505577071652E+02,NaN,  9.964456910658E+00,NaN,  1.775397757822E-03,  3.944740664828E-02,NaN,  3.889416107229E+06,  5.091380743473E-07
  2.306636793086E+04,  3.363811797826E+03,  3.363818964188E+03,  4.085466573529E-01,  1.724849348359E+05,  1.724845362174E+05,  8.068519177227E-01,NaN,NaN,  7.367266420324E-02,  1.171538487119E+16,  5.924009884326E+19,  2.136337902479E+20,  1.080084406799E+18,  4.607726449377E+20,  6.031876751291E+19,  9.230728689235E+15,  1.751671980542E+02,  1.464630217425E+01,  1.505566886822E+02,NaN,  9.962431799199E+00,NaN,  1.775398575194E-03,  3.944781923284E-02,NaN,  3.889418086171E+06,  5.091384402349E-07
  2.431406773875E+04,  3.363811496016E+03,  3.363818179362E+03,  3.722504331327E-01,  1.724849604547E+05,  1.724845362174E+05,  8.068514707904E-01,NaN,NaN,  7.540637404315E-02,  1.171538256247E+16,  5.923963996159E+19,  2.136323401002E+20,  1.080086956948E+18,  4.607709440453E+20,  6.030820894296E+19,  9.230732507317E+15,  1.751640972415E+02,  1.464624807673E+01,  1.505556667023E+02,NaN,  9.960407063237E+00,NaN,  1.775399309547E-03,  3.944823191304E-02,NaN,  3.889419865368E+06,  5.091387691916E-07
  2.556176754665E+04,  3.363810840630E+03,  3.363817466139E+03,  3.679613273946E-01,  1.724848912013E+05,  1.724845362174E+05,  8.068510646334E-01,NaN,NaN,  7.562517288112E-02,  1.171537581023E+16,  5.923918513801E+19,  2.136308859102E+20,  1.080089046485E+18,  4.607692444025E+20,  6.029765134940E+19,  9.230735971079E+15,  1.751609922789E+02,  1.464619230274E+01,  1.505546418736E+02,NaN,  9.958382702675E+00,NaN,  1.775399975752E-03,  3.944864465859E-02,NaN,  3.889421482250E+06,  5.091390681368E-07
  2.743331725850E+04,  3.363810098383E+03,  3.363816498814E+03,  3.513894555598E-01,  1.724848871624E+05,  1.724845362174E+05,  8.068505137741E-01,NaN,NaN,  7.650147872530E-02,  1.171535931918E+16,  5.923850870304E+19,  2.136286988026E+20,  1.080091521342E+18,  4.607666966825E+20,  6.028181721966E+19,  9.230740669597E+15,  1.751563290331E+02,  1.464610623966E+01,  1.505531005272E+02,NaN,  9.955346865441E+00,NaN,  1.775400879445E-03,  3.944926384110E-02,NaN,  3.889423675176E+06,  5.091394735883E-07
  2.930486697035E+04,  3.363809344782E+03,  3.363815641874E+03,  3.438452012346E-01,  1.724849052661E+05,  1.724845362174E+05,  8.068500257749E-01,NaN,NaN,  7.691770998760E-02,  1.171533597358E+16,  5.923783848732E+19,  2.136265053288E+20,  1.080093285983E+18,  4.607641507286E+20,  6.026598597060E+19,  9.230744824822E+15,  1.751516595532E+02,  1.464601758511E+01,  1.505515546942E+02,NaN,  9.952311872264E+00,NaN,  1.775401678643E-03,  3.944988307652E-02,NaN,  3.889425617840E+06,  5.091398327731E-07
  3.117641668219E+04,  3.363808521130E+03,  3.363814782478E+03,  3.412453082295E-01,  1.724849007132E+05,  1.724845362174E+05,  8.068495363774E-01,NaN,NaN,  7.706381280085E-02,  1.171531277787E+16,  5.923716812050E+19,  2.136243119460E+20,  1.080095066262E+18,  4.607616046686E+20,  6.025015914065E+19,  9.230748991857E+15,  1.751469910361E+02,  1.464592898531E+01,  1.505500089254E+02,NaN,  9.949277722914E+00,NaN,  1.775402480112E-03,  3.945050215958E-02,NaN,  3.889427566075E+06,  5.091401929877E-07
  3.304796639404E+04,  3.363807701085E+03,  3.363813962392E+03,  3.412422054276E-01,  1.724849064356E+05,  1.724845362174E+05,  8.068490693652E-01,NaN,NaN,  7.706400098632E-02,  1.171528714454E+16,  5.923650000216E+19,  2.136221164155E+20,  1.080096593767E+18,  4.607590593692E+20,  6.023433616307E+19,  9.230752967774E+15,  1.751423209317E+02,  1.464583946833E+01,  1.505484616430E+02,NaN,  9.946244417153E+00,NaN,  1.775403244823E-03,  3.945112116819E-02,NaN,  3.889429425194E+06,  5.091405367263E-07
  3.491951610589E+04,  3.363806857696E+03,  3.363813118049E+03,  3.411728203693E-01,  1.724848991604E+05,  1.724845362174E+05,  8.068485885401E-01,NaN,NaN,  7.706793224846E-02,  1.171526301411E+16,  5.923583049952E+19,  2.136199222144E+20,  1.080098277146E+18,  4.607565135907E+20,  6.021851789957E+19,  9.230757061798E+15,  1.751376531732E+02,  1.464575051683E+01,  1.505469152975E+02,NaN,  9.943211954793E+00,NaN,  1.775404032250E-03,  3.945173998471E-02,NaN,  3.889431339308E+06,  5.091408906323E-07
  3.679106581774E+04,  3.363805871556E+03,  3.363812314129E+03,  3.544772030054E-01,  1.724848562769E+05,  1.724845362174E+05,  8.068481307340E-01,NaN,NaN,  7.633440198763E-02,  1.171523637294E+16,  5.923516327396E+19,  2.136177256784E+20,  1.080099700409E+18,  4.607539684490E+20,  6.020270346768E+19,  9.230760958261E+15,  1.751329836628E+02,  1.464566061591E+01,  1.505453673065E+02,NaN,  9.940180335637E+00,NaN,  1.775404781679E-03,  3.945235872737E-02,NaN,  3.889433161775E+06,  5.091412275958E-07
  3.866261552958E+04,  3.363805121977E+03,  3.363811449315E+03,  3.460486497758E-01,  1.724848738573E+05,  1.724845362174E+05,  8.068476382511E-01,NaN,NaN,  7.679504031690E-02,  1.171521350787E+16,  5.923449258748E+19,  2.136155325378E+20,  1.080101515190E+18,  4.607514221848E+20,  6.018689424657E+19,  9.230765152140E+15,  1.751283188115E+02,  1.464557213809E+01,  1.505438217084E+02,NaN,  9.937149559445E+00,NaN,  1.775405588311E-03,  3.945297721088E-02,NaN,  3.889435122296E+06,  5.091415900833E-07
  4.115801514538E+04,  3.363804052591E+03,  3.363810335873E+03,  3.428396286980E-01,  1.724848845159E+05,  1.724845362174E+05,  8.068470041828E-01,NaN,NaN,  7.697413336828E-02,  1.171518055204E+16,  5.923360052044E+19,  2.136126058716E+20,  1.080103679455E+18,  4.607480275698E+20,  6.016582155413E+19,  9.230770551785E+15,  1.751220976332E+02,  1.464545322703E+01,  1.505417591640E+02,NaN,  9.933109835546E+00,NaN,  1.775406626856E-03,  3.945380169624E-02,NaN,  3.889437646442E+06,  5.091420567843E-07
  4.397794904112E+04,  3.363802810023E+03,  3.363809066098E+03,  3.408616347230E-01,  1.724848828897E+05,  1.724845362174E+05,  8.068462810881E-01,NaN,NaN,  7.708558008186E-02,  1.171514406355E+16,  5.923259211131E+19,  2.136093004044E+20,  1.080106201131E+18,  4.607441925728E+20,  6.014201662947E+19,  9.230776707316E+15,  1.751150705474E+02,  1.464531917683E+01,  1.505394296627E+02,NaN,  9.928546300050E+00,NaN,  1.775407810784E-03,  3.945473313749E-02,NaN,  3.889440525000E+06,  5.091425890134E-07
  4.690708111760E+04,  3.363801511695E+03,  3.363807763146E+03,  3.405256108850E-01,  1.724848824990E+05,  1.724845362174E+05,  8.068455391000E-01,NaN,NaN,  7.710461035148E-02,  1.171510517177E+16,  5.923154559340E+19,  2.136058661474E+20,  1.080108717654E+18,  4.607402094529E+20,  6.011729823570E+19,  9.230783024976E+15,  1.751077720666E+02,  1.464517956560E+01,  1.505370093978E+02,NaN,  9.923807694156E+00,NaN,  1.775409025896E-03,  3.945570040553E-02,NaN,  3.889443478766E+06,  5.091431351501E-07
  4.989070009766E+04,  3.363800187826E+03,  3.363806438248E+03,  3.404507856311E-01,  1.724848824149E+05,  1.724845362174E+05,  8.068447846144E-01,NaN,NaN,  7.710886759686E-02,  1.171506537703E+16,  5.923047945415E+19,  2.136023668421E+20,  1.080111264389E+18,  4.607361510879E+20,  6.009212592362E+19,  9.230789448932E+15,  1.751003380392E+02,  1.464503725239E+01,  1.505345432906E+02,NaN,  9.918982085942E+00,NaN,  1.775410261452E-03,  3.945668549623E-02,NaN,  3.889446482281E+06,  5.091436904868E-07
  5.508272613888E+04,  3.363797883468E+03,  3.363804133418E+03,  3.404162272495E-01,  1.724848823870E+05,  1.724845362174E+05,  8.068434720896E-01,NaN,NaN,  7.711086108602E-02,  1.171499605841E+16,  5.922862407856E+19,  2.135962768374E+20,  1.080115690234E+18,  4.607290881442E+20,  6.004833436427E+19,  9.230800625092E+15,  1.750874035020E+02,  1.464478955561E+01,  1.505302514090E+02,NaN,  9.910587125081E+00,NaN,  1.775412411026E-03,  3.945839939840E-02,NaN,  3.889451707276E+06,  5.091446565693E-07
  6.027475218009E+04,  3.363795577696E+03,  3.363801828492E+03,  3.404774750253E-01,  1.724848824429E+05,  1.724845362174E+05,  8.068421595106E-01,NaN,NaN,  7.710742960317E-02,  1.171492665163E+16,  5.922676799275E+19,  2.135901842614E+20,  1.080120111971E+18,  4.607220222175E+20,  6.000456384638E+19,  9.230811799104E+15,  1.750744710878E+02,  1.464454173264E+01,  1.505259577153E+02,NaN,  9.902196225367E+00,NaN,  1.775414560188E-03,  3.946011265361E-02,NaN,  3.889456932481E+06,  5.091456226954E-07
  6.847028999504E+04,  3.363791939079E+03,  3.363798190022E+03,  3.404877561447E-01,  1.724848824504E+05,  1.724845362174E+05,  8.068400875220E-01,NaN,NaN,  7.710690526822E-02,  1.171481716379E+16,  5.922383877484E+19,  2.135805693102E+20,  1.080127095388E+18,  4.607108709401E+20,  5.993552586880E+19,  9.230829441094E+15,  1.750540692427E+02,  1.464415064517E+01,  1.505191816560E+02,NaN,  9.888961523611E+00,NaN,  1.775417953372E-03,  3.946281535914E-02,NaN,  3.889465180783E+06,  5.091471477939E-07
  7.666582780998E+04,  3.363788300592E+03,  3.363794551503E+03,  3.404851115758E-01,  1.724848824478E+05,  1.724845362174E+05,  8.068380155059E-01,NaN,NaN,  7.710711273395E-02,  1.171470768285E+16,  5.922090973323E+19,  2.135709549207E+20,  1.080134079016E+18,  4.606997201078E+20,  5.986654481426E+19,  9.230847084158E+15,  1.750336787592E+02,  1.464375957712E+01,  1.505124059927E+02,NaN,  9.875737768015E+00,NaN,  1.775421346763E-03,  3.946551636063E-02,NaN,  3.889473429178E+06,  5.091486729219E-07
  9.620230242059E+04,  3.363779624819E+03,  3.363785876300E+03,  3.405256896256E-01,  1.724848824884E+05,  1.724845362174E+05,  8.068330752646E-01,NaN,NaN,  7.710495322401E-02,  1.171444660013E+16,  5.921392629508E+19,  2.135480319468E+20,  1.080150726140E+18,  4.606731331015E+20,  5.970230714869E+19,  9.230889152859E+15,  1.749851071340E+02,  1.464282714395E+01,  1.504962512119E+02,NaN,  9.844253348781E+00,NaN,  1.775429438075E-03,  3.947194928226E-02,NaN,  3.889493095498E+06,  5.091523092728E-07
  1.157387770312E+05,  3.363770948545E+03,  3.363777200125E+03,  3.405321717264E-01,  1.724848824952E+05,  1.724845362174E+05,  8.068281344702E-01,NaN,NaN,  7.710472398090E-02,  1.171418550239E+16,  5.920694302807E+19,  2.135251093513E+20,  1.080167374177E+18,  4.606465453964E+20,  5.953830320046E+19,  9.230931225854E+15,  1.749365807177E+02,  1.464189469933E+01,  1.504800966978E+02,NaN,  9.812813883015E+00,NaN,  1.775437530214E-03,  3.947837615772E-02,NaN,  3.889512763929E+06,  5.091559460836E-07
  1.261678347449E+05,  3.363766313225E+03,  3.363772565857E+03,  3.406081076753E-01,  1.724848825710E+05,  1.724845362174E+05,  8.068254954079E-01,NaN,NaN,  7.710049968580E-02,  1.171404598442E+16,  5.920321292357E+19,  2.135128650432E+20,  1.080176262766E+18,  4.606323426736E+20,  5.945100812482E+19,  9.230953703797E+15,  1.749107193191E+02,  1.464139659062E+01,  1.504714676205E+02,NaN,  9.796079666097E+00,NaN,  1.775441853525E-03,  3.948179786102E-02,NaN,  3.889523269521E+06,  5.091578886612E-07
  1.365968924585E+05,  3.363761678166E+03,  3.363767931029E+03,  3.406245005137E-01,  1.724848825872E+05,  1.724845362174E+05,  8.068228560266E-01,NaN,NaN,  7.709964558596E-02,  1.171390649797E+16,  5.919948300009E+19,  2.135006213935E+20,  1.080185154336E+18,  4.606181403554E+20,  5.936395219993E+19,  9.230976184960E+15,  1.748849044079E+02,  1.464089851143E+01,  1.504628390072E+02,NaN,  9.779391443104E+00,NaN,  1.775446177455E-03,  3.948521073044E-02,NaN,  3.889533776357E+06,  5.091598314886E-07
  1.558338753956E+05,  3.363753128247E+03,  3.363759381228E+03,  3.406322476056E-01,  1.724848825950E+05,  1.724845362174E+05,  8.068179871976E-01,NaN,NaN,  7.709934288148E-02,  1.171364921028E+16,  5.919260330725E+19,  2.134780383814E+20,  1.080201555988E+18,  4.605919435364E+20,  5.920362100025E+19,  9.231017655609E+15,  1.748373359015E+02,  1.463997979376E+01,  1.504469238118E+02,NaN,  9.748656841826E+00,NaN,  1.775454153741E-03,  3.949149838362E-02,NaN,  3.889553158081E+06,  5.091634154342E-07
  1.750708583326E+05,  3.363744577643E+03,  3.363750830758E+03,  3.406411593176E-01,  1.724848826039E+05,  1.724845362174E+05,  8.068131179874E-01,NaN,NaN,  7.709897430109E-02,  1.171339188390E+16,  5.918572373815E+19,  2.134554555123E+20,  1.080217956445E+18,  4.605657458285E+20,  5.904356440800E+19,  9.231059129479E+15,  1.747898202890E+02,  1.463906104932E+01,  1.504310087172E+02,NaN,  9.717975060354E+00,NaN,  1.775462130646E-03,  3.949777813840E-02,NaN,  3.889572541234E+06,  5.091669997115E-07
  1.857070878406E+05,  3.363739846329E+03,  3.363746100541E+03,  3.407203218022E-01,  1.724848826833E+05,  1.724845362174E+05,  8.068104242851E-01,NaN,NaN,  7.709457070233E-02,  1.171324945349E+16,  5.918191760139E+19,  2.134429611945E+20,  1.080227025069E+18,  4.605512511985E+20,  5.895532176866E+19,  9.231082079850E+15,  1.747635913638E+02,  1.463855271184E+01,  1.504222034476E+02,NaN,  9.701059737787E+00,NaN,  1.775466544821E-03,  3.950124114383E-02,NaN,  3.889583264188E+06,  5.091689825964E-07
  1.963433173486E+05,  3.363735115287E+03,  3.363741369736E+03,  3.407371862388E-01,  1.724848827000E+05,  1.724845362174E+05,  8.068077302486E-01,NaN,NaN,  7.709369182278E-02,  1.171310705610E+16,  5.917811165286E+19,  2.134304675622E+20,  1.080236096821E+18,  4.605367569895E+20,  5.886731793944E+19,  9.231105031294E+15,  1.747374088807E+02,  1.463804440516E+01,  1.504133986611E+02,NaN,  9.684190343485E+00,NaN,  1.775470959203E-03,  3.950469534397E-02,NaN,  3.889593988445E+06,  5.091709657429E-07
  2.155699558543E+05,  3.363726562893E+03,  3.363732817463E+03,  3.407450994653E-01,  1.724848827079E+05,  1.724845362174E+05,  8.068028600114E-01,NaN,NaN,  7.709337993196E-02,  1.171284965294E+16,  5.917123216283E+19,  2.134078844419E+20,  1.080252496069E+18,  4.605105565791E+20,  5.870848861420E+19,  9.231146523417E+15,  1.746901290650E+02,  1.463712557815E+01,  1.503974833895E+02,NaN,  9.653744618499E+00,NaN,  1.775478939619E-03,  3.951093161961E-02,NaN,  3.889613375503E+06,  5.091745508840E-07
  2.347965943601E+05,  3.363718009813E+03,  3.363724264517E+03,  3.407540578911E-01,  1.724848827169E+05,  1.724845362174E+05,  8.067979893916E-01,NaN,NaN,  7.709300894724E-02,  1.171259221112E+16,  5.916435279581E+19,  2.133853014625E+20,  1.080268894133E+18,  4.604843552768E+20,  5.854993620504E+19,  9.231188019835E+15,  1.746429025856E+02,  1.463620672428E+01,  1.503815682171E+02,NaN,  9.623352157367E+00,NaN,  1.775486920862E-03,  3.951715984034E-02,NaN,  3.889632763996E+06,  5.091781363579E-07
  2.564774060794E+05,  3.363708358097E+03,  3.363714614090E+03,  3.408467796144E-01,  1.724848828097E+05,  1.724845362174E+05,  8.067924937925E-01,NaN,NaN,  7.708791856541E-02,  1.171230163942E+16,  5.915659084214E+19,  2.133598206805E+20,  1.080287389811E+18,  4.604547907677E+20,  5.837189967273E+19,  9.231234851476E+15,  1.745897816533E+02,  1.463516991133E+01,  1.503636108417E+02,NaN,  9.589225404372E+00,NaN,  1.775495928258E-03,  3.952415572768E-02,NaN,  3.889654640263E+06,  5.091821819677E-07
  2.757094489256E+05,  3.363699796427E+03,  3.363706052537E+03,  3.408545142918E-01,  1.724848828174E+05,  1.724845362174E+05,  8.067876182715E-01,NaN,NaN,  7.708761708731E-02,  1.171204391544E+16,  5.914970609763E+19,  2.133372195306E+20,  1.080303799645E+18,  4.604285659514E+20,  5.821444033900E+19,  9.231276398358E+15,  1.745427518844E+02,  1.463425024518E+01,  1.503476828638E+02,NaN,  9.559043271557E+00,NaN,  1.775503919206E-03,  3.953034567293E-02,NaN,  3.889674048080E+06,  5.091857711587E-07
  2.949414917717E+05,  3.363691234068E+03,  3.363697490313E+03,  3.408634676792E-01,  1.724848828264E+05,  1.724845362174E+05,  8.067827423678E-01,NaN,NaN,  7.708724672811E-02,  1.171178615263E+16,  5.914282147629E+19,  2.133146185212E+20,  1.080320208282E+18,  4.604023402406E+20,  5.805726036126E+19,  9.231317951682E+15,  1.744957759208E+02,  1.463333055205E+01,  1.503317549849E+02,NaN,  9.528914871889E+00,NaN,  1.775511911393E-03,  3.953652740680E-02,NaN,  3.889693457332E+06,  5.091893606827E-07
  3.166104390351E+05,  3.363681579885E+03,  3.363687837419E+03,  3.409562330921E-01,  1.724848829192E+05,  1.724845362174E+05,  8.067772453639E-01,NaN,NaN,  7.708215598271E-02,  1.171149545977E+16,  5.913506002996E+19,  2.132891385237E+20,  1.080338700554E+18,  4.603727727046E+20,  5.788091214323E+19,  9.231364804797E+15,  1.744429801869E+02,  1.463229365181E+01,  1.503137981624E+02,NaN,  9.495112851756E+00,NaN,  1.775520922919E-03,  3.954346525818E-02,NaN,  3.889715338882E+06,  5.091934075075E-07
  3.358347268762E+05,  3.363673014792E+03,  3.363679272443E+03,  3.409639882621E-01,  1.724848829269E+05,  1.724845362174E+05,  8.067723678936E-01,NaN,NaN,  7.708185356672E-02,  1.171123759115E+16,  5.912817474328E+19,  2.132665348124E+20,  1.080355109733E+18,  4.603465414227E+20,  5.772492392274E+19,  9.231406381742E+15,  1.743962313739E+02,  1.463137377565E+01,  1.502978683793E+02,NaN,  9.465213690023E+00,NaN,  1.775528919650E-03,  3.954960469974E-02,NaN,  3.889734754185E+06,  5.091969982941E-07
  3.550590147174E+05,  3.363664449009E+03,  3.363670706795E+03,  3.409729633896E-01,  1.724848829359E+05,  1.724845362174E+05,  8.067674900400E-01,NaN,NaN,  7.708148222647E-02,  1.171097968366E+16,  5.912128957949E+19,  2.132439312405E+20,  1.080371517713E+18,  4.603203092443E+20,  5.756921291687E+19,  9.231447958688E+15,  1.743495359535E+02,  1.463045387245E+01,  1.502819386946E+02,NaN,  9.435367849579E+00,NaN,  1.775536916380E-03,  3.955573595875E-02,NaN,  3.889754170925E+06,  5.092005894141E-07
  3.767878418916E+05,  3.363654760414E+03,  3.363661019483E+03,  3.410652188036E-01,  1.724848830283E+05,  1.724845362174E+05,  8.067619734361E-01,NaN,NaN,  7.707642290813E-02,  1.171068790817E+16,  5.911350296846E+19,  2.132183677476E+20,  1.080390067795E+18,  4.602906408612E+20,  5.739395999452E+19,  9.231494993258E+15,  1.742968889177E+02,  1.462941345478E+01,  1.502639230294E+02,NaN,  9.401776887522E+00,NaN,  1.775545962807E-03,  3.956263891738E-02,NaN,  3.889776130185E+06,  5.092046508499E-07
  3.960066084842E+05,  3.363646190936E+03,  3.363652450122E+03,  3.410729628898E-01,  1.724848830360E+05,  1.724845362174E+05,  8.067570934687E-01,NaN,NaN,  7.707612135350E-02,  1.171042986597E+16,  5.910661637190E+19,  2.131957589532E+20,  1.080406478147E+18,  4.602644001793E+20,  5.723941336089E+19,  9.231536599194E+15,  1.742504135132E+02,  1.462849326577E+01,  1.502479896641E+02,NaN,  9.372155029403E+00,NaN,  1.775553965113E-03,  3.956872883584E-02,NaN,  3.889795555153E+06,  5.092082436357E-07
  4.261136232529E+05,  3.363632761849E+03,  3.363639022223E+03,  3.411580013019E-01,  1.724848831213E+05,  1.724845362174E+05,  8.067494467238E-01,NaN,NaN,  7.707153085562E-02,  1.171002542168E+16,  5.909582610272E+19,  2.131603336406E+20,  1.080432184529E+18,  4.602232820986E+20,  5.699799309586E+19,  9.231601800794E+15,  1.741777335416E+02,  1.462705135892E+01,  1.502230239610E+02,NaN,  9.325882655157E+00,NaN,  1.775566505708E-03,  3.957824703199E-02,NaN,  3.889825993258E+06,  5.092138735136E-07
  4.562148631732E+05,  3.363619329470E+03,  3.363625590185E+03,  3.411815377150E-01,  1.724848831447E+05,  1.724845362174E+05,  8.067417976227E-01,NaN,NaN,  7.707041471800E-02,  1.170962087841E+16,  5.908503471920E+19,  2.131249042081E+20,  1.080457895959E+18,  4.601821563971E+20,  5.675796685166E+19,  9.231667031385E+15,  1.741053185742E+02,  1.462560921287E+01,  1.501980553546E+02,NaN,  9.279878427638E+00,NaN,  1.775579051879E-03,  3.958771526493E-02,NaN,  3.889856440527E+06,  5.092195052527E-07
  4.860783237737E+05,  3.363606004281E+03,  3.363612264445E+03,  3.411402174845E-01,  1.724848831035E+05,  1.724845362174E+05,  8.067342090541E-01,NaN,NaN,  7.707295979409E-02,  1.170921956051E+16,  5.907433090776E+19,  2.130897618260E+20,  1.080483401098E+18,  4.601413611549E+20,  5.652064765623E+19,  9.231731753042E+15,  1.740336368811E+02,  1.462417868279E+01,  1.501732890445E+02,NaN,  9.234393562308E+00,NaN,  1.775591500163E-03,  3.959708291385E-02,NaN,  3.889886646633E+06,  5.092250925487E-07
  5.104524928193E+05,  3.355163013225E+03,  3.355708564104E+03,  1.315185801340E+02,  1.688827166848E+05,  1.687511742370E+05,  8.022256111383E-01,NaN,NaN,  1.742197710246E-02,  1.196679982285E+16,  5.883015229307E+19,  2.132964801866E+20,  1.107356761509E+18,  4.600454641478E+20,  5.638577671579E+19,  9.270697307063E+15,  1.742397277078E+02,  1.472139902717E+01,  1.503189721400E+02,NaN,  9.197573454637E+00,NaN,  1.783085966897E-03,  3.959667154570E-02,NaN,  3.907765062706E+06,  5.125610382028E-07
  5.360249549625E+05,  3.345920559060E+03,  3.346376579331E+03,  1.032907298212E+02,  1.647775189762E+05,  1.646742111010E+05,  7.968844332297E-01,NaN,NaN,  1.854266243882E-02,  1.231349936758E+16,  5.850386453158E+19,  2.135834277372E+20,  1.143721567029E+18,  4.599217375641E+20,  5.626327417839E+19,  9.317602320418E+15,  1.745361880659E+02,  1.485403034326E+01,  1.505211961094E+02,NaN,  9.159169505747E+00,NaN,  1.792107475023E-03,  3.959365333207E-02,NaN,  3.928778807976E+06,  5.165572241100E-07
  5.629962644791E+05,  3.337280384530E+03,  3.337628766906E+03,  7.196069175454E+01,  1.610626500506E+05,  1.609906720737E+05,  7.918564585007E-01,NaN,NaN,  2.033340625321E-02,  1.262440862911E+16,  5.820948634012E+19,  2.138363544862E+20,  1.176555433147E+18,  4.598050920729E+20,  5.612397666902E+19,  9.362439882768E+15,  1.747945865770E+02,  1.497443851567E+01,  1.506994441934E+02,NaN,  9.118903136542E+00,NaN,  1.800731338533E-03,  3.959194832296E-02,NaN,  3.948383852094E+06,  5.203608389402E-07
  5.912328703201E+05,  3.328828466284E+03,  3.329402477060E+03,  1.397143900943E+02,  1.575875236167E+05,  1.574477900639E+05,  7.871109452957E-01,NaN,NaN,  1.725552579346E-02,  1.290278508110E+16,  5.794418730348E+19,  2.140582886742E+20,  1.206138211162E+18,  4.596950930620E+20,  5.596949652004E+19,  9.405383702920E+15,  1.750180758546E+02,  1.508342114386E+01,  1.508558505204E+02,NaN,  9.076995199322E+00,NaN,  1.808990967830E-03,  3.959145771754E-02,NaN,  3.966738319055E+06,  5.239895823986E-07
  6.209520056702E+05,  3.321373644500E+03,  3.321701816831E+03,  6.615086048010E+01,  1.543680198331E+05,  1.543018527644E+05,  7.826560515900E-01,NaN,NaN,  2.083606742773E-02,  1.320825058463E+16,  5.765327468525E+19,  2.143035307880E+20,  1.238780238661E+18,  4.595714331426E+20,  5.581192406840E+19,  9.446311178115E+15,  1.752680058235E+02,  1.520435045302E+01,  1.510286829199E+02,NaN,  9.033155587763E+00,NaN,  1.816862782027E-03,  3.959032596664E-02,NaN,  3.983848641601E+06,  5.274329274241E-07
  6.520774379562E+05,  3.314460636618E+03,  3.314720158620E+03,  4.827993515748E+01,  1.515091882998E+05,  1.514609188268E+05,  7.786027063355E-01,NaN,NaN,  2.257650943951E-02,  1.346878863433E+16,  5.740284599229E+19,  2.145061697758E+20,  1.266796659422E+18,  4.594580213888E+20,  5.563526417008E+19,  9.484005671347E+15,  1.754693336258E+02,  1.530849533285E+01,  1.511714911104E+02,NaN,  8.987523069810E+00,NaN,  1.824112778407E-03,  3.959088864858E-02,NaN,  3.999302102764E+06,  5.305943098920E-07
  6.850391768753E+05,  3.308013706979E+03,  3.308256800414E+03,  4.416652016266E+01,  1.489347283088E+05,  1.488906016057E+05,  7.748402311814E-01,NaN,NaN,  2.311688636927E-02,  1.369649534200E+16,  5.718173843034E+19,  2.146766982883E+20,  1.291419573204E+18,  4.593509834854E+20,  5.543894872722E+19,  9.519408286328E+15,  1.756332262376E+02,  1.540022632633E+01,  1.512916697026E+02,NaN,  8.939499286736E+00,NaN,  1.830921964800E-03,  3.959291740736E-02,NaN,  4.013558354939E+06,  5.335550816159E-07
  7.192947564575E+05,  3.302009087098E+03,  3.302580953921E+03,  1.379571691503E+02,  1.466859769414E+05,  1.465480060074E+05,  7.715257704521E-01,NaN,NaN,  1.741004594560E-02,  1.387390521143E+16,  5.700628877148E+19,  2.147996256864E+20,  1.310708147798E+18,  4.592566125249E+20,  5.522286088696E+19,  9.550897578016E+15,  1.757420295281E+02,  1.547198291976E+01,  1.513783017938E+02,NaN,  8.889907836038E+00,NaN,  1.836978479457E-03,  3.959688762316E-02,NaN,  4.026038153286E+06,  5.361825399749E-07
  7.557260792308E+05,  3.296548661872E+03,  3.296749309916E+03,  3.408238635150E+01,  1.443773840980E+05,  1.443432916090E+05,  7.681176649346E-01,NaN,NaN,  2.472602047153E-02,  1.412287582517E+16,  5.676411526093E+19,  2.149858832845E+20,  1.337856095549E+18,  4.591340160378E+20,  5.500970609074E+19,  9.583697891518E+15,  1.759227851733E+02,  1.557386757272E+01,  1.515095653321E+02,NaN,  8.837508981334E+00,NaN,  1.843287150399E-03,  3.959887451131E-02,NaN,  4.038822281330E+06,  5.389092248043E-07
  7.939462732305E+05,  3.292235115822E+03,  3.292380516705E+03,  2.215577352324E+01,  1.427109167193E+05,  1.426887526547E+05,  7.655569467125E-01,NaN,NaN,  2.756318604595E-02,  1.427816256613E+16,  5.660741103434E+19,  2.150839656624E+20,  1.354901447117E+18,  4.590367671202E+20,  5.476271444403E+19,  9.608526582957E+15,  1.760007568607E+02,  1.563731750500E+01,  1.515786880960E+02,NaN,  8.782903197091E+00,NaN,  1.848062593908E-03,  3.960448588507E-02,NaN,  4.048374266321E+06,  5.409701571883E-07
  8.337042262208E+05,  3.288024233499E+03,  3.288187947382E+03,  2.592065349433E+01,  1.411250491468E+05,  1.410991200033E+05,  7.630961408095E-01,NaN,NaN,  2.652704372031E-02,  1.442199320707E+16,  5.646065821268E+19,  2.151697572688E+20,  1.370750710319E+18,  4.589404118983E+20,  5.450366361998E+19,  9.632574062027E+15,  1.760637559127E+02,  1.569627325515E+01,  1.516391490378E+02,NaN,  8.726480931941E+00,NaN,  1.852687782397E-03,  3.961081494149E-02,NaN,  4.057520663868E+06,  5.429628099338E-07
  8.764758730866E+05,  3.284780250216E+03,  3.284920397017E+03,  2.104876771399E+01,  1.397991798154E+05,  1.397781226768E+05,  7.611756892156E-01,NaN,NaN,  2.796441930106E-02,  1.456865610496E+16,  5.631015882393E+19,  2.152546317177E+20,  1.386962702137E+18,  4.588355491811E+20,  5.422530954891E+19,  9.651489769465E+15,  1.761235431254E+02,  1.575652189908E+01,  1.516989636204E+02,NaN,  8.666201279915E+00,NaN,  1.856325948046E-03,  3.961778833946E-02,NaN,  4.064635327730E+06,  5.445260002499E-07
  9.204986330018E+05,  3.281075758737E+03,  3.281225601905E+03,  2.298756586265E+01,  1.384755870107E+05,  1.384526004322E+05,  7.589996390999E-01,NaN,NaN,  2.737746623290E-02,  1.468025122839E+16,  5.619150940713E+19,  2.153057765582E+20,  1.399366167306E+18,  4.587422254811E+20,  5.393164186092E+19,  9.673009276194E+15,  1.761436994456E+02,  1.580222773593E+01,  1.517350075338E+02,NaN,  8.604603711001E+00,NaN,  1.860464917230E-03,  3.962623075885E-02,NaN,  4.072665807651E+06,  5.463044260216E-07
  9.670555349617E+05,  3.278966315781E+03,  3.279056744593E+03,  1.171588295662E+01,  1.376905963992E+05,  1.376788875746E+05,  7.577210088727E-01,NaN,NaN,  3.241761728198E-02,  1.475576396755E+16,  5.610521110071E+19,  2.153206660590E+20,  1.407815841895E+18,  4.586533401802E+20,  5.361302235068E+19,  9.685728531683E+15,  1.761197234676E+02,  1.583241625877E+01,  1.517455007893E+02,NaN,  8.539943508221E+00,NaN,  1.862911284015E-03,  3.963659560175E-02,NaN,  4.077372598093E+06,  5.473537676916E-07
  1.016695544697E+06,  3.276413203793E+03,  3.276485199570E+03,  8.638636897819E+00,  1.367129190940E+05,  1.367042744564E+05,  7.562046294598E-01,NaN,NaN,  3.500346908492E-02,  1.485723703738E+16,  5.599385035129E+19,  2.153558599739E+20,  1.419159317522E+18,  4.585515653000E+20,  5.328136358336E+19,  9.700895056880E+15,  1.761174271543E+02,  1.587372719104E+01,  1.517703034166E+02,NaN,  8.471530718298E+00,NaN,  1.865828348110E-03,  3.964675340578E-02,NaN,  4.082946470693E+06,  5.486031498306E-07
  1.068080046702E+06,  3.273883267166E+03,  3.273974313276E+03,  1.180487503846E+01,  1.357595933213E+05,  1.357477814001E+05,  7.547224291777E-01,NaN,NaN,  3.239285982910E-02,  1.495474364175E+16,  5.588551071694E+19,  2.153853499976E+20,  1.430093097479E+18,  4.584481945360E+20,  5.293920497974E+19,  9.715785495828E+15,  1.761076565690E+02,  1.591342235335E+01,  1.517910862727E+02,NaN,  8.401279250668E+00,NaN,  1.868692310965E-03,  3.965740367730E-02,NaN,  4.088381739587E+06,  5.498285484121E-07
  1.121610610830E+06,  3.272229171875E+03,  3.272348384588E+03,  1.690181828457E+01,  1.352162528049E+05,  1.351993441576E+05,  7.537610571201E-01,NaN,NaN,  2.962364102867E-02,  1.499463953221E+16,  5.582957944521E+19,  2.153591356815E+20,  1.434657100241E+18,  4.583595894778E+20,  5.257041727740E+19,  9.725457231971E+15,  1.760313664328E+02,  1.592818810958E+01,  1.517726119451E+02,NaN,  8.328695825627E+00,NaN,  1.870552531014E-03,  3.967065218948E-02,NaN,  4.091897608479E+06,  5.506249653445E-07
  1.179508732967E+06,  3.270772077096E+03,  3.270845593423E+03,  8.867907042254E+00,  1.345520162175E+05,  1.345431423734E+05,  7.528741597315E-01,NaN,NaN,  3.481865268431E-02,  1.508977688376E+16,  5.572106654343E+19,  2.153787069964E+20,  1.445373801958E+18,  4.582439950365E+20,  5.218795147334E+19,  9.734463413803E+15,  1.760057464308E+02,  1.596663831051E+01,  1.517864046712E+02,NaN,  8.250831164348E+00,NaN,  1.872284741214E-03,  3.968291961820E-02,NaN,  4.095144591054E+06,  5.513631088070E-07
  1.238504052004E+06,  3.268774284436E+03,  3.268822191527E+03,  5.007038611709E+00,  1.338460533968E+05,  1.338410405982E+05,  7.516766570203E-01,NaN,NaN,  4.018538693594E-02,  1.515530982861E+16,  5.563950414761E+19,  2.153696837056E+20,  1.452821255233E+18,  4.581388340159E+20,  5.179440782110E+19,  9.746597621123E+15,  1.759465840261E+02,  1.599240907581E+01,  1.517800455799E+02,NaN,  8.172254751852E+00,NaN,  1.874618582356E-03,  3.969641121052E-02,NaN,  4.099512457562E+06,  5.523600785317E-07
  1.302272251813E+06,  3.267009871446E+03,  3.267089036177E+03,  9.776854235431E+00,  1.332622825155E+05,  1.332525007210E+05,  7.506504456407E-01,NaN,NaN,  3.400806260681E-02,  1.520164720117E+16,  5.557396684859E+19,  2.153372701516E+20,  1.458150631355E+18,  4.580324987135E+20,  5.136698030961E+19,  9.757028034787E+15,  1.758568179499E+02,  1.600961973859E+01,  1.517572023894E+02,NaN,  8.088119197099E+00,NaN,  1.876624723169E-03,  3.971175644348E-02,NaN,  4.103250162413E+06,  5.532168898326E-07
  1.367400306257E+06,  3.265234778833E+03,  3.265308116933E+03,  8.824676027015E+00,  1.326686682606E+05,  1.326598334407E+05,  7.495943824283E-01,NaN,NaN,  3.490440000241E-02,  1.525102722191E+16,  5.550513827295E+19,  2.153060206338E+20,  1.463829875403E+18,  4.579229508086E+20,  5.093544872411E+19,  9.767788422710E+15,  1.757682342376E+02,  1.602812679150E+01,  1.517351795441E+02,NaN,  8.003049207640E+00,NaN,  1.878694329809E-03,  3.972717767977E-02,NaN,  4.107087405833E+06,  5.541000674694E-07
  1.435770923804E+06,  3.263031610022E+03,  3.263488675760E+03,  1.011566620607E+02,  1.319637561502E+05,  1.318625920873E+05,  7.485140277181E-01,NaN,NaN,  1.897725825563E-02,  1.530276196009E+16,  5.543298745537E+19,  2.152730876983E+20,  1.469787796844E+18,  4.578076153573E+20,  5.048727144513E+19,  9.778825928709E+15,  1.756760698659E+02,  1.604754278416E+01,  1.517119703237E+02,NaN,  7.914675940746E+00,NaN,  1.880817236146E-03,  3.974318261293E-02,NaN,  4.111004024486E+06,  5.550052432718E-07
  1.508164710791E+06,  3.261750265673E+03,  3.261803874680E+03,  5.804802848875E+00,  1.313218019245E+05,  1.313159917726E+05,  7.475179605400E-01,NaN,NaN,  3.878819607728E-02,  1.540931159645E+16,  5.530871077230E+19,  2.152859894983E+20,  1.481898872634E+18,  4.576655195744E+20,  5.003104980178E+19,  9.789123388057E+15,  1.756358698491E+02,  1.609084146682E+01,  1.517210627631E+02,NaN,  7.822082821392E+00,NaN,  1.882797805098E-03,  3.975793617359E-02,NaN,  4.114627547006E+06,  5.558460555452E-07
  1.585072867477E+06,  3.259240822679E+03,  3.259296509911E+03,  6.102173568708E+00,  1.304108377160E+05,  1.304047301806E+05,  7.460296689362E-01,NaN,NaN,  3.832837184846E-02,  1.550550487028E+16,  5.519239991507E+19,  2.152840105068E+20,  1.492894519911E+18,  4.575225959339E+20,  4.954821072441E+19,  9.804479477413E+15,  1.755760961081E+02,  1.612967204101E+01,  1.517196680848E+02,NaN,  7.724870230961E+00,NaN,  1.885751329146E-03,  3.977399045348E-02,NaN,  4.120014366294E+06,  5.571020621266E-07
  1.670426321550E+06,  3.257155409789E+03,  3.257213349755E+03,  6.429482197723E+00,  1.296961440976E+05,  1.296897092108E+05,  7.447919561251E-01,NaN,NaN,  3.784874855018E-02,  1.557359814444E+16,  5.509906900353E+19,  2.152460110790E+20,  1.500772169060E+18,  4.573757187128E+20,  4.900959700212E+19,  9.817294742221E+15,  1.754688720829E+02,  1.615573680605E+01,  1.516928882949E+02,NaN,  7.618358765836E+00,NaN,  1.888216161951E-03,  3.979303122473E-02,NaN,  4.124484555662E+06,  5.581498599877E-07
  1.756239977856E+06,  3.254279078113E+03,  3.254340285533E+03,  6.911428226336E+00,  1.286340461207E+05,  1.286271292291E+05,  7.430838383985E-01,NaN,NaN,  3.719508576125E-02,  1.569329988564E+16,  5.495781918176E+19,  2.152551434285E+20,  1.514487802838E+18,  4.572109488388E+20,  4.848903702267E+19,  9.835082760238E+15,  1.754188604944E+02,  1.620491103783E+01,  1.516993242445E+02,NaN,  7.512733574617E+00,NaN,  1.891637432676E-03,  3.980982759673E-02,NaN,  4.130641944708E+06,  5.596013899596E-07
  1.844083998127E+06,  3.251731663192E+03,  3.251837986040E+03,  1.442125045903E+01,  1.277326598045E+05,  1.277182306836E+05,  7.415941881008E-01,NaN,NaN,  3.096513458612E-02,  1.578870490938E+16,  5.483831923267E+19,  2.152393555803E+20,  1.525497736564E+18,  4.570505333141E+20,  4.795682023507E+19,  9.850661837007E+15,  1.753394956597E+02,  1.624333359148E+01,  1.516881978859E+02,NaN,  7.406069548450E+00,NaN,  1.894633845162E-03,  3.982777606332E-02,NaN,  4.135997349722E+06,  5.608717059294E-07
  1.937320386366E+06,  3.248125484094E+03,  3.248193883577E+03,  8.000034838075E+00,  1.265515559572E+05,  1.265435503263E+05,  7.394209004814E-01,NaN,NaN,  3.590957248091E-02,  1.589414119309E+16,  5.470762797719E+19,  2.152264573089E+20,  1.537687098536E+18,  4.568811700990E+20,  4.740167017680E+19,  9.873482138544E+15,  1.752618059922E+02,  1.628631451204E+01,  1.516791079333E+02,NaN,  7.294484523835E+00,NaN,  1.899023003613E-03,  3.984628349560E-02,NaN,  4.143784167601E+06,  5.627319085150E-07
  2.035763466413E+06,  3.245118733440E+03,  3.245192307435E+03,  8.808958852171E+00,  1.254568847099E+05,  1.254480699798E+05,  7.376303870403E-01,NaN,NaN,  3.507914911770E-02,  1.602178067682E+16,  5.455450103867E+19,  2.152278403062E+20,  1.552443515213E+18,  4.566929625425E+20,  4.682895817643E+19,  9.892444564884E+15,  1.751995646612E+02,  1.633916180416E+01,  1.516800825895E+02,NaN,  7.178417597442E+00,NaN,  1.902670154975E-03,  3.986478325555E-02,NaN,  4.150187119507E+06,  5.642733092054E-07
  2.140455553063E+06,  3.240545979602E+03,  3.240625052701E+03,  9.684099184480E+00,  1.238879208816E+05,  1.238782310133E+05,  7.349018894141E-01,NaN,NaN,  3.429405367648E-02,  1.618707179490E+16,  5.436425419370E+19,  2.152566809593E+20,  1.571563256056E+18,  4.564850070403E+20,  4.623848147086E+19,  9.921521859032E+15,  1.751686574161E+02,  1.640934777764E+01,  1.517004078069E+02,NaN,  7.056993568826E+00,NaN,  1.908262756419E-03,  3.988274541758E-02,NaN,  4.159911138803E+06,  5.666348041820E-07
  2.248611592551E+06,  3.236143287764E+03,  3.236228340518E+03,  1.065829443023E+01,  1.224088834359E+05,  1.223982192738E+05,  7.322708013001E-01,NaN,NaN,  3.351582816392E-02,  1.634096125675E+16,  5.418332496898E+19,  2.152707939231E+20,  1.589459205320E+18,  4.562745443112E+20,  4.563524621215E+19,  9.949790031012E+15,  1.751205599798E+02,  1.647462785834E+01,  1.517103538042E+02,NaN,  6.933664617574E+00,NaN,  1.913699734793E-03,  3.990149560102E-02,NaN,  4.169250654341E+06,  5.689266245834E-07
  2.362927769380E+06,  3.228976878369E+03,  3.229092217390E+03,  1.596313666876E+01,  1.199735105773E+05,  1.199575407361E+05,  7.279911013502E-01,NaN,NaN,  3.034640964252E-02,  1.660971531777E+16,  5.389358921429E+19,  2.153841846058E+20,  1.620672167692E+18,  4.560178917487E+20,  4.503902952364E+19,  9.996277044835E+15,  1.751914822073E+02,  1.659361971653E+01,  1.517902649722E+02,NaN,  6.805674877714E+00,NaN,  1.922640846690E-03,  3.991618163859E-02,NaN,  4.184364725082E+06,  5.726855439351E-07
  2.481139652838E+06,  3.220225471223E+03,  3.220386233128E+03,  2.478693013197E+01,  1.171139678252E+05,  1.170891458852E+05,  7.227557155093E-01,NaN,NaN,  2.724016235969E-02,  1.691618313704E+16,  5.356732466520E+19,  2.155280797220E+20,  1.656470949826E+18,  4.557432934672E+20,  4.444454660305E+19,  1.005398962671E+16,  1.753013006851E+02,  1.673182450356E+01,  1.518916738935E+02,NaN,  6.675868546987E+00,NaN,  1.933741035968E-03,  3.992934683986E-02,NaN,  4.202729492832E+06,  5.773381208342E-07
  2.605213610304E+06,  3.210215613544E+03,  3.210360863701E+03,  2.158276491630E+01,  1.137903460778E+05,  1.137687557929E+05,  7.167086179375E-01,NaN,NaN,  2.826563980075E-02,  1.731008955750E+16,  5.315747793524E+19,  2.157464731625E+20,  1.702771932080E+18,  4.554264501499E+20,  4.385652719960E+19,  1.012189283247E+16,  1.755035967311E+02,  1.691363997051E+01,  1.520455849073E+02,NaN,  6.542425052081E+00,NaN,  1.946801245929E-03,  3.993904946386E-02,NaN,  4.223777038643E+06,  5.827886512339E-07
  2.736506620162E+06,  3.197195108977E+03,  3.197361035599E+03,  2.566791999621E+01,  1.095446235660E+05,  1.095189475476E+05,  7.088375729190E-01,NaN,NaN,  2.715030335592E-02,  1.783570802252E+16,  5.262201073678E+19,  2.160793669962E+20,  1.765114447847E+18,  4.550507483388E+20,  4.328372990690E+19,  1.021228223177E+16,  1.758497210073E+02,  1.716324440238E+01,  1.522801891486E+02,NaN,  6.404323269986E+00,NaN,  1.964186353445E-03,  3.994314260713E-02,NaN,  4.250910516726E+06,  5.900083354027E-07
  2.873424028231E+06,  3.181796426662E+03,  3.182010651107E+03,  3.590839333840E+01,  1.048857084624E+05,  1.048497935342E+05,  6.994991056538E-01,NaN,NaN,  2.505661168499E-02,  1.838363955505E+16,  5.206314759929E+19,  2.164271508039E+20,  1.830914638877E+18,  4.546583030897E+20,  4.270791718240E+19,  1.032248020294E+16,  1.762211985165E+02,  1.743022967710E+01,  1.525252869788E+02,NaN,  6.263696479195E+00,NaN,  1.985381356311E-03,  3.994584172448E-02,NaN,  4.282721568487E+06,  5.987617769698E-07
  3.017473006154E+06,  3.163182047108E+03,  3.163385891129E+03,  3.340467185239E+01,  9.919990813961E+04,  9.916649416825E+04,  6.881088889984E-01,NaN,NaN,  2.562949557067E-02,  1.915317072250E+16,  5.129362829400E+19,  2.169746697194E+20,  1.924597165595E+18,  4.541640959722E+20,  4.218442423302E+19,  1.046164341678E+16,  1.768517909825E+02,  1.781914440076E+01,  1.529111465136E+02,NaN,  6.119487920799E+00,NaN,  2.012147409120E-03,  3.993740802354E-02,NaN,  4.320989789735E+06,  6.097280419700E-07
  3.168691363696E+06,  3.141378823676E+03,  3.141590067659E+03,  3.477947048105E+01,  9.299395159949E+04,  9.295917634176E+04,  6.746958373164E-01,NaN,NaN,  2.551001252990E-02,  2.000054923396E+16,  5.044704157549E+19,  2.175885110258E+20,  2.029708813115E+18,  4.536217677692E+20,  4.167792999652E+19,  1.063241871510E+16,  1.775826367194E+02,  1.826462701485E+01,  1.533437462178E+02,NaN,  5.972218493125E+00,NaN,  2.044993594024E-03,  3.992378094372E-02,NaN,  4.365322698656E+06,  6.230664661352E-07
  3.327214634766E+06,  3.118004239760E+03,  3.118324882691E+03,  6.019461890040E+01,  8.677208816276E+04,  8.671188781997E+04,  6.602833680768E-01,NaN,NaN,  2.237243690135E-02,  2.087801347964E+16,  4.956785644574E+19,  2.182241094439E+20,  2.140817827644E+18,  4.530424240788E+20,  4.117809838203E+19,  1.082487016033E+16,  1.783612989011E+02,  1.874523844777E+01,  1.537916790708E+02,NaN,  5.822299373706E+00,NaN,  2.082008875607E-03,  3.990686841474E-02,NaN,  4.412116227109E+06,  6.379395994122E-07
  3.493737832737E+06,  3.096554683853E+03,  3.096739802604E+03,  2.872277797587E+01,  8.114561188012E+04,  8.111687077198E+04,  6.468296614187E-01,NaN,NaN,  2.706906535149E-02,  2.178509785573E+16,  4.865604717470E+19,  2.188803637321E+20,  2.258182326134E+18,  4.524109030099E+20,  4.068535871608E+19,  1.101370275459E+16,  1.791891505073E+02,  1.926331106824E+01,  1.542541689814E+02,NaN,  5.669552129568E+00,NaN,  2.118328122990E-03,  3.988646218673E-02,NaN,  4.455050901308E+06,  6.523613279586E-07
  3.668493829859E+06,  3.074992053567E+03,  3.075231214821E+03,  4.011024156261E+01,  7.596969586795E+04,  7.592957644831E+04,  6.333441906317E-01,NaN,NaN,  2.504291244115E-02,  2.261410976786E+16,  4.781355975888E+19,  2.194551659382E+20,  2.367860139829E+18,  4.517823359868E+20,  4.016460106694E+19,  1.121239788497E+16,  1.799319181596E+02,  1.975628013632E+01,  1.546592561949E+02,NaN,  5.514225284108E+00,NaN,  2.156544288068E-03,  3.986851292599E-02,NaN,  4.497381666681E+06,  6.673648709954E-07
  3.852353000100E+06,  3.055849497158E+03,  3.056008139945E+03,  2.304417027022E+01,  7.144069180716E+04,  7.141764075126E+04,  6.212310283618E-01,NaN,NaN,  2.891402465831E-02,  2.343249646611E+16,  4.697658470552E+19,  2.200108866428E+20,  2.478437894575E+18,  4.511149327983E+20,  3.963651487961E+19,  1.139978014892E+16,  1.806713116167E+02,  2.026218146593E+01,  1.550508958743E+02,NaN,  5.356041691912E+00,NaN,  2.192584585172E-03,  3.984943703601E-02,NaN,  4.534838521904E+06,  6.813401602629E-07
  4.045948856400E+06,  3.037263131922E+03,  3.037416019572E+03,  2.178754215894E+01,  6.729647587831E+04,  6.727468167279E+04,  6.094601348086E-01,NaN,NaN,  2.947226094943E-02,  2.420701066617E+16,  4.617679499019E+19,  2.205150107871E+20,  2.585337856637E+18,  4.504303103080E+20,  3.908845554658E+19,  1.159045455258E+16,  1.813628413777E+02,  2.075945698824E+01,  1.554061732944E+02,NaN,  5.194981836961E+00,NaN,  2.229258078237E-03,  3.983131596962E-02,NaN,  4.570733341719E+06,  6.953937455971E-07
  4.249416388397E+06,  3.019478273353E+03,  3.019615906988E+03,  1.881324852037E+01,  6.356141802683E+04,  6.354259878885E+04,  5.981410274878E-01,NaN,NaN,  3.072628654877E-02,  2.492509858902E+16,  4.542656547791E+19,  2.209550132163E+20,  2.686505566294E+18,  4.497351560870E+20,  3.851636981982E+19,  1.178240118950E+16,  1.819870193400E+02,  2.123698047521E+01,  1.557162614536E+02,NaN,  5.031511234953E+00,NaN,  2.266176267167E-03,  3.981515711631E-02,NaN,  4.604796744398E+06,  7.093700080842E-07
  4.464535355952E+06,  3.003118925630E+03,  3.003248456889E+03,  1.724393855120E+01,  6.022066592536E+04,  6.020341638945E+04,  5.876925090282E-01,NaN,NaN,  3.154913171608E-02,  2.561805409418E+16,  4.469575130216E+19,  2.213582696776E+20,  2.786071445696E+18,  4.490074206197E+20,  3.792690881661E+19,  1.196772077398E+16,  1.825811143999E+02,  2.171355437969E+01,  1.560004531886E+02,NaN,  4.864805011841E+00,NaN,  2.301819837390E-03,  3.979929442948E-02,NaN,  4.635860828097E+06,  7.226946440829E-07
  4.687792065685E+06,  2.986306996542E+03,  2.986465633718E+03,  2.244925011957E+01,  5.705751206493E+04,  5.703505827363E+04,  5.769377094939E-01,NaN,NaN,  2.967921582108E-02,  2.626153062960E+16,  4.400910750063E+19,  2.217055319532E+20,  2.880335885502E+18,  4.482754372868E+20,  3.732645653904E+19,  1.216707722293E+16,  1.831163828514E+02,  2.217070032029E+01,  1.562451834733E+02,NaN,  4.698158894571E+00,NaN,  2.340163197630E-03,  3.978492092951E-02,NaN,  4.667460030817E+06,  7.368519733088E-07
  4.923288943068E+06,  2.971564229134E+03,  2.971668206692E+03,  1.270765666070E+01,  5.424176109394E+04,  5.422904885554E+04,  5.674274714213E-01,NaN,NaN,  3.436556064065E-02,  2.691956184295E+16,  4.330397436736E+19,  2.220531083401E+20,  2.978521510991E+18,  4.474841641912E+20,  3.672823940251E+19,  1.235149732466E+16,  1.836753639447E+02,  2.265381678797E+01,  1.564901351254E+02,NaN,  4.529036397564E+00,NaN,  2.375633765218E-03,  3.976806936005E-02,NaN,  4.695110810536E+06,  7.497697777415E-07
  5.169555508868E+06,  2.956678315119E+03,  2.956781504501E+03,  1.250517761980E+01,  5.164588469380E+04,  5.163336458820E+04,  5.578269197770E-01,NaN,NaN,  3.465727691020E-02,  2.750328257394E+16,  4.266666552023E+19,  2.223170918131E+20,  3.067321515322E+18,  4.466979443618E+20,  3.610136469861E+19,  1.254558285347E+16,  1.841322146016E+02,  2.309447263430E+01,  1.566761753465E+02,NaN,  4.359153657449E+00,NaN,  2.412963339396E-03,  3.975512567323E-02,NaN,  4.722731785185E+06,  7.631964379183E-07
  5.428872607415E+06,  2.942703916191E+03,  2.942796249513E+03,  1.072189086880E+01,  4.922530182258E+04,  4.921457581727E+04,  5.487830062620E-01,NaN,NaN,  3.616898896536E-02,  2.810109287720E+16,  4.201138101496E+19,  2.225797884909E+20,  3.159864952128E+18,  4.458543047583E+20,  3.548014270621E+19,  1.273648874289E+16,  1.846113249683E+02,  2.355999069147E+01,  1.568613087090E+02,NaN,  4.187575886432E+00,NaN,  2.449681355434E-03,  3.973964542771E-02,NaN,  4.748502400059E+06,  7.762213491023E-07
  5.701232369754E+06,  2.928961884433E+03,  2.929049217105E+03,  9.898888996024E+00,  4.694934521648E+04,  4.693944254603E+04,  5.398699652899E-01,NaN,NaN,  3.705438250723E-02,  2.868049057591E+16,  4.136965405111E+19,  2.228097801739E+20,  3.251219255471E+18,  4.449751691869E+20,  3.485348084575E+19,  1.293273755164E+16,  1.850655629025E+02,  2.402463204080E+01,  1.570233934905E+02,NaN,  4.015049944155E+00,NaN,  2.487427005553E-03,  3.972400758479E-02,NaN,  4.773667855004E+06,  7.894297705345E-07
  5.986680120878E+06,  2.915781887930E+03,  2.915877392258E+03,  1.109195793945E+01,  4.487811916441E+04,  4.486702329771E+04,  5.313057677314E-01,NaN,NaN,  3.616297310681E-02,  2.921669939189E+16,  4.076574077915E+19,  2.229827877737E+20,  3.337322351141E+18,  4.440752730527E+20,  3.421153392188E+19,  1.312931718180E+16,  1.854556171099E+02,  2.446553167771E+01,  1.571453191995E+02,NaN,  3.842240996399E+00,NaN,  2.525236284435E-03,  3.971034956626E-02,NaN,  4.797627263571E+06,  8.024785862461E-07
  6.289091019906E+06,  2.903431072921E+03,  2.903509155907E+03,  8.435825653101E+00,  4.292627953447E+04,  4.291784129135E+04,  5.232490226832E-01,NaN,NaN,  3.887568934500E-02,  2.977509269369E+16,  4.013510702918E+19,  2.231575267927E+20,  3.428525514938E+18,  4.431007867257E+20,  3.357917782566E+19,  1.332217934257E+16,  1.858774529168E+02,  2.493876739197E+01,  1.572684651123E+02,NaN,  3.667658081956E+00,NaN,  2.562330561276E-03,  3.969336498260E-02,NaN,  4.819989842036E+06,  8.150959441090E-07
  6.604787938268E+06,  2.890509636332E+03,  2.890585086016E+03,  8.014395939893E+00,  4.105469191308E+04,  4.104667422930E+04,  5.148079046419E-01,NaN,NaN,  3.953993240426E-02,  3.029009570852E+16,  3.954279439154E+19,  2.232746305773E+20,  3.514214012189E+18,  4.421101326602E+20,  3.293743718849E+19,  1.353262871447E+16,  1.862338167124E+02,  2.538604587105E+01,  1.573509930589E+02,NaN,  3.494174975033E+00,NaN,  2.602807486512E-03,  3.967830883027E-02,NaN,  4.843218852893E+06,  8.286730386091E-07
  6.939260176188E+06,  2.878057113814E+03,  2.878132465920E+03,  7.957671883266E+00,  3.922590934969E+04,  3.921794849047E+04,  5.066597194763E-01,NaN,NaN,  3.977028064391E-02,  3.085207952003E+16,  3.889913624207E+19,  2.234154830654E+20,  3.609310740472E+18,  4.410203554462E+20,  3.232377354059E+19,  1.374489341185E+16,  1.866635153169E+02,  2.589097318946E+01,  1.574502577126E+02,NaN,  3.319640781298E+00,NaN,  2.643633563626E-03,  3.965722605318E-02,NaN,  4.865467745412E+06,  8.421498491909E-07
  7.286918295999E+06,  2.865114876971E+03,  2.865186381372E+03,  7.378615407125E+00,  3.748896131481E+04,  3.748157962477E+04,  4.981679525682E-01,NaN,NaN,  4.070119785589E-02,  3.136517098917E+16,  3.829960996268E+19,  2.234933492860E+20,  3.697821352674E+18,  4.399163364176E+20,  3.170528869033E+19,  1.397586459089E+16,  1.870188297537E+02,  2.636316586812E+01,  1.575051333028E+02,NaN,  3.147842525244E+00,NaN,  2.688057564805E-03,  3.963843599948E-02,NaN,  4.888461395551E+06,  8.565887426966E-07
  7.652943159717E+06,  2.853058548190E+03,  2.853123896818E+03,  6.509123350451E+00,  3.586255376833E+04,  3.585604186563E+04,  4.902420556153E-01,NaN,NaN,  4.216608339731E-02,  3.189537788268E+16,  3.767822775209E+19,  2.235663780665E+20,  3.790900663562E+18,  4.387295127667E+20,  3.110913027224E+19,  1.420145958839E+16,  1.874022777267E+02,  2.686604175162E+01,  1.575565997462E+02,NaN,  2.976904781372E+00,NaN,  2.731447534396E-03,  3.961592739857E-02,NaN,  4.909761166736E+06,  8.704509022820E-07
  8.038980584180E+06,  2.841187241561E+03,  2.841249359858E+03,  6.051305627164E+00,  3.432782984726E+04,  3.432177589963E+04,  4.824254270537E-01,NaN,NaN,  4.311414171143E-02,  3.240979390566E+16,  3.706695397957E+19,  2.236003383088E+20,  3.882925687229E+18,  4.374827693555E+20,  3.051684951922E+19,  1.443390722625E+16,  1.877569522925E+02,  2.736667991765E+01,  1.575805329527E+02,NaN,  2.806963266566E+00,NaN,  2.776155511302E-03,  3.959292084093E-02,NaN,  4.930612748174E+06,  8.844978712612E-07
  8.441505146513E+06,  2.829575087611E+03,  2.829634115213E+03,  5.623420421078E+00,  3.289100160061E+04,  3.288537567898E+04,  4.747625014003E-01,NaN,NaN,  4.408632322859E-02,  3.290347084145E+16,  3.647179144473E+19,  2.235945410405E+20,  3.972896924571E+18,  4.361871235913E+20,  2.993697491262E+19,  1.467193098069E+16,  1.880786317192E+02,  2.785902664399E+01,  1.575764473747E+02,NaN,  2.640335764520E+00,NaN,  2.821935974440E-03,  3.956962811831E-02,NaN,  4.950898281417E+06,  8.986380429534E-07
  8.870117201272E+06,  2.818155420155E+03,  2.818207659511E+03,  4.753025410136E+00,  3.153759396435E+04,  3.153283868017E+04,  4.672135982172E-01,NaN,NaN,  4.616118680771E-02,  3.338053800341E+16,  3.588630645570E+19,  2.235412823147E+20,  4.061462468839E+18,  4.348160525565E+20,  2.935497655770E+19,  1.491709536265E+16,  1.883607815080E+02,  2.834498388393E+01,  1.575389137177E+02,NaN,  2.474014816493E+00,NaN,  2.869089835102E-03,  3.954629159674E-02,NaN,  4.970748107396E+06,  9.129494363346E-07
  9.322314940114E+06,  2.806760563525E+03,  2.806814980474E+03,  4.992399014139E+00,  3.023779723320E+04,  3.023280254505E+04,  4.596727981675E-01,NaN,NaN,  4.577983148140E-02,  3.385272049744E+16,  3.529972105411E+19,  2.234550743325E+20,  4.150717215685E+18,  4.333648414695E+20,  2.878953806316E+19,  1.517319497302E+16,  1.886288697273E+02,  2.883766564010E+01,  1.574781593384E+02,NaN,  2.310126401929E+00,NaN,  2.918346930470E-03,  3.952122203011E-02,NaN,  4.990435427041E+06,  9.276299712976E-07
  9.798932239549E+06,  2.794962833619E+03,  2.795014605283E+03,  4.645476886693E+00,  2.892521008530E+04,  2.892056244078E+04,  4.518508100791E-01,NaN,NaN,  4.680703257714E-02,  3.435230484615E+16,  3.468001713765E+19,  2.233670689526E+20,  4.246846062907E+18,  4.318015999660E+20,  2.826741329600E+19,  1.545167494215E+16,  1.889451687381E+02,  2.937667407708E+01,  1.574161382575E+02,NaN,  2.149384494993E+00,NaN,  2.971908567592E-03,  3.949030214143E-02,NaN,  5.010718830825E+06,  9.432861642621E-07
  1.029338849905E+07,  2.783844862962E+03,  2.783894243132E+03,  4.338420455715E+00,  2.775970064321E+04,  2.775536015982E+04,  4.444667680539E-01,NaN,NaN,  4.780466003004E-02,  3.479945096971E+16,  3.410824132313E+19,  2.232061362780E+20,  4.334611143989E+18,  4.302071983890E+20,  2.774699952937E+19,  1.572722049782E+16,  1.891655609613E+02,  2.986519188439E+01,  1.573027222545E+02,NaN,  1.994621916515E+00,NaN,  3.024905812272E-03,  3.946278958433E-02,NaN,  5.029733174915E+06,  9.584761257249E-07
  1.080991778901E+07,  2.773114055624E+03,  2.773160307818E+03,  3.955288933882E+00,  2.669056082123E+04,  2.668660413161E+04,  4.373289100596E-01,NaN,NaN,  4.911378581498E-02,  3.521538345732E+16,  3.356249370544E+19,  2.229879953902E+20,  4.417761274789E+18,  4.285545931426E+20,  2.723666789415E+19,  1.600616479671E+16,  1.893219676369E+02,  3.032487451211E+01,  1.571489892252E+02,NaN,  1.845025342815E+00,NaN,  3.078556756578E-03,  3.943660830671E-02,NaN,  5.047995270523E+06,  9.735552129315E-07
  1.135188388857E+07,  2.762494216796E+03,  2.762538188284E+03,  3.678183055748E+00,  2.558213749656E+04,  2.557845746665E+04,  4.302591325034E-01,NaN,NaN,  5.020964132490E-02,  3.570622082985E+16,  3.293625872014E+19,  2.228142500872E+20,  4.517430112253E+18,  4.267316664806E+20,  2.681588890047E+19,  1.629598734374E+16,  1.896253262655E+02,  3.089539939758E+01,  1.570265436259E+02,NaN,  1.700248942046E+00,NaN,  3.134299976251E-03,  3.939777213651E-02,NaN,  5.065979289579E+06,  9.888958171678E-07
  1.192889586473E+07,  2.751724099284E+03,  2.751763276077E+03,  3.136555960986E+00,  2.458544816381E+04,  2.458230993487E+04,  4.230733928771E-01,NaN,NaN,  5.245961895450E-02,  3.611892079056E+16,  3.238000182824E+19,  2.225207866994E+20,  4.603069109717E+18,  4.248609321229E+20,  2.635707243210E+19,  1.660441832523E+16,  1.897533403394E+02,  3.137172041915E+01,  1.568197276729E+02,NaN,  1.558698625038E+00,NaN,  3.193622262011E-03,  3.936695348519E-02,NaN,  5.084133375118E+06,  1.004898717414E-06
  1.252538997327E+07,  2.740941814454E+03,  2.741058699395E+03,  1.339950394405E+01,  2.362857641666E+04,  2.361516923348E+04,  4.159240600191E-01,NaN,NaN,  3.663693504580E-02,  3.652367213310E+16,  3.182773973190E+19,  2.221964870551E+20,  4.688540599230E+18,  4.229132479100E+20,  2.593829307039E+19,  1.692659359931E+16,  1.898672656047E+02,  3.184797341423E+01,  1.565911801172E+02,NaN,  1.424856485205E+00,NaN,  3.255588065776E-03,  3.933413388337E-02,NaN,  5.102081217607E+06,  1.021254500896E-06
  1.315337317977E+07,  2.730859927123E+03,  2.730898626737E+03,  3.053334604461E+00,  2.269681244998E+04,  2.269375751372E+04,  4.091353290298E-01,NaN,NaN,  5.323307183696E-02,  3.697111644650E+16,  3.122593951690E+19,  2.218775363954E+20,  4.784575379750E+18,  4.207961035428E+20,  2.558984201310E+19,  1.724827058568E+16,  1.900625648815E+02,  3.239637852878E+01,  1.563664022151E+02,NaN,  1.296466679566E+00,NaN,  3.317458031030E-03,  3.929229663696E-02,NaN,  5.119035801937E+06,  1.037216069204E-06
  1.382550481802E+07,  2.721081339661E+03,  2.721118826812E+03,  2.911763111555E+00,  2.184310116043E+04,  2.184018785616E+04,  4.025916731108E-01,NaN,NaN,  5.407240506221E-02,  3.738643862647E+16,  3.064664291537E+19,  2.214736512733E+20,  4.875560285402E+18,  4.185526103941E+20,  2.523866770322E+19,  1.757329895215E+16,  1.901633586052E+02,  3.290635801368E+01,  1.560817674365E+02,NaN,  1.171853182375E+00,NaN,  3.379972586291E-03,  3.925259878653E-02,NaN,  5.135282434662E+06,  1.052997915659E-06
  1.451761950082E+07,  2.710339080910E+03,  2.710377234843E+03,  2.964389885335E+00,  2.098721295573E+04,  2.098424618010E+04,  3.953931204345E-01,NaN,NaN,  5.405716731730E-02,  3.778311752688E+16,  3.008243453321E+19,  2.210278469940E+20,  4.964112459354E+18,  4.162411790405E+20,  2.492455053118E+19,  1.794879591095E+16,  1.902276555897E+02,  3.340047016877E+01,  1.557675904703E+02,NaN,  1.056142756595E+00,NaN,  3.452194053099E-03,  3.921222495178E-02,NaN,  5.153044438580E+06,  1.070821751200E-06
  1.525339961036E+07,  2.700694566963E+03,  2.700728070283E+03,  2.480034715204E+00,  2.021012820198E+04,  2.020764678735E+04,  3.889225750629E-01,NaN,NaN,  5.673869980442E-02,  3.818162048069E+16,  2.950732660384E+19,  2.205318757932E+20,  5.054673237558E+18,  4.137575364519E+20,  2.464311469828E+19,  1.830430014946E+16,  1.902712045193E+02,  3.390395604131E+01,  1.554180587713E+02,NaN,  9.456691365354E-01,NaN,  3.520570206246E-03,  3.916891467011E-02,NaN,  5.168927046305E+06,  1.087286517255E-06
  1.602262593645E+07,  2.690849499842E+03,  2.690881969785E+03,  2.366115733774E+00,  1.943877504211E+04,  1.943640759994E+04,  3.823131444407E-01,NaN,NaN,  5.763613262754E-02,  3.859047985169E+16,  2.891525713092E+19,  2.200070187089E+20,  5.149294733211E+18,  4.111242239997E+20,  2.441572729269E+19,  1.868599236518E+16,  1.903293026511E+02,  3.443503565659E+01,  1.550481699791E+02,NaN,  8.425030321461E-01,NaN,  3.593983242071E-03,  3.912061623750E-02,NaN,  5.185063055284E+06,  1.104546582423E-06
  1.683743368801E+07,  2.681175784253E+03,  2.681206837027E+03,  2.217828895884E+00,  1.871618644604E+04,  1.871396735197E+04,  3.758116806633E-01,NaN,NaN,  5.880600076291E-02,  3.898215437458E+16,  2.833146214976E+19,  2.194107863299E+20,  5.241740648000E+18,  4.083331685903E+20,  2.420765793678E+19,  1.908101791852E+16,  1.903217336320E+02,  3.494462642141E+01,  1.546279800243E+02,NaN,  7.454572254724E-01,NaN,  3.669960754592E-03,  3.907222813945E-02,NaN,  5.200849705614E+06,  1.121975421056E-06
  1.768177296039E+07,  2.670739931556E+03,  2.670770054274E+03,  2.117607356196E+00,  1.801496741711E+04,  1.801284863207E+04,  3.687878987144E-01,NaN,NaN,  5.974451074972E-02,  3.933970762925E+16,  2.777709818773E+19,  2.187457094011E+20,  5.327791817028E+18,  4.054573256269E+20,  2.401299927454E+19,  1.953076679128E+16,  1.902233407491E+02,  3.540366382022E+01,  1.541592724289E+02,NaN,  6.566480364302E-01,NaN,  3.756463514534E-03,  3.902654493920E-02,NaN,  5.217802752151E+06,  1.141316767385E-06
  1.858119438814E+07,  2.661273004851E+03,  2.661300155384E+03,  1.834083450163E+00,  1.736861824719E+04,  1.736678304717E+04,  3.624096542906E-01,NaN,NaN,  6.217396555400E-02,  3.970742961921E+16,  2.720173760309E+19,  2.180255663139E+20,  5.417810018978E+18,  4.023511029888E+20,  2.386018312356E+19,  1.996232751504E+16,  1.901118306354E+02,  3.588257062970E+01,  1.536517574031E+02,NaN,  5.736631346208E-01,NaN,  3.839468044281E-03,  3.897646433330E-02,NaN,  5.233117125531E+06,  1.159370083472E-06
  1.952718180088E+07,  2.651378106675E+03,  2.651406049340E+03,  1.895265779381E+00,  1.670464667122E+04,  1.670275028996E+04,  3.557414253726E-01,NaN,NaN,  6.192228720705E-02,  4.010017738178E+16,  2.659240702606E+19,  2.172761900829E+20,  5.515683206466E+18,  3.990220071586E+20,  2.377458313046E+19,  2.043883488170E+16,  1.900403652863E+02,  3.641519913489E+01,  1.531236405551E+02,NaN,  4.975944788708E-01,NaN,  3.931117417622E-03,  3.891851890984E-02,NaN,  5.249048737580E+06,  1.178763835670E-06
  2.051546705569E+07,  2.642031463917E+03,  2.642058623825E+03,  1.815189431965E+00,  1.612090239343E+04,  1.611908612445E+04,  3.494361164033E-01,NaN,NaN,  6.284281469527E-02,  4.044890418049E+16,  2.602052954935E+19,  2.164326675966E+20,  5.604368654136E+18,  3.955675213844E+20,  2.368049507046E+19,  2.091476836885E+16,  1.898304797379E+02,  3.686851308945E+01,  1.525291748939E+02,NaN,  4.287690980568E-01,NaN,  4.022656413448E-03,  3.886603391311E-02,NaN,  5.264035923663E+06,  1.197603877549E-06
  2.155012301417E+07,  2.632356974333E+03,  2.632382694409E+03,  1.678714071207E+00,  1.552870894367E+04,  1.552702921201E+04,  3.429039219090E-01,NaN,NaN,  6.434944471903E-02,  4.081551138869E+16,  2.542243558374E+19,  2.155532798772E+20,  5.699248473914E+18,  3.918917776759E+20,  2.364612036875E+19,  2.143615867249E+16,  1.896428198148E+02,  3.736237189170E+01,  1.519094334994E+02,NaN,  3.668914853293E-01,NaN,  4.122938377460E-03,  3.880694510635E-02,NaN,  5.279484581147E+06,  1.217656159592E-06
  2.266262332307E+07,  2.622878756892E+03,  2.622903792863E+03,  1.610585028085E+00,  1.498300771842E+04,  1.498139615228E+04,  3.364970929940E-01,NaN,NaN,  6.528750550594E-02,  4.116085793020E+16,  2.483166467218E+19,  2.145602209003E+20,  5.790373066176E+18,  3.879435584138E+20,  2.361057002868E+19,  2.197745215724E+16,  1.893317686218E+02,  3.780774470485E+01,  1.512095832039E+02,NaN,  3.102136645745E-01,NaN,  4.227048433549E-03,  3.874981330591E-02,NaN,  5.294554717708E+06,  1.237863291011E-06
  2.383033525076E+07,  2.612910874784E+03,  2.612933718408E+03,  1.417037631022E+00,  1.441580365980E+04,  1.441438571649E+04,  3.297545556766E-01,NaN,NaN,  6.770689691307E-02,  4.153410841548E+16,  2.420316941321E+19,  2.135315440103E+20,  5.890648546451E+18,  3.837180551104E+20,  2.364522850461E+19,  2.258241917976E+16,  1.890648255452E+02,  3.831582900122E+01,  1.504846314718E+02,NaN,  2.600216669926E-01,NaN,  4.343405183486E-03,  3.868367032286E-02,NaN,  5.310337896362E+06,  1.259742403844E-06
  2.503055109783E+07,  2.603480510673E+03,  2.603503949848E+03,  1.458332490873E+00,  1.391887512317E+04,  1.391741593611E+04,  3.233735927055E-01,NaN,NaN,  6.750486330189E-02,  4.186465943159E+16,  2.361429789057E+19,  2.124225089195E+20,  5.981206560941E+18,  3.793865630559E+20,  2.366510344970E+19,  2.319084946640E+16,  1.886603716557E+02,  3.873604382589E+01,  1.497030479464E+02,NaN,  2.168194553072E-01,NaN,  4.460428042716E-03,  3.862396115016E-02,NaN,  5.325202124931E+06,  1.281048360395E-06
  2.630535929813E+07,  2.593647128860E+03,  2.593670027586E+03,  1.405354685438E+00,  1.341078813155E+04,  1.340938190455E+04,  3.167115133805E-01,NaN,NaN,  6.843443034805E-02,  4.221551099365E+16,  2.299203374610E+19,  2.112472658267E+20,  6.079059294741E+18,  3.747155863370E+20,  2.373554039438E+19,  2.386656529587E+16,  1.882558525614E+02,  3.919775939526E+01,  1.488748048664E+02,NaN,  1.786979074940E-01,NaN,  4.590392313281E-03,  3.855712885405E-02,NaN,  5.340637986018E+06,  1.303927055184E-06
  2.762096547497E+07,  2.582834413905E+03,  2.582857903623E+03,  1.444398481259E+00,  1.290469153765E+04,  1.290324591154E+04,  3.093790465386E-01,NaN,NaN,  6.830304614479E-02,  4.254649990355E+16,  2.238500896986E+19,  2.100056178873E+20,  6.173129904693E+18,  3.698778812335E+20,  2.381087042267E+19,  2.466210415564E+16,  1.877675018752E+02,  3.961668951043E+01,  1.479997635068E+02,NaN,  1.463054551812E-01,NaN,  4.743402829102E-03,  3.849218483670E-02,NaN,  5.357532639645E+06,  1.329890972397E-06
  2.901074896761E+07,  2.572642442877E+03,  2.572663682194E+03,  1.254999637873E+00,  1.241312764593E+04,  1.241187185170E+04,  3.024637960929E-01,NaN,NaN,  7.107980617088E-02,  4.290791330049E+16,  2.173515774855E+19,  2.087096519753E+20,  6.277733221861E+18,  3.646573661565E+20,  2.394947493809E+19,  2.546867490165E+16,  1.873141801541E+02,  4.010446042947E+01,  1.470864419947E+02,NaN,  1.183791947913E-01,NaN,  4.898535170380E-03,  3.841739126914E-02,NaN,  5.373388806284E+06,  1.355180876371E-06
  3.046797633023E+07,  2.562709162722E+03,  2.562730889475E+03,  1.285556812067E+00,  1.196706033645E+04,  1.196577398919E+04,  2.957210248409E-01,NaN,NaN,  7.098275289355E-02,  4.324355176858E+16,  2.110207191536E+19,  2.073098532372E+20,  6.376753223389E+18,  3.591729080046E+20,  2.406986871061E+19,  2.631206835750E+16,  1.867223782088E+02,  4.052263349438E+01,  1.460999451368E+02,NaN,  9.473882786614E-02,NaN,  5.060749832977E-03,  3.834675633400E-02,NaN,  5.388770653177E+06,  1.380611072679E-06
  3.200412261185E+07,  2.552378854084E+03,  2.552400064091E+03,  1.236849460335E+00,  1.151352840701E+04,  1.151229080328E+04,  2.887041266420E-01,NaN,NaN,  7.202334026370E-02,  4.359672926507E+16,  2.043927713290E+19,  2.058375167056E+20,  6.482986185346E+18,  3.533019549651E+20,  2.423253036266E+19,  2.725601977627E+16,  1.861223725275E+02,  4.097995529210E+01,  1.450623278545E+02,NaN,  7.484707549536E-02,NaN,  5.242305380796E-03,  3.826910474791E-02,NaN,  5.404698475312E+06,  1.407922030146E-06
  3.362115887708E+07,  2.541942976853E+03,  2.541963612105E+03,  1.184419282041E+00,  1.107692474509E+04,  1.107573959485E+04,  2.816105020713E-01,NaN,NaN,  7.317346119331E-02,  4.394727906940E+16,  1.976781909373E+19,  2.042701353937E+20,  6.590527645607E+18,  3.470633300424E+20,  2.440409624285E+19,  2.828601963504E+16,  1.854437426679E+02,  4.142222091436E+01,  1.439577285309E+02,NaN,  5.835281156980E-02,NaN,  5.440411114727E-03,  3.818982390497E-02,NaN,  5.420716734690E+06,  1.436443625085E-06
  3.530245383940E+07,  2.531085089297E+03,  2.531107810570E+03,  1.337233715937E+00,  1.068946360262E+04,  1.068812692982E+04,  2.742214043307E-01,NaN,NaN,  7.136325056648E-02,  4.424021936147E+16,  1.914840412005E+19,  2.025704880038E+20,  6.681741513283E+18,  3.406269055784E+20,  2.449015551204E+19,  2.944723854657E+16,  1.845001484884E+02,  4.168958358198E+01,  1.427599157567E+02,NaN,  4.498539482159E-02,NaN,  5.663754955764E-03,  3.812541708093E-02,NaN,  5.437301919313E+06,  1.467150066385E-06
  3.708367876297E+07,  2.520496418818E+03,  2.520516180773E+03,  1.102488432530E+00,  1.028977661285E+04,  1.028867342025E+04,  2.670122159164E-01,NaN,NaN,  7.528442731667E-02,  4.458132334831E+16,  1.846490817517E+19,  2.008061557828E+20,  6.790101849050E+18,  3.336404202717E+20,  2.466006517155E+19,  3.068070134615E+16,  1.836352696340E+02,  4.207873539603E+01,  1.415165168702E+02,NaN,  3.411637390686E-02,NaN,  5.900993874883E-03,  3.804508599884E-02,NaN,  5.453408626227E+06,  1.498177845121E-06
  3.895831031308E+07,  2.509782531677E+03,  2.509801627785E+03,  1.045729337600E+00,  9.907082372097E+03,  9.906035994334E+03,  2.597263521826E-01,NaN,NaN,  7.669637795213E-02,  4.491822525532E+16,  1.777374933024E+19,  1.989314198372E+20,  6.899141604595E+18,  3.262232093346E+20,  2.482397994983E+19,  3.204092377447E+16,  1.826647267209E+02,  4.243778983504E+01,  1.401953118501E+02,NaN,  2.546242262663E-02,NaN,  6.162613194712E-03,  3.796426968849E-02,NaN,  5.469627564755E+06,  1.530690669404E-06
  4.091449049404E+07,  2.498932632839E+03,  2.498951442259E+03,  1.017342975332E+00,  9.543166388050E+03,  9.542148417829E+03,  2.524469858855E-01,NaN,NaN,  7.765283457515E-02,  4.524652138880E+16,  1.708224615695E+19,  1.969558142512E+20,  7.007297308082E+18,  3.184211105367E+20,  2.497297051776E+19,  3.354809204253E+16,  1.815822921450E+02,  4.275409830922E+01,  1.388030197655E+02,NaN,  1.872157480334E-02,NaN,  6.452495444073E-03,  3.788448947230E-02,NaN,  5.485975774167E+06,  1.564823534601E-06
  4.297288009075E+07,  2.487038225858E+03,  2.487056996866E+03,  1.006306333979E+00,  9.193238940582E+03,  9.192232022087E+03,  2.445909971293E-01,NaN,NaN,  7.834417204591E-02,  4.554697698137E+16,  1.640759352546E+19,  1.948347812018E+20,  7.107473627149E+18,  3.102090883072E+20,  2.505843322606E+19,  3.536992535578E+16,  1.802760499396E+02,  4.294749103710E+01,  1.373082388502E+02,NaN,  1.351715324388E-02,NaN,  6.802899012143E-03,  3.781340959409E-02,NaN,  5.503810085055E+06,  1.603709536483E-06
  4.515549651570E+07,  2.475751949300E+03,  2.475770514533E+03,  9.838354350385E-01,  8.865586737044E+03,  8.864602308055E+03,  2.372673476475E-01,NaN,NaN,  7.925510010252E-02,  4.586031909197E+16,  1.570400421003E+19,  1.925849308872E+20,  7.213683012459E+18,  3.013929144698E+20,  2.515224441218E+19,  3.728761299345E+16,  1.788836178414E+02,  4.314422675637E+01,  1.357226750076E+02,NaN,  9.544338645211E-03,NaN,  7.171738787875E-03,  3.773749568265E-02,NaN,  5.520649024684E+06,  1.642101737239E-06
  4.741619698915E+07,  2.463427888618E+03,  2.463445963025E+03,  9.410381685151E-01,  8.552162438489E+03,  8.551220835849E+03,  2.294162045806E-01,NaN,NaN,  8.066889516596E-02,  4.614455574367E+16,  1.502438482912E+19,  1.902166916188E+20,  7.310699587641E+18,  2.922565373189E+20,  2.517395850255E+19,  3.962278572656E+16,  1.772754682703E+02,  4.320753362074E+01,  1.340536775056E+02,NaN,  6.636268119810E-03,NaN,  7.620875847665E-03,  3.767197208516E-02,NaN,  5.538944205020E+06,  1.685778066856E-06
  4.979676673014E+07,  2.450404788136E+03,  2.450422807164E+03,  9.284202994472E-01,  8.229133302119E+03,  8.228204328504E+03,  2.212672646544E-01,NaN,NaN,  8.151471830770E-02,  4.644590706735E+16,  1.431389904903E+19,  1.877294346619E+20,  7.415257709641E+18,  2.825164982276E+20,  2.521004590677E+19,  4.241102286165E+16,  1.756020262436E+02,  4.328855558141E+01,  1.323008032487E+02,NaN,  4.510260081938E-03,NaN,  8.157153361998E-03,  3.760005207605E-02,NaN,  5.558172289397E+06,  1.734033488217E-06
  5.228953089710E+07,  2.437293209239E+03,  2.437311455531E+03,  9.350054360332E-01,  7.937472148822E+03,  7.936536593797E+03,  2.132422582466E-01,NaN,NaN,  8.196147622775E-02,  4.672770407996E+16,  1.361341934742E+19,  1.850930913441E+20,  7.513284987526E+18,  2.722932484632E+20,  2.517411292960E+19,  4.561105697565E+16,  1.736949424571E+02,  4.324031018935E+01,  1.304428615828E+02,NaN,  2.998050866755E-03,NaN,  8.772634132567E-03,  3.753721958365E-02,NaN,  5.577423382531E+06,  1.784933121048E-06
  5.490470702490E+07,  2.423649601133E+03,  2.423669987260E+03,  1.072971569031E+00,  7.651153925845E+03,  7.650079733147E+03,  2.050645781765E-01,NaN,NaN,  7.979869392306E-02,  4.701311801481E+16,  1.289793808762E+19,  1.823197526130E+20,  7.613407520801E+18,  2.614841412931E+20,  2.511380272557E+19,  4.944258390812E+16,  1.716459120377E+02,  4.314608643944E+01,  1.284883735055E+02,NaN,  1.942519233387E-03,NaN,  9.509573510348E-03,  3.747442920258E-02,NaN,  5.597339610684E+06,  1.840518012207E-06
  5.768375677405E+07,  2.409260496774E+03,  2.409278459810E+03,  8.964752452836E-01,  7.365115220595E+03,  7.364218233381E+03,  1.966300445530E-01,NaN,NaN,  8.415709469867E-02,  4.730781590224E+16,  1.215602610198E+19,  1.793657398815E+20,  7.717712076561E+18,  2.499132950272E+20,  2.503036935101E+19,  5.415993081791E+16,  1.694273487941E+02,  4.300915631305E+01,  1.264065568852E+02,NaN,  1.218708188507E-03,NaN,  1.041688768503E-02,  3.740997582810E-02,NaN,  5.618226833133E+06,  1.902260382332E-06
  6.059206888425E+07,  2.394458020778E+03,  2.394475914801E+03,  8.816442892512E-01,  7.098511651335E+03,  7.097629510001E+03,  1.881719468780E-01,NaN,NaN,  8.524401364782E-02,  4.759383379658E+16,  1.141376393937E+19,  1.762520214158E+20,  7.818715115758E+18,  2.377616231876E+20,  2.488114141450E+19,  5.990661699374E+16,  1.669813849457E+02,  4.275693129635E+01,  1.242121889384E+02,NaN,  7.425304659075E-04,NaN,  1.152218053807E-02,  3.735260613010E-02,NaN,  5.639578869414E+06,  1.969326310215E-06
  6.362425397736E+07,  2.378059598505E+03,  2.378077258056E+03,  8.550136540930E-01,  6.835603552830E+03,  6.834748061942E+03,  1.790485183721E-01,NaN,NaN,  8.674728725025E-02,  4.786544679699E+16,  1.067934449333E+19,  1.729771304511E+20,  7.913445190844E+18,  2.250908565109E+20,  2.464496911805E+19,  6.761810166635E+16,  1.642714067119E+02,  4.235372577774E+01,  1.219042359742E+02,NaN,  4.395856807315E-04,NaN,  1.300537426647E-02,  3.730655614088E-02,NaN,  5.663078775025E+06,  2.048167095256E-06
  6.680591466782E+07,  2.361117043546E+03,  2.361219849957E+03,  8.831670205405E+00,  6.596912638410E+03,  6.588078753539E+03,  1.699252245629E-01,NaN,NaN,  4.889074363547E-02,  4.812628183394E+16,  9.946762140289E+18,  1.695125725256E+20,  8.002403988906E+18,  2.117965835630E+20,  2.431171744796E+19,  7.747111038734E+16,  1.612604131997E+02,  4.178264477811E+01,  1.194626167510E+02,NaN,  2.512110893847E-04,NaN,  1.490045950118E-02,  3.727336052517E-02,NaN,  5.687068544805E+06,  2.134608034431E-06
  7.014771884362E+07,  2.343162572737E+03,  2.343180503628E+03,  8.477117389656E-01,  6.353221403917E+03,  6.352377279386E+03,  1.604707205141E-01,NaN,NaN,  8.883885642865E-02,  4.840306368195E+16,  9.187531236766E+18,  1.658713624165E+20,  8.097146006291E+18,  1.977642990881E+20,  2.395679698183E+19,  9.094693656040E+16,  1.580877834284E+02,  4.117364977223E+01,  1.168965033277E+02,NaN,  1.379866556891E-04,NaN,  1.749234183167E-02,  3.723814021083E-02,NaN,  5.712554209732E+06,  2.233720139028E-06
  7.366939870472E+07,  2.323980841203E+03,  2.323999346932E+03,  8.696373497838E-01,  6.112039165177E+03,  6.111169073457E+03,  1.507634661192E-01,NaN,NaN,  8.937525866940E-02,  4.868718596783E+16,  8.410377876658E+18,  1.620175217146E+20,  8.193321087342E+18,  1.829623894510E+20,  2.354174568036E+19,  1.099660081662E+17,  1.546626445574E+02,  4.046088158267E+01,  1.141805402110E+02,NaN,  7.237563253561E-05,NaN,  2.115038809944E-02,  3.720770758644E-02,NaN,  5.739444271036E+06,  2.347340843018E-06
  7.735591596427E+07,  2.302916687507E+03,  2.302935493291E+03,  8.720086027145E-01,  5.891267967324E+03,  5.890395513229E+03,  1.405052158887E-01,NaN,NaN,  9.057742550243E-02,  4.895110422852E+16,  7.649722178757E+18,  1.579342187207E+20,  8.276969858365E+18,  1.676004497581E+20,  2.296259860928E+19,  1.391794112813E+17,  1.507954870967E+02,  3.946581629042E+01,  1.113028653969E+02,NaN,  3.624118483659E-05,NaN,  2.676916815605E-02,  3.720436392596E-02,NaN,  5.768728813640E+06,  2.482958060773E-06
  8.122660952725E+07,  2.280444249059E+03,  2.280463290272E+03,  8.684710027523E-01,  5.679401672282E+03,  5.678532766478E+03,  1.300291795512E-01,NaN,NaN,  9.208493526826E-02,  4.922157472174E+16,  6.876831618986E+18,  1.536202201741E+20,  8.359682369060E+18,  1.515453420290E+20,  2.229344026844E+19,  1.858271223016E+17,  1.466142627808E+02,  3.831589464031E+01,  1.082626097547E+02,NaN,  1.719787783903E-05,NaN,  3.574118786000E-02,  3.721343511224E-02,NaN,  5.799692384874E+06,  2.641668974660E-06
  8.531269041205E+07,  2.255128608791E+03,  2.255148148015E+03,  8.774380814665E-01,  5.473098020543E+03,  5.472220154729E+03,  1.188038941005E-01,NaN,NaN,  9.352767524117E-02,  4.949040633989E+16,  6.100719562962E+18,  1.490206320361E+20,  8.435662004002E+18,  1.347859115192E+20,  2.147012665877E+19,  2.727810818796E+17,  1.419744997285E+02,  3.690093939547E+01,  1.050210871540E+02,NaN,  7.641251143821E-06,NaN,  5.246553770707E-02,  3.724898713789E-02,NaN,  5.834233052414E+06,  2.840179325544E-06
  8.957882364335E+07,  2.226590672079E+03,  2.226610493711E+03,  8.693255779424E-01,  5.267442336722E+03,  5.266572605957E+03,  1.068607999326E-01,NaN,NaN,  9.576487633946E-02,  4.976220833693E+16,  5.324871717100E+18,  1.441704568812E+20,  8.506243478636E+18,  1.175366647869E+20,  2.050574586474E+19,  4.633719769672E+17,  1.369355759985E+02,  3.524348447310E+01,  1.016029653766E+02,NaN,  3.179757873261E-06,NaN,  8.912296909470E-02,  3.731162888556E-02,NaN,  5.872745240580E+06,  3.092973444966E-06
  9.413722993657E+07,  2.195047490879E+03,  2.195068402254E+03,  9.033259166126E-01,  5.071429712527E+03,  5.070525972759E+03,  9.456094309990E-02,NaN,NaN,  9.722711549128E-02,  5.005344376411E+16,  4.524584834704E+18,  1.389337927287E+20,  8.576263983318E+18,  9.943282016544E+19,  1.938991630858E+19,  9.857573455700E+17,  1.314277763943E+02,  3.332571027747E+01,  9.791246859877E+01,NaN,  1.198411349610E-06,NaN,  1.895963196115E-01,  3.740105648268E-02,NaN,  5.914796492516E+06,  3.414780562144E-06
  9.884617251688E+07,  2.158333623198E+03,  2.158355541738E+03,  9.234696336585E-01,  4.895489070712E+03,  4.894565154463E+03,  8.140430038566E-02,NaN,NaN,  9.968694438139E-02,  5.033296135180E+16,  3.756668231505E+18,  1.334245972904E+20,  8.629047570605E+18,  8.137885850083E+19,  1.800505338993E+19,  3.387513045844E+18,  1.256269816065E+02,  3.094553392924E+01,  9.402990759785E+01,NaN,  4.190444755357E-07,NaN,  6.515396603580E-01,  3.754424128439E-02,NaN,  5.963072888629E+06,  3.857842385735E-06
  1.037911534791E+08,  2.115445447652E+03,  2.115468763223E+03,  9.530137769386E-01,  4.716885943847E+03,  4.715932521058E+03,  6.762398703902E-02,NaN,NaN,  1.027533896509E-01,  5.063614810317E+16,  2.982495303913E+18,  1.275426770378E+20,  8.679356603880E+18,  6.315844458438E+19,  1.642910931630E+19,  3.472938917689E+19,  1.248013122805E+02,  2.823693930949E+01,  8.988467179366E+01,NaN,  1.333762395287E-07,NaN,  6.679701043960E+00,  3.748548170620E-02,NaN,  6.018577298810E+06,  4.494201424461E-06
  1.089869124990E+08,  2.063075742676E+03,  2.063101315882E+03,  1.007421099010E+00,  4.543759393463E+03,  4.542751553666E+03,  5.310050177222E-02,NaN,NaN,  1.066162532417E-01,  5.096112040764E+16,  2.218106105917E+18,  1.212154154582E+20,  8.722054673400E+18,  4.517950662031E+19,  1.455206402481E+19,  5.601498803556E+20,  2.181732352879E+02,  2.501083599572E+01,  8.542558528514E+01,NaN,  5.023218056902E-08,NaN,  1.077368139568E+02,  3.509863107719E-02,NaN,  6.085084141076E+06,  5.506471959319E-06
  1.144494842509E+08,  1.993954135659E+03,  1.993983980202E+03,  1.051832883923E+00,  4.381903655841E+03,  4.380851398597E+03,  3.780319828480E-02,NaN,NaN,  1.191701459020E-01,  5.130882531883E+16,  1.486375248097E+18,  1.143349468218E+20,  8.754148167763E+18,  2.816967156834E+19,  1.219898333758E+19,  1.869645186390E+21,  4.611426917045E+02,  2.096656340573E+01,  8.057663057026E+01,NaN,  3.065336505580E-08,NaN,  3.595994976979E+02,  3.346171742587E-02,NaN,  6.170797710316E+06,  8.973985284887E-06
  1.201926032396E+08,  1.881081090586E+03,  1.881116902511E+03,  7.805965114891E-01,  4.220851115650E+03,  4.220069846504E+03,  2.301795032902E-02,NaN,NaN,  1.926860834798E-01,  5.165398888732E+16,  8.616467623128E+17,  1.066723908922E+20,  8.773295431428E+18,  1.379645275838E+19,  8.844476731368E+18,  3.486677939790E+21,  7.609902408093E+02,  1.520112593818E+01,  7.517650615057E+01,NaN,  2.356777411239E-08,NaN,  6.706126086970E+02,  3.290600678499E-02,NaN,  6.263709549682E+06,  4.551942089227E-05
  1.262278415300E+08,  1.709144275706E+03,  1.709281319634E+03,  8.773155158848E-01,  4.069153152556E+03,  4.068275084723E+03,  9.035676044627E-03,NaN,NaN,  6.560746838476E-01,  5.198863628822E+16,  3.128630053917E+17,  9.799359214205E+19,  8.776784937307E+18,  3.583890447884E+18,  5.015700361509E+18,  4.219712078478E+21,  8.892819830205E+02,  8.620554355847E+00,  6.906019280870E+01,NaN,  1.908047914321E-08,NaN,  8.116012358368E+02,  3.279599805505E-02,NaN,  6.304128441551E+06,  6.876028278481E-03
  1.316243369275E+08,  1.419217534744E+03,  1.660000057771E+03,  1.806884771962E-01,  3.938035571880E+03,  3.937823053236E+03,  6.219811328058E-03,NaN,NaN,  5.596851622243E+03,  5.200959573626E+16,  1.919453734721E+17,  8.922126134435E+19,  8.727214227191E+18,  9.061782836339E+17,  1.333735372587E+18,  4.438361746320E+21,  9.188256437197E+02,  2.292309538551E+00,  6.287796351158E+01,NaN,  1.610672365781E-08,NaN,  8.536553706535E+02,  3.278586120805E-02,NaN,  6.315623604231E+06,  7.500226111439E+12
