t(yr),T_surf(K),T_pot(K),flux_surf(W/m2),flux_OLR(W/m2),flux_ASR(W/m2),phi(vol_frac),fO2_solid(bar),fO2_melt(bar),thick_surf_bl(m),massC_solid(kg),massC_melt(kg),massC_atm(kg),massH_solid(kg),massH_melt(kg),massH_atm(kg),massO_atm(kg),p_surf(bar),p_H2O(bar),p_CO2(bar),p_CO(bar),p_H2(bar),p_CH4(bar),p_O2(bar),mmw(kg/mol),R_trans(m),R_solid(m),viscosity(Pa.s)
  2.278910204404E-05,  3.598899054631E+03,  3.599999999972E+03,  3.414490233886E+02,  2.494339157705E+05,  1.895743656680E+03,  9.949136897661E-01,NaN,NaN,  1.354219843113E-02,  2.344875586683E+14,  5.951413673864E+19,  2.134021155563E+20,  2.125103997899E+16,  4.615106890121E+20,  6.043731828311E+19,  1.049792667641E+13,  1.750619030293E+02,  1.457731538636E+01,  1.504845856226E+02,NaN,  1.000000000000E+01,NaN,  2.020349959932E-06,  3.944642893841E-02,NaN,  3.449896500000E+06,  4.266428405049E-07
  4.557820408808E-05,  3.598798144052E+03,  3.599999999940E+03,  3.838027291882E+02,  2.493908811951E+05,  1.895743656680E+03,  9.949136897625E-01,NaN,NaN,  1.315205532845E-02,  2.344875588518E+14,  5.951413673847E+19,  2.134021155564E+20,  2.125103999569E+16,  4.615106890120E+20,  6.043731828288E+19,  1.049792667641E+13,  1.750619030295E+02,  1.457731538642E+01,  1.504845856227E+02,NaN,  9.999999999947E+00,NaN,  2.020349959932E-06,  3.944642893841E-02,NaN,  3.449896500000E+06,  4.266428405142E-07
  6.836730613212E-05,  3.598697268746E+03,  3.599999999904E+03,  4.273443162191E+02,  2.493478678821E+05,  1.895743656680E+03,  9.949136897585E-01,NaN,NaN,  1.280342491246E-02,  2.344875590562E+14,  5.951413673828E+19,  2.134021155566E+20,  2.125104001428E+16,  4.615106890119E+20,  6.043731828251E+19,  1.049792667641E+13,  1.750619030296E+02,  1.457731538650E+01,  1.504845856229E+02,NaN,  9.999999999868E+00,NaN,  2.020349959932E-06,  3.944642893842E-02,NaN,  3.449896500000E+06,  4.266428405245E-07
  1.235578882795E-04,  3.598453110127E+03,  3.599999999803E+03,  5.373418330669E+02,  2.492437841834E+05,  1.895743656680E+03,  9.949136897472E-01,NaN,NaN,  1.209088188906E-02,  2.344875596362E+14,  5.951413673773E+19,  2.134021155571E+20,  2.125104006702E+16,  4.615106890117E+20,  6.043731828230E+19,  1.049792667641E+13,  1.750619030301E+02,  1.457731538671E+01,  1.504845856232E+02,NaN,  9.999999999803E+00,NaN,  2.020349959932E-06,  3.944642893842E-02,NaN,  3.449896500000E+06,  4.266428405539E-07
  1.787484704268E-04,  3.598209143228E+03,  3.599999999681E+03,  6.532096111807E+02,  2.491398185861E+05,  1.895743656680E+03,  9.949136897335E-01,NaN,NaN,  1.151482919704E-02,  2.344875603341E+14,  5.951413673708E+19,  2.134021155577E+20,  2.125104013049E+16,  4.615106890114E+20,  6.043731828211E+19,  1.049792667641E+13,  1.750619030307E+02,  1.457731538697E+01,  1.504845856236E+02,NaN,  9.999999999739E+00,NaN,  2.020349959932E-06,  3.944642893841E-02,NaN,  3.449896500000E+06,  4.266428405892E-07
  2.339390525742E-04,  3.597965388418E+03,  3.599999999537E+03,  7.743668433122E+02,  2.490359796700E+05,  1.895743656680E+03,  9.949136897173E-01,NaN,NaN,  1.103529518326E-02,  2.344875611649E+14,  5.951413673631E+19,  2.134021155584E+20,  2.125104020604E+16,  4.615106890111E+20,  6.043731828196E+19,  1.049792667641E+13,  1.750619030314E+02,  1.457731538728E+01,  1.504845856241E+02,NaN,  9.999999999675E+00,NaN,  2.020349959932E-06,  3.944642893840E-02,NaN,  3.449896500000E+06,  4.266428406312E-07
  3.213630398026E-04,  3.597579732559E+03,  3.599999999256E+03,  9.760135142049E+02,  2.488717653672E+05,  1.895743656680E+03,  9.949136896859E-01,NaN,NaN,  1.041493788485E-02,  2.344875627773E+14,  5.951413673482E+19,  2.134021155598E+20,  2.125104035268E+16,  4.615106890105E+20,  6.043731828178E+19,  1.049792667641E+13,  1.750619030329E+02,  1.457731538788E+01,  1.504845856251E+02,NaN,  9.999999999573E+00,NaN,  2.020349959932E-06,  3.944642893838E-02,NaN,  3.449896500000E+06,  4.266428407128E-07
  4.087870270311E-04,  3.597194655759E+03,  3.599999998909E+03,  1.188373212254E+03,  2.487078881870E+05,  1.895743656680E+03,  9.949136896470E-01,NaN,NaN,  9.914765080784E-03,  2.344875647689E+14,  5.951413673298E+19,  2.134021155615E+20,  2.125104053380E+16,  4.615106890098E+20,  6.043731828168E+19,  1.049792667641E+13,  1.750619030348E+02,  1.457731538862E+01,  1.504845856263E+02,NaN,  9.999999999472E+00,NaN,  2.020349959932E-06,  3.944642893834E-02,NaN,  3.449896500000E+06,  4.266428408135E-07
  5.554660489235E-04,  3.596549923484E+03,  3.599999998169E+03,  1.565823691783E+03,  2.484337118669E+05,  1.895743656680E+03,  9.949136895641E-01,NaN,NaN,  9.254115743375E-03,  2.344875690141E+14,  5.951413672907E+19,  2.134021155652E+20,  2.125104091986E+16,  4.615106890084E+20,  6.043731828171E+19,  1.049792667641E+13,  1.750619030388E+02,  1.457731539020E+01,  1.504845856290E+02,NaN,  9.999999999301E+00,NaN,  2.020349959932E-06,  3.944642893825E-02,NaN,  3.449896500000E+06,  4.266428410283E-07
  7.021450708160E-04,  3.595906927524E+03,  3.599999997221E+03,  1.966544225629E+03,  2.481605262624E+05,  1.895743656680E+03,  9.949136894580E-01,NaN,NaN,  8.741676136912E-03,  2.344875744523E+14,  5.951413672407E+19,  2.134021155701E+20,  2.125104141441E+16,  4.615106890066E+20,  6.043731828200E+19,  1.049792667641E+13,  1.750619030441E+02,  1.457731539222E+01,  1.504845856324E+02,NaN,  9.999999999130E+00,NaN,  2.020349959932E-06,  3.944642893813E-02,NaN,  3.449896500000E+06,  4.266428413034E-07
  9.355260125601E-04,  3.594887572056E+03,  3.599999995256E+03,  2.645293878668E+03,  2.477279551391E+05,  1.895743656680E+03,  9.949136892379E-01,NaN,NaN,  8.117123626552E-03,  2.344875857302E+14,  5.951413671371E+19,  2.134021155802E+20,  2.125104244003E+16,  4.615106890029E+20,  6.043731828304E+19,  1.049792640798E+13,  1.750619030551E+02,  1.457731539642E+01,  1.504845856395E+02,NaN,  9.999999998859E+00,NaN,  2.020349908273E-06,  3.944642893786E-02,NaN,  3.449896500000E+06,  4.266428418739E-07
  1.436924008081E-03,  3.592713714682E+03,  3.599999988981E+03,  4.242731539233E+03,  2.468075729449E+05,  1.895743656680E+03,  9.949136885349E-01,NaN,NaN,  7.212889095102E-03,  2.344876217458E+14,  5.951413668071E+19,  2.134021156126E+20,  2.125104571529E+16,  4.615106889913E+20,  6.043731828781E+19,  1.049792640798E+13,  1.750619030908E+02,  1.457731540984E+01,  1.504845856624E+02,NaN,  9.999999998276E+00,NaN,  2.020349908273E-06,  3.944642893693E-02,NaN,  3.449896500000E+06,  4.266428436958E-07
  1.938322003603E-03,  3.590563083226E+03,  3.599999979639E+03,  5.989774141457E+03,  2.458998460578E+05,  1.895743656680E+03,  9.949136874885E-01,NaN,NaN,  6.617105085990E-03,  2.344876753582E+14,  5.951413663163E+19,  2.134021156611E+20,  2.125105059079E+16,  4.615106889743E+20,  6.043731829641E+19,  1.049792640798E+13,  1.750619031444E+02,  1.457731542984E+01,  1.504845856965E+02,NaN,  9.999999997692E+00,NaN,  2.020349908273E-06,  3.944642893550E-02,NaN,  3.449896500000E+06,  4.266428464078E-07
  2.439719999124E-03,  3.588436811529E+03,  3.599999966977E+03,  7.853682623280E+03,  2.450051530347E+05,  1.895743656680E+03,  9.949136860702E-01,NaN,NaN,  6.183755470386E-03,  2.344877480280E+14,  5.951413656515E+19,  2.134021157269E+20,  2.125105719936E+16,  4.615106889514E+20,  6.043731830914E+19,  1.049792613956E+13,  1.750619032174E+02,  1.457731545694E+01,  1.504845857430E+02,NaN,  9.999999997109E+00,NaN,  2.020349856614E-06,  3.944642893352E-02,NaN,  3.449896500000E+06,  4.266428500838E-07
  2.941117994645E-03,  3.586335734217E+03,  3.599999950800E+03,  9.811856230533E+03,  2.441237427917E+05,  1.895743656680E+03,  9.949136842580E-01,NaN,NaN,  5.849016567105E-03,  2.344878408720E+14,  5.951413648025E+19,  2.134021158112E+20,  2.125106564257E+16,  4.615106889224E+20,  6.043731832625E+19,  1.049792560271E+13,  1.750619033109E+02,  1.457731549158E+01,  1.504845858024E+02,NaN,  9.999999996526E+00,NaN,  2.020349753295E-06,  3.944642893095E-02,NaN,  3.449896500000E+06,  4.266428547804E-07
  3.442515990166E-03,  3.584260489804E+03,  3.599999930953E+03,  1.184742410626E+04,  2.432557797176E+05,  1.895743656680E+03,  9.949136820348E-01,NaN,NaN,  5.579749001281E-03,  2.344879547796E+14,  5.951413637612E+19,  2.134021159147E+20,  2.125107600129E+16,  4.615106888868E+20,  6.043731834793E+19,  1.049792533428E+13,  1.750619034257E+02,  1.457731553408E+01,  1.504845858754E+02,NaN,  9.999999995943E+00,NaN,  2.020349701636E-06,  3.944642892778E-02,NaN,  3.449896500000E+06,  4.266428605424E-07
  3.943913985687E-03,  3.582211580824E+03,  3.599999907308E+03,  1.394713414529E+04,  2.424013700609E+05,  1.895743656680E+03,  9.949136793862E-01,NaN,NaN,  5.356725650986E-03,  2.344880904821E+14,  5.951413625209E+19,  2.134021160380E+20,  2.125108834202E+16,  4.615106888445E+20,  6.043731837434E+19,  1.049792479743E+13,  1.750619035628E+02,  1.457731558472E+01,  1.504845859623E+02,NaN,  9.999999995359E+00,NaN,  2.020349598318E-06,  3.944642892397E-02,NaN,  3.449896500000E+06,  4.266428674070E-07
  4.445311981208E-03,  3.580189405773E+03,  3.599999879759E+03,  1.610020262182E+04,  2.415605761148E+05,  1.895743656680E+03,  9.949136763003E-01,NaN,NaN,  5.167884696590E-03,  2.344882485896E+14,  5.951413610759E+19,  2.134021161818E+20,  2.125110272025E+16,  4.615106887953E+20,  6.043731840562E+19,  1.049792426058E+13,  1.750619037226E+02,  1.457731564372E+01,  1.504845860637E+02,NaN,  9.999999994776E+00,NaN,  2.020349495000E-06,  3.944642891951E-02,NaN,  3.449896500000E+06,  4.266428754049E-07
  4.946709976730E-03,  3.578194277432E+03,  3.599999848218E+03,  1.829762806672E+04,  2.407334245011E+05,  1.895743656680E+03,  9.949136727672E-01,NaN,NaN,  5.005205973384E-03,  2.344884296118E+14,  5.951413594217E+19,  2.134021163465E+20,  2.125111918233E+16,  4.615106887391E+20,  6.043731844187E+19,  1.049792372373E+13,  1.750619039057E+02,  1.457731571128E+01,  1.504845861799E+02,NaN,  9.999999994193E+00,NaN,  2.020349391682E-06,  3.944642891440E-02,NaN,  3.449896500000E+06,  4.266428845619E-07
  5.448107972251E-03,  3.576226435443E+03,  3.599999812610E+03,  2.053175249543E+04,  2.399199119234E+05,  1.895743656680E+03,  9.949136687785E-01,NaN,NaN,  4.863110644083E-03,  2.344886339732E+14,  5.951413575544E+19,  2.134021165325E+20,  2.125113776686E+16,  4.615106886757E+20,  6.043731848319E+19,  1.049792291845E+13,  1.750619041125E+02,  1.457731578754E+01,  1.504845863110E+02,NaN,  9.999999993609E+00,NaN,  2.020349236705E-06,  3.944642890860E-02,NaN,  3.449896500000E+06,  4.266428948996E-07
  6.224294502267E-03,  3.573234326583E+03,  3.599999749330E+03,  2.404752120448E+04,  2.386873793884E+05,  1.895743656680E+03,  9.949136616902E-01,NaN,NaN,  4.674692854279E-03,  2.344889971475E+14,  5.951413542363E+19,  2.134021168631E+20,  2.125117079377E+16,  4.615106885631E+20,  6.043731855731E+19,  1.049792157633E+13,  1.750619044803E+02,  1.457731592309E+01,  1.504845865442E+02,NaN,  9.999999992707E+00,NaN,  2.020348978409E-06,  3.944642889828E-02,NaN,  3.449896500000E+06,  4.266429132709E-07
  7.000481032283E-03,  3.570308421652E+03,  3.599999675987E+03,  2.761486300232E+04,  2.374872540996E+05,  1.895743656680E+03,  9.949136534745E-01,NaN,NaN,  4.515802529885E-03,  2.344894180793E+14,  5.951413503908E+19,  2.134021172464E+20,  2.125120907312E+16,  4.615106884327E+20,  6.043731864397E+19,  1.049791996577E+13,  1.750619049068E+02,  1.457731608019E+01,  1.504845868144E+02,NaN,  9.999999991804E+00,NaN,  2.020348668455E-06,  3.944642888629E-02,NaN,  3.449896500000E+06,  4.266429345638E-07
  7.776667562300E-03,  3.567448879174E+03,  3.599999592456E+03,  3.121659314652E+04,  2.363192392181E+05,  1.895743656680E+03,  9.949136441177E-01,NaN,NaN,  4.379497632742E-03,  2.344898974804E+14,  5.951413460113E+19,  2.134021176830E+20,  2.125125266962E+16,  4.615106882843E+20,  6.043731874332E+19,  1.049791835522E+13,  1.750619053927E+02,  1.457731625912E+01,  1.504845871223E+02,NaN,  9.999999990901E+00,NaN,  2.020348358500E-06,  3.944642887260E-02,NaN,  3.449896500000E+06,  4.266429588144E-07
  8.552854092316E-03,  3.564655624892E+03,  3.599999498662E+03,  3.483830459744E+04,  2.351829524684E+05,  1.895743656680E+03,  9.949136336112E-01,NaN,NaN,  4.260949881244E-03,  2.344904357839E+14,  5.951413410940E+19,  2.134021181733E+20,  2.125130162268E+16,  4.615106881177E+20,  6.043731885546E+19,  1.049791620782E+13,  1.750619059385E+02,  1.457731646003E+01,  1.504845874681E+02,NaN,  9.999999989998E+00,NaN,  2.020347945228E-06,  3.944642885721E-02,NaN,  3.449896500000E+06,  4.266429860446E-07
  9.762294871322E-03,  3.560434709942E+03,  3.599999331977E+03,  4.049308146485E+04,  2.334745870135E+05,  1.895743656680E+03,  9.949136149397E-01,NaN,NaN,  4.103698867433E-03,  2.344913924283E+14,  5.951413323556E+19,  2.134021190449E+20,  2.125138861947E+16,  4.615106878219E+20,  6.043731905578E+19,  1.049791271829E+13,  1.750619069087E+02,  1.457731681710E+01,  1.504845880827E+02,NaN,  9.999999988591E+00,NaN,  2.020347273660E-06,  3.944642882982E-02,NaN,  3.449896500000E+06,  4.266430344366E-07
  1.097173565033E-02,  3.556372447788E+03,  3.599999140292E+03,  4.612904870151E+04,  2.318402671824E+05,  1.895743656680E+03,  9.949135934679E-01,NaN,NaN,  3.972163174242E-03,  2.344924925484E+14,  5.951413223071E+19,  2.134021200473E+20,  2.125148866385E+16,  4.615106874819E+20,  6.043731928723E+19,  1.049790896033E+13,  1.750619080248E+02,  1.457731722772E+01,  1.504845887896E+02,NaN,  9.999999987184E+00,NaN,  2.020346550433E-06,  3.944642879828E-02,NaN,  3.449896500000E+06,  4.266430900865E-07
  1.218117642933E-02,  3.552466475775E+03,  3.599998923767E+03,  5.171600883188E+04,  2.302778774442E+05,  1.895743656680E+03,  9.949135692136E-01,NaN,NaN,  3.860241462488E-03,  2.344937352297E+14,  5.951413109569E+19,  2.134021211798E+20,  2.125160167269E+16,  4.615106870980E+20,  6.043731954964E+19,  1.049790439710E+13,  1.750619092859E+02,  1.457731769157E+01,  1.504845895882E+02,NaN,  9.999999985777E+00,NaN,  2.020345672228E-06,  3.944642876261E-02,NaN,  3.449896500000E+06,  4.266431529478E-07
  1.339061720834E-02,  3.548713912716E+03,  3.599998682678E+03,  5.722985128691E+04,  2.287851714001E+05,  1.895743656680E+03,  9.949135422076E-01,NaN,NaN,  3.763700743508E-03,  2.344951188949E+14,  5.951412983192E+19,  2.134021224408E+20,  2.125172750252E+16,  4.615106866706E+20,  6.043731984265E+19,  1.049789929702E+13,  1.750619106902E+02,  1.457731820804E+01,  1.504845904774E+02,NaN,  9.999999984370E+00,NaN,  2.020344690706E-06,  3.944642872286E-02,NaN,  3.449896500000E+06,  4.266432229408E-07
  1.460005798735E-02,  3.545111478148E+03,  3.599998417390E+03,  6.265129606357E+04,  2.273598208281E+05,  1.895743656680E+03,  9.949135124910E-01,NaN,NaN,  3.679495226761E-03,  2.344966414396E+14,  5.951412844134E+19,  2.134021238286E+20,  2.125186596199E+16,  4.615106862005E+20,  6.043732016580E+19,  1.049789392851E+13,  1.750619122357E+02,  1.457731877635E+01,  1.504845914560E+02,NaN,  9.999999982963E+00,NaN,  2.020343657524E-06,  3.944642867910E-02,NaN,  3.449896500000E+06,  4.266432999591E-07
  1.580949876635E-02,  3.541655572470E+03,  3.599998128346E+03,  6.796499377013E+04,  2.259994473659E+05,  1.895743656680E+03,  9.949134801134E-01,NaN,NaN,  3.605366837901E-03,  2.344983003256E+14,  5.951412692626E+19,  2.134021253407E+20,  2.125201682027E+16,  4.615106856884E+20,  6.043732051855E+19,  1.049788775473E+13,  1.750619139198E+02,  1.457731939557E+01,  1.504845925223E+02,NaN,  9.999999981557E+00,NaN,  2.020342469365E-06,  3.944642863139E-02,NaN,  3.449896500000E+06,  4.266433838743E-07
  1.701893954536E-02,  3.538342346732E+03,  3.599997816050E+03,  7.315883709515E+04,  2.247016488588E+05,  1.895743656680E+03,  9.949134451311E-01,NaN,NaN,  3.539599335035E-03,  2.345000926621E+14,  5.951412528932E+19,  2.134021269745E+20,  2.125217981448E+16,  4.615106851352E+20,  6.043732090026E+19,  1.049788158094E+13,  1.750619157395E+02,  1.457732006460E+01,  1.504845936744E+02,NaN,  9.999999980150E+00,NaN,  2.020341281206E-06,  3.944642857982E-02,NaN,  3.449896500000E+06,  4.266434745402E-07
  1.889788169735E-02,  3.533468556888E+03,  3.599997286060E+03,  8.096865048929E+04,  2.228039272050E+05,  1.895743656680E+03,  9.949133857636E-01,NaN,NaN,  3.450973442620E-03,  2.345031343861E+14,  5.951412251136E+19,  2.134021297474E+20,  2.125245642740E+16,  4.615106841965E+20,  6.043732154911E+19,  1.049787030708E+13,  1.750619188281E+02,  1.457732119999E+01,  1.504845956298E+02,NaN,  9.999999977964E+00,NaN,  2.020339111525E-06,  3.944642849226E-02,NaN,  3.449896500000E+06,  4.266436284067E-07
  2.077682384934E-02,  3.528913710135E+03,  3.599996703521E+03,  8.844205345793E+04,  2.210425519180E+05,  1.895743656680E+03,  9.949133205097E-01,NaN,NaN,  3.375640439663E-03,  2.345064777077E+14,  5.951411945800E+19,  2.134021327953E+20,  2.125276046748E+16,  4.615106831650E+20,  6.043732226343E+19,  1.049785849636E+13,  1.750619222232E+02,  1.457732244798E+01,  1.504845977791E+02,NaN,  9.999999975778E+00,NaN,  2.020336838526E-06,  3.944642839597E-02,NaN,  3.449896500000E+06,  4.266437975298E-07
  2.265576600133E-02,  3.524661721678E+03,  3.599996070808E+03,  9.556419333212E+04,  2.194088374865E+05,  1.895743656680E+03,  9.949132496355E-01,NaN,NaN,  3.310908147834E-03,  2.345101089851E+14,  5.951411614169E+19,  2.134021361060E+20,  2.125309069416E+16,  4.615106820447E+20,  6.043732304025E+19,  1.049784534351E+13,  1.750619259110E+02,  1.457732380345E+01,  1.504846001137E+02,NaN,  9.999999973593E+00,NaN,  2.020334307231E-06,  3.944642829135E-02,NaN,  3.449896500000E+06,  4.266439812194E-07
  2.453470815332E-02,  3.520696443528E+03,  3.599995390370E+03,  1.023279569849E+05,  2.178944128212E+05,  1.895743656680E+03,  9.949131734153E-01,NaN,NaN,  3.254785755024E-03,  2.345140141654E+14,  5.951411257527E+19,  2.134021396664E+20,  2.125344582946E+16,  4.615106808401E+20,  6.043732387653E+19,  1.049783111697E+13,  1.750619298773E+02,  1.457732526118E+01,  1.504846026244E+02,NaN,  9.999999971407E+00,NaN,  2.020331569300E-06,  3.944642817881E-02,NaN,  3.449896500000E+06,  4.266441787647E-07
  2.641365030531E-02,  3.517001908990E+03,  3.599994664676E+03,  1.087321359079E+05,  2.164912820930E+05,  1.895743656680E+03,  9.949130921257E-01,NaN,NaN,  3.205764063864E-03,  2.345181790847E+14,  5.951410877168E+19,  2.134021434638E+20,  2.125382458536E+16,  4.615106795555E+20,  6.043732476919E+19,  1.049781608515E+13,  1.750619341076E+02,  1.457732681587E+01,  1.504846053022E+02,NaN,  9.999999969221E+00,NaN,  2.020328676391E-06,  3.944642805875E-02,NaN,  3.449896500000E+06,  4.266443894492E-07
  2.829259245730E-02,  3.513562466769E+03,  3.599993896181E+03,  1.147800802530E+05,  2.151918435293E+05,  1.895743656680E+03,  9.949130060418E-01,NaN,NaN,  3.162674243930E-03,  2.345225896420E+14,  5.951410474378E+19,  2.134021474852E+20,  2.125422567950E+16,  4.615106781952E+20,  6.043732571517E+19,  1.049779997962E+13,  1.750619385876E+02,  1.457732846225E+01,  1.504846081380E+02,NaN,  9.999999967035E+00,NaN,  2.020325576846E-06,  3.944642793159E-02,NaN,  3.449896500000E+06,  4.266446125596E-07
  3.017153460929E-02,  3.510362872109E+03,  3.599993087312E+03,  1.204786528219E+05,  2.139888934032E+05,  1.895743656680E+03,  9.949129154352E-01,NaN,NaN,  3.124594233396E-03,  2.345272319210E+14,  5.951410050430E+19,  2.134021517180E+20,  2.125464784637E+16,  4.615106767635E+20,  6.043732671145E+19,  1.049778333725E+13,  1.750619433031E+02,  1.457733019513E+01,  1.504846111228E+02,NaN,  9.999999964850E+00,NaN,  2.020322373983E-06,  3.944642779772E-02,NaN,  3.449896500000E+06,  4.266448473920E-07
  3.205047676129E-02,  3.507388375789E+03,  3.599992240439E+03,  1.258373553435E+05,  2.128756311302E+05,  1.895743656680E+03,  9.949128205716E-01,NaN,NaN,  3.090785168424E-03,  2.345320923096E+14,  5.951409606564E+19,  2.134021561498E+20,  2.125508984809E+16,  4.615106752647E+20,  6.043732775507E+19,  1.049776588960E+13,  1.750619482404E+02,  1.457733200944E+01,  1.504846142479E+02,NaN,  9.999999962664E+00,NaN,  2.020319016143E-06,  3.944642765754E-02,NaN,  3.449896500000E+06,  4.266450932579E-07
  3.618102715136E-02,  3.501571882003E+03,  3.599990256328E+03,  1.364809869270E+05,  2.107127108251E+05,  1.895743656680E+03,  9.949125983187E-01,NaN,NaN,  3.028679536062E-03,  2.345434795608E+14,  5.951408566653E+19,  2.134021665330E+20,  2.125612540022E+16,  4.615106717534E+20,  6.043733020178E+19,  1.049772455209E+13,  1.750619598082E+02,  1.457733626013E+01,  1.504846215699E+02,NaN,  9.999999957859E+00,NaN,  2.020311060645E-06,  3.944642732905E-02,NaN,  3.449896500000E+06,  4.266456692906E-07
  3.919973464930E-02,  3.497885232897E+03,  3.599988710373E+03,  1.433368306664E+05,  2.093513473360E+05,  1.895743656680E+03,  9.949124251465E-01,NaN,NaN,  2.991796340184E-03,  2.345523521378E+14,  5.951407756392E+19,  2.134021746234E+20,  2.125693226911E+16,  4.615106690177E+20,  6.043733210940E+19,  1.049769260947E+13,  1.750619688218E+02,  1.457733957214E+01,  1.504846272750E+02,NaN,  9.999999954348E+00,NaN,  2.020304913215E-06,  3.944642707306E-02,NaN,  3.449896500000E+06,  4.266461181176E-07
  4.221844214724E-02,  3.494619111153E+03,  3.599987092681E+03,  1.494795588173E+05,  2.081514307258E+05,  1.895743656680E+03,  9.949122439385E-01,NaN,NaN,  2.960575518955E-03,  2.345616364334E+14,  5.951406908536E+19,  2.134021830894E+20,  2.125777657974E+16,  4.615106661552E+20,  6.043733410639E+19,  1.049765932472E+13,  1.750619782539E+02,  1.457734303785E+01,  1.504846332449E+02,NaN,  9.999999950836E+00,NaN,  2.020298507489E-06,  3.944642680515E-02,NaN,  3.449896500000E+06,  4.266465877729E-07
  4.523714964518E-02,  3.491728350041E+03,  3.599985410795E+03,  1.549690852947E+05,  2.070942223989E+05,  1.895743656680E+03,  9.949120555398E-01,NaN,NaN,  2.934002316042E-03,  2.345712891481E+14,  5.951406027038E+19,  2.134021918915E+20,  2.125865439453E+16,  4.615106631792E+20,  6.043733618334E+19,  1.049762416099E+13,  1.750619880606E+02,  1.457734664109E+01,  1.504846394519E+02,NaN,  9.999999947325E+00,NaN,  2.020291740150E-06,  3.944642652658E-02,NaN,  3.449896500000E+06,  4.266470760661E-07
  4.825585714312E-02,  3.489171919510E+03,  3.599983671612E+03,  1.598641263451E+05,  2.061630322528E+05,  1.895743656680E+03,  9.949118607229E-01,NaN,NaN,  2.911280782430E-03,  2.345812707102E+14,  5.951405115512E+19,  2.134022009934E+20,  2.125956211485E+16,  4.615106601019E+20,  6.043733833168E+19,  1.049758819199E+13,  1.750619982015E+02,  1.457735036709E+01,  1.504846458703E+02,NaN,  9.999999943813E+00,NaN,  2.020284817833E-06,  3.944642623850E-02,NaN,  3.449896500000E+06,  4.266475809956E-07
  5.127456464106E-02,  3.486912765351E+03,  3.599981881387E+03,  1.642208928776E+05,  2.053430431424E+05,  1.895743656680E+03,  9.949116601885E-01,NaN,NaN,  2.891777526190E-03,  2.345915452078E+14,  5.951404177236E+19,  2.134022103626E+20,  2.126049647491E+16,  4.615106569344E+20,  6.043734054361E+19,  1.049755088086E+13,  1.750620086402E+02,  1.457735420244E+01,  1.504846524772E+02,NaN,  9.999999940302E+00,NaN,  2.020277637221E-06,  3.944642594194E-02,NaN,  3.449896500000E+06,  4.266481007449E-07
  5.429327213900E-02,  3.484917569556E+03,  3.599980045771E+03,  1.680923132161E+05,  2.046211294437E+05,  1.895743656680E+03,  9.949114545694E-01,NaN,NaN,  2.874982150333E-03,  2.346020802208E+14,  5.951403215172E+19,  2.134022199694E+20,  2.126145452647E+16,  4.615106536866E+20,  6.043734281209E+19,  1.049751303288E+13,  1.750620193437E+02,  1.457735813505E+01,  1.504846592516E+02,NaN,  9.999999936790E+00,NaN,  2.020270353291E-06,  3.944642563785E-02,NaN,  3.449896500000E+06,  4.266486336741E-07
  5.731197963694E-02,  3.483156455703E+03,  3.599978169845E+03,  1.715276536178E+05,  2.039856748528E+05,  1.895743656680E+03,  9.949112444351E-01,NaN,NaN,  2.860478698624E-03,  2.346128465794E+14,  5.951402231983E+19,  2.134022297873E+20,  2.126243361684E+16,  4.615106503676E+20,  6.043734513078E+19,  1.049747411120E+13,  1.750620302824E+02,  1.457736215401E+01,  1.504846661748E+02,NaN,  9.999999933279E+00,NaN,  2.020262862724E-06,  3.944642532706E-02,NaN,  3.449896500000E+06,  4.266491783076E-07
  6.033068713488E-02,  3.481602691695E+03,  3.599976258171E+03,  1.745723679343E+05,  2.034264050390E+05,  1.895743656680E+03,  9.949110302963E-01,NaN,NaN,  2.847924818136E-03,  2.346238181063E+14,  5.951401230060E+19,  2.134022397922E+20,  2.126343136548E+16,  4.615106469854E+20,  6.043734749401E+19,  1.049743438424E+13,  1.750620414296E+02,  1.457736624957E+01,  1.504846732300E+02,NaN,  9.999999929767E+00,NaN,  2.020255217181E-06,  3.944642501033E-02,NaN,  3.449896500000E+06,  4.266497333214E-07
  6.672375949192E-02,  3.478891880907E+03,  3.599972109511E+03,  1.799146079946E+05,  2.024537184635E+05,  1.895743656680E+03,  9.949105655785E-01,NaN,NaN,  2.826546247717E-03,  2.346476282075E+14,  5.951399055717E+19,  2.134022615049E+20,  2.126559665283E+16,  4.615106396456E+20,  6.043735262359E+19,  1.049734875654E+13,  1.750620656213E+02,  1.457737513765E+01,  1.504846885411E+02,NaN,  9.999999922330E+00,NaN,  2.020238737934E-06,  3.944642432294E-02,NaN,  3.449896500000E+06,  4.266509378019E-07
  7.311683184896E-02,  3.476817530113E+03,  3.599967850845E+03,  1.840273733332E+05,  2.017120133204E+05,  1.895743656680E+03,  9.949100885383E-01,NaN,NaN,  2.810621798827E-03,  2.346720696594E+14,  5.951396823723E+19,  2.134022837934E+20,  2.126781935668E+16,  4.615106321113E+20,  6.043735789022E+19,  1.049726017617E+13,  1.750620904548E+02,  1.457738426143E+01,  1.504847042583E+02,NaN,  9.999999914893E+00,NaN,  2.020221690438E-06,  3.944642361729E-02,NaN,  3.449896500000E+06,  4.266521742278E-07
  7.748268379417E-02,  3.475689109318E+03,  3.599964892710E+03,  1.862730756945E+05,  2.013094764423E+05,  1.895743656680E+03,  9.949097571789E-01,NaN,NaN,  2.802113447154E-03,  2.346890470687E+14,  5.951395273347E+19,  2.134022992754E+20,  2.126936328198E+16,  4.615106268780E+20,  6.043736154896E+19,  1.049719897518E+13,  1.750621077047E+02,  1.457739059895E+01,  1.504847151757E+02,NaN,  9.999999909815E+00,NaN,  2.020209912168E-06,  3.944642312711E-02,NaN,  3.449896500000E+06,  4.266530330726E-07
  8.184853573938E-02,  3.474750031120E+03,  3.599961901775E+03,  1.881460551360E+05,  2.009749833338E+05,  1.895743656680E+03,  9.949094221453E-01,NaN,NaN,  2.795114977937E-03,  2.347062127299E+14,  5.951393705782E+19,  2.134023149291E+20,  2.127092432769E+16,  4.615106215866E+20,  6.043736524857E+19,  1.049713696891E+13,  1.750621251459E+02,  1.457739700675E+01,  1.504847262142E+02,NaN,  9.999999904736E+00,NaN,  2.020197978921E-06,  3.944642263148E-02,NaN,  3.449896500000E+06,  4.266539014442E-07
  8.621438768459E-02,  3.473968788404E+03,  3.599958883490E+03,  1.897067072035E+05,  2.006970520703E+05,  1.895743656680E+03,  9.949090840479E-01,NaN,NaN,  2.789349976915E-03,  2.347235353637E+14,  5.951392123882E+19,  2.134023307260E+20,  2.127249964928E+16,  4.615106162469E+20,  6.043736898225E+19,  1.049707442580E+13,  1.750621427467E+02,  1.457740347315E+01,  1.504847373537E+02,NaN,  9.999999899658E+00,NaN,  2.020185942355E-06,  3.944642213132E-02,NaN,  3.449896500000E+06,  4.266547777604E-07
  9.058023962979E-02,  3.473319011568E+03,  3.599955842418E+03,  1.910060951536E+05,  2.004661228127E+05,  1.895743656680E+03,  9.949087433982E-01,NaN,NaN,  2.784595377121E-03,  2.347409887774E+14,  5.951390530041E+19,  2.134023466422E+20,  2.127408686481E+16,  4.615106108669E+20,  6.043737274432E+19,  1.049701134583E+13,  1.750621604805E+02,  1.457740998838E+01,  1.504847485773E+02,NaN,  9.999999894579E+00,NaN,  2.020173802472E-06,  3.944642162737E-02,NaN,  3.449896500000E+06,  4.266556606963E-07
  9.931194352021E-02,  3.472329184823E+03,  3.599949706567E+03,  1.929866487950E+05,  2.001147314521E+05,  1.895743656680E+03,  9.949080560826E-01,NaN,NaN,  2.777426286607E-03,  2.347762038456E+14,  5.951387314211E+19,  2.134023787558E+20,  2.127728932981E+16,  4.615106000120E+20,  6.043738033537E+19,  1.049688411219E+13,  1.750621962613E+02,  1.457742313391E+01,  1.504847712228E+02,NaN,  9.999999884422E+00,NaN,  2.020149316068E-06,  3.944642061054E-02,NaN,  3.449896500000E+06,  4.266574421727E-07
  1.080436474106E-01,  3.471644407435E+03,  3.599943517812E+03,  1.943557948501E+05,  1.998718877269E+05,  1.895743656680E+03,  9.949073628408E-01,NaN,NaN,  2.772524812021E-03,  2.348117225609E+14,  5.951384070655E+19,  2.134024111463E+20,  2.128051941188E+16,  4.615105890636E+20,  6.043738799235E+19,  1.049675580486E+13,  1.750622323508E+02,  1.457743639281E+01,  1.504847940636E+02,NaN,  9.999999874265E+00,NaN,  2.020124623028E-06,  3.944641958493E-02,NaN,  3.449896500000E+06,  4.266592390257E-07
  1.167753513010E-01,  3.471170429409E+03,  3.599937292505E+03,  1.953008687933E+05,  1.997038968926E+05,  1.895743656680E+03,  9.949066655047E-01,NaN,NaN,  2.769167532871E-03,  2.348474510618E+14,  5.951380807942E+19,  2.134024437282E+20,  2.128376857531E+16,  4.615105780505E+20,  6.043739569488E+19,  1.049662669225E+13,  1.750622686536E+02,  1.457744973004E+01,  1.504848170393E+02,NaN,  9.999999864107E+00,NaN,  2.020099775011E-06,  3.944641855325E-02,NaN,  3.449896500000E+06,  4.266610465072E-07
  1.255070551915E-01,  3.470841953524E+03,  3.599931041980E+03,  1.959524887468E+05,  1.995874976866E+05,  1.895743656680E+03,  9.949059653438E-01,NaN,NaN,  2.766865452864E-03,  2.348833243067E+14,  5.951377532012E+19,  2.134024764421E+20,  2.128703090525E+16,  4.615105669928E+20,  6.043740342884E+19,  1.049649731121E+13,  1.750623051035E+02,  1.457746312132E+01,  1.504848401082E+02,NaN,  9.999999853950E+00,NaN,  2.020074875335E-06,  3.944641751738E-02,NaN,  3.449896500000E+06,  4.266628613271E-07
  1.342387590819E-01,  3.470613837404E+03,  3.599924774079E+03,  1.964013479814E+05,  1.995066480519E+05,  1.895743656680E+03,  9.949052632364E-01,NaN,NaN,  2.765286183718E-03,  2.349192972886E+14,  5.951374246974E+19,  2.134025092470E+20,  2.129030230876E+16,  4.615105559044E+20,  6.043741118446E+19,  1.049636739332E+13,  1.750623416549E+02,  1.457747654985E+01,  1.504848632412E+02,NaN,  9.999999843793E+00,NaN,  2.020049872341E-06,  3.944641647862E-02,NaN,  3.449896500000E+06,  4.266646812086E-07
  1.429704629723E-01,  3.470454936825E+03,  3.599918494213E+03,  1.967102017987E+05,  1.994502990402E+05,  1.895743656680E+03,  9.949045597887E-01,NaN,NaN,  2.764203056371E-03,  2.349553389525E+14,  5.951370955665E+19,  2.134025421145E+20,  2.129357996171E+16,  4.615105447948E+20,  6.043741895499E+19,  1.049623693858E+13,  1.750623782760E+02,  1.457749000404E+01,  1.504848864183E+02,NaN,  9.999999833636E+00,NaN,  2.020024766028E-06,  3.944641543788E-02,NaN,  3.449896500000E+06,  4.266665045808E-07
  1.517021668627E-01,  3.470343748216E+03,  3.599912206119E+03,  1.969224675959E+05,  1.994108307963E+05,  1.895743656680E+03,  9.949038554194E-01,NaN,NaN,  2.763460817012E-03,  2.349914278520E+14,  5.951367660043E+19,  2.134025750251E+20,  2.129686191377E+16,  4.615105336707E+20,  6.043742673579E+19,  1.049610675227E+13,  1.750624149452E+02,  1.457750347588E+01,  1.504849096259E+02,NaN,  9.999999823479E+00,NaN,  2.019999711375E-06,  3.944641439576E-02,NaN,  3.449896500000E+06,  4.266683303587E-07
  1.653205718624E-01,  3.470232052736E+03,  3.599902388292E+03,  1.971285050368E+05,  1.993711029175E+05,  1.895743656680E+03,  9.949027556623E-01,NaN,NaN,  2.762743060605E-03,  2.350477747613E+14,  5.951362514469E+19,  2.134026264096E+20,  2.130198615167E+16,  4.615105163022E+20,  6.043743888434E+19,  1.049590328582E+13,  1.750624721982E+02,  1.457752450999E+01,  1.504849458607E+02,NaN,  9.999999807637E+00,NaN,  2.019960553793E-06,  3.944641276866E-02,NaN,  3.449896500000E+06,  4.266711810442E-07
  1.789389768621E-01,  3.470165858435E+03,  3.599892562716E+03,  1.972423314577E+05,  1.993474632687E+05,  1.895743656680E+03,  9.949016550371E-01,NaN,NaN,  2.762349004673E-03,  2.351041661778E+14,  5.951357364830E+19,  2.134026778347E+20,  2.130711444556E+16,  4.615104989199E+20,  6.043745104258E+19,  1.049569955095E+13,  1.750625294965E+02,  1.457754556075E+01,  1.504849821241E+02,NaN,  9.999999791795E+00,NaN,  2.019921344552E-06,  3.944641114027E-02,NaN,  3.449896500000E+06,  4.266740340207E-07
  1.925573818619E-01,  3.470125072658E+03,  3.599882732882E+03,  1.973046497435E+05,  1.993328057492E+05,  1.895743656680E+03,  9.949005539351E-01,NaN,NaN,  2.762135477543E-03,  2.351605820536E+14,  5.951352212958E+19,  2.134027292822E+20,  2.131224497231E+16,  4.615104815301E+20,  6.043746320616E+19,  1.049549608450E+13,  1.750625868197E+02,  1.457756662069E+01,  1.504850184032E+02,NaN,  9.999999775954E+00,NaN,  2.019882186970E-06,  3.944640951117E-02,NaN,  3.449896500000E+06,  4.266768882739E-07
  2.061757868616E-01,  3.470098534845E+03,  3.599872900733E+03,  1.973380796746E+05,  1.993231844306E+05,  1.895743656680E+03,  9.948994525736E-01,NaN,NaN,  2.762023110933E-03,  2.352170112504E+14,  5.951347059870E+19,  2.134027807418E+20,  2.131737671897E+16,  4.615104641361E+20,  6.043747537265E+19,  1.049529208121E+13,  1.750626441565E+02,  1.457758768565E+01,  1.504850546909E+02,NaN,  9.999999760112E+00,NaN,  2.019842926070E-06,  3.944640788167E-02,NaN,  3.449896500000E+06,  4.266797432404E-07
  2.197941918613E-01,  3.470079958324E+03,  3.599863067360E+03,  1.973553663628E+05,  1.993163769941E+05,  1.895743656680E+03,  9.948983510751E-01,NaN,NaN,  2.761967247171E-03,  2.352734474953E+14,  5.951341906138E+19,  2.134028322078E+20,  2.132250911512E+16,  4.615104467399E+20,  6.043748754069E+19,  1.049508807791E+13,  1.750627015005E+02,  1.457760875327E+01,  1.504850909832E+02,NaN,  9.999999744271E+00,NaN,  2.019803665170E-06,  3.944640625197E-02,NaN,  3.449896500000E+06,  4.266825986028E-07
  2.412109038788E-01,  3.470058983694E+03,  3.599847601995E+03,  1.973658442791E+05,  1.993085834795E+05,  1.895743656680E+03,  9.948966187014E-01,NaN,NaN,  2.761937856356E-03,  2.353622072344E+14,  5.951333800639E+19,  2.134029131507E+20,  2.133058107514E+16,  4.615104193801E+20,  6.043750667796E+19,  1.049476757800E+13,  1.750627916880E+02,  1.457764188733E+01,  1.504851480616E+02,NaN,  9.999999719358E+00,NaN,  2.019741984229E-06,  3.944640368886E-02,NaN,  3.449896500000E+06,  4.266870894351E-07
  2.626276158964E-01,  3.470042610942E+03,  3.599832136229E+03,  1.973669907977E+05,  1.993024164250E+05,  1.895743656680E+03,  9.948948862828E-01,NaN,NaN,  2.761941112857E-03,  2.354509693477E+14,  5.951325694924E+19,  2.134029940957E+20,  2.133865327211E+16,  4.615103920195E+20,  6.043752581581E+19,  1.049444707808E+13,  1.750628818780E+02,  1.457767502239E+01,  1.504852051415E+02,NaN,  9.999999694445E+00,NaN,  2.019680303289E-06,  3.944640112567E-02,NaN,  3.449896500000E+06,  4.266915804848E-07
  2.840443279139E-01,  3.470028050029E+03,  3.599816670546E+03,  1.973644638764E+05,  1.992968897887E+05,  1.895743656680E+03,  9.948931538735E-01,NaN,NaN,  2.761957220993E-03,  2.355397310511E+14,  5.951317589246E+19,  2.134030750403E+20,  2.134672545283E+16,  4.615103646589E+20,  6.043754495363E+19,  1.049412657817E+13,  1.750629720677E+02,  1.457770815739E+01,  1.504852622212E+02,NaN,  9.999999669532E+00,NaN,  2.019618622348E-06,  3.944639856248E-02,NaN,  3.449896500000E+06,  4.266960716111E-07
  3.073682860528E-01,  3.470013087926E+03,  3.599799827877E+03,  1.973598968570E+05,  1.992911875828E+05,  1.895743656680E+03,  9.948912672193E-01,NaN,NaN,  2.761981114080E-03,  2.356363957193E+14,  5.951308761873E+19,  2.134031631919E+20,  2.135551637013E+16,  4.615103348622E+20,  6.043756579547E+19,  1.049377762516E+13,  1.750630702876E+02,  1.457774424272E+01,  1.504853243830E+02,NaN,  9.999999642400E+00,NaN,  2.019551465545E-06,  3.944639577107E-02,NaN,  3.449896500000E+06,  4.267009627189E-07
  3.306922441918E-01,  3.469998569564E+03,  3.599782985604E+03,  1.973544310071E+05,  1.992856423244E+05,  1.895743656680E+03,  9.948893806093E-01,NaN,NaN,  2.762008152473E-03,  2.357330581998E+14,  5.951299934699E+19,  2.134032513416E+20,  2.136430711343E+16,  4.615103050660E+20,  6.043758663691E+19,  1.049342840373E+13,  1.750631685055E+02,  1.457778032735E+01,  1.504853865434E+02,NaN,  9.999999615268E+00,NaN,  2.019484257083E-06,  3.944639297970E-02,NaN,  3.449896500000E+06,  4.267058538313E-07
  3.624829347256E-01,  3.469978556874E+03,  3.599760030287E+03,  1.973474370856E+05,  1.992780051600E+05,  1.895743656680E+03,  9.948868092385E-01,NaN,NaN,  2.762043411276E-03,  2.358648052633E+14,  5.951287903618E+19,  2.134033714859E+20,  2.137628858226E+16,  4.615102644549E+20,  6.043761504306E+19,  1.049295275394E+13,  1.750633023726E+02,  1.457782950945E+01,  1.504854712655E+02,NaN,  9.999999578288E+00,NaN,  2.019392717195E-06,  3.944638917517E-02,NaN,  3.449896500000E+06,  4.267125204062E-07
  3.942736252594E-01,  3.469958769567E+03,  3.599737075808E+03,  1.973399880394E+05,  1.992704479014E+05,  1.895743656680E+03,  9.948842379616E-01,NaN,NaN,  2.762080263736E-03,  2.359965476655E+14,  5.951275872962E+19,  2.134034916260E+20,  2.138826967351E+16,  4.615102238450E+20,  6.043764344834E+19,  1.049247683572E+13,  1.750634362352E+02,  1.457787869005E+01,  1.504855559846E+02,NaN,  9.999999541308E+00,NaN,  2.019301125647E-06,  3.944638537074E-02,NaN,  3.449896500000E+06,  4.267191869596E-07
  4.199008207486E-01,  3.469942983915E+03,  3.599718572292E+03,  1.973336493116E+05,  1.992644144373E+05,  1.895743656680E+03,  9.948821652654E-01,NaN,NaN,  2.762111140617E-03,  2.361027448071E+14,  5.951266175088E+19,  2.134035884706E+20,  2.139792762772E+16,  4.615101911094E+20,  6.043766634583E+19,  1.049209352427E+13,  1.750635441416E+02,  1.457791833454E+01,  1.504856242764E+02,NaN,  9.999999511497E+00,NaN,  2.019227356482E-06,  3.944638230399E-02,NaN,  3.449896500000E+06,  4.267245610037E-07
  4.557728776356E-01,  3.469920578972E+03,  3.599692672725E+03,  1.973254047377E+05,  1.992558602111E+05,  1.895743656680E+03,  9.948792640906E-01,NaN,NaN,  2.762152164279E-03,  2.362513902320E+14,  5.951252600856E+19,  2.134037240252E+20,  2.141144603372E+16,  4.615101452888E+20,  6.043769839587E+19,  1.049155667349E+13,  1.750636951798E+02,  1.457797382567E+01,  1.504857198653E+02,NaN,  9.999999469769E+00,NaN,  2.019124038324E-06,  3.944637801140E-02,NaN,  3.449896500000E+06,  4.267320833522E-07
  4.916449345226E-01,  3.469898285292E+03,  3.599666774256E+03,  1.973169369969E+05,  1.992473456343E+05,  1.895743656680E+03,  9.948763630387E-01,NaN,NaN,  2.762193970497E-03,  2.364000295478E+14,  5.951239027182E+19,  2.134038595741E+20,  2.142496394310E+16,  4.615100994698E+20,  6.043773044476E+19,  1.049102009113E+13,  1.750638462121E+02,  1.457802931482E+01,  1.504858154502E+02,NaN,  9.999999428041E+00,NaN,  2.019020771825E-06,  3.944637371896E-02,NaN,  3.449896500000E+06,  4.267396056644E-07
  5.275169914097E-01,  3.469876019344E+03,  3.599640876899E+03,  1.973084154734E+05,  1.992388411931E+05,  1.895743656680E+03,  9.948734621113E-01,NaN,NaN,  2.762235966573E-03,  2.365486626716E+14,  5.951225454073E+19,  2.134039951174E+20,  2.143848134834E+16,  4.615100536525E+20,  6.043776249248E+19,  1.049048297193E+13,  1.750639972383E+02,  1.457808480195E+01,  1.504859110312E+02,NaN,  9.999999386313E+00,NaN,  2.018917402007E-06,  3.944636942666E-02,NaN,  3.449896500000E+06,  4.267471279362E-07
  5.726025055881E-01,  3.469847981909E+03,  3.599608329600E+03,  1.972978155034E+05,  1.992281343309E+05,  1.895743656680E+03,  9.948698162818E-01,NaN,NaN,  2.762288365483E-03,  2.367354621781E+14,  5.951208395628E+19,  2.134041654659E+20,  2.145546987010E+16,  4.615099960697E+20,  6.043780276972E+19,  1.048980868735E+13,  1.750641870459E+02,  1.457815453762E+01,  1.504860311556E+02,NaN,  9.999999333868E+00,NaN,  2.018787634401E-06,  3.944636403214E-02,NaN,  3.449896500000E+06,  4.267565821827E-07
  6.269014770579E-01,  3.469814286232E+03,  3.599569133422E+03,  1.972849098371E+05,  1.992152653807E+05,  1.895743656680E+03,  9.948654256690E-01,NaN,NaN,  2.762351964207E-03,  2.369604221587E+14,  5.951187852385E+19,  2.134043706141E+20,  2.147592902812E+16,  4.615099267232E+20,  6.043785127536E+19,  1.048899643212E+13,  1.750644156291E+02,  1.457823851991E+01,  1.504861758198E+02,NaN,  9.999999270705E+00,NaN,  2.018631314027E-06,  3.944635753554E-02,NaN,  3.449896500000E+06,  4.267679683691E-07
  7.185021556970E-01,  3.469757462117E+03,  3.599503016479E+03,  1.972631116815E+05,  1.991935644817E+05,  1.895743656680E+03,  9.948580194907E-01,NaN,NaN,  2.762459355298E-03,  2.373398903913E+14,  5.951153199519E+19,  2.134047166633E+20,  2.151044036379E+16,  4.615098097465E+20,  6.043793309677E+19,  1.048762638893E+13,  1.750648012105E+02,  1.457838018492E+01,  1.504864198430E+02,NaN,  9.999999164151E+00,NaN,  2.018367646087E-06,  3.944634657676E-02,NaN,  3.449896500000E+06,  4.267871762956E-07
  7.829533486011E-01,  3.469717462659E+03,  3.599456500273E+03,  1.972478191690E+05,  1.991782906680E+05,  1.895743656680E+03,  9.948528089152E-01,NaN,NaN,  2.762534766041E-03,  2.376068638847E+14,  5.951128819622E+19,  2.134049601250E+20,  2.153472091871E+16,  4.615097274470E+20,  6.043799066256E+19,  1.048666247336E+13,  1.750650724860E+02,  1.457847985398E+01,  1.504865915247E+02,NaN,  9.999999089179E+00,NaN,  2.018182138334E-06,  3.944633886663E-02,NaN,  3.449896500000E+06,  4.268006910287E-07
  8.474045415053E-01,  3.469677440548E+03,  3.599409987674E+03,  1.972325804938E+05,  1.991630099429E+05,  1.895743656680E+03,  9.948475987437E-01,NaN,NaN,  2.762609993559E-03,  2.378738172901E+14,  5.951104441559E+19,  2.134052035683E+20,  2.155899983693E+16,  4.615096451530E+20,  6.043804822455E+19,  1.048569855778E+13,  1.750653437421E+02,  1.457857951649E+01,  1.504867631934E+02,NaN,  9.999999014208E+00,NaN,  2.017996630580E-06,  3.944633115700E-02,NaN,  3.449896500000E+06,  4.268142056256E-07
  9.118557344094E-01,  3.469637421048E+03,  3.599363478675E+03,  1.972173444324E+05,  1.991477312294E+05,  1.895743656680E+03,  9.948423889756E-01,NaN,NaN,  2.762685217183E-03,  2.381407506353E+14,  5.951080065327E+19,  2.134054469934E+20,  2.158327712095E+16,  4.615095628644E+20,  6.043810578273E+19,  1.048473517906E+13,  1.750656149788E+02,  1.457867917247E+01,  1.504869348493E+02,NaN,  9.999998939236E+00,NaN,  2.017811226145E-06,  3.944632344785E-02,NaN,  3.449896500000E+06,  4.268277200876E-07
  9.763069273136E-01,  3.469597418694E+03,  3.599316973275E+03,  1.972020815154E+05,  1.991324596601E+05,  1.895743656680E+03,  9.948371796106E-01,NaN,NaN,  2.762760540129E-03,  2.384076639374E+14,  5.951055690926E+19,  2.134056904001E+20,  2.160755277227E+16,  4.615094805813E+20,  6.043816333712E+19,  1.048377153191E+13,  1.750658861960E+02,  1.457877882191E+01,  1.504871064922E+02,NaN,  9.999998864264E+00,NaN,  2.017625770051E-06,  3.944631573919E-02,NaN,  3.449896500000E+06,  4.268412344155E-07
  1.095910654699E+00,  3.469523199020E+03,  3.599230681553E+03,  1.971737508682E+05,  1.991041275461E+05,  1.895743656680E+03,  9.948275135271E-01,NaN,NaN,  2.762900356878E-03,  2.389029286491E+14,  5.951010463578E+19,  2.134061420478E+20,  2.165259739106E+16,  4.615093279007E+20,  6.043827013221E+19,  1.048198381881E+13,  1.750663894493E+02,  1.457896372663E+01,  1.504874249802E+02,NaN,  9.999998725138E+00,NaN,  2.017281720584E-06,  3.944630143533E-02,NaN,  3.449896500000E+06,  4.268663129426E-07
  1.215514382085E+00,  3.469448989322E+03,  3.599144402226E+03,  1.971454272155E+05,  1.990758027012E+05,  1.895743656680E+03,  9.948178488320E-01,NaN,NaN,  2.763040167320E-03,  2.393981243158E+14,  5.950965242534E+19,  2.134065936325E+20,  2.169763638489E+16,  4.615091752388E+20,  6.043837691422E+19,  1.048019610572E+13,  1.750668926356E+02,  1.457914860885E+01,  1.504877434238E+02,NaN,  9.999998586012E+00,NaN,  2.016937671116E-06,  3.944628713314E-02,NaN,  3.449896500000E+06,  4.268913910055E-07
  1.438584676652E+00,  3.469310606902E+03,  3.598983517648E+03,  1.970926244888E+05,  1.990229932954E+05,  1.895743656680E+03,  9.947998271293E-01,NaN,NaN,  2.763300892384E-03,  2.403215185003E+14,  5.950880918595E+19,  2.134074357051E+20,  2.178162260223E+16,  4.615088905625E+20,  6.043857603607E+19,  1.047686360451E+13,  1.750678309388E+02,  1.457949336855E+01,  1.504883372274E+02,NaN,  9.999998326532E+00,NaN,  2.016296323649E-06,  3.944626046292E-02,NaN,  3.449896500000E+06,  4.269381623118E-07
  1.774653589897E+00,  3.469102189228E+03,  3.598741216629E+03,  1.970131232058E+05,  1.989434798326E+05,  1.895743656680E+03,  9.947726854542E-01,NaN,NaN,  2.763693637372E-03,  2.417122146582E+14,  5.950753920849E+19,  2.134087039251E+20,  2.190811600974E+16,  4.615084618032E+20,  6.043887593937E+19,  1.047184512342E+13,  1.750692441102E+02,  1.458001262227E+01,  1.504892315370E+02,NaN,  9.999997935613E+00,NaN,  2.015330505504E-06,  3.944622029365E-02,NaN,  3.449896500000E+06,  4.270086230720E-07
  2.110722503142E+00,  3.468893886183E+03,  3.598499013383E+03,  1.969336042561E+05,  1.988639349356E+05,  1.895743656680E+03,  9.947450928839E-01,NaN,NaN,  2.764086587935E-03,  2.431260278566E+14,  5.950624812198E+19,  2.134099932311E+20,  2.203671736480E+16,  4.615080259013E+20,  6.043918087720E+19,  1.046682959501E+13,  1.750706808090E+02,  1.458054053413E+01,  1.504901407158E+02,NaN,  9.999997544697E+00,NaN,  2.014365255610E-06,  3.944617945273E-02,NaN,  3.449896500000E+06,  4.270790801573E-07
  2.446791416386E+00,  3.468685681020E+03,  3.598256907898E+03,  1.968541015531E+05,  1.987844205667E+05,  1.895743656680E+03,  9.947173584658E-01,NaN,NaN,  2.764479625232E-03,  2.445471294734E+14,  5.950495038015E+19,  2.134112891850E+20,  2.216598705783E+16,  4.615075877329E+20,  6.043948741324E+19,  1.046181675086E+13,  1.750721249442E+02,  1.458107119450E+01,  1.504910545825E+02,NaN,  9.999997153785E+00,NaN,  2.013400522307E-06,  3.944613839824E-02,NaN,  3.449896500000E+06,  4.271495335531E-07
  3.008161076417E+00,  3.468338067912E+03,  3.597852712647E+03,  1.967214280429E+05,  1.986517266887E+05,  1.895743656680E+03,  9.946710558382E-01,NaN,NaN,  2.765136026601E-03,  2.469196979337E+14,  5.950278376418E+19,  2.134134528158E+20,  2.238181840428E+16,  4.615068561513E+20,  6.043999921694E+19,  1.045345046832E+13,  1.750745360277E+02,  1.458195720690E+01,  1.504925803082E+02,NaN,  9.999996500812E+00,NaN,  2.011790412127E-06,  3.944606985083E-02,NaN,  3.449896500000E+06,  4.272672107122E-07
  3.873405772744E+00,  3.467802712076E+03,  3.597230255518E+03,  1.965172483261E+05,  1.984475150158E+05,  1.895743656680E+03,  9.945997501993E-01,NaN,NaN,  2.766147435342E-03,  2.505735265673E+14,  5.949944710858E+19,  2.134167848734E+20,  2.271423474134E+16,  4.615057293773E+20,  6.044078749189E+19,  1.044057114970E+13,  1.750782493168E+02,  1.458332184073E+01,  1.504949299723E+02,NaN,  9.999995494396E+00,NaN,  2.009311757850E-06,  3.944596427152E-02,NaN,  3.449896500000E+06,  4.274485675847E-07
  5.572284223630E+00,  3.466753243573E+03,  3.596009959945E+03,  1.961170562952E+05,  1.980472506218E+05,  1.895743656680E+03,  9.944578452631E-01,NaN,NaN,  2.768133578070E-03,  2.578453260660E+14,  5.949280654801E+19,  2.134234163082E+20,  2.337591127734E+16,  4.615034864935E+20,  6.044235675587E+19,  1.041533969992E+13,  1.750856400276E+02,  1.458603824923E+01,  1.504996062555E+02,NaN,  9.999993518402E+00,NaN,  2.004455907726E-06,  3.944575409170E-02,NaN,  3.449896500000E+06,  4.278045845733E-07
  7.271162674516E+00,  3.465705892466E+03,  3.594792147798E+03,  1.957180229819E+05,  1.976481511418E+05,  1.895743656680E+03,  9.943147137399E-01,NaN,NaN,  2.770119297812E-03,  2.651804388316E+14,  5.948610817370E+19,  2.134301054935E+20,  2.404349196368E+16,  4.615012235352E+20,  6.044394019047E+19,  1.039018260397E+13,  1.750930958316E+02,  1.458877902697E+01,  1.505043232625E+02,NaN,  9.999991542491E+00,NaN,  1.999614367168E-06,  3.944554200851E-02,NaN,  3.449896500000E+06,  4.281605069042E-07
  8.970041125402E+00,  3.464660745649E+03,  3.593576813025E+03,  1.953199585642E+05,  1.972500135793E+05,  1.895743656680E+03,  9.941693000300E-01,NaN,NaN,  2.772105252117E-03,  2.726329816479E+14,  5.947930256958E+19,  2.134369017911E+20,  2.472190743133E+16,  4.614989237977E+20,  6.044554956965E+19,  1.036510039871E+13,  1.751006717856E+02,  1.459156442229E+01,  1.505091158018E+02,NaN,  9.999989566666E+00,NaN,  1.994787239492E-06,  3.944532645162E-02,NaN,  3.449896500000E+06,  4.285163340456E-07
  1.066891957629E+01,  3.463617752496E+03,  3.592363949225E+03,  1.949229506419E+05,  1.968529393936E+05,  1.895743656680E+03,  9.940221619884E-01,NaN,NaN,  2.774091118984E-03,  2.801743776074E+14,  5.947241583030E+19,  2.134437791351E+20,  2.540856248924E+16,  4.614965960689E+20,  6.044717870080E+19,  1.034009227886E+13,  1.751083388589E+02,  1.459438378542E+01,  1.505139654926E+02,NaN,  9.999987590928E+00,NaN,  1.989974369723E-06,  3.944510824613E-02,NaN,  3.449896500000E+06,  4.288720655755E-07
  1.236779802717E+01,  3.462576854408E+03,  3.591153549465E+03,  1.945271015521E+05,  1.964570247656E+05,  1.895743656680E+03,  9.938738496570E-01,NaN,NaN,  2.776076520589E-03,  2.877764523690E+14,  5.946547368293E+19,  2.134507118265E+20,  2.610089639065E+16,  4.614942490210E+20,  6.044882147240E+19,  1.031515878126E+13,  1.751160684191E+02,  1.459722660601E+01,  1.505188542126E+02,NaN,  9.999985615277E+00,NaN,  1.985175861177E-06,  3.944488820653E-02,NaN,  3.449896500000E+06,  4.292277012350E-07
  1.535333859148E+01,  3.460752885052E+03,  3.589032391602E+03,  1.938338364614E+05,  1.957636352955E+05,  1.895743656680E+03,  9.936081056928E-01,NaN,NaN,  2.779565927940E-03,  3.013989814786E+14,  5.945303372398E+19,  2.134631349051E+20,  2.734191014068E+16,  4.614900417723E+20,  6.045176672077E+19,  1.027152006039E+13,  1.751299214419E+02,  1.460232273741E+01,  1.505276145842E+02,NaN,  9.999982143577E+00,NaN,  1.976777489699E-06,  3.944449370399E-02,NaN,  3.449896500000E+06,  4.298524476904E-07
  1.833887915579E+01,  3.458935487556E+03,  3.586918790687E+03,  1.931438229059E+05,  1.950735053989E+05,  1.895743656680E+03,  9.933372009051E-01,NaN,NaN,  2.783054953885E-03,  3.152876963957E+14,  5.944035070074E+19,  2.134758007819E+20,  2.860768488927E+16,  4.614857503659E+20,  6.045477136652E+19,  1.022810869582E+13,  1.751440478255E+02,  1.460752101532E+01,  1.505365461696E+02,NaN,  9.999978672155E+00,NaN,  1.968422873462E-06,  3.944409122929E-02,NaN,  3.449896500000E+06,  4.304768941441E-07
  2.132441972009E+01,  3.457124625333E+03,  3.584812711421E+03,  1.924570533719E+05,  1.943866167509E+05,  1.895743656680E+03,  9.930611796228E-01,NaN,NaN,  2.786543554385E-03,  3.294404185602E+14,  5.942742660253E+19,  2.134887074697E+20,  2.989805197986E+16,  4.614813753573E+20,  6.045783502285E+19,  1.018492361385E+13,  1.751584455031E+02,  1.461282077448E+01,  1.505456475675E+02,NaN,  9.999975201018E+00,NaN,  1.960111805828E-06,  3.944368083109E-02,NaN,  3.449896500000E+06,  4.311010386667E-07
  2.430996028440E+01,  3.455320267630E+03,  3.582714117477E+03,  1.917735065442E+05,  1.937029530693E+05,  1.895743656680E+03,  9.927800859584E-01,NaN,NaN,  2.790031735888E-03,  3.438549812160E+14,  5.941426340788E+19,  2.135018529921E+20,  3.121284410238E+16,  4.614769172971E+20,  6.046095730630E+19,  1.014196320393E+13,  1.751731124216E+02,  1.461822135538E+01,  1.505549173842E+02,NaN,  9.999971730171E+00,NaN,  1.951843976844E-06,  3.944326255760E-02,NaN,  3.449896500000E+06,  4.317248797050E-07
  3.073286332428E+01,  3.451460375134E+03,  3.578224542921E+03,  1.903138333907E+05,  1.922430301940E+05,  1.895743656680E+03,  9.921584537591E-01,NaN,NaN,  2.797534447300E-03,  3.757387586614E+14,  5.938514759243E+19,  2.135309299156E+20,  3.412303167237E+16,  4.614670488651E+20,  6.046787040847E+19,  1.005029969132E+13,  1.752055646503E+02,  1.463017691861E+01,  1.505754215332E+02,NaN,  9.999964264309E+00,NaN,  1.934203124536E-06,  3.944233636313E-02,NaN,  3.449896500000E+06,  4.330659349508E-07
  4.119768169489E+01,  3.445234921394E+03,  3.570982652835E+03,  1.879667458187E+05,  1.898955393804E+05,  1.895743656680E+03,  9.910956801647E-01,NaN,NaN,  2.809754830569E-03,  4.302689920528E+14,  5.933535147758E+19,  2.135806600828E+20,  3.910660150213E+16,  4.614501467629E+20,  6.047971539920E+19,  9.903145403170E+12,  1.752610998024E+02,  1.465065608079E+01,  1.506104897123E+02,NaN,  9.999952103457E+00,NaN,  1.905882945768E-06,  3.944074909752E-02,NaN,  3.449896500000E+06,  4.352478390422E-07
  5.166250006549E+01,  3.439086872036E+03,  3.563829898483E+03,  1.856578141896E+05,  1.875862225004E+05,  1.895743656680E+03,  9.899735174792E-01,NaN,NaN,  2.821969618474E-03,  4.878740153775E+14,  5.928274765587E+19,  2.136331948821E+20,  4.437987486027E+16,  4.614322580869E+20,  6.049225726841E+19,  9.758668389859E+12,  1.753198111241E+02,  1.467233366804E+01,  1.506475356314E+02,NaN,  9.999939946608E+00,NaN,  1.878078014657E-06,  3.943906794876E-02,NaN,  3.449896500000E+06,  4.374258686636E-07
  6.212731843609E+01,  3.433014832126E+03,  3.556764826688E+03,  1.833865126174E+05,  1.853145270829E+05,  1.895743656680E+03,  9.887945734788E-01,NaN,NaN,  2.834177768814E-03,  5.484243821338E+14,  5.922745432997E+19,  2.136884162409E+20,  4.993242575275E+16,  4.614134174243E+20,  6.050547185615E+19,  9.616822213793E+12,  1.753815738033E+02,  1.469516812923E+01,  1.506864760293E+02,NaN,  9.999927793982E+00,NaN,  1.850779394180E-06,  3.943729600702E-02,NaN,  3.449896500000E+06,  4.395999506317E-07
  7.259213680670E+01,  3.427017473240E+03,  3.549786009250E+03,  1.811522405616E+05,  1.830798715016E+05,  1.895743656680E+03,  9.875611872565E-01,NaN,NaN,  2.846378546805E-03,  6.118044077549E+14,  5.916957713594E+19,  2.137462186395E+20,  5.575508876346E+16,  4.613936550850E+20,  6.051933801896E+19,  9.477560974229E+12,  1.754462770676E+02,  1.471912310096E+01,  1.507272364968E+02,NaN,  9.999915645780E+00,NaN,  1.823978250635E-06,  3.943543596018E-02,NaN,  3.449896500000E+06,  4.417700145494E-07
  8.305695517730E+01,  3.421093553728E+03,  3.542892043030E+03,  1.789542849862E+05,  1.808815411460E+05,  1.895743656680E+03,  9.862748713680E-01,NaN,NaN,  2.858571702295E-03,  6.779408727730E+14,  5.910918293326E+19,  2.138065352917E+20,  6.184260626436E+16,  4.613729881152E+20,  6.053384396847E+19,  9.340838770425E+12,  1.755138535465E+02,  1.474417830830E+01,  1.507697699384E+02,NaN,  9.999903502202E+00,NaN,  1.797665750321E-06,  3.943348924537E-02,NaN,  3.449896500000E+06,  4.439359926181E-07
  9.352177354791E+01,  3.415241833737E+03,  3.536081549918E+03,  1.767919885241E+05,  1.787188868563E+05,  1.895743656680E+03,  9.849374035412E-01,NaN,NaN,  2.870756826690E-03,  7.467469279347E+14,  5.904635102718E+19,  2.138692869786E+20,  6.818848108562E+16,  4.613514377561E+20,  6.054897496080E+19,  9.206610506918E+12,  1.755842220202E+02,  1.477030839368E+01,  1.508140204913E+02,NaN,  9.999891363440E+00,NaN,  1.771833214511E-06,  3.943145769451E-02,NaN,  3.449896500000E+06,  4.460978194765E-07
  1.093060327482E+02,  3.406549327255E+03,  3.525964090621E+03,  1.735968967328E+05,  1.755232564567E+05,  1.895743656680E+03,  9.828287303137E-01,NaN,NaN,  2.889118501396E-03,  8.553097390147E+14,  5.894721445643E+19,  2.139682977754E+20,  7.822735744961E+16,  4.613173328898E+20,  6.057293012714E+19,  9.008769720864E+12,  1.756953836003E+02,  1.481166895285E+01,  1.508838398494E+02,NaN,  9.999873064380E+00,NaN,  1.733758303483E-06,  3.942823931289E-02,NaN,  3.449896500000E+06,  4.493505460141E-07
  1.250902919484E+02,  3.398014031202E+03,  3.516028905903E+03,  1.704796659610E+05,  1.724054850571E+05,  1.895743656680E+03,  9.806153654980E-01,NaN,NaN,  2.907458029946E-03,  9.693706702667E+14,  5.884305734514E+19,  2.140723236177E+20,  8.880947718691E+16,  4.612813648119E+20,  6.059820528910E+19,  8.816347369727E+12,  1.758123516119E+02,  1.485529947502E+01,  1.509571956628E+02,NaN,  9.999854777322E+00,NaN,  1.696726182628E-06,  3.942484079019E-02,NaN,  3.449896500000E+06,  4.525934844237E-07
  1.408745511487E+02,  3.389631973322E+03,  3.506271553969E+03,  1.674381606822E+05,  1.693634814624E+05,  1.895743656680E+03,  9.783030688648E-01,NaN,NaN,  2.925774128901E-03,  1.088648354756E+15,  5.873413661996E+19,  2.141811078598E+20,  9.991395346194E+16,  4.612436016530E+20,  6.062475320357E+19,  8.629192866861E+12,  1.759348638248E+02,  1.490111870837E+01,  1.510339069529E+02,NaN,  9.999836502846E+00,NaN,  1.660707871201E-06,  3.942126798804E-02,NaN,  3.449896500000E+06,  4.558264484787E-07
  1.566588103490E+02,  3.381399255659E+03,  3.496687715851E+03,  1.644703837350E+05,  1.663952214804E+05,  1.895743656680E+03,  9.758975605439E-01,NaN,NaN,  2.944065197689E-03,  1.212863004199E+15,  5.862070776612E+19,  2.142943952961E+20,  1.115199636169E+17,  4.612041113490E+20,  6.065252675821E+19,  8.447158309879E+12,  1.760626592501E+02,  1.494904562633E+01,  1.511137937566E+02,NaN,  9.999818241498E+00,NaN,  1.625674905051E-06,  3.941752676337E-02,NaN,  3.449896500000E+06,  4.590492625954E-07
  1.724430695492E+02,  3.373312083623E+03,  3.487273189320E+03,  1.615744058391E+05,  1.634987561109E+05,  1.895743656680E+03,  9.734045226527E-01,NaN,NaN,  2.962329593242E-03,  1.341736210884E+15,  5.850302500834E+19,  2.144119319808E+20,  1.236066952911E+17,  4.611629618423E+20,  6.068147882426E+19,  8.270098480643E+12,  1.761954777588E+02,  1.499899917434E+01,  1.511966769991E+02,NaN,  9.999799993791E+00,NaN,  1.591599336614E-06,  3.941362299175E-02,NaN,  3.449896500000E+06,  4.622617624360E-07
  1.882273287495E+02,  3.365366775958E+03,  3.478023883298E+03,  1.587483345231E+05,  1.606722131523E+05,  1.895743656680E+03,  9.708296007613E-01,NaN,NaN,  2.980565763095E-03,  1.474990765231E+15,  5.838134147724E+19,  2.145334650609E+20,  1.361532951370E+17,  4.611202212736E+20,  6.071156211569E+19,  8.097871650548E+12,  1.763330597226E+02,  1.505089802761E+01,  1.512823783763E+02,NaN,  9.999781760211E+00,NaN,  1.558453889898E-06,  3.940956258947E-02,NaN,  3.449896500000E+06,  4.654637954472E-07
  2.040115879498E+02,  3.357559770106E+03,  3.468935815199E+03,  1.559902983560E+05,  1.579137188532E+05,  1.895743656680E+03,  9.681779717965E-01,NaN,NaN,  2.998772323158E-03,  1.612372959564E+15,  5.825588884295E+19,  2.146587631203E+20,  1.491409487302E+17,  4.610759509089E+20,  6.074273418166E+19,  7.930337701540E+12,  1.764751689451E+02,  1.510466917700E+01,  1.513707347006E+02,NaN,  9.999763541217E+00,NaN,  1.526211598863E-06,  3.940535084317E-02,NaN,  3.449896500000E+06,  4.686552204597E-07
  2.320484577485E+02,  3.344023142242E+03,  3.453178750469E+03,  1.512530595160E+05,  1.531756976974E+05,  1.895743656680E+03,  9.632916628047E-01,NaN,NaN,  3.031036568911E-03,  1.865955806409E+15,  5.802432608494E+19,  2.148900417689E+20,  1.732546818447E+17,  4.609936818719E+20,  6.080069305237E+19,  7.643907142007E+12,  1.767381910659E+02,  1.520463310906E+01,  1.515338252657E+02,NaN,  9.999731220037E+00,NaN,  1.471087383643E-06,  3.939750809860E-02,NaN,  3.449896500000E+06,  4.742974254617E-07
  2.600853275472E+02,  3.330893739819E+03,  3.437897394994E+03,  1.467143936004E+05,  1.486363010961E+05,  1.895743656680E+03,  9.582021582524E-01,NaN,NaN,  3.063198781710E-03,  2.130665467553E+15,  5.778260301575E+19,  2.151314696171E+20,  1.986233273042E+17,  4.609070279343E+20,  6.086178202300E+19,  7.371117423926E+12,  1.770137527040E+02,  1.530997960375E+01,  1.517040727330E+02,NaN,  9.999698948675E+00,NaN,  1.418588379508E-06,  3.938922549627E-02,NaN,  3.449896500000E+06,  4.799050721917E-07
  2.881221973460E+02,  3.318153875703E+03,  3.423071793741E+03,  1.423648697984E+05,  1.442859547894E+05,  1.895743656680E+03,  9.529331490151E-01,NaN,NaN,  3.095252757107E-03,  2.405338708407E+15,  5.753178182893E+19,  2.153819856348E+20,  2.251619347800E+17,  4.608162641709E+20,  6.092581097168E+19,  7.111260172694E+12,  1.773007786742E+02,  1.542038167944E+01,  1.518807288970E+02,NaN,  9.999666729188E+00,NaN,  1.368578258148E-06,  3.938052671114E-02,NaN,  3.449896500000E+06,  4.854776113196E-07
  3.161590671447E+02,  3.305787124200E+03,  3.408683030486E+03,  1.381950099253E+05,  1.401154060616E+05,  1.895743656680E+03,  9.475052357344E-01,NaN,NaN,  3.127195451080E-03,  2.688965356381E+15,  5.727278495001E+19,  2.156406684013E+20,  2.527983633892E+17,  4.607216226556E+20,  6.099261996229E+19,  6.863660566881E+12,  1.775983441531E+02,  1.553556426872E+01,  1.520631440001E+02,NaN,  9.999634563407E+00,NaN,  1.320927148638E-06,  3.937143155251E-02,NaN,  3.449896500000E+06,  4.910145469346E-07
  3.441959369434E+02,  3.293777909566E+03,  3.394713158808E+03,  1.341958998576E+05,  1.361158930706E+05,  1.895743656680E+03,  9.419376486306E-01,NaN,NaN,  3.159023839509E-03,  2.980599130170E+15,  5.700647646232E+19,  2.159066547707E+20,  2.814647757426E+17,  4.606233214965E+20,  6.106205871801E+19,  6.627676532955E+12,  1.779055820245E+02,  1.565526891740E+01,  1.522507093786E+02,NaN,  9.999602452982E+00,NaN,  1.275511482461E-06,  3.936195873580E-02,NaN,  3.449896500000E+06,  4.965154361393E-07
  3.722328067422E+02,  3.282111043857E+03,  3.381145091187E+03,  1.303597777910E+05,  1.322791658914E+05,  1.895743656680E+03,  9.362492540007E-01,NaN,NaN,  3.190731112266E-03,  3.279304855248E+15,  5.673371030973E+19,  2.161790917375E+20,  3.110923643659E+17,  4.605215829842E+20,  6.113397375986E+19,  6.402696329454E+12,  1.782216268169E+02,  1.577923166595E+01,  1.524428235194E+02,NaN,  9.999570399384E+00,NaN,  1.232213528576E-06,  3.935212763793E-02,NaN,  3.449896500000E+06,  5.019799078724E-07
  4.002696765409E+02,  3.270772417918E+03,  3.367962550211E+03,  1.266786937852E+05,  1.285970016844E+05,  1.895743656680E+03,  9.304544956281E-01,NaN,NaN,  3.222314214304E-03,  3.584372007406E+15,  5.645513530275E+19,  2.164573312202E+20,  3.416326094901E+17,  4.604165605909E+20,  6.120826015270E+19,  6.188139620684E+12,  1.785458410497E+02,  1.590727203966E+01,  1.526390294152E+02,NaN,  9.999538403940E+00,NaN,  1.190921600052E-06,  3.934195122543E-02,NaN,  3.449896500000E+06,  5.074076604563E-07
  4.283065463396E+02,  3.259749149704E+03,  3.355150050568E+03,  1.231442352069E+05,  1.250622204024E+05,  1.895743656680E+03,  9.245697637972E-01,NaN,NaN,  3.253776215799E-03,  3.894980580197E+15,  5.617150022013E+19,  2.167406252594E+20,  3.730241771328E+17,  4.603084525723E+20,  6.128478097446E+19,  5.983456134597E+12,  1.788774618031E+02,  1.603915455547E+01,  1.528387996283E+02,NaN,  9.999506467831E+00,NaN,  1.151529795779E-06,  3.933144703735E-02,NaN,  3.449896500000E+06,  5.127984474013E-07
  4.650493628966E+02,  3.245758576617E+03,  3.338894767947E+03,  1.187235781073E+05,  1.206408509460E+05,  1.895743656680E+03,  9.167438881839E-01,NaN,NaN,  3.294813126612E-03,  4.309308577330E+15,  5.579315295288E+19,  2.171185183511E+20,  4.153713522435E+17,  4.601623621185E+20,  6.138826804765E+19,  5.729293796432E+12,  1.793222442611E+02,  1.621750028329E+01,  1.531052781736E+02,NaN,  9.999464701596E+00,NaN,  1.102615673443E-06,  3.931720754522E-02,NaN,  3.449896500000E+06,  5.198068781793E-07
  5.017921794536E+02,  3.232260545416E+03,  3.323218473691E+03,  1.145280671476E+05,  1.164448156348E+05,  1.895743656680E+03,  9.088124804500E-01,NaN,NaN,  3.335630367902E-03,  4.730700562444E+15,  5.540835529815E+19,  2.175028547975E+20,  4.590052737459E+17,  4.600115301235E+20,  6.149521012362E+19,  5.490092147361E+12,  1.797775113010E+02,  1.640178682990E+01,  1.533763003737E+02,NaN,  9.999423040845E+00,NaN,  1.056580769884E-06,  3.930245398022E-02,NaN,  3.449896500000E+06,  5.267511618419E-07
  5.385349960106E+02,  3.219229540291E+03,  3.308091825568E+03,  1.105441967783E+05,  1.124601219674E+05,  1.895743656680E+03,  9.008014781430E-01,NaN,NaN,  3.376220634295E-03,  5.157838495989E+15,  5.501831080718E+19,  2.178924323631E+20,  5.038269111596E+17,  4.598562744455E+20,  6.160538837047E+19,  5.264826876095E+12,  1.802420387923E+02,  1.659163784240E+01,  1.536510184494E+02,NaN,  9.999381487307E+00,NaN,  1.013227954056E-06,  3.928721501616E-02,NaN,  3.449896500000E+06,  5.336310877331E-07
  5.755119274352E+02,  3.206563522310E+03,  3.293395881190E+03,  1.067347881600E+05,  1.086501393506E+05,  1.895743656680E+03,  8.926808935273E-01,NaN,NaN,  3.416842002353E-03,  5.592383754621E+15,  5.462150236127E+19,  2.182887662635E+20,  5.500505999483E+17,  4.596958264948E+20,  6.171935540464E+19,  5.051234888176E+12,  1.807178476931E+02,  1.678800606213E+01,  1.539305008838E+02,NaN,  9.999339775097E+00,NaN,  9.721216882631E-07,  3.927141274474E-02,NaN,  3.449896500000E+06,  5.404897666225E-07
  6.124888588598E+02,  3.194324481492E+03,  3.279202463912E+03,  1.031135469130E+05,  1.050282650465E+05,  1.895743656680E+03,  8.845200108459E-01,NaN,NaN,  3.457232699622E-03,  6.030680966869E+15,  5.422126787106E+19,  2.186885224850E+20,  5.973248979019E+17,  4.595313810420E+20,  6.183626953091E+19,  4.849895445594E+12,  1.812011373085E+02,  1.698944156766E+01,  1.542123966334E+02,NaN,  9.999298174034E+00,NaN,  9.333734527979E-07,  3.925516276465E-02,NaN,  3.449896500000E+06,  5.472831396751E-07
  6.494657902844E+02,  3.182491408827E+03,  3.265486906362E+03,  9.966886836510E+04,  1.015830661189E+05,  1.895743656680E+03,  8.763375020435E-01,NaN,NaN,  3.497391867352E-03,  6.471754336981E+15,  5.381849837333E+19,  2.190908109703E+20,  6.455730479662E+17,  4.593631843902E+20,  6.195596120301E+19,  4.659976161215E+12,  1.816909884111E+02,  1.719565277182E+01,  1.544960780574E+02,NaN,  9.999256685121E+00,NaN,  8.968230528559E-07,  3.923848823375E-02,NaN,  3.449896500000E+06,  5.540112774325E-07
  6.864427217090E+02,  3.171044680145E+03,  3.252226056545E+03,  9.638985857776E+04,  9.830358910055E+04,  1.895743656680E+03,  8.681474712633E-01,NaN,NaN,  3.537320065744E-03,  6.914861169578E+15,  5.341387205178E+19,  2.194949542806E+20,  6.947393809214E+17,  4.591914112009E+20,  6.207831142620E+19,  4.480704775193E+12,  1.821867186437E+02,  1.740643502547E+01,  1.547810674467E+02,NaN,  9.999215309172E+00,NaN,  8.623218652662E-07,  3.922140564336E-02,NaN,  3.449896500000E+06,  5.606743244271E-07
  7.210431714877E+02,  3.161925412858E+03,  3.241637870713E+03,  9.376940329942E+04,  9.567972292098E+04,  1.895743656680E+03,  8.614457098267E-01,NaN,NaN,  3.570379155786E-03,  7.297963281517E+15,  5.306394592578E+19,  2.198447140536E+20,  7.377940189387E+17,  4.590632543591E+20,  6.218654733966E+19,  4.444070883287E+12,  1.826198043215E+02,  1.759291953930E+01,  1.550277072439E+02,NaN,  9.999176683042E+00,NaN,  8.552715891187E-07,  3.920622535943E-02,NaN,  3.472003632973E+06,  5.661094448584E-07
  7.571513431389E+02,  3.152779071365E+03,  3.231112913701E+03,  9.131821563804E+04,  9.322826440936E+04,  1.895743656680E+03,  8.547337981290E-01,NaN,NaN,  3.602809532695E-03,  7.628252501260E+15,  5.276192985313E+19,  2.201466417917E+20,  7.752185264848E+17,  4.589590801102E+20,  6.228151940721E+19,  4.429449215461E+12,  1.829963623918E+02,  1.775660770884E+01,  1.552406173663E+02,NaN,  9.999136464158E+00,NaN,  8.524576157584E-07,  3.919286702037E-02,NaN,  3.498404978857E+06,  5.716161942880E-07
  7.968913328530E+02,  3.143034849466E+03,  3.219815644838E+03,  8.860182337213E+04,  9.051157245194E+04,  1.895743656680E+03,  8.474829051985E-01,NaN,NaN,  3.639646773537E-03,  8.053291533879E+15,  5.237279404515E+19,  2.205356146792E+20,  8.237746442652E+17,  4.588172353142E+20,  6.240563875246E+19,  4.414047771878E+12,  1.834844594871E+02,  1.797045729084E+01,  1.555149090417E+02,NaN,  9.999092305056E+00,NaN,  8.494935727730E-07,  3.917539419633E-02,NaN,  3.526578272602E+06,  5.776456463294E-07
  8.371107436025E+02,  3.133341062083E+03,  3.208674517709E+03,  8.608149857141E+04,  8.799096830143E+04,  1.895743656680E+03,  8.402810551418E-01,NaN,NaN,  3.675592535912E-03,  8.422621310443E+15,  5.203423624803E+19,  2.208740640348E+20,  8.663473201276E+17,  4.586957801459E+20,  6.251547738133E+19,  4.399110435794E+12,  1.839123729515E+02,  1.815975129953E+01,  1.557535730816E+02,NaN,  9.999047723747E+00,NaN,  8.466188483355E-07,  3.915989724883E-02,NaN,  3.554195978178E+06,  5.837154080327E-07
  8.791260694998E+02,  3.123528956459E+03,  3.197336843278E+03,  8.346556319248E+04,  8.537474137744E+04,  1.895743656680E+03,  8.329041322051E-01,NaN,NaN,  3.714024236862E-03,  8.854814262031E+15,  5.163753550237E+19,  2.212706004649E+20,  9.166107727625E+17,  4.585468582140E+20,  6.264620919841E+19,  4.384196989569E+12,  1.844171936725E+02,  1.838499322516E+01,  1.560331983337E+02,NaN,  9.999001269862E+00,NaN,  8.437487215561E-07,  3.914143456362E-02,NaN,  3.582132991118E+06,  5.900219341988E-07
  9.231543121899E+02,  3.113443927513E+03,  3.185770731693E+03,  8.094046475121E+04,  8.284935901776E+04,  1.895743656680E+03,  8.253266749840E-01,NaN,NaN,  3.753037229137E-03,  9.252915988588E+15,  5.127163961979E+19,  2.216363739405E+20,  9.633509604145E+17,  4.584106864794E+20,  6.276896044116E+19,  4.369241132133E+12,  1.848866133290E+02,  1.859652927173E+01,  1.562911304998E+02,NaN,  9.998952716531E+00,NaN,  8.408704326421E-07,  3.912406450225E-02,NaN,  3.610459929695E+06,  5.965942708938E-07
  9.693232234240E+02,  3.103145860089E+03,  3.173973292528E+03,  7.841190966987E+04,  8.032051559831E+04,  1.895743656680E+03,  8.175455132030E-01,NaN,NaN,  3.793750432772E-03,  9.666553704302E+15,  5.089096640066E+19,  2.220169171880E+20,  1.012367765499E+18,  4.582664101444E+20,  6.289884141608E+19,  4.354268632322E+12,  1.853787272135E+02,  1.882034658213E+01,  1.565594778532E+02,NaN,  9.998901940183E+00,NaN,  8.379889408653E-07,  3.910566101189E-02,NaN,  3.639175106366E+06,  6.034467567159E-07
  1.017900521798E+03,  3.092603979185E+03,  3.161909150169E+03,  7.587375121616E+04,  7.778206649008E+04,  1.895743656680E+03,  8.095343990441E-01,NaN,NaN,  3.836395505278E-03,  1.009822875149E+16,  5.049314849411E+19,  2.224145959945E+20,  1.064022093345E+18,  4.581126796212E+20,  6.303699504220E+19,  4.339247010666E+12,  1.858971713312E+02,  1.905841315650E+01,  1.568399086739E+02,NaN,  9.998848665706E+00,NaN,  8.350979954769E-07,  3.908606020937E-02,NaN,  3.668354953536E+06,  6.106142635379E-07
  1.068860551409E+03,  3.081851500790E+03,  3.149619154568E+03,  7.333977598540E+04,  7.524779921448E+04,  1.895743656680E+03,  8.013189004616E-01,NaN,NaN,  3.880897399051E-03,  1.054568663315E+16,  5.008019602915E+19,  2.228274015736E+20,  1.118114220731E+18,  4.579499525599E+20,  6.318309383136E+19,  4.324240957681E+12,  1.864399655790E+02,  1.931016537937E+01,  1.571310064278E+02,NaN,  9.998792939633E+00,NaN,  8.322100463152E-07,  3.906530644635E-02,NaN,  3.697891064501E+06,  6.180877251128E-07
  1.122421245263E+03,  3.070872658933E+03,  3.137085925420E+03,  7.080863546258E+04,  7.271637007654E+04,  1.895743656680E+03,  7.928856562912E-01,NaN,NaN,  3.927426611592E-03,  1.101027117727E+16,  4.965079972508E+19,  2.232566423489E+20,  1.174879935548E+18,  4.577772444730E+20,  6.333799269361E+19,  4.309242420608E+12,  1.870095045734E+02,  1.957707542408E+01,  1.574336937748E+02,NaN,  9.998734545225E+00,NaN,  8.293235436077E-07,  3.904327687563E-02,NaN,  3.727816131514E+06,  6.258934893657E-07
  1.178706507368E+03,  3.059673386865E+03,  3.124317858071E+03,  6.828550627631E+04,  7.019294040894E+04,  1.895743656680E+03,  7.842383036964E-01,NaN,NaN,  3.976052809327E-03,  1.149173683305E+16,  4.920511268646E+19,  2.237021653095E+20,  1.234370397423E+18,  4.575941515993E+20,  6.350207503347E+19,  4.294275826156E+12,  1.876063406580E+02,  1.985980364360E+01,  1.577478628164E+02,NaN,  9.998673371606E+00,NaN,  8.264431883305E-07,  3.901991575499E-02,NaN,  3.758100805074E+06,  6.340434265277E-07
  1.237691536140E+03,  3.048288786678E+03,  3.111357421799E+03,  6.578300179107E+04,  6.769014321656E+04,  1.895743656680E+03,  7.754009050257E-01,NaN,NaN,  4.026697783554E-03,  1.198780200756E+16,  4.874517632129E+19,  2.241619303027E+20,  1.296385587728E+18,  4.574010944534E+20,  6.367504078860E+19,  4.279403449016E+12,  1.882285187363E+02,  2.015783354261E+01,  1.580720748997E+02,NaN,  9.998609470406E+00,NaN,  8.235809653902E-07,  3.899526514640E-02,NaN,  3.788636238502E+06,  6.425275065272E-07
  1.300114189824E+03,  3.036615997571E+03,  3.098085068562E+03,  6.327654936453E+04,  6.518339750573E+04,  1.895743656680E+03,  7.662932376023E-01,NaN,NaN,  4.080028079231E-03,  1.250620960576E+16,  4.826372485902E+19,  2.246431983900E+20,  1.361993453869E+18,  4.571941766754E+20,  6.386017077190E+19,  4.264506645166E+12,  1.888868073919E+02,  2.047681419804E+01,  1.584114503014E+02,NaN,  9.998542071751E+00,NaN,  8.207140414737E-07,  3.896885781472E-02,NaN,  3.819694140858E+06,  6.514443030404E-07
  1.365337375487E+03,  3.024804702564E+03,  3.084678037691E+03,  6.080938738693E+04,  6.271593840784E+04,  1.895743656680E+03,  7.570312494577E-01,NaN,NaN,  4.135348477260E-03,  1.303601126998E+16,  4.777084541482E+19,  2.251358889397E+20,  1.429909414341E+18,  4.569774663468E+20,  6.405415971557E+19,  4.249798812790E+12,  1.895684081083E+02,  2.081105492386E+01,  1.587588804711E+02,NaN,  9.998471895451E+00,NaN,  8.178834855489E-07,  3.894116509912E-02,NaN,  3.850851200439E+06,  6.606949282635E-07
  1.434152078342E+03,  3.012750310294E+03,  3.071014888568E+03,  5.835679409331E+04,  6.026304998109E+04,  1.895743656680E+03,  7.475327086688E-01,NaN,NaN,  4.193363130206E-03,  1.358512844843E+16,  4.725909120544E+19,  2.256474438808E+20,  1.501248993719E+18,  4.567468154805E+20,  6.426051051612E+19,  4.235163186843E+12,  1.902845993392E+02,  2.116658717542E+01,  1.591196132273E+02,NaN,  9.998398121405E+00,NaN,  8.150668259164E-07,  3.891168935680E-02,NaN,  3.882382431062E+06,  6.703833347998E-07
  1.506630260030E+03,  3.000412761246E+03,  3.057128047075E+03,  5.601635541991E+04,  5.792232329693E+04,  1.895743656680E+03,  7.378128136087E-01,NaN,NaN,  4.252404475357E-03,  1.409304815165E+16,  4.678490835283E+19,  2.261214767592E+20,  1.568123631682E+18,  4.565328012821E+20,  6.445649355556E+19,  4.220629830970E+12,  1.909565300423E+02,  2.150432194008E+01,  1.594538865830E+02,NaN,  9.998320706878E+00,NaN,  8.122698483931E-07,  3.888366978802E-02,NaN,  3.914203651362E+06,  6.805107809244E-07
  1.584724213855E+03,  2.987660889367E+03,  3.042710767672E+03,  5.355151526910E+04,  5.545717746122E+04,  1.895743656680E+03,  7.276603638050E-01,NaN,NaN,  4.317515344288E-03,  1.469729790226E+16,  4.621975248346E+19,  2.266864023599E+20,  1.648802096450E+18,  4.562645279354E+20,  6.469592910441E+19,  4.205964946656E+12,  1.917673282066E+02,  2.191683509504E+01,  1.598522546813E+02,NaN,  9.998237620798E+00,NaN,  8.094475579209E-07,  3.884944367181E-02,NaN,  3.947001631644E+06,  6.913360715357E-07
  1.664533061147E+03,  2.975013200825E+03,  3.028525099127E+03,  5.129606208137E+04,  5.320144181086E+04,  1.895743656680E+03,  7.176058787609E-01,NaN,NaN,  4.381427418567E-03,  1.522856431052E+16,  4.572192905926E+19,  2.271840646690E+20,  1.720790254759E+18,  4.560279704215E+20,  6.491265389613E+19,  4.191901066790E+12,  1.924916491957E+02,  2.229030455649E+01,  1.602031907822E+02,NaN,  9.998153050280E+00,NaN,  8.067409321271E-07,  3.881844514220E-02,NaN,  3.979037917624E+06,  7.023092811719E-07
  1.751578749391E+03,  2.961808838166E+03,  3.013646632691E+03,  4.889374746882E+04,  5.079882485906E+04,  1.895743656680E+03,  7.069961477398E-01,NaN,NaN,  4.452895273473E-03,  1.586977478698E+16,  4.511990863301E+19,  2.277858342363E+20,  1.809002311592E+18,  4.557265205069E+20,  6.518185081452E+19,  4.177616004403E+12,  1.933796804480E+02,  2.275407833755E+01,  1.606275401085E+02,NaN,  9.998061197945E+00,NaN,  8.039917392520E-07,  3.877996248441E-02,NaN,  4.012391308936E+06,  7.141758240204E-07
  1.845822274938E+03,  2.948008279495E+03,  2.998189607390E+03,  4.654674841229E+04,  4.845152437389E+04,  1.895743656680E+03,  6.959021612751E-01,NaN,NaN,  4.527954891464E-03,  1.649183085924E+16,  4.453464794719E+19,  2.283708804695E+20,  1.896029766031E+18,  4.554291772252E+20,  6.545169463415E+19,  4.163229208792E+12,  1.942570882228E+02,  2.321902857609E+01,  1.610400966558E+02,NaN,  9.997962189700E+00,NaN,  8.012229675859E-07,  3.874138767272E-02,NaN,  4.046776327564E+06,  7.269082693801E-07
  1.938137395482E+03,  2.934981340633E+03,  2.983663177286E+03,  4.445104164963E+04,  4.635554396238E+04,  1.895743656680E+03,  6.854092585463E-01,NaN,NaN,  4.599750789994E-03,  1.705193538257E+16,  4.400664113154E+19,  2.288987119416E+20,  1.975651713752E+18,  4.551562334475E+20,  6.570229036920E+19,  4.150149376405E+12,  1.950610283560E+02,  2.365085479295E+01,  1.614123071193E+02,NaN,  9.997865645057E+00,NaN,  7.987057239762E-07,  3.870557481053E-02,NaN,  4.078847503294E+06,  7.392665363946E-07
  2.035594622476E+03,  2.921826235797E+03,  2.968943685721E+03,  4.231152972054E+04,  4.421574932665E+04,  1.895743656680E+03,  6.747192213891E-01,NaN,NaN,  4.677053535714E-03,  1.769089538300E+16,  4.340308663369E+19,  2.295020187948E+20,  2.067967347508E+18,  4.548285213706E+20,  6.599707223133E+19,  4.137394070313E+12,  1.959942198162E+02,  2.415871434969E+01,  1.618377404923E+02,NaN,  9.997764177936E+00,NaN,  7.962509361933E-07,  3.866349403414E-02,NaN,  4.111106758386E+06,  7.521942097282E-07
  2.137595324216E+03,  2.908528854186E+03,  2.954170785273E+03,  4.031607762999E+04,  4.222003142419E+04,  1.895743656680E+03,  6.639264256986E-01,NaN,NaN,  4.754830376222E-03,  1.827147286528E+16,  4.285357135602E+19,  2.300513474387E+20,  2.153292572779E+18,  4.545273577284E+20,  6.627391515341E+19,  4.125047307664E+12,  1.968585305474E+02,  2.463576118323E+01,  1.622251100979E+02,NaN,  9.997658472377E+00,NaN,  7.938747735288E-07,  3.862399649049E-02,NaN,  4.143244685145E+06,  7.655971033291E-07
  2.249861023361E+03,  2.894581945558E+03,  2.938607869989E+03,  3.818287221512E+04,  4.008653666161E+04,  1.895743656680E+03,  6.524954621723E-01,NaN,NaN,  4.842718001061E-03,  1.897519343384E+16,  4.218605863126E+19,  2.307185724691E+20,  2.258581230664E+18,  4.541408442323E+20,  6.662097051964E+19,  4.112638538750E+12,  1.979268063479E+02,  2.523364626237E+01,  1.626956165967E+02,NaN,  9.997542697358E+00,NaN,  7.914866776171E-07,  3.857456651272E-02,NaN,  4.176845844200E+06,  7.802022695727E-07
  2.363451082730E+03,  2.880979361012E+03,  2.923552246964E+03,  3.628658858458E+04,  3.818999063939E+04,  1.895743656680E+03,  6.413697202386E-01,NaN,NaN,  4.927609014009E-03,  1.957964274106E+16,  4.161145968963E+19,  2.312929701114E+20,  2.350744843074E+18,  4.538047664316E+20,  6.693014032643E+19,  4.101155032155E+12,  1.988644754157E+02,  2.576638439780E+01,  1.631006640863E+02,NaN,  9.997426142292E+00,NaN,  7.892766505513E-07,  3.853058140009E-02,NaN,  4.209105137817E+06,  7.948277099334E-07
  2.482127826782E+03,  2.867428512779E+03,  2.908512551378E+03,  3.438782856990E+04,  3.629096369470E+04,  1.895743656680E+03,  6.302001934231E-01,NaN,NaN,  5.017849899053E-03,  2.025188147337E+16,  4.097104495322E+19,  2.319331156802E+20,  2.455154234999E+18,  4.534111696168E+20,  6.728610617543E+19,  4.090302862076E+12,  1.999290221756E+02,  2.637964141774E+01,  1.635520749845E+02,NaN,  9.997304986179E+00,NaN,  7.871881256396E-07,  3.848004585886E-02,NaN,  4.241090911412E+06,  8.099483248100E-07
  2.606473902453E+03,  2.853767648411E+03,  2.893456996885E+03,  3.263108290928E+04,  3.453396993126E+04,  1.895743656680E+03,  6.189573882886E-01,NaN,NaN,  5.108480893936E-03,  2.085954060655E+16,  4.039091803903E+19,  2.325130384373E+20,  2.551361518177E+18,  4.530496811349E+20,  6.761987896183E+19,  4.080014116890E+12,  2.009129757034E+02,  2.695477760039E+01,  1.639610186145E+02,NaN,  9.997178703286E+00,NaN,  7.852080331352E-07,  3.843274067217E-02,NaN,  4.272873411692E+06,  8.256205137902E-07
  2.742582054428E+03,  2.839563252732E+03,  2.877739843556E+03,  3.077409436176E+04,  3.267671160658E+04,  1.895743656680E+03,  6.071636839813E-01,NaN,NaN,  5.210281075340E-03,  2.158586100010E+16,  3.969593265743E+19,  2.332077183454E+20,  2.668665793508E+18,  4.525916293181E+20,  6.803393375933E+19,  4.070024397588E+12,  2.021160067039E+02,  2.766807924526E+01,  1.644508854457E+02,NaN,  9.997041229683E+00,NaN,  7.832854888449E-07,  3.837422484522E-02,NaN,  4.305802452936E+06,  8.425812409143E-07
  2.879719060419E+03,  2.825881638079E+03,  2.862651580262E+03,  2.907860942222E+04,  3.098097608712E+04,  1.895743656680E+03,  5.957830703675E-01,NaN,NaN,  5.310905859655E-03,  2.226934503581E+16,  3.904038982732E+19,  2.338629809131E+20,  2.781481971527E+18,  4.521450761710E+20,  6.843984367855E+19,  4.061137638212E+12,  2.032772366613E+02,  2.836737599722E+01,  1.649129563849E+02,NaN,  9.996903497627E+00,NaN,  7.815752117109E-07,  3.831702170340E-02,NaN,  4.337176223419E+06,  8.594684557518E-07
  3.023924393088E+03,  2.812077611380E+03,  2.847532283804E+03,  2.751410018560E+04,  2.941623281319E+04,  1.895743656680E+03,  5.843218309516E-01,NaN,NaN,  5.412120446551E-03,  2.288667780010E+16,  3.844699696249E+19,  2.344561592982E+20,  2.885498739650E+18,  4.517339984254E+20,  6.882104765349E+19,  4.052932142475E+12,  2.043522484361E+02,  2.902424069855E+01,  1.653312474748E+02,NaN,  9.996759482825E+00,NaN,  7.799960453198E-07,  3.826344159761E-02,NaN,  4.368383579253E+06,  8.770150012197E-07
  3.175559378358E+03,  2.798298245394E+03,  2.832397819188E+03,  2.594252820843E+04,  2.784442183306E+04,  1.895743656680E+03,  5.727984513824E-01,NaN,NaN,  5.520595710035E-03,  2.357775802532E+16,  3.778124076911E+19,  2.351216259991E+20,  3.004380772092E+18,  4.512477967994E+20,  6.926447690982E+19,  4.045566012932E+12,  2.055852998703E+02,  2.978817610665E+01,  1.658005140538E+02,NaN,  9.996608931299E+00,NaN,  7.785784168693E-07,  3.820134342990E-02,NaN,  4.399393256480E+06,  8.952368835813E-07
  3.334804772904E+03,  2.784507132467E+03,  2.817282019699E+03,  2.443688440665E+04,  2.633854289144E+04,  1.895743656680E+03,  5.612369596592E-01,NaN,NaN,  5.633063695281E-03,  2.426976719483E+16,  3.711303287865E+19,  2.357895408124E+20,  3.126141199330E+18,  4.507409451054E+20,  6.972754155503E+19,  4.039065823696E+12,  2.068538982070E+02,  3.058593869830E+01,  1.662715069662E+02,NaN,  9.996451765217E+00,NaN,  7.773274406082E-07,  3.813674478915E-02,NaN,  4.430138497824E+06,  9.141266644488E-07
  3.503512905185E+03,  2.770601874624E+03,  2.802069260959E+03,  2.298150131583E+04,  2.488292795208E+04,  1.895743656680E+03,  5.495499685651E-01,NaN,NaN,  5.750843723868E-03,  2.497125249480E+16,  3.643407573720E+19,  2.364681952243E+20,  3.252467864251E+18,  4.502051043328E+20,  7.021757533245E+19,  4.033455464626E+12,  2.081765160249E+02,  3.143015584437E+01,  1.667500731120E+02,NaN,  9.996286292262E+00,NaN,  7.762477141946E-07,  3.806867515372E-02,NaN,  4.460855269019E+06,  9.338702820074E-07
  3.684066247373E+03,  2.756465626588E+03,  2.786628634723E+03,  2.156105987333E+04,  2.346225682138E+04,  1.895743656680E+03,  5.376351949989E-01,NaN,NaN,  5.875621834669E-03,  2.569219637365E+16,  3.573460306010E+19,  2.371673482675E+20,  3.385480352697E+18,  4.496293753193E+20,  7.074419650099E+19,  4.028793989309E+12,  2.095765933361E+02,  3.233738795392E+01,  1.672430942599E+02,NaN,  9.996110346863E+00,NaN,  7.753506026258E-07,  3.799587172529E-02,NaN,  4.491803133248E+06,  9.547009275772E-07
  3.871908695444E+03,  2.742499920767E+03,  2.771411033960E+03,  2.022654542572E+04,  2.212752135475E+04,  1.895743656680E+03,  5.258446418039E-01,NaN,NaN,  6.003332395990E-03,  2.639839980884E+16,  3.504777282599E+19,  2.378538637770E+20,  3.519052078371E+18,  4.490407321707E+20,  7.128418999640E+19,  4.025286474742E+12,  2.109908029783E+02,  3.326766988904E+01,  1.677272038092E+02,NaN,  9.995928505366E+00,NaN,  7.746755734383E-07,  3.792160355318E-02,NaN,  4.522080691397E+06,  9.760524817125E-07
  4.067526917041E+03,  2.728696190622E+03,  2.756404781251E+03,  1.897183790801E+04,  2.087259954214E+04,  1.895743656680E+03,  5.141686008699E-01,NaN,NaN,  6.134149005986E-03,  2.709064822468E+16,  3.437291388721E+19,  2.385284118970E+20,  3.653285497271E+18,  4.484384460483E+20,  7.183823727602E+19,  4.022970232055E+12,  2.124207922901E+02,  3.422217678039E+01,  1.682028743247E+02,NaN,  9.995740410745E+00,NaN,  7.742298072441E-07,  3.784581878227E-02,NaN,  4.551723043882E+06,  9.979495471521E-07
  4.280031671960E+03,  2.714503969093E+03,  2.740994548253E+03,  1.773057698832E+04,  1.963112521029E+04,  1.895743656680E+03,  5.021313563627E-01,NaN,NaN,  6.275059889177E-03,  2.781560301006E+16,  3.366446688260E+19,  2.392365200834E+20,  3.797534346005E+18,  4.477768061093E+20,  7.244636251885E+19,  4.021886867182E+12,  2.139675654184E+02,  3.526981675788E+01,  1.687022103633E+02,NaN,  9.995537523163E+00,NaN,  7.740213112006E-07,  3.776314087210E-02,NaN,  4.581943937015E+06,  1.021353928398E-06
  4.503722518926E+03,  2.700378774245E+03,  2.725689279448E+03,  1.655552624578E+04,  1.845586663453E+04,  1.895743656680E+03,  4.901309381223E-01,NaN,NaN,  6.421065707877E-03,  2.853442537408E+16,  3.296028432408E+19,  2.399403608624E+20,  3.944466333307E+18,  4.470893091975E+20,  7.307957420607E+19,  4.022206024970E+12,  2.155545442238E+02,  3.636068077426E+01,  1.691985371579E+02,NaN,  9.995325517617E+00,NaN,  7.740827338458E-07,  3.767761925417E-02,NaN,  4.611741249501E+06,  1.045570548018E-06
  4.734703796941E+03,  2.686588397376E+03,  2.710785010791E+03,  1.547104110699E+04,  1.737118511743E+04,  1.895743656680E+03,  4.784010820934E-01,NaN,NaN,  6.568774243419E-03,  2.922416394231E+16,  3.228296991046E+19,  2.406173455995E+20,  4.089301899315E+18,  4.463992673170E+20,  7.371752666082E+19,  4.023957769063E+12,  2.171307798832E+02,  3.745974498115E+01,  1.696759259006E+02,NaN,  9.995108226982E+00,NaN,  7.744198609964E-07,  3.759204953298E-02,NaN,  4.640551565344E+06,  1.070135520596E-06
  4.971977026182E+03,  2.673192645782E+03,  2.696344999886E+03,  1.447638738379E+04,  1.637634368326E+04,  1.895743656680E+03,  4.669940648373E-01,NaN,NaN,  6.717137684867E-03,  2.987956267422E+16,  3.163790639044E+19,  2.412620949117E+20,  4.230609384017E+18,  4.457146185592E+20,  7.435321097984E+19,  4.027121967557E+12,  2.186804171211E+02,  3.855494643266E+01,  1.701305832166E+02,NaN,  9.994886696826E+00,NaN,  7.750288182216E-07,  3.750738235088E-02,NaN,  4.668272342130E+06,  1.094911689285E-06
  5.228723463876E+03,  2.659582466013E+03,  2.681624417540E+03,  1.345128125015E+04,  1.535104493322E+04,  1.895743656680E+03,  4.553324575377E-01,NaN,NaN,  6.882332968238E-03,  3.063568036599E+16,  3.089190831188E+19,  2.420076759282E+20,  4.398258739259E+18,  4.448728480197E+20,  7.512409042110E+19,  4.032080052929E+12,  2.205337899379E+02,  3.988279638298E+01,  1.706563439384E+02,NaN,  9.994648840565E+00,NaN,  7.759830130729E-07,  3.740555758605E-02,NaN,  4.696339109564E+06,  1.121213370618E-06
  5.490729596718E+03,  2.646415641168E+03,  2.667487050579E+03,  1.256987666167E+04,  1.446946788485E+04,  1.895743656680E+03,  4.440900071665E-01,NaN,NaN,  7.040635473839E-03,  3.127054258407E+16,  3.026406295623E+19,  2.426352025673E+20,  4.543153146824E+18,  4.441417607942E+20,  7.580581246398E+19,  4.038419723783E+12,  2.221506090843E+02,  4.105734393895E+01,  1.710988563568E+02,NaN,  9.994408011258E+00,NaN,  7.772030972047E-07,  3.731623012490E-02,NaN,  4.723112675666E+06,  1.147520225520E-06
  5.767687215842E+03,  2.633358453216E+03,  2.653426344978E+03,  1.168635659356E+04,  1.358577003221E+04,  1.895743656680E+03,  4.328810137539E-01,NaN,NaN,  7.212268830415E-03,  3.197881530583E+16,  2.956199833260E+19,  2.433368629826E+20,  4.709388467204E+18,  4.432740575786E+20,  7.660492891260E+19,  4.046599450682E+12,  2.240216874992E+02,  4.243388559271E+01,  1.715936456262E+02,NaN,  9.994155501530E+00,NaN,  7.787773043241E-07,  3.721245389098E-02,NaN,  4.749566702745E+06,  1.174758656290E-06
  6.071935034575E+03,  2.619887750049E+03,  2.638933980322E+03,  1.081087465307E+04,  1.271010917092E+04,  1.895743656680E+03,  4.212920814974E-01,NaN,NaN,  7.399416764628E-03,  3.272279801210E+16,  2.882271025061E+19,  2.440757082575E+20,  4.889575549652E+18,  4.423102329739E+20,  7.749210123788E+19,  4.057074751514E+12,  2.260706010974E+02,  4.396206336347E+01,  1.721146565110E+02,NaN,  9.993880442148E+00,NaN,  7.807932998886E-07,  3.709839239978E-02,NaN,  4.776652675645E+06,  1.204017178846E-06
  6.382540249837E+03,  2.606970145830E+03,  2.625072560289E+03,  1.002224623923E+04,  1.192131407719E+04,  1.895743656680E+03,  4.101722980699E-01,NaN,NaN,  7.586137769128E-03,  3.341912096425E+16,  2.812907656952E+19,  2.447689206385E+20,  5.063713755526E+18,  4.413594886022E+20,  7.837059987229E+19,  4.069166778468E+12,  2.280724454325E+02,  4.547535409023E+01,  1.726034884874E+02,NaN,  9.993602071779E+00,NaN,  7.831204380869E-07,  3.698662774631E-02,NaN,  4.802389957625E+06,  1.233189634244E-06
  6.702119202446E+03,  2.594481506934E+03,  2.611702415614E+03,  9.303758694925E+03,  1.120266949316E+04,  1.895743656680E+03,  3.994195147448E-01,NaN,NaN,  7.774042602612E-03,  3.407812496609E+16,  2.747108854049E+19,  2.454265013720E+20,  5.233700184086E+18,  4.404127839362E+20,  7.924837125899E+19,  4.082921163860E+12,  2.300479567510E+02,  4.698744368384E+01,  1.730671941256E+02,NaN,  9.993318155830E+00,NaN,  7.857675009625E-07,  3.687612823147E-02,NaN,  4.827059588147E+06,  1.262490147904E-06
  7.044847276411E+03,  2.581924446916E+03,  2.598276405024E+03,  8.614020381147E+03,  1.051277578010E+04,  1.895743656680E+03,  3.885927704943E-01,NaN,NaN,  7.972842065906E-03,  3.474300691076E+16,  2.680572424905E+19,  2.460914384766E+20,  5.410609114001E+18,  4.394054756259E+20,  8.018311711551E+19,  4.099003334231E+12,  2.321267794625E+02,  4.859767504271E+01,  1.735360872496E+02,NaN,  9.993016381256E+00,NaN,  7.888625513727E-07,  3.675974643925E-02,NaN,  4.851680102354E+06,  1.293124781482E-06
  7.415959374617E+03,  2.569214988709E+03,  2.584702631759E+03,  7.946779902621E+03,  9.845381481466E+03,  1.895743656680E+03,  3.776184412278E-01,NaN,NaN,  8.185466516766E-03,  3.542105652772E+16,  2.612561944372E+19,  2.467710882654E+20,  5.596951712747E+18,  4.383195482799E+20,  8.119126005781E+19,  4.117784790321E+12,  2.343423763277E+02,  5.033432756839E+01,  1.740153553046E+02,NaN,  9.992692662236E+00,NaN,  7.924770854829E-07,  3.663570935539E-02,NaN,  4.876417971528E+06,  1.325399568271E-06
  7.793200336298E+03,  2.557134169777E+03,  2.571832792828E+03,  7.353130979875E+03,  9.251590944671E+03,  1.895743656680E+03,  3.671876770419E-01,NaN,NaN,  8.395636767807E-03,  3.604467339437E+16,  2.549871390968E+19,  2.473975636148E+20,  5.773960951271E+18,  4.372680838385E+20,  8.217162104383E+19,  4.138096539558E+12,  2.364727158962E+02,  5.202322202107E+01,  1.744571263859E+02,NaN,  9.992366692760E+00,NaN,  7.963861280035E-07,  3.651654352402E-02,NaN,  4.899731581308E+06,  1.357277844769E-06
  8.184133065503E+03,  2.545487097573E+03,  2.559390008899E+03,  6.774292797531E+03,  8.672610628849E+03,  1.895743656680E+03,  3.570829219929E-01,NaN,NaN,  8.619678734759E-03,  3.671507538569E+16,  2.482328338168E+19,  2.480724919421E+20,  5.970574808903E+18,  4.360624659131E+20,  8.328591396322E+19,  4.160424968746E+12,  2.388676213413E+02,  5.394252338647E+01,  1.749330650119E+02,NaN,  9.992032142197E+00,NaN,  8.006832851858E-07,  3.638286209319E-02,NaN,  4.922141938157E+06,  1.389345236294E-06
  8.619537748296E+03,  2.533352942747E+03,  2.546493332740E+03,  6.232172089402E+03,  8.130351929319E+03,  1.895743656680E+03,  3.465842119624E-01,NaN,NaN,  8.855602377439E-03,  3.734347676216E+16,  2.418874669681E+19,  2.487065526554E+20,  6.161279377060E+18,  4.348764126421E+20,  8.439351646036E+19,  4.186325334596E+12,  2.412224752405E+02,  5.585062617632E+01,  1.753801850578E+02,NaN,  9.991663200726E+00,NaN,  8.056678697346E-07,  3.625175933128E-02,NaN,  4.945236408240E+06,  1.423946801766E-06
  9.068443515478E+03,  2.521777052604E+03,  2.534158118742E+03,  5.710975677735E+03,  7.609018645358E+03,  1.895743656680E+03,  3.365228373440E-01,NaN,NaN,  9.105357948012E-03,  3.800784073459E+16,  2.351641449931E+19,  2.493783426172E+20,  6.369999431348E+18,  4.335368558380E+20,  8.563486566033E+19,  4.214235938188E+12,  2.438340058076E+02,  5.798880762757E+01,  1.758539106053E+02,NaN,  9.991286763666E+00,NaN,  8.110393291273E-07,  3.610696643922E-02,NaN,  4.967199521396E+06,  1.458412233807E-06
  9.523426773107E+03,  2.510802636974E+03,  2.522547441175E+03,  5.282634396090E+03,  7.180560288214E+03,  1.895743656680E+03,  3.270287132513E-01,NaN,NaN,  9.337798898947E-03,  3.853658795713E+16,  2.298022335178E+19,  2.499140961939E+20,  6.541774197119E+18,  4.324261584210E+20,  8.668073018232E+19,  4.243192595524E+12,  2.460134315823E+02,  5.979081418092E+01,  1.762317074925E+02,NaN,  9.990909092323E+00,NaN,  8.166121039515E-07,  3.598663438736E-02,NaN,  4.987761022036E+06,  1.492143240899E-06
  1.000017996828E+04,  2.500161760353E+03,  2.511250456769E+03,  4.856171815380E+03,  6.753975521535E+03,  1.895743656680E+03,  3.177780864305E-01,NaN,NaN,  9.590378329690E-03,  3.912067585140E+16,  2.238677720871E+19,  2.505070218975E+20,  6.737550812290E+18,  4.311199933037E+20,  8.789802299489E+19,  4.274474890437E+12,  2.485280997755E+02,  6.188776119344E+01,  1.766498203991E+02,NaN,  9.990517360371E+00,NaN,  8.226324530376E-07,  3.584855073156E-02,NaN,  5.007663971486E+06,  1.526226178485E-06
  1.050113457015E+04,  2.489824674600E+03,  2.500240386862E+03,  4.434093846385E+03,  6.331779001068E+03,  1.895743656680E+03,  3.088582835652E-01,NaN,NaN,  9.865824454107E-03,  3.975482868879E+16,  2.174110348527E+19,  2.511520966795E+20,  6.957722484542E+18,  4.296051544708E+20,  8.929969005221E+19,  4.308179187640E+12,  2.513967446587E+02,  6.430192660919E+01,  1.771047072263E+02,NaN,  9.990109994060E+00,NaN,  8.291189219951E-07,  3.569211706545E-02,NaN,  5.026964416419E+06,  1.560703160655E-06
  1.103457852289E+04,  2.479558536831E+03,  2.489379970683E+03,  4.069578413209E+03,  5.967154059051E+03,  1.895743656680E+03,  3.001794059706E-01,NaN,NaN,  1.013619053124E-02,  4.029044051315E+16,  2.119463650797E+19,  2.516980337538E+20,  7.150375107547E+18,  4.282643320348E+20,  9.055619712307E+19,  4.344357024809E+12,  2.539460150489E+02,  6.646664832142E+01,  1.774896852017E+02,NaN,  9.989680689663E+00,NaN,  8.360814293670E-07,  3.555409774234E-02,NaN,  5.045909379567E+06,  1.595990777359E-06
  1.159039419052E+04,  2.469640491903E+03,  2.478910171547E+03,  3.740278277017E+03,  5.637751234285E+03,  1.895743656680E+03,  2.919525051060E-01,NaN,NaN,  1.040902617999E-02,  4.078658025380E+16,  2.068750965979E+19,  2.522046392030E+20,  7.334567638347E+18,  4.269598672526E+20,  9.178360997734E+19,  4.382396392055E+12,  2.564176212791E+02,  6.858145470822E+01,  1.778469277291E+02,NaN,  9.989237998412E+00,NaN,  8.434021924530E-07,  3.542128232851E-02,NaN,  5.064086007249E+06,  1.631271366013E-06
  1.217532162541E+04,  2.460023923649E+03,  2.468722204091E+03,  3.411448031866E+03,  5.308815202128E+03,  1.895743656680E+03,  2.840537884477E-01,NaN,NaN,  1.070887714462E-02,  4.133238999230E+16,  2.012855794855E+19,  2.527629877386E+20,  7.543791678859E+18,  4.254327960385E+20,  9.320831533455E+19,  4.422913325648E+12,  2.592651562262E+02,  7.103572059914E+01,  1.782406578840E+02,NaN,  9.988776891897E+00,NaN,  8.511997688397E-07,  3.526961257150E-02,NaN,  5.081691988036E+06,  1.666849539956E-06
  1.280316664504E+04,  2.450430074372E+03,  2.458626182195E+03,  3.128716313259E+03,  5.025988162196E+03,  1.895743656680E+03,  2.763500651069E-01,NaN,NaN,  1.100248453732E-02,  4.178496468101E+16,  1.966422162060E+19,  2.532267789381E+20,  7.722962558228E+18,  4.241142807737E+20,  9.445612030865E+19,  4.466226983376E+12,  2.617420150740E+02,  7.318601807187E+01,  1.785677091238E+02,NaN,  9.988287018790E+00,NaN,  8.595355811723E-07,  3.513884346040E-02,NaN,  5.099060442661E+06,  1.703378451207E-06
  1.345166596766E+04,  2.441326371470E+03,  2.449012979562E+03,  2.852157293809E+03,  4.749332949608E+03,  1.895743656680E+03,  2.691196455950E-01,NaN,NaN,  1.131906506508E-02,  4.227209106616E+16,  1.916355370559E+19,  2.537268339466E+20,  7.921676754134E+18,  4.226087395213E+20,  9.586865104237E+19,  4.511137235322E+12,  2.645278205378E+02,  7.561970092857E+01,  1.789203324825E+02,NaN,  9.987786258534E+00,NaN,  8.681786617077E-07,  3.499319030708E-02,NaN,  5.115526040920E+06,  1.739392499284E-06
  1.413841061869E+04,  2.432433095942E+03,  2.439635534644E+03,  2.597206053865E+03,  4.494289070109E+03,  1.895743656680E+03,  2.621710076853E-01,NaN,NaN,  1.164722471893E-02,  4.273450485089E+16,  1.868742201304E+19,  2.542023403092E+20,  8.116332699724E+18,  4.211053950544E+20,  9.728276704888E+19,  4.558421978265E+12,  2.672992329690E+02,  7.805632584684E+01,  1.792556448938E+02,NaN,  9.987261351114E+00,NaN,  8.772787184574E-07,  3.484979748824E-02,NaN,  5.131520349957E+06,  1.775734858282E-06
  1.488257941335E+04,  2.423572753607E+03,  2.430302085503E+03,  2.355832825767E+03,  4.252824808463E+03,  1.895743656680E+03,  2.553510297810E-01,NaN,NaN,  1.199711356897E-02,  4.318716212416E+16,  1.822050590053E+19,  2.546685968621E+20,  8.312849573364E+18,  4.195575022972E+20,  9.874137192027E+19,  4.609181756302E+12,  2.701409351411E+02,  8.056980129463E+01,  1.795844346247E+02,NaN,  9.986698334762E+00,NaN,  8.870475536460E-07,  3.470437839640E-02,NaN,  5.147373851856E+06,  1.813148787155E-06
  1.563492696918E+04,  2.415331572558E+03,  2.421639229553E+03,  2.147017544590E+03,  4.043927230995E+03,  1.895743656680E+03,  2.491113967021E-01,NaN,NaN,  1.233905118461E-02,  4.358469753531E+16,  1.780974732970E+19,  2.550787203739E+20,  8.490549405502E+18,  4.181348152663E+20,  1.000879266415E+20,  4.659776989576E+12,  2.727503593738E+02,  8.289058262726E+01,  1.798736410675E+02,NaN,  9.986134782248E+00,NaN,  8.967847218191E-07,  3.457230601913E-02,NaN,  5.162029953695E+06,  1.849032527111E-06
  1.642529975091E+04,  2.407373056709E+03,  2.413284699245E+03,  1.956681098023E+03,  3.853513029059E+03,  1.895743656680E+03,  2.431707356667E-01,NaN,NaN,  1.268929243199E-02,  4.395480891015E+16,  1.742672912645E+19,  2.554610913981E+20,  8.660491579609E+18,  4.167522169512E+20,  1.014004070250E+20,  4.712016596786E+12,  2.752817941163E+02,  8.515296738004E+01,  1.801432773126E+02,NaN,  9.985548516754E+00,NaN,  9.068383535112E-07,  3.444554420496E-02,NaN,  5.176111515770E+06,  1.884740524524E-06
  1.724702961978E+04,  2.399775047612E+03,  2.405320943417E+03,  1.785944530768E+03,  3.682703909339E+03,  1.895743656680E+03,  2.375879490724E-01,NaN,NaN,  1.304226529959E-02,  4.429159998484E+16,  1.707768708289E+19,  2.558094816703E+20,  8.819087034111E+18,  4.154435646094E+20,  1.026473207539E+20,  4.765169118747E+12,  2.776766468269E+02,  8.730274976651E+01,  1.803889513802E+02,NaN,  9.984944763116E+00,NaN,  9.170676777315E-07,  3.432687082765E-02,NaN,  5.189486334508E+06,  1.919826497384E-06
  1.812007628166E+04,  2.392432525911E+03,  2.397581990605E+03,  1.608043847410E+03,  3.504725187132E+03,  1.895743656680E+03,  2.322236859071E-01,NaN,NaN,  1.344972760030E-02,  4.468442149500E+16,  1.666997600501E+19,  2.562164394347E+20,  9.008857806001E+18,  4.138306077383E+20,  1.041662175323E+20,  4.820631441186E+12,  2.805807967711E+02,  8.992056125210E+01,  1.806759254356E+02,NaN,  9.984309155613E+00,NaN,  9.277415283281E-07,  3.418465825715E-02,NaN,  5.202438863343E+06,  1.954941363717E-06
  1.912916838539E+04,  2.384661397250E+03,  2.389441676602E+03,  1.446864737751E+03,  3.343472205283E+03,  1.895743656680E+03,  2.266694223878E-01,NaN,NaN,  1.387633049424E-02,  4.502360173066E+16,  1.631737020735E+19,  2.565682600147E+20,  9.177246424330E+18,  4.123893513316E+20,  1.055413503509E+20,  4.882504567207E+12,  2.831995559365E+02,  9.229195488064E+01,  1.809240184503E+02,NaN,  9.983581665943E+00,NaN,  9.396491527124E-07,  3.405795017290E-02,NaN,  5.216015818747E+06,  1.993004901606E-06
  2.008586903922E+04,  2.377958749859E+03,  2.382443651099E+03,  1.321502459045E+03,  3.218049466957E+03,  1.895743656680E+03,  2.219306754712E-01,NaN,NaN,  1.425391612490E-02,  4.528085566950E+16,  1.604959424340E+19,  2.568353296841E+20,  9.307939136057E+18,  4.112633818177E+20,  1.066258361161E+20,  4.938929463094E+12,  2.852583579137E+02,  9.416311075950E+01,  1.811123477385E+02,NaN,  9.982898465146E+00,NaN,  9.505082527668E-07,  3.395936324673E-02,NaN,  5.227648986446E+06,  2.026686926417E-06
  2.110598139920E+04,  2.371493436263E+03,  2.375649597367E+03,  1.187430757320E+03,  3.083912538081E+03,  1.895743656680E+03,  2.174027077244E-01,NaN,NaN,  1.470054277055E-02,  4.559486584386E+16,  1.572233319624E+19,  2.571617738847E+20,  9.470683556221E+18,  4.098173646378E+20,  1.079967527766E+20,  4.997373723186E+12,  2.878519319774E+02,  9.652720892416E+01,  1.813425461137E+02,NaN,  9.982175977817E+00,NaN,  9.617559840738E-07,  3.383653146032E-02,NaN,  5.238909088545E+06,  2.060267769817E-06
  2.218888075696E+04,  2.365269476304E+03,  2.369114249165E+03,  1.064638140862E+03,  2.961057239972E+03,  1.895743656680E+03,  2.130978814808E-01,NaN,NaN,  1.516763808635E-02,  4.588756060022E+16,  1.541687796527E+19,  2.574663784293E+20,  9.625947900005E+18,  4.084173192466E+20,  1.093267412260E+20,  5.056779751451E+12,  2.903600187890E+02,  9.882125828158E+01,  1.815573438375E+02,NaN,  9.981415696772E+00,NaN,  9.731888098615E-07,  3.371913931119E-02,NaN,  5.249708982043E+06,  2.093416993700E-06
  2.334708259471E+04,  2.359257295009E+03,  2.362804725424E+03,  9.513516512438E+02,  2.847710925494E+03,  1.895743656680E+03,  2.089757075225E-01,NaN,NaN,  1.566109410975E-02,  4.616250913677E+16,  1.512957501409E+19,  2.577527850308E+20,  9.775042205280E+18,  4.070535264628E+20,  1.106244254150E+20,  5.117291960746E+12,  2.928000835292E+02,  1.010601643138E+02,  1.817593089335E+02,NaN,  9.980609297063E+00,NaN,  9.848345227144E-07,  3.360624257913E-02,NaN,  5.260106558053E+06,  2.126235516165E-06
  2.454528683845E+04,  2.353650450187E+03,  2.356927905733E+03,  8.519001549057E+02,  2.748205062855E+03,  1.895743656680E+03,  2.051857007900E-01,NaN,NaN,  1.615836458765E-02,  4.640495907573E+16,  1.487592608853E+19,  2.580055258897E+20,  9.909225479813E+18,  4.058117402175E+20,  1.118098321574E+20,  5.176561897337E+12,  2.950234864584E+02,  1.031061697515E+02,  1.819375339868E+02,NaN,  9.979781723890E+00,NaN,  9.962411573490E-07,  3.350448983509E-02,NaN,  5.269765437599E+06,  2.157546697000E-06
  2.590508960957E+04,  2.347959492211E+03,  2.350960612370E+03,  7.537310931456E+02,  2.649980395853E+03,  1.895743656680E+03,  2.013782731008E-01,NaN,NaN,  1.672307906982E-02,  4.665062957286E+16,  1.461861397511E+19,  2.582618133038E+20,  1.004782962353E+19,  4.045106082288E+20,  1.130516946012E+20,  5.239885057313E+12,  2.973473064736E+02,  1.052501954530E+02,  1.821182599614E+02,NaN,  9.978850050745E+00,NaN,  1.008427844079E-06,  3.339928644414E-02,NaN,  5.279547804893E+06,  2.190096740131E-06
  2.723304717545E+04,  2.342997758098E+03,  2.345769901436E+03,  6.750847032960E+02,  2.571288094240E+03,  1.895743656680E+03,  1.980863552478E-01,NaN,NaN,  1.724672764841E-02,  4.684355991901E+16,  1.441632634293E+19,  2.584631229504E+20,  1.015867850051E+19,  4.034629089167E+20,  1.140576310600E+20,  5.297520283281E+12,  2.992263944542E+02,  1.069882289778E+02,  1.822602173111E+02,NaN,  9.977947145825E+00,NaN,  1.019519874921E-06,  3.331505647790E-02,NaN,  5.288036518783E+06,  2.219049464758E-06
  2.865775403944E+04,  2.338292880746E+03,  2.340798311554E+03,  5.874160442000E+02,  2.483566885338E+03,  1.895743656680E+03,  1.949764442057E-01,NaN,NaN,  1.791372485720E-02,  4.709328632762E+16,  1.415422735238E+19,  2.587241088533E+20,  1.030446843633E+19,  4.020428606150E+20,  1.153979056398E+20,  5.355786040490E+12,  3.017230138608E+02,  1.093017712496E+02,  1.824442565150E+02,NaN,  9.976985065483E+00,NaN,  1.030733252941E-06,  3.320436235908E-02,NaN,  5.296149001566E+06,  2.247353014620E-06
  3.014926489577E+04,  2.333873002282E+03,  2.336183323284E+03,  5.251503202564E+02,  2.421262482449E+03,  1.895743656680E+03,  1.921129952889E-01,NaN,NaN,  1.847727751945E-02,  4.724419525439E+16,  1.399565504987E+19,  2.588816057586E+20,  1.039422972450E+19,  4.011786147822E+20,  1.162332994759E+20,  5.411481356167E+12,  3.032786902430E+02,  1.107473862853E+02,  1.825553184717E+02,NaN,  9.975984444510E+00,NaN,  1.041451943618E-06,  3.313602030106E-02,NaN,  5.303663979379E+06,  2.274141357498E-06
  3.168051069384E+04,  2.329897702048E+03,  2.331985825900E+03,  4.572548750078E+02,  2.353323865180E+03,  1.895743656680E+03,  1.895279122634E-01,NaN,NaN,  1.917993805839E-02,  4.744051632417E+16,  1.378921771996E+19,  2.590868798066E+20,  1.051241904258E+19,  4.000040160651E+20,  1.173445340434E+20,  5.464697226520E+12,  3.053425982149E+02,  1.126675623453E+02,  1.827000713949E+02,NaN,  9.974963422931E+00,NaN,  1.051693459381E-06,  3.304618928585E-02,NaN,  5.310486105917E+06,  2.298947429129E-06
  3.328980622657E+04,  2.326218236439E+03,  2.328101265754E+03,  3.970365562855E+02,  2.293066276508E+03,  1.895743656680E+03,  1.871481820558E-01,NaN,NaN,  1.991938272509E-02,  4.761562653292E+16,  1.360491120635E+19,  2.592699757427E+20,  1.061951084959E+19,  3.989289129535E+20,  1.183624747053E+20,  5.515696708431E+12,  3.072307847956E+02,  1.144277017824E+02,  1.828291849981E+02,NaN,  9.973896953612E+00,NaN,  1.061508426127E-06,  3.296479006979E-02,NaN,  5.316788606051E+06,  2.322287017993E-06
  3.495493637686E+04,  2.322814197368E+03,  2.324566500364E+03,  3.596073796997E+02,  2.255612035008E+03,  1.895743656680E+03,  1.849939184755E-01,NaN,NaN,  2.046585525288E-02,  4.769428096400E+16,  1.352201604443E+19,  2.593517039824E+20,  1.066837430623E+19,  3.984570542330E+20,  1.188298991938E+20,  5.562869786411E+12,  3.081009853931E+02,  1.152413679615E+02,  1.828868172304E+02,NaN,  9.972799130633E+00,NaN,  1.070586992700E-06,  3.292748537345E-02,NaN,  5.322514394932E+06,  2.343851448964E-06
  3.671107969146E+04,  2.319707449459E+03,  2.321290342930E+03,  3.131160623322E+02,  2.209088560522E+03,  1.895743656680E+03,  1.830196619030E-01,NaN,NaN,  2.123223103933E-02,  4.782833154304E+16,  1.338072620634E+19,  2.594916951099E+20,  1.075197665444E+19,  3.976077244498E+20,  1.196355980126E+20,  5.608570282704E+12,  3.095944514578E+02,  1.166372687276E+02,  1.829855346530E+02,NaN,  9.971646997851E+00,NaN,  1.079382157565E-06,  3.286389664309E-02,NaN,  5.327813490145E+06,  2.364121359587E-06
  3.855268368323E+04,  2.316870705797E+03,  2.318300892652E+03,  2.727829756872E+02,  2.168728204067E+03,  1.895743656680E+03,  1.812302047361E-01,NaN,NaN,  2.202038003873E-02,  4.794336868788E+16,  1.325938377268E+19,  2.596116868747E+20,  1.082450909280E+19,  3.968664889458E+20,  1.203393209818E+20,  5.651396748350E+12,  3.108988367567E+02,  1.178582415278E+02,  1.830701491421E+02,NaN,  9.970444999115E+00,NaN,  1.087624208668E-06,  3.280873427887E-02,NaN,  5.332642309601E+06,  2.382859287720E-06
  4.064796841403E+04,  2.314148130348E+03,  2.315367699541E+03,  2.200099868183E+02,  2.115918007894E+03,  1.895743656680E+03,  1.794890907106E-01,NaN,NaN,  2.328162774099E-02,  4.812669240070E+16,  1.306592371353E+19,  2.598035434290E+20,  1.094129524844E+19,  3.956373522779E+20,  1.214841466131E+20,  5.695332884557E+12,  3.130137589330E+02,  1.198392345475E+02,  1.832054404629E+02,NaN,  9.969082826475E+00,NaN,  1.096079818406E-06,  3.272008343986E-02,NaN,  5.337374220407E+06,  2.401472695402E-06
  4.313170379111E+04,  2.311368932663E+03,  2.312429132020E+03,  1.820610257264E+02,  2.077941580971E+03,  1.895743656680E+03,  1.777401834961E-01,NaN,NaN,  2.445793811580E-02,  4.823768889878E+16,  1.294862143206E+19,  2.599190308072E+20,  1.101303873878E+19,  3.948876902723E+20,  1.221919268018E+20,  5.739759970801E+12,  3.143251615491E+02,  1.210708062911E+02,  1.832868785977E+02,NaN,  9.967475555660E+00,NaN,  1.104629912598E-06,  3.266554882374E-02,NaN,  5.342108808168E+06,  2.420350414983E-06
  4.577838596313E+04,  2.308905543306E+03,  2.309826873449E+03,  1.506303877111E+02,  2.046487926912E+03,  1.895743656680E+03,  1.762012596405E-01,NaN,NaN,  2.568928259652E-02,  4.832702104899E+16,  1.285412050701E+19,  2.600116084738E+20,  1.107128707274E+19,  3.942758734613E+20,  1.227687082143E+20,  5.780016800191E+12,  3.153959070627E+02,  1.220779749495E+02,  1.833521615110E+02,NaN,  9.965769489918E+00,NaN,  1.112377431337E-06,  3.262127844043E-02,NaN,  5.346296544229E+06,  2.437262989330E-06
  4.822049097075E+04,  2.307005046580E+03,  2.307831446643E+03,  1.300679556683E+02,  2.025910202540E+03,  1.895743656680E+03,  1.750259013042E-01,NaN,NaN,  2.668512966672E-02,  4.837828314788E+16,  1.279981089450E+19,  2.600641609797E+20,  1.110497510166E+19,  3.939242912938E+20,  1.231013353828E+20,  5.811347680099E+12,  3.160174543675E+02,  1.226640328123E+02,  1.833892199162E+02,NaN,  9.964200520576E+00,NaN,  1.118407130717E-06,  3.259567838250E-02,NaN,  5.349504549955E+06,  2.450357655080E-06
  5.070926306291E+04,  2.305486342993E+03,  2.306175706890E+03,  1.019848811885E+02,  1.997806069961E+03,  1.895743656680E+03,  1.740588754167E-01,NaN,NaN,  2.838978029478E-02,  4.848027038822E+16,  1.269188962859E+19,  2.601702293290E+20,  1.117218381295E+19,  3.931942231617E+20,  1.237729101028E+20,  5.838487634398E+12,  3.172598368863E+02,  1.238332121664E+02,  1.834640160425E+02,NaN,  9.962607553798E+00,NaN,  1.123630276893E-06,  3.254478954702E-02,NaN,  5.352164358843E+06,  2.461307161343E-06
  5.332338415843E+04,  2.304027455973E+03,  2.304655378282E+03,  8.992591421523E+01,  1.985737946329E+03,  1.895743656680E+03,  1.731699898939E-01,NaN,NaN,  2.932718245976E-02,  4.850170443991E+16,  1.266905125433E+19,  2.601911988714E+20,  1.118648437942E+19,  3.930472010030E+20,  1.239110807988E+20,  5.862921592343E+12,  3.175255076076E+02,  1.240857671488E+02,  1.834788031166E+02,NaN,  9.960936213900E+00,NaN,  1.128332647893E-06,  3.253392738723E-02,NaN,  5.354604977187E+06,  2.471428900974E-06
  5.628371341138E+04,  2.302808812134E+03,  2.303316643724E+03,  6.767770785325E+01,  1.963472919826E+03,  1.895743656680E+03,  1.723939687819E-01,NaN,NaN,  3.151543906402E-02,  4.858368241119E+16,  1.258218718913E+19,  2.602758767023E+20,  1.124101578818E+19,  3.924465760070E+20,  1.244568542543E+20,  5.885485162174E+12,  3.185387834323E+02,  1.250412166742E+02,  1.835385153096E+02,NaN,  9.959050315828E+00,NaN,  1.132675058428E-06,  3.249271011716E-02,NaN,  5.356752755312E+06,  2.480395780719E-06
  5.920736183658E+04,  2.301715405878E+03,  2.302193879862E+03,  6.244867936488E+01,  1.958239800936E+03,  1.895743656680E+03,  1.717393149067E-01,NaN,NaN,  3.217987564066E-02,  4.858045342761E+16,  1.258540093713E+19,  2.602705808690E+20,  1.123897761166E+19,  3.924746143523E+20,  1.244271163214E+20,  5.903752583642E+12,  3.184986728620E+02,  1.250067011745E+02,  1.835347808513E+02,NaN,  9.957189699920E+00,NaN,  1.136190665402E-06,  3.249432205718E-02,NaN,  5.358553093875E+06,  2.487955447014E-06
  6.253365232124E+04,  2.300784651074E+03,  2.301162766551E+03,  4.558334343168E+01,  1.941361709212E+03,  1.895743656680E+03,  1.711461304341E-01,NaN,NaN,  3.483915134096E-02,  4.864330848270E+16,  1.251869755309E+19,  2.603348403997E+20,  1.128098606094E+19,  3.920051460433E+20,  1.248460840249E+20,  5.921504896788E+12,  3.192812756142E+02,  1.257461028259E+02,  1.835800946892E+02,NaN,  9.955076959534E+00,NaN,  1.139607138603E-06,  3.246262639529E-02,NaN,  5.360205705389E+06,  2.494929858387E-06
  6.585994280589E+04,  2.300109567053E+03,  2.300409063783E+03,  3.338359165557E+01,  1.929152581673E+03,  1.895743656680E+03,  1.707125362076E-01,NaN,NaN,  3.767977633409E-02,  4.868913319171E+16,  1.246999702301E+19,  2.603811057343E+20,  1.131176471200E+19,  3.916565569304E+20,  1.251506003945E+20,  5.934590902960E+12,  3.198543247239E+02,  1.262886352090E+02,  1.836127195752E+02,NaN,  9.952968797492E+00,NaN,  1.142125570371E-06,  3.243949901210E-02,NaN,  5.361413236222E+06,  2.500047262130E-06
  6.918623329055E+04,  2.299618958342E+03,  2.299856724274E+03,  2.452781455737E+01,  1.920290010670E+03,  1.895743656680E+03,  1.703947833318E-01,NaN,NaN,  4.071365242939E-02,  4.872263689668E+16,  1.243432488651E+19,  2.604143485934E+20,  1.133434080293E+19,  3.913966676752E+20,  1.253711086169E+20,  5.944239185166E+12,  3.202736897972E+02,  1.266866631414E+02,  1.836361614135E+02,NaN,  9.950864098324E+00,NaN,  1.143982404313E-06,  3.242261941114E-02,NaN,  5.362297908940E+06,  2.503807913915E-06
  7.273170542296E+04,  2.298978587815E+03,  2.299238742620E+03,  2.763915798149E+01,  1.923403416560E+03,  1.895743656680E+03,  1.700347058918E-01,NaN,NaN,  3.953268690578E-02,  4.868842630687E+16,  1.247027664195E+19,  2.603758767207E+20,  1.131134030624E+19,  3.916509994563E+20,  1.251223712727E+20,  5.954195351295E+12,  3.198366121046E+02,  1.262789599582E+02,  1.836090322362E+02,NaN,  9.948618764366E+00,NaN,  1.145898491218E-06,  3.244021575384E-02,NaN,  5.363287471657E+06,  2.508026000976E-06
  7.666909710043E+04,  2.298512770260E+03,  2.298711127916E+03,  1.924299801594E+01,  1.915001142048E+03,  1.895743656680E+03,  1.697334917189E-01,NaN,NaN,  4.329378151952E-02,  4.872035736616E+16,  1.243621889220E+19,  2.604070601506E+20,  1.133279688443E+19,  3.914003274344E+20,  1.253294848243E+20,  5.963508101764E+12,  3.202345518572E+02,  1.266574007136E+02,  1.836310218285E+02,NaN,  9.946128167415E+00,NaN,  1.147690751311E-06,  3.242419966620E-02,NaN,  5.364132123533E+06,  2.511636087488E-06
  8.213511989591E+04,  2.298096334541E+03,  2.298233310645E+03,  1.174028045424E+01,  1.907492798088E+03,  1.895743656680E+03,  1.694607068005E-01,NaN,NaN,  4.900220545589E-02,  4.874917845080E+16,  1.240534420214E+19,  2.604339522042E+20,  1.135218351138E+19,  3.911655207746E+20,  1.255097571993E+20,  5.971980143913E+12,  3.205909381088E+02,  1.269982759219E+02,  1.836499852748E+02,NaN,  9.942675762832E+00,NaN,  1.149321215167E-06,  3.240989154306E-02,NaN,  5.364896891080E+06,  2.514912466911E-06
  8.730791955193E+04,  2.297857138878E+03,  2.297954455663E+03,  7.440901024479E+00,  1.903190081211E+03,  1.895743656680E+03,  1.693015090522E-01,NaN,NaN,  5.493024219238E-02,  4.876591745874E+16,  1.238727423847E+19,  2.604482581905E+20,  1.136342682313E+19,  3.910208105105E+20,  1.256069109849E+20,  5.976939839838E+12,  3.207940070503E+02,  1.271945203270E+02,  1.836600734148E+02,NaN,  9.939412158232E+00,NaN,  1.150275719973E-06,  3.240175952773E-02,NaN,  5.365343138384E+06,  2.516827658493E-06
  9.248071920796E+04,  2.297708581745E+03,  2.297778489611E+03,  4.786378369608E+00,  1.900529709464E+03,  1.895743656680E+03,  1.692004274829E-01,NaN,NaN,  6.134346628219E-02,  4.877645165507E+16,  1.237577056682E+19,  2.604560008860E+20,  1.137047128603E+19,  3.909219827931E+20,  1.256605673660E+20,  5.980074243113E+12,  3.209176233072E+02,  1.273159378163E+02,  1.836655333247E+02,NaN,  9.936151015350E+00,NaN,  1.150878943041E-06,  3.239682264378E-02,NaN,  5.365624706516E+06,  2.518037377558E-06
  9.765351886398E+04,  2.297615376463E+03,  2.297666218841E+03,  3.130129978287E+00,  1.898885115886E+03,  1.895743656680E+03,  1.691357710541E-01,NaN,NaN,  6.822016601467E-02,  4.878311822759E+16,  1.236836011046E+19,  2.604596521907E+20,  1.137489262484E+19,  3.908518572790E+20,  1.256870216317E+20,  5.982074817542E+12,  3.209915583216E+02,  1.273905572804E+02,  1.836681081120E+02,NaN,  9.932891777886E+00,NaN,  1.151263958158E-06,  3.239388099435E-02,NaN,  5.365804343098E+06,  2.518809684129E-06
  1.028263185200E+05,  2.297555333616E+03,  2.297593383278E+03,  2.126670284636E+00,  1.897864713750E+03,  1.895743656680E+03,  1.690938252532E-01,NaN,NaN,  7.514497212861E-02,  4.878738105442E+16,  1.236349379264E+19,  2.604607604532E+20,  1.137768150826E+19,  3.907996103777E+20,  1.256965356314E+20,  5.983371043749E+12,  3.210345545774E+02,  1.274360297033E+02,  1.836688896246E+02,NaN,  9.929634098060E+00,NaN,  1.151513419851E-06,  3.239218085599E-02,NaN,  5.365920876394E+06,  2.519310915510E-06
  1.093084925477E+05,  2.297508117597E+03,  2.297535463577E+03,  1.368991769009E+00,  1.897113287021E+03,  1.895743656680E+03,  1.690604694564E-01,NaN,NaN,  8.389613237763E-02,  4.879069054709E+16,  1.235954669653E+19,  2.604599992534E+20,  1.137979463849E+19,  3.907492750752E+20,  1.256941192260E+20,  5.984399381417E+12,  3.210622437494E+02,  1.274683359830E+02,  1.836683528500E+02,NaN,  9.925553764734E+00,NaN,  1.151711325783E-06,  3.239110080271E-02,NaN,  5.366013543143E+06,  2.519709612002E-06
  1.165242166498E+05,  2.297475469957E+03,  2.297495756184E+03,  9.193104045993E-01,  1.896663499872E+03,  1.895743656680E+03,  1.690376020776E-01,NaN,NaN,  9.268050364879E-02,  4.879286574447E+16,  1.235674989063E+19,  2.604575555642E+20,  1.138112057412E+19,  3.907044907750E+20,  1.256807775139E+20,  5.985101045385E+12,  3.210736055486E+02,  1.274859609972E+02,  1.836666296358E+02,NaN,  9.921013763817E+00,NaN,  1.151846362616E-06,  3.239067878889E-02,NaN,  5.366077070427E+06,  2.519982999138E-06
  1.237399407519E+05,  2.297453668937E+03,  2.297469934396E+03,  6.847605016538E-01,  1.896428794493E+03,  1.895743656680E+03,  1.690227313808E-01,NaN,NaN,  9.976470307673E-02,  4.879419514976E+16,  1.235484830464E+19,  2.604542169506E+20,  1.138187095529E+19,  3.906660149806E+20,  1.256614659827E+20,  5.985554415868E+12,  3.210740528387E+02,  1.274933004579E+02,  1.836642753485E+02,NaN,  9.916475880387E+00,NaN,  1.151933614801E-06,  3.239069427526E-02,NaN,  5.366118381765E+06,  2.520160808172E-06
  1.322882881214E+05,  2.297434707474E+03,  2.297448439566E+03,  5.463748540281E-01,  1.896290381490E+03,  1.895743656680E+03,  1.690103525671E-01,NaN,NaN,  1.055590057521E-01,  4.879521607819E+16,  1.235318189996E+19,  2.604496754637E+20,  1.138238283531E+19,  3.906245666431E+20,  1.256346811707E+20,  5.985928064011E+12,  3.210674319522E+02,  1.274952556895E+02,  1.836610728321E+02,NaN,  9.911102278560E+00,NaN,  1.152005524239E-06,  3.239099920598E-02,NaN,  5.366152770215E+06,  2.520308836709E-06
  1.408366354910E+05,  2.297419292498E+03,  2.297431764276E+03,  4.805511518886E-01,  1.896225489990E+03,  1.895743656680E+03,  1.690007493132E-01,NaN,NaN,  1.090028890192E-01,  4.879594346238E+16,  1.235182619038E+19,  2.604448231914E+20,  1.138269487765E+19,  3.905853084846E+20,  1.256058332801E+20,  5.986215816028E+12,  3.210570224770E+02,  1.274936387870E+02,  1.836576511594E+02,NaN,  9.905731378437E+00,NaN,  1.152060902772E-06,  3.239145591595E-02,NaN,  5.366179447917E+06,  2.520423683869E-06
  1.490960553830E+05,  2.297405890773E+03,  2.297417825381E+03,  4.531484976633E-01,  1.896195398477E+03,  1.895743656680E+03,  1.689927219421E-01,NaN,NaN,  1.106157361336E-01,  4.879651390524E+16,  1.235065638459E+19,  2.604399946487E+20,  1.138290625414E+19,  3.905483644180E+20,  1.255770355659E+20,  5.986454446200E+12,  3.210452571141E+02,  1.274904654291E+02,  1.836542462202E+02,NaN,  9.900544312726E+00,NaN,  1.152106827693E-06,  3.239196556799E-02,NaN,  5.366201747695E+06,  2.520519691023E-06
  1.599159969208E+05,  2.297389412039E+03,  2.297401014835E+03,  4.364218721852E-01,  1.896178158469E+03,  1.895743656680E+03,  1.689830407945E-01,NaN,NaN,  1.116620021771E-01,  4.879717286761E+16,  1.234921742368E+19,  2.604335756625E+20,  1.138312302077E+19,  3.905006271395E+20,  1.255387016722E+20,  5.986741392941E+12,  3.210287065062E+02,  1.274852332177E+02,  1.836497197492E+02,NaN,  9.893752387089E+00,NaN,  1.152162051249E-06,  3.239267873422E-02,NaN,  5.366228641378E+06,  2.520635484911E-06
  1.707359384587E+05,  2.297373500901E+03,  2.297384902333E+03,  4.263462989011E-01,  1.896171861236E+03,  1.895743656680E+03,  1.689737616488E-01,NaN,NaN,  1.123171808822E-01,  4.879778925905E+16,  1.234782353089E+19,  2.604271115025E+20,  1.138331078923E+19,  3.904532081319E+20,  1.255000886986E+20,  5.987015992115E+12,  3.210116099897E+02,  1.274794826556E+02,  1.836451614231E+02,NaN,  9.886964758851E+00,NaN,  1.152214898487E-06,  3.239341363197E-02,NaN,  5.366254418215E+06,  2.520746478362E-06
  1.815558799965E+05,  2.297357740383E+03,  2.297369067528E+03,  4.226403960799E-01,  1.896169556007E+03,  1.895743656680E+03,  1.689646424285E-01,NaN,NaN,  1.125638052126E-01,  4.879838865475E+16,  1.234644760073E+19,  2.604206288956E+20,  1.138348696534E+19,  3.904059144889E+20,  1.254613772453E+20,  5.987285759632E+12,  3.209942970558E+02,  1.274735243939E+02,  1.836405900887E+02,NaN,  9.880181420924E+00,NaN,  1.152266815861E-06,  3.239415703529E-02,NaN,  5.366279750610E+06,  2.520855566296E-06
  1.923758215343E+05,  2.297341912048E+03,  2.297353331076E+03,  4.272115741384E-01,  1.896168056349E+03,  1.895743656680E+03,  1.689555798488E-01,NaN,NaN,  1.122626873202E-01,  4.879898198463E+16,  1.234507808550E+19,  2.604141396052E+20,  1.138365899680E+19,  3.903586658227E+20,  1.254226448604E+20,  5.987553379745E+12,  3.209769093957E+02,  1.274674918326E+02,  1.836360140414E+02,NaN,  9.873402369310E+00,NaN,  1.152318319963E-06,  3.239490327124E-02,NaN,  5.366304925506E+06,  2.520963983986E-06
  2.031957630721E+05,  2.297326335969E+03,  2.297337636163E+03,  4.212880130654E-01,  1.896168346614E+03,  1.895743656680E+03,  1.689465411911E-01,NaN,NaN,  1.126564516978E-01,  4.879957271639E+16,  1.234371133497E+19,  2.604076475017E+20,  1.138382925348E+19,  3.903114374519E+20,  1.253839162934E+20,  5.987820731433E+12,  3.209594923265E+02,  1.274614275629E+02,  1.836314360104E+02,NaN,  9.866627600833E+00,NaN,  1.152369772406E-06,  3.239565053155E-02,NaN,  5.366330033741E+06,  2.521072122757E-06
  2.140157046099E+05,  2.297310561879E+03,  2.297321953699E+03,  4.258426703906E-01,  1.896167800866E+03,  1.895743656680E+03,  1.689375097033E-01,NaN,NaN,  1.123552067896E-01,  4.880016259373E+16,  1.234234544745E+19,  2.604011538909E+20,  1.138399890350E+19,  3.902642131161E+20,  1.253452032887E+20,  5.988087546271E+12,  3.209420669870E+02,  1.274553518052E+02,  1.836268569165E+02,NaN,  9.859857112946E+00,NaN,  1.152421121531E-06,  3.239639794409E-02,NaN,  5.366355121885E+06,  2.521180182995E-06
  2.248356461477E+05,  2.297294927186E+03,  2.297306268390E+03,  4.233157248838E-01,  1.896167956587E+03,  1.895743656680E+03,  1.689284765768E-01,NaN,NaN,  1.125237123347E-01,  4.880075257651E+16,  1.234097946323E+19,  2.603946603140E+20,  1.138416861623E+19,  3.902169888264E+20,  1.253065131895E+20,  5.988354629533E+12,  3.209246471119E+02,  1.274492772097E+02,  1.836222778465E+02,NaN,  9.853090903212E+00,NaN,  1.152472522315E-06,  3.239714498156E-02,NaN,  5.366380214455E+06,  2.521288270083E-06
  2.410655584544E+05,  2.297271448926E+03,  2.297282741058E+03,  4.208662771742E-01,  1.896168091445E+03,  1.895743656680E+03,  1.689149272507E-01,NaN,NaN,  1.126888902550E-01,  4.880163739244E+16,  1.233893069866E+19,  2.603849197995E+20,  1.138442306741E+19,  3.901461561145E+20,  1.252485186229E+20,  5.988755120215E+12,  3.208985233680E+02,  1.274401634743E+02,  1.836154091363E+02,NaN,  9.842949604910E+00,NaN,  1.152549597661E-06,  3.239826500964E-02,NaN,  5.366417852020E+06,  2.521450409956E-06
  2.540518080804E+05,  2.297252531026E+03,  2.297263919122E+03,  4.256345621637E-01,  1.896167592815E+03,  1.895743656680E+03,  1.689040877494E-01,NaN,NaN,  1.123733940970E-01,  4.880234505591E+16,  1.233729174285E+19,  2.603771254507E+20,  1.138462643365E+19,  3.900894830081E+20,  1.252021523542E+20,  5.989076156981E+12,  3.208776237811E+02,  1.274328669900E+02,  1.836099128021E+02,NaN,  9.834842836423E+00,NaN,  1.152611381919E-06,  3.239916076664E-02,NaN,  5.366447961938E+06,  2.521580134081E-06
  2.670414454172E+05,  2.297233744218E+03,  2.297245098590E+03,  4.239475826447E-01,  1.896167890099E+03,  1.895743656680E+03,  1.688932490571E-01,NaN,NaN,  1.124864639006E-01,  4.880305241957E+16,  1.233565289510E+19,  2.603693284945E+20,  1.138482951539E+19,  3.900328001975E+20,  1.251558080222E+20,  5.989396656896E+12,  3.208567196064E+02,  1.274255626564E+02,  1.836044146292E+02,NaN,  9.826741168112E+00,NaN,  1.152673062860E-06,  3.240005644275E-02,NaN,  5.366478069302E+06,  2.521709858961E-06
  2.861702418078E+05,  2.297206016925E+03,  2.297217373465E+03,  4.240447885944E-01,  1.896167977140E+03,  1.895743656680E+03,  1.688772822337E-01,NaN,NaN,  1.124821480449E-01,  4.880409446255E+16,  1.233323906769E+19,  2.603578459982E+20,  1.138512878358E+19,  3.899493230138E+20,  1.250876129955E+20,  5.989869085582E+12,  3.208259479375E+02,  1.274148089677E+02,  1.835963175272E+02,NaN,  9.814820289794E+00,NaN,  1.152763982839E-06,  3.240137457734E-02,NaN,  5.366522420935E+06,  2.521900979835E-06
  3.040665216915E+05,  2.297180070060E+03,  2.297191427183E+03,  4.240637878220E-01,  1.896167996308E+03,  1.895743656680E+03,  1.688623398410E-01,NaN,NaN,  1.124828826676E-01,  4.880506959249E+16,  1.233098051751E+19,  2.603471030802E+20,  1.138540890874E+19,  3.898712243697E+20,  1.250238438844E+20,  5.990311450624E+12,  3.207971672645E+02,  1.274047508035E+02,  1.835887419530E+02,NaN,  9.803673355157E+00,NaN,  1.152849117002E-06,  3.240260733079E-02,NaN,  5.366563926260E+06,  2.522079858923E-06
  3.219628015753E+05,  2.297154120306E+03,  2.297165478005E+03,  4.240824258038E-01,  1.896168014801E+03,  1.895743656680E+03,  1.688473957805E-01,NaN,NaN,  1.124836416083E-01,  4.880604471348E+16,  1.232872202397E+19,  2.603363600319E+20,  1.138568900976E+19,  3.897931286056E+20,  1.249601206238E+20,  5.990753815666E+12,  3.207683951131E+02,  1.273946924022E+02,  1.835811662869E+02,NaN,  9.792535271085E+00,NaN,  1.152934251164E-06,  3.240383947431E-02,NaN,  5.366605435755E+06,  2.522258777825E-06
  3.550289362785E+05,  2.297106163655E+03,  2.297117522936E+03,  4.241426568900E-01,  1.896168075228E+03,  1.895743656680E+03,  1.688197785876E-01,NaN,NaN,  1.124833347466E-01,  4.880784644323E+16,  1.232454901795E+19,  2.603165085699E+20,  1.138620645305E+19,  3.896488304167E+20,  1.248424876597E+20,  5.991571439403E+12,  3.207152498263E+02,  1.273761043587E+02,  1.835671676485E+02,NaN,  9.771976665987E+00,NaN,  1.153091604719E-06,  3.240611477716E-02,NaN,  5.366682145832E+06,  2.522589479015E-06
  3.880950709816E+05,  2.297058195170E+03,  2.297069555841E+03,  4.241933097527E-01,  1.896168125754E+03,  1.895743656680E+03,  1.687921544692E-01,NaN,NaN,  1.124836646073E-01,  4.880964825760E+16,  1.232037603723E+19,  2.602966562049E+20,  1.138672386151E+19,  3.895045369278E+20,  1.247250219718E+20,  5.992389868416E+12,  3.206621351766E+02,  1.273575152805E+02,  1.835531683735E+02,NaN,  9.751450369345E+00,NaN,  1.153249113252E-06,  3.240838779541E-02,NaN,  5.366758873741E+06,  2.522920330978E-06
  4.205266985291E+05,  2.297011132196E+03,  2.297022494603E+03,  4.242615716505E-01,  1.896168194203E+03,  1.895743656680E+03,  1.687650520316E-01,NaN,NaN,  1.124827583042E-01,  4.881141563224E+16,  1.231628285937E+19,  2.602771817244E+20,  1.138723127618E+19,  3.893630033445E+20,  1.246100854980E+20,  5.993193265608E+12,  3.206100867478E+02,  1.273392786377E+02,  1.835394355709E+02,NaN,  9.731371385835E+00,NaN,  1.153403728876E-06,  3.241061297625E-02,NaN,  5.366834151189E+06,  2.523245000769E-06
  4.700244440445E+05,  2.296939278374E+03,  2.296950642923E+03,  4.243404409367E-01,  1.896168273132E+03,  1.895743656680E+03,  1.687236728464E-01,NaN,NaN,  1.124830564390E-01,  4.881411329527E+16,  1.231003550905E+19,  2.602474561578E+20,  1.138800567472E+19,  3.891469912960E+20,  1.244350210165E+20,  5.994420506489E+12,  3.205307127345E+02,  1.273114427072E+02,  1.835184740187E+02,NaN,  9.700794854986E+00,NaN,  1.153639914186E-06,  3.241400404019E-02,NaN,  5.366949079609E+06,  2.523740822877E-06
  4.935333916304E+05,  2.296891709290E+03,  2.296915875586E+03,  1.160320018054E+00,  1.896092059879E+03,  1.894924607661E+03,  1.687036504322E-01,NaN,NaN,  8.747452474162E-02,  4.881543300831E+16,  1.230702771742E+19,  2.602333780833E+20,  1.138839962564E+19,  3.890441144912E+20,  1.243523582493E+20,  5.995015337153E+12,  3.204935509553E+02,  1.272986898602E+02,  1.835085465951E+02,NaN,  9.686313346278E+00,NaN,  1.153754390705E-06,  3.241559134475E-02,NaN,  5.367004689497E+06,  2.523980794234E-06
  5.188666147069E+05,  2.293291140527E+03,  2.293556040147E+03,  2.816690532101E+01,  1.853492273224E+03,  1.825301123457E+03,  1.667753924130E-01,NaN,NaN,  3.949949031842E-02,  4.894669722573E+16,  1.216629080228E+19,  2.603557503386E+20,  1.147792252349E+19,  3.879684280048E+20,  1.251978420890E+20,  6.055539357165E+12,  3.221572806378E+02,  1.288916771155E+02,  1.835948397327E+02,NaN,  9.670762624231E+00,NaN,  1.165402376558E-06,  3.234895705294E-02,NaN,  5.372374791554E+06,  2.547340471602E-06
  5.451509731673E+05,  2.287971128477E+03,  2.288261319125E+03,  3.165381810586E+01,  1.795100813690E+03,  1.763419772187E+03,  1.637680265369E-01,NaN,NaN,  3.850406662547E-02,  4.912158614625E+16,  1.197916214285E+19,  2.605239857792E+20,  1.159905877619E+19,  3.865437082852E+20,  1.263880925514E+20,  6.154541351510E+12,  3.244498507138E+02,  1.310816151483E+02,  1.837134741731E+02,NaN,  9.654760207906E+00,NaN,  1.184455536431E-06,  3.225796702947E-02,NaN,  5.380821787254E+06,  2.584844356807E-06
  5.724531490891E+05,  2.282445520682E+03,  2.282757809518E+03,  3.473007732691E+01,  1.735434239278E+03,  1.700674037665E+03,  1.606829851009E-01,NaN,NaN,  3.776591387279E-02,  4.930619525115E+16,  1.178151768764E+19,  2.607021678030E+20,  1.172901630414E+19,  3.849987343528E+20,  1.276865030803E+20,  6.263003998714E+12,  3.269390531881E+02,  1.334616263746E+02,  1.838391226371E+02,NaN,  9.638302971075E+00,NaN,  1.205329420550E-06,  3.216032154434E-02,NaN,  5.389581604094E+06,  2.624748150936E-06
  6.016730986653E+05,  2.276743200717E+03,  2.277062560811E+03,  3.559231186302E+01,  1.674917832660E+03,  1.639294218352E+03,  1.575224937748E-01,NaN,NaN,  3.768545293517E-02,  4.949994160165E+16,  1.157388299931E+19,  2.608891161021E+20,  1.186772171014E+19,  3.833256817748E+20,  1.290933611584E+20,  6.381613930924E+12,  3.296286645017E+02,  1.360368379934E+02,  1.839709528078E+02,NaN,  9.620872472284E+00,NaN,  1.228156172839E-06,  3.205614478192E-02,NaN,  5.398624927901E+06,  2.667061622477E-06
  6.319654674479E+05,  2.271277869990E+03,  2.271531301858E+03,  2.601329149146E+01,  1.607174947399E+03,  1.581137833918E+03,  1.544868799811E-01,NaN,NaN,  4.091807624129E-02,  4.975235845020E+16,  1.130358628819E+19,  2.611380735756E+20,  1.205197812527E+19,  3.810728217485E+20,  1.310238258013E+20,  6.504448878767E+12,  3.332660218126E+02,  1.395165151697E+02,  1.841465099345E+02,NaN,  9.602995456555E+00,NaN,  1.251796039034E-06,  3.191744755358E-02,NaN,  5.407386825983E+06,  2.709181061393E-06
  6.637687648863E+05,  2.265698670899E+03,  2.265935021605E+03,  2.357623122695E+01,  1.552453746149E+03,  1.528856200408E+03,  1.514546964702E-01,NaN,NaN,  4.210481969886E-02,  4.993504660809E+16,  1.110713111454E+19,  2.613123710696E+20,  1.218798103530E+19,  3.793676207868E+20,  1.324449270875E+20,  6.634695320045E+12,  3.359802678108E+02,  1.421264241603E+02,  1.842694191478E+02,NaN,  9.584423225773E+00,NaN,  1.276862264064E-06,  3.181552929222E-02,NaN,  5.416230707440E+06,  2.752856193006E-06
  6.971430989462E+05,  2.260262828894E+03,  2.260523789013E+03,  2.676532616709E+01,  1.501956583324E+03,  1.475165913908E+03,  1.485599131090E-01,NaN,NaN,  4.094971581556E-02,  5.010439451652E+16,  1.092464457200E+19,  2.614717886124E+20,  1.231606478150E+19,  3.777290702397E+20,  1.337920431957E+20,  6.767769891228E+12,  3.385624663180E+02,  1.446154944978E+02,  1.843818354789E+02,NaN,  9.565135038823E+00,NaN,  1.302472769151E-06,  3.171981616021E-02,NaN,  5.424762123653E+06,  2.796134148879E-06
  7.321524373258E+05,  2.254814499356E+03,  2.255094018024E+03,  2.917892621796E+01,  1.452733723206E+03,  1.423527431684E+03,  1.456714601919E-01,NaN,NaN,  4.023377672998E-02,  5.027356510291E+16,  1.074212325171E+19,  2.616303088485E+20,  1.244603312120E+19,  3.760404785514E+20,  1.351753880691E+20,  6.908980972822E+12,  3.412120800471E+02,  1.471733365147E+02,  1.844936190570E+02,NaN,  9.545123145701E+00,NaN,  1.329649164247E-06,  3.162284858909E-02,NaN,  5.433303040571E+06,  2.840628282419E-06
  7.692576631676E+05,  2.249381551806E+03,  2.249596874608E+03,  2.049466634835E+01,  1.393976577284E+03,  1.373463372053E+03,  1.427969351407E-01,NaN,NaN,  4.412639607855E-02,  5.051294277104E+16,  1.048433464368E+19,  2.618627924787E+20,  1.263336580873E+19,  3.735892087145E+20,  1.372492612275E+20,  7.061749646420E+12,  3.451090575422E+02,  1.509273516915E+02,  1.846575593378E+02,NaN,  9.524145153736E+00,NaN,  1.359049844314E-06,  3.148250959614E-02,NaN,  5.441929873699E+06,  2.886799242775E-06
  8.080137862997E+05,  2.243791102855E+03,  2.244010962819E+03,  2.095669615549E+01,  1.346552174454E+03,  1.325575069913E+03,  1.399136340346E-01,NaN,NaN,  4.406285440169E-02,  5.068484464880E+16,  1.029832418428E+19,  2.620226578233E+20,  1.277045560105E+19,  3.717416910868E+20,  1.387588955840E+20,  7.224974025796E+12,  3.479899573459E+02,  1.537171883113E+02,  1.847702914448E+02,NaN,  9.502476199289E+00,NaN,  1.390462748833E-06,  3.138043361842E-02,NaN,  5.450675410683E+06,  2.934912926929E-06
  8.493744828658E+05,  2.238218707307E+03,  2.238448418038E+03,  2.209523734333E+01,  1.300902826413E+03,  1.278785155563E+03,  1.370629217170E-01,NaN,NaN,  4.366484309277E-02,  5.085387615086E+16,  1.011510438212E+19,  2.621782146174E+20,  1.290739589078E+19,  3.698600585013E+20,  1.402820833079E+20,  7.397568061824E+12,  3.509005617820E+02,  1.565409566276E+02,  1.848799852951E+02,NaN,  9.479618435654E+00,NaN,  1.423678865169E-06,  3.127874008257E-02,NaN,  5.459363799687E+06,  2.984064329398E-06
  8.918465617510E+05,  2.232965509307E+03,  2.233225021918E+03,  2.586172215014E+01,  1.260663548583E+03,  1.234775396570E+03,  1.344171893493E-01,NaN,NaN,  4.214541333279E-02,  5.100184647616E+16,  9.954269321099E+18,  2.623108888103E+20,  1.302904443904E+19,  3.681473554461E+20,  1.416362521521E+20,  7.569271999260E+12,  3.535070581279E+02,  1.590770930821E+02,  1.849735430412E+02,NaN,  9.456420547919E+00,NaN,  1.456723679999E-06,  3.118887276320E-02,NaN,  5.467503837492E+06,  3.031381570602E-06
  9.380251098473E+05,  2.227364071047E+03,  2.227549995769E+03,  1.648412798618E+01,  1.207493572372E+03,  1.190991758546E+03,  1.315973817003E-01,NaN,NaN,  4.737186178284E-02,  5.123976467422E+16,  9.696616540741E+18,  2.625380974728E+20,  1.322824490291E+19,  3.653542109816E+20,  1.439732835304E+20,  7.769494255371E+12,  3.578843013500E+02,  1.633190525815E+02,  1.851337635776E+02,NaN,  9.431483695698E+00,NaN,  1.495256910377E-06,  3.104049693609E-02,NaN,  5.476327319182E+06,  3.084108770533E-06
  9.856146258039E+05,  2.221849247031E+03,  2.222045382524E+03,  1.760277590806E+01,  1.167267227809E+03,  1.149645322710E+03,  1.288854186455E-01,NaN,NaN,  4.679767964668E-02,  5.139782150963E+16,  9.524386415761E+18,  2.626792972656E+20,  1.336297626567E+19,  3.633885799006E+20,  1.455328594741E+20,  7.974565616146E+12,  3.608674599281E+02,  1.662280318297E+02,  1.852333333136E+02,NaN,  9.406093250081E+00,NaN,  1.534723362020E-06,  3.094111805260E-02,NaN,  5.484865647892E+06,  3.136608647489E-06
  1.035101907766E+06,  2.216601791173E+03,  2.216826616310E+03,  2.100369271349E+01,  1.131278901347E+03,  1.110252297212E+03,  1.263358810121E-01,NaN,NaN,  4.495712212823E-02,  5.153886889349E+16,  9.370243156585E+18,  2.628014699871E+20,  1.348486977541E+19,  3.615633576182E+20,  1.469438197682E+20,  8.181154385648E+12,  3.635871160057E+02,  1.688876186016E+02,  1.853194857462E+02,NaN,  9.380010083440E+00,NaN,  1.574481842437E-06,  3.085173706604E-02,NaN,  5.492942292234E+06,  3.187656832212E-06
  1.088164952129E+06,  2.211167317283E+03,  2.211328472579E+03,  1.339711561595E+01,  1.085096800410E+03,  1.071684527275E+03,  1.237008968464E-01,NaN,NaN,  5.052223653685E-02,  5.175936827810E+16,  9.130301010072E+18,  2.630073368295E+20,  1.367892642374E+19,  3.586816044478E+20,  1.493163813353E+20,  8.415156634922E+12,  3.680318397206E+02,  1.732148081292E+02,  1.854646566897E+02,NaN,  9.352373282213E+00,NaN,  1.619516109633E-06,  3.070816280833E-02,NaN,  5.501432101309E+06,  3.242824692284E-06
  1.143468636851E+06,  2.205678518469E+03,  2.205851439747E+03,  1.463253228750E+01,  1.049384011047E+03,  1.034735000719E+03,  1.211102524793E-01,NaN,NaN,  4.963388118014E-02,  5.190823748968E+16,  8.967186632057E+18,  2.631353165442E+20,  1.381205726888E+19,  3.566146524514E+20,  1.509167448461E+20,  8.661904526973E+12,  3.711000964176E+02,  1.762212668267E+02,  1.855549040347E+02,NaN,  9.323923889194E+00,NaN,  1.667003304884E-06,  3.061076386407E-02,NaN,  5.509869787758E+06,  3.299243217514E-06
  1.200806720347E+06,  2.200358912853E+03,  2.200573252935E+03,  1.937454771705E+01,  1.016546577954E+03,  9.971496818388E+02,  1.186249052390E-01,NaN,NaN,  4.646448300469E-02,  5.204578185319E+16,  8.816103305653E+18,  2.632503012650E+20,  1.393670815210E+19,  3.546323339218E+20,  1.524201709467E+20,  8.915599536535E+12,  3.739978264159E+02,  1.790670360870E+02,  1.856359877110E+02,NaN,  9.294800902024E+00,NaN,  1.715827488764E-06,  3.052005363235E-02,NaN,  5.517982763673E+06,  3.355041563748E-06
  1.261912072683E+06,  2.194840315511E+03,  2.194982842639E+03,  1.117795190983E+01,  9.741127867743E+02,  9.629216178664E+02,  1.160448157351E-01,NaN,NaN,  5.355309679532E-02,  5.226317024577E+16,  8.578530536581E+18,  2.634496768365E+20,  1.413751748006E+19,  3.514827075328E+20,  1.549911641840E+20,  9.205750471969E+12,  3.788030576076E+02,  1.837623134025E+02,  1.857765812106E+02,NaN,  9.264161222834E+00,NaN,  1.771667698821E-06,  3.037236536074E-02,NaN,  5.526556050610E+06,  3.415721790200E-06
  1.325451360585E+06,  2.189411056627E+03,  2.189565957298E+03,  1.241744764581E+01,  9.427075332969E+02,  9.302758055517E+02,  1.135791172437E-01,NaN,NaN,  5.239263632366E-02,  5.240195431412E+16,  8.425580379146E+18,  2.635633308996E+20,  1.426751938022E+19,  3.493277761789E+20,  1.566145041577E+20,  9.504507393821E+12,  3.819245677054E+02,  1.868351317138E+02,  1.858567265482E+02,NaN,  9.232707614222E+00,NaN,  1.829164150616E-06,  3.027813981285E-02,NaN,  5.534844052599E+06,  3.476123843656E-06
  1.391731381428E+06,  2.184378103901E+03,  2.184573751935E+03,  1.686175347700E+01,  9.159069032262E+02,  8.990235102116E+02,  1.113246043194E-01,NaN,NaN,  4.873287621554E-02,  5.251779842327E+16,  8.297267832333E+18,  2.636510318646E+20,  1.437713686515E+19,  3.474367947525E+20,  1.579616849904E+20,  9.798469432938E+12,  3.845601817551E+02,  1.894412791395E+02,  1.859185705620E+02,NaN,  9.200330167867E+00,NaN,  1.885737816279E-06,  3.019962083275E-02,NaN,  5.542465634141E+06,  3.533237303711E-06
  1.462347403768E+06,  2.178937908820E+03,  2.179069020677E+03,  9.828792191850E+00,  8.783132229813E+02,  8.684720430966E+02,  1.088799982147E-01,NaN,NaN,  5.602619210766E-02,  5.272321567184E+16,  8.071671598500E+18,  2.638336502967E+20,  1.457538245027E+19,  3.441365619099E+20,  1.606059210690E+20,  1.014936127610E+13,  3.895067706384E+02,  1.942931599923E+02,  1.860473474441E+02,NaN,  9.166261248706E+00,NaN,  1.953267752725E-06,  3.005487441155E-02,NaN,  5.550851234423E+06,  3.597878324589E-06
  1.536300608101E+06,  2.173635937660E+03,  2.173788798413E+03,  1.199034115661E+01,  8.512585109473E+02,  8.392526876138E+02,  1.065652703175E-01,NaN,NaN,  5.354436132547E-02,  5.284861238044E+16,  7.932507509198E+18,  2.639282894637E+20,  1.469774251177E+19,  3.419541365405E+20,  1.621751107689E+20,  1.050798618631E+13,  3.925514774302E+02,  1.973063300004E+02,  1.861140840638E+02,NaN,  9.131061343682E+00,NaN,  2.022285935583E-06,  2.996734469879E-02,NaN,  5.558876704491E+06,  3.661578973819E-06
  1.614987990060E+06,  2.168449034515E+03,  2.168561443318E+03,  7.912240711080E+00,  8.185143860714E+02,  8.105920172237E+02,  1.043166884857E-01,NaN,NaN,  5.966918724952E-02,  5.303430139473E+16,  7.727627971521E+18,  2.640861571646E+20,  1.488235868041E+19,  3.387213085054E+20,  1.646915646530E+20,  1.089279626171E+13,  3.972836872240E+02,  2.019641617845E+02,  1.862254074942E+02,NaN,  9.094115848953E+00,NaN,  2.096343513272E-06,  2.983374726694E-02,NaN,  5.566804395524E+06,  3.726334825967E-06
  1.695781256393E+06,  2.162807354422E+03,  2.162932825457E+03,  9.103300805351E+00,  7.907585619418E+02,  7.816429357253E+02,  1.019066899521E-01,NaN,NaN,  5.788871076798E-02,  5.317260840332E+16,  7.573980708440E+18,  2.641920270216E+20,  1.502158153105E+19,  3.361689635714E+20,  1.665655476290E+20,  1.133681507271E+13,  4.008781276326E+02,  2.055213691438E+02,  1.863000636499E+02,NaN,  9.056692657083E+00,NaN,  2.181795947326E-06,  2.973411006220E-02,NaN,  5.575321314068E+06,  3.798011702175E-06
  1.781184916417E+06,  2.157598801882E+03,  2.157752674208E+03,  1.187935508285E+01,  7.673471845224E+02,  7.554515913403E+02,  9.972453088181E-02,NaN,NaN,  5.440226053226E-02,  5.328661837285E+16,  7.446523280591E+18,  2.642694629386E+20,  1.513724343589E+19,  3.339401474639E+20,  1.680891652900E+20,  1.177762888456E+13,  4.038623987792E+02,  2.084900235373E+02,  1.863546690687E+02,NaN,  9.017703906614E+00,NaN,  2.266631571974E-06,  2.965257297685E-02,NaN,  5.583141992410E+06,  3.865828134451E-06
  1.870534177670E+06,  2.152339823271E+03,  2.152444582194E+03,  7.071598844162E+00,  7.373446057866E+02,  7.302631952664E+02,  9.753676734039E-02,NaN,NaN,  6.221895288734E-02,  5.346875504413E+16,  7.244666271602E+18,  2.644194015239E+20,  1.532585458264E+19,  3.304387051638E+20,  1.707826541473E+20,  1.226976079926E+13,  4.089195751741E+02,  2.134817022021E+02,  1.864604011314E+02,NaN,  8.977469479182E+00,NaN,  2.361343482696E-06,  2.951694468473E-02,NaN,  5.591138344611E+06,  3.937225619404E-06
  1.965090617472E+06,  2.146992012306E+03,  2.147117183625E+03,  8.910850288663E+00,  7.146993908286E+02,  7.057757616956E+02,  9.535564081264E-02,NaN,NaN,  5.899768502042E-02,  5.358524420227E+16,  7.114028400576E+18,  2.644956657451E+20,  1.544719223178E+19,  3.280001745845E+20,  1.724368784818E+20,  1.280048047428E+13,  4.121513512242E+02,  2.167016765736E+02,  1.865141803065E+02,NaN,  8.935491880717E+00,NaN,  2.463481696003E-06,  2.943177662854E-02,NaN,  5.599146046266E+06,  4.010891607328E-06
  2.063608791082E+06,  2.141952119693E+03,  2.142043574936E+03,  5.829239257524E+00,  6.882647812266E+02,  6.824205220403E+02,  9.331145423262E-02,NaN,NaN,  6.589402250215E-02,  5.375229330623E+16,  6.928020596255E+18,  2.646254842640E+20,  1.562465360578E+19,  3.245288643885E+20,  1.750271931339E+20,  1.335225302103E+13,  4.170396822301E+02,  2.215415679814E+02,  1.866057243193E+02,NaN,  8.892387359658E+00,NaN,  2.569671582548E-06,  2.930531460010E-02,NaN,  5.606755807580E+06,  4.082985665591E-06
  2.167349300453E+06,  2.136460624733E+03,  2.136567181047E+03,  7.100622624210E+00,  6.664022964594E+02,  6.592910193287E+02,  9.113985088886E-02,NaN,NaN,  6.302778568207E-02,  5.387065095623E+16,  6.794890358623E+18,  2.647000386039E+20,  1.575107730023E+19,  3.218813661724E+20,  1.768111247425E+20,  1.399489480967E+13,  4.205152974600E+02,  2.250093569278E+02,  1.866582977389E+02,NaN,  8.847640099997E+00,NaN,  2.693349462186E-06,  2.921695101158E-02,NaN,  5.614951728759E+06,  4.163001092841E-06
  2.275830845903E+06,  2.131472157081E+03,  2.131555813729E+03,  5.112068317723E+00,  6.422915861329E+02,  6.371724461488E+02,  8.919100665370E-02,NaN,NaN,  6.873106997722E-02,  5.402925312323E+16,  6.617541561062E+18,  2.648166756443E+20,  1.592372857044E+19,  3.183332727398E+20,  1.793959333921E+20,  1.463936994372E+13,  4.254084177486E+02,  2.298663006884E+02,  1.867405465799E+02,NaN,  8.801567662900E+00,NaN,  2.817380173334E-06,  2.909486283755E-02,NaN,  5.622435404472E+06,  4.238292867574E-06
  2.391907965338E+06,  2.125704394726E+03,  2.125795275616E+03,  5.669544875690E+00,  6.203472678132E+02,  6.146688985170E+02,  8.696394542965E-02,NaN,NaN,  6.732458179377E-02,  5.415621683349E+16,  6.474448502087E+18,  2.648954445673E+20,  1.606283226624E+19,  3.153121877223E+20,  1.814429315906E+20,  1.544475965668E+13,  4.293698656336E+02,  2.338207872435E+02,  1.867960919934E+02,NaN,  8.752983424268E+00,NaN,  2.972379262626E-06,  2.899781106652E-02,NaN,  5.631018674887E+06,  4.327377167193E-06
  2.512071325814E+06,  2.120354977663E+03,  2.120465242527E+03,  7.289322518173E+00,  6.017971698996E+02,  5.944964154242E+02,  8.494168929390E-02,NaN,NaN,  6.353298652884E-02,  5.426111587336E+16,  6.355379145594E+18,  2.649485787541E+20,  1.617814082707E+19,  3.126619062678E+20,  1.830954123117E+20,  1.626249720598E+13,  4.326420549600E+02,  2.371050109147E+02,  1.868335605821E+02,NaN,  8.703480333474E+00,NaN,  3.129754721218E-06,  2.891882695914E-02,NaN,  5.638942287115E+06,  4.412311290694E-06
  2.637763418790E+06,  2.115194347013E+03,  2.115273105756E+03,  4.624546424066E+00,  5.792146191710E+02,  5.745809122615E+02,  8.301644642035E-02,NaN,NaN,  7.152846786393E-02,  5.442052570672E+16,  6.176293819000E+18,  2.650592817446E+20,  1.635750928550E+19,  3.087324426997E+20,  1.859112752378E+20,  1.714246381336E+13,  4.379673251068E+02,  2.424032004523E+02,  1.869116249143E+02,NaN,  8.652496441101E+00,NaN,  3.299106304133E-06,  2.879274252165E-02,NaN,  5.646644138543E+06,  4.497453984001E-06
  2.770862918550E+06,  2.109466916386E+03,  2.109550661055E+03,  4.983497174265E+00,  5.600045297586E+02,  5.550134670271E+02,  8.091327872867E-02,NaN,NaN,  7.057847122531E-02,  5.453771764887E+16,  6.043242340096E+18,  2.651206596975E+20,  1.648960712986E+19,  3.056156632089E+20,  1.879128496650E+20,  1.820603875580E+13,  4.418746048618E+02,  2.463203455509E+02,  1.869549067524E+02,NaN,  8.599349054795E+00,NaN,  3.503793730380E-06,  2.870191076961E-02,NaN,  5.655113531915E+06,  4.594149241065E-06
  2.909765253256E+06,  2.104323264915E+03,  2.104450398977E+03,  8.639773347420E+00,  5.447879294669E+02,  5.361336465559E+02,  7.906394897807E-02,NaN,NaN,  6.180290131508E-02,  5.462601141797E+16,  5.941797400331E+18,  2.651480484005E+20,  1.658857824411E+19,  3.030642162001E+20,  1.893132128271E+20,  1.925164664477E+13,  4.447351125321E+02,  2.492160895468E+02,  1.869742204204E+02,NaN,  8.544798859789E+00,NaN,  3.705023356163E-06,  2.863626453867E-02,NaN,  5.662645247614E+06,  4.682951906787E-06
  3.056880007019E+06,  2.098759903592E+03,  2.098831790922E+03,  4.011190276283E+00,  5.224363013520E+02,  5.184167720816E+02,  7.708116511790E-02,NaN,NaN,  7.527111991587E-02,  5.479613514551E+16,  5.750010045140E+18,  2.652620376762E+20,  1.678596031876E+19,  2.984838801570E+20,  1.925880771634E+20,  2.053882423160E+13,  4.508987964156E+02,  2.553562631860E+02,  1.870546021396E+02,NaN,  8.487927137286E+00,NaN,  3.952743621901E-06,  2.849772631969E-02,NaN,  5.670924125126E+06,  4.783752137837E-06
  3.211094023644E+06,  2.093394251594E+03,  2.093491328876E+03,  5.946579195357E+00,  5.073949448167E+02,  5.014379226325E+02,  7.522101624752E-02,NaN,NaN,  6.856456023423E-02,  5.488921368144E+16,  5.642830268384E+18,  2.652885042011E+20,  1.689226768258E+19,  2.956264675828E+20,  1.941605553204E+20,  2.189099807386E+13,  4.540870315922E+02,  2.585844653030E+02,  1.870732655161E+02,NaN,  8.429296560096E+00,NaN,  4.212972565410E-06,  2.842725918544E-02,NaN,  5.678775440210E+06,  4.882563285722E-06
  3.377035917378E+06,  2.088008167604E+03,  2.088074248580E+03,  3.536012380418E+00,  4.876296927834E+02,  4.840876741094E+02,  7.336115546222E-02,NaN,NaN,  7.848957253053E-02,  5.504632025366E+16,  5.464672655237E+18,  2.653805578477E+20,  1.707743834968E+19,  2.910362982041E+20,  1.972866447142E+20,  2.343234658847E+13,  4.600203804934E+02,  2.645149372875E+02,  1.871381789066E+02,NaN,  8.367259789643E+00,NaN,  4.509608606576E-06,  2.829878743058E-02,NaN,  5.686721807861E+06,  4.985899576952E-06
  3.548313814100E+06,  2.082176959467E+03,  2.082246373875E+03,  3.747275742359E+00,  4.716183772986E+02,  4.678615562586E+02,  7.139967539499E-02,NaN,NaN,  7.780065674081E-02,  5.515456537386E+16,  5.340261580788E+18,  2.654170119522E+20,  1.720410067388E+19,  2.875762889342E+20,  1.993067634767E+20,  2.528749592590E+13,  4.640196557698E+02,  2.685514414707E+02,  1.871638852160E+02,NaN,  8.304324216419E+00,NaN,  4.866636332627E-06,  2.821376397365E-02,NaN,  5.695251066954E+06,  5.100709600987E-06
  3.726489861850E+06,  2.077277917174E+03,  2.077334414790E+03,  2.829334023467E+00,  4.556868131646E+02,  4.528522163443E+02,  6.978564422858E-02,NaN,NaN,  8.386778836380E-02,  5.528526165395E+16,  5.190842758214E+18,  2.654757533562E+20,  1.735962435654E+19,  2.833861709007E+20,  2.019382361207E+20,  2.705238668920E+13,  4.690970555474E+02,  2.736517435675E+02,  1.872053078412E+02,NaN,  8.239998932486E+00,NaN,  5.206293589991E-06,  2.810786417419E-02,NaN,  5.702424045185E+06,  5.200521296799E-06
  3.914558960187E+06,  2.071552725671E+03,  2.071613110389E+03,  3.068409704638E+00,  4.414247203662E+02,  4.383504532325E+02,  6.792237429950E-02,NaN,NaN,  8.265383061605E-02,  5.538451167297E+16,  5.075935171633E+18,  2.654958103224E+20,  1.747641541080E+19,  2.799389493401E+20,  2.038044371687E+20,  2.935739711623E+13,  4.728506712956E+02,  2.774580072416E+02,  1.872194513947E+02,NaN,  8.173207009455E+00,NaN,  5.649898109955E-06,  2.803078177356E-02,NaN,  5.710760741859E+06,  5.320435540109E-06
  4.112702005792E+06,  2.066208317039E+03,  2.066295765151E+03,  4.991668079966E+00,  4.294762011545E+02,  4.244748750672E+02,  6.622189636899E-02,NaN,NaN,  7.357902568796E-02,  5.546513072880E+16,  4.981475610963E+18,  2.654912760618E+20,  1.756991428940E+19,  2.769095506691E+20,  2.051740172329E+20,  3.178886086537E+13,  4.757513224295E+02,  2.804309712396E+02,  1.872162539741E+02,NaN,  8.104091097938E+00,NaN,  6.117838860501E-06,  2.797186525198E-02,NaN,  5.718491340302E+06,  5.435552877149E-06
  4.319521119242E+06,  2.061023621863E+03,  2.061076106198E+03,  2.509261491886E+00,  4.140452817761E+02,  4.115311367086E+02,  6.459920877416E-02,NaN,NaN,  8.784824108772E-02,  5.560116191374E+16,  4.825353809906E+18,  2.655448673721E+20,  1.773445005477E+19,  2.721742710863E+20,  2.080986441546E+20,  3.451572219260E+13,  4.813815657460E+02,  2.860943412659E+02,  1.872540449121E+02,NaN,  8.033172925294E+00,NaN,  6.642629549465E-06,  2.785980741093E-02,NaN,  5.726063591694E+06,  5.552136031248E-06
  4.536677111087E+06,  2.055661268754E+03,  2.055742461082E+03,  4.456792177581E+00,  4.031019427388E+02,  3.986361520107E+02,  6.296305068946E-02,NaN,NaN,  7.651417496520E-02,  5.567725827516E+16,  4.735540198019E+18,  2.655280058506E+20,  1.782253932027E+19,  2.690829302763E+20,  2.093681047645E+20,  3.767375978649E+13,  4.841334689547E+02,  2.889312981018E+02,  1.872421546875E+02,NaN,  7.960008914916E+00,NaN,  7.250401095500E-06,  2.780562714186E-02,NaN,  5.733784555544E+06,  5.675078545675E-06
  4.764319064186E+06,  2.050452889129E+03,  2.050498730800E+03,  2.064751473754E+00,  3.886900962055E+02,  3.866212278555E+02,  6.138221122876E-02,NaN,NaN,  9.324851968811E-02,  5.581021229674E+16,  4.582313319543E+18,  2.655703047934E+20,  1.798441428052E+19,  2.641483552917E+20,  2.123110358416E+20,  4.125629656547E+13,  4.898221834984E+02,  2.946655068770E+02,  1.872719825965E+02,NaN,  7.884686084984E+00,NaN,  7.939868479011E-06,  2.769596364621E-02,NaN,  5.741359002717E+06,  5.799859380254E-06
  5.003861037040E+06,  2.045109961339E+03,  2.045177406113E+03,  3.429447726399E+00,  3.787819603341E+02,  3.753453949409E+02,  5.980909146358E-02,NaN,NaN,  8.259873731708E-02,  5.588131125848E+16,  4.497667178767E+18,  2.655392224701E+20,  1.806594517504E+19,  2.610097272915E+20,  2.134356002929E+20,  4.542000598728E+13,  4.923521480234E+02,  2.972952498770E+02,  1.872500643014E+02,NaN,  7.806825103786E+00,NaN,  8.741183864689E-06,  2.764759065273E-02,NaN,  5.749029009545E+06,  5.930614778950E-06
  5.256414808117E+06,  2.040163576799E+03,  2.040209354134E+03,  2.031347187953E+00,  3.665304277323E+02,  3.644947868698E+02,  5.838219015519E-02,NaN,NaN,  9.464891415100E-02,  5.599849408074E+16,  4.361446611281E+18,  2.655542947994E+20,  1.820758743879E+19,  2.562783553002E+20,  2.159658463757E+20,  4.993156545574E+13,  4.973541574149E+02,  3.023672716687E+02,  1.872606928428E+02,NaN,  7.726183293872E+00,NaN,  9.609443786129E-06,  2.755386303239E-02,NaN,  5.756174841630E+06,  6.056595864423E-06
  5.521400571681E+06,  2.034882924764E+03,  2.034953822247E+03,  3.612770752852E+00,  3.577483354898E+02,  3.541277764246E+02,  5.688294420796E-02,NaN,NaN,  8.242134655069E-02,  5.606278351281E+16,  4.284004008320E+18,  2.655056903191E+20,  1.827964970850E+19,  2.531646656147E+20,  2.168478977131E+20,  5.543693959739E+13,  4.994960530601E+02,  3.046265120790E+02,  1.872264184634E+02,NaN,  7.643111848764E+00,NaN,  1.066896561071E-05,  2.751383642990E-02,NaN,  5.763718479133E+06,  6.194141483662E-06
  5.798181871851E+06,  2.029831533625E+03,  2.029872536113E+03,  1.728111091467E+00,  3.459895936902E+02,  3.442559662592E+02,  5.547013535773E-02,NaN,NaN,  9.965241962227E-02,  5.618052704131E+16,  4.146700824409E+18,  2.655121922000E+20,  1.842199261582E+19,  2.481525040149E+20,  2.194477123820E+20,  6.169427337817E+13,  5.046479364531E+02,  3.098590222507E+02,  1.872310033892E+02,NaN,  7.557898939983E+00,NaN,  1.187320378487E-05,  2.741980181322E-02,NaN,  5.770996716624E+06,  6.331475704646E-06
  6.089372665405E+06,  2.025364257541E+03,  2.025400980174E+03,  1.482233965072E+00,  3.367775785126E+02,  3.352915321309E+02,  5.425342955576E-02,NaN,NaN,  1.040558124854E-01,  5.627401966943E+16,  4.036241201780E+18,  2.654860624183E+20,  1.853196058348E+19,  2.438124060500E+20,  2.212585051010E+20,  6.808420446980E+13,  5.084417843865E+02,  3.137592674150E+02,  1.872125774736E+02,NaN,  7.469926394913E+00,NaN,  1.310296061428E-05,  2.735145204923E-02,NaN,  5.777389202193E+06,  6.456007614684E-06
  6.394553028593E+06,  2.019821454489E+03,  2.019861001816E+03,  1.622409118433E+00,  3.283565334404E+02,  3.267305189116E+02,  5.278128097233E-02,NaN,NaN,  1.023778614877E-01,  5.634076241964E+16,  3.955498039565E+18,  2.654245278362E+20,  1.860585002299E+19,  2.403260269529E+20,  2.221668551035E+20,  7.738243124646E+13,  5.106796015023E+02,  3.161310831777E+02,  1.871691851854E+02,NaN,  7.379318246762E+00,NaN,  1.489242558910E-05,  2.731116929424E-02,NaN,  5.785293038594E+06,  6.621654055496E-06
  6.717299736802E+06,  2.015176088547E+03,  2.015210692164E+03,  1.333934849091E+00,  3.193404419978E+02,  3.180035968702E+02,  5.156936422454E-02,NaN,NaN,  1.089522389472E-01,  5.643662870332E+16,  3.841900947223E+18,  2.653886014028E+20,  1.871780272350E+19,  2.356610652156E+20,  2.240288716602E+20,  8.670255965595E+13,  5.146024806933E+02,  3.201732963670E+02,  1.871438509734E+02,NaN,  7.285316666727E+00,NaN,  1.668610558317E-05,  2.724194624960E-02,NaN,  5.791913920435E+06,  6.983307254137E-06
  7.053501450324E+06,  2.009938742703E+03,  2.009988694639E+03,  2.132836752525E+00,  3.127340407981E+02,  3.105963311978E+02,  5.023894419362E-02,NaN,NaN,  9.836577160184E-02,  5.648740753720E+16,  3.778700680980E+18,  2.652969957740E+20,  1.876906093646E+19,  2.325628995146E+20,  2.242876672296E+20,  9.913525171406E+13,  5.157458424291E+02,  3.214773835221E+02,  1.870792535112E+02,NaN,  7.189186317102E+00,NaN,  1.907880555867E-05,  2.722121721683E-02,NaN,  5.799333915633E+06,  7.418490117507E-06
  7.407147405253E+06,  2.005414512672E+03,  2.005447684123E+03,  1.213955851950E+00,  3.048267962178E+02,  3.036101578564E+02,  4.911754171743E-02,NaN,NaN,  1.147653736242E-01,  5.657504329282E+16,  3.673933969140E+18,  2.652396678383E+20,  1.886843338791E+19,  2.279811925395E+20,  2.258045883257E+20,  1.121561314441E+14,  5.191019704398E+02,  3.249732061143E+02,  1.870388276203E+02,NaN,  7.089915120560E+00,NaN,  2.158470359471E-05,  2.716273192254E-02,NaN,  5.805773578059E+06,  7.823990009770E-06
  7.781458974812E+06,  2.001018891927E+03,  2.001050039273E+03,  1.096979769639E+00,  2.977153638626E+02,  2.966159537155E+02,  4.805708605938E-02,NaN,NaN,  1.192536606906E-01,  5.665577736488E+16,  3.576641618632E+18,  2.651662701411E+20,  1.895759529141E+19,  2.235255189376E+20,  2.270196711496E+20,  1.271660387484E+14,  5.219579627571E+02,  3.279840405492E+02,  1.869870698295E+02,NaN,  6.986827905087E+00,NaN,  2.447339452918E-05,  2.711326059611E-02,NaN,  5.811998686401E+06,  8.242660081743E-06
  8.170778089827E+06,  1.995921536639E+03,  1.995974119560E+03,  2.160792265259E+00,  2.926663059607E+02,  2.905004092641E+02,  4.686133274769E-02,NaN,NaN,  1.022070803204E-01,  5.669368680007E+16,  3.527374379112E+18,  2.650387522552E+20,  1.898908245434E+19,  2.206598044036E+20,  2.265980064162E+20,  1.481171788735E+14,  5.219782744161E+02,  3.281995355369E+02,  1.868971481520E+02,NaN,  6.881562221807E+00,NaN,  2.850548928627E-05,  2.711165498381E-02,NaN,  5.819170213989E+06,  8.760297203323E-06
  8.580477422862E+06,  1.991336054489E+03,  1.991364446068E+03,  9.324608466261E-01,  2.856172215140E+02,  2.846827236614E+02,  4.581186461828E-02,NaN,NaN,  1.278816476368E-01,  5.677721892431E+16,  3.426554841464E+18,  2.649541705029E+20,  1.907983046611E+19,  2.159016322367E+20,  2.278158601039E+20,  1.716231760204E+14,  5.248755509452E+02,  3.312651344549E+02,  1.868375037107E+02,NaN,  6.772879750371E+00,NaN,  3.302927211099E-05,  2.706180107819E-02,NaN,  5.825670311541E+06,  9.264999331303E-06
  9.016082304238E+06,  1.987199885106E+03,  1.987226855451E+03,  8.561118044715E-01,  2.802538121408E+02,  2.793958360443E+02,  4.489306029980E-02,NaN,NaN,  1.323138486961E-01,  5.684340731690E+16,  3.344960836420E+18,  2.648392771382E+20,  1.914609544935E+19,  2.116934268135E+20,  2.282664151510E+20,  1.972773681396E+14,  5.264689385451E+02,  3.330528876663E+02,  1.867564844559E+02,NaN,  6.659528456341E+00,NaN,  3.796647996332E-05,  2.703386483635E-02,NaN,  5.831494458579E+06,  9.748405564529E-06
  9.472665006803E+06,  1.983276186557E+03,  1.983299626189E+03,  6.985847047362E-01,  2.757596312839E+02,  2.750595930571E+02,  4.404212929031E-02,NaN,NaN,  1.409227215783E-01,  5.690119828291E+16,  3.272638440169E+18,  2.647061624123E+20,  1.920005883964E+19,  2.077268965991E+20,  2.283006970296E+20,  2.267005619558E+14,  5.273588868765E+02,  3.341532376951E+02,  1.866626160596E+02,NaN,  6.542989492743E+00,NaN,  4.362904079842E-05,  2.701755369028E-02,NaN,  5.837013539507E+06,  1.023587691898E-05
  9.950942327245E+06,  1.979433552623E+03,  1.979455163569E+03,  6.168725578013E-01,  2.717519988051E+02,  2.711338938810E+02,  4.322936369563E-02,NaN,NaN,  1.471389412209E-01,  5.695482502869E+16,  3.204809065918E+18,  2.645590689487E+20,  1.924729846133E+19,  2.038415918963E+20,  2.280743186824E+20,  2.615676052037E+14,  5.278166145852E+02,  3.348344879977E+02,  1.865588902888E+02,NaN,  6.423185959453E+00,NaN,  5.033928288720E-05,  2.700826974915E-02,NaN,  5.842407874498E+06,  1.074206687751E-05
  1.045123895152E+07,  1.975224894675E+03,  1.975298527279E+03,  3.107561202660E+00,  2.708860393611E+02,  2.677706272057E+02,  4.236703025907E-02,NaN,NaN,  9.951756925148E-02,  5.695113327124E+16,  3.201576555806E+18,  2.643376037759E+20,  1.921951342045E+19,  2.022626924067E+20,  2.254446105202E+20,  3.076871527201E+14,  5.241143150254E+02,  3.314113737345E+02,  1.864027198840E+02,NaN,  6.300162191776E+00,NaN,  5.921509511649E-05,  2.706780741236E-02,NaN,  5.848230872712E+06,  1.132401990780E-05
  1.097394754127E+07,  1.971020978802E+03,  1.971059314382E+03,  1.278152021965E+00,  2.665097436146E+02,  2.652261059473E+02,  4.152060963301E-02,NaN,NaN,  1.259704875335E-01,  5.701369718314E+16,  3.123276399097E+18,  2.641809954280E+20,  1.927600260127E+19,  1.978683795398E+20,  2.253637939619E+20,  3.670538295536E+14,  5.248658152784E+02,  3.323994203466E+02,  1.862922845105E+02,NaN,  6.174039780922E+00,NaN,  7.064034763150E-05,  2.705322094080E-02,NaN,  5.854159554768E+06,  1.195747954957E-05
  1.152466868038E+07,  1.958099043293E+03,  1.958192044709E+03,  3.937927010808E+00,  2.668174807178E+02,  2.628685176740E+02,  3.909795093600E-02,NaN,NaN,  9.919075368226E-02,  5.720481722675E+16,  2.899146308819E+18,  2.641591344557E+20,  1.949535210550E+19,  1.879293056398E+20,  2.307513597745E+20,  6.751138487614E+14,  5.351437426589E+02,  3.428222384182E+02,  1.862768688276E+02,NaN,  6.044505485930E+00,NaN,  1.299272017550E-04,  2.688275896851E-02,NaN,  5.872093314979E+06,  1.416231721344E-05
  1.210680772061E+07,  1.931296700039E+03,  1.931428725486E+03,  5.548247063156E+00,  2.672146278805E+02,  2.616488830965E+02,  3.476905706785E-02,NaN,NaN,  9.994271486009E-02,  5.743240194527E+16,  2.633425130745E+18,  2.641715732117E+20,  1.975544451619E+19,  1.759427090180E+20,  2.383951932519E+20,  4.062563134060E+15,  5.493367233200E+02,  3.571365956377E+02,  1.862856402544E+02,NaN,  5.913705578322E+00,NaN,  7.818495516418E-04,  2.665788753585E-02,NaN,  5.909100688942E+06,  2.056564129944E-05
  1.271725106584E+07,  1.822812959401E+03,  1.823104416617E+03,  8.400346641399E+00,  2.689787903055E+02,  2.604831358142E+02,  2.155741152322E-02,NaN,NaN,  1.457225946282E-01,  5.830708580309E+16,  1.626569785569E+18,  2.649297400383E+20,  2.082691434998E+19,  1.255246759363E+20,  2.833878324730E+20,  3.629695886924E+16,  6.282471717330E+02,  4.356313622486E+02,  1.868202761011E+02,NaN,  5.788547950732E+00,NaN,  6.985432615177E-03,  2.559775187181E-02,NaN,  5.945680859081E+06,  1.407299987454E-04
  1.325079672883E+07,  1.418151807865E+03,  1.660000057947E+03,  1.744974787494E-01,  2.707773856355E+02,  2.610242882031E+02,  7.613064957287E-03,NaN,NaN,  5.821073505597E+03,  5.919904212165E+16,  5.964718692399E+17,  2.657752636020E+20,  2.209241844148E+19,  5.455950553838E+19,  3.497094523748E+20,  2.492081967785E+20,  7.915682848953E+02,  5.504925292759E+02,  1.874165132227E+02,NaN,  5.698555882517E+00,NaN,  4.796068651418E+01,  2.490177949137E-02,NaN,  5.989284722545E+06,  7.443606124734E+12
