t(yr),T_surf(K),T_pot(K),flux_surf(W/m2),flux_OLR(W/m2),flux_ASR(W/m2),phi(vol_frac),fO2_solid(bar),fO2_melt(bar),thick_surf_bl(m),massC_solid(kg),massC_melt(kg),massC_atm(kg),massH_solid(kg),massH_melt(kg),massH_atm(kg),massO_atm(kg),p_surf(bar),p_H2O(bar),p_CO2(bar),p_CO(bar),p_H2(bar),p_CH4(bar),p_O2(bar),mmw(kg/mol),R_trans(m),R_solid(m),viscosity(Pa.s)
  3.996802888651E-06,  3.598997070017E+03,  3.599999999996E+03,  3.148675891469E+02,  4.481150742162E+04,  9.918599818371E+02,  9.305230993342E-01,NaN,NaN,  1.337802319675E-02,  2.042477869731E+15,  3.306401017989E+19,  1.033921907335E+20,  1.136868266103E+18,  1.529980553308E+21,  8.756943016348E+19,  1.057367095287E+13,  1.440115018173E+02,  6.114668820880E+01,  7.286481157480E+01,NaN,  1.000000000000E+01,NaN,  2.033694302615E-06,  3.005651203536E-02,NaN,  3.504050000000E+06,  4.266428404979E-07
  7.993605777301E-06,  3.598994140131E+03,  3.599999999992E+03,  3.160946256314E+02,  4.481129439057E+04,  9.918599818371E+02,  9.305230993324E-01,NaN,NaN,  1.336502133652E-02,  2.042477869784E+15,  3.306401017984E+19,  1.033921907335E+20,  1.136868266134E+18,  1.529980553308E+21,  8.756943016354E+19,  1.057367095287E+13,  1.440115018175E+02,  6.114668820895E+01,  7.286481157484E+01,NaN,  9.999999999994E+00,NaN,  2.033694302615E-06,  3.005651203535E-02,NaN,  3.504050000000E+06,  4.266428404991E-07
  1.569681094883E-05,  3.598988493599E+03,  3.599999999984E+03,  3.184627534721E+02,  4.481088383550E+04,  9.918599818371E+02,  9.305230993290E-01,NaN,NaN,  1.334010576850E-02,  2.042477869887E+15,  3.306401017975E+19,  1.033921907336E+20,  1.136868266195E+18,  1.529980553308E+21,  8.756943016365E+19,  1.057367095287E+13,  1.440115018178E+02,  6.114668820924E+01,  7.286481157490E+01,NaN,  9.999999999984E+00,NaN,  2.033694302615E-06,  3.005651203534E-02,NaN,  3.504050000000E+06,  4.266428405014E-07
  3.968561567257E-05,  3.598970911887E+03,  3.599999999958E+03,  3.258646122103E+02,  4.480960550235E+04,  9.918599818371E+02,  9.305230993182E-01,NaN,NaN,  1.326369828863E-02,  2.042477870212E+15,  3.306401017945E+19,  1.033921907339E+20,  1.136868266385E+18,  1.529980553307E+21,  8.756943016410E+19,  1.057367095287E+13,  1.440115018189E+02,  6.114668821016E+01,  7.286481157510E+01,NaN,  9.999999999967E+00,NaN,  2.033694302615E-06,  3.005651203528E-02,NaN,  3.504050000000E+06,  4.266428405089E-07
  6.367442039632E-05,  3.598953333302E+03,  3.599999999932E+03,  3.333074176406E+02,  4.480832742681E+04,  9.918599818371E+02,  9.305230993072E-01,NaN,NaN,  1.318902494558E-02,  2.042477870543E+15,  3.306401017915E+19,  1.033921907342E+20,  1.136868266579E+18,  1.529980553306E+21,  8.756943016455E+19,  1.057367122129E+13,  1.440115018200E+02,  6.114668821109E+01,  7.286481157531E+01,NaN,  9.999999999950E+00,NaN,  2.033694354243E-06,  3.005651203523E-02,NaN,  3.504050000000E+06,  4.266428405164E-07
  8.766322512006E-05,  3.598935758119E+03,  3.599999999905E+03,  3.407905556933E+02,  4.480704962880E+04,  9.918599818371E+02,  9.305230992959E-01,NaN,NaN,  1.311601928984E-02,  2.042477870882E+15,  3.306401017885E+19,  1.033921907345E+20,  1.136868266778E+18,  1.529980553305E+21,  8.756943016502E+19,  1.057367122129E+13,  1.440115018212E+02,  6.114668821205E+01,  7.286481157552E+01,NaN,  9.999999999934E+00,NaN,  2.033694354243E-06,  3.005651203517E-02,NaN,  3.504050000000E+06,  4.266428405242E-07
  1.116520298438E-04,  3.598918186440E+03,  3.599999999878E+03,  3.483134972396E+02,  4.480577211571E+04,  9.918599818371E+02,  9.305230992844E-01,NaN,NaN,  1.304461778204E-02,  2.042477871229E+15,  3.306401017854E+19,  1.033921907348E+20,  1.136868266980E+18,  1.529980553305E+21,  8.756943016551E+19,  1.057367122129E+13,  1.440115018224E+02,  6.114668821303E+01,  7.286481157573E+01,NaN,  9.999999999917E+00,NaN,  2.033694354243E-06,  3.005651203511E-02,NaN,  3.504050000000E+06,  4.266428405321E-07
  1.594969875551E-04,  3.598883150910E+03,  3.599999999822E+03,  3.634346872609E+02,  4.480322501901E+04,  9.918599818371E+02,  9.305230992606E-01,NaN,NaN,  1.290676315355E-02,  2.042477871942E+15,  3.306401017789E+19,  1.033921907354E+20,  1.136868267398E+18,  1.529980553303E+21,  8.756943016651E+19,  1.057367095287E+13,  1.440115018248E+02,  6.114668821504E+01,  7.286481157617E+01,NaN,  9.999999999884E+00,NaN,  2.033694302615E-06,  3.005651203499E-02,NaN,  3.504050000000E+06,  4.266428405485E-07
  2.347922036445E-04,  3.598828043371E+03,  3.599999999728E+03,  3.875392790416E+02,  4.479921892217E+04,  9.918599818371E+02,  9.305230992212E-01,NaN,NaN,  1.270120725114E-02,  2.042477873126E+15,  3.306401017683E+19,  1.033921907365E+20,  1.136868268092E+18,  1.529980553300E+21,  8.756943016818E+19,  1.057367095287E+13,  1.440115018288E+02,  6.114668821839E+01,  7.286481157691E+01,NaN,  9.999999999832E+00,NaN,  2.033694302615E-06,  3.005651203480E-02,NaN,  3.504050000000E+06,  4.266428405756E-07
  3.100874197339E-04,  3.598772971713E+03,  3.599999999629E+03,  4.120087118277E+02,  4.479521573018E+04,  9.918599818371E+02,  9.305230991793E-01,NaN,NaN,  1.250827251676E-02,  2.042477874388E+15,  3.306401017569E+19,  1.033921907376E+20,  1.136868268831E+18,  1.529980553297E+21,  8.756943016998E+19,  1.057367095287E+13,  1.440115018331E+02,  6.114668822195E+01,  7.286481157769E+01,NaN,  9.999999999780E+00,NaN,  2.033694302615E-06,  3.005651203458E-02,NaN,  3.504050000000E+06,  4.266428406044E-07
  4.800539385686E-04,  3.598648791059E+03,  3.599999999382E+03,  4.685222534651E+02,  4.478619005106E+04,  9.918599818371E+02,  9.305230990750E-01,NaN,NaN,  1.211271164573E-02,  2.042477877523E+15,  3.306401017287E+19,  1.033921907403E+20,  1.136868270668E+18,  1.529980553290E+21,  8.756943017453E+19,  1.057367095287E+13,  1.440115018438E+02,  6.114668823081E+01,  7.286481157964E+01,NaN,  9.999999999662E+00,NaN,  2.033694302615E-06,  3.005651203406E-02,NaN,  3.504050000000E+06,  4.266428406762E-07
  6.500204574032E-04,  3.598524800227E+03,  3.599999999102E+03,  5.267055624394E+02,  4.477717967160E+04,  9.918599818371E+02,  9.305230989571E-01,NaN,NaN,  1.176337544109E-02,  2.042477881067E+15,  3.306401016968E+19,  1.033921907435E+20,  1.136868272744E+18,  1.529980553281E+21,  8.756943017974E+19,  1.057367122129E+13,  1.440115018559E+02,  6.114668824083E+01,  7.286481158184E+01,NaN,  9.999999999544E+00,NaN,  2.033694354243E-06,  3.005651203345E-02,NaN,  3.504050000000E+06,  4.266428407573E-07
  8.199869762379E-04,  3.598401003684E+03,  3.599999998790E+03,  5.864486448807E+02,  4.476818490928E+04,  9.918599818371E+02,  9.305230988253E-01,NaN,NaN,  1.145160706210E-02,  2.042477885030E+15,  3.306401016612E+19,  1.033921907470E+20,  1.136868275065E+18,  1.529980553272E+21,  8.756943018565E+19,  1.057367095287E+13,  1.440115018695E+02,  6.114668825204E+01,  7.286481158431E+01,NaN,  9.999999999426E+00,NaN,  2.033694302615E-06,  3.005651203278E-02,NaN,  3.504050000000E+06,  4.266428408480E-07
  9.899534950726E-04,  3.598277405876E+03,  3.599999998443E+03,  6.476552643098E+02,  4.475920607965E+04,  9.918599818371E+02,  9.305230986792E-01,NaN,NaN,  1.117089473768E-02,  2.042477889424E+15,  3.306401016217E+19,  1.033921907509E+20,  1.136868277639E+18,  1.529980553262E+21,  8.756943019227E+19,  1.057367122129E+13,  1.440115018845E+02,  6.114668826446E+01,  7.286481158706E+01,NaN,  9.999999999309E+00,NaN,  2.033694354243E-06,  3.005651203203E-02,NaN,  3.504050000000E+06,  4.266428409485E-07
  1.451904836176E-03,  3.597942514307E+03,  3.599999997325E+03,  8.207586845171E+02,  4.473488519666E+04,  9.918599818371E+02,  9.305230982071E-01,NaN,NaN,  1.052858633926E-02,  2.042477903617E+15,  3.306401014942E+19,  1.033921907635E+20,  1.136868285953E+18,  1.529980553229E+21,  8.756943021396E+19,  1.057367095287E+13,  1.440115019332E+02,  6.114668830461E+01,  7.286481159593E+01,NaN,  9.999999998988E+00,NaN,  2.033694302615E-06,  3.005651202959E-02,NaN,  3.504050000000E+06,  4.266428412734E-07
  1.721272428963E-03,  3.597747957616E+03,  3.599999996548E+03,  9.258379950952E+02,  4.472076090316E+04,  9.918599818371E+02,  9.305230978793E-01,NaN,NaN,  1.021621877925E-02,  2.042477913472E+15,  3.306401014058E+19,  1.033921907722E+20,  1.136868291726E+18,  1.529980553206E+21,  8.756943022921E+19,  1.057367095287E+13,  1.440115019671E+02,  6.114668833249E+01,  7.286481160210E+01,NaN,  9.999999998802E+00,NaN,  2.033694302615E-06,  3.005651202790E-02,NaN,  3.504050000000E+06,  4.266428414989E-07
  1.990640021749E-03,  3.597553948413E+03,  3.599999995676E+03,  1.033681951593E+03,  4.470668003413E+04,  9.918599818371E+02,  9.305230975116E-01,NaN,NaN,  9.938645528623E-03,  2.042477924529E+15,  3.306401013065E+19,  1.033921907820E+20,  1.136868298203E+18,  1.529980553181E+21,  8.756943024645E+19,  1.057367095287E+13,  1.440115020051E+02,  6.114668836378E+01,  7.286481160902E+01,NaN,  9.999999998615E+00,NaN,  2.033694302615E-06,  3.005651202599E-02,NaN,  3.504050000000E+06,  4.266428417519E-07
  2.260007614536E-03,  3.597360498445E+03,  3.599999994708E+03,  1.144094442763E+03,  4.469264340996E+04,  9.918599818371E+02,  9.305230971028E-01,NaN,NaN,  9.689658379503E-03,  2.042477936819E+15,  3.306401011962E+19,  1.033921907930E+20,  1.136868305402E+18,  1.529980553153E+21,  8.756943026571E+19,  1.057367068444E+13,  1.440115020474E+02,  6.114668839856E+01,  7.286481161673E+01,NaN,  9.999999998429E+00,NaN,  2.033694250987E-06,  3.005651202386E-02,NaN,  3.504050000000E+06,  4.266428420331E-07
  2.529375207323E-03,  3.597167618700E+03,  3.599999993640E+03,  1.256902138105E+03,  4.467865179513E+04,  9.918599818371E+02,  9.305230966522E-01,NaN,NaN,  9.464519461763E-03,  2.042477950370E+15,  3.306401010747E+19,  1.033921908050E+20,  1.136868313340E+18,  1.529980553122E+21,  8.756943028706E+19,  1.057367068444E+13,  1.440115020941E+02,  6.114668843691E+01,  7.286481162522E+01,NaN,  9.999999998242E+00,NaN,  2.033694250987E-06,  3.005651202152E-02,NaN,  3.504050000000E+06,  4.266428423432E-07
  2.798742800110E-03,  3.596975319472E+03,  3.599999992470E+03,  1.371950302052E+03,  4.466470590313E+04,  9.918599818371E+02,  9.305230961587E-01,NaN,NaN,  9.259538462918E-03,  2.042477965208E+15,  3.306401009416E+19,  1.033921908182E+20,  1.136868322031E+18,  1.529980553088E+21,  8.756943031052E+19,  1.057367068444E+13,  1.440115021452E+02,  6.114668847890E+01,  7.286481163453E+01,NaN,  9.999999998055E+00,NaN,  2.033694250987E-06,  3.005651201894E-02,NaN,  3.504050000000E+06,  4.266428426828E-07
  3.272692076399E-03,  3.596638409120E+03,  3.599999990160E+03,  1.579399227003E+03,  4.464028123914E+04,  9.918599818371E+02,  9.305230951842E-01,NaN,NaN,  8.939247358379E-03,  2.042477994512E+15,  3.306401006788E+19,  1.033921908443E+20,  1.136868339196E+18,  1.529980553022E+21,  8.756943035707E+19,  1.057367068444E+13,  1.440115022462E+02,  6.114668856185E+01,  7.286481165293E+01,NaN,  9.999999997727E+00,NaN,  2.033694250987E-06,  3.005651201385E-02,NaN,  3.504050000000E+06,  4.266428433533E-07
  3.746641352688E-03,  3.596303373522E+03,  3.599999987521E+03,  1.792693093501E+03,  4.461600345795E+04,  9.918599818371E+02,  9.305230940706E-01,NaN,NaN,  8.660589397172E-03,  2.042478027996E+15,  3.306401003785E+19,  1.033921908742E+20,  1.136868358810E+18,  1.529980552946E+21,  8.756943041051E+19,  1.057367095287E+13,  1.440115023617E+02,  6.114668865663E+01,  7.286481167396E+01,NaN,  9.999999997399E+00,NaN,  2.033694302615E-06,  3.005651200803E-02,NaN,  3.504050000000E+06,  4.266428441195E-07
  4.220590628977E-03,  3.595970256256E+03,  3.599999984544E+03,  2.011259731553E+03,  4.459187552753E+04,  9.918599818371E+02,  9.305230928143E-01,NaN,NaN,  8.415053780852E-03,  2.042478065772E+15,  3.306401000398E+19,  1.033921909079E+20,  1.136868380938E+18,  1.529980552860E+21,  8.756943047103E+19,  1.057367068444E+13,  1.440115024920E+02,  6.114668876357E+01,  7.286481169770E+01,NaN,  9.999999997070E+00,NaN,  2.033694250987E-06,  3.005651200145E-02,NaN,  3.504050000000E+06,  4.266428449839E-07
  4.694539905266E-03,  3.595639096196E+03,  3.599999981220E+03,  2.234600997141E+03,  4.456790007063E+04,  9.918599818371E+02,  9.305230914119E-01,NaN,NaN,  8.196414986356E-03,  2.042478107941E+15,  3.306400996618E+19,  1.033921909455E+20,  1.136868405638E+18,  1.529980552765E+21,  8.756943053878E+19,  1.057367041601E+13,  1.440115026376E+02,  6.114668888296E+01,  7.286481172420E+01,NaN,  9.999999996742E+00,NaN,  2.033694199359E-06,  3.005651199410E-02,NaN,  3.504050000000E+06,  4.266428459488E-07
  5.489422137948E-03,  3.595088181515E+03,  3.599999974850E+03,  2.618709072158E+03,  4.452803838321E+04,  9.918599818371E+02,  9.305230887239E-01,NaN,NaN,  7.877748706142E-03,  2.042478188768E+15,  3.306400989373E+19,  1.033921910176E+20,  1.136868452983E+18,  1.529980552582E+21,  8.756943066906E+19,  1.057367041601E+13,  1.440115029167E+02,  6.114668911180E+01,  7.286481177503E+01,NaN,  9.999999996191E+00,NaN,  2.033694199359E-06,  3.005651198000E-02,NaN,  3.504050000000E+06,  4.266428477983E-07
  6.284304370629E-03,  3.594543014618E+03,  3.599999967456E+03,  3.013242414686E+03,  4.448862164636E+04,  9.918599818371E+02,  9.305230856043E-01,NaN,NaN,  7.606159334213E-03,  2.042478282576E+15,  3.306400980966E+19,  1.033921911013E+20,  1.136868507931E+18,  1.529980552371E+21,  8.756943082074E+19,  1.057367041601E+13,  1.440115032408E+02,  6.114668937740E+01,  7.286481183404E+01,NaN,  9.999999995640E+00,NaN,  2.033694199359E-06,  3.005651196361E-02,NaN,  3.504050000000E+06,  4.266428499448E-07
  7.079186603311E-03,  3.594003717951E+03,  3.599999959014E+03,  3.416692672834E+03,  4.444965777095E+04,  9.918599818371E+02,  9.305230820423E-01,NaN,NaN,  7.370932910820E-03,  2.042478389682E+15,  3.306400971367E+19,  1.033921911970E+20,  1.136868570669E+18,  1.529980552130E+21,  8.756943099433E+19,  1.057367041601E+13,  1.440115036109E+02,  6.114668968068E+01,  7.286481190143E+01,NaN,  9.999999995089E+00,NaN,  2.033694199359E-06,  3.005651194489E-02,NaN,  3.504050000000E+06,  4.266428523956E-07
  7.874068835992E-03,  3.593470395692E+03,  3.599999949503E+03,  3.827763910653E+03,  4.441115333504E+04,  9.918599818371E+02,  9.305230780291E-01,NaN,NaN,  7.164529120943E-03,  2.042478510363E+15,  3.306400960553E+19,  1.033921913047E+20,  1.136868641358E+18,  1.529980551858E+21,  8.756943119029E+19,  1.057367014759E+13,  1.440115040280E+02,  6.114669002240E+01,  7.286481197738E+01,NaN,  9.999999994539E+00,NaN,  2.033694147732E-06,  3.005651192379E-02,NaN,  3.504050000000E+06,  4.266428551569E-07
  8.668951068674E-03,  3.592943136222E+03,  3.599999938903E+03,  4.245326540213E+03,  4.437311376701E+04,  9.918599818371E+02,  9.305230735566E-01,NaN,NaN,  6.981458547124E-03,  2.042478644852E+15,  3.306400948503E+19,  1.033921914248E+20,  1.136868720135E+18,  1.529980551556E+21,  8.756943140900E+19,  1.057366987916E+13,  1.440115044929E+02,  6.114669040323E+01,  7.286481206203E+01,NaN,  9.999999993988E+00,NaN,  2.033694096104E-06,  3.005651190025E-02,NaN,  3.504050000000E+06,  4.266428582342E-07
  9.463833301355E-03,  3.592422013702E+03,  3.599999927199E+03,  4.668384934023E+03,  4.433554346405E+04,  9.918599818371E+02,  9.305230686182E-01,NaN,NaN,  6.817611902317E-03,  2.042478793350E+15,  3.306400935198E+19,  1.033921915575E+20,  1.136868807118E+18,  1.529980551222E+21,  8.756943165081E+19,  1.057366961074E+13,  1.440115050064E+02,  6.114669082374E+01,  7.286481215552E+01,NaN,  9.999999993437E+00,NaN,  2.033694044476E-06,  3.005651187426E-02,NaN,  3.504050000000E+06,  4.266428616321E-07
  1.025871553404E-02,  3.591907089514E+03,  3.599999914378E+03,  5.096053619444E+03,  4.429844590025E+04,  9.918599818371E+02,  9.305230632084E-01,NaN,NaN,  6.669840423148E-03,  2.042478956026E+15,  3.306400920623E+19,  1.033921917028E+20,  1.136868902405E+18,  1.529980550857E+21,  8.756943191597E+19,  1.057366907389E+13,  1.440115055689E+02,  6.114669128440E+01,  7.286481225794E+01,NaN,  9.999999992886E+00,NaN,  2.033693941221E-06,  3.005651184577E-02,NaN,  3.504050000000E+06,  4.266428653543E-07
  1.105359776672E-02,  3.591398413668E+03,  3.599999900429E+03,  5.527539208485E+03,  4.426182373090E+04,  9.918599818371E+02,  9.305230573224E-01,NaN,NaN,  6.535683064913E-03,  2.042479133018E+15,  3.306400904766E+19,  1.033921918610E+20,  1.136869006078E+18,  1.529980550460E+21,  8.756943220473E+19,  1.057366907389E+13,  1.440115061810E+02,  6.114669178562E+01,  7.286481236939E+01,NaN,  9.999999992336E+00,NaN,  2.033693941221E-06,  3.005651181477E-02,NaN,  3.504050000000E+06,  4.266428694041E-07
  1.184847999940E-02,  3.590896026029E+03,  3.599999885342E+03,  5.962126417673E+03,  4.422567888432E+04,  9.918599818371E+02,  9.305230509566E-01,NaN,NaN,  6.413183222900E-03,  2.042479324443E+15,  3.306400887616E+19,  1.033921920320E+20,  1.136869118205E+18,  1.529980550030E+21,  8.756943251728E+19,  1.057366853704E+13,  1.440115068431E+02,  6.114669232772E+01,  7.286481248994E+01,NaN,  9.999999991785E+00,NaN,  2.033693837965E-06,  3.005651178123E-02,NaN,  3.504050000000E+06,  4.266428737842E-07
  1.264336223208E-02,  3.590399957338E+03,  3.599999869110E+03,  6.399167096137E+03,  4.419001263779E+04,  9.918599818371E+02,  9.305230441077E-01,NaN,NaN,  6.300762089259E-03,  2.042479530393E+15,  3.306400869166E+19,  1.033921922161E+20,  1.136869238840E+18,  1.529980549568E+21,  8.756943285376E+19,  1.057366826861E+13,  1.440115075555E+02,  6.114669291095E+01,  7.286481261965E+01,NaN,  9.999999991234E+00,NaN,  2.033693786337E-06,  3.005651174513E-02,NaN,  3.504050000000E+06,  4.266428784966E-07
  1.343824446476E-02,  3.589910230055E+03,  3.599999851728E+03,  6.838071475974E+03,  4.415482568037E+04,  9.918599818371E+02,  9.305230367734E-01,NaN,NaN,  6.197128996819E-03,  2.042479750940E+15,  3.306400849408E+19,  1.033921924132E+20,  1.136869368025E+18,  1.529980549074E+21,  8.756943321429E+19,  1.057366800019E+13,  1.440115083185E+02,  6.114669353553E+01,  7.286481275855E+01,NaN,  9.999999990683E+00,NaN,  2.033693734709E-06,  3.005651170648E-02,NaN,  3.504050000000E+06,  4.266428835430E-07
  1.423312669744E-02,  3.589426859082E+03,  3.599999833191E+03,  7.278301071679E+03,  4.412011816720E+04,  9.918599818371E+02,  9.305230289519E-01,NaN,NaN,  6.101216591259E-03,  2.042479986136E+15,  3.306400828339E+19,  1.033921926234E+20,  1.136869505791E+18,  1.529980548547E+21,  8.756943359897E+19,  1.057366746334E+13,  1.440115091321E+02,  6.114669420160E+01,  7.286481290670E+01,NaN,  9.999999990133E+00,NaN,  2.033693631454E-06,  3.005651166524E-02,NaN,  3.504050000000E+06,  4.266428889246E-07
  1.502800893013E-02,  3.588949852417E+03,  3.599999813497E+03,  7.719362825493E+03,  4.408588976775E+04,  9.918599818371E+02,  9.305230206421E-01,NaN,NaN,  6.012133071680E-03,  2.042480236018E+15,  3.306400805954E+19,  1.033921928467E+20,  1.136869652159E+18,  1.529980547987E+21,  8.756943400785E+19,  1.057366692648E+13,  1.440115099966E+02,  6.114669490927E+01,  7.286481306410E+01,NaN,  9.999999989582E+00,NaN,  2.033693528198E-06,  3.005651162143E-02,NaN,  3.504050000000E+06,  4.266428946422E-07
  1.632367594844E-02,  3.588185970101E+03,  3.599999778910E+03,  8.438923249349E+03,  4.403112190686E+04,  9.918599818371E+02,  9.305230060486E-01,NaN,NaN,  5.879659707125E-03,  2.042480674853E+15,  3.306400766644E+19,  1.033921932390E+20,  1.136869909206E+18,  1.529980547003E+21,  8.756943472627E+19,  1.057366665806E+13,  1.440115115150E+02,  6.114669615206E+01,  7.286481334054E+01,NaN,  9.999999988684E+00,NaN,  2.033693476571E-06,  3.005651154447E-02,NaN,  3.504050000000E+06,  4.266429046832E-07
  1.761934296676E-02,  3.587438975059E+03,  3.599999741245E+03,  9.157746647805E+03,  4.397761926568E+04,  9.918599818371E+02,  9.305229901558E-01,NaN,NaN,  5.760720405181E-03,  2.042481152762E+15,  3.306400723834E+19,  1.033921936662E+20,  1.136870189140E+18,  1.529980545933E+21,  8.756943550909E+19,  1.057366558436E+13,  1.440115131686E+02,  6.114669750553E+01,  7.286481364161E+01,NaN,  9.999999987786E+00,NaN,  2.033693270059E-06,  3.005651146065E-02,NaN,  3.504050000000E+06,  4.266429156183E-07
  1.891500998508E-02,  3.586708806019E+03,  3.599999700506E+03,  9.874294113026E+03,  4.392537376309E+04,  9.918599818371E+02,  9.305229729664E-01,NaN,NaN,  5.653240242259E-03,  2.042481669661E+15,  3.306400677533E+19,  1.033921941283E+20,  1.136870491912E+18,  1.529980544775E+21,  8.756943635617E+19,  1.057366477908E+13,  1.440115149573E+02,  6.114669896943E+01,  7.286481396727E+01,NaN,  9.999999986889E+00,NaN,  2.033693115176E-06,  3.005651136997E-02,NaN,  3.504050000000E+06,  4.266429274456E-07
  2.021067700339E-02,  3.585995370541E+03,  3.599999656707E+03,  1.058721525440E+04,  4.387437519642E+04,  9.918599818371E+02,  9.305229544857E-01,NaN,NaN,  5.555568719805E-03,  2.042482225388E+15,  3.306400627754E+19,  1.033921946251E+20,  1.136870817428E+18,  1.529980543530E+21,  8.756943726723E+19,  1.057366370538E+13,  1.440115168804E+02,  6.114670054330E+01,  7.286481431740E+01,NaN,  9.999999985991E+00,NaN,  2.033692908665E-06,  3.005651127247E-02,NaN,  3.504050000000E+06,  4.266429401612E-07
  2.150634402171E-02,  3.585298549310E+03,  3.599999609866E+03,  1.129532309835E+04,  4.382461155716E+04,  9.918599818371E+02,  9.305229347215E-01,NaN,NaN,  5.466373453476E-03,  2.042482819713E+15,  3.306400574519E+19,  1.033921951565E+20,  1.136871165552E+18,  1.529980542200E+21,  8.756943824190E+19,  1.057366290010E+13,  1.440115189372E+02,  6.114670222651E+01,  7.286481469186E+01,NaN,  9.999999985093E+00,NaN,  2.033692753782E-06,  3.005651116819E-02,NaN,  3.504050000000E+06,  4.266429537601E-07
  2.280201104003E-02,  3.584618199162E+03,  3.599999560006E+03,  1.199757423116E+04,  4.377606925336E+04,  9.918599818371E+02,  9.305229136834E-01,NaN,NaN,  5.384564771120E-03,  2.042483452348E+15,  3.306400517852E+19,  1.033921957221E+20,  1.136871536116E+18,  1.529980540784E+21,  8.756943927970E+19,  1.057366182640E+13,  1.440115211266E+02,  6.114670401821E+01,  7.286481509048E+01,NaN,  9.999999984196E+00,NaN,  2.033692547270E-06,  3.005651105717E-02,NaN,  3.504050000000E+06,  4.266429682354E-07
  2.409767805834E-02,  3.583954155647E+03,  3.599999507153E+03,  1.269305242177E+04,  4.372873329798E+04,  9.918599818371E+02,  9.305228913826E-01,NaN,NaN,  5.309241157132E-03,  2.042484122949E+15,  3.306400457786E+19,  1.033921963217E+20,  1.136871928919E+18,  1.529980539282E+21,  8.756944038007E+19,  1.057366075270E+13,  1.440115234475E+02,  6.114670591745E+01,  7.286481551303E+01,NaN,  9.999999983298E+00,NaN,  2.033692340759E-06,  3.005651093948E-02,NaN,  3.504050000000E+06,  4.266429835795E-07
  2.539334507666E-02,  3.583306235684E+03,  3.599999451340E+03,  1.338095445820E+04,  4.368258750163E+04,  9.918599818371E+02,  9.305228678324E-01,NaN,NaN,  5.239649082783E-03,  2.042484831125E+15,  3.306400394355E+19,  1.033921969549E+20,  1.136872343731E+18,  1.529980537698E+21,  8.756944154236E+19,  1.057365941057E+13,  1.440115258985E+02,  6.114670792312E+01,  7.286481595927E+01,NaN,  9.999999982400E+00,NaN,  2.033692082620E-06,  3.005651081519E-02,NaN,  3.504050000000E+06,  4.266429997833E-07
  2.768261155711E-02,  3.582200241400E+03,  3.599999345591E+03,  1.457576207824E+04,  4.360391000073E+04,  9.918599818371E+02,  9.305228232127E-01,NaN,NaN,  5.128804737893E-03,  2.042486172877E+15,  3.306400274175E+19,  1.033921981546E+20,  1.136873129658E+18,  1.529980534695E+21,  8.756944374512E+19,  1.057365753160E+13,  1.440115305425E+02,  6.114671172320E+01,  7.286481680477E+01,NaN,  9.999999980814E+00,NaN,  2.033691721226E-06,  3.005651057967E-02,NaN,  3.504050000000E+06,  4.266430304840E-07
  2.997187803757E-02,  3.581142752714E+03,  3.599999230914E+03,  1.574156269478E+04,  4.352879262142E+04,  9.918599818371E+02,  9.305227748253E-01,NaN,NaN,  5.031089350871E-03,  2.042487627928E+15,  3.306400143850E+19,  1.033921994557E+20,  1.136873981950E+18,  1.529980531439E+21,  8.756944613458E+19,  1.057365511577E+13,  1.440115355788E+02,  6.114671584419E+01,  7.286481772170E+01,NaN,  9.999999979228E+00,NaN,  2.033691256576E-06,  3.005651032425E-02,NaN,  3.504050000000E+06,  4.266430637771E-07
  3.226114451802E-02,  3.580132465906E+03,  3.599999107536E+03,  1.687587618491E+04,  4.345712806452E+04,  9.918599818371E+02,  9.305227227669E-01,NaN,NaN,  4.944329641461E-03,  2.042489193371E+15,  3.306400003637E+19,  1.033922008555E+20,  1.136874898903E+18,  1.529980527937E+21,  8.756944870597E+19,  1.057365269994E+13,  1.440115409974E+02,  6.114672027784E+01,  7.286481870822E+01,NaN,  9.999999977642E+00,NaN,  2.033690791926E-06,  3.005651004942E-02,NaN,  3.504050000000E+06,  4.266430995961E-07
  3.455041099847E-02,  3.579167998261E+03,  3.599998975704E+03,  1.797683526275E+04,  4.338880462890E+04,  9.918599818371E+02,  9.305226671410E-01,NaN,NaN,  4.866824665202E-03,  2.042490866092E+15,  3.306399853818E+19,  1.033922023513E+20,  1.136875878694E+18,  1.529980524195E+21,  8.756945145415E+19,  1.057364974726E+13,  1.440115467875E+02,  6.114672501535E+01,  7.286481976238E+01,NaN,  9.999999976055E+00,NaN,  2.033690224020E-06,  3.005650975574E-02,NaN,  3.504050000000E+06,  4.266431378697E-07
  3.683967747893E-02,  3.578247909103E+03,  3.599998835674E+03,  1.904308808819E+04,  4.332370767027E+04,  9.918599818371E+02,  9.305226080564E-01,NaN,NaN,  4.797220449545E-03,  2.042492642821E+15,  3.306399694684E+19,  1.033922039402E+20,  1.136876919407E+18,  1.529980520221E+21,  8.756945437373E+19,  1.057364679458E+13,  1.440115529377E+02,  6.114673004745E+01,  7.286482088210E+01,NaN,  9.999999974469E+00,NaN,  2.033689656115E-06,  3.005650944378E-02,NaN,  3.504050000000E+06,  4.266431785231E-07
  3.912894395938E-02,  3.577370718138E+03,  3.599998687713E+03,  2.007371683464E+04,  4.326172085678E+04,  9.918599818371E+02,  9.305225456254E-01,NaN,NaN,  4.734423275822E-03,  2.042494520181E+15,  3.306399526538E+19,  1.033922056190E+20,  1.136878019064E+18,  1.529980516022E+21,  8.756945745915E+19,  1.057364357348E+13,  1.440115594364E+02,  6.114673536457E+01,  7.286482206526E+01,NaN,  9.999999972883E+00,NaN,  2.033689036581E-06,  3.005650911414E-02,NaN,  3.504050000000E+06,  4.266432214790E-07
  4.141821043983E-02,  3.576534921391E+03,  3.599998532093E+03,  2.106816880001E+04,  4.320272724438E+04,  9.918599818371E+02,  9.305224799626E-01,NaN,NaN,  4.677538227716E-03,  2.042496494721E+15,  3.306399349689E+19,  1.033922073848E+20,  1.136879175645E+18,  1.529980511606E+21,  8.756946070471E+19,  1.057364062080E+13,  1.440115662716E+02,  6.114674095694E+01,  7.286482330969E+01,NaN,  9.999999971297E+00,NaN,  2.033688468676E-06,  3.005650876741E-02,NaN,  3.504050000000E+06,  4.266432666585E-07
  4.370747692029E-02,  3.575739004417E+03,  3.599998369089E+03,  2.202619828959E+04,  4.314661015400E+04,  9.918599818371E+02,  9.305224111841E-01,NaN,NaN,  4.625824678446E-03,  2.042498562956E+15,  3.306399164450E+19,  1.033922092344E+20,  1.136880387107E+18,  1.529980506981E+21,  8.756946410469E+19,  1.057363713127E+13,  1.440115734313E+02,  6.114674681470E+01,  7.286482461319E+01,NaN,  9.999999969711E+00,NaN,  2.033687797514E-06,  3.005650840422E-02,NaN,  3.504050000000E+06,  4.266433139818E-07
  4.599674340074E-02,  3.574981453042E+03,  3.599998198976E+03,  2.294781752696E+04,  4.309325386915E+04,  9.918599818371E+02,  9.305223394061E-01,NaN,NaN,  4.578663430518E-03,  2.042500721390E+15,  3.306398971132E+19,  1.033922111647E+20,  1.136881651403E+18,  1.529980502154E+21,  8.756946765330E+19,  1.057363337331E+13,  1.440115809033E+02,  6.114675292793E+01,  7.286482597355E+01,NaN,  9.999999968125E+00,NaN,  2.033687074725E-06,  3.005650802518E-02,NaN,  3.504050000000E+06,  4.266433633690E-07
  5.057527636165E-02,  3.573575443619E+03,  3.599997838520E+03,  2.468291800761E+04,  4.299436895483E+04,  9.918599818371E+02,  9.305221873141E-01,NaN,NaN,  4.495986193755E-03,  2.042505294942E+15,  3.306398561510E+19,  1.033922152549E+20,  1.136884330346E+18,  1.529980491927E+21,  8.756947517354E+19,  1.057362612583E+13,  1.440115967361E+02,  6.114676588142E+01,  7.286482885609E+01,NaN,  9.999999964952E+00,NaN,  2.033685680775E-06,  3.005650722198E-02,NaN,  3.504050000000E+06,  4.266434680166E-07
  5.515380932256E-02,  3.572305089459E+03,  3.599997452886E+03,  2.627727062645E+04,  4.290518515434E+04,  9.918599818371E+02,  9.305220245986E-01,NaN,NaN,  4.426179874161E-03,  2.042510187958E+15,  3.306398123277E+19,  1.033922196309E+20,  1.136887196415E+18,  1.529980480986E+21,  8.756948322025E+19,  1.057361807306E+13,  1.440116136753E+02,  6.114677973976E+01,  7.286483194003E+01,NaN,  9.999999961780E+00,NaN,  2.033684131942E-06,  3.005650636264E-02,NaN,  3.504050000000E+06,  4.266435799738E-07
  5.973234228346E-02,  3.571159028550E+03,  3.599997044162E+03,  2.773665046834E+04,  4.282485747623E+04,  9.918599818371E+02,  9.305218521403E-01,NaN,NaN,  4.366773331552E-03,  2.042515373950E+15,  3.306397658808E+19,  1.033922242690E+20,  1.136890234094E+18,  1.529980469391E+21,  8.756949174978E+19,  1.057360948345E+13,  1.440116316289E+02,  6.114679442792E+01,  7.286483520868E+01,NaN,  9.999999958608E+00,NaN,  2.033682479853E-06,  3.005650545181E-02,NaN,  3.504050000000E+06,  4.266436986346E-07
  6.431087524437E-02,  3.570126460825E+03,  3.599996614338E+03,  2.906810680731E+04,  4.275258997055E+04,  9.918599818371E+02,  9.305216707788E-01,NaN,NaN,  4.315886328041E-03,  2.042520827671E+15,  3.306397170362E+19,  1.033922291466E+20,  1.136893428595E+18,  1.529980457198E+21,  8.756950072051E+19,  1.057360035699E+13,  1.440116505096E+02,  6.114680987439E+01,  7.286483864610E+01,NaN,  9.999999955435E+00,NaN,  2.033680724508E-06,  3.005650449393E-02,NaN,  3.504050000000E+06,  4.266438234215E-07
  6.888940820528E-02,  3.569197221325E+03,  3.599996165290E+03,  3.027944178373E+04,  4.268763927024E+04,  9.918599818371E+02,  9.305214813061E-01,NaN,NaN,  4.272059094624E-03,  2.042526525306E+15,  3.306396660071E+19,  1.033922342423E+20,  1.136896765969E+18,  1.529980444461E+21,  8.756951009321E+19,  1.057359123052E+13,  1.440116702350E+02,  6.114682601173E+01,  7.286484223730E+01,NaN,  9.999999952263E+00,NaN,  2.033678969164E-06,  3.005650349318E-02,NaN,  3.504050000000E+06,  4.266439537893E-07
  7.346794116619E-02,  3.568361818638E+03,  3.599995698774E+03,  3.137882452720E+04,  4.262931588349E+04,  9.918599818371E+02,  9.305212844629E-01,NaN,NaN,  4.234138740760E-03,  2.042532444579E+15,  3.306396129933E+19,  1.033922395363E+20,  1.136900233168E+18,  1.529980431228E+21,  8.756951983117E+19,  1.057358129879E+13,  1.440116907278E+02,  6.114684277684E+01,  7.286484596822E+01,NaN,  9.999999949091E+00,NaN,  2.033677058936E-06,  3.005650245347E-02,NaN,  3.504050000000E+06,  4.266440892286E-07
  7.994649412717E-02,  3.567323076338E+03,  3.599995011964E+03,  3.275918859401E+04,  4.255688616592E+04,  9.918599818371E+02,  9.305209946679E-01,NaN,NaN,  4.188813444956E-03,  2.042541159011E+15,  3.306395349457E+19,  1.033922473303E+20,  1.136905337625E+18,  1.529980411747E+21,  8.756953416848E+19,  1.057356707224E+13,  1.440117208980E+02,  6.114686745870E+01,  7.286485146098E+01,NaN,  9.999999944602E+00,NaN,  2.033674322663E-06,  3.005650092277E-02,NaN,  3.504050000000E+06,  4.266442886241E-07
  8.413578060771E-02,  3.566731343251E+03,  3.599994552945E+03,  3.355203063282E+04,  4.251566975428E+04,  9.918599818371E+02,  9.305208009882E-01,NaN,NaN,  4.163845766778E-03,  2.042546983159E+15,  3.306394827840E+19,  1.033922525394E+20,  1.136908749107E+18,  1.529980398727E+21,  8.756954375111E+19,  1.057355767735E+13,  1.440117410618E+02,  6.114688395444E+01,  7.286485513200E+01,NaN,  9.999999941699E+00,NaN,  2.033672515691E-06,  3.005649989974E-02,NaN,  3.504050000000E+06,  4.266444218869E-07
  8.958721291131E-02,  3.566044686243E+03,  3.599993940095E+03,  3.447785106311E+04,  4.246788124075E+04,  9.918599818371E+02,  9.305205424002E-01,NaN,NaN,  4.135607695447E-03,  2.042554759167E+15,  3.306394131414E+19,  1.033922594941E+20,  1.136913303887E+18,  1.529980381345E+21,  8.756955654572E+19,  1.057354506136E+13,  1.440117679834E+02,  6.114690597845E+01,  7.286486003332E+01,NaN,  9.999999937922E+00,NaN,  2.033670089185E-06,  3.005649853383E-02,NaN,  3.504050000000E+06,  4.266445998105E-07
  9.503864521492E-02,  3.565442122277E+03,  3.599993311562E+03,  3.529532215454E+04,  4.242597993605E+04,  9.918599818371E+02,  9.305202771952E-01,NaN,NaN,  4.111451210593E-03,  2.042562734157E+15,  3.306393417168E+19,  1.033922666269E+20,  1.136917975223E+18,  1.529980363518E+21,  8.756956966824E+19,  1.057353190851E+13,  1.440117955940E+02,  6.114692856608E+01,  7.286486506008E+01,NaN,  9.999999934145E+00,NaN,  2.033667559424E-06,  3.005649713295E-02,NaN,  3.504050000000E+06,  4.266447822872E-07
  1.004900775185E-01,  3.564913726073E+03,  3.599992669194E+03,  3.601596753340E+04,  4.238926232444E+04,  9.918599818371E+02,  9.305200061523E-01,NaN,NaN,  4.090728951646E-03,  2.042570884701E+15,  3.306392687200E+19,  1.033922739167E+20,  1.136922749391E+18,  1.529980345299E+21,  8.756958308008E+19,  1.057351848724E+13,  1.440118238125E+02,  6.114695165095E+01,  7.286487019752E+01,NaN,  9.999999930368E+00,NaN,  2.033664978035E-06,  3.005649570122E-02,NaN,  3.504050000000E+06,  4.266449687808E-07
  1.078224988990E-01,  3.564304570466E+03,  3.599991786229E+03,  3.685105177426E+04,  4.234696238361E+04,  9.918599818371E+02,  9.305196335910E-01,NaN,NaN,  4.067354905385E-03,  2.042582088012E+15,  3.306391683825E+19,  1.033922839370E+20,  1.136929311715E+18,  1.529980320256E+21,  8.756960151590E+19,  1.057349996589E+13,  1.440118626004E+02,  6.114698338224E+01,  7.286487725919E+01,NaN,  9.999999925287E+00,NaN,  2.033661415718E-06,  3.005649373321E-02,NaN,  3.504050000000E+06,  4.266452251255E-07
  1.139085369813E-01,  3.563875269611E+03,  3.599991039109E+03,  3.744226293202E+04,  4.231716987518E+04,  9.918599818371E+02,  9.305193183489E-01,NaN,NaN,  4.051203640348E-03,  2.042591567678E+15,  3.306390834823E+19,  1.033922924156E+20,  1.136934864420E+18,  1.529980299066E+21,  8.756961711578E+19,  1.057348439722E+13,  1.440118954208E+02,  6.114701023166E+01,  7.286488323444E+01,NaN,  9.999999921070E+00,NaN,  2.033658421306E-06,  3.005649206797E-02,NaN,  3.504050000000E+06,  4.266454420313E-07
  1.199945750635E-01,  3.563505248636E+03,  3.599990280922E+03,  3.795355813635E+04,  4.229150267927E+04,  9.918599818371E+02,  9.305189984372E-01,NaN,NaN,  4.037490636591E-03,  2.042601187766E+15,  3.306389973244E+19,  1.033923010198E+20,  1.136940499379E+18,  1.529980277563E+21,  8.756963294709E+19,  1.057346856012E+13,  1.440119287276E+02,  6.114703747883E+01,  7.286488929822E+01,NaN,  9.999999916854E+00,NaN,  2.033655375267E-06,  3.005649037805E-02,NaN,  3.504050000000E+06,  4.266456621504E-07
  1.260806131457E-01,  3.563186457699E+03,  3.599989513170E+03,  3.839528921724E+04,  4.226939697477E+04,  9.918599818371E+02,  9.305186744892E-01,NaN,NaN,  4.025828067158E-03,  2.042610929228E+15,  3.306389100796E+19,  1.033923097327E+20,  1.136946205436E+18,  1.529980255789E+21,  8.756964897843E+19,  1.057345272302E+13,  1.440119624546E+02,  6.114706506980E+01,  7.286489543851E+01,NaN,  9.999999912637E+00,NaN,  2.033652329228E-06,  3.005648866680E-02,NaN,  3.504050000000E+06,  4.266458850469E-07
  1.352096702690E-01,  3.562789283224E+03,  3.599988346412E+03,  3.894711837031E+04,  4.224186474182E+04,  9.918599818371E+02,  9.305181821838E-01,NaN,NaN,  4.011492298409E-03,  2.042625733386E+15,  3.306387774932E+19,  1.033923229736E+20,  1.136954876970E+18,  1.529980222699E+21,  8.756967334180E+19,  1.057342829631E+13,  1.440120137099E+02,  6.114710700000E+01,  7.286490476997E+01,NaN,  9.999999906311E+00,NaN,  2.033647631100E-06,  3.005648606619E-02,NaN,  3.504050000000E+06,  4.266462237844E-07
  1.445485651631E-01,  3.562465541707E+03,  3.599987137415E+03,  3.939800888632E+04,  4.221942821660E+04,  9.918599818371E+02,  9.305176720557E-01,NaN,NaN,  3.999966151330E-03,  2.042641073492E+15,  3.306386401070E+19,  1.033923366940E+20,  1.136963862442E+18,  1.529980188411E+21,  8.756969858766E+19,  1.057340333275E+13,  1.440120668210E+02,  6.114715044823E+01,  7.286491443927E+01,NaN,  9.999999899841E+00,NaN,  2.033642829716E-06,  3.005648337140E-02,NaN,  3.504050000000E+06,  4.266465747855E-07
  1.556236541028E-01,  3.562166776138E+03,  3.599985687746E+03,  3.981479032349E+04,  4.219872403430E+04,  9.918599818371E+02,  9.305170603776E-01,NaN,NaN,  3.989457873889E-03,  2.042659467327E+15,  3.306384753716E+19,  1.033923531456E+20,  1.136974636646E+18,  1.529980147297E+21,  8.756972885965E+19,  1.057337300068E+13,  1.440121305049E+02,  6.114720254570E+01,  7.286492603344E+01,NaN,  9.999999892167E+00,NaN,  2.033636995776E-06,  3.005648014016E-02,NaN,  3.504050000000E+06,  4.266469956605E-07
  1.649697133606E-01,  3.561970997874E+03,  3.599984453871E+03,  4.008809482422E+04,  4.218515509546E+04,  9.918599818371E+02,  9.305165397528E-01,NaN,NaN,  3.982641626838E-03,  2.042675123092E+15,  3.306383351585E+19,  1.033923671483E+20,  1.136983807031E+18,  1.529980112304E+21,  8.756975462574E+19,  1.057334723185E+13,  1.440121847092E+02,  6.114724688809E+01,  7.286493590174E+01,NaN,  9.999999885692E+00,NaN,  2.033632039509E-06,  3.005647738990E-02,NaN,  3.504050000000E+06,  4.266473538854E-07
  1.739128504243E-01,  3.561821554908E+03,  3.599983266113E+03,  4.029668128301E+04,  4.217479457249E+04,  9.918599818371E+02,  9.305160385860E-01,NaN,NaN,  3.977478590148E-03,  2.042690193738E+15,  3.306382001857E+19,  1.033923806277E+20,  1.136992634689E+18,  1.529980078619E+21,  8.756977942906E+19,  1.057332253671E+13,  1.440122368876E+02,  6.114728957329E+01,  7.286494540123E+01,NaN,  9.999999879495E+00,NaN,  2.033627289753E-06,  3.005647474242E-02,NaN,  3.504050000000E+06,  4.266476987226E-07
  1.842905185438E-01,  3.561684825099E+03,  3.599981880978E+03,  4.048733654938E+04,  4.216531070520E+04,  9.918599818371E+02,  9.305154541378E-01,NaN,NaN,  3.972788738329E-03,  2.042707768756E+15,  3.306380427838E+19,  1.033923963471E+20,  1.137002929295E+18,  1.529980039336E+21,  8.756980835431E+19,  1.057329381519E+13,  1.440122977370E+02,  6.114733935177E+01,  7.286495647931E+01,NaN,  9.999999872305E+00,NaN,  2.033621765580E-06,  3.005647165498E-02,NaN,  3.504050000000E+06,  4.266481008639E-07
  1.946681866633E-01,  3.561578949145E+03,  3.599980490080E+03,  4.063467166368E+04,  4.215796113889E+04,  9.918599818371E+02,  9.305148672579E-01,NaN,NaN,  3.969183589313E-03,  2.042725416900E+15,  3.306378847271E+19,  1.033924121318E+20,  1.137013266745E+18,  1.529979999890E+21,  8.756983740010E+19,  1.057326482525E+13,  1.440123588397E+02,  6.114738933743E+01,  7.286496760349E+01,NaN,  9.999999865114E+00,NaN,  2.033616189780E-06,  3.005646855469E-02,NaN,  3.504050000000E+06,  4.266485046791E-07
  2.050458547828E-01,  3.561496916122E+03,  3.599979094730E+03,  4.074846779635E+04,  4.215226041501E+04,  9.918599818371E+02,  9.305142784994E-01,NaN,NaN,  3.966410490777E-03,  2.042743121545E+15,  3.306377261643E+19,  1.033924279671E+20,  1.137023637300E+18,  1.529979960317E+21,  8.756986653904E+19,  1.057323556688E+13,  1.440124201380E+02,  6.114743948318E+01,  7.286497876330E+01,NaN,  9.999999857924E+00,NaN,  2.033610562352E-06,  3.005646544447E-02,NaN,  3.504050000000E+06,  4.266489097878E-07
  2.154235229023E-01,  3.561433297606E+03,  3.599977695941E+03,  4.083632379279E+04,  4.214783284707E+04,  9.918599818371E+02,  9.305136882901E-01,NaN,NaN,  3.964276359223E-03,  2.042760869819E+15,  3.306375672108E+19,  1.033924438415E+20,  1.137034033420E+18,  1.529979920647E+21,  8.756989574990E+19,  1.057320657694E+13,  1.440124815875E+02,  6.114748975256E+01,  7.286498995060E+01,NaN,  9.999999850734E+00,NaN,  2.033604986551E-06,  3.005646232658E-02,NaN,  3.504050000000E+06,  4.266493158955E-07
  2.309900250816E-01,  3.561363487466E+03,  3.599975592978E+03,  4.093197649488E+04,  4.214296232193E+04,  9.918599818371E+02,  9.305128009590E-01,NaN,NaN,  3.961959744825E-03,  2.042787552903E+15,  3.306373282373E+19,  1.033924677072E+20,  1.137049663157E+18,  1.529979861007E+21,  8.756993966626E+19,  1.057316282360E+13,  1.440125739720E+02,  6.114756532859E+01,  7.286500676982E+01,NaN,  9.999999839948E+00,NaN,  2.033596571223E-06,  3.005645763908E-02,NaN,  3.504050000000E+06,  4.266499264466E-07
  2.465565272609E-01,  3.561315527552E+03,  3.599973485939E+03,  4.099678010056E+04,  4.213960195428E+04,  9.918599818371E+02,  9.305119119083E-01,NaN,NaN,  3.960394568184E-03,  2.042814287707E+15,  3.306370888005E+19,  1.033924916193E+20,  1.137065323211E+18,  1.529979801251E+21,  8.756998366792E+19,  1.057311907026E+13,  1.440126665356E+02,  6.114764105124E+01,  7.286502362163E+01,NaN,  9.999999829163E+00,NaN,  2.033588155894E-06,  3.005645294248E-02,NaN,  3.504050000000E+06,  4.266505381828E-07
  2.621230294401E-01,  3.561282381983E+03,  3.599971376140E+03,  4.104065092619E+04,  4.213726532947E+04,  9.918599818371E+02,  9.305110216931E-01,NaN,NaN,  3.959337188636E-03,  2.042841057544E+15,  3.306368490500E+19,  1.033925155627E+20,  1.137081003806E+18,  1.529979741416E+21,  8.757002772738E+19,  1.057307504850E+13,  1.440127592207E+02,  6.114771687325E+01,  7.286504049553E+01,NaN,  9.999999818377E+00,NaN,  2.033579688938E-06,  3.005644823972E-02,NaN,  3.504050000000E+06,  4.266511507221E-07
  2.776895316194E-01,  3.561259277799E+03,  3.599969264474E+03,  4.107032529795E+04,  4.213562254951E+04,  9.918599818371E+02,  9.305101306898E-01,NaN,NaN,  3.958623236011E-03,  2.042867851091E+15,  3.306366090872E+19,  1.033925395272E+20,  1.137096698313E+18,  1.529979681529E+21,  8.757007182600E+19,  1.057303129516E+13,  1.440128519881E+02,  6.114779276254E+01,  7.286505738439E+01,NaN,  9.999999807592E+00,NaN,  2.033571273609E-06,  3.005644353279E-02,NaN,  3.504050000000E+06,  4.266517638056E-07
  2.932560337987E-01,  3.561242978709E+03,  3.599967151544E+03,  4.109037504377E+04,  4.213444996211E+04,  9.918599818371E+02,  9.305092391536E-01,NaN,NaN,  3.958141675145E-03,  2.042894660673E+15,  3.306363689807E+19,  1.033925635062E+20,  1.137112402233E+18,  1.529979621605E+21,  8.757011595112E+19,  1.057298700497E+13,  1.440129448111E+02,  6.114786869738E+01,  7.286507428334E+01,NaN,  9.999999796806E+00,NaN,  2.033562755025E-06,  3.005643882304E-02,NaN,  3.504050000000E+06,  4.266523772576E-07
  3.089442711650E-01,  3.561231213828E+03,  3.599965021229E+03,  4.110398678184E+04,  4.213359028527E+04,  9.918599818371E+02,  9.305083402817E-01,NaN,NaN,  3.957815380482E-03,  2.042921690864E+15,  3.306361268985E+19,  1.033925876824E+20,  1.137128235398E+18,  1.529979561188E+21,  8.757016043943E+19,  1.057294271478E+13,  1.440130383980E+02,  6.114794525720E+01,  7.286509132136E+01,NaN,  9.999999785936E+00,NaN,  2.033554236441E-06,  3.005643407453E-02,NaN,  3.504050000000E+06,  4.266529957591E-07
  3.246325085313E-01,  3.561222613534E+03,  3.599962890332E+03,  4.111312085714E+04,  4.213294924696E+04,  9.918599818371E+02,  9.305074411643E-01,NaN,NaN,  3.957596970535E-03,  2.042948728452E+15,  3.306358847501E+19,  1.033926118653E+20,  1.137144072918E+18,  1.529979500755E+21,  8.757020494001E+19,  1.057289842459E+13,  1.440131320107E+02,  6.114802183809E+01,  7.286510836404E+01,NaN,  9.999999775067E+00,NaN,  2.033545717857E-06,  3.005642932471E-02,NaN,  3.504050000000E+06,  4.266536144315E-07
  3.481648645808E-01,  3.561213493695E+03,  3.599959693298E+03,  4.112147201843E+04,  4.213224888227E+04,  9.918599818371E+02,  9.305060921975E-01,NaN,NaN,  3.957398175304E-03,  2.042989293596E+15,  3.306355214489E+19,  1.033926481474E+20,  1.137167834372E+18,  1.529979410085E+21,  8.757027170546E+19,  1.057283212352E+13,  1.440132724604E+02,  6.114813673450E+01,  7.286513393359E+01,NaN,  9.999999758762E+00,NaN,  2.033532965794E-06,  3.005642219843E-02,NaN,  3.504050000000E+06,  4.266545426437E-07
  3.716972206303E-01,  3.561207086755E+03,  3.599956495778E+03,  4.112598381118E+04,  4.213173594238E+04,  9.918599818371E+02,  9.305047430258E-01,NaN,NaN,  3.957291785307E-03,  2.043029864929E+15,  3.306351580924E+19,  1.033926844351E+20,  1.137191599500E+18,  1.529979319402E+21,  8.757033848127E+19,  1.057276501718E+13,  1.440134129317E+02,  6.114825164874E+01,  7.286515950703E+01,NaN,  9.999999742457E+00,NaN,  2.033520058849E-06,  3.005641507105E-02,NaN,  3.504050000000E+06,  4.266554710011E-07
  3.952295766797E-01,  3.561202185743E+03,  3.599953297999E+03,  4.112836425652E+04,  4.213132704114E+04,  9.918599818371E+02,  9.305033937445E-01,NaN,NaN,  3.957236676415E-03,  2.043070439588E+15,  3.306347947060E+19,  1.033927207258E+20,  1.137215366625E+18,  1.529979228710E+21,  8.757040526274E+19,  1.057269871610E+13,  1.440135534149E+02,  6.114836657268E+01,  7.286518508258E+01,NaN,  9.999999726152E+00,NaN,  2.033507306786E-06,  3.005640794308E-02,NaN,  3.504050000000E+06,  4.266563994382E-07
  4.233374637185E-01,  3.561197392478E+03,  3.599949478287E+03,  4.112970632868E+04,  4.213091191346E+04,  9.918599818371E+02,  9.305017820430E-01,NaN,NaN,  3.957206966126E-03,  2.043118905602E+15,  3.306343606447E+19,  1.033927640746E+20,  1.137243756279E+18,  1.529979120380E+21,  8.757048503275E+19,  1.057261899376E+13,  1.440137212210E+02,  6.114850384854E+01,  7.286521563230E+01,NaN,  9.999999706677E+00,NaN,  2.033491973335E-06,  3.005639942878E-02,NaN,  3.504050000000E+06,  4.266575084517E-07
  4.481767630635E-01,  3.561193666053E+03,  3.599946102689E+03,  4.113017130564E+04,  4.213058025630E+04,  9.918599818371E+02,  9.305003577325E-01,NaN,NaN,  3.957198054529E-03,  2.043161736555E+15,  3.306339770510E+19,  1.033928023833E+20,  1.137268845173E+18,  1.529979024645E+21,  8.757055552824E+19,  1.057254893474E+13,  1.440138695169E+02,  6.114862516392E+01,  7.286524263006E+01,NaN,  9.999999689467E+00,NaN,  2.033478498484E-06,  3.005639190441E-02,NaN,  3.504050000000E+06,  4.266584885264E-07
  4.730160624084E-01,  3.561190187658E+03,  3.599942727069E+03,  4.113028525289E+04,  4.213026573602E+04,  9.918599818371E+02,  9.304989334126E-01,NaN,NaN,  3.957197586310E-03,  2.043204567821E+15,  3.306335934545E+19,  1.033928406923E+20,  1.137293934306E+18,  1.529978928909E+21,  8.757062602444E+19,  1.057247860728E+13,  1.440140178143E+02,  6.114874648051E+01,  7.286526962802E+01,NaN,  9.999999672257E+00,NaN,  2.033464972005E-06,  3.005638437997E-02,NaN,  3.504050000000E+06,  4.266594686123E-07
  4.978553617534E-01,  3.561186842696E+03,  3.599939351448E+03,  4.113021037272E+04,  4.212996043583E+04,  9.918599818371E+02,  9.304975090924E-01,NaN,NaN,  3.957201659937E-03,  2.043247399128E+15,  3.306332098577E+19,  1.033928790013E+20,  1.137319023519E+18,  1.529978833173E+21,  8.757069652089E+19,  1.057240854826E+13,  1.440141661120E+02,  6.114886779755E+01,  7.286529662600E+01,NaN,  9.999999655047E+00,NaN,  2.033451497153E-06,  3.005637685551E-02,NaN,  3.504050000000E+06,  4.266604487032E-07
  5.351143107708E-01,  3.561181948823E+03,  3.599934288039E+03,  4.112992321543E+04,  4.212951102624E+04,  9.918599818371E+02,  9.304953726215E-01,NaN,NaN,  3.957211975752E-03,  2.043311645867E+15,  3.306326344643E+19,  1.033929364647E+20,  1.137356657311E+18,  1.529978689568E+21,  8.757080226557E+19,  1.057230305708E+13,  1.440143885586E+02,  6.114904977309E+01,  7.286533712284E+01,NaN,  9.999999629232E+00,NaN,  2.033431207435E-06,  3.005636556885E-02,NaN,  3.504050000000E+06,  4.266619188422E-07
  5.759339912268E-01,  3.561176661767E+03,  3.599928740783E+03,  4.112950324220E+04,  4.212902382101E+04,  9.918599818371E+02,  9.304930319946E-01,NaN,NaN,  3.957225812072E-03,  2.043382031949E+15,  3.306320040871E+19,  1.033929994192E+20,  1.137397887486E+18,  1.529978532240E+21,  8.757091811557E+19,  1.057218736574E+13,  1.440146322627E+02,  6.114924913884E+01,  7.286538148950E+01,NaN,  9.999999600949E+00,NaN,  2.033408955860E-06,  3.005635320361E-02,NaN,  3.504050000000E+06,  4.266635294764E-07
  6.167536716827E-01,  3.561171403786E+03,  3.599923193587E+03,  4.112904221225E+04,  4.212853863037E+04,  9.918599818371E+02,  9.304906913929E-01,NaN,NaN,  3.957240636090E-03,  2.043452417358E+15,  3.306313737159E+19,  1.033930623730E+20,  1.137439117415E+18,  1.529978374913E+21,  8.757103396498E+19,  1.057207194282E+13,  1.440148759654E+02,  6.114944850357E+01,  7.286542585574E+01,NaN,  9.999999572667E+00,NaN,  2.033386755914E-06,  3.005634083845E-02,NaN,  3.504050000000E+06,  4.266651401062E-07
  6.575733521387E-01,  3.561166155958E+03,  3.599917646455E+03,  4.112856690641E+04,  4.212805414723E+04,  9.918599818371E+02,  9.304883508180E-01,NaN,NaN,  3.957255803655E-03,  2.043522802048E+15,  3.306307433511E+19,  1.033931253263E+20,  1.137480347073E+18,  1.529978217587E+21,  8.757114981371E+19,  1.057195651990E+13,  1.440151196664E+02,  6.114964786714E+01,  7.286547022153E+01,NaN,  9.999999544385E+00,NaN,  2.033364555967E-06,  3.005632847339E-02,NaN,  3.504050000000E+06,  4.266667507305E-07
  7.011242477251E-01,  3.561160561757E+03,  3.599911728238E+03,  4.112805317247E+04,  4.212753758291E+04,  9.918599818371E+02,  9.304858536670E-01,NaN,NaN,  3.957272145630E-03,  2.043597895318E+15,  3.306300708163E+19,  1.033931924910E+20,  1.137524335067E+18,  1.529978049736E+21,  8.757127341304E+19,  1.057183331265E+13,  1.440153796715E+02,  6.114986056868E+01,  7.286551755529E+01,NaN,  9.999999514211E+00,NaN,  2.033340858815E-06,  3.005631528110E-02,NaN,  3.504050000000E+06,  4.266684691142E-07
  7.446751433115E-01,  3.561154969915E+03,  3.599905810096E+03,  4.112753620709E+04,  4.212702118856E+04,  9.918599818371E+02,  9.304833565471E-01,NaN,NaN,  3.957288565528E-03,  2.043672987749E+15,  3.306293982891E+19,  1.033932596549E+20,  1.137568322738E+18,  1.529977881885E+21,  8.757139701156E+19,  1.057171010539E+13,  1.440156396747E+02,  6.115007326884E+01,  7.286556488852E+01,NaN,  9.999999484036E+00,NaN,  2.033317161663E-06,  3.005630208892E-02,NaN,  3.504050000000E+06,  4.266701874912E-07
  8.070706808849E-01,  3.561146956190E+03,  3.599897331280E+03,  4.112679895274E+04,  4.212628120357E+04,  9.918599818371E+02,  9.304797789685E-01,NaN,NaN,  3.957312008829E-03,  2.043780571489E+15,  3.306284347699E+19,  1.033933558796E+20,  1.137631343475E+18,  1.529977641407E+21,  8.757157409024E+19,  1.057153321306E+13,  1.440160121789E+02,  6.115037800275E+01,  7.286563270209E+01,NaN,  9.999999440805E+00,NaN,  2.033283138954E-06,  3.005628318863E-02,NaN,  3.504050000000E+06,  4.266726494046E-07
  8.694662184582E-01,  3.561138944190E+03,  3.599888852617E+03,  4.112605947787E+04,  4.212554135209E+04,  9.918599818371E+02,  9.304762014542E-01,NaN,NaN,  3.957335505940E-03,  2.043888153497E+15,  3.306274712662E+19,  1.033934521027E+20,  1.137694363546E+18,  1.529977400932E+21,  8.757175116726E+19,  1.057135712601E+13,  1.440163846792E+02,  6.115068273381E+01,  7.286570051457E+01,NaN,  9.999999397575E+00,NaN,  2.033249271129E-06,  3.005626428857E-02,NaN,  3.504050000000E+06,  4.266751113040E-07
  9.147486301609E-01,  3.561133130590E+03,  3.599882699478E+03,  4.112552159650E+04,  4.212500449386E+04,  9.918599818371E+02,  9.304736051793E-01,NaN,NaN,  3.957352588158E-03,  2.043966228073E+15,  3.306267720308E+19,  1.033935219339E+20,  1.137740098783E+18,  1.529977226412E+21,  8.757187967661E+19,  1.057122908710E+13,  1.440166550120E+02,  6.115090388499E+01,  7.286574972755E+01,NaN,  9.999999366201E+00,NaN,  2.033224644676E-06,  3.005625057234E-02,NaN,  3.504050000000E+06,  4.266768979734E-07
  1.005313453566E+00,  3.561121501990E+03,  3.599870393443E+03,  4.112444816700E+04,  4.212393070323E+04,  9.918599818371E+02,  9.304684127313E-01,NaN,NaN,  3.957386697086E-03,  2.044122374481E+15,  3.306253735848E+19,  1.033936615939E+20,  1.137831568198E+18,  1.529976877377E+21,  8.757213669268E+19,  1.057097274085E+13,  1.440171956712E+02,  6.115134618284E+01,  7.286584815177E+01,NaN,  9.999999303453E+00,NaN,  2.033175340144E-06,  3.005622314026E-02,NaN,  3.504050000000E+06,  4.266804712900E-07
  1.095878276971E+00,  3.561109873133E+03,  3.599858087728E+03,  4.112337556820E+04,  4.212285692502E+04,  9.918599818371E+02,  9.304632204189E-01,NaN,NaN,  3.957420786860E-03,  2.044278517232E+15,  3.306239751714E+19,  1.033938012505E+20,  1.137923036203E+18,  1.529976528347E+21,  8.757239370526E+19,  1.057071666303E+13,  1.440177363222E+02,  6.115178847467E+01,  7.286594657368E+01,NaN,  9.999999240706E+00,NaN,  2.033126087239E-06,  3.005619570865E-02,NaN,  3.504050000000E+06,  4.266840445770E-07
  1.186443100377E+00,  3.561098245350E+03,  3.599845782335E+03,  4.112230191768E+04,  4.212178325109E+04,  9.918599818371E+02,  9.304580282420E-01,NaN,NaN,  3.957454902766E-03,  2.044434656331E+15,  3.306225767908E+19,  1.033939409039E+20,  1.138014502801E+18,  1.529976179322E+21,  8.757265071435E+19,  1.057046031678E+13,  1.440182769648E+02,  6.115223076050E+01,  7.286604499330E+01,NaN,  9.999999177959E+00,NaN,  2.033076782707E-06,  3.005616827753E-02,NaN,  3.504050000000E+06,  4.266876178346E-07
  1.325261222441E+00,  3.561080421893E+03,  3.599826921203E+03,  4.112065761738E+04,  4.212013755410E+04,  9.918599818371E+02,  9.304500699158E-01,NaN,NaN,  3.957507163799E-03,  2.044673979868E+15,  3.306204334109E+19,  1.033941549589E+20,  1.138154700429E+18,  1.529975644344E+21,  8.757304465212E+19,  1.057006761043E+13,  1.440191056479E+02,  6.115290868632E+01,  7.286619584680E+01,NaN,  9.999999081781E+00,NaN,  2.033001251261E-06,  3.005612623194E-02,NaN,  3.504050000000E+06,  4.266930948806E-07
  1.391736004058E+00,  3.561071887679E+03,  3.599817889583E+03,  4.111986952478E+04,  4.211934956982E+04,  9.918599818371E+02,  9.304462590851E-01,NaN,NaN,  3.957532207152E-03,  2.044788579877E+15,  3.306194070540E+19,  1.033942574590E+20,  1.138221834633E+18,  1.529975388168E+21,  8.757323329121E+19,  1.056987998109E+13,  1.440195024662E+02,  6.115323331453E+01,  7.286626808295E+01,NaN,  9.999999035725E+00,NaN,  2.032965163441E-06,  3.005610609829E-02,NaN,  3.504050000000E+06,  4.266957176076E-07
  1.524685567293E+00,  3.561054820153E+03,  3.599799826862E+03,  4.111829281597E+04,  4.211777371238E+04,  9.918599818371E+02,  9.304386376429E-01,NaN,NaN,  3.957582307799E-03,  2.045017773991E+15,  3.306173543932E+19,  1.033944624541E+20,  1.138356100764E+18,  1.529974875822E+21,  8.757361056375E+19,  1.056950364869E+13,  1.440202960893E+02,  6.115388256124E+01,  7.286641255155E+01,NaN,  9.999998943613E+00,NaN,  2.032892781290E-06,  3.005606583178E-02,NaN,  3.504050000000E+06,  4.267009630138E-07
  1.657635130527E+00,  3.561037752223E+03,  3.599781764833E+03,  4.111671768854E+04,  4.211619789184E+04,  9.918599818371E+02,  9.304310164927E-01,NaN,NaN,  3.957632372185E-03,  2.045246960228E+15,  3.306153018029E+19,  1.033946674421E+20,  1.138490363858E+18,  1.529974363488E+21,  8.757398782876E+19,  1.056912785315E+13,  1.440210896945E+02,  6.115453179500E+01,  7.286655701517E+01,NaN,  9.999998851502E+00,NaN,  2.032820502394E-06,  3.005602556631E-02,NaN,  3.504050000000E+06,  4.267062083563E-07
  1.790584693761E+00,  3.561020685453E+03,  3.599763703496E+03,  4.111514192688E+04,  4.211462221633E+04,  9.918599818371E+02,  9.304233956345E-01,NaN,NaN,  3.957682453622E-03,  2.045476138594E+15,  3.306132492831E+19,  1.033948724230E+20,  1.138624623916E+18,  1.529973851163E+21,  8.757436508624E+19,  1.056875178917E+13,  1.440218832818E+02,  6.115518101583E+01,  7.286670147384E+01,NaN,  9.999998759391E+00,NaN,  2.032748171870E-06,  3.005598530189E-02,NaN,  3.504050000000E+06,  4.267114536352E-07
  1.953347266916E+00,  3.560999792525E+03,  3.599741592973E+03,  4.111321284482E+04,  4.211269336027E+04,  9.918599818371E+02,  9.304140662498E-01,NaN,NaN,  3.957743767111E-03,  2.045756697887E+15,  3.306107365961E+19,  1.033951233599E+20,  1.138788986721E+18,  1.529973223969E+21,  8.757482693083E+19,  1.056829143963E+13,  1.440228548011E+02,  6.115597580227E+01,  7.286687831959E+01,NaN,  9.999998646626E+00,NaN,  2.032659630223E-06,  3.005593600987E-02,NaN,  3.504050000000E+06,  4.267178750446E-07
  2.065752849613E+00,  3.560985363738E+03,  3.599726323813E+03,  4.111188134825E+04,  4.211136133481E+04,  9.918599818371E+02,  9.304076235319E-01,NaN,NaN,  3.957786094424E-03,  2.045950448262E+15,  3.306090013691E+19,  1.033952966535E+20,  1.138902494784E+18,  1.529972790830E+21,  8.757514587908E+19,  1.056797335554E+13,  1.440235257272E+02,  6.115652467901E+01,  7.286700044682E+01,NaN,  9.999998568750E+00,NaN,  2.032598451301E-06,  3.005590196918E-02,NaN,  3.504050000000E+06,  4.267223096833E-07
  2.178158432310E+00,  3.560970935399E+03,  3.599711055148E+03,  4.111054993893E+04,  4.211002938661E+04,  9.918599818371E+02,  9.304011810227E-01,NaN,NaN,  3.957828420914E-03,  2.046144193010E+15,  3.306072661925E+19,  1.033954699420E+20,  1.139016000677E+18,  1.529972357699E+21,  8.757546482195E+19,  1.056765580831E+13,  1.440241966404E+02,  6.115707354649E+01,  7.286712257051E+01,NaN,  9.999998490874E+00,NaN,  2.032537375634E-06,  3.005586792925E-02,NaN,  3.504050000000E+06,  4.267267442765E-07
  2.290564015006E+00,  3.560956507743E+03,  3.599695786978E+03,  4.110921828308E+04,  4.210869753195E+04,  9.918599818371E+02,  9.303947387222E-01,NaN,NaN,  3.957870754618E-03,  2.046337932132E+15,  3.306055310663E+19,  1.033956432255E+20,  1.139129504401E+18,  1.529971924576E+21,  8.757578375945E+19,  1.056733799265E+13,  1.440248675409E+02,  6.115762240473E+01,  7.286724469065E+01,NaN,  9.999998412998E+00,NaN,  2.032476248339E-06,  3.005583389005E-02,NaN,  3.504050000000E+06,  4.267311788242E-07
  2.586099321371E+00,  3.560918579807E+03,  3.599655646463E+03,  4.110571337293E+04,  4.210519113269E+04,  9.918599818371E+02,  9.303777003454E-01,NaN,NaN,  3.957982153919E-03,  2.046850327912E+15,  3.306009420547E+19,  1.033961015212E+20,  1.139429701285E+18,  1.529970779044E+21,  8.757662730157E+19,  1.056650238441E+13,  1.440266419534E+02,  6.115907404203E+01,  7.286756767085E+01,NaN,  9.999998208251E+00,NaN,  2.032315531052E-06,  3.005574386277E-02,NaN,  3.504050000000E+06,  4.267428378625E-07
  2.769229045039E+00,  3.560895080080E+03,  3.599630774938E+03,  4.110354053115E+04,  4.210301819564E+04,  9.918599818371E+02,  9.303671333355E-01,NaN,NaN,  3.958051211714E-03,  2.047168113531E+15,  3.305980959700E+19,  1.033963857542E+20,  1.139615886038E+18,  1.529970068573E+21,  8.757715047698E+19,  1.056598459183E+13,  1.440277424600E+02,  6.115997436466E+01,  7.286776798178E+01,NaN,  9.999998081379E+00,NaN,  2.032215941059E-06,  3.005568802736E-02,NaN,  3.504050000000E+06,  4.267500622772E-07
  2.952358768707E+00,  3.560871581468E+03,  3.599605904728E+03,  4.110136802491E+04,  4.210084545917E+04,  9.918599818371E+02,  9.303565668843E-01,NaN,NaN,  3.958120264835E-03,  2.047485884098E+15,  3.305952500201E+19,  1.033966699738E+20,  1.139802065003E+18,  1.529969358122E+21,  8.757767363805E+19,  1.056546706768E+13,  1.440288429325E+02,  6.116087466266E+01,  7.286796828322E+01,NaN,  9.999997954509E+00,NaN,  2.032116402694E-06,  3.005563219396E-02,NaN,  3.504050000000E+06,  4.267572865706E-07
  3.135488492375E+00,  3.560848083984E+03,  3.599581035832E+03,  4.109919583598E+04,  4.209867292414E+04,  9.918599818371E+02,  9.303460009915E-01,NaN,NaN,  3.958189313722E-03,  2.047803639617E+15,  3.305924042049E+19,  1.033969541799E+20,  1.139988238182E+18,  1.529968647691E+21,  8.757819678481E+19,  1.056494981195E+13,  1.440299433709E+02,  6.116177493602E+01,  7.286816857518E+01,NaN,  9.999997827639E+00,NaN,  2.032016915957E-06,  3.005557636254E-02,NaN,  3.504050000000E+06,  4.267645107427E-07
  3.864477213534E+00,  3.560754559058E+03,  3.599482052670E+03,  4.109055086910E+04,  4.209002671989E+04,  9.918599818371E+02,  9.303039466325E-01,NaN,NaN,  3.958464165831E-03,  2.049068387218E+15,  3.305810771382E+19,  1.033980853923E+20,  1.140729284721E+18,  1.529965819861E+21,  8.758027914521E+19,  1.056288964709E+13,  1.440343235731E+02,  6.116535843090E+01,  7.286896578799E+01,NaN,  9.999997322619E+00,NaN,  2.031620672725E-06,  3.005535413288E-02,NaN,  3.504050000000E+06,  4.267932669693E-07
  4.593465934693E+00,  3.560661053235E+03,  3.599383090327E+03,  4.108190918327E+04,  4.208138379036E+04,  9.918599818371E+02,  9.302619011185E-01,NaN,NaN,  3.958738992841E-03,  2.050332896482E+15,  3.305697522060E+19,  1.033992163915E+20,  1.141470239622E+18,  1.529962992350E+21,  8.758236127871E+19,  1.056083001907E+13,  1.440387032350E+02,  6.116894153566E+01,  7.286976285054E+01,NaN,  9.999996817615E+00,NaN,  2.031224532749E-06,  3.005513193479E-02,NaN,  3.504050000000E+06,  4.268220212745E-07
  5.322454655852E+00,  3.560567566521E+03,  3.599284148794E+03,  4.107327075922E+04,  4.207274413463E+04,  9.918599818371E+02,  9.302198644461E-01,NaN,NaN,  3.959013795181E-03,  2.051597167488E+15,  3.305584294076E+19,  1.034003471775E+20,  1.142211102906E+18,  1.529960165157E+21,  8.758444318535E+19,  1.055877119634E+13,  1.440430823567E+02,  6.117252425037E+01,  7.287055976288E+01,NaN,  9.999996312626E+00,NaN,  2.030828547656E-06,  3.005490976826E-02,NaN,  3.504050000000E+06,  4.268507736587E-07
  8.537947090637E+00,  3.560155434114E+03,  3.598847976139E+03,  4.103520657709E+04,  4.203467452865E+04,  9.918599818371E+02,  9.300345504884E-01,NaN,NaN,  3.960225622360E-03,  2.057170894148E+15,  3.305085111662E+19,  1.034053324156E+20,  1.145477881103E+18,  1.529947698502E+21,  8.759362355355E+19,  1.054969680761E+13,  1.440623917639E+02,  6.118832258022E+01,  7.287407306919E+01,NaN,  9.999994085422E+00,NaN,  2.029083218836E-06,  3.005393019118E-02,NaN,  3.504050000000E+06,  4.269775745200E-07
  1.175343952542E+01,  3.559743672535E+03,  3.598412207496E+03,  4.099720587793E+04,  4.199666841421E+04,  9.918599818371E+02,  9.298494081806E-01,NaN,NaN,  3.961436965223E-03,  2.062739994778E+15,  3.304586343536E+19,  1.034103135156E+20,  1.148742880043E+18,  1.529935238034E+21,  8.760279951579E+19,  1.054063315590E+13,  1.440816906798E+02,  6.120411333482E+01,  7.287758345915E+01,NaN,  9.999991858517E+00,NaN,  2.027339955128E-06,  3.005295122701E-02,NaN,  3.504050000000E+06,  4.271043380751E-07
  1.709067592064E+01,  3.559061026930E+03,  3.597689786823E+03,  4.093427013428E+04,  4.193372369827E+04,  9.918599818371E+02,  9.295424778116E-01,NaN,NaN,  3.963446545392E-03,  2.071973675545E+15,  3.303759375917E+19,  1.034185722782E+20,  1.154158367957E+18,  1.529914569155E+21,  8.761802052830E+19,  1.052561475535E+13,  1.441137008689E+02,  6.123030692614E+01,  7.288340375539E+01,NaN,  9.999988162938E+00,NaN,  2.024451380689E-06,  3.005132764389E-02,NaN,  3.504050000000E+06,  4.273146643627E-07
  1.894221700422E+01,  3.558824454371E+03,  3.597439431062E+03,  4.091246913193E+04,  4.191191893137E+04,  9.918599818371E+02,  9.294359239625E-01,NaN,NaN,  3.964143586175E-03,  2.075179580136E+15,  3.303472255405E+19,  1.034214396947E+20,  1.156039207715E+18,  1.529907390317E+21,  8.762330729443E+19,  1.052041186602E+13,  1.441248182689E+02,  6.123940482035E+01,  7.288542454402E+01,NaN,  9.999986881028E+00,NaN,  2.023450679378E-06,  3.005076381194E-02,NaN,  3.504050000000E+06,  4.273876046661E-07
  1.995321018615E+01,  3.558695341254E+03,  3.597302786127E+03,  4.090055927792E+04,  4.190000701104E+04,  9.918599818371E+02,  9.293774687267E-01,NaN,NaN,  3.964524479055E-03,  2.076938409831E+15,  3.303314734822E+19,  1.034230128235E+20,  1.157071209057E+18,  1.529903451275E+21,  8.762620820235E+19,  1.051757273068E+13,  1.441309183038E+02,  6.124439690591E+01,  7.288653319386E+01,NaN,  9.999986181113E+00,NaN,  2.022904612321E-06,  3.005045445251E-02,NaN,  3.504050000000E+06,  4.274274268905E-07
  2.096420336808E+01,  3.558566265126E+03,  3.597166180962E+03,  4.088865498153E+04,  4.188810136709E+04,  9.918599818371E+02,  9.293190305042E-01,NaN,NaN,  3.964905340687E-03,  2.078696781105E+15,  3.303157255294E+19,  1.034245855422E+20,  1.158103034448E+18,  1.529899512844E+21,  8.762910867499E+19,  1.051473440061E+13,  1.441370173014E+02,  6.124938824309E+01,  7.288764155470E+01,NaN,  9.999985481228E+00,NaN,  2.022358700148E-06,  3.005014515376E-02,NaN,  3.504050000000E+06,  4.274672454226E-07
  2.298618973194E+01,  3.558308221743E+03,  3.596893089875E+03,  4.086486591319E+04,  4.186430875108E+04,  9.918599818371E+02,  9.292022050702E-01,NaN,NaN,  3.965666900704E-03,  2.082212149077E+15,  3.302842419338E+19,  1.034277297501E+20,  1.160166157549E+18,  1.529891637816E+21,  8.763490831479E+19,  1.050906176685E+13,  1.441492121855E+02,  6.125936867288E+01,  7.288985740982E+01,NaN,  9.999984081547E+00,NaN,  2.021267650217E-06,  3.004952673823E-02,NaN,  3.504050000000E+06,  4.275468714109E-07
  2.500817609580E+01,  3.558050324290E+03,  3.596620157641E+03,  4.084110159040E+04,  4.184054106052E+04,  9.918599818371E+02,  9.290854475914E-01,NaN,NaN,  3.966428273609E-03,  2.085725685782E+15,  3.302527747382E+19,  1.034308723199E+20,  1.162228577548E+18,  1.529883765230E+21,  8.764070621505E+19,  1.050339289104E+13,  1.441614029245E+02,  6.126934611185E+01,  7.289207211048E+01,NaN,  9.999982681985E+00,NaN,  2.020177323076E-06,  3.004890856516E-02,NaN,  3.504050000000E+06,  4.276264826404E-07
  2.776760359468E+01,  3.557698603725E+03,  3.596247939971E+03,  4.080871030721E+04,  4.180814516241E+04,  9.918599818371E+02,  9.289262168697E-01,NaN,NaN,  3.967467018965E-03,  2.090517697167E+15,  3.302098575365E+19,  1.034351583798E+20,  1.165042051829E+18,  1.529873025362E+21,  8.764861587046E+19,  1.049566438722E+13,  1.441780330807E+02,  6.128295761320E+01,  7.289509267658E+01,NaN,  9.999980772217E+00,NaN,  2.018690855958E-06,  3.004806532828E-02,NaN,  3.504050000000E+06,  4.277351051854E-07
  3.052703109356E+01,  3.557347154062E+03,  3.595876017416E+03,  4.077636526091E+04,  4.177579550455E+04,  9.918599818371E+02,  9.287671123952E-01,NaN,NaN,  3.968505408811E-03,  2.095306305858E+15,  3.301669708078E+19,  1.034394413958E+20,  1.167854219166E+18,  1.529862290035E+21,  8.765652229208E+19,  1.048794420459E+13,  1.441946555320E+02,  6.129656355460E+01,  7.289811109755E+01,NaN,  9.999978862669E+00,NaN,  2.017205989301E-06,  3.004722254210E-02,NaN,  3.504050000000E+06,  4.278437002921E-07
  3.509683397143E+01,  3.556765729254E+03,  3.595260735910E+03,  4.072289356695E+04,  4.172231605135E+04,  9.918599818371E+02,  9.285037469706E-01,NaN,NaN,  3.970224455931E-03,  2.103233753039E+15,  3.300959726739E+19,  1.034465318441E+20,  1.172511225318E+18,  1.529844511138E+21,  8.766961646519E+19,  1.047517708778E+13,  1.442221826966E+02,  6.131909694729E+01,  7.290310803371E+01,NaN,  9.999975700879E+00,NaN,  2.014750417076E-06,  3.004582700045E-02,NaN,  3.504050000000E+06,  4.280234810150E-07
  3.706934314376E+01,  3.556515016536E+03,  3.594995405260E+03,  4.069981754894E+04,  4.169923613135E+04,  9.918599818371E+02,  9.283894638409E-01,NaN,NaN,  3.970967006154E-03,  2.106674078468E+15,  3.300651611642E+19,  1.034496089342E+20,  1.174532845741E+18,  1.529836792913E+21,  8.767530110601E+19,  1.046967329359E+13,  1.442341323516E+02,  6.132887941356E+01,  7.290527658815E+01,NaN,  9.999974336245E+00,NaN,  2.013691841021E-06,  3.004522124040E-02,NaN,  3.504050000000E+06,  4.281010583062E-07
  3.924686743858E+01,  3.556238406348E+03,  3.594702671714E+03,  4.067436983255E+04,  4.167378473568E+04,  9.918599818371E+02,  9.282633777446E-01,NaN,NaN,  3.971786537857E-03,  2.110469952306E+15,  3.300311653667E+19,  1.034530040332E+20,  1.176763809341E+18,  1.529828275180E+21,  8.768157466781E+19,  1.046360231655E+13,  1.442473194320E+02,  6.133967533282E+01,  7.290766925671E+01,NaN,  9.999972829908E+00,NaN,  2.012524175461E-06,  3.004455278798E-02,NaN,  3.504050000000E+06,  4.281866823752E-07
  4.215966561568E+01,  3.555868657202E+03,  3.594311378343E+03,  4.064037401629E+04,  4.163978406608E+04,  9.918599818371E+02,  9.280948399932E-01,NaN,NaN,  3.972882452519E-03,  2.115544239810E+15,  3.299857201114E+19,  1.034575425682E+20,  1.179746818765E+18,  1.529816885725E+21,  8.768996344651E+19,  1.045548969600E+13,  1.442649518269E+02,  6.135411124815E+01,  7.291086775265E+01,NaN,  9.999970815164E+00,NaN,  2.010963828986E-06,  3.004365906189E-02,NaN,  3.504050000000E+06,  4.283011919608E-07
  4.456990926292E+01,  3.555562929029E+03,  3.593987843302E+03,  4.061228225027E+04,  4.161168831066E+04,  9.918599818371E+02,  9.279554870871E-01,NaN,NaN,  3.973788987094E-03,  2.119740174410E+15,  3.299481413725E+19,  1.034612954881E+20,  1.182214059767E+18,  1.529807465150E+21,  8.769690216249E+19,  1.044878362449E+13,  1.442795355630E+02,  6.136605181241E+01,  7.291351259265E+01,NaN,  9.999969148219E+00,NaN,  2.009674012092E-06,  3.004291991305E-02,NaN,  3.504050000000E+06,  4.283959217184E-07
  4.779031932610E+01,  3.555154755290E+03,  3.593555905806E+03,  4.057480241337E+04,  4.157420313138E+04,  9.918599818371E+02,  9.277694431115E-01,NaN,NaN,  3.974999816938E-03,  2.125342457851E+15,  3.298979673889E+19,  1.034663062714E+20,  1.185509072884E+18,  1.529794883387E+21,  8.770616938218E+19,  1.043983324830E+13,  1.442990122438E+02,  6.138199941283E+01,  7.291704390171E+01,NaN,  9.999966921273E+00,NaN,  2.007952535308E-06,  3.004193284684E-02,NaN,  3.504050000000E+06,  4.285224607913E-07
  5.101072938928E+01,  3.554746947374E+03,  3.593124366787E+03,  4.053738481154E+04,  4.153678019548E+04,  9.918599818371E+02,  9.275835707678E-01,NaN,NaN,  3.976210164625E-03,  2.130940114914E+15,  3.298478348372E+19,  1.034713129162E+20,  1.188802311532E+18,  1.529782307785E+21,  8.771543221487E+19,  1.043089414597E+13,  1.443184784656E+02,  6.139793947055E+01,  7.292057229421E+01,NaN,  9.999964694628E+00,NaN,  2.006233226891E-06,  3.004094639322E-02,NaN,  3.504050000000E+06,  4.286489625684E-07
  5.472502732725E+01,  3.554277101219E+03,  3.592627140548E+03,  4.049423548087E+04,  4.149362391236E+04,  9.918599818371E+02,  9.273679559394E-01,NaN,NaN,  3.977607263589E-03,  2.137434161595E+15,  3.297896742483E+19,  1.034771213132E+20,  1.192624104212E+18,  1.529767713132E+21,  8.772618255018E+19,  1.042059788488E+13,  1.443410690148E+02,  6.141643916868E+01,  7.292466571506E+01,NaN,  9.999962126801E+00,NaN,  2.004252888404E-06,  3.003980171539E-02,NaN,  3.504050000000E+06,  4.287948185069E-07
  5.909599095957E+01,  3.553724812015E+03,  3.592042685129E+03,  4.044356192370E+04,  4.144294314431E+04,  9.918599818371E+02,  9.271145039274E-01,NaN,NaN,  3.979250575923E-03,  2.145068751129E+15,  3.297212989709E+19,  1.034839498321E+20,  1.197118744615E+18,  1.529750547953E+21,  8.773882658231E+19,  1.040850022099E+13,  1.443676368079E+02,  6.143819764178E+01,  7.292947805863E+01,NaN,  9.999959105564E+00,NaN,  2.001926075868E-06,  3.003845565033E-02,NaN,  3.504050000000E+06,  4.289663972229E-07
  6.321758021211E+01,  3.553204647006E+03,  3.591492243949E+03,  4.039588389677E+04,  4.139525832980E+04,  9.918599818371E+02,  9.268758023603E-01,NaN,NaN,  3.980799320357E-03,  2.152259942880E+15,  3.296568947546E+19,  1.034903817669E+20,  1.201353959699E+18,  1.529734372482E+21,  8.775074184463E+19,  1.039711227383E+13,  1.443926711923E+02,  6.145870202253E+01,  7.293401091272E+01,NaN,  9.999956257272E+00,NaN,  1.999735767190E-06,  3.003718741675E-02,NaN,  3.504050000000E+06,  4.291281239563E-07
  6.733916946465E+01,  3.552685077525E+03,  3.590942451428E+03,  4.034830697228E+04,  4.134767462999E+04,  9.918599818371E+02,  9.266373820873E-01,NaN,NaN,  3.982347276703E-03,  2.159443552659E+15,  3.295925584392E+19,  1.034968069192E+20,  1.205586271711E+18,  1.529718207087E+21,  8.776264993613E+19,  1.038574204275E+13,  1.444176884683E+02,  6.147919407430E+01,  7.293853898699E+01,NaN,  9.999953409474E+00,NaN,  1.997548865945E-06,  3.003592018648E-02,NaN,  3.504050000000E+06,  4.292897896054E-07
  7.140917501714E+01,  3.552172647666E+03,  3.590400175551E+03,  4.030134958773E+04,  4.130070975344E+04,  9.918599818371E+02,  9.264006758315E-01,NaN,NaN,  3.983876936041E-03,  2.166576399627E+15,  3.295286767734E+19,  1.035031866738E+20,  1.209790221964E+18,  1.529702149082E+21,  8.777447931214E+19,  1.037453206163E+13,  1.444425381754E+02,  6.149955051483E+01,  7.294303506751E+01,NaN,  9.999950597688E+00,NaN,  1.995392786486E-06,  3.003466157750E-02,NaN,  3.504050000000E+06,  4.294493719192E-07
  7.708739799541E+01,  3.551458707125E+03,  3.589644678860E+03,  4.023599723802E+04,  4.123534810585E+04,  9.918599818371E+02,  9.260708295755E-01,NaN,NaN,  3.986009849272E-03,  2.176517373334E+15,  3.294396455643E+19,  1.035120780694E+20,  1.215651794047E+18,  1.529679757726E+21,  8.779097466837E+19,  1.035892231994E+13,  1.444771862360E+02,  6.152793636105E+01,  7.294930120674E+01,NaN,  9.999946675779E+00,NaN,  1.992390476043E-06,  3.003290691832E-02,NaN,  3.504050000000E+06,  4.296719117896E-07
  8.168354711366E+01,  3.550881642279E+03,  3.589034050465E+03,  4.018323834382E+04,  4.118258170272E+04,  9.918599818371E+02,  9.258042321274E-01,NaN,NaN,  3.987735209649E-03,  2.184553389732E+15,  3.293676751195E+19,  1.035192656337E+20,  1.220392321205E+18,  1.529661647370E+21,  8.780431663095E+19,  1.034631276884E+13,  1.445052078168E+02,  6.155089574012E+01,  7.295436658467E+01,NaN,  9.999943501999E+00,NaN,  1.989965209325E-06,  3.003148803160E-02,NaN,  3.504050000000E+06,  4.298519583486E-07
  8.633199098581E+01,  3.550298790672E+03,  3.588417288814E+03,  4.012996187291E+04,  4.112929683664E+04,  9.918599818371E+02,  9.255340419172E-01,NaN,NaN,  3.989480296660E-03,  2.192698839155E+15,  3.292947246029E+19,  1.035265510796E+20,  1.225199403038E+18,  1.529643281497E+21,  8.781784724086E+19,  1.033358242631E+13,  1.445336228922E+02,  6.157417966827E+01,  7.295950094380E+01,NaN,  9.999940292602E+00,NaN,  1.987516710106E-06,  3.003004939429E-02,NaN,  3.504050000000E+06,  4.300339761997E-07
  9.118269446337E+01,  3.549691412156E+03,  3.587774562915E+03,  4.007445612375E+04,  4.107378320044E+04,  9.918599818371E+02,  9.252515379235E-01,NaN,NaN,  3.991301408922E-03,  2.201216741653E+15,  3.292184384111E+19,  1.035341696571E+20,  1.230228444148E+18,  1.529624066250E+21,  8.783200403907E+19,  1.032032274891E+13,  1.445633500805E+02,  6.159854107643E+01,  7.296487007480E+01,NaN,  9.999936944285E+00,NaN,  1.984966400899E-06,  3.002854451346E-02,NaN,  3.504050000000E+06,  4.302238309730E-07
  9.925523872558E+01,  3.548682419798E+03,  3.586706906539E+03,  3.998238915359E+04,  4.098170314525E+04,  9.918599818371E+02,  9.247822598212E-01,NaN,NaN,  3.994329695968E-03,  2.215368923893E+15,  3.290916916951E+19,  1.035468276411E+20,  1.238588884117E+18,  1.529592119046E+21,  8.785554186744E+19,  1.029831133010E+13,  1.446127696924E+02,  6.163904565112E+01,  7.297379068685E+01,NaN,  9.999931373667E+00,NaN,  1.980732819467E-06,  3.002604317062E-02,NaN,  3.504050000000E+06,  4.305395999503E-07
  1.042385541171E+02,  3.548060725131E+03,  3.586049049217E+03,  3.992567659486E+04,  4.092498190677E+04,  9.918599818371E+02,  9.244916938401E-01,NaN,NaN,  3.996199307584E-03,  2.224133355700E+15,  3.290131975986E+19,  1.035546667215E+20,  1.243769548900E+18,  1.529572320589E+21,  8.787012945255E+19,  1.028475799533E+13,  1.446433933893E+02,  6.166414826000E+01,  7.297931521545E+01,NaN,  9.999927935686E+00,NaN,  1.978126029466E-06,  3.002449343816E-02,NaN,  3.504050000000E+06,  4.307344124881E-07
  1.097054556969E+02,  3.547379706202E+03,  3.585328425717E+03,  3.986359832683E+04,  4.086289460046E+04,  9.918599818371E+02,  9.241728248142E-01,NaN,NaN,  3.998249747858E-03,  2.233753030566E+15,  3.289270439633E+19,  1.035632707489E+20,  1.249458439122E+18,  1.529550578174E+21,  8.788614983978E+19,  1.026991943979E+13,  1.446770213944E+02,  6.169171641988E+01,  7.298537883430E+01,NaN,  9.999924164903E+00,NaN,  1.975272045642E-06,  3.002279190701E-02,NaN,  3.504050000000E+06,  4.309480271270E-07
  1.164745968511E+02,  3.546537890235E+03,  3.584437697884E+03,  3.978697281808E+04,  4.078625819003E+04,  9.918599818371E+02,  9.237786862438E-01,NaN,NaN,  4.000786711150E-03,  2.245645654351E+15,  3.288205338306E+19,  1.035739077446E+20,  1.256495402542E+18,  1.529523681022E+21,  8.790596900032E+19,  1.025158947520E+13,  1.447186182393E+02,  6.172582159924E+01,  7.299287517111E+01,NaN,  9.999919497240E+00,NaN,  1.971746539249E-06,  3.002068750705E-02,NaN,  3.504050000000E+06,  4.312123770147E-07
  1.225357213811E+02,  3.545785527167E+03,  3.583641588291E+03,  3.971848972155E+04,  4.071776457634E+04,  9.918599818371E+02,  9.234243986024E-01,NaN,NaN,  4.003058974199E-03,  2.256337910984E+15,  3.287247741862E+19,  1.035834711144E+20,  1.262825778311E+18,  1.529499482335E+21,  8.792380057687E+19,  1.023521821069E+13,  1.447560384847E+02,  6.175650631853E+01,  7.299961487878E+01,NaN,  9.999915318788E+00,NaN,  1.968597760786E-06,  3.001879472514E-02,NaN,  3.504050000000E+06,  4.314489377554E-07
  1.310035015739E+02,  3.544736549688E+03,  3.582531664558E+03,  3.962314526548E+04,  4.062240656718E+04,  9.918599818371E+02,  9.229299881296E-01,NaN,NaN,  4.006231241679E-03,  2.271262321061E+15,  3.285911114523E+19,  1.035968198062E+20,  1.271667641448E+18,  1.529465679398E+21,  8.794871033382E+19,  1.021241037375E+13,  1.448083049227E+02,  6.179937121373E+01,  7.300902226152E+01,NaN,  9.999909483219E+00,NaN,  1.964210999723E-06,  3.001615151170E-02,NaN,  3.504050000000E+06,  4.317792073723E-07
  1.375772275325E+02,  3.543923936532E+03,  3.581671842385E+03,  3.954934784881E+04,  4.054859784287E+04,  9.918599818371E+02,  9.225456635362E-01,NaN,NaN,  4.008693270707E-03,  2.282866304164E+15,  3.284871864087E+19,  1.036071986442E+20,  1.278547040126E+18,  1.529439376080E+21,  8.796809441710E+19,  1.019475603587E+13,  1.448489709589E+02,  6.183272738000E+01,  7.301633666378E+01,NaN,  9.999904954286E+00,NaN,  1.960815440459E-06,  3.001409536711E-02,NaN,  3.504050000000E+06,  4.320354257797E-07
  1.480632292267E+02,  3.542630816058E+03,  3.580303619258E+03,  3.943204644732E+04,  4.043127979518E+04,  9.918599818371E+02,  9.219321449745E-01,NaN,NaN,  4.012618864518E-03,  2.301395205285E+15,  3.283212419466E+19,  1.036237712724E+20,  1.289540396246E+18,  1.529397337630E+21,  8.799907597215E+19,  1.016668813500E+13,  1.449139561227E+02,  6.188604034482E+01,  7.302801608972E+01,NaN,  9.999897732739E+00,NaN,  1.955416981367E-06,  3.001081036001E-02,NaN,  3.504050000000E+06,  4.324438085836E-07
  1.565103270123E+02,  3.541591911030E+03,  3.579204383833E+03,  3.933790791493E+04,  4.033712708165E+04,  9.918599818371E+02,  9.214371520145E-01,NaN,NaN,  4.015780048999E-03,  2.316348828673E+15,  3.281873176136E+19,  1.036371461033E+20,  1.298420170522E+18,  1.529363376608E+21,  8.802410603999E+19,  1.014416053417E+13,  1.449664475996E+02,  6.192911183705E+01,  7.303744189377E+01,NaN,  9.999891917648E+00,NaN,  1.951084119709E-06,  3.000815758800E-02,NaN,  3.504050000000E+06,  4.327724987092E-07
  1.652266390645E+02,  3.540522462604E+03,  3.578072864557E+03,  3.924113363939E+04,  4.024033907600E+04,  9.918599818371E+02,  9.209264179850E-01,NaN,NaN,  4.019040062786E-03,  2.331782034990E+15,  3.280490981490E+19,  1.036509498839E+20,  1.307591915948E+18,  1.529328294322E+21,  8.804996377371E+19,  1.012099220194E+13,  1.450206653488E+02,  6.197360748601E+01,  7.304716999672E+01,NaN,  9.999885919499E+00,NaN,  1.946628022534E-06,  3.000541821276E-02,NaN,  3.504050000000E+06,  4.331113963041E-07
  1.744068965322E+02,  3.539398935695E+03,  3.576884125633E+03,  3.913955553963E+04,  4.013874576997E+04,  9.918599818371E+02,  9.203874403077E-01,NaN,NaN,  4.022472804517E-03,  2.348073156595E+15,  3.279031952318E+19,  1.036655210072E+20,  1.317281436229E+18,  1.529291226486E+21,  8.807728647618E+19,  1.009667500904E+13,  1.450779442537E+02,  6.202062382911E+01,  7.305743887818E+01,NaN,  9.999879604452E+00,NaN,  1.941950958449E-06,  3.000252487472E-02,NaN,  3.504050000000E+06,  4.334680383935E-07
  1.838871530280E+02,  3.538241697433E+03,  3.575659767471E+03,  3.903509777880E+04,  4.003427316743E+04,  9.918599818371E+02,  9.198311655729E-01,NaN,NaN,  4.026015127438E-03,  2.364891904451E+15,  3.277525669057E+19,  1.036805640505E+20,  1.327293326633E+18,  1.529252919905E+21,  8.810552374141E+19,  1.007165373634E+13,  1.451371292281E+02,  6.206921386377E+01,  7.306804034145E+01,NaN,  9.999873085769E+00,NaN,  1.937138474690E-06,  2.999953601713E-02,NaN,  3.504050000000E+06,  4.338360184521E-07
  1.962768381687E+02,  3.536733975609E+03,  3.574064583635E+03,  3.889913604835E+04,  3.989829135200E+04,  9.918599818371E+02,  9.191021889431E-01,NaN,NaN,  4.030643598768E-03,  2.386939615397E+15,  3.275551081376E+19,  1.037002839985E+20,  1.340431101196E+18,  1.529202644979E+21,  8.814258585202E+19,  1.003909185760E+13,  1.452147934422E+02,  6.213298912527E+01,  7.308193781558E+01,NaN,  9.999864570513E+00,NaN,  1.930875663262E-06,  2.999561512623E-02,NaN,  3.504050000000E+06,  4.343164445599E-07
  2.063340652504E+02,  3.535513909619E+03,  3.572773788894E+03,  3.878930522018E+04,  3.978844414748E+04,  9.918599818371E+02,  9.185104213714E-01,NaN,NaN,  4.034397936852E-03,  2.404843641818E+15,  3.273947601139E+19,  1.037162977473E+20,  1.351110756795E+18,  1.529161769582E+21,  8.817272068531E+19,  1.001277489554E+13,  1.452779269859E+02,  6.218484402260E+01,  7.309322337578E+01,NaN,  9.999857661737E+00,NaN,  1.925813972196E-06,  2.999242880360E-02,NaN,  3.504050000000E+06,  4.347060230386E-07
  2.189433884845E+02,  3.533989071178E+03,  3.571160590058E+03,  3.865224784622E+04,  3.965136732984E+04,  9.918599818371E+02,  9.177678755436E-01,NaN,NaN,  4.039102199643E-03,  2.427317316031E+15,  3.271934864512E+19,  1.037363986925E+20,  1.364530181244E+18,  1.529110399016E+21,  8.821059547127E+19,  9.979923654228E+12,  1.453572575914E+02,  6.225001731330E+01,  7.310738935459E+01,NaN,  9.999849004061E+00,NaN,  1.919495506018E-06,  2.998842627578E-02,NaN,  3.504050000000E+06,  4.351939493096E-07
  2.329865299776E+02,  3.532297170774E+03,  3.569370656467E+03,  3.850039156816E+04,  3.949948873226E+04,  9.918599818371E+02,  9.169389770659E-01,NaN,NaN,  4.044339124060E-03,  2.452414804285E+15,  3.269687140107E+19,  1.037588464444E+20,  1.379534779762E+18,  1.529052948524E+21,  8.825295633670E+19,  9.943525171389E+12,  1.454459601466E+02,  6.232290964027E+01,  7.312320922651E+01,NaN,  9.999839367357E+00,NaN,  1.912494778692E-06,  2.998395255222E-02,NaN,  3.504050000000E+06,  4.357366899024E-07
  2.471281982805E+02,  3.530600060317E+03,  3.567575263174E+03,  3.834835823221E+04,  3.934743305896E+04,  9.918599818371E+02,  9.161034756910E-01,NaN,NaN,  4.049608879236E-03,  2.477723210351E+15,  3.267420526158E+19,  1.037814828518E+20,  1.394685225299E+18,  1.528994926962E+21,  8.829574184100E+19,  9.907070319218E+12,  1.455355259765E+02,  6.239653235012E+01,  7.313916205182E+01,NaN,  9.999829669093E+00,NaN,  1.905483209532E-06,  2.997943706642E-02,NaN,  3.504050000000E+06,  4.362825275554E-07
  2.624872875871E+02,  3.528764379292E+03,  3.565633331467E+03,  3.818423618677E+04,  3.918328696971E+04,  9.918599818371E+02,  9.151951231936E-01,NaN,NaN,  4.055327920599E-03,  2.505250902503E+15,  3.264955153785E+19,  1.038061042453E+20,  1.411186770352E+18,  1.528931716657E+21,  8.834235762975E+19,  9.867701977867E+12,  1.456330804444E+02,  6.247674562373E+01,  7.315651378007E+01,NaN,  9.999819142699E+00,NaN,  1.897911272419E-06,  2.997452086690E-02,NaN,  3.504050000000E+06,  4.368745474859E-07
  2.762453047716E+02,  3.527126670318E+03,  3.563900883448E+03,  3.803810304075E+04,  3.903713254260E+04,  9.918599818371E+02,  9.143807402472E-01,NaN,NaN,  4.060446836193E-03,  2.529941947048E+15,  3.262743830965E+19,  1.038281884822E+20,  1.426007919987E+18,  1.528874930388E+21,  8.838423948204E+19,  9.832634616535E+12,  1.457207018328E+02,  6.254881275418E+01,  7.317207746773E+01,NaN,  9.999809719728E+00,NaN,  1.891166567267E-06,  2.997010705196E-02,NaN,  3.504050000000E+06,  4.374041402788E-07
  2.980367861200E+02,  3.524545430907E+03,  3.561170383347E+03,  3.780827453347E+04,  3.880726983526E+04,  9.918599818371E+02,  9.130883163925E-01,NaN,NaN,  4.068548542483E-03,  2.569148152615E+15,  3.259232535031E+19,  1.038632554274E+20,  1.449581030328E+18,  1.528784586589E+21,  8.845087830772E+19,  9.777470246279E+12,  1.458600663974E+02,  6.266347909533E+01,  7.319679061417E+01,NaN,  9.999794807345E+00,NaN,  1.880556490029E-06,  2.996309028184E-02,NaN,  3.504050000000E+06,  4.382415897869E-07
  3.141629333072E+02,  3.522645222203E+03,  3.559160370292E+03,  3.763951110374E+04,  3.863848239584E+04,  9.918599818371E+02,  9.121307802268E-01,NaN,NaN,  4.074538097716E-03,  2.598212486138E+15,  3.256629542398E+19,  1.038892512543E+20,  1.467087229521E+18,  1.528717474337E+21,  8.850038679242E+19,  9.736944454648E+12,  1.459635651792E+02,  6.274866856327E+01,  7.321511096329E+01,NaN,  9.999783779917E+00,NaN,  1.872761933918E-06,  2.995788211460E-02,NaN,  3.504050000000E+06,  4.388602336128E-07
  3.302251020566E+02,  3.520760918102E+03,  3.557167240813E+03,  3.747251335986E+04,  3.847146023828E+04,  9.918599818371E+02,  9.111760001613E-01,NaN,NaN,  4.080499055870E-03,  2.627207653083E+15,  3.254032744565E+19,  1.039151852246E+20,  1.484578123815E+18,  1.528650403875E+21,  8.854986919501E+19,  9.696828548587E+12,  1.460669751295E+02,  6.283381274070E+01,  7.323338771948E+01,NaN,  9.999772804282E+00,NaN,  1.865046213430E-06,  2.995268082436E-02,NaN,  3.504050000000E+06,  4.394755056786E-07
  3.470041881230E+02,  3.518801372553E+03,  3.555094584238E+03,  3.729921542769E+04,  3.829813694020E+04,  9.918599818371E+02,  9.101774374909E-01,NaN,NaN,  4.086721056411E-03,  2.657547920280E+15,  3.251315480273E+19,  1.039423222931E+20,  1.502908678264E+18,  1.528580095561E+21,  8.860174546724E+19,  9.655185570484E+12,  1.461753511524E+02,  6.292307559891E+01,  7.325251234941E+01,NaN,  9.999761347058E+00,NaN,  1.857036782487E-06,  2.994723233908E-02,NaN,  3.504050000000E+06,  4.401172627219E-07
  3.645869014409E+02,  3.516757628997E+03,  3.552932932706E+03,  3.711886860268E+04,  3.811776397010E+04,  9.918599818371E+02,  9.091297579031E-01,NaN,NaN,  4.093235631807E-03,  2.689397592753E+15,  3.248463034462E+19,  1.039708094195E+20,  1.522182317773E+18,  1.528506150010E+21,  8.865631104855E+19,  9.611834870053E+12,  1.462893050539E+02,  6.301696543341E+01,  7.327258842170E+01,NaN,  9.999749350103E+00,NaN,  1.848698895591E-06,  2.994150629423E-02,NaN,  3.504050000000E+06,  4.407886863071E-07
  3.828505907135E+02,  3.514645117016E+03,  3.550698614569E+03,  3.693288170819E+04,  3.793174956289E+04,  9.918599818371E+02,  9.080401595227E-01,NaN,NaN,  4.099996607778E-03,  2.722540130272E+15,  3.245494800435E+19,  1.040004529258E+20,  1.542272289487E+18,  1.528429050739E+21,  8.871320991634E+19,  9.567113589581E+12,  1.464080877656E+02,  6.311486958375E+01,  7.329347944340E+01,NaN,  9.999736898396E+00,NaN,  1.840097397236E-06,  2.993554073763E-02,NaN,  3.504050000000E+06,  4.414849560291E-07
  4.026084275733E+02,  3.512371613083E+03,  3.548294096915E+03,  3.673320253265E+04,  3.773204176437E+04,  9.918599818371E+02,  9.068598577045E-01,NaN,NaN,  4.107304065399E-03,  2.758462944037E+15,  3.242277566232E+19,  1.040325831913E+20,  1.564086798573E+18,  1.528345308074E+21,  8.877501862900E+19,  9.519084771458E+12,  1.465370696126E+02,  6.322122135365E+01,  7.331612298860E+01,NaN,  9.999723439488E+00,NaN,  1.830859741344E-06,  2.992906658243E-02,NaN,  3.504050000000E+06,  4.422368603545E-07
  4.242056980848E+02,  3.509900397733E+03,  3.545680569747E+03,  3.651673425868E+04,  3.751554213025E+04,  9.918599818371E+02,  9.055680322376E-01,NaN,NaN,  4.115283732539E-03,  2.797805461397E+15,  3.238754065045E+19,  1.040677721381E+20,  1.588024900434E+18,  1.528253383147E+21,  8.884287491627E+19,  9.466997898294E+12,  1.466786109261E+02,  6.333797824930E+01,  7.334092211472E+01,NaN,  9.999708741270E+00,NaN,  1.820841576635E-06,  2.992196637002E-02,NaN,  3.504050000000E+06,  4.430571907823E-07
  4.468732686510E+02,  3.507322244394E+03,  3.542954063256E+03,  3.629155293941E+04,  3.729032822913E+04,  9.918599818371E+02,  9.042107347766E-01,NaN,NaN,  4.123649364559E-03,  2.839170610297E+15,  3.235049418167E+19,  1.041047701906E+20,  1.613246763426E+18,  1.528156494371E+21,  8.891440485043E+19,  9.412789927701E+12,  1.468277468000E+02,  6.346105546618E+01,  7.336699619347E+01,NaN,  9.999693329893E+00,NaN,  1.810415449186E-06,  2.991449013358E-02,NaN,  3.504050000000E+06,  4.439164070796E-07
  4.710061553799E+02,  3.504594741506E+03,  3.540069752783E+03,  3.605406704538E+04,  3.705280802331E+04,  9.918599818371E+02,  9.027643989943E-01,NaN,NaN,  4.132544802183E-03,  2.883281683391E+15,  3.231098847814E+19,  1.041442242812E+20,  1.640203063792E+18,  1.528052904202E+21,  8.899089291749E+19,  9.355590624565E+12,  1.469871429268E+02,  6.359266304247E+01,  7.339480114523E+01,NaN,  9.999676939679E+00,NaN,  1.799413981728E-06,  2.990650517393E-02,NaN,  3.504050000000E+06,  4.448291805097E-07
  4.946333165336E+02,  3.501941547961E+03,  3.537264145405E+03,  3.582375912596E+04,  3.682246610571E+04,  9.918599818371E+02,  9.013466716089E-01,NaN,NaN,  4.141243489929E-03,  2.926552703100E+15,  3.227223512810E+19,  1.041829270207E+20,  1.666706524331E+18,  1.527951015398E+21,  8.906613554674E+19,  9.300096896356E+12,  1.471438661304E+02,  6.372212684299E+01,  7.342207658837E+01,NaN,  9.999660910290E+00,NaN,  1.788740557201E-06,  2.989865979904E-02,NaN,  3.504050000000E+06,  4.457208452249E-07
  5.208307893433E+02,  3.499019398456E+03,  3.534174241507E+03,  3.557087277887E+04,  3.656954328234E+04,  9.918599818371E+02,  8.997720414661E-01,NaN,NaN,  4.150877650242E-03,  2.974650329927E+15,  3.222915909498E+19,  1.042259468242E+20,  1.696236861284E+18,  1.527837444901E+21,  8.915001750362E+19,  9.239146885250E+12,  1.473184939626E+02,  6.386645458096E+01,  7.345239444754E+01,NaN,  9.999643157098E+00,NaN,  1.777017694736E-06,  2.988992479802E-02,NaN,  3.504050000000E+06,  4.467072239538E-07
  5.481859718089E+02,  3.495989900960E+03,  3.530971024327E+03,  3.530964916821E+04,  3.630828204648E+04,  9.918599818371E+02,  8.981270888959E-01,NaN,NaN,  4.160922625953E-03,  3.024938420629E+15,  3.218412129609E+19,  1.042709258503E+20,  1.727191828822E+18,  1.527718344140E+21,  8.923799814474E+19,  9.176146641018E+12,  1.475015530535E+02,  6.401783359358E+01,  7.348409305301E+01,NaN,  9.999624641978E+00,NaN,  1.764900499267E-06,  2.988077561996E-02,NaN,  3.504050000000E+06,  4.477346309016E-07
  5.762554863931E+02,  3.492904240153E+03,  3.527708571560E+03,  3.504450042404E+04,  3.604309441493E+04,  9.918599818371E+02,  8.964368039474E-01,NaN,NaN,  4.171216314771E-03,  3.076657607667E+15,  3.213780182038E+19,  1.043171849078E+20,  1.759113092004E+18,  1.527595470658E+21,  8.932878094212E+19,  9.112176844279E+12,  1.476903339883E+02,  6.417403281822E+01,  7.351669375024E+01,NaN,  9.999605667283E+00,NaN,  1.752596824248E-06,  2.987134859675E-02,NaN,  3.504050000000E+06,  4.487861521596E-07
  6.068008644084E+02,  3.489843444938E+03,  3.524472690328E+03,  3.478258287206E+04,  3.578023742736E+04,  9.918599818371E+02,  8.947467805245E-01,NaN,NaN,  4.181484485334E-03,  3.128649949465E+15,  3.209124025985E+19,  1.043637105905E+20,  1.791299619605E+18,  1.527485819748E+21,  8.942082035584E+19,  9.090883194967E+12,  1.478814756742E+02,  6.433240653139E+01,  7.354948234947E+01,NaN,  9.999585044827E+00,NaN,  1.748501295506E-06,  2.986178972880E-02,NaN,  3.509108039858E+06,  4.498342427095E-07
  6.374985715057E+02,  3.486914170007E+03,  3.521388515193E+03,  3.454961104936E+04,  3.554723984639E+04,  9.918599818371E+02,  8.931305878619E-01,NaN,NaN,  4.190850356414E-03,  3.166844070960E+15,  3.205703074719E+19,  1.043979114128E+20,  1.814995376620E+18,  1.527416113888E+21,  8.948898933680E+19,  9.093892243586E+12,  1.480229056803E+02,  6.444975448272E+01,  7.357358510283E+01,NaN,  9.999564345648E+00,NaN,  1.749080042950E-06,  2.985470559468E-02,NaN,  3.516725583156E+06,  4.508379868267E-07
  6.702822652138E+02,  3.483833903222E+03,  3.518116136652E+03,  3.426605082240E+04,  3.526365197578E+04,  9.918599818371E+02,  8.914139443498E-01,NaN,NaN,  4.201983507033E-03,  3.233947350414E+15,  3.199690037159E+19,  1.044580060620E+20,  1.856682837248E+18,  1.527278238816E+21,  8.960879288237E+19,  9.097223671097E+12,  1.482713401470E+02,  6.465585980837E+01,  7.361593632162E+01,NaN,  9.999542267306E+00,NaN,  1.749720795360E-06,  2.984229506247E-02,NaN,  3.524793851657E+06,  4.519081284850E-07
  7.040945520509E+02,  3.480653385675E+03,  3.514764140590E+03,  3.401009606783E+04,  3.500767003083E+04,  9.918599818371E+02,  8.896513754527E-01,NaN,NaN,  4.212430637022E-03,  3.279616003540E+15,  3.195596434784E+19,  1.044989286343E+20,  1.885118369738E+18,  1.527192013987E+21,  8.969088605876E+19,  9.100581135871E+12,  1.484414551645E+02,  6.479715771365E+01,  7.364477617397E+01,NaN,  9.999519526494E+00,NaN,  1.750366555665E-06,  2.983379372791E-02,NaN,  3.533043402495E+06,  4.530098385506E-07
  7.393331297639E+02,  3.477363363523E+03,  3.511295556326E+03,  3.374449299148E+04,  3.474203805466E+04,  9.918599818371E+02,  8.878220377791E-01,NaN,NaN,  4.223362010729E-03,  3.328572851415E+15,  3.191206736447E+19,  1.045428100800E+20,  1.915651816901E+18,  1.527098470119E+21,  8.977916802396E+19,  9.104100192729E+12,  1.486242995297E+02,  6.494910065032E+01,  7.367570126852E+01,NaN,  9.999495859844E+00,NaN,  1.751043395896E-06,  2.982466514300E-02,NaN,  3.541563926562E+06,  4.541558035700E-07
  7.774838013533E+02,  3.473856162647E+03,  3.507568166574E+03,  3.342250026727E+04,  3.442001363599E+04,  9.918599818371E+02,  8.858561311217E-01,NaN,NaN,  4.236380144009E-03,  3.408773824076E+15,  3.184011841697E+19,  1.046147148303E+20,  1.965765836762E+18,  1.526930738210E+21,  8.992408000412E+19,  9.108035308942E+12,  1.489242391190E+02,  6.519839153178E+01,  7.372637556073E+01,NaN,  9.999470274645E+00,NaN,  1.751800259189E-06,  2.980972795960E-02,NaN,  3.550702144509E+06,  4.553940534894E-07
  8.175086581456E+02,  3.470180459628E+03,  3.503688359013E+03,  3.312157044556E+04,  3.411905265145E+04,  9.918599818371E+02,  8.838024185463E-01,NaN,NaN,  4.248988665825E-03,  3.469400142267E+15,  3.178570621992E+19,  1.046691039763E+20,  2.003749047364E+18,  1.526810992040E+21,  9.003440417280E+19,  9.112086116497E+12,  1.491523978142E+02,  6.538824671514E+01,  7.376470587215E+01,NaN,  9.999443474320E+00,NaN,  1.752579374057E-06,  2.979836875789E-02,NaN,  3.560194226195E+06,  4.566904557824E-07
  8.584127662490E+02,  3.466454314964E+03,  3.499755503181E+03,  3.281777748472E+04,  3.381522751087E+04,  9.918599818371E+02,  8.817159707889E-01,NaN,NaN,  4.261866623221E-03,  3.531578530924E+15,  3.172987780593E+19,  1.047249084028E+20,  2.042787752154E+18,  1.526687415012E+21,  9.014805292107E+19,  9.116243220507E+12,  1.493872722434E+02,  6.558382076984E+01,  7.380403359116E+01,NaN,  9.999416129034E+00,NaN,  1.753378933527E-06,  2.978668865766E-02,NaN,  3.569795534108E+06,  4.580124751807E-07
  9.014365642415E+02,  3.462569109834E+03,  3.495653456853E+03,  3.250037847653E+04,  3.349779507181E+04,  9.918599818371E+02,  8.795352684712E-01,NaN,NaN,  4.275465825118E-03,  3.598592009939E+15,  3.166968157054E+19,  1.047850775672E+20,  2.084956167256E+18,  1.526552741010E+21,  9.027109211955E+19,  9.120638417838E+12,  1.496413730497E+02,  6.579554655682E+01,  7.384643732397E+01,NaN,  9.999387414698E+00,NaN,  1.754224286840E-06,  2.977406875465E-02,NaN,  3.579787907034E+06,  4.593999044406E-07
  9.467673144219E+02,  3.458512642030E+03,  3.491369275016E+03,  3.216845666085E+04,  3.316583853344E+04,  9.918599818371E+02,  8.772524475173E-01,NaN,NaN,  4.289850147295E-03,  3.670862350910E+15,  3.160473239974E+19,  1.048499963006E+20,  2.130542331354E+18,  1.526405889246E+21,  9.040443389005E+19,  9.125293450945E+12,  1.499165400499E+02,  6.602499280402E+01,  7.389218827708E+01,NaN,  9.999357213650E+00,NaN,  1.755119615846E-06,  2.976042157738E-02,NaN,  3.590200072677E+06,  4.608583247180E-07
  9.941096771883E+02,  3.454315495359E+03,  3.486935780793E+03,  3.182535993234E+04,  3.282270651202E+04,  9.918599818371E+02,  8.748840970974E-01,NaN,NaN,  4.304906499558E-03,  3.747512228303E+15,  3.153581251594E+19,  1.049188829492E+20,  2.179016696648E+18,  1.526248635760E+21,  9.054660889702E+19,  9.130176645634E+12,  1.502096953883E+02,  6.626963231520E+01,  7.394073558649E+01,NaN,  9.999325730525E+00,NaN,  1.756058828468E-06,  2.974590352831E-02,NaN,  3.600949524101E+06,  4.623777651857E-07
  1.044659463764E+03,  3.449852666701E+03,  3.482246768257E+03,  3.149476830847E+04,  3.249207789459E+04,  9.918599818371E+02,  8.723710981571E-01,NaN,NaN,  4.319931018409E-03,  3.806731629273E+15,  3.148254255208E+19,  1.049721397456E+20,  2.216565973741E+18,  1.526135959388E+21,  9.065727800399E+19,  9.135314039167E+12,  1.504377025097E+02,  6.646014069147E+01,  7.397826788375E+01,NaN,  9.999292177456E+00,NaN,  1.757046932600E-06,  2.973461282042E-02,NaN,  3.612290276648E+06,  4.639961641342E-07
  1.097073764332E+03,  3.445297745451E+03,  3.477433385093E+03,  3.112279123771E+04,  3.212006203789E+04,  9.918599818371E+02,  8.697865501201E-01,NaN,NaN,  4.336683219191E-03,  3.894459897705E+15,  3.140358401859E+19,  1.050510579672E+20,  2.272318429666E+18,  1.525952553448E+21,  9.082165702399E+19,  9.140767100958E+12,  1.507761155587E+02,  6.674297148055E+01,  7.403388486316E+01,NaN,  9.999257456934E+00,NaN,  1.758095751004E-06,  2.971790087547E-02,NaN,  3.623901759704E+06,  4.656697877193E-07
  1.152062523728E+03,  3.440569282808E+03,  3.472435968071E+03,  3.073749678560E+04,  3.173472778973E+04,  9.918599818371E+02,  8.670952405867E-01,NaN,NaN,  4.354293358314E-03,  3.987724279463E+15,  3.131959199531E+19,  1.051350061060E+20,  2.331779768063E+18,  1.525755585011E+21,  9.099755398737E+19,  9.146509793745E+12,  1.511378823679E+02,  6.704561286366E+01,  7.409304663615E+01,NaN,  9.999221108924E+00,NaN,  1.759200275786E-06,  2.970006788044E-02,NaN,  3.635925088565E+06,  4.674207212166E-07
  1.212597623598E+03,  3.435397986149E+03,  3.466994478632E+03,  3.034895396063E+04,  3.134614287304E+04,  9.918599818371E+02,  8.641556092843E-01,NaN,NaN,  4.372647195636E-03,  4.068686521396E+15,  3.124663645165E+19,  1.052079346263E+20,  2.383563174034E+18,  1.525591965686E+21,  9.115148798979E+19,  9.152756589413E+12,  1.514541635417E+02,  6.731053817709E+01,  7.414444242197E+01,NaN,  9.999181182224E+00,NaN,  1.760401757544E-06,  2.968449151759E-02,NaN,  3.648979772203E+06,  4.693428468871E-07
  1.275500576686E+03,  3.430087599284E+03,  3.461406322332E+03,  2.995144610449E+04,  3.094859203271E+04,  9.918599818371E+02,  8.611281078556E-01,NaN,NaN,  4.391729078502E-03,  4.153894566222E+15,  3.116981238877E+19,  1.052847290567E+20,  2.438224284023E+18,  1.525417886147E+21,  9.131446845740E+19,  9.159266710389E+12,  1.517887290683E+02,  6.759102483569E+01,  7.419856267674E+01,NaN,  9.999139794175E+00,NaN,  1.761653886156E-06,  2.966804298280E-02,NaN,  3.662346304493E+06,  4.713339082982E-07
  1.340382351769E+03,  3.424701164989E+03,  3.455711415650E+03,  2.951608140557E+04,  3.051318218482E+04,  9.918599818371E+02,  8.580344547882E-01,NaN,NaN,  4.412613279704E-03,  4.268062615127E+15,  3.106680379181E+19,  1.053876803102E+20,  2.511707177104E+18,  1.525169544061E+21,  9.153406565362E+19,  9.166108605146E+12,  1.522390458688E+02,  6.796883015536E+01,  7.427111674132E+01,NaN,  9.999097209182E+00,NaN,  1.762969826708E-06,  2.964596683748E-02,NaN,  3.675926644543E+06,  4.733810784100E-07
  1.407726408111E+03,  3.419152132174E+03,  3.449872406894E+03,  2.910530467024E+04,  3.010236107595E+04,  9.918599818371E+02,  8.548519533235E-01,NaN,NaN,  4.433045978587E-03,  4.360895804261E+15,  3.098298679705E+19,  1.054714629256E+20,  2.571687526158E+18,  1.524975563214E+21,  9.171429439674E+19,  9.173110481436E+12,  1.526082025630E+02,  6.827898581710E+01,  7.433016186303E+01,NaN,  9.999053118561E+00,NaN,  1.764316537418E-06,  2.962789390518E-02,NaN,  3.689807288201E+06,  4.754992292267E-07
  1.479724332154E+03,  3.413297858045E+03,  3.443709875214E+03,  2.867126521221E+04,  2.966827446894E+04,  9.918599818371E+02,  8.514821418259E-01,NaN,NaN,  4.454999497472E-03,  4.463334347757E+15,  3.089043549889E+19,  1.055639736841E+20,  2.638104262391E+18,  1.524758060281E+21,  9.191456959578E+19,  9.180618876436E+12,  1.530179876544E+02,  6.862362170902E+01,  7.439535807307E+01,NaN,  9.999006106574E+00,NaN,  1.765760669754E-06,  2.960787484578E-02,NaN,  3.704409661195E+06,  4.777560772308E-07
  1.555027920889E+03,  3.407256990288E+03,  3.437350700597E+03,  2.822560301009E+04,  2.922256415193E+04,  9.918599818371E+02,  8.479945694926E-01,NaN,NaN,  4.477976369593E-03,  4.571705746878E+15,  3.079245299045E+19,  1.056619119119E+20,  2.708632682165E+18,  1.524525195948E+21,  9.212809546275E+19,  9.188483740353E+12,  1.534543878627E+02,  6.899104977396E+01,  7.446437924836E+01,NaN,  9.998957073073E+00,NaN,  1.767273363785E-06,  2.958660365969E-02,NaN,  3.719427252630E+06,  4.801082219240E-07
  1.635939417119E+03,  3.400859683352E+03,  3.430614006661E+03,  2.775354373894E+04,  2.875045433355E+04,  9.918599818371E+02,  8.442864292052E-01,NaN,NaN,  4.502782025762E-03,  4.691514631778E+15,  3.068404432237E+19,  1.057702689013E+20,  2.786923657210E+18,  1.524263580758E+21,  9.236612956846E+19,  9.196951487696E+12,  1.539402809989E+02,  6.940063172372E+01,  7.454074296166E+01,NaN,  9.998904544574E+00,NaN,  1.768902013816E-06,  2.956297980446E-02,NaN,  3.735280459222E+06,  4.826261662805E-07
  1.717741531155E+03,  3.394460431862E+03,  3.423901746479E+03,  2.731718381415E+04,  2.831855090142E+04,  9.918599818371E+02,  8.405764750998E-01,NaN,NaN,  4.526583788095E-03,  4.784060795629E+15,  3.060024717929E+19,  1.058540416146E+20,  2.847648406792E+18,  1.524072138907E+21,  9.255185258757E+19,  9.205381923909E+12,  1.543189440694E+02,  6.972030959400E+01,  7.459978110495E+01,NaN,  9.998851599962E+00,NaN,  1.770523487586E-06,  2.954459410529E-02,NaN,  3.751019250647E+06,  4.851621413944E-07
  1.804780377805E+03,  3.387773177346E+03,  3.416865397572E+03,  2.683669190032E+04,  2.783350093815E+04,  9.918599818371E+02,  8.366780611123E-01,NaN,NaN,  4.552995033968E-03,  4.913184308506E+15,  3.048323363062E+19,  1.059709976876E+20,  2.932686402396E+18,  1.523784536729E+21,  9.281260848714E+19,  9.214485034149E+12,  1.548499784194E+02,  7.016897625331E+01,  7.468220495305E+01,NaN,  9.998795440772E+00,NaN,  1.772274340578E-06,  2.951889748854E-02,NaN,  3.767457299565E+06,  4.878501145845E-07
  1.896126981108E+03,  3.380867330291E+03,  3.409595532335E+03,  2.633943575758E+04,  2.733619114142E+04,  9.918599818371E+02,  8.326357819630E-01,NaN,NaN,  4.580904833854E-03,  5.049708516043E+15,  3.035940091806E+19,  1.060947681544E+20,  3.023034700270E+18,  1.523476425768E+21,  9.309107211903E+19,  9.224032925260E+12,  1.554162701814E+02,  7.064810051812E+01,  7.476943119010E+01,NaN,  9.998736699030E+00,NaN,  1.774110740807E-06,  2.949157606363E-02,NaN,  3.784376032020E+06,  4.906595659363E-07
  1.991761449694E+03,  3.373726899992E+03,  3.402106761066E+03,  2.586310403036E+04,  2.685980563439E+04,  9.918599818371E+02,  8.284541702288E-01,NaN,NaN,  4.608704986404E-03,  5.165726526501E+15,  3.025408038335E+19,  1.062000494460E+20,  3.100183904779E+18,  1.523223150531E+21,  9.333034439920E+19,  9.233884942337E+12,  1.559021933254E+02,  7.105988880778E+01,  7.484362733030E+01,NaN,  9.998675411358E+00,NaN,  1.776005635313E-06,  2.946818293840E-02,NaN,  3.801735697026E+06,  4.935884705105E-07
  2.093941946808E+03,  3.366253344641E+03,  3.394239400528E+03,  2.533251345527E+04,  2.632915790901E+04,  9.918599818371E+02,  8.240487173865E-01,NaN,NaN,  4.639943641430E-03,  5.321048370322E+15,  3.011294157373E+19,  1.063411138640E+20,  3.203959282324E+18,  1.522863253439E+21,  9.365348188589E+19,  9.244534182821E+12,  1.565575060558E+02,  7.161585277221E+01,  7.494304133986E+01,NaN,  9.998610165699E+00,NaN,  1.778053864334E-06,  2.943675598535E-02,NaN,  3.819898526254E+06,  4.967041956594E-07
  2.199246946586E+03,  3.358656550331E+03,  3.386272238297E+03,  2.483334511103E+04,  2.582993272613E+04,  9.918599818371E+02,  8.195677182463E-01,NaN,NaN,  4.670570514706E-03,  5.451955910587E+15,  2.999387318854E+19,  1.064601335728E+20,  3.291901151423E+18,  1.522568165485E+21,  9.392920722954E+19,  9.255337231054E+12,  1.571158088679E+02,  7.209034439151E+01,  7.502691951856E+01,NaN,  9.998543177672E+00,NaN,  1.780131676074E-06,  2.941005383319E-02,NaN,  3.838214507262E+06,  4.999006273652E-07
  2.311074516029E+03,  3.350734806966E+03,  3.377963484791E+03,  2.431575423928E+04,  2.531228364526E+04,  9.918599818371E+02,  8.148761136228E-01,NaN,NaN,  4.703142075624E-03,  5.593483040609E+15,  2.986502438727E+19,  1.065889268853E+20,  3.387457543050E+18,  1.522243720084E+21,  9.423038800598E+19,  9.266777521161E+12,  1.577247808758E+02,  7.260862120894E+01,  7.511768556562E+01,NaN,  9.998472318913E+00,NaN,  1.782332052170E-06,  2.938102421687E-02,NaN,  3.857233501234E+06,  5.032790628511E-07
  2.426798742471E+03,  3.342686743669E+03,  3.369524627398E+03,  2.379684427899E+04,  2.479331479476E+04,  9.918599818371E+02,  8.100939551338E-01,NaN,NaN,  4.736725186727E-03,  5.739184500736E+15,  2.973224319061E+19,  1.067216500460E+20,  3.486360182072E+18,  1.521905528773E+21,  9.454391280320E+19,  9.278560322066E+12,  1.583577554567E+02,  7.314813323817E+01,  7.521122114144E+01,NaN,  9.998399292494E+00,NaN,  1.784598305316E-06,  2.935095434480E-02,NaN,  3.876464876493E+06,  5.067582739974E-07
  2.548190320515E+03,  3.334404220275E+03,  3.360840968433E+03,  2.326833752805E+04,  2.426474823817E+04,  9.918599818371E+02,  8.051529971680E-01,NaN,NaN,  4.771906979941E-03,  5.892747333245E+15,  2.959215165809E+19,  1.068616785044E+20,  3.591182557635E+18,  1.521543677558E+21,  9.487819197718E+19,  9.290860915548E+12,  1.590315750599E+02,  7.372334519531E+01,  7.530990506686E+01,NaN,  9.998323010752E+00,NaN,  1.786964148456E-06,  2.931906194301E-02,NaN,  3.896164856796E+06,  5.103897648613E-07
  2.675965010163E+03,  3.325856904812E+03,  3.351880765935E+03,  2.272875578988E+04,  2.372510521833E+04,  9.918599818371E+02,  8.000368194665E-01,NaN,NaN,  4.808895732247E-03,  6.055174398233E+15,  2.944380976364E+19,  1.070099516227E+20,  3.702714087197E+18,  1.521154843504E+21,  9.523612751423E+19,  9.303738086767E+12,  1.597518925598E+02,  7.433924834799E+01,  7.541439934969E+01,NaN,  9.998243072714E+00,NaN,  1.789440888072E-06,  2.928510349279E-02,NaN,  3.916397939631E+06,  5.141926088886E-07
  2.810678205831E+03,  3.317028595614E+03,  3.342627142122E+03,  2.217763936284E+04,  2.317392581509E+04,  9.918599818371E+02,  7.947305584450E-01,NaN,NaN,  4.847851188070E-03,  6.227234654023E+15,  2.928648629361E+19,  1.071672000301E+20,  3.821608051428E+18,  1.520736073313E+21,  9.562026988563E+19,  9.317230220553E+12,  1.605236087770E+02,  7.500022891200E+01,  7.552521889511E+01,NaN,  9.998159177906E+00,NaN,  1.792035906939E-06,  2.924887675025E-02,NaN,  3.937193795123E+06,  5.181806146454E-07
  2.955075814255E+03,  3.307768387985E+03,  3.332920687513E+03,  2.160474407527E+04,  2.260096509786E+04,  9.918599818371E+02,  7.891430351200E-01,NaN,NaN,  4.889650978883E-03,  6.414024521312E+15,  2.911548096302E+19,  1.073381205991E+20,  3.951563339274E+18,  1.520272689035E+21,  9.604318424795E+19,  9.331599836938E+12,  1.613716427002E+02,  7.572789743051E+01,  7.564567378601E+01,NaN,  9.998069688863E+00,NaN,  1.794799697027E-06,  2.920925345651E-02,NaN,  3.958899141142E+06,  5.224314251939E-07
  3.105832361419E+03,  3.298313057492E+03,  3.323012910496E+03,  2.102909526769E+04,  2.202525021996E+04,  9.918599818371E+02,  7.834154242684E-01,NaN,NaN,  4.933135795866E-03,  6.607818723634E+15,  2.893782948433E+19,  1.075156827031E+20,  4.087383525714E+18,  1.519783941327E+21,  9.648862456460E+19,  9.346473824631E+12,  1.622631003780E+02,  7.649431260233E+01,  7.577080924506E+01,NaN,  9.997976732969E+00,NaN,  1.797660495719E-06,  2.916780937770E-02,NaN,  3.980941314002E+06,  5.268434625567E-07
  3.261631256365E+03,  3.288732686594E+03,  3.313005899369E+03,  2.048759117417E+04,  2.148368119729E+04,  9.918599818371E+02,  7.776050437555E-01,NaN,NaN,  4.976060523062E-03,  6.774894464425E+15,  2.878447865999E+19,  1.076689721735E+20,  4.205312333415E+18,  1.519370551066E+21,  9.687872981717E+19,  9.361529267887E+12,  1.630423676801E+02,  7.716564595137E+01,  7.587883876159E+01,NaN,  9.997881166559E+00,NaN,  1.800556194791E-06,  2.913173725072E-02,NaN,  4.003088898268E+06,  5.313763725554E-07
  3.425468264780E+03,  3.278917552865E+03,  3.302728583065E+03,  1.991011927395E+04,  2.090614228245E+04,  9.918599818371E+02,  7.716149622305E-01,NaN,NaN,  5.022889389300E-03,  6.981554519183E+15,  2.859454570574E+19,  1.078588072847E+20,  4.352225180968E+18,  1.518832917188E+21,  9.736793605756E+19,  9.377377102893E+12,  1.640177512828E+02,  7.800734474052E+01,  7.601262352338E+01,NaN,  9.997781215303E+00,NaN,  1.803604299078E-06,  2.908684103745E-02,NaN,  4.025714995015E+06,  5.361138715429E-07
  3.601948859404E+03,  3.268575334321E+03,  3.291927379587E+03,  1.933926619914E+04,  2.033522055831E+04,  9.918599818371E+02,  7.652916536551E-01,NaN,NaN,  5.071474227934E-03,  7.174689598085E+15,  2.841679524383E+19,  1.080364792043E+20,  4.490616504903E+18,  1.518334354926E+21,  9.783302097609E+19,  9.394103494199E+12,  1.649431617146E+02,  7.880764937570E+01,  7.613783637412E+01,NaN,  9.997674157961E+00,NaN,  1.806821381098E-06,  2.904446643244E-02,NaN,  4.049364752774E+06,  5.411848212628E-07
  3.783336568602E+03,  3.258207385840E+03,  3.281105475066E+03,  1.877993166016E+04,  1.977581809150E+04,  9.918599818371E+02,  7.589291846361E-01,NaN,NaN,  5.120997056248E-03,  7.368731640803E+15,  2.823796888382E+19,  1.082152265338E+20,  4.630728836610E+18,  1.517826098483E+21,  9.830775182897E+19,  9.411069589379E+12,  1.658859270892E+02,  7.962455339257E+01,  7.626380711125E+01,NaN,  9.997564775298E+00,NaN,  1.810084566727E-06,  2.900153412949E-02,NaN,  4.072927620980E+06,  5.463624412567E-07
  3.973144573459E+03,  3.247632510096E+03,  3.270071513658E+03,  1.821996291352E+04,  1.921578069187E+04,  9.918599818371E+02,  7.524151097925E-01,NaN,NaN,  5.172558001817E-03,  7.569920979723E+15,  2.805229911420E+19,  1.084008125467E+20,  4.777150251220E+18,  1.517289646482E+21,  9.880799282424E+19,  9.428594277794E+12,  1.668773913753E+02,  8.048534119457E+01,  7.639459735537E+01,NaN,  9.997451011957E+00,NaN,  1.813455189772E-06,  2.895664446666E-02,NaN,  4.096817096286E+06,  5.517440905009E-07
  4.171809405989E+03,  3.236852578589E+03,  3.258826497163E+03,  1.765871338533E+04,  1.865578840502E+04,  9.918599818371E+02,  7.457470169038E-01,NaN,NaN,  5.226341013446E-03,  7.778382626364E+15,  2.785964109809E+19,  1.085933819132E+20,  4.930115485168E+18,  1.516723467319E+21,  9.933513911374E+19,  9.446685880633E+12,  1.679200558400E+02,  8.139241227575E+01,  7.653030906147E+01,NaN,  9.997332685868E+00,NaN,  1.816934850694E-06,  2.890972468673E-02,NaN,  4.121024353797E+06,  5.573381306748E-07
  4.380650216036E+03,  3.225846311990E+03,  3.247324907229E+03,  1.707057227714E+04,  1.806625027379E+04,  9.918599818371E+02,  7.389032630558E-01,NaN,NaN,  5.284538710244E-03,  8.028326001853E+15,  2.762826719191E+19,  1.088246285134E+20,  5.115192170012E+18,  1.516013076367E+21,  9.997868947153E+19,  9.465635639442E+12,  1.691900847496E+02,  8.249959558458E+01,  7.669327823577E+01,NaN,  9.997209108707E+00,NaN,  1.820579565638E-06,  2.885299389737E-02,NaN,  4.145639862383E+06,  5.631772975413E-07
  4.601020098060E+03,  3.214527750375E+03,  3.235527387686E+03,  1.650538136260E+04,  1.750098815550E+04,  9.918599818371E+02,  7.318513279250E-01,NaN,NaN,  5.343619439561E-03,  8.256187271288E+15,  2.741698385628E+19,  1.090358098281E+20,  5.285597033014E+18,  1.515366676178E+21,  1.005777826613E+20,  9.485127349113E+12,  1.703696108165E+02,  8.353042284143E+01,  7.684210656207E+01,NaN,  9.997079588642E+00,NaN,  1.824328517074E-06,  2.880067904232E-02,NaN,  4.170738673595E+06,  5.692936928214E-07
  4.831083322550E+03,  3.203019555481E+03,  3.223564486966E+03,  1.597154115897E+04,  1.696733685528E+04,  9.918599818371E+02,  7.246663351686E-01,NaN,NaN,  5.402654094328E-03,  8.456627361535E+15,  2.723085022234E+19,  1.092218706211E+20,  5.436854918418E+18,  1.514804872534E+21,  1.011150598732E+20,  9.504925600579E+12,  1.714252270626E+02,  8.445504850670E+01,  7.697323140361E+01,NaN,  9.996945324139E+00,NaN,  1.828136427438E-06,  2.875415831736E-02,NaN,  4.196035563379E+06,  5.756310343158E-07
  5.075532865930E+03,  3.191175757948E+03,  3.211229310532E+03,  1.540488110167E+04,  1.640034621811E+04,  9.918599818371E+02,  7.172321212608E-01,NaN,NaN,  5.467417781251E-03,  8.703182900121E+15,  2.700152392323E+19,  1.094510818689E+20,  5.624604575907E+18,  1.514077113916E+21,  1.017877823363E+20,  9.525840770091E+12,  1.727441032933E+02,  8.561253158042E+01,  7.713476617970E+01,NaN,  9.996803701067E+00,NaN,  1.832159161006E-06,  2.869648751776E-02,NaN,  4.221959017987E+06,  5.823125078919E-07
  5.331106458463E+03,  3.179165088391E+03,  3.198726424448E+03,  1.484415425431E+04,  1.583954737871E+04,  9.918599818371E+02,  7.096653339239E-01,NaN,NaN,  5.534677828766E-03,  8.956054953985E+15,  2.676590767447E+19,  1.096865784025E+20,  5.819194122646E+18,  1.513314291858E+21,  1.024926821849E+20,  9.547315874966E+12,  1.741227549727E+02,  8.682536591829E+01,  7.730073046026E+01,NaN,  9.996656757871E+00,NaN,  1.836289590128E-06,  2.863670503027E-02,NaN,  4.248070019374E+06,  5.892418260545E-07
  5.607649651086E+03,  3.166579529798E+03,  3.185627466581E+03,  1.426722642988E+04,  1.526254469229E+04,  9.918599818371E+02,  7.017038200756E-01,NaN,NaN,  5.607350165769E-03,  9.229982413444E+15,  2.651019804745E+19,  1.099421533848E+20,  6.032354118063E+18,  1.512465594761E+21,  1.032737644474E+20,  9.570155922948E+12,  1.756465781495E+02,  8.816923241371E+01,  7.748084486535E+01,NaN,  9.996499029703E+00,NaN,  1.840682546525E-06,  2.857122673327E-02,NaN,  4.275249475275E+06,  5.966765759590E-07
  5.888951927077E+03,  3.154157567722E+03,  3.172736126071E+03,  1.374307470623E+04,  1.473832144618E+04,  9.918599818371E+02,  6.938328896345E-01,NaN,NaN,  5.677764745512E-03,  9.462500129918E+15,  2.629275804422E+19,  1.101594976429E+20,  6.215302218957E+18,  1.511749613293E+21,  1.039524301400E+20,  9.592650239027E+12,  1.769674448512E+02,  8.933708662885E+01,  7.763401647629E+01,NaN,  9.996339901095E+00,NaN,  1.845009006338E-06,  2.851494995849E-02,NaN,  4.301823610217E+06,  6.041742439675E-07
  6.189203585857E+03,  3.141359456286E+03,  3.159431745506E+03,  1.318855330102E+04,  1.418372612008E+04,  9.918599818371E+02,  6.856814576265E-01,NaN,NaN,  5.755264659372E-03,  9.744723072706E+15,  2.602834782622E+19,  1.104237663896E+20,  6.439802825717E+18,  1.510836254960E+21,  1.047941215880E+20,  9.616464402748E+12,  1.786016494974E+02,  9.078521841267E+01,  7.782025774168E+01,NaN,  9.996171493483E+00,NaN,  1.849589319958E-06,  2.844599724625E-02,NaN,  4.329069445697E+06,  6.121066282889E-07
  6.498664410354E+03,  3.128584165501E+03,  3.146184916175E+03,  1.267606544507E+04,  1.367308786791E+04,  9.918599818371E+02,  6.775281809615E-01,NaN,NaN,  5.831711200255E-03,  9.989843247062E+15,  2.579827589320E+19,  1.106537328453E+20,  6.637105244315E+18,  1.510044514768E+21,  1.055433462846E+20,  9.640213339099E+12,  1.800527849323E+02,  9.207445889622E+01,  7.798232474445E+01,NaN,  9.995999437519E+00,NaN,  1.854157088027E-06,  2.838534204662E-02,NaN,  4.356017806771E+06,  6.202078112027E-07
  6.824085952736E+03,  3.115626862097E+03,  3.132733676897E+03,  1.214911961170E+04,  1.314414859774E+04,  9.918599818371E+02,  6.692205406294E-01,NaN,NaN,  5.913895365154E-03,  1.027848212395E+16,  2.552683267372E+19,  1.109250286143E+20,  6.872143117700E+18,  1.509066620935E+21,  1.064460794182E+20,  9.664953838840E+12,  1.817969416111E+02,  9.362760138672E+01,  7.817351824711E+01,NaN,  9.995820118336E+00,NaN,  1.858915569125E-06,  2.831320334413E-02,NaN,  4.383200432398E+06,  6.286487806112E-07
  7.167405984082E+03,  3.102437143189E+03,  3.119046101380E+03,  1.162587431738E+04,  1.262083035961E+04,  9.918599818371E+02,  6.607328162721E-01,NaN,NaN,  6.000204586711E-03,  1.057629111636E+16,  2.524618540955E+19,  1.112055209971E+20,  7.117873724662E+18,  1.508029953940E+21,  1.074025722249E+20,  9.690517062400E+12,  1.836400412712E+02,  9.527321371372E+01,  7.837119298900E+01,NaN,  9.995632704634E+00,NaN,  1.863832289377E-06,  2.823784341115E-02,NaN,  4.410674719599E+06,  6.374682847908E-07
  7.526987011774E+03,  3.089090278452E+03,  3.105229561818E+03,  1.113659249339E+04,  1.213147699672E+04,  9.918599818371E+02,  6.521300141573E-01,NaN,NaN,  6.086690356903E-03,  1.084230591650E+16,  2.499499642725E+19,  1.114565873644E+20,  7.340232554368E+18,  1.507100035219E+21,  1.082802245734E+20,  9.716412328167E+12,  1.853269545934E+02,  9.678338445678E+01,  7.854812998413E+01,NaN,  9.995438283680E+00,NaN,  1.868812873196E-06,  2.816962614423E-02,NaN,  4.438219579146E+06,  6.466151685495E-07
  7.904041257306E+03,  3.075632098980E+03,  3.091279806817E+03,  1.063484104104E+04,  1.162965325828E+04,  9.918599818371E+02,  6.434139152818E-01,NaN,NaN,  6.179723106339E-03,  1.115078290219E+16,  2.470311528948E+19,  1.117483037843E+20,  7.601486182434E+18,  1.505969442789E+21,  1.093244123725E+20,  9.743292446688E+12,  1.873288013777E+02,  9.857984828128E+01,  7.875371477554E+01,NaN,  9.995236446907E+00,NaN,  1.873982879349E-06,  2.808965637563E-02,NaN,  4.465840059053E+06,  6.561086934193E-07
  8.310416441384E+03,  3.061653435087E+03,  3.076821457621E+03,  1.015044718564E+04,  1.114518648740E+04,  9.918599818371E+02,  6.343444882206E-01,NaN,NaN,  6.276146604921E-03,  1.144028121238E+16,  2.442860545520E+19,  1.120226718958E+20,  7.850137741119E+18,  1.504896733369E+21,  1.103330485939E+20,  9.771343973610E+12,  1.892574258655E+02,  1.003153293442E+02,  7.894707348678E+01,NaN,  9.995021155214E+00,NaN,  1.879378189146E-06,  2.801356708416E-02,NaN,  4.494268203518E+06,  6.662331211364E-07
  8.726408949678E+03,  3.047894742034E+03,  3.062602657406E+03,  9.692541317176E+03,  1.068721004862E+04,  9.918599818371E+02,  6.253908369817E-01,NaN,NaN,  6.373276371975E-03,  1.172135672121E+16,  2.416154222299E+19,  1.122895980072E+20,  8.094854633717E+18,  1.503830650505E+21,  1.113393577907E+20,  9.799368926419E+12,  1.911768280169E+02,  1.020468355125E+02,  7.913518750849E+01,NaN,  9.994803111153E+00,NaN,  1.884768387793E-06,  2.793877875136E-02,NaN,  4.522029499571E+06,  6.764837869061E-07
  9.170119125742E+03,  3.033824029307E+03,  3.048042136842E+03,  9.215733419428E+03,  1.021032971454E+04,  9.918599818371E+02,  6.161936025962E-01,NaN,NaN,  6.479793732161E-03,  1.205383428268E+16,  2.384494089630E+19,  1.126060126943E+20,  8.388555797379E+18,  1.502505302908E+21,  1.125639839390E+20,  9.829011679051E+12,  1.935064263403E+02,  1.041536731608E+02,  7.935817820427E+01,NaN,  9.994573084702E+00,NaN,  1.890469747085E-06,  2.784928229454E-02,NaN,  4.550258836440E+06,  6.872952680553E-07
  9.633016268378E+03,  3.019712249187E+03,  3.033474092867E+03,  8.776343277229E+03,  9.770869204800E+03,  9.918599818371E+02,  6.069556195721E-01,NaN,NaN,  6.585857188389E-03,  1.234819117454E+16,  2.356401231455E+19,  1.128867910568E+20,  8.652626549199E+18,  1.501319239079E+21,  1.136827760255E+20,  9.858884740667E+12,  1.956290692455E+02,  1.060786770459E+02,  7.955605448811E+01,NaN,  9.994335815351E+00,NaN,  1.896215403015E-06,  2.776888974846E-02,NaN,  4.578303210802E+06,  6.984439541477E-07
  1.011467202486E+04,  3.005630170359E+03,  3.018946535848E+03,  8.354157228364E+03,  9.348614109050E+03,  9.918599818371E+02,  5.977101090046E-01,NaN,NaN,  6.694718991487E-03,  1.264118079638E+16,  2.328380459928E+19,  1.131668475568E+20,  8.919333450301E+18,  1.500106334614E+21,  1.148290383327E+20,  9.889283379197E+12,  1.977984704749E+02,  1.080509547353E+02,  7.975342204513E+01,NaN,  9.994091792321E+00,NaN,  1.902062146143E-06,  2.768786957679E-02,NaN,  4.606072977096E+06,  7.099058886720E-07
  1.062627819939E+04,  2.991323593809E+03,  3.004169649441E+03,  7.918620692023E+03,  8.913006857978E+03,  9.918599818371E+02,  5.882808503594E-01,NaN,NaN,  6.813488832225E-03,  1.298361266656E+16,  2.295555418713E+19,  1.134948975315E+20,  9.235964665884E+18,  1.498615850091E+21,  1.162103674080E+20,  9.921361555389E+12,  2.004058032733E+02,  1.104273530773E+02,  7.998461261595E+01,NaN,  9.993835671887E+00,NaN,  1.908231924307E-06,  2.759203133567E-02,NaN,  4.634120060364E+06,  7.219322761528E-07
  1.116079442284E+04,  2.976994176371E+03,  2.989403569685E+03,  7.518958243584E+03,  8.513275927742E+03,  9.918599818371E+02,  5.788221254755E-01,NaN,NaN,  6.931738444632E-03,  1.328592029618E+16,  2.266510244583E+19,  1.137851863831E+20,  9.520196535493E+18,  1.497282140147E+21,  1.174712964904E+20,  9.953734194234E+12,  2.027796560119E+02,  1.125968913890E+02,  8.018919134019E+01,NaN,  9.993571368198E+00,NaN,  1.914458338149E-06,  2.750616349911E-02,NaN,  4.661946741238E+06,  7.343364167935E-07
  1.172736408627E+04,  2.962496967672E+03,  2.974447857814E+03,  7.109217536636E+03,  8.103465560475E+03,  9.918599818371E+02,  5.692162987169E-01,NaN,NaN,  7.060374554649E-03,  1.363639980552E+16,  2.232757243923E+19,  1.141225043780E+20,  9.855259815316E+18,  1.495655682555E+21,  1.189811788869E+20,  9.987898304130E+12,  2.056146293402E+02,  1.151944191834E+02,  8.042691347339E+01,NaN,  9.993294762415E+00,NaN,  1.921029315812E-06,  2.740537674757E-02,NaN,  4.689931590449E+06,  7.473112023733E-07
  1.231618181969E+04,  2.948080108225E+03,  2.959609703145E+03,  6.737308043508E+03,  7.731489011322E+03,  9.918599818371E+02,  5.596522217208E-01,NaN,NaN,  7.187484727118E-03,  1.394189178334E+16,  2.203267642628E+19,  1.144172292787E+20,  1.015246705701E+19,  1.494216777908E+21,  1.203440559105E+20,  1.002224386959E+13,  2.081669819665E+02,  1.175393505510E+02,  8.063461846741E+01,NaN,  9.993011020517E+00,NaN,  1.927635193857E-06,  2.731619947690E-02,NaN,  4.717499355589E+06,  7.606114671556E-07
  1.293276559092E+04,  2.933691964039E+03,  2.944786371451E+03,  6.362332093607E+03,  7.356445750109E+03,  9.918599818371E+02,  5.500735285902E-01,NaN,NaN,  7.323809956446E-03,  1.428868349952E+16,  2.169712458488E+19,  1.147525653096E+20,  1.049572858288E+19,  1.492499568577E+21,  1.219434742029E+20,  1.005807704856E+13,  2.111545766808E+02,  1.202909130815E+02,  8.087094382751E+01,NaN,  9.992717837257E+00,NaN,  1.934527193072E-06,  2.721371392566E-02,NaN,  4.744845618276E+06,  7.743429065398E-07
  1.358665706634E+04,  2.919120192885E+03,  2.929805584338E+03,  6.014598997047E+03,  7.008646689583E+03,  9.918599818371E+02,  5.403597377036E-01,NaN,NaN,  7.461618658960E-03,  1.459992654872E+16,  2.139525743812E+19,  1.150542499625E+20,  1.080943987772E+19,  1.490930454289E+21,  1.234314500996E+20,  1.009494259158E+13,  2.139270253473E+02,  1.228510585961E+02,  8.108355365063E+01,NaN,  9.992411158948E+00,NaN,  1.941617752740E-06,  2.712035823277E-02,NaN,  4.772287470816E+06,  7.886923007386E-07
  1.428822546897E+04,  2.904264453741E+03,  2.914515627603E+03,  5.654944971458E+03,  6.648924599484E+03,  9.918599818371E+02,  5.304220083472E-01,NaN,NaN,  7.613678017826E-03,  1.496550072893E+16,  2.103982761837E+19,  1.154094415131E+20,  1.118480311499E+19,  1.488986726604E+21,  1.252422157881E+20,  1.013449990440E+13,  2.172921062200E+02,  1.259661454425E+02,  8.133387202795E+01,NaN,  9.992086800330E+00,NaN,  1.949226035812E-06,  2.700931829867E-02,NaN,  4.800095786386E+06,  8.038502182407E-07
  1.500982057515E+04,  2.889708982991E+03,  2.899569678371E+03,  5.335849704929E+03,  6.329764858079E+03,  9.918599818371E+02,  5.206757749427E-01,NaN,NaN,  7.761635519006E-03,  1.527577185747E+16,  2.073743268968E+19,  1.157116462358E+20,  1.150960061865E+19,  1.487307413044E+21,  1.268387315442E+20,  1.017393159414E+13,  2.202516457328E+02,  1.287130373837E+02,  8.154684836610E+01,NaN,  9.991758026187E+00,NaN,  1.956810157081E-06,  2.691362093011E-02,NaN,  4.827085364701E+06,  8.191912253097E-07
  1.577697541917E+04,  2.875029439654E+03,  2.884480544086E+03,  5.009910575072E+03,  6.003759969702E+03,  9.918599818371E+02,  5.108157728883E-01,NaN,NaN,  7.923222983991E-03,  1.563478441870E+16,  2.038668395833E+19,  1.160621523814E+20,  1.189262377363E+19,  1.485258663227E+21,  1.287540007086E+20,  1.021594338873E+13,  2.237931947525E+02,  1.320079143576E+02,  8.179386474206E+01,NaN,  9.991413687913E+00,NaN,  1.964890524598E-06,  2.680151630697E-02,NaN,  4.854141927455E+06,  8.352302451291E-07
  1.657114667677E+04,  2.860602999914E+03,  2.869662179440E+03,  4.704401151389E+03,  5.698186636332E+03,  9.918599818371E+02,  5.011075928381E-01,NaN,NaN,  8.087863425235E-03,  1.598402513365E+16,  2.004461251519E+19,  1.164039838058E+20,  1.227305606662E+19,  1.483189419236E+21,  1.306931586732E+20,  1.025885011357E+13,  2.273697416863E+02,  1.353439094064E+02,  8.203476767821E+01,NaN,  9.991062628612E+00,NaN,  1.973143019141E-06,  2.669087032825E-02,NaN,  4.880527586399E+06,  8.515463820632E-07
  1.740530498663E+04,  2.846205853433E+03,  2.854905040455E+03,  4.427825377512E+03,  5.421549247674E+03,  9.918599818371E+02,  4.914102198386E-01,NaN,NaN,  8.251586812073E-03,  1.628739088006E+16,  1.974677303313E+19,  1.167016232036E+20,  1.261010516585E+19,  1.481356471157E+21,  1.324437156955E+20,  1.030269605884E+13,  2.305910888078E+02,  1.383558606180E+02,  8.224452664055E+01,NaN,  9.990699567748E+00,NaN,  1.981576159297E-06,  2.659334037156E-02,NaN,  4.906623553632E+06,  8.683785793577E-07
  1.828264889350E+04,  2.831878874511E+03,  2.840205556084E+03,  4.149354071657E+03,  5.143015580691E+03,  9.918599818371E+02,  4.817335195298E-01,NaN,NaN,  8.428314866311E-03,  1.663271736838E+16,  1.940693739044E+19,  1.170412104562E+20,  1.300131137585E+19,  1.479157323808E+21,  1.345107984913E+20,  1.034904346033E+13,  2.343861172232E+02,  1.419119435130E+02,  8.248384801482E+01,NaN,  9.990323704828E+00,NaN,  1.990490418758E-06,  2.648101323818E-02,NaN,  4.932440162885E+06,  8.857521737780E-07
  1.921228256824E+04,  2.817514600773E+03,  2.825475293192E+03,  3.881792382154E+03,  4.875391912457E+03,  9.918599818371E+02,  4.720154416147E-01,NaN,NaN,  8.613265436711E-03,  1.697961253074E+16,  1.906470328590E+19,  1.173831883026E+20,  1.340282810293E+19,  1.476858116117E+21,  1.366738454414E+20,  1.039770952032E+13,  2.383478919078E+02,  1.456331038754E+02,  8.272485414070E+01,NaN,  9.989931891829E+00,NaN,  1.999850639006E-06,  2.636660374238E-02,NaN,  4.958135027212E+06,  9.038000325838E-07
  2.017897860641E+04,  2.803394351788E+03,  2.811004468714E+03,  3.631098950285E+03,  4.624637904536E+03,  9.918599818371E+02,  4.624454460016E-01,NaN,NaN,  8.802429105765E-03,  1.731687355572E+16,  1.873114988607E+19,  1.177164865581E+20,  1.380175245662E+19,  1.474534310704E+21,  1.388651188853E+20,  1.044781648781E+13,  2.423521337098E+02,  1.494028571374E+02,  8.295974339509E+01,NaN,  9.989531167832E+00,NaN,  2.009487997191E-06,  2.625383588722E-02,NaN,  4.983207706629E+06,  9.221826612794E-07
  2.119426328345E+04,  2.789388296056E+03,  2.796658523458E+03,  3.393471798398E+03,  4.386951148447E+03,  9.918599818371E+02,  4.529391617362E-01,NaN,NaN,  8.998146117267E-03,  1.764952526193E+16,  1.840135643908E+19,  1.180460213490E+20,  1.420383955008E+19,  1.472150530005E+21,  1.411166769636E+20,  1.049999167293E+13,  2.464574393759E+02,  1.532763396505E+02,  8.319198037814E+01,NaN,  9.989117327810E+00,NaN,  2.019523147442E-06,  2.614112123504E-02,NaN,  5.007899718442E+06,  9.410769446062E-07
  2.225595209981E+04,  2.775570130892E+03,  2.782513044806E+03,  3.169771708769E+03,  4.163192501865E+03,  9.918599818371E+02,  4.435476887326E-01,NaN,NaN,  9.199475898113E-03,  1.797454821896E+16,  1.807835859156E+19,  1.183687592247E+20,  1.460533059128E+19,  1.469729319209E+21,  1.434083074634E+20,  1.055408395218E+13,  2.506269196849E+02,  1.572187984296E+02,  8.341942729008E+01,NaN,  9.988691935271E+00,NaN,  2.029927023316E-06,  2.602955117894E-02,NaN,  5.032088091348E+06,  9.603931486345E-07
  2.337642412649E+04,  2.761850277605E+03,  2.768453830068E+03,  2.944686921629E+03,  3.938048107774E+03,  9.918599818371E+02,  4.341979240404E-01,NaN,NaN,  9.418631279047E-03,  1.834225856074E+16,  1.771202102341E+19,  1.187347852000E+20,  1.507014991810E+19,  1.466835036126E+21,  1.461139436369E+20,  1.061173206257E+13,  2.555385897920E+02,  1.618729558820E+02,  8.367738114062E+01,NaN,  9.988250728302E+00,NaN,  2.041014812427E-06,  2.590177277297E-02,NaN,  5.055974423194E+06,  9.803000705665E-07
  2.458090347538E+04,  2.747961429771E+03,  2.754247981307E+03,  2.738438141470E+03,  3.731740729779E+03,  9.918599818371E+02,  4.247309187214E-01,NaN,NaN,  9.641815913519E-03,  1.867029647199E+16,  1.738437731883E+19,  1.190621480838E+20,  1.549494109354E+19,  1.464169221066E+21,  1.486401844273E+20,  1.067232050467E+13,  2.601148787102E+02,  1.662190043027E+02,  8.390808748970E+01,NaN,  9.987784865124E+00,NaN,  2.052668132268E-06,  2.578610260416E-02,NaN,  5.079954913087E+06,  1.001168095819E-06
  2.583458646494E+04,  2.734390823620E+03,  2.740375710830E+03,  2.546840976895E+03,  3.540086543221E+03,  9.918599818371E+02,  4.154695800697E-01,NaN,NaN,  9.869688178174E-03,  1.898534865176E+16,  1.706896983101E+19,  1.193772764740E+20,  1.591226739952E+19,  1.461506059083E+21,  1.511707538687E+20,  1.073480188263E+13,  2.646900664942E+02,  1.705725839954E+02,  8.413017167821E+01,NaN,  9.987308755881E+00,NaN,  2.064685531233E-06,  2.567361783057E-02,NaN,  5.103223402878E+06,  1.022313935098E-06
  2.713678136376E+04,  2.721189184314E+03,  2.726867893205E+03,  2.358307119521E+03,  3.351495512098E+03,  9.918599818371E+02,  4.064398310656E-01,NaN,NaN,  1.011343142847E-02,  1.933256528373E+16,  1.672052984880E+19,  1.197253935852E+20,  1.638316521412E+19,  1.458407164531E+21,  1.540821248064E+20,  1.080023513459E+13,  2.699430658711E+02,  1.755807360940E+02,  8.437550440143E+01,NaN,  9.986823298447E+00,NaN,  2.077270680924E-06,  2.554823741933E-02,NaN,  5.125740529526E+06,  1.043670056379E-06
  2.849723775973E+04,  2.708239773110E+03,  2.713645177781E+03,  2.193123020725E+03,  3.186257232102E+03,  9.918599818371E+02,  3.975828896785E-01,NaN,NaN,  1.035176750355E-02,  1.962232496666E+16,  1.642906926743E+19,  1.200165770076E+20,  1.678553724360E+19,  1.455748552171E+21,  1.566217469943E+20,  1.086677268861E+13,  2.745171114200E+02,  1.799500704617E+02,  8.458071356716E+01,NaN,  9.986325301069E+00,NaN,  2.090068227312E-06,  2.544217833954E-02,NaN,  5.147649778450E+06,  1.065343733494E-06
  3.000031989856E+04,  2.694897233143E+03,  2.700002263661E+03,  2.017613221076E+03,  3.010689060269E+03,  9.918599818371E+02,  3.884360030574E-01,NaN,NaN,  1.062697644565E-02,  1.997550062026E+16,  1.607299486914E+19,  1.203722982534E+20,  1.728776637969E+19,  1.452314272193E+21,  1.598526623632E+20,  1.094114370077E+13,  2.803251058081E+02,  1.855079128715E+02,  8.483140524289E+01,NaN,  9.985785589251E+00,NaN,  2.104372427281E-06,  2.531157392939E-02,NaN,  5.170118990096E+06,  1.088542805104E-06
  3.150046570401E+04,  2.682468528630E+03,  2.687303583001E+03,  1.863919755490E+03,  2.856941420395E+03,  9.918599818371E+02,  3.799089292756E-01,NaN,NaN,  1.089490483617E-02,  2.029157850013E+16,  1.575354766668E+19,  1.206914162229E+20,  1.774895992351E+19,  1.449106522504E+21,  1.628834875270E+20,  1.101431431459E+13,  2.857633171716E+02,  1.907217568655E+02,  8.505630105516E+01,NaN,  9.985257132508E+00,NaN,  2.118445747806E-06,  2.519320417166E-02,NaN,  5.190909821548E+06,  1.110937689028E-06
  3.307691562576E+04,  2.670259299161E+03,  2.674854143946E+03,  1.729761627809E+03,  2.722732255039E+03,  9.918599818371E+02,  3.715323207243E-01,NaN,NaN,  1.115665175254E-02,  2.055102899265E+16,  1.549077854358E+19,  1.209538992403E+20,  1.813632481831E+19,  1.446407953982E+21,  1.654792425633E+20,  1.108883349757E+13,  2.904139850669E+02,  1.951879868834E+02,  8.524128384223E+01,NaN,  9.984712208527E+00,NaN,  2.132778446311E-06,  2.509484067623E-02,NaN,  5.211178205311E+06,  1.133680017163E-06
  3.473622445344E+04,  2.658326060083E+03,  2.662651940053E+03,  1.585403386264E+03,  2.578319195784E+03,  9.918599818371E+02,  3.633222414111E-01,NaN,NaN,  1.145998301411E-02,  2.089484487752E+16,  1.514180205029E+19,  1.213024909869E+20,  1.866177812315E+19,  1.442582543129E+21,  1.690639218496E+20,  1.116923334399E+13,  2.968251572628E+02,  2.013540546490E+02,  8.548695106092E+01,NaN,  9.984149404592E+00,NaN,  2.148242206278E-06,  2.496346703081E-02,NaN,  5.230935094973E+06,  1.156763034215E-06
  3.651696020552E+04,  2.646407860754E+03,  2.650488092931E+03,  1.456583066506E+03,  2.449446045005E+03,  9.918599818371E+02,  3.551238652421E-01,NaN,NaN,  1.176518905115E-02,  2.119029738621E+16,  1.484121309017E+19,  1.216027273105E+20,  1.912541552929E+19,  1.439176287885E+21,  1.722962566738E+20,  1.125275095130E+13,  3.025969069144E+02,  2.069148075650E+02,  8.569854018572E+01,NaN,  9.983556999427E+00,NaN,  2.164305622941E-06,  2.484913963262E-02,NaN,  5.250523376228E+06,  1.180591417700E-06
  3.836065003328E+04,  2.634963889940E+03,  2.638813950198E+03,  1.339177089737E+03,  2.331989149505E+03,  9.918599818371E+02,  3.472465302994E-01,NaN,NaN,  1.207476831102E-02,  2.146641227038E+16,  1.455971008842E+19,  1.218838819543E+20,  1.956919817531E+19,  1.435862549356E+21,  1.754499512141E+20,  1.133757659554E+13,  3.082201217780E+02,  2.123404825547E+02,  8.589668165072E+01,NaN,  9.982955391936E+00,NaN,  2.180620621788E-06,  2.474119871601E-02,NaN,  5.269223851199E+06,  1.204264712526E-06
  4.029353453614E+04,  2.623854881791E+03,  2.627485912161E+03,  1.230531765681E+03,  2.223294197675E+03,  9.918599818371E+02,  3.395915503732E-01,NaN,NaN,  1.239328230267E-02,  2.172895125757E+16,  1.429152487442E+19,  1.221517160530E+20,  2.000102512018E+19,  1.432586751198E+21,  1.785747405869E+20,  1.142466694480E+13,  3.137844046843E+02,  2.177166301829E+02,  8.608543556918E+01,NaN,  9.982336734896E+00,NaN,  2.197371204238E-06,  2.463759269364E-02,NaN,  5.287277746080E+06,  1.228024195714E-06
  4.231203720598E+04,  2.613147666429E+03,  2.616552964119E+03,  1.122429741602E+03,  2.115141275117E+03,  9.918599818371E+02,  3.322026211301E-01,NaN,NaN,  1.274222320254E-02,  2.202312570809E+16,  1.399041389706E+19,  1.224524277635E+20,  2.049654635082E+19,  1.428716095091E+21,  1.822261224014E+20,  1.151540600037E+13,  3.202770394132E+02,  2.239979744946E+02,  8.629735971900E+01,NaN,  9.981702984783E+00,NaN,  2.214823563136E-06,  2.452057209833E-02,NaN,  5.304616530827E+06,  1.251724415612E-06
  4.443288651621E+04,  2.602750459358E+03,  2.605958901408E+03,  1.030292534001E+03,  2.022957147352E+03,  9.918599818371E+02,  3.250289935197E-01,NaN,NaN,  1.307925289844E-02,  2.225668257423E+16,  1.375088872500E+19,  1.226915964980E+20,  2.089955244621E+19,  1.425559046063E+21,  1.852528655338E+20,  1.160634959609E+13,  3.256528830371E+02,  2.292059192827E+02,  8.646591195350E+01,NaN,  9.981049568616E+00,NaN,  2.232315262406E-06,  2.442666535283E-02,NaN,  5.321338386735E+06,  1.275442917641E-06
  4.666216327437E+04,  2.592704420320E+03,  2.595707279919E+03,  9.374563189946E+02,  1.930072258693E+03,  9.918599818371E+02,  3.180888232068E-01,NaN,NaN,  1.345343784217E-02,  2.252397342741E+16,  1.347626179560E+19,  1.229658146775E+20,  2.137107095970E+19,  1.421755352236E+21,  1.888536480021E+20,  1.170129407225E+13,  3.320402006094E+02,  2.354006578301E+02,  8.665916500130E+01,NaN,  9.980375527470E+00,NaN,  2.250576473775E-06,  2.431848874004E-02,NaN,  5.337445765567E+06,  1.299130777110E-06
  4.903261498206E+04,  2.582901001218E+03,  2.585705501516E+03,  8.506405944910E+02,  1.843208486935E+03,  9.918599818371E+02,  3.113122279713E-01,NaN,NaN,  1.384709514910E-02,  2.278140921505E+16,  1.321125432221E+19,  1.232304018961E+20,  2.183639615461E+19,  1.417937198658E+21,  1.924731119521E+20,  1.179911928969E+13,  3.384530716696E+02,  2.416277665294E+02,  8.684563070719E+01,NaN,  9.979672163678E+00,NaN,  2.269391754508E-06,  2.421340750018E-02,NaN,  5.353090953624E+06,  1.322968594378E-06
  5.150050485961E+04,  2.573557383786E+03,  2.576175965586E+03,  7.717701219162E+02,  1.764291820676E+03,  9.918599818371E+02,  3.048465869875E-01,NaN,NaN,  1.425041375319E-02,  2.302025316281E+16,  1.296493852951E+19,  1.234762972196E+20,  2.227839060172E+19,  1.414254146827E+21,  1.959724334264E+20,  1.189727037555E+13,  3.446464023479E+02,  2.476485233251E+02,  8.701892345095E+01,NaN,  9.978953283592E+00,NaN,  2.288269711369E-06,  2.411512539059E-02,NaN,  5.367933874730E+06,  1.346376684162E-06
  5.409361876551E+04,  2.564590748124E+03,  2.567033436135E+03,  6.994534889146E+02,  1.691930510957E+03,  9.918599818371E+02,  2.986408620132E-01,NaN,NaN,  1.466757948641E-02,  2.324368910598E+16,  1.273412229338E+19,  1.237066873182E+20,  2.270122116419E+19,  1.410679218477E+21,  1.993761688473E+20,  1.199628230163E+13,  3.506647009539E+02,  2.535051979370E+02,  8.718128901260E+01,NaN,  9.978211696958E+00,NaN,  2.307313238528E-06,  2.402250172236E-02,NaN,  5.382116067789E+06,  1.369497888750E-06
  5.681151276175E+04,  2.556048989284E+03,  2.558307729044E+03,  6.266767439223E+02,  1.619107213185E+03,  9.918599818371E+02,  2.927176153818E-01,NaN,NaN,  1.513811878846E-02,  2.349776931135E+16,  1.247119554506E+19,  1.239691359328E+20,  2.319320320534E+19,  1.406404704803E+21,  2.034023436630E+20,  1.209804639324E+13,  3.577755626296E+02,  2.604318646609E+02,  8.736624755460E+01,NaN,  9.977448087256E+00,NaN,  2.326886105343E-06,  2.391657403989E-02,NaN,  5.395599072000E+06,  1.392194578214E-06
  5.969620219504E+04,  2.547796244571E+03,  2.549897119056E+03,  5.659392781791E+02,  1.558327994232E+03,  9.918599818371E+02,  2.870017848167E-01,NaN,NaN,  1.559120063744E-02,  2.369223614203E+16,  1.226961307120E+19,  1.241702746521E+20,  2.357849691172E+19,  1.403048328171E+21,  2.066113539582E+20,  1.219834192953E+13,  3.634390069967E+02,  2.659543548024E+02,  8.750799844295E+01,NaN,  9.976651405239E+00,NaN,  2.346176516560E-06,  2.383478396425E-02,NaN,  5.408546840039E+06,  1.414675403179E-06
  6.269174742155E+04,  2.540064457991E+03,  2.542001345138E+03,  5.052528331714E+02,  1.497598411405E+03,  9.918599818371E+02,  2.816360687591E-01,NaN,NaN,  1.610070341912E-02,  2.391324235755E+16,  1.204018496275E+19,  1.243992117368E+20,  2.402557347420E+19,  1.399050481046E+21,  2.103882005413E+20,  1.229947897943E+13,  3.700981200523E+02,  2.724529393178E+02,  8.766934000481E+01,NaN,  9.975838364077E+00,NaN,  2.365628780875E-06,  2.374143696312E-02,NaN,  5.420659085330E+06,  1.436338769056E-06
  6.583108874874E+04,  2.532726709802E+03,  2.534528094707E+03,  4.564661112779E+02,  1.448774550953E+03,  9.918599818371E+02,  2.765487008099E-01,NaN,NaN,  1.657476078173E-02,  2.407066218937E+16,  1.187652230451E+19,  1.245624233020E+20,  2.435056645495E+19,  1.396153054469E+21,  2.131767708152E+20,  1.239649865227E+13,  3.750125506913E+02,  2.772531863322E+02,  8.778436203754E+01,NaN,  9.974999937294E+00,NaN,  2.384289126632E-06,  2.367440243793E-02,NaN,  5.432085050684E+06,  1.457358308807E-06
  6.919958029798E+04,  2.525671922617E+03,  2.527324928408E+03,  4.051219032639E+02,  1.397390249086E+03,  9.918599818371E+02,  2.716482627654E-01,NaN,NaN,  1.713712407324E-02,  2.426425622539E+16,  1.167500039363E+19,  1.247634257500E+20,  2.475737797263E+19,  1.392423680471E+21,  2.167094553700E+20,  1.249699148123E+13,  3.812329068927E+02,  2.833327731019E+02,  8.792601688972E+01,NaN,  9.974114497473E+00,NaN,  2.403617484268E-06,  2.359175730812E-02,NaN,  5.443063163105E+06,  1.478108155047E-06
  7.293386995903E+04,  2.518704970963E+03,  2.520210321887E+03,  3.559287437629E+02,  1.348156738359E+03,  9.918599818371E+02,  2.668049906760E-01,NaN,NaN,  1.776331355200E-02,  2.445438353897E+16,  1.147680579931E+19,  1.249610575563E+20,  2.516521151223E+19,  1.388631756971E+21,  2.203024950245E+20,  1.260069145675E+13,  3.875552612057E+02,  2.895168141089E+02,  8.806529630948E+01,NaN,  9.973148363804E+00,NaN,  2.423562690652E-06,  2.351016317002E-02,NaN,  5.453872817355E+06,  1.499090023471E-06
  7.666820100643E+04,  2.512520546314E+03,  2.513897509400E+03,  3.147138485523E+02,  1.306906359563E+03,  9.918599818371E+02,  2.625037097271E-01,NaN,NaN,  1.837620107858E-02,  2.461267144742E+16,  1.131158301620E+19,  1.251257389375E+20,  2.551130406832E+19,  1.385381449256E+21,  2.233928977134E+20,  1.269591590058E+13,  3.929903896360E+02,  2.948368362729E+02,  8.818135418312E+01,NaN,  9.972196738126E+00,NaN,  2.441877749799E-06,  2.344187958916E-02,NaN,  5.463436515418E+06,  1.518124943894E-06
  8.054569506729E+04,  2.506826578363E+03,  2.508087152112E+03,  2.786649865133E+02,  1.270825168415E+03,  9.918599818371E+02,  2.585659785468E-01,NaN,NaN,  1.899919259341E-02,  2.475014117326E+16,  1.116792800675E+19,  1.252688490497E+20,  2.581689705135E+19,  1.382487361624E+21,  2.261529838113E+20,  1.278635861453E+13,  3.978427757856E+02,  2.995893409725E+02,  8.828220987918E+01,NaN,  9.971222474709E+00,NaN,  2.459273111625E-06,  2.338231836130E-02,NaN,  5.472216052606E+06,  1.536001746658E-06
  8.459873155192E+04,  2.501582971241E+03,  2.502718083114E+03,  2.414341010082E+02,  1.233559929535E+03,  9.918599818371E+02,  2.549689484410E-01,NaN,NaN,  1.974646433760E-02,  2.491509833699E+16,  1.099536421954E+19,  1.254408129091E+20,  2.618951079381E+19,  1.378871040756E+21,  2.295549278836E+20,  1.287587472403E+13,  4.038189130886E+02,  3.054452934298E+02,  8.840340002054E+01,NaN,  9.970217161771E+00,NaN,  2.476490254346E-06,  2.331072826780E-02,NaN,  5.480309307239E+06,  1.552832874808E-06
  8.883984056842E+04,  2.496723824912E+03,  2.497762665013E+03,  2.138023657677E+02,  1.205901328020E+03,  9.918599818371E+02,  2.516515251293E-01,NaN,NaN,  2.040729721741E-02,  2.501716575136E+16,  1.088845607095E+19,  1.255471552316E+20,  2.642381813156E+19,  1.376617085735E+21,  2.317197733253E+20,  1.295733726656E+13,  4.076228590604E+02,  3.091753352913E+02,  8.847834391368E+01,NaN,  9.969177363252E+00,NaN,  2.492158408705E-06,  2.326612851992E-02,NaN,  5.487762476112E+06,  1.568639655609E-06
  9.359788903810E+04,  2.491993480921E+03,  2.492917137184E+03,  1.821874041399E+02,  1.174254978569E+03,  9.918599818371E+02,  2.484406547039E-01,NaN,NaN,  2.129321903669E-02,  2.516005339586E+16,  1.073867642682E+19,  1.256962626055E+20,  2.675608391395E+19,  1.373330282684E+21,  2.348147798182E+20,  1.304306133058E+13,  4.130565198093E+02,  3.145050664587E+02,  8.858342613145E+01,NaN,  9.968024710433E+00,NaN,  2.508646205741E-06,  2.320370893099E-02,NaN,  5.495035048081E+06,  1.584354489410E-06
  9.828462421972E+04,  2.487927083903E+03,  2.488774221974E+03,  1.618833498125E+02,  1.153929795564E+03,  9.918599818371E+02,  2.457097208434E-01,NaN,NaN,  2.197866487798E-02,  2.522861550622E+16,  1.066671684254E+19,  1.257676241273E+20,  2.691783481200E+19,  1.371765174568E+21,  2.363362592469E+20,  1.311404132480E+13,  4.157307144385E+02,  3.171300929954E+02,  8.863371758768E+01,NaN,  9.966901333135E+00,NaN,  2.522298191932E-06,  2.317352033133E-02,NaN,  5.501241106379E+06,  1.597997647469E-06
  1.033546166899E+05,  2.484123705637E+03,  2.484878758605E+03,  1.384819078149E+02,  1.130503684672E+03,  9.918599818371E+02,  2.431680800503E-01,NaN,NaN,  2.289990453248E-02,  2.533291723605E+16,  1.055719748085E+19,  1.258764587531E+20,  2.716578497926E+19,  1.369280219453E+21,  2.386818060223E+20,  1.318595114456E+13,  4.198482958338E+02,  3.211721783019E+02,  8.871041791142E+01,NaN,  9.965697084351E+00,NaN,  2.536129016762E-06,  2.312772390679E-02,NaN,  5.507066442293E+06,  1.611003373554E-06
  1.086504663747E+05,  2.480711020843E+03,  2.481383562310E+03,  1.183923888743E+02,  1.110392364466E+03,  9.918599818371E+02,  2.408991604373E-01,NaN,NaN,  2.385857898771E-02,  2.542127217187E+16,  1.046434123387E+19,  1.259686130638E+20,  2.737823704351E+19,  1.367137326716E+21,  2.407064954409E+20,  1.325161765819E+13,  4.234029964138E+02,  3.246631805184E+02,  8.877536291783E+01,NaN,  9.964450428826E+00,NaN,  2.548759030996E-06,  2.308883418493E-02,NaN,  5.512284949627E+06,  1.622821686347E-06
  1.143940677141E+05,  2.477557765091E+03,  2.478153414829E+03,  1.004702093962E+02,  1.092450260955E+03,  9.918599818371E+02,  2.388020325499E-01,NaN,NaN,  2.490020589123E-02,  2.549942136394E+16,  1.038214321240E+19,  1.260500603572E+20,  2.756801333522E+19,  1.365210852456E+21,  2.425264040353E+20,  1.331336167160E+13,  4.265989398592E+02,  3.278030655671E+02,  8.883276224022E+01,NaN,  9.963109491251E+00,NaN,  2.560634608441E-06,  2.305437055176E-02,NaN,  5.517100792168E+06,  1.633871075712E-06
  1.202044522962E+05,  2.474864576768E+03,  2.475396078148E+03,  8.614166989818E+01,  1.078105436952E+03,  9.918599818371E+02,  2.370199813839E-01,NaN,NaN,  2.591435479415E-02,  2.555905587086E+16,  1.031936717311E+19,  1.261120899828E+20,  2.771409203230E+19,  1.363724061739E+21,  2.439337322795E+20,  1.336647768770E+13,  4.290721334082E+02,  3.302338904810E+02,  8.887647711795E+01,NaN,  9.961763238417E+00,NaN,  2.570850714070E-06,  2.302802197418E-02,NaN,  5.521206460412E+06,  1.643401249165E-06
  1.268782804090E+05,  2.472277165751E+03,  2.472720661440E+03,  6.754191229947E+01,  1.059484239304E+03,  9.918599818371E+02,  2.353076817093E-01,NaN,NaN,  2.757816341320E-02,  2.566092607536E+16,  1.021210401969E+19,  1.262184559413E+20,  2.796548689152E+19,  1.361093897200E+21,  2.463718289126E+20,  1.342308779711E+13,  4.333496832444E+02,  3.344380168518E+02,  8.895143766838E+01,NaN,  9.960226142458E+00,NaN,  2.581738858545E-06,  2.298309226635E-02,NaN,  5.525185529141E+06,  1.652735820283E-06
  1.332761738937E+05,  2.470182193571E+03,  2.470577405692E+03,  5.783208127311E+01,  1.049762894666E+03,  9.918599818371E+02,  2.339356149846E-01,NaN,NaN,  2.870190513300E-02,  2.569657839005E+16,  1.017448121699E+19,  1.262552752188E+20,  2.805438512928E+19,  1.360181707300E+21,  2.472371188633E+20,  1.346483492426E+13,  4.348744458407E+02,  3.359382966381E+02,  8.897738575688E+01,NaN,  9.958760855958E+00,NaN,  2.589768321068E-06,  2.296727804060E-02,NaN,  5.528369852485E+06,  1.660276593458E-06
  1.400502159552E+05,  2.468384958370E+03,  2.468741269177E+03,  5.030382847018E+01,  1.042225606617E+03,  9.918599818371E+02,  2.327613226188E-01,NaN,NaN,  2.974933381589E-02,  2.572044079684E+16,  1.014926365335E+19,  1.262796509408E+20,  2.811426282687E+19,  1.359570303201E+21,  2.478176947584E+20,  1.350042490983E+13,  4.359017026898E+02,  3.369499165076E+02,  8.899456435015E+01,NaN,  9.957219235419E+00,NaN,  2.596613545512E-06,  2.295668839865E-02,NaN,  5.531095560263E+06,  1.666781775932E-06
  1.471978532130E+05,  2.466774694397E+03,  2.467069493548E+03,  3.902539997305E+01,  1.030933597582E+03,  9.918599818371E+02,  2.317048569107E-01,NaN,NaN,  3.172693780534E-02,  2.578354205647E+16,  1.008269817337E+19,  1.263452860373E+20,  2.827253288485E+19,  1.357883312495E+21,  2.493674465799E+20,  1.353723059398E+13,  4.386244188042E+02,  3.396279998075E+02,  8.904082015441E+01,NaN,  9.955596238670E+00,NaN,  2.603692592185E-06,  2.292881389530E-02,NaN,  5.533575421073E+06,  1.672741056012E-06
  1.558345621704E+05,  2.465303973546E+03,  2.465538930106E+03,  2.880636369061E+01,  1.020702069168E+03,  9.918599818371E+02,  2.307376291534E-01,NaN,NaN,  3.425692884496E-02,  2.584116338717E+16,  1.002186276687E+19,  1.264050107100E+20,  2.841822510235E+19,  1.356316313909E+21,  2.507964680721E+20,  1.357130907618E+13,  4.411380534125E+02,  3.421014926211E+02,  8.908291063526E+01,NaN,  9.953647545927E+00,NaN,  2.610247100585E-06,  2.290336557652E-02,NaN,  5.535844262150E+06,  1.678227628324E-06
  1.638424167794E+05,  2.464098284507E+03,  2.464313168502E+03,  2.555034312556E+01,  1.017441991031E+03,  9.918599818371E+02,  2.299607234833E-01,NaN,NaN,  3.532292195504E-02,  2.584168326079E+16,  1.002118873542E+19,  1.264047042767E+20,  2.841965405847E+19,  1.356308434113E+21,  2.508029593167E+20,  1.359432172169E+13,  4.411633202822E+02,  3.421287806604E+02,  8.908269467885E+01,NaN,  9.951842328292E+00,NaN,  2.614673253646E-06,  2.290313834616E-02,NaN,  5.537660210698E+06,  1.682642865623E-06
  1.726040751756E+05,  2.463126027849E+03,  2.463297238119E+03,  1.885885535362E+01,  1.010742204990E+03,  9.918599818371E+02,  2.293228201122E-01,NaN,NaN,  3.812973372475E-02,  2.587978120634E+16,  9.980899938214E+18,  1.264438792187E+20,  2.851644526327E+19,  1.355250566116E+21,  2.517521614935E+20,  1.361730108245E+13,  4.428379460756E+02,  3.437777652683E+02,  8.911030290293E+01,NaN,  9.949875285284E+00,NaN,  2.619093004862E-06,  2.288634515674E-02,NaN,  5.539164578350E+06,  1.686316711150E-06
  1.827132170299E+05,  2.462319594567E+03,  2.462451665871E+03,  1.333389654410E+01,  1.005210360692E+03,  9.918599818371E+02,  2.287918847287E-01,NaN,NaN,  4.160070361898E-02,  2.591142933204E+16,  9.947382680553E+18,  1.264761202117E+20,  2.859719619109E+19,  1.354354799971E+21,  2.525414267133E+20,  1.363654906186E+13,  4.442351345573E+02,  3.451544934664E+02,  8.913302448239E+01,NaN,  9.947613985676E+00,NaN,  2.622795078272E-06,  2.287243503265E-02,NaN,  5.540416186782E+06,  1.689384520487E-06
  1.920632251215E+05,  2.461681375456E+03,  2.461818582974E+03,  1.402337249509E+01,  1.005900664419E+03,  9.918599818371E+02,  2.283884951556E-01,NaN,NaN,  4.109365105349E-02,  2.588962377038E+16,  9.970231386898E+18,  1.264521399717E+20,  2.854163294214E+19,  1.354946631695E+21,  2.519758032849E+20,  1.364642604250E+13,  4.432626676643E+02,  3.442010153982E+02,  8.911612460187E+01,NaN,  9.945525039537E+00,NaN,  2.624694774162E-06,  2.288217599920E-02,NaN,  5.541352975232E+06,  1.691687381656E-06
  2.021759101484E+05,  2.461084321518E+03,  2.461190413271E+03,  9.947827724074E+00,  1.001820019861E+03,  9.918599818371E+02,  2.279960384959E-01,NaN,NaN,  4.479222758932E-02,  2.591310017523E+16,  9.945321958504E+18,  1.264757765287E+20,  2.860145909067E+19,  1.354271186925E+21,  2.525575514771E+20,  1.366083726482E+13,  4.442971214732E+02,  3.452210717803E+02,  8.913278227456E+01,NaN,  9.943264790899E+00,NaN,  2.627466566556E-06,  2.287189978109E-02,NaN,  5.542282243802E+06,  1.693977449907E-06
  2.123505774780E+05,  2.460662398842E+03,  2.460744545980E+03,  7.070827376839E+00,  9.989393721301E+02,  9.918599818371E+02,  2.277158170758E-01,NaN,NaN,  4.879457006592E-02,  2.592979558529E+16,  9.927560011245E+18,  1.264922627874E+20,  2.864407966672E+19,  1.353777338897E+21,  2.529677776258E+20,  1.367110614653E+13,  4.450318102638E+02,  3.459464112616E+02,  8.914440083226E+01,NaN,  9.940995540506E+00,NaN,  2.629441639009E-06,  2.286464191345E-02,NaN,  5.542941676579E+06,  1.695605990758E-06
  2.244144791369E+05,  2.460321272470E+03,  2.460382282083E+03,  4.754427791032E+00,  9.966200986051E+02,  9.918599818371E+02,  2.274881392306E-01,NaN,NaN,  5.389510275078E-02,  2.594332939281E+16,  9.913102162507E+18,  1.265052126021E+20,  2.867864654602E+19,  1.353361024277E+21,  2.532947029966E+20,  1.367946679214E+13,  4.456241432085E+02,  3.465323038416E+02,  8.915352710961E+01,NaN,  9.938309626221E+00,NaN,  2.631049689555E-06,  2.285882446617E-02,NaN,  5.543477368653E+06,  1.696931054101E-06
  2.356903878481E+05,  2.460107847653E+03,  2.460154394456E+03,  3.313974821101E+00,  9.951778412477E+02,  9.918599818371E+02,  2.273449150120E-01,NaN,NaN,  5.899156829293E-02,  2.595181712562E+16,  9.903977658739E+18,  1.265129305766E+20,  2.870030480694E+19,  1.353084964967E+21,  2.534937226946E+20,  1.368473061403E+13,  4.459915371559E+02,  3.468967657639E+02,  8.915896628987E+01,NaN,  9.935802470052E+00,NaN,  2.632062110372E-06,  2.285524123813E-02,NaN,  5.543814311577E+06,  1.697765473117E-06
  2.481285940072E+05,  2.459950127786E+03,  2.459985055724E+03,  2.259472675038E+00,  9.941220334295E+02,  9.918599818371E+02,  2.272384879629E-01,NaN,NaN,  6.492547601374E-02,  2.595809797550E+16,  9.897162722757E+18,  1.265181962226E+20,  2.871628916602E+19,  1.352864477067E+21,  2.536340641514E+20,  1.368863969298E+13,  4.462583816431E+02,  3.471626622703E+02,  8.916267721136E+01,NaN,  9.933039528662E+00,NaN,  2.632813965771E-06,  2.285266218804E-02,NaN,  5.544064665941E+06,  1.698385947692E-06
  2.605668001664E+05,  2.459845882318E+03,  2.459872511859E+03,  1.573594823875E+00,  9.934351981286E+02,  9.918599818371E+02,  2.271677557016E-01,NaN,NaN,  7.107552201870E-02,  2.596224641824E+16,  9.892596802771E+18,  1.265212143786E+20,  2.872679349467E+19,  1.352702274204E+21,  2.537194720694E+20,  1.369123241382E+13,  4.464292109806E+02,  3.473341254855E+02,  8.916480423240E+01,NaN,  9.930278629345E+00,NaN,  2.633312638524E-06,  2.285103381900E-02,NaN,  5.544231043449E+06,  1.698798525105E-06
  2.738865095361E+05,  2.459772247311E+03,  2.459792628061E+03,  1.101564467832E+00,  9.929626809485E+02,  9.918599818371E+02,  2.271175498401E-01,NaN,NaN,  7.770689023538E-02,  2.596516369735E+16,  9.889315933912E+18,  1.265228388875E+20,  2.873411813628E+19,  1.352570335363E+21,  2.537715752359E+20,  1.369306522238E+13,  4.465433556574E+02,  3.474500801083E+02,  8.916594909192E+01,NaN,  9.927323823519E+00,NaN,  2.633665153023E-06,  2.284997015257E-02,NaN,  5.544349133604E+06,  1.699091472580E-06
  2.877361232796E+05,  2.459721995458E+03,  2.459737931842E+03,  7.935098865290E-01,  9.926542501810E+02,  9.918599818371E+02,  2.270831740236E-01,NaN,NaN,  8.435032164016E-02,  2.596713266933E+16,  9.887027193628E+18,  1.265234061218E+20,  2.873899347563E+19,  1.352462323422E+21,  2.537982539980E+20,  1.369431205832E+13,  4.466139787729E+02,  3.475233743067E+02,  8.916634884575E+01,NaN,  9.924252986521E+00,NaN,  2.633904964074E-06,  2.284933887181E-02,NaN,  5.544429987293E+06,  1.699292100549E-06
  3.035642532723E+05,  2.459684551822E+03,  2.459697164844E+03,  5.809143060028E-01,  9.924413967213E+02,  9.918599818371E+02,  2.270575525296E-01,NaN,NaN,  9.119192133543E-02,  2.596856719981E+16,  9.885271901083E+18,  1.265231945427E+20,  2.874246369943E+19,  1.352361258896E+21,  2.538076555799E+20,  1.369523114685E+13,  4.466578273391E+02,  3.475708799202E+02,  8.916619973705E+01,NaN,  9.920745047703E+00,NaN,  2.634081737602E-06,  2.284898125720E-02,NaN,  5.544490249142E+06,  1.699441660756E-06
  3.205503741604E+05,  2.459658245729E+03,  2.459668663640E+03,  4.501788999865E-01,  9.923105037835E+02,  9.918599818371E+02,  2.270396399175E-01,NaN,NaN,  9.719519174436E-02,  2.596953468262E+16,  9.883991532877E+18,  1.265223645264E+20,  2.874471360297E+19,  1.352268500258E+21,  2.538029520785E+20,  1.369586302022E+13,  4.466790214169E+02,  3.475964219182E+02,  8.916561478980E+01,NaN,  9.916982074680E+00,NaN,  2.634203269402E-06,  2.284885263340E-02,NaN,  5.544532379051E+06,  1.699546234729E-06
  3.386944859439E+05,  2.459638996842E+03,  2.459648045327E+03,  3.730545777855E-01,  9.922332875402E+02,  9.918599818371E+02,  2.270266815934E-01,NaN,NaN,  1.018715243020E-01,  2.597019955807E+16,  9.883012639583E+18,  1.265210893854E+20,  2.874616676723E+19,  1.352179537130E+21,  2.537883959788E+20,  1.369630887479E+13,  4.466849907274E+02,  3.476073077269E+02,  8.916471614444E+01,NaN,  9.912964221788E+00,NaN,  2.634289023149E-06,  2.284887964742E-02,NaN,  5.544562856309E+06,  1.699621892087E-06
  3.608488145326E+05,  2.459621986932E+03,  2.459630146963E+03,  3.250284111409E-01,  9.921852036107E+02,  9.918599818371E+02,  2.270154327190E-01,NaN,NaN,  1.054434877041E-01,  2.597073843841E+16,  9.882105294593E+18,  1.265192446391E+20,  2.874723736981E+19,  1.352078406496E+21,  2.537635661261E+20,  1.369668359664E+13,  4.466799322584E+02,  3.476084531785E+02,  8.916341607444E+01,NaN,  9.908060371170E+00,NaN,  2.634361095533E-06,  2.284903437494E-02,NaN,  5.544589312820E+06,  1.699687573262E-06
  3.830031431213E+05,  2.459608517482E+03,  2.459616245327E+03,  3.022775132344E-01,  9.921624268986E+02,  9.918599818371E+02,  2.270066957336E-01,NaN,NaN,  1.073746824210E-01,  2.597112740741E+16,  9.881356073809E+18,  1.265172417985E+20,  2.874792141084E+19,  1.351981392475E+21,  2.537348660691E+20,  1.369696544330E+13,  4.466680922920E+02,  3.476029262416E+02,  8.916200458864E+01,NaN,  9.903158827405E+00,NaN,  2.634415304705E-06,  2.284925593389E-02,NaN,  5.544609861417E+06,  1.699738590604E-06
  4.051574717100E+05,  2.459596717385E+03,  2.459604237277E+03,  2.914783714738E-01,  9.921516210693E+02,  9.918599818371E+02,  2.269991488405E-01,NaN,NaN,  1.083564040428E-01,  2.597144534421E+16,  9.880681776141E+18,  1.265151640240E+20,  2.874842227185E+19,  1.351886329230E+21,  2.537043380825E+20,  1.369720326819E+13,  4.466530398083E+02,  3.475942373257E+02,  8.916054029387E+01,NaN,  9.898259554303E+00,NaN,  2.634461046921E-06,  2.284950912142E-02,NaN,  5.544627610927E+06,  1.699782660729E-06
  4.273118002986E+05,  2.459585707305E+03,  2.459593127652E+03,  2.863428097708E-01,  9.921464918138E+02,  9.918599818371E+02,  2.269921665948E-01,NaN,NaN,  1.088396662636E-01,  2.597172957018E+16,  9.880043033907E+18,  1.265130506543E+20,  2.874883618837E+19,  1.351792191577E+21,  2.536729484899E+20,  1.369741988748E+13,  4.466364635518E+02,  3.475840474753E+02,  8.915905091366E+01,NaN,  9.893362528335E+00,NaN,  2.634502710541E-06,  2.284977728009E-02,NaN,  5.544644032363E+06,  1.699823435255E-06
  4.494661288873E+05,  2.459575070633E+03,  2.459582444351E+03,  2.839440364518E-01,  9.921440545677E+02,  9.918599818371E+02,  2.269854522881E-01,NaN,NaN,  1.090694413145E-01,  2.597199778968E+16,  9.879421172087E+18,  1.265109203516E+20,  2.874920881437E+19,  1.351698493193E+21,  2.536411557243E+20,  1.369762684346E+13,  4.466191646818E+02,  3.475731447093E+02,  8.915754960002E+01,NaN,  9.888467737859E+00,NaN,  2.634542515562E-06,  2.285005250695E-02,NaN,  5.544659823565E+06,  1.699862646593E-06
  4.722684665712E+05,  2.459564308203E+03,  2.459571658540E+03,  2.827420121528E-01,  9.921428767895E+02,  9.918599818371E+02,  2.269786735552E-01,NaN,NaN,  1.091858147133E-01,  2.597226596248E+16,  9.878789447499E+18,  1.265087193957E+20,  2.874957197882E+19,  1.351602271923E+21,  2.536082421735E+20,  1.369783487313E+13,  4.466010051865E+02,  3.475615716692E+02,  8.915599849413E+01,NaN,  9.883432388577E+00,NaN,  2.634582527093E-06,  2.285033921024E-02,NaN,  5.544675766216E+06,  1.699902235679E-06
  4.958888158255E+05,  2.459481898858E+03,  2.459534688918E+03,  3.917767319567E+00,  9.918532668198E+02,  9.879272026985E+02,  2.269554386595E-01,NaN,NaN,  5.659301252961E-02,  2.597351088518E+16,  9.877114942499E+18,  1.265074591628E+20,  2.875244256211E+19,  1.351476021889E+21,  2.535992124568E+20,  1.369865222844E+13,  4.466259720961E+02,  3.475926402367E+02,  8.915511035517E+01,NaN,  9.878218869542E+00,NaN,  2.634739733691E-06,  2.285020397543E-02,NaN,  5.544730410953E+06,  1.700037943313E-06
  5.211991684745E+05,  2.456879970317E+03,  2.457114102801E+03,  2.849880931285E+01,  9.803551289044E+02,  9.518178701178E+02,  2.254335995200E-01,NaN,NaN,  3.450517598935E-02,  2.601858145216E+16,  9.829177991983E+18,  1.265522662847E+20,  2.886886158076E+19,  1.350170736565E+21,  2.547359031778E+20,  1.375075950194E+13,  4.486554377095E+02,  3.495961032065E+02,  8.918668781253E+01,NaN,  9.872644045685E+00,NaN,  2.644761822113E-06,  2.283036059894E-02,NaN,  5.548306404106E+06,  1.708962083911E-06
  5.477098543351E+05,  2.452181880604E+03,  2.452458534302E+03,  3.548092480616E+01,  9.549400039977E+02,  9.194108626384E+02,  2.225310972963E-01,NaN,NaN,  3.274845670459E-02,  2.614649530864E+16,  9.693733419983E+18,  1.266844275953E+20,  2.920298936851E+19,  1.346510794709E+21,  2.580884873678E+20,  1.385788700125E+13,  4.545566008210E+02,  3.554099091858E+02,  8.927982742898E+01,NaN,  9.866861540842E+00,NaN,  2.665366263653E-06,  2.277337634659E-02,NaN,  5.555173846779E+06,  1.726342686099E-06
  5.756269249013E+05,  2.446232548720E+03,  2.446540273942E+03,  4.071501901132E+01,  9.269074837597E+02,  8.861362960411E+02,  2.188754335359E-01,NaN,NaN,  3.174371429769E-02,  2.627468829508E+16,  9.557839627521E+18,  1.268169337990E+20,  2.954337197772E+19,  1.342780100614E+21,  2.615483744313E+20,  1.399541448123E+13,  4.606442204115E+02,  3.614101541895E+02,  8.937321010612E+01,NaN,  9.860853423998E+00,NaN,  2.691817706460E-06,  2.271597066201E-02,NaN,  5.563884290310E+06,  1.748857135770E-06
  6.048768890710E+05,  2.439681891609E+03,  2.439995227646E+03,  4.150737401865E+01,  8.959253253167E+02,  8.543594521309E+02,  2.148790143010E-01,NaN,NaN,  3.170548331405E-02,  2.642428189107E+16,  9.399141646348E+18,  1.269721258380E+20,  2.994748429782E+19,  1.338300926507E+21,  2.657133707050E+20,  1.415520113664E+13,  4.679611940119E+02,  3.686239526944E+02,  8.948258044249E+01,NaN,  9.854658152466E+00,NaN,  2.722550383143E-06,  2.264875419185E-02,NaN,  5.573491775987E+06,  1.774318148057E-06
  6.354245490824E+05,  2.432890375302E+03,  2.433198008526E+03,  4.029914929921E+01,  8.643745772042E+02,  8.240171672840E+02,  2.107547849287E-01,NaN,NaN,  3.206170753357E-02,  2.658208751268E+16,  9.231536224746E+18,  1.271361233142E+20,  3.038206118461E+19,  1.333418266073E+21,  2.702581644473E+20,  1.432950692137E+13,  4.759384380599E+02,  3.764919801014E+02,  8.959815633970E+01,NaN,  9.848298862741E+00,NaN,  2.756075606588E-06,  2.257761374540E-02,NaN,  5.583441240874E+06,  1.801404302592E-06
  6.673892509571E+05,  2.426110262922E+03,  2.426400219456E+03,  3.705223768859E+01,  8.339045989343E+02,  7.967973536605E+02,  2.066852913168E-01,NaN,NaN,  3.286758159203E-02,  2.673774249855E+16,  9.065986287551E+18,  1.272979596056E+20,  3.081932492869E+19,  1.328434213265E+21,  2.748981004701E+20,  1.451230407489E+13,  4.840790936914E+02,  3.845251201273E+02,  8.971220915932E+01,NaN,  9.841761613576E+00,NaN,  2.791234023310E-06,  2.250722587377E-02,NaN,  5.593362940282E+06,  1.829170399645E-06
  7.008608234154E+05,  2.419407339891E+03,  2.419692083851E+03,  3.598355172860E+01,  8.049222612336E+02,  7.688839369836E+02,  2.027221247527E-01,NaN,NaN,  3.323531376838E-02,  2.688807666945E+16,  8.905866325338E+18,  1.274542547046E+20,  3.125000927193E+19,  1.323453161651E+21,  2.795338886165E+20,  1.470135392943E+13,  4.922102144994E+02,  3.925528193626E+02,  8.982235686826E+01,NaN,  9.835035440909E+00,NaN,  2.827595057600E-06,  2.243905184958E-02,NaN,  5.603125868705E+06,  1.857256492932E-06
  7.361331155748E+05,  2.412605661155E+03,  2.412881612419E+03,  3.433050526257E+01,  7.762592976144E+02,  7.418751296232E+02,  1.987230217917E-01,NaN,NaN,  3.375992567867E-02,  2.704107337496E+16,  8.742696706133E+18,  1.276134571022E+20,  3.169701094052E+19,  1.318207326382E+21,  2.844167239114E+20,  1.490315506368E+13,  5.007698661294E+02,  4.010072372314E+02,  8.993455347253E+01,NaN,  9.828072559075E+00,NaN,  2.866408618077E-06,  2.236947814517E-02,NaN,  5.613009486887E+06,  1.886491476478E-06
  7.736421612530E+05,  2.405718333216E+03,  2.405983772614E+03,  3.242489185795E+01,  7.481250637132E+02,  7.156481042007E+02,  1.947290513830E-01,NaN,NaN,  3.438239588081E-02,  2.719493108354E+16,  8.578379265441E+18,  1.277736250679E+20,  3.215565736965E+19,  1.312742779040E+21,  2.895024025205E+20,  1.511813320031E+13,  5.096812659928E+02,  4.098130300754E+02,  9.004743055307E+01,NaN,  9.820802456564E+00,NaN,  2.907756586403E-06,  2.229932849233E-02,NaN,  5.622991009749E+06,  1.916866232507E-06
  8.128820370775E+05,  2.398882553354E+03,  2.399137971692E+03,  3.063914969812E+01,  7.212250491046E+02,  6.905353724292E+02,  1.908207654608E-01,NaN,NaN,  3.501262373670E-02,  2.734473518508E+16,  8.418158765043E+18,  1.279295782233E+20,  3.261130258476E+19,  1.307231012942E+21,  2.946311505922E+20,  1.534243885081E+13,  5.186652827835E+02,  4.186946071727E+02,  9.015733728007E+01,NaN,  9.813335379826E+00,NaN,  2.950898568549E-06,  2.223085656922E-02,NaN,  5.632868610418E+06,  1.947798646662E-06
  8.537057697157E+05,  2.392155911552E+03,  2.392402149704E+03,  2.902542821224E+01,  6.956809004037E+02,  6.666063367811E+02,  1.869981827568E-01,NaN,NaN,  3.563083472421E-02,  2.748975695903E+16,  8.262830890937E+18,  1.280805409523E+20,  3.306120860272E+19,  1.301705425626E+21,  2.997705715798E+20,  1.557454977479E+13,  5.276653957336E+02,  4.275959573489E+02,  9.026372704437E+01,NaN,  9.805708344844E+00,NaN,  2.995541783358E-06,  2.216442132563E-02,NaN,  5.642559817637E+06,  1.979025303119E-06
  8.968949527288E+05,  2.385430587039E+03,  2.385668401087E+03,  2.756115583161E+01,  6.710167868827E+02,  6.434077352041E+02,  1.832304953814E-01,NaN,NaN,  3.624009853591E-02,  2.763256122336E+16,  8.109660803888E+18,  1.282291700736E+20,  3.351296472181E+19,  1.296072231954E+21,  3.050071315616E+20,  1.581867810346E+13,  5.368331601793E+02,  4.366668987115E+02,  9.036847221748E+01,NaN,  9.797786207844E+00,NaN,  3.042496373996E-06,  2.209886773625E-02,NaN,  5.652220687856E+06,  2.011053529186E-06
  9.418866634890E+05,  2.378811841173E+03,  2.379042829908E+03,  2.637097830712E+01,  6.476856126769E+02,  6.212676496613E+02,  1.795753101563E-01,NaN,NaN,  3.678864982805E-02,  2.776957712627E+16,  7.962487487774E+18,  1.283716930523E+20,  3.395481265813E+19,  1.290479521927E+21,  3.102029308656E+20,  1.607121056266E+13,  5.459279915789E+02,  4.456693899878E+02,  9.046891413595E+01,NaN,  9.789684364034E+00,NaN,  3.091067378880E-06,  2.203585301748E-02,NaN,  5.661699774616E+06,  2.043385761274E-06
  9.890195802843E+05,  2.372268111956E+03,  2.372493209475E+03,  2.534321833199E+01,  6.253891054690E+02,  5.999995830987E+02,  1.759851308850E-01,NaN,NaN,  3.730424315453E-02,  2.790306441992E+16,  7.818905464539E+18,  1.285104839567E+20,  3.439342066489E+19,  1.284844050111E+21,  3.154339754288E+20,  1.633392547059E+13,  5.550826061012E+02,  4.547345259791E+02,  9.056672590511E+01,NaN,  9.781351075371E+00,NaN,  3.141596832071E-06,  2.197436048163E-02,NaN,  5.671044392795E+06,  2.076172444353E-06
  1.038512931973E+06,  2.365742530426E+03,  2.365938254076E+03,  2.092008965081E+01,  6.004755857119E+02,  5.795159829623E+02,  1.724487947192E-01,NaN,NaN,  3.929425471954E-02,  2.807791627537E+16,  7.630702613070E+18,  1.286936940407E+20,  3.497990167384E+19,  1.277157401334E+21,  3.225599797416E+20,  1.661963933434E+13,  5.675274925881E+02,  4.670588912145E+02,  9.069584173250E+01,NaN,  9.772756444532E+00,NaN,  3.196549805306E-06,  2.189369488220E-02,NaN,  5.680371038591E+06,  2.109834988643E-06
  1.091901123629E+06,  2.359068216751E+03,  2.359256827413E+03,  1.980300336995E+01,  5.791880511664E+02,  5.593466439660E+02,  1.688890931985E-01,NaN,NaN,  4.000225450175E-02,  2.821161268013E+16,  7.486441319900E+18,  1.288327036206E+20,  3.543852756965E+19,  1.271055114611E+21,  3.282184130662E+20,  1.691790611143E+13,  5.774229118186E+02,  4.768654453787E+02,  9.079380761153E+01,NaN,  9.763655574404E+00,NaN,  3.253917151797E-06,  2.183188731943E-02,NaN,  5.689851401373E+06,  2.145051187729E-06
  1.147492132586E+06,  2.352502156298E+03,  2.352685300981E+03,  1.893746155906E+01,  5.590059166782E+02,  5.400307835349E+02,  1.654162482226E-01,NaN,NaN,  4.061830924545E-02,  2.834052729696E+16,  7.347139350459E+18,  1.289666292399E+20,  3.588911000982E+19,  1.264966122151E+21,  3.338589899760E+20,  1.722729965777E+13,  5.872856455637E+02,  4.866430969685E+02,  9.088819061033E+01,NaN,  9.754354671430E+00,NaN,  3.313424573133E-06,  2.177221845050E-02,NaN,  5.699150099737E+06,  2.180609279483E-06
  1.205020684152E+06,  2.345992443468E+03,  2.346178468665E+03,  1.922998050499E+01,  5.397272406948E+02,  5.204580723522E+02,  1.620197288295E-01,NaN,NaN,  4.062956933804E-02,  2.846562921564E+16,  7.211773302755E+18,  1.290965249681E+20,  3.633447922211E+19,  1.258857846004E+21,  3.395150565755E+20,  1.755040839940E+13,  5.971733286924E+02,  4.964486850321E+02,  9.097973357593E+01,NaN,  9.744906708770E+00,NaN,  3.375569916024E-06,  2.171424636113E-02,NaN,  5.708332222604E+06,  2.216748607675E-06
  1.265725720019E+06,  2.339401177796E+03,  2.339578725368E+03,  1.796934888710E+01,  5.207700062329E+02,  5.027630732299E+02,  1.586255884029E-01,NaN,NaN,  4.149843179914E-02,  2.859169567461E+16,  7.075187758266E+18,  1.292274352002E+20,  3.679157575041E+19,  1.252495037304E+21,  3.454057440542E+20,  1.789682961769E+13,  6.074676305258E+02,  5.066605117038E+02,  9.107199150497E+01,NaN,  9.735123874833E+00,NaN,  3.442199080208E-06,  2.165576354837E-02,NaN,  5.717620115120E+06,  2.254383549392E-06
  1.329242906511E+06,  2.333031312956E+03,  2.333205652727E+03,  1.744208262571E+01,  5.032399703286E+02,  4.857604952181E+02,  1.553790390770E-01,NaN,NaN,  4.198048226428E-02,  2.870921764608E+16,  6.947659428678E+18,  1.293491267492E+20,  3.722539082107E+19,  1.246357528569E+21,  3.510722944378E+20,  1.824960714922E+13,  6.173722822403E+02,  5.164894464184E+02,  9.115775264152E+01,NaN,  9.725079670311E+00,NaN,  3.510050790286E-06,  2.160122521855E-02,NaN,  5.726564887671E+06,  2.291694685237E-06
  1.395832939278E+06,  2.326753263734E+03,  2.326903440176E+03,  1.421782335732E+01,  4.836659613272E+02,  4.694166761133E+02,  1.522109038822E-01,NaN,NaN,  4.436270169507E-02,  2.886512587444E+16,  6.778420320658E+18,  1.295123044542E+20,  3.781216504108E+19,  1.237906529077E+21,  3.588833230155E+20,  1.862986124048E+13,  6.309942549494E+02,  5.300067598491E+02,  9.127275081148E+01,NaN,  9.714740705629E+00,NaN,  3.583187223450E-06,  2.152880507661E-02,NaN,  5.735386990817E+06,  2.329559387230E-06
  1.465715998673E+06,  2.320463798994E+03,  2.320612041978E+03,  1.389756480083E+01,  4.675968387270E+02,  4.536677756183E+02,  1.490881691302E-01,NaN,NaN,  4.480069288201E-02,  2.897668802442E+16,  6.656969751530E+18,  1.296275399657E+20,  3.824068919041E+19,  1.231626121284E+21,  3.646677666902E+20,  1.901875513976E+13,  6.411018363661E+02,  5.400437858275E+02,  9.135396210775E+01,NaN,  9.704084772793E+00,NaN,  3.657985400054E-06,  2.147696539641E-02,NaN,  5.744171019601E+06,  2.368352572343E-06
  1.539560597301E+06,  2.314207678013E+03,  2.314354728103E+03,  1.367286828442E+01,  4.521562674489E+02,  4.384516612182E+02,  1.460204243014E-01,NaN,NaN,  4.517050595251E-02,  2.908564154779E+16,  6.538196120372E+18,  1.297398539668E+20,  3.866623122087E+19,  1.225293833226E+21,  3.704879452453E+20,  1.942757425571E+13,  6.512719307229E+02,  5.501457810577E+02,  9.143311449317E+01,NaN,  9.693031435399E+00,NaN,  3.736615906963E-06,  2.142633505397E-02,NaN,  5.752884818141E+06,  2.407953938521E-06
  1.616909299800E+06,  2.308075742155E+03,  2.308224353456E+03,  1.379116133829E+01,  4.375778672590E+02,  4.237539450378E+02,  1.430363146427E-01,NaN,NaN,  4.525851349368E-02,  2.918978424941E+16,  6.424506113273E+18,  1.298468901109E+20,  3.907967948409E+19,  1.219046408916E+21,  3.762138188308E+20,  1.985075708269E+13,  6.612786740335E+02,  5.600884537060E+02,  9.150854735148E+01,NaN,  9.681669158019E+00,NaN,  3.818009068149E-06,  2.137795347566E-02,NaN,  5.761400030382E+06,  2.447770553397E-06
  1.697916785462E+06,  2.301741940771E+03,  2.301872909383E+03,  1.158611892918E+01,  4.202169299162E+02,  4.086024175578E+02,  1.400010574731E-01,NaN,NaN,  4.747648219355E-02,  2.934009024301E+16,  6.260465513829E+18,  1.300040309904E+20,  3.968765901139E+19,  1.209729918981E+21,  3.848105849817E+20,  2.033084099220E+13,  6.762575408286E+02,  5.749682626680E+02,  9.161929111743E+01,NaN,  9.669983132802E+00,NaN,  3.910346338327E-06,  2.130799861196E-02,NaN,  5.770199628423E+06,  2.490123203100E-06
  1.783363780754E+06,  2.295407666202E+03,  2.295534993312E+03,  1.109448542536E+01,  4.060382004135E+02,  3.949158341058E+02,  1.370121097235E-01,NaN,NaN,  4.820177220382E-02,  2.944668043404E+16,  6.143768209751E+18,  1.301136148162E+20,  4.012755354453E+19,  1.202851376872E+21,  3.911169776076E+20,  2.082409492503E+13,  6.872696427382E+02,  5.859152314208E+02,  9.169651943382E+01,NaN,  9.657887878391E+00,NaN,  4.005216674032E-06,  2.125843758636E-02,NaN,  5.778957561187E+06,  2.533540857576E-06
  1.874153963615E+06,  2.289187321708E+03,  2.289314675832E+03,  1.103443645353E+01,  3.926219333103E+02,  3.815591013067E+02,  1.340967239968E-01,NaN,NaN,  4.847436679806E-02,  2.954897753661E+16,  6.031598865075E+18,  1.302183518021E+20,  4.055662417498E+19,  1.196028172940E+21,  3.973474301559E+20,  2.133765013850E+13,  6.981518920613E+02,  5.967362777761E+02,  9.177033197892E+01,NaN,  9.645278202266E+00,NaN,  4.103991670565E-06,  2.121091868550E-02,NaN,  5.787530813884E+06,  2.577314764059E-06
  1.969168657838E+06,  2.283149159380E+03,  2.283258917000E+03,  8.999292634201E+00,  3.777448287222E+02,  3.687216766413E+02,  1.313054999229E-01,NaN,NaN,  5.122424856572E-02,  2.968546500378E+16,  5.881966576355E+18,  1.303602963850E+20,  4.113974427079E+19,  1.186620845343E+21,  4.059799717767E+20,  2.188468229287E+13,  7.131915440766E+02,  6.116888423576E+02,  9.187036627761E+01,NaN,  9.632331232221E+00,NaN,  4.209205477639E-06,  2.114746028692E-02,NaN,  5.795856234827E+06,  2.621075214963E-06
  2.070873151286E+06,  2.276848165233E+03,  2.276956766377E+03,  8.820914509255E+00,  3.650344535588E+02,  3.561895989691E+02,  1.284417194147E-01,NaN,NaN,  5.170946911326E-02,  2.978651029437E+16,  5.770824065950E+18,  1.304633808200E+20,  4.157942881396E+19,  1.179372162083E+21,  4.125787834615E+20,  2.247266220358E+13,  7.247136720717E+02,  6.231519324027E+02,  9.194301420083E+01,NaN,  9.618721145855E+00,NaN,  4.322294999698E-06,  2.110056398555E-02,NaN,  5.804498450043E+06,  2.667857653765E-06
  2.177031953273E+06,  2.270645778994E+03,  2.270757727130E+03,  9.131587813770E+00,  3.529965499285E+02,  3.438395574968E+02,  1.256534311582E-01,NaN,NaN,  5.148964053727E-02,  2.988337176044E+16,  5.664127517646E+18,  1.305618075294E+20,  4.200758443551E+19,  1.172198009393E+21,  4.190889416221E+20,  2.308795761880E+13,  7.360827395363E+02,  6.344655710208E+02,  9.201237962952E+01,NaN,  9.604784445360E+00,NaN,  4.440638268174E-06,  2.105565888457E-02,NaN,  5.812977515462E+06,  2.715153980389E-06
  2.286007419662E+06,  2.264673283800E+03,  2.264789820173E+03,  9.579286408776E+00,  3.419312483597E+02,  3.323247070743E+02,  1.229957667545E-01,NaN,NaN,  5.109490890812E-02,  2.997246251873E+16,  5.565835907057E+18,  1.306517555450E+20,  4.240736984373E+19,  1.165389072192E+21,  4.252380333545E+20,  2.371686354340E+13,  7.468260161348E+02,  6.451594891157E+02,  9.207576976719E+01,NaN,  9.590752690272E+00,NaN,  4.561599323369E-06,  2.101442527851E-02,NaN,  5.821120133402E+06,  2.761928298595E-06
  2.401085609799E+06,  2.258453830461E+03,  2.258553470532E+03,  7.727178418666E+00,  3.284209149785E+02,  3.206710564601E+02,  1.202747010977E-01,NaN,NaN,  5.415796986368E-02,  3.010736916142E+16,  5.417151941167E+18,  1.307917248914E+20,  4.302336669058E+19,  1.154801685736E+21,  4.349362440512E+20,  2.444094156889E+13,  7.637085981127E+02,  6.619579811972E+02,  9.217441203391E+01,NaN,  9.576200180796E+00,NaN,  4.700865370293E-06,  2.095178223674E-02,NaN,  5.829607812282E+06,  2.812154451743E-06
  2.522414419780E+06,  2.252355504279E+03,  2.252454697389E+03,  7.635563351740E+00,  3.178230012992E+02,  3.101645425740E+02,  1.176456222959E-01,NaN,NaN,  5.456192860435E-02,  3.019667087488E+16,  5.318327516992E+18,  1.308815573582E+20,  4.343842249577E+19,  1.147470854776E+21,  4.415406510494E+20,  2.517412485202E+13,  7.752424367572E+02,  6.734435617415E+02,  9.223772073949E+01,NaN,  9.561149434343E+00,NaN,  4.841882683232E-06,  2.091052304486E-02,NaN,  5.837887370569E+06,  2.862652693919E-06
  2.648580233930E+06,  2.246508824078E+03,  2.246595547254E+03,  6.346685314781E+00,  3.060601271001E+02,  2.996938509813E+02,  1.151413508906E-01,NaN,NaN,  5.739016851673E-02,  3.031825793597E+16,  5.183885827591E+18,  1.310067650252E+20,  4.401346544443E+19,  1.137209034908E+21,  4.508792188427E+20,  2.594880884780E+13,  7.915028385886E+02,  6.896310765271E+02,  9.232595983184E+01,NaN,  9.545797238810E+00,NaN,  4.990882064389E-06,  2.085424657101E-02,NaN,  5.845822249027E+06,  2.912498362888E-06
  2.781574221110E+06,  2.240296186174E+03,  2.240382640107E+03,  6.281606471939E+00,  2.958902183076E+02,  2.895887796782E+02,  1.125252821629E-01,NaN,NaN,  5.780472261589E-02,  3.040815798050E+16,  5.084121648499E+18,  1.310969875035E+20,  4.444562378512E+19,  1.129307157432E+21,  4.579897092736E+20,  2.680327074836E+13,  8.039134455131E+02,  7.019939922925E+02,  9.238954339494E+01,NaN,  9.529904670464E+00,NaN,  5.155225583941E-06,  2.081278730218E-02,NaN,  5.854215548217E+06,  2.966830506349E-06
  2.920709413414E+06,  2.234295651069E+03,  2.234387082842E+03,  6.727901558432E+00,  2.865488429111E+02,  2.797992120042E+02,  1.100408859921E-01,NaN,NaN,  5.707774497353E-02,  3.049045867391E+16,  4.992618984240E+18,  1.311786758974E+20,  4.484677562473E+19,  1.121831243256E+21,  4.646623275097E+20,  2.768438755854E+13,  8.155687548438E+02,  7.136080398319E+02,  9.244711263092E+01,NaN,  9.513597056369E+00,NaN,  5.324695793937E-06,  2.077495889397E-02,NaN,  5.862295128953E+06,  3.020755532987E-06
  3.068320705562E+06,  2.228042368910E+03,  2.228146760844E+03,  7.978077492238E+00,  2.785562552883E+02,  2.705509368785E+02,  1.074892221891E-01,NaN,NaN,  5.495636289620E-02,  3.061727475042E+16,  4.851860197431E+18,  1.313091517887E+20,  4.547618020479E+19,  1.110045318923E+21,  4.753904967034E+20,  2.870111904937E+13,  8.342340630249E+02,  7.321983694192E+02,  9.253906446178E+01,NaN,  9.496623623742E+00,NaN,  5.520249547161E-06,  2.071639780739E-02,NaN,  5.870683673762E+06,  3.078498211582E-06
  3.225410145030E+06,  2.214348871729E+03,  2.214535364995E+03,  1.705361936596E+01,  2.786846989357E+02,  2.615689762439E+02,  1.020453142309E-01,NaN,NaN,  4.592994018655E-02,  3.081769009567E+16,  4.629425938143E+18,  1.315210149976E+20,  4.650308260904E+19,  1.090849945871E+21,  4.935835608364E+20,  3.114479561688E+13,  8.657914333439E+02,  7.636239941903E+02,  9.268837334759E+01,NaN,  9.479059815723E+00,NaN,  5.990255766849E-06,  2.062274159494E-02,NaN,  5.888907272666E+06,  3.210471429057E-06
  3.387504413511E+06,  2.189367836367E+03,  2.189629707028E+03,  2.611576027484E+01,  2.789143050592E+02,  2.526921290370E+02,  9.253725938536E-02,NaN,NaN,  4.211467579853E-02,  3.117808355966E+16,  4.228712807664E+18,  1.319115096485E+20,  4.844510851616E+19,  1.053303938414E+21,  5.300274771791E+20,  3.688450405001E+13,  9.288389951006E+02,  8.264134552493E+02,  9.296357129974E+01,NaN,  9.461961457344E+00,NaN,  7.094206550938E-06,  2.045373010610E-02,NaN,  5.921993587411E+06,  3.475403588962E-06
  3.558331570484E+06,  2.150205378404E+03,  2.150540661541E+03,  3.475238467929E+01,  2.792605114044E+02,  2.443381852626E+02,  7.877332239826E-02,NaN,NaN,  4.052064875738E-02,  3.173167277068E+16,  3.609711601153E+18,  1.325208288924E+20,  5.167486102895E+19,  9.853991595286E+20,  5.967235779802E+20,  5.124199002345E+13,  1.044029959698E+03,  9.411913885133E+02,  9.339298411687E+01,NaN,  9.445577212655E+00,NaN,  9.855663527822E-06,  2.019560053772E-02,NaN,  5.973258186084E+06,  3.963317779994E-06
  3.737832034699E+06,  2.093908259158E+03,  2.094321973647E+03,  4.295059898625E+01,  2.796856220790E+02,  2.364613094875E+02,  6.145387167772E-02,NaN,NaN,  4.045580025398E-02,  3.243325272682E+16,  2.817706139175E+18,  1.333042350722E+20,  5.622802079629E+19,  8.751672775764E+20,  7.062121771138E+20,  9.948191370993E+13,  1.232880483740E+03,  1.129504777025E+03,  9.394508329642E+01,NaN,  9.430604284792E+00,NaN,  1.913392255414E-05,  1.987341507843E-02,NaN,  6.045599819896E+06,  4.866997630876E-06
  3.925064530942E+06,  2.014650959745E+03,  2.015164065156E+03,  5.073403455753E+01,  2.801271601992E+02,  2.289292589305E+02,  4.198377940889E-02,NaN,NaN,  4.247725900065E-02,  3.319537519210E+16,  1.945365399467E+18,  1.341696886712E+20,  6.172212541689E+19,  7.097446521049E+20,  8.730067230281E+20,  5.187711979335E+14,  1.520265350838E+03,  1.416292588176E+03,  9.455500473218E+01,NaN,  9.417658151843E+00,NaN,  9.977821650599E-05,  1.953267368654E-02,NaN,  6.144777248075E+06,  6.987053411704E-06
  4.121675841567E+06,  1.854207223618E+03,  1.855205710449E+03,  5.642955682283E+01,  2.805821337305E+02,  2.217963738439E+02,  2.050327998617E-02,NaN,NaN,  7.431645622234E-02,  3.403564847943E+16,  9.628587519703E+17,  1.351471216218E+20,  6.783547557370E+19,  4.334486022580E+20,  1.154393037553E+21,  1.116577118023E+18,  2.004877340125E+03,  1.900011904438E+03,  9.524384271182E+01,NaN,  9.406835344286E+00,NaN,  2.147576308621E-01,  1.917634177638E-02,NaN,  6.269838273346E+06,  7.281407432056E-05
  4.218560819648E+06,  1.416472731495E+03,  1.660000061938E+03,  1.944018532376E-01,  2.808571417314E+02,  2.186363137957E+02,  6.219811542926E-03,NaN,NaN,  5.261342784684E+03,  3.460167869206E+16,  2.921851583828E+17,  1.358156762378E+20,  7.228545164620E+19,  1.546496690888E+20,  1.433952693818E+21,  5.461753833540E+20,  2.590697525541E+03,  2.380530659602E+03,  9.571500117916E+01,NaN,  9.402845331700E+00,NaN,  1.050490194283E+02,  1.948434971394E-02,NaN,  6.315623739710E+06,  6.301667959366E+12
