t(yr),T_surf(K),T_pot(K),flux_surf(W/m2),flux_OLR(W/m2),flux_ASR(W/m2),phi(vol_frac),fO2_solid(bar),fO2_melt(bar),thick_surf_bl(m),massC_solid(kg),massC_melt(kg),massC_atm(kg),massH_solid(kg),massH_melt(kg),massH_atm(kg),massO_atm(kg),p_surf(bar),p_H2O(bar),p_CO2(bar),p_CO(bar),p_H2(bar),p_CH4(bar),p_O2(bar),mmw(kg/mol),R_trans(m),R_solid(m),viscosity(Pa.s)
  1.998401444325E-05,  3.598985283406E+03,  3.599999999979E+03,  3.198110604742E+02,  8.884854601848E+04,  9.918599818371E+02,  9.305230993270E-01,NaN,NaN,  1.332602318446E-02,  8.169911479785E+15,  1.322560407188E+20,  4.135687629347E+20,  1.136868266229E+18,  1.529980553308E+21,  8.756943016383E+19,  1.057367095287E+13,  3.626059365429E+02,  6.114668820941E+01,  2.914592462998E+02,NaN,  1.000000000000E+01,NaN,  2.033694302615E-06,  3.846815340080E-02,NaN,  3.504050000000E+06,  4.266428405028E-07
  3.996802888651E-05,  3.598970568245E+03,  3.599999999957E+03,  3.260097071750E+02,  8.884621291432E+04,  9.918599818371E+02,  9.305230993180E-01,NaN,NaN,  1.326222224584E-02,  8.169911480877E+15,  1.322560407178E+20,  4.135687629357E+20,  1.136868266389E+18,  1.529980553307E+21,  8.756943016422E+19,  1.057367095287E+13,  3.626059365443E+02,  6.114668821018E+01,  2.914592463004E+02,NaN,  9.999999999989E+00,NaN,  2.033694302615E-06,  3.846815340077E-02,NaN,  3.504050000000E+06,  4.266428405090E-07
  5.995204332976E-05,  3.598955854523E+03,  3.599999999935E+03,  3.322373501918E+02,  8.884388008994E+04,  9.918599818371E+02,  9.305230993087E-01,NaN,NaN,  1.319963192008E-02,  8.169911481990E+15,  1.322560407168E+20,  4.135687629367E+20,  1.136868266552E+18,  1.529980553306E+21,  8.756943016460E+19,  1.057367095287E+13,  3.626059365458E+02,  6.114668821097E+01,  2.914592463011E+02,NaN,  9.999999999972E+00,NaN,  2.033694302615E-06,  3.846815340074E-02,NaN,  3.504050000000E+06,  4.266428405154E-07
  9.050103248362E-05,  3.598933364328E+03,  3.599999999901E+03,  3.418129870427E+02,  8.884031442503E+04,  9.918599818371E+02,  9.305230992943E-01,NaN,NaN,  1.310620010628E-02,  8.169911483723E+15,  1.322560407152E+20,  4.135687629382E+20,  1.136868266806E+18,  1.529980553305E+21,  8.756943016526E+19,  1.057367122129E+13,  3.626059365481E+02,  6.114668821219E+01,  2.914592463022E+02,NaN,  9.999999999964E+00,NaN,  2.033694354243E-06,  3.846815340068E-02,NaN,  3.504050000000E+06,  4.266428405253E-07
  1.210500216375E-04,  3.598910877145E+03,  3.599999999866E+03,  3.514548702426E+02,  8.883674935843E+04,  9.918599818371E+02,  9.305230992795E-01,NaN,NaN,  1.301537072557E-02,  8.169911485500E+15,  1.322560407136E+20,  4.135687629398E+20,  1.136868267066E+18,  1.529980553304E+21,  8.756943016595E+19,  1.057367122129E+13,  3.626059365504E+02,  6.114668821345E+01,  2.914592463033E+02,NaN,  9.999999999956E+00,NaN,  2.033694354243E-06,  3.846815340063E-02,NaN,  3.504050000000E+06,  4.266428405355E-07
  1.515990107914E-04,  3.598888393238E+03,  3.599999999830E+03,  3.611619252707E+02,  8.883318493207E+04,  9.918599818371E+02,  9.305230992643E-01,NaN,NaN,  1.292702070840E-02,  8.169911487325E+15,  1.322560407120E+20,  4.135687629414E+20,  1.136868267333E+18,  1.529980553303E+21,  8.756943016666E+19,  1.057367122129E+13,  3.626059365529E+02,  6.114668821474E+01,  2.914592463045E+02,NaN,  9.999999999947E+00,NaN,  2.033694354243E-06,  3.846815340058E-02,NaN,  3.504050000000E+06,  4.266428405459E-07
  1.821479999452E-04,  3.598865912707E+03,  3.599999999793E+03,  3.709331790935E+02,  8.882962116162E+04,  9.918599818371E+02,  9.305230992488E-01,NaN,NaN,  1.284103453503E-02,  8.169911489200E+15,  1.322560407103E+20,  4.135687629431E+20,  1.136868267608E+18,  1.529980553302E+21,  8.756943016739E+19,  1.057367122129E+13,  3.626059365554E+02,  6.114668821607E+01,  2.914592463057E+02,NaN,  9.999999999939E+00,NaN,  2.033694354243E-06,  3.846815340052E-02,NaN,  3.504050000000E+06,  4.266428405566E-07
  2.436605617607E-04,  3.598820657000E+03,  3.599999999716E+03,  3.907993625386E+02,  8.882244727785E+04,  9.918599818371E+02,  9.305230992161E-01,NaN,NaN,  1.267463532773E-02,  8.169911493127E+15,  1.322560407068E+20,  4.135687629466E+20,  1.136868268183E+18,  1.529980553300E+21,  8.756943016892E+19,  1.057367095287E+13,  3.626059365606E+02,  6.114668821885E+01,  2.914592463081E+02,NaN,  9.999999999922E+00,NaN,  2.033694302615E-06,  3.846815340040E-02,NaN,  3.504050000000E+06,  4.266428405791E-07
  3.401951589638E-04,  3.598749663489E+03,  3.599999999586E+03,  4.224767699457E+02,  8.881119445214E+04,  9.918599818371E+02,  9.305230991614E-01,NaN,NaN,  1.243006002582E-02,  8.169911499708E+15,  1.322560407009E+20,  4.135687629524E+20,  1.136868269147E+18,  1.529980553296E+21,  8.756943017149E+19,  1.057367095287E+13,  3.626059365693E+02,  6.114668822350E+01,  2.914592463122E+02,NaN,  9.999999999895E+00,NaN,  2.033694302615E-06,  3.846815340021E-02,NaN,  3.504050000000E+06,  4.266428406168E-07
  4.367297561669E-04,  3.598678705069E+03,  3.599999999446E+03,  4.547435946995E+02,  8.879994839184E+04,  9.918599818371E+02,  9.305230991024E-01,NaN,NaN,  1.220344046580E-02,  8.169911506807E+15,  1.322560406945E+20,  4.135687629587E+20,  1.136868270186E+18,  1.529980553292E+21,  8.756943017427E+19,  1.057367122129E+13,  3.626059365788E+02,  6.114668822852E+01,  2.914592463167E+02,NaN,  9.999999999869E+00,NaN,  2.033694354243E-06,  3.846815339999E-02,NaN,  3.504050000000E+06,  4.266428406574E-07
  6.573496349804E-04,  3.598516671405E+03,  3.599999999087E+03,  5.305788616437E+02,  8.877427250424E+04,  9.918599818371E+02,  9.305230989508E-01,NaN,NaN,  1.174184785061E-02,  8.169911525029E+15,  1.322560406782E+20,  4.135687629750E+20,  1.136868272855E+18,  1.529980553282E+21,  8.756943018145E+19,  1.057367122129E+13,  3.626059366030E+02,  6.114668824142E+01,  2.914592463281E+02,NaN,  9.999999999808E+00,NaN,  2.033694354243E-06,  3.846815339945E-02,NaN,  3.504050000000E+06,  4.266428407616E-07
  8.779695137938E-04,  3.598354828399E+03,  3.599999998672E+03,  6.091369521935E+02,  8.874863308770E+04,  9.918599818371E+02,  9.305230987756E-01,NaN,NaN,  1.134345096361E-02,  8.169911546104E+15,  1.322560406593E+20,  4.135687629937E+20,  1.136868275941E+18,  1.529980553270E+21,  8.756943018982E+19,  1.057367095287E+13,  3.626059366311E+02,  6.114668825633E+01,  2.914592463413E+02,NaN,  9.999999999747E+00,NaN,  2.033694302615E-06,  3.846815339881E-02,NaN,  3.504050000000E+06,  4.266428408822E-07
  1.098589392607E-03,  3.598193180726E+03,  3.599999998199E+03,  6.902178449298E+02,  8.872303085918E+04,  9.918599818371E+02,  9.305230985759E-01,NaN,NaN,  1.099454822817E-02,  8.169911570127E+15,  1.322560406377E+20,  4.135687630151E+20,  1.136868279459E+18,  1.529980553256E+21,  8.756943019939E+19,  1.057367095287E+13,  3.626059366631E+02,  6.114668827333E+01,  2.914592463564E+02,NaN,  9.999999999686E+00,NaN,  2.033694302615E-06,  3.846815339809E-02,NaN,  3.504050000000E+06,  4.266428410196E-07
  1.319209271421E-03,  3.598031733011E+03,  3.599999997665E+03,  7.736510736649E+02,  8.869746652679E+04,  9.918599818371E+02,  9.305230983509E-01,NaN,NaN,  1.068532291862E-02,  8.169911597189E+15,  1.322560406135E+20,  4.135687630393E+20,  1.136868283422E+18,  1.529980553241E+21,  8.756943021022E+19,  1.057367095287E+13,  3.626059366992E+02,  6.114668829248E+01,  2.914592463734E+02,NaN,  9.999999999625E+00,NaN,  2.033694302615E-06,  3.846815339728E-02,NaN,  3.504050000000E+06,  4.266428411744E-07
  1.815366791427E-03,  3.597669400494E+03,  3.599999996239E+03,  9.691471882382E+02,  8.864011586848E+04,  9.918599818371E+02,  9.305230977491E-01,NaN,NaN,  1.010011920816E-02,  8.169911669578E+15,  1.322560405486E+20,  4.135687631038E+20,  1.136868294022E+18,  1.529980553200E+21,  8.756943023932E+19,  1.057367122129E+13,  3.626059367958E+02,  6.114668834372E+01,  2.914592464189E+02,NaN,  9.999999999489E+00,NaN,  2.033694354243E-06,  3.846815339510E-02,NaN,  3.504050000000E+06,  4.266428415885E-07
  2.311524311434E-03,  3.597308143130E+03,  3.599999994484E+03,  1.174451913470E+03,  8.858296656762E+04,  9.918599818371E+02,  9.305230970086E-01,NaN,NaN,  9.626427067452E-03,  8.169911758639E+15,  1.322560404688E+20,  4.135687631833E+20,  1.136868307064E+18,  1.529980553150E+21,  8.756943027528E+19,  1.057367095287E+13,  3.626059369148E+02,  6.114668840676E+01,  2.914592464750E+02,NaN,  9.999999999352E+00,NaN,  2.033694302615E-06,  3.846815339241E-02,NaN,  3.504050000000E+06,  4.266428420980E-07
  2.807681831440E-03,  3.596947999455E+03,  3.599999992385E+03,  1.388497722427E+03,  8.852602442269E+04,  9.918599818371E+02,  9.305230961230E-01,NaN,NaN,  9.231826672652E-03,  8.169911865156E+15,  1.322560403733E+20,  4.135687632784E+20,  1.136868322663E+18,  1.529980553090E+21,  8.756943031844E+19,  1.057367068444E+13,  3.626059370570E+02,  6.114668848216E+01,  2.914592465420E+02,NaN,  9.999999999215E+00,NaN,  2.033694250987E-06,  3.846815338920E-02,NaN,  3.504050000000E+06,  4.266428427073E-07
  3.303839351447E-03,  3.596589003376E+03,  3.599999989929E+03,  1.610424924467E+03,  8.846929448896E+04,  9.918599818371E+02,  9.305230950866E-01,NaN,NaN,  8.895877917760E-03,  8.169911989823E+15,  1.322560402616E+20,  4.135687633897E+20,  1.136868340919E+18,  1.529980553020E+21,  8.756943036908E+19,  1.057367068444E+13,  3.626059372236E+02,  6.114668857041E+01,  2.914592466204E+02,NaN,  9.999999999078E+00,NaN,  2.033694250987E-06,  3.846815338543E-02,NaN,  3.504050000000E+06,  4.266428434204E-07
  3.799996871453E-03,  3.596231185302E+03,  3.599999987103E+03,  1.839521515362E+03,  8.841278125908E+04,  9.918599818371E+02,  9.305230938940E-01,NaN,NaN,  8.604937442828E-03,  8.169912133262E+15,  1.322560401331E+20,  4.135687635179E+20,  1.136868361923E+18,  1.529980552939E+21,  8.756943042745E+19,  1.057367095287E+13,  3.626059374153E+02,  6.114668867196E+01,  2.914592467107E+02,NaN,  9.999999998941E+00,NaN,  2.033694302615E-06,  3.846815338110E-02,NaN,  3.504050000000E+06,  4.266428442410E-07
  4.296154391460E-03,  3.595874572874E+03,  3.599999983895E+03,  2.075184774987E+03,  8.835648877980E+04,  9.918599818371E+02,  9.305230925407E-01,NaN,NaN,  8.349486030998E-03,  8.169912296042E+15,  1.322560399872E+20,  4.135687636633E+20,  1.136868385761E+18,  1.529980552848E+21,  8.756943049379E+19,  1.057367095287E+13,  3.626059376329E+02,  6.114668878720E+01,  2.914592468132E+02,NaN,  9.999999998805E+00,NaN,  2.033694302615E-06,  3.846815337618E-02,NaN,  3.504050000000E+06,  4.266428451721E-07
  4.792311911466E-03,  3.595519191416E+03,  3.599999980297E+03,  2.316895513707E+03,  8.830042072435E+04,  9.918599818371E+02,  9.305230910222E-01,NaN,NaN,  8.122642210709E-03,  8.169912478688E+15,  1.322560398236E+20,  4.135687638265E+20,  1.136868412507E+18,  1.529980552745E+21,  8.756943056831E+19,  1.057367041601E+13,  3.626059378771E+02,  6.114668891650E+01,  2.914592469282E+02,NaN,  9.999999998668E+00,NaN,  2.033694199359E-06,  3.846815337065E-02,NaN,  3.504050000000E+06,  4.266428462169E-07
  5.288469431473E-03,  3.595165064240E+03,  3.599999976297E+03,  2.564200089506E+03,  8.824458044152E+04,  9.918599818371E+02,  9.305230893346E-01,NaN,NaN,  7.919284739292E-03,  8.169912681681E+15,  1.322560396417E+20,  4.135687640079E+20,  1.136868442232E+18,  1.529980552631E+21,  8.756943065122E+19,  1.057367041601E+13,  3.626059381485E+02,  6.114668906022E+01,  2.914592470561E+02,NaN,  9.999999998531E+00,NaN,  2.033694199359E-06,  3.846815336452E-02,NaN,  3.504050000000E+06,  4.266428473781E-07
  5.784626951479E-03,  3.594812212877E+03,  3.599999971887E+03,  2.816697422677E+03,  8.818897099312E+04,  9.918599818371E+02,  9.305230874740E-01,NaN,NaN,  7.735508850597E-03,  8.169912905471E+15,  1.322560394413E+20,  4.135687642079E+20,  1.136868475004E+18,  1.529980552506E+21,  8.756943074270E+19,  1.057367068444E+13,  3.626059384478E+02,  6.114668921866E+01,  2.914592471970E+02,NaN,  9.999999998394E+00,NaN,  2.033694250987E-06,  3.846815335775E-02,NaN,  3.504050000000E+06,  4.266428486583E-07
  6.280784471486E-03,  3.594460657269E+03,  3.599999967060E+03,  3.074029354481E+03,  8.813359518492E+04,  9.918599818371E+02,  9.305230854372E-01,NaN,NaN,  7.568275524093E-03,  8.169913150473E+15,  1.322560392218E+20,  4.135687644269E+20,  1.136868510881E+18,  1.529980552369E+21,  8.756943084291E+19,  1.057367041601E+13,  3.626059387754E+02,  6.114668939212E+01,  2.914592473514E+02,NaN,  9.999999998257E+00,NaN,  2.033694199359E-06,  3.846815335033E-02,NaN,  3.504050000000E+06,  4.266428500597E-07
  6.776941991493E-03,  3.594110415928E+03,  3.599999961807E+03,  3.335873320330E+03,  8.807845559269E+04,  9.918599818371E+02,  9.305230832207E-01,NaN,NaN,  7.415177471807E-03,  8.169913417077E+15,  1.322560389830E+20,  4.135687646652E+20,  1.136868549922E+18,  1.529980552219E+21,  8.756943095202E+19,  1.057367041601E+13,  3.626059391320E+02,  6.114668958088E+01,  2.914592475193E+02,NaN,  9.999999998121E+00,NaN,  2.033694199359E-06,  3.846815334227E-02,NaN,  3.504050000000E+06,  4.266428515848E-07
  7.273099511499E-03,  3.593761506075E+03,  3.599999956121E+03,  3.601936671189E+03,  8.802355458430E+04,  9.918599818371E+02,  9.305230808216E-01,NaN,NaN,  7.274278418937E-03,  8.169913705645E+15,  1.322560387245E+20,  4.135687649232E+20,  1.136868592179E+18,  1.529980552058E+21,  8.756943107019E+19,  1.057366987916E+13,  3.626059395180E+02,  6.114668978519E+01,  2.914592477011E+02,NaN,  9.999999997984E+00,NaN,  2.033694096104E-06,  3.846815333354E-02,NaN,  3.504050000000E+06,  4.266428532355E-07
  8.029558131030E-03,  3.593232144573E+03,  3.599999946605E+03,  4.015108922543E+03,  8.794031465834E+04,  9.918599818371E+02,  9.305230768062E-01,NaN,NaN,  7.079451412767E-03,  8.169914188635E+15,  1.322560382918E+20,  4.135687653549E+20,  1.136868662906E+18,  1.529980551787E+21,  8.756943126807E+19,  1.057366961074E+13,  3.626059401640E+02,  6.114669012716E+01,  2.914592480054E+02,NaN,  9.999999997775E+00,NaN,  2.033694044476E-06,  3.846815331892E-02,NaN,  3.504050000000E+06,  4.266428559983E-07
  8.786016750560E-03,  3.592705967352E+03,  3.599999936045E+03,  4.436620976934E+03,  8.785764131653E+04,  9.918599818371E+02,  9.305230723505E-01,NaN,NaN,  6.904955070561E-03,  8.169914724578E+15,  1.322560378118E+20,  4.135687658341E+20,  1.136868741388E+18,  1.529980551487E+21,  8.756943148777E+19,  1.057366987916E+13,  3.626059408809E+02,  6.114669050662E+01,  2.914592483431E+02,NaN,  9.999999997567E+00,NaN,  2.033694096104E-06,  3.846815330270E-02,NaN,  3.504050000000E+06,  4.266428590641E-07
  9.542475370091E-03,  3.592183021651E+03,  3.599999924422E+03,  4.865715896214E+03,  8.777554073593E+04,  9.918599818371E+02,  9.305230674461E-01,NaN,NaN,  6.747412372041E-03,  8.169915314486E+15,  1.322560372834E+20,  4.135687663615E+20,  1.136868827772E+18,  1.529980551157E+21,  8.756943172970E+19,  1.057366961074E+13,  3.626059416701E+02,  6.114669092429E+01,  2.914592487148E+02,NaN,  9.999999997358E+00,NaN,  2.033694044476E-06,  3.846815328484E-02,NaN,  3.504050000000E+06,  4.266428624385E-07
  1.029893398962E-02,  3.591663349783E+03,  3.599999911717E+03,  5.301715764393E+03,  8.769401830679E+04,  9.918599818371E+02,  9.305230620856E-01,NaN,NaN,  6.604194128533E-03,  8.169915959276E+15,  1.322560367058E+20,  4.135687669380E+20,  1.136868922193E+18,  1.529980550796E+21,  8.756943199424E+19,  1.057366934231E+13,  3.626059425327E+02,  6.114669138083E+01,  2.914592491211E+02,NaN,  9.999999997150E+00,NaN,  2.033693992848E-06,  3.846815326532E-02,NaN,  3.504050000000E+06,  4.266428661269E-07
  1.158653165274E-02,  3.590786431867E+03,  3.599999887559E+03,  6.058017624094E+03,  8.755659858663E+04,  9.918599818371E+02,  9.305230518923E-01,NaN,NaN,  6.387652910101E-03,  8.169917185352E+15,  1.322560356077E+20,  4.135687680343E+20,  1.136869101736E+18,  1.529980550110E+21,  8.756943249749E+19,  1.057366880546E+13,  3.626059441731E+02,  6.114669224895E+01,  2.914592498937E+02,NaN,  9.999999996795E+00,NaN,  2.033693889593E-06,  3.846815322819E-02,NaN,  3.504050000000E+06,  4.266428731403E-07
  1.287412931586E-02,  3.589919272774E+03,  3.599999860150E+03,  6.829908916695E+03,  8.742088695051E+04,  9.918599818371E+02,  9.305230403270E-01,NaN,NaN,  6.198979736563E-03,  8.169918576469E+15,  1.322560343617E+20,  4.135687692783E+20,  1.136869305446E+18,  1.529980549332E+21,  8.756943306874E+19,  1.057366800019E+13,  3.626059460344E+02,  6.114669323393E+01,  2.914592507703E+02,NaN,  9.999999996440E+00,NaN,  2.033693734709E-06,  3.846815318607E-02,NaN,  3.504050000000E+06,  4.266428810979E-07
  1.416172697898E-02,  3.589062009281E+03,  3.599999829427E+03,  7.615086280892E+03,  8.728689856460E+04,  9.918599818371E+02,  9.305230273639E-01,NaN,NaN,  6.032609864071E-03,  8.169920135725E+15,  1.322560329651E+20,  4.135687706726E+20,  1.136869533778E+18,  1.529980548460E+21,  8.756943370926E+19,  1.057366746334E+13,  3.626059481207E+02,  6.114669433797E+01,  2.914592517530E+02,NaN,  9.999999996085E+00,NaN,  2.033693631454E-06,  3.846815313885E-02,NaN,  3.504050000000E+06,  4.266428900172E-07
  1.544932464209E-02,  3.588214755136E+03,  3.599999795340E+03,  8.411534149145E+03,  8.715464497399E+04,  9.918599818371E+02,  9.305230129809E-01,NaN,NaN,  5.884440100599E-03,  8.169921865760E+15,  1.322560314156E+20,  4.135687722198E+20,  1.136869787119E+18,  1.529980547493E+21,  8.756943442013E+19,  1.057366692648E+13,  3.626059504357E+02,  6.114669556293E+01,  2.914592528433E+02,NaN,  9.999999995730E+00,NaN,  2.033693528198E-06,  3.846815308645E-02,NaN,  3.504050000000E+06,  4.266428999135E-07
  1.673692230521E-02,  3.587377603901E+03,  3.599999757843E+03,  9.217470315720E+03,  8.702413457130E+04,  9.918599818371E+02,  9.305229971595E-01,NaN,NaN,  5.751366127911E-03,  8.169923768813E+15,  1.322560297112E+20,  4.135687739217E+20,  1.136870065795E+18,  1.529980546429E+21,  8.756943520229E+19,  1.057366612121E+13,  3.626059529822E+02,  6.114669691041E+01,  2.914592540427E+02,NaN,  9.999999995375E+00,NaN,  2.033693373315E-06,  3.846815302881E-02,NaN,  3.504050000000E+06,  4.266429107994E-07
  1.802451996833E-02,  3.586550630904E+03,  3.599999716901E+03,  1.003130590045E+04,  8.689537292317E+04,  9.918599818371E+02,  9.305229798841E-01,NaN,NaN,  5.630987804295E-03,  8.169925846764E+15,  1.322560278501E+20,  4.135687757800E+20,  1.136870370083E+18,  1.529980545268E+21,  8.756943605651E+19,  1.057366477908E+13,  3.626059557628E+02,  6.114669838174E+01,  2.914592553524E+02,NaN,  9.999999995020E+00,NaN,  2.033693115176E-06,  3.846815296587E-02,NaN,  3.504050000000E+06,  4.266429226858E-07
  1.931211763145E-02,  3.585733895004E+03,  3.599999672482E+03,  1.085161481262E+04,  8.676836306329E+04,  9.918599818371E+02,  9.305229611418E-01,NaN,NaN,  5.521414687137E-03,  8.169928101164E+15,  1.322560258310E+20,  4.135687777962E+20,  1.136870700210E+18,  1.529980544007E+21,  8.756943698342E+19,  1.057366424223E+13,  3.626059587797E+02,  6.114669997800E+01,  2.914592567733E+02,NaN,  9.999999994665E+00,NaN,  2.033693011920E-06,  3.846815289758E-02,NaN,  3.504050000000E+06,  4.266429355815E-07
  2.059971529457E-02,  3.584927440264E+03,  3.599999624561E+03,  1.167710984366E+04,  8.664310576979E+04,  9.918599818371E+02,  9.305229409221E-01,NaN,NaN,  5.421133730398E-03,  8.169930533268E+15,  1.322560236527E+20,  4.135687799714E+20,  1.136871056359E+18,  1.529980542648E+21,  8.756943798354E+19,  1.057366316853E+13,  3.626059620343E+02,  6.114670170010E+01,  2.914592583062E+02,NaN,  9.999999994310E+00,NaN,  2.033692805409E-06,  3.846815282391E-02,NaN,  3.504050000000E+06,  4.266429494937E-07
  2.188731295769E-02,  3.584131297449E+03,  3.599999573120E+03,  1.250662365700E+04,  8.651959981218E+04,  9.918599818371E+02,  9.305229192168E-01,NaN,NaN,  5.328916872006E-03,  8.169933144069E+15,  1.322560213145E+20,  4.135687823064E+20,  1.136871438675E+18,  1.529980541189E+21,  8.756943905729E+19,  1.057366209483E+13,  3.626059655282E+02,  6.114670354873E+01,  2.914592599518E+02,NaN,  9.999999993955E+00,NaN,  2.033692598898E-06,  3.846815274482E-02,NaN,  3.504050000000E+06,  4.266429644281E-07
  2.317491062080E-02,  3.583345485295E+03,  3.599999518143E+03,  1.333909349087E+04,  8.639784216109E+04,  9.918599818371E+02,  9.305228960196E-01,NaN,NaN,  5.243754983021E-03,  8.169935934317E+15,  1.322560188155E+20,  4.135687848020E+20,  1.136871847269E+18,  1.529980539629E+21,  8.756944020496E+19,  1.057366102113E+13,  3.626059692622E+02,  6.114670552443E+01,  2.914592617105E+02,NaN,  9.999999993600E+00,NaN,  2.033692392387E-06,  3.846815266029E-02,NaN,  3.504050000000E+06,  4.266429803890E-07
  2.446250828392E-02,  3.582570011589E+03,  3.599999459620E+03,  1.417354868384E+04,  8.627782816649E+04,  9.918599818371E+02,  9.305228713262E-01,NaN,NaN,  5.164809700113E-03,  8.169938904545E+15,  1.322560161553E+20,  4.135687874585E+20,  1.136872282219E+18,  1.529980537970E+21,  8.756944142678E+19,  1.057365967900E+13,  3.626059732372E+02,  6.114670762757E+01,  2.914592635827E+02,NaN,  9.999999993245E+00,NaN,  2.033692134248E-06,  3.846815257031E-02,NaN,  3.504050000000E+06,  4.266429973794E-07
  2.575010594704E-02,  3.581804874116E+03,  3.599999397544E+03,  1.500910035330E+04,  8.615955171349E+04,  9.918599818371E+02,  9.305228451337E-01,NaN,NaN,  5.091377670800E-03,  8.169942055083E+15,  1.322560133337E+20,  4.135687902763E+20,  1.136872743573E+18,  1.529980536209E+21,  8.756944272290E+19,  1.057365833687E+13,  3.626059774535E+02,  6.114670985838E+01,  2.914592655686E+02,NaN,  9.999999992890E+00,NaN,  2.033691876109E-06,  3.846815247486E-02,NaN,  3.504050000000E+06,  4.266430154012E-07
  2.703770361016E-02,  3.581050061500E+03,  3.599999331912E+03,  1.584493274035E+04,  8.604300536176E+04,  9.918599818371E+02,  9.305228174409E-01,NaN,NaN,  5.022863588956E-03,  8.169945386081E+15,  1.322560103504E+20,  4.135687932556E+20,  1.136873231352E+18,  1.529980534348E+21,  8.756944409335E+19,  1.057365699474E+13,  3.626059819114E+02,  6.114671221698E+01,  2.914592676682E+02,NaN,  9.999999992535E+00,NaN,  2.033691617970E-06,  3.846815237395E-02,NaN,  3.504050000000E+06,  4.266430344553E-07
  2.906286024933E-02,  3.579883718843E+03,  3.599999221494E+03,  1.715832608278E+04,  8.586317851160E+04,  9.918599818371E+02,  9.305227708506E-01,NaN,NaN,  4.923855085008E-03,  8.169950990152E+15,  1.322560053314E+20,  4.135687982680E+20,  1.136874051993E+18,  1.529980531216E+21,  8.756944639922E+19,  1.057365484734E+13,  3.626059894114E+02,  6.114671618509E+01,  2.914592712006E+02,NaN,  9.999999991976E+00,NaN,  2.033691204948E-06,  3.846815220417E-02,NaN,  3.504050000000E+06,  4.266430665119E-07
  3.108801688851E-02,  3.578742751957E+03,  3.599999102298E+03,  1.846794838527E+04,  8.568757095132E+04,  9.918599818371E+02,  9.305227205568E-01,NaN,NaN,  4.834141268511E-03,  8.169957039698E+15,  1.322559999135E+20,  4.135688036789E+20,  1.136874937867E+18,  1.529980527836E+21,  8.756944888862E+19,  1.057365216309E+13,  3.626059975076E+02,  6.114672046865E+01,  2.914592750139E+02,NaN,  9.999999991418E+00,NaN,  2.033690688670E-06,  3.846815202088E-02,NaN,  3.504050000000E+06,  4.266431011168E-07
  3.311317352768E-02,  3.577627004459E+03,  3.599998974359E+03,  1.977148738999E+04,  8.551613798102E+04,  9.918599818371E+02,  9.305226665736E-01,NaN,NaN,  4.752412993776E-03,  8.169963533025E+15,  1.322559940981E+20,  4.135688094868E+20,  1.136875888727E+18,  1.529980524208E+21,  8.756945156085E+19,  1.057364974726E+13,  3.626060061979E+02,  6.114672506644E+01,  2.914592791069E+02,NaN,  9.999999990860E+00,NaN,  2.033690224020E-06,  3.846815182415E-02,NaN,  3.504050000000E+06,  4.266431382601E-07
  3.513833016686E-02,  3.576536283938E+03,  3.599998837723E+03,  2.106690491748E+04,  8.534883004492E+04,  9.918599818371E+02,  9.305226089211E-01,NaN,NaN,  4.677608138692E-03,  8.169970467709E+15,  1.322559878875E+20,  4.135688156894E+20,  1.136876904217E+18,  1.529980520334E+21,  8.756945441491E+19,  1.057364679458E+13,  3.626060154790E+02,  6.114672997675E+01,  2.914592834782E+02,NaN,  9.999999990302E+00,NaN,  2.033689656115E-06,  3.846815161404E-02,NaN,  3.504050000000E+06,  4.266431779281E-07
  3.716348680603E-02,  3.575470366778E+03,  3.599998692452E+03,  2.235240293824E+04,  8.518559350193E+04,  9.918599818371E+02,  9.305225476248E-01,NaN,NaN,  4.608854274512E-03,  8.169977840682E+15,  1.322559812843E+20,  4.135688222842E+20,  1.136877983890E+18,  1.529980516215E+21,  8.756945744955E+19,  1.057364384190E+13,  3.626060253467E+02,  6.114673519741E+01,  2.914592881258E+02,NaN,  9.999999989743E+00,NaN,  2.033689088209E-06,  3.846815139065E-02,NaN,  3.504050000000E+06,  4.266432201033E-07
  3.918864344521E-02,  3.574429001686E+03,  3.599998538616E+03,  2.362639613283E+04,  8.502637118611E+04,  9.918599818371E+02,  9.305224827149E-01,NaN,NaN,  4.545426839669E-03,  8.169985648309E+15,  1.322559742919E+20,  4.135688292678E+20,  1.136879127211E+18,  1.529980511853E+21,  8.756946066326E+19,  1.057364062080E+13,  3.626060357962E+02,  6.114674072585E+01,  2.914592930474E+02,NaN,  9.999999989185E+00,NaN,  2.033688468676E-06,  3.846815115408E-02,NaN,  3.504050000000E+06,  4.266432647648E-07
  4.121380008438E-02,  3.573411912754E+03,  3.599998376298E+03,  2.488748883186E+04,  8.487110289127E+04,  9.918599818371E+02,  9.305224142260E-01,NaN,NaN,  4.486718111273E-03,  8.169993886444E+15,  1.322559669140E+20,  4.135688366365E+20,  1.136880333575E+18,  1.529980507250E+21,  8.756946405434E+19,  1.057363713127E+13,  3.626060468219E+02,  6.114674655913E+01,  2.914592982405E+02,NaN,  9.999999988627E+00,NaN,  2.033687797514E-06,  3.846815090447E-02,NaN,  3.504050000000E+06,  4.266433118888E-07
  4.702838502635E-02,  3.570623822253E+03,  3.599997863964E+03,  2.842618254134E+04,  8.444669922455E+04,  9.918599818371E+02,  9.305221980500E-01,NaN,NaN,  4.340047243612E-03,  8.170019889011E+15,  1.322559436266E+20,  4.135688598950E+20,  1.136884141301E+18,  1.529980492724E+21,  8.756947475866E+19,  1.057362666268E+13,  3.626060816235E+02,  6.114676497113E+01,  2.914593146317E+02,NaN,  9.999999987023E+00,NaN,  2.033685784031E-06,  3.846815011659E-02,NaN,  3.504050000000E+06,  4.266434606297E-07
  5.081781332915E-02,  3.568909469788E+03,  3.599997494009E+03,  3.065898149591E+04,  8.418662902975E+04,  9.918599818371E+02,  9.305220419502E-01,NaN,NaN,  4.258774928488E-03,  8.170038665365E+15,  1.322559268109E+20,  4.135688766900E+20,  1.136886890845E+18,  1.529980482235E+21,  8.756948248881E+19,  1.057361887834E+13,  3.626061067539E+02,  6.114677826638E+01,  2.914593264679E+02,NaN,  9.999999985979E+00,NaN,  2.033684286825E-06,  3.846814954765E-02,NaN,  3.504050000000E+06,  4.266435680350E-07
  5.356405850816E-02,  3.567716114414E+03,  3.599997208626E+03,  3.223773562824E+04,  8.400599348896E+04,  9.918599818371E+02,  9.305219215347E-01,NaN,NaN,  4.205648847458E-03,  8.170053149450E+15,  1.322559138393E+20,  4.135688896457E+20,  1.136889011845E+18,  1.529980474144E+21,  8.756948845211E+19,  1.057361297298E+13,  3.626061261396E+02,  6.114678852235E+01,  2.914593355983E+02,NaN,  9.999999985222E+00,NaN,  2.033683151014E-06,  3.846814910877E-02,NaN,  3.504050000000E+06,  4.266436508874E-07
  5.631030368717E-02,  3.566562936373E+03,  3.599996909073E+03,  3.378190592890E+04,  8.383174965973E+04,  9.918599818371E+02,  9.305217951405E-01,NaN,NaN,  4.156742536628E-03,  8.170068352696E+15,  1.322559002236E+20,  4.135689032448E+20,  1.136891238157E+18,  1.529980465652E+21,  8.756949471170E+19,  1.057360653077E+13,  3.626061464879E+02,  6.114679928757E+01,  2.914593451822E+02,NaN,  9.999999984464E+00,NaN,  2.033681911947E-06,  3.846814864809E-02,NaN,  3.504050000000E+06,  4.266437378537E-07
  6.180279404520E-02,  3.564373266141E+03,  3.599996268742E+03,  3.676270595722E+04,  8.350173019719E+04,  9.918599818371E+02,  9.305215249570E-01,NaN,NaN,  4.069793205597E-03,  8.170100851536E+15,  1.322558711185E+20,  4.135689323147E+20,  1.136895997179E+18,  1.529980447498E+21,  8.756950809292E+19,  1.057359310950E+13,  3.626061899851E+02,  6.114682229958E+01,  2.914593656689E+02,NaN,  9.999999982950E+00,NaN,  2.033679330558E-06,  3.846814766333E-02,NaN,  3.504050000000E+06,  4.266439237551E-07
  6.630183438787E-02,  3.562691048797E+03,  3.599995704799E+03,  3.909465974630E+04,  8.324893523862E+04,  9.918599818371E+02,  9.305212870051E-01,NaN,NaN,  4.007697118351E-03,  8.170129473414E+15,  1.322558454855E+20,  4.135689579168E+20,  1.136900188472E+18,  1.529980431511E+21,  8.756951987831E+19,  1.057358183564E+13,  3.626062282936E+02,  6.114684256639E+01,  2.914593837118E+02,NaN,  9.999999981710E+00,NaN,  2.033677162191E-06,  3.846814679603E-02,NaN,  3.504050000000E+06,  4.266440874794E-07
  7.246449459605E-02,  3.560541164989E+03,  3.599994877570E+03,  4.212602411145E+04,  8.292679853252E+04,  9.918599818371E+02,  9.305209379615E-01,NaN,NaN,  3.933568295034E-03,  8.170171457907E+15,  1.322558078854E+20,  4.135689954718E+20,  1.136906336546E+18,  1.529980408060E+21,  8.756953716657E+19,  1.057356438799E+13,  3.626062844872E+02,  6.114687229514E+01,  2.914594101784E+02,NaN,  9.999999980011E+00,NaN,  2.033673806385E-06,  3.846814552381E-02,NaN,  3.504050000000E+06,  4.266443276414E-07
  7.862715480423E-02,  3.558559572821E+03,  3.599993990535E+03,  4.496916974469E+04,  8.263080633372E+04,  9.918599818371E+02,  9.305205636829E-01,NaN,NaN,  3.869863628500E-03,  8.170216477791E+15,  1.322557675670E+20,  4.135690357422E+20,  1.136912929116E+18,  1.529980382913E+21,  8.756955570540E+19,  1.057354586663E+13,  3.626063447439E+02,  6.114690417326E+01,  2.914594385586E+02,NaN,  9.999999978312E+00,NaN,  2.033670244068E-06,  3.846814415959E-02,NaN,  3.504050000000E+06,  4.266445851668E-07
  8.478981501241E-02,  3.556735266737E+03,  3.599993047501E+03,  4.762687685517E+04,  8.235909213596E+04,  9.918599818371E+02,  9.305201657765E-01,NaN,NaN,  3.814709072019E-03,  8.170264339740E+15,  1.322557247033E+20,  4.135690785549E+20,  1.136919937873E+18,  1.529980356180E+21,  8.756957541515E+19,  1.057352627158E+13,  3.626064088047E+02,  6.114693806387E+01,  2.914594687306E+02,NaN,  9.999999976613E+00,NaN,  2.033666475240E-06,  3.846814270925E-02,NaN,  3.504050000000E+06,  4.266448589499E-07
  9.095247522059E-02,  3.555057541772E+03,  3.599992052199E+03,  5.010407446688E+04,  8.210987094823E+04,  9.918599818371E+02,  9.305197458155E-01,NaN,NaN,  3.766658616120E-03,  8.170314854527E+15,  1.322556794639E+20,  4.135691237408E+20,  1.136927335108E+18,  1.529980327965E+21,  8.756959621786E+19,  1.057350560283E+13,  3.626064764165E+02,  6.114697383296E+01,  2.914595005749E+02,NaN,  9.999999974914E+00,NaN,  2.033662499901E-06,  3.846814117850E-02,NaN,  3.504050000000E+06,  4.266451479083E-07
  9.941733947526E-02,  3.552973168345E+03,  3.599990606472E+03,  5.322448872516E+04,  8.180112187932E+04,  9.918599818371E+02,  9.305191358006E-01,NaN,NaN,  3.710195153820E-03,  8.170388229870E+15,  1.322556137513E+20,  4.135691893757E+20,  1.136938079983E+18,  1.529980286982E+21,  8.756962643562E+19,  1.057347527076E+13,  3.626065746264E+02,  6.114702578950E+01,  2.914595468306E+02,NaN,  9.999999972580E+00,NaN,  2.033656665962E-06,  3.846813895500E-02,NaN,  3.504050000000E+06,  4.266455676358E-07
  1.085412310236E-01,  3.550985416126E+03,  3.599988955587E+03,  5.624310900798E+04,  8.150758717983E+04,  9.918599818371E+02,  9.305184392209E-01,NaN,NaN,  3.659379244250E-03,  8.170472017654E+15,  1.322555387138E+20,  4.135692643249E+20,  1.136950349638E+18,  1.529980240184E+21,  8.756966094231E+19,  1.057344118073E+13,  3.626066867733E+02,  6.114708511911E+01,  2.914595996504E+02,NaN,  9.999999970065E+00,NaN,  2.033650109233E-06,  3.846813641595E-02,NaN,  3.504050000000E+06,  4.266460469264E-07
  1.176651225719E-01,  3.549237603072E+03,  3.599987218758E+03,  5.893087543067E+04,  8.125020790698E+04,  9.918599818371E+02,  9.305177063779E-01,NaN,NaN,  3.616922102784E-03,  8.170560167385E+15,  1.322554597699E+20,  4.135693431761E+20,  1.136963258058E+18,  1.529980190949E+21,  8.756969724614E+19,  1.057340494330E+13,  3.626068047589E+02,  6.114714753749E+01,  2.914596552202E+02,NaN,  9.999999967549E+00,NaN,  2.033643139482E-06,  3.846813374471E-02,NaN,  3.504050000000E+06,  4.266465511696E-07
  1.267890141202E-01,  3.547702809078E+03,  3.599985405534E+03,  6.131620019078E+04,  8.102475126922E+04,  9.918599818371E+02,  9.305169413002E-01,NaN,NaN,  3.581221674394E-03,  8.170652194485E+15,  1.322553773536E+20,  4.135694254958E+20,  1.136976734287E+18,  1.529980139550E+21,  8.756973514747E+19,  1.057336709532E+13,  3.626069279345E+02,  6.114721270153E+01,  2.914597132343E+02,NaN,  9.999999965034E+00,NaN,  2.033635859965E-06,  3.846813095595E-02,NaN,  3.504050000000E+06,  4.266470775937E-07
  1.359129056685E-01,  3.546356605696E+03,  3.599983524604E+03,  6.342726416886E+04,  8.082742062691E+04,  9.918599818371E+02,  9.305161476548E-01,NaN,NaN,  3.551044844269E-03,  8.170747657901E+15,  1.322552918599E+20,  4.135695108894E+20,  1.136990713737E+18,  1.529980086231E+21,  8.756977446461E+19,  1.057332790522E+13,  3.626070557099E+02,  6.114728029893E+01,  2.914597734148E+02,NaN,  9.999999962518E+00,NaN,  2.033628322309E-06,  3.846812806305E-02,NaN,  3.504050000000E+06,  4.266476236758E-07
  1.443557806198E-01,  3.545259712512E+03,  3.599981730593E+03,  6.516006096752E+04,  8.066692352881E+04,  9.918599818371E+02,  9.305153906838E-01,NaN,NaN,  3.527198601834E-03,  8.170838709970E+15,  1.322552103169E+20,  4.135695923371E+20,  1.137004047216E+18,  1.529980035377E+21,  8.756981196535E+19,  1.057329059409E+13,  3.626071775810E+02,  6.114734477277E+01,  2.914598308144E+02,NaN,  9.999999960191E+00,NaN,  2.033621146047E-06,  3.846812530382E-02,NaN,  3.504050000000E+06,  4.266481445247E-07
  1.565063649863E-01,  3.543900136985E+03,  3.599979069976E+03,  6.732319760913E+04,  8.046834546798E+04,  9.918599818371E+02,  9.305142680548E-01,NaN,NaN,  3.498519483990E-03,  8.170973745203E+15,  1.322550893842E+20,  4.135697131287E+20,  1.137023821528E+18,  1.529979959957E+21,  8.756986758164E+19,  1.057323503003E+13,  3.626073583230E+02,  6.114744039121E+01,  2.914599159413E+02,NaN,  9.999999956841E+00,NaN,  2.033610459096E-06,  3.846812121171E-02,NaN,  3.504050000000E+06,  4.266489169744E-07
  1.771791314140E-01,  3.542077642496E+03,  3.599974366661E+03,  7.024842720209E+04,  8.020275232861E+04,  9.918599818371E+02,  9.305122835230E-01,NaN,NaN,  3.461518658553E-03,  8.171212454450E+15,  1.322548756049E+20,  4.135699266590E+20,  1.137058777755E+18,  1.529979826633E+21,  8.756996589911E+19,  1.057313732319E+13,  3.626076778315E+02,  6.114760942175E+01,  2.914600664250E+02,NaN,  9.999999951141E+00,NaN,  2.033591666583E-06,  3.846811397783E-02,NaN,  3.504050000000E+06,  4.266502824827E-07
  1.861234770977E-01,  3.541446002750E+03,  3.599972275204E+03,  7.126870976574E+04,  8.011085596576E+04,  9.918599818371E+02,  9.305114010471E-01,NaN,NaN,  3.449064043878E-03,  8.171318603079E+15,  1.322547805421E+20,  4.135700216112E+20,  1.137074322037E+18,  1.529979767347E+21,  8.757000961916E+19,  1.057309383828E+13,  3.626078199101E+02,  6.114768458604E+01,  2.914601333418E+02,NaN,  9.999999948676E+00,NaN,  2.033583302882E-06,  3.846811076107E-02,NaN,  3.504050000000E+06,  4.266508896960E-07
  2.040121684651E-01,  3.540408549377E+03,  3.599968010906E+03,  7.295107125408E+04,  7.996007524686E+04,  9.918599818371E+02,  9.305096017556E-01,NaN,NaN,  3.429007060800E-03,  8.171535031033E+15,  1.322545867172E+20,  4.135702152107E+20,  1.137106015560E+18,  1.529979646468E+21,  8.757009876132E+19,  1.057300498947E+13,  3.626081095968E+02,  6.114783783999E+01,  2.914602697795E+02,NaN,  9.999999943744E+00,NaN,  2.033566214086E-06,  3.846810420235E-02,NaN,  3.504050000000E+06,  4.266521277567E-07
  2.219008598325E-01,  3.539613720202E+03,  3.599963659137E+03,  7.424479425396E+04,  7.984467188871E+04,  9.918599818371E+02,  9.305077655563E-01,NaN,NaN,  3.413973276851E-03,  8.171755898654E+15,  1.322543889163E+20,  4.135704127818E+20,  1.137138359314E+18,  1.529979523110E+21,  8.757018973293E+19,  1.057291453012E+13,  3.626084052268E+02,  6.114799423825E+01,  2.914604090161E+02,NaN,  9.999999938812E+00,NaN,  2.033548815524E-06,  3.846809750906E-02,NaN,  3.504050000000E+06,  4.266533912208E-07
  2.397895511998E-01,  3.539005188193E+03,  3.599959240184E+03,  7.523730561575E+04,  7.975636530054E+04,  9.918599818371E+02,  9.305059010092E-01,NaN,NaN,  3.402660638447E-03,  8.171980176326E+15,  1.322541880616E+20,  4.135706134033E+20,  1.137171202529E+18,  1.529979397846E+21,  8.757028210982E+19,  1.057282219178E+13,  3.626087054217E+02,  6.114815305177E+01,  2.914605504025E+02,NaN,  9.999999933880E+00,NaN,  2.033531055566E-06,  3.846809071241E-02,NaN,  3.504050000000E+06,  4.266546741990E-07
  2.576782425672E-01,  3.538539429550E+03,  3.599954769736E+03,  7.599735919949E+04,  7.968878553070E+04,  9.918599818371E+02,  9.305040147339E-01,NaN,NaN,  3.394123578718E-03,  8.172207067790E+15,  1.322539848661E+20,  4.135708163630E+20,  1.137204428603E+18,  1.529979271123E+21,  8.757037556392E+19,  1.057272931660E+13,  3.626090091159E+02,  6.114831371672E+01,  2.914606934367E+02,NaN,  9.999999928948E+00,NaN,  2.033513192354E-06,  3.846808383651E-02,NaN,  3.504050000000E+06,  4.266559721364E-07
  2.755669339346E-01,  3.538182930802E+03,  3.599950259881E+03,  7.657858505415E+04,  7.963704429326E+04,  9.918599818371E+02,  9.305021118312E-01,NaN,NaN,  3.387667478412E-03,  8.172435959525E+15,  1.322537798792E+20,  4.135710211120E+20,  1.137237947695E+18,  1.529979143282E+21,  8.757046984249E+19,  1.057263536771E+13,  3.626093154881E+02,  6.114847579868E+01,  2.914608377320E+02,NaN,  9.999999924016E+00,NaN,  2.033495122630E-06,  3.846807689997E-02,NaN,  3.504050000000E+06,  4.266572815236E-07
  2.934556253020E-01,  3.537909953123E+03,  3.599945719907E+03,  7.702256907704E+04,  7.959739699195E+04,  9.918599818371E+02,  9.305001962202E-01,NaN,NaN,  3.382777588640E-03,  8.172666380118E+15,  1.322535735231E+20,  4.135712272287E+20,  1.137271690773E+18,  1.529979014587E+21,  8.757056475129E+19,  1.057254088197E+13,  3.626096239074E+02,  6.114863896384E+01,  2.914609829910E+02,NaN,  9.999999919085E+00,NaN,  2.033476949650E-06,  3.846806991708E-02,NaN,  3.504050000000E+06,  4.266585996641E-07
  3.113443166693E-01,  3.537700768479E+03,  3.599941156936E+03,  7.736141487884E+04,  7.956697914393E+04,  9.918599818371E+02,  9.304982709058E-01,NaN,NaN,  3.379069939875E-03,  8.172897968109E+15,  1.322533661216E+20,  4.135714343896E+20,  1.137305604907E+18,  1.529978885240E+21,  8.757066014142E+19,  1.057244612781E+13,  3.626099338899E+02,  6.114880295626E+01,  2.914611289860E+02,NaN,  9.999999914153E+00,NaN,  2.033458725043E-06,  3.846806289879E-02,NaN,  3.504050000000E+06,  4.266599244901E-07
  3.292330080367E-01,  3.537540277912E+03,  3.599936576422E+03,  7.761982565366E+04,  7.954360168564E+04,  9.918599818371E+02,  9.304963381887E-01,NaN,NaN,  3.376256665524E-03,  8.173130446781E+15,  1.322531579225E+20,  4.135716423474E+20,  1.137339649575E+18,  1.529978755394E+21,  8.757075589886E+19,  1.057235056837E+13,  3.626102450652E+02,  6.114896758000E+01,  2.914612755426E+02,NaN,  9.999999909221E+00,NaN,  2.033440345552E-06,  3.846805585348E-02,NaN,  3.504050000000E+06,  4.266612544189E-07
  3.471216994041E-01,  3.537416938462E+03,  3.599931982531E+03,  7.781676334143E+04,  7.952559301820E+04,  9.918599818371E+02,  9.304943998280E-01,NaN,NaN,  3.374121125255E-03,  8.173363604541E+15,  1.322529491151E+20,  4.135718509126E+20,  1.137373793792E+18,  1.529978625169E+21,  8.757085193645E+19,  1.057225474051E+13,  3.626105571502E+02,  6.114913268522E+01,  2.914614225272E+02,NaN,  9.999999904289E+00,NaN,  2.033421914434E-06,  3.846804878756E-02,NaN,  3.504050000000E+06,  4.266625882401E-07
  3.650103907714E-01,  3.537321933151E+03,  3.599927378450E+03,  7.796675621465E+04,  7.951167742095E+04,  9.918599818371E+02,  9.304924571675E-01,NaN,NaN,  3.372499806648E-03,  8.173597279741E+15,  1.322527398444E+20,  4.135720599407E+20,  1.137408013886E+18,  1.529978494655E+21,  8.757094818759E+19,  1.057215891265E+13,  3.626108699283E+02,  6.114929815746E+01,  2.914615698381E+02,NaN,  9.999999899358E+00,NaN,  2.033403483315E-06,  3.846804170594E-02,NaN,  3.504050000000E+06,  4.266639250289E-07
  3.918434278225E-01,  3.537218276149E+03,  3.599920458380E+03,  7.812730557132E+04,  7.949641450469E+04,  9.918599818371E+02,  9.304895372907E-01,NaN,NaN,  3.370769840859E-03,  8.173948500981E+15,  1.322524253039E+20,  4.135723741166E+20,  1.137459447967E+18,  1.529978298487E+21,  8.757109285684E+19,  1.057201503664E+13,  3.626113400450E+02,  6.114954686864E+01,  2.914617912510E+02,NaN,  9.999999891960E+00,NaN,  2.033375810824E-06,  3.846803106200E-02,NaN,  3.504050000000E+06,  4.266659342791E-07
  4.186764648736E-01,  3.537147217878E+03,  3.599913526636E+03,  7.823373677754E+04,  7.948585791340E+04,  9.918599818371E+02,  9.304866124887E-01,NaN,NaN,  3.369626808612E-03,  8.174300315206E+15,  1.322521102323E+20,  4.135726888229E+20,  1.137510969118E+18,  1.529978101987E+21,  8.757123777121E+19,  1.057187062378E+13,  3.626118109568E+02,  6.114979600111E+01,  2.914620130377E+02,NaN,  9.999999884562E+00,NaN,  2.033348035077E-06,  3.846802040004E-02,NaN,  3.504050000000E+06,  4.266679469389E-07
  4.455095019246E-01,  3.537097848392E+03,  3.599906587162E+03,  7.830413611245E+04,  7.947843187920E+04,  9.918599818371E+02,  9.304836844247E-01,NaN,NaN,  3.368873164712E-03,  8.174652522332E+15,  1.322517948089E+20,  4.135730038807E+20,  1.137562548039E+18,  1.529977905266E+21,  8.757138284827E+19,  1.057172621092E+13,  3.626122823959E+02,  6.115004541319E+01,  2.914622350722E+02,NaN,  9.999999877165E+00,NaN,  2.033320259330E-06,  3.846800972612E-02,NaN,  3.504050000000E+06,  4.266699618635E-07
  4.723425389757E-01,  3.537062905982E+03,  3.599899642581E+03,  7.835055628646E+04,  7.947308793997E+04,  9.918599818371E+02,  9.304807542061E-01,NaN,NaN,  3.368378046374E-03,  8.175004989173E+15,  1.322514791529E+20,  4.135733191708E+20,  1.137614165227E+18,  1.529977708399E+21,  8.757152803314E+19,  1.057158179806E+13,  3.626127541840E+02,  6.115029501057E+01,  2.914624572704E+02,NaN,  9.999999869767E+00,NaN,  2.033292483583E-06,  3.846799904428E-02,NaN,  3.504050000000E+06,  4.266719782911E-07
  4.991755760267E-01,  3.537037558934E+03,  3.599892694640E+03,  7.838102314788E+04,  7.946912865106E+04,  9.918599818371E+02,  9.304778225696E-01,NaN,NaN,  3.368054656083E-03,  8.175357627107E+15,  1.322511633436E+20,  4.135736346140E+20,  1.137665807705E+18,  1.529977511436E+21,  8.757167328931E+19,  1.057143711677E+13,  3.626132262025E+02,  6.115054473049E+01,  2.914626795764E+02,NaN,  9.999999862369E+00,NaN,  2.033264656208E-06,  3.846798835720E-02,NaN,  3.504050000000E+06,  4.266739957148E-07
  5.260086130778E-01,  3.537018593123E+03,  3.599885744499E+03,  7.840087840397E+04,  7.946609013918E+04,  9.918599818371E+02,  9.304748900052E-01,NaN,NaN,  3.367845375655E-03,  8.175710377181E+15,  1.322508474340E+20,  4.135739501575E+20,  1.137717466838E+18,  1.529977314408E+21,  8.757181859250E+19,  1.057129243549E+13,  3.626136983726E+02,  6.115079453121E+01,  2.914629019531E+02,NaN,  9.999999854972E+00,NaN,  2.033236828833E-06,  3.846797766667E-02,NaN,  3.504050000000E+06,  4.266760137972E-07
  5.618576550707E-01,  3.536999612772E+03,  3.599876456955E+03,  7.841683065228E+04,  7.946294806497E+04,  9.918599818371E+02,  9.304709711890E-01,NaN,NaN,  3.367679404686E-03,  8.176181761616E+15,  1.322504252798E+20,  4.135743718223E+20,  1.137786499963E+18,  1.529977051117E+21,  8.757201276427E+19,  1.057109890078E+13,  3.626143293416E+02,  6.115112834527E+01,  2.914631991180E+02,NaN,  9.999999845088E+00,NaN,  2.033199605202E-06,  3.846796338071E-02,NaN,  3.504050000000E+06,  4.266787106136E-07
  6.022146995345E-01,  3.536983453442E+03,  3.599865999852E+03,  7.842612679680E+04,  7.946016228016E+04,  9.918599818371E+02,  9.304665588858E-01,NaN,NaN,  3.367585595652E-03,  8.176712507492E+15,  1.322499499638E+20,  4.135748465874E+20,  1.137864226927E+18,  1.529976754667E+21,  8.757223138982E+19,  1.057088147622E+13,  3.626150397715E+02,  6.115150419950E+01,  2.914635337049E+02,NaN,  9.999999833962E+00,NaN,  2.033157786698E-06,  3.846794729560E-02,NaN,  3.504050000000E+06,  4.266817470769E-07
  6.425717439983E-01,  3.536970359356E+03,  3.599855541885E+03,  7.843032439596E+04,  7.945781876531E+04,  9.918599818371E+02,  9.304621462177E-01,NaN,NaN,  3.367546528176E-03,  8.177243298486E+15,  1.322494746074E+20,  4.135753213928E+20,  1.137941961028E+18,  1.529976458190E+21,  8.757245003580E+19,  1.057066351480E+13,  3.626157502649E+02,  6.115188008882E+01,  2.914638683201E+02,NaN,  9.999999822836E+00,NaN,  2.033115864938E-06,  3.846793120901E-02,NaN,  3.504050000000E+06,  4.266847838374E-07
  6.829287884620E-01,  3.536958924861E+03,  3.599845083561E+03,  7.843176162666E+04,  7.945571471879E+04,  9.918599818371E+02,  9.304577333989E-01,NaN,NaN,  3.367537092882E-03,  8.177774108814E+15,  1.322489992337E+20,  4.135757962155E+20,  1.138019698488E+18,  1.529976161699E+21,  8.757266869156E+19,  1.057044582181E+13,  3.626164607874E+02,  6.115225599498E+01,  2.914642029476E+02,NaN,  9.999999811710E+00,NaN,  2.033073994807E-06,  3.846791512173E-02,NaN,  3.504050000000E+06,  4.266878207476E-07
  7.232858329258E-01,  3.536948388900E+03,  3.599834625155E+03,  7.843170451471E+04,  7.945374034247E+04,  9.918599818371E+02,  9.304533205457E-01,NaN,NaN,  3.367543698075E-03,  8.178304924516E+15,  1.322485238552E+20,  4.135762710431E+20,  1.138097437264E+18,  1.529975865203E+21,  8.757288735137E+19,  1.057022812882E+13,  3.626171713202E+02,  6.115263190807E+01,  2.914645375785E+02,NaN,  9.999999800585E+00,NaN,  2.033032124675E-06,  3.846789903416E-02,NaN,  3.504050000000E+06,  4.266908577276E-07
  7.643892681764E-01,  3.536938156804E+03,  3.599823973393E+03,  7.843081711970E+04,  7.945180144320E+04,  9.918599818371E+02,  9.304488261073E-01,NaN,NaN,  3.367559326456E-03,  8.178845555217E+15,  1.322480396867E+20,  4.135767546503E+20,  1.138176614005E+18,  1.529975563222E+21,  8.757311005616E+19,  1.057000640945E+13,  3.626178949942E+02,  6.115301477518E+01,  2.914648783968E+02,NaN,  9.999999789253E+00,NaN,  2.032989480126E-06,  3.846788264902E-02,NaN,  3.504050000000E+06,  4.266939509028E-07
  8.054927034270E-01,  3.536928195192E+03,  3.599813321786E+03,  7.842948019546E+04,  7.944990161045E+04,  9.918599818371E+02,  9.304443317341E-01,NaN,NaN,  3.367579780397E-03,  8.179386179357E+15,  1.322475555241E+20,  4.135772382518E+20,  1.138255790333E+18,  1.529975261243E+21,  8.757333276014E+19,  1.056978469007E+13,  3.626186186628E+02,  6.115339764090E+01,  2.914652192110E+02,NaN,  9.999999777921E+00,NaN,  2.032946835578E-06,  3.846786626395E-02,NaN,  3.504050000000E+06,  4.266970440809E-07
  8.465961386776E-01,  3.536918378082E+03,  3.599802670378E+03,  7.842790332168E+04,  7.944802267030E+04,  9.918599818371E+02,  9.304398374451E-01,NaN,NaN,  3.367602810426E-03,  8.179926794626E+15,  1.322470713695E+20,  4.135777218452E+20,  1.138334965911E+18,  1.529974959265E+21,  8.757355546237E+19,  1.056956297070E+13,  3.626193423227E+02,  6.115378050360E+01,  2.914655600196E+02,NaN,  9.999999766590E+00,NaN,  2.032904191030E-06,  3.846784987903E-02,NaN,  3.504050000000E+06,  4.267001372489E-07
  9.082512915535E-01,  3.536903786145E+03,  3.599786693690E+03,  7.842531637143E+04,  7.944522363979E+04,  9.918599818371E+02,  9.304330961905E-01,NaN,NaN,  3.367639735590E-03,  8.180737698380E+15,  1.322463451546E+20,  4.135784472183E+20,  1.138453727500E+18,  1.529974506306E+21,  8.757388951137E+19,  1.056923039164E+13,  3.626204277931E+02,  6.115435479018E+01,  2.914660712204E+02,NaN,  9.999999749592E+00,NaN,  2.032840224207E-06,  3.846782530202E-02,NaN,  3.504050000000E+06,  4.267047769672E-07
  9.638010357670E-01,  3.536890701964E+03,  3.599772299558E+03,  7.842288199156E+04,  7.944271093246E+04,  9.918599818371E+02,  9.304270226846E-01,NaN,NaN,  3.367674117437E-03,  8.181468281249E+15,  1.322456908721E+20,  4.135791007424E+20,  1.138560726683E+18,  1.529974098208E+21,  8.757419047610E+19,  1.056893056048E+13,  3.626214057527E+02,  6.115487219934E+01,  2.914665317863E+02,NaN,  9.999999734278E+00,NaN,  2.032782555974E-06,  3.846780315915E-02,NaN,  3.504050000000E+06,  4.267089571946E-07
  1.016376919928E+00,  3.536878342308E+03,  3.599758676433E+03,  7.842053864594E+04,  7.944033629442E+04,  9.918599818371E+02,  9.304212744995E-01,NaN,NaN,  3.367707081390E-03,  8.182159733364E+15,  1.322450716337E+20,  4.135797192631E+20,  1.138661995804E+18,  1.529973711964E+21,  8.757447532405E+19,  1.056864710327E+13,  3.626223313373E+02,  6.115536190102E+01,  2.914669676837E+02,NaN,  9.999999719784E+00,NaN,  2.032728037035E-06,  3.846778220209E-02,NaN,  3.504050000000E+06,  4.267129135930E-07
  1.092204081319E+00,  3.536860531600E+03,  3.599739029306E+03,  7.841713543674E+04,  7.943691377938E+04,  9.918599818371E+02,  9.304129845280E-01,NaN,NaN,  3.367754877729E-03,  8.183156941898E+15,  1.322441785713E+20,  4.135806112904E+20,  1.138808047167E+18,  1.529973154918E+21,  8.757488613568E+19,  1.056823802298E+13,  3.626236662198E+02,  6.115606815554E+01,  2.914675963327E+02,NaN,  9.999999698879E+00,NaN,  2.032649356294E-06,  3.846775197757E-02,NaN,  3.504050000000E+06,  4.267186196064E-07
  1.168031242709E+00,  3.536842727904E+03,  3.599719383033E+03,  7.841372205797E+04,  7.943349243831E+04,  9.918599818371E+02,  9.304046949171E-01,NaN,NaN,  3.367802785207E-03,  8.184154111360E+15,  1.322432855439E+20,  4.135815032827E+20,  1.138954094673E+18,  1.529972597885E+21,  8.757529693767E+19,  1.056782921111E+13,  3.626250010611E+02,  6.115677439347E+01,  2.914682249571E+02,NaN,  9.999999677975E+00,NaN,  2.032570727181E-06,  3.846772175384E-02,NaN,  3.504050000000E+06,  4.267243255340E-07
  1.243858404100E+00,  3.536824927911E+03,  3.599699737617E+03,  7.841030401284E+04,  7.943007179402E+04,  9.918599818371E+02,  9.303964056672E-01,NaN,NaN,  3.367850744748E-03,  8.185151241690E+15,  1.322423925516E+20,  4.135823952399E+20,  1.139100138312E+18,  1.529972040866E+21,  8.757570772997E+19,  1.056742039924E+13,  3.626263358611E+02,  6.115748061476E+01,  2.914688535568E+02,NaN,  9.999999657071E+00,NaN,  2.032492098069E-06,  3.846769153090E-02,NaN,  3.504050000000E+06,  4.267300313757E-07
  1.347156140515E+00,  3.536800681637E+03,  3.599672976460E+03,  7.840564629437E+04,  7.942540729606E+04,  9.918599818371E+02,  9.303850632333E-01,NaN,NaN,  3.367916097078E-03,  8.186515644646E+15,  1.322411706438E+20,  4.135836157317E+20,  1.139299977171E+18,  1.529971278668E+21,  8.757626984036E+19,  1.056686314813E+13,  3.626281623257E+02,  6.115844697624E+01,  2.914697136885E+02,NaN,  9.999999628594E+00,NaN,  2.032384918792E-06,  3.846765017528E-02,NaN,  3.504050000000E+06,  4.267378041842E-07
  1.477924451956E+00,  3.536769994094E+03,  3.599639100833E+03,  7.839974278439E+04,  7.941950015825E+04,  9.918599818371E+02,  9.303706707069E-01,NaN,NaN,  3.367998910814E-03,  8.188246970678E+15,  1.322396201336E+20,  4.135851644451E+20,  1.139553562870E+18,  1.529970311472E+21,  8.757698313453E+19,  1.056615826306E+13,  3.626304800037E+02,  6.115967324707E+01,  2.914708051318E+02,NaN,  9.999999592544E+00,NaN,  2.032249344235E-06,  3.846759769698E-02,NaN,  3.504050000000E+06,  4.267476438311E-07
  1.608692763396E+00,  3.536739310236E+03,  3.599605227758E+03,  7.839383759384E+04,  7.941359403733E+04,  9.918599818371E+02,  9.303562792642E-01,NaN,NaN,  3.368081748456E-03,  8.189978179310E+15,  1.322380697285E+20,  4.135867130536E+20,  1.139807136996E+18,  1.529969344317E+21,  8.757769639976E+19,  1.056545310956E+13,  3.626327975579E+02,  6.116089946815E+01,  2.914718965011E+02,NaN,  9.999999556494E+00,NaN,  2.032113718050E-06,  3.846754522103E-02,NaN,  3.504050000000E+06,  4.267574832204E-07
  1.708625316674E+00,  3.536715862577E+03,  3.599579343825E+03,  7.838932652956E+04,  7.940908104997E+04,  9.918599818371E+02,  9.303452821193E-01,NaN,NaN,  3.368145038772E-03,  8.191301081987E+15,  1.322368849868E+20,  4.135878964224E+20,  1.140000909395E+18,  1.529968605249E+21,  8.757824145431E+19,  1.056491437980E+13,  3.626345685389E+02,  6.116183650722E+01,  2.914727304707E+02,NaN,  9.999999528945E+00,NaN,  2.032010101090E-06,  3.846750512072E-02,NaN,  3.504050000000E+06,  4.267650022635E-07
  1.808557869951E+00,  3.536692416283E+03,  3.599553461383E+03,  7.838481579246E+04,  7.940456854281E+04,  9.918599818371E+02,  9.303342856071E-01,NaN,NaN,  3.368208328993E-03,  8.192623916109E+15,  1.322357003065E+20,  4.135890797299E+20,  1.140194675037E+18,  1.529967866204E+21,  8.757878649195E+19,  1.056437565005E+13,  3.626363394476E+02,  6.116277351724E+01,  2.914735643971E+02,NaN,  9.999999501397E+00,NaN,  2.031906484130E-06,  3.846746502178E-02,NaN,  3.504050000000E+06,  4.267725211562E-07
  1.908490423229E+00,  3.536668971792E+03,  3.599527580429E+03,  7.838030465362E+04,  7.940005657903E+04,  9.918599818371E+02,  9.303232897278E-01,NaN,NaN,  3.368271626950E-03,  8.193946681678E+15,  1.322345156876E+20,  4.135902629760E+20,  1.140388433920E+18,  1.529967127183E+21,  8.757933151269E+19,  1.056383718871E+13,  3.626381102841E+02,  6.116371049819E+01,  2.914743982803E+02,NaN,  9.999999473848E+00,NaN,  2.031802918798E-06,  3.846742492422E-02,NaN,  3.504050000000E+06,  4.267800398984E-07
  2.129320011871E+00,  3.536617169103E+03,  3.599470394334E+03,  7.837033751479E+04,  7.939008777495E+04,  9.918599818371E+02,  9.302989934278E-01,NaN,NaN,  3.368411497772E-03,  8.196869467854E+15,  1.322318981507E+20,  4.135928774797E+20,  1.140816575682E+18,  1.529965494189E+21,  8.758053583211E+19,  1.056264699054E+13,  3.626420231980E+02,  6.116578092286E+01,  2.914762408306E+02,NaN,  9.999999412973E+00,NaN,  2.031574001210E-06,  3.846733632202E-02,NaN,  3.504050000000E+06,  4.267966541783E-07
  2.350149600514E+00,  3.536565371961E+03,  3.599413215509E+03,  7.836037382770E+04,  7.938012115358E+04,  9.918599818371E+02,  9.302747002169E-01,NaN,NaN,  3.368551348202E-03,  8.199791919380E+15,  1.322292809134E+20,  4.135954916840E+20,  1.141244684450E+18,  1.529963861310E+21,  8.758174006900E+19,  1.056145679236E+13,  3.626459357591E+02,  6.116785120566E+01,  2.914780831700E+02,NaN,  9.999999352097E+00,NaN,  2.031345083622E-06,  3.846724772652E-02,NaN,  3.504050000000E+06,  4.268132677235E-07
  2.570979189156E+00,  3.536513580761E+03,  3.599356043954E+03,  7.835041293116E+04,  7.937015677158E+04,  9.918599818371E+02,  9.302504100945E-01,NaN,NaN,  3.368691185334E-03,  8.202714036283E+15,  1.322266639759E+20,  4.135981055890E+20,  1.141672760223E+18,  1.529962228547E+21,  8.758294422335E+19,  1.056026739946E+13,  3.626498479674E+02,  6.116992134660E+01,  2.914799252985E+02,NaN,  9.999999291223E+00,NaN,  2.031116320917E-06,  3.846715913770E-02,NaN,  3.504050000000E+06,  4.268298805339E-07
  2.791808777798E+00,  3.536461796034E+03,  3.599298879667E+03,  7.834045394278E+04,  7.936019470469E+04,  9.918599818371E+02,  9.302261230601E-01,NaN,NaN,  3.368831018643E-03,  8.205635818629E+15,  1.322240473379E+20,  4.136007191948E+20,  1.142100803005E+18,  1.529960595899E+21,  8.758414829518E+19,  1.055907746971E+13,  3.626537598229E+02,  6.117199134570E+01,  2.914817672160E+02,NaN,  9.999999230349E+00,NaN,  2.030887454956E-06,  3.846707055557E-02,NaN,  3.504050000000E+06,  4.268464926095E-07
  3.012638366441E+00,  3.536410017711E+03,  3.599241722646E+03,  7.833049697332E+04,  7.935023494240E+04,  9.918599818371E+02,  9.302018391129E-01,NaN,NaN,  3.368970846935E-03,  8.208557266507E+15,  1.322214309995E+20,  4.136033325013E+20,  1.142528812805E+18,  1.529958963367E+21,  8.758535228450E+19,  1.055788834523E+13,  3.626576713258E+02,  6.117406120298E+01,  2.914836089227E+02,NaN,  9.999999169476E+00,NaN,  2.030658743879E-06,  3.846698198012E-02,NaN,  3.504050000000E+06,  4.268631039505E-07
  3.233467955083E+00,  3.536358245580E+03,  3.599184572889E+03,  7.832054236902E+04,  7.934027745382E+04,  9.918599818371E+02,  9.301775582519E-01,NaN,NaN,  3.369110666480E-03,  8.211478380004E+15,  1.322188149605E+20,  4.136059455087E+20,  1.142956789631E+18,  1.529957330950E+21,  8.758655619134E+19,  1.055669895233E+13,  3.626615824761E+02,  6.117613091850E+01,  2.914854504185E+02,NaN,  9.999999108604E+00,NaN,  2.030429981174E-06,  3.846689341136E-02,NaN,  3.504050000000E+06,  4.268797145572E-07
  3.454297543725E+00,  3.536306479637E+03,  3.599127430395E+03,  7.831059013557E+04,  7.933032223763E+04,  9.918599818371E+02,  9.301532804765E-01,NaN,NaN,  3.369250477210E-03,  8.214399159197E+15,  1.322161992209E+20,  4.136085582170E+20,  1.143384733490E+18,  1.529955698649E+21,  8.758776001571E+19,  1.055551036470E+13,  3.626654932738E+02,  6.117820049227E+01,  2.914872917036E+02,NaN,  9.999999047732E+00,NaN,  2.030201373353E-06,  3.846680484928E-02,NaN,  3.504050000000E+06,  4.268963244297E-07
  3.804508581994E+00,  3.536224397460E+03,  3.599036823675E+03,  7.829481163720E+04,  7.931453905516E+04,  9.918599818371E+02,  9.301147849640E-01,NaN,NaN,  3.369472185780E-03,  8.219030503142E+15,  1.322120515641E+20,  4.136127010673E+20,  1.144063337022E+18,  1.529953110238E+21,  8.758966897750E+19,  1.055362548162E+13,  3.626716946393E+02,  6.118148231430E+01,  2.914902113439E+02,NaN,  9.999998951198E+00,NaN,  2.029838843063E-06,  3.846666441342E-02,NaN,  3.504050000000E+06,  4.269226643252E-07
  4.338135535056E+00,  3.536099356607E+03,  3.598898798623E+03,  7.827078044131E+04,  7.929050077191E+04,  9.918599818371E+02,  9.300561431205E-01,NaN,NaN,  3.369809972305E-03,  8.226085803729E+15,  1.322057331033E+20,  4.136190122060E+20,  1.145097186021E+18,  1.529949166757E+21,  8.759257732065E+19,  1.055075359837E+13,  3.626811421402E+02,  6.118648223881E+01,  2.914946590680E+02,NaN,  9.999998804111E+00,NaN,  2.029286477417E-06,  3.846645045943E-02,NaN,  3.504050000000E+06,  4.269627956569E-07
  4.871762488118E+00,  3.535974352191E+03,  3.598760815931E+03,  7.824676249176E+04,  7.926647578582E+04,  9.918599818371E+02,  9.299975192739E-01,NaN,NaN,  3.370147713586E-03,  8.233139154288E+15,  1.321994163887E+20,  4.136253216003E+20,  1.146130842685E+18,  1.529945223950E+21,  8.759548518264E+19,  1.054788332568E+13,  3.626905875847E+02,  6.119148133631E+01,  2.914991055626E+02,NaN,  9.999998657027E+00,NaN,  2.028734421537E-06,  3.846623654444E-02,NaN,  3.504050000000E+06,  4.270029227047E-07
  5.405389441181E+00,  3.535849384157E+03,  3.598622875574E+03,  7.822275784092E+04,  7.924246408083E+04,  9.918599818371E+02,  9.299389134142E-01,NaN,NaN,  3.370485408963E-03,  8.240190555825E+15,  1.321931014196E+20,  4.136316292510E+20,  1.147164307096E+18,  1.529941281817E+21,  8.759839256367E+19,  1.054501439511E+13,  3.627000309739E+02,  6.119647960715E+01,  2.915035508286E+02,NaN,  9.999998509948E+00,NaN,  2.028182623796E-06,  3.846602266841E-02,NaN,  3.504050000000E+06,  4.270430454703E-07
  6.657812690025E+00,  3.535556226759E+03,  3.598299295445E+03,  7.816647100659E+04,  7.918616067181E+04,  9.918599818371E+02,  9.298014359413E-01,NaN,NaN,  3.371277800955E-03,  8.256732559170E+15,  1.321782870257E+20,  4.136464264766E+20,  1.149589095386E+18,  1.529932032264E+21,  8.760521430457E+19,  1.053828523902E+13,  3.627221865588E+02,  6.120820731334E+01,  2.915139790538E+02,NaN,  9.999998164776E+00,NaN,  2.026888366913E-06,  3.846552085395E-02,NaN,  3.504050000000E+06,  4.271371968670E-07
  8.915295003278E+00,  3.535028318015E+03,  3.597716632409E+03,  7.806519858148E+04,  7.908485841613E+04,  9.918599818371E+02,  9.295538835284E-01,NaN,NaN,  3.372705446760E-03,  8.286522335382E+15,  1.321516084261E+20,  4.136730741573E+20,  1.153957087880E+18,  1.529915369364E+21,  8.761750376090E+19,  1.052617254331E+13,  3.627620932921E+02,  6.122933493325E+01,  2.915327587916E+02,NaN,  9.999997542683E+00,NaN,  2.024558663222E-06,  3.846461687849E-02,NaN,  3.504050000000E+06,  4.273068445656E-07
  9.455772567504E+00,  3.534902024547E+03,  3.597577245602E+03,  7.804098743116E+04,  7.906064012853E+04,  9.918599818371E+02,  9.294946631241E-01,NaN,NaN,  3.373047126845E-03,  8.293649324811E+15,  1.321452257632E+20,  4.136794494229E+20,  1.155002345850E+18,  1.529911381784E+21,  8.762044477891E+19,  1.052327569651E+13,  3.627716421594E+02,  6.123439103304E+01,  2.915372517086E+02,NaN,  9.999997393745E+00,NaN,  2.024001496191E-06,  3.846440055556E-02,NaN,  3.504050000000E+06,  4.273474495867E-07
  9.941706350885E+00,  3.534788513880E+03,  3.597451962317E+03,  7.801922153465E+04,  7.903886289886E+04,  9.918599818371E+02,  9.294412846986E-01,NaN,NaN,  3.373354389560E-03,  8.300073430779E+15,  1.321394725764E+20,  4.136851959426E+20,  1.155944599401E+18,  1.529907787105E+21,  8.762309603025E+19,  1.052067223865E+13,  3.627802497777E+02,  6.123894897248E+01,  2.915413015219E+02,NaN,  9.999997259839E+00,NaN,  2.023500758327E-06,  3.846420554932E-02,NaN,  3.504050000000E+06,  4.273839530973E-07
  1.074460744375E+01,  3.534601052523E+03,  3.597245035236E+03,  7.798324097580E+04,  7.900287158930E+04,  9.918599818371E+02,  9.293527635158E-01,NaN,NaN,  3.373862436386E-03,  8.310727382394E+15,  1.321299312999E+20,  4.136947261636E+20,  1.157507435156E+18,  1.529901824812E+21,  8.762749354963E+19,  1.051637286919E+13,  3.627945259572E+02,  6.124650902772E+01,  2.915480178682E+02,NaN,  9.999997038594E+00,NaN,  2.022673836133E-06,  3.846388210750E-02,NaN,  3.504050000000E+06,  4.274442595195E-07
  1.139422365369E+01,  3.534449440215E+03,  3.597077683210E+03,  7.795415135843E+04,  7.897377340795E+04,  9.918599818371E+02,  9.292811721162E-01,NaN,NaN,  3.374273415757E-03,  8.319344111919E+15,  1.321222144825E+20,  4.137024340394E+20,  1.158771585469E+18,  1.529897001917E+21,  8.763105072574E+19,  1.051289595511E+13,  3.628060732088E+02,  6.125262439569E+01,  2.915534499315E+02,NaN,  9.999996859598E+00,NaN,  2.022005101464E-06,  3.846362047976E-02,NaN,  3.504050000000E+06,  4.274930455197E-07
  1.204383986364E+01,  3.534297881556E+03,  3.596910393598E+03,  7.792508129984E+04,  7.894469477790E+04,  9.918599818371E+02,  9.292096074168E-01,NaN,NaN,  3.374684327408E-03,  8.327957948734E+15,  1.321145002556E+20,  4.137101393276E+20,  1.160035450965E+18,  1.529892180018E+21,  8.763460718993E+19,  1.050942092002E+13,  3.628176174130E+02,  6.125873854001E+01,  2.915588801711E+02,NaN,  9.999996680608E+00,NaN,  2.021336728190E-06,  3.846335890976E-02,NaN,  3.504050000000E+06,  4.275418251755E-07
  1.319251324517E+01,  3.534030021600E+03,  3.596614739037E+03,  7.787372639409E+04,  7.889332475109E+04,  9.918599818371E+02,  9.290831295710E-01,NaN,NaN,  3.375410750269E-03,  8.343182154072E+15,  1.321008660324E+20,  4.137237577522E+20,  1.162269564342E+18,  1.529883656212E+21,  8.764089410971E+19,  1.050328068923E+13,  3.628380228153E+02,  6.126954678522E+01,  2.915684776458E+02,NaN,  9.999996364130E+00,NaN,  2.020155742663E-06,  3.846289653400E-02,NaN,  3.504050000000E+06,  4.276280635050E-07
  1.502865586556E+01,  3.533602197809E+03,  3.596142542566E+03,  7.779176262544E+04,  7.881133684848E+04,  9.918599818371E+02,  9.288811289919E-01,NaN,NaN,  3.376571491827E-03,  8.367499149663E+15,  1.320790886495E+20,  4.137455098998E+20,  1.165838926176E+18,  1.529870037452E+21,  8.765093907359E+19,  1.049347645187E+13,  3.628706208984E+02,  6.128681572560E+01,  2.915838072963E+02,NaN,  9.999995858295E+00,NaN,  2.018270037902E-06,  3.846215780523E-02,NaN,  3.504050000000E+06,  4.277658734898E-07
  1.812777960136E+01,  3.532881065858E+03,  3.595346674281E+03,  7.765377255996E+04,  7.867330613987E+04,  9.918599818371E+02,  9.285406650868E-01,NaN,NaN,  3.378529422697E-03,  8.408490261445E+15,  1.320423785574E+20,  4.137821774511E+20,  1.171858312375E+18,  1.529847069099E+21,  8.766788055809E+19,  1.047695996922E+13,  3.629255863973E+02,  6.131594092054E+01,  2.916096484570E+02,NaN,  9.999995004668E+00,NaN,  2.015093328808E-06,  3.846091198838E-02,NaN,  3.504050000000E+06,  4.279983607957E-07
  1.912195516982E+01,  3.532650023775E+03,  3.595091665118E+03,  7.760954324281E+04,  7.862905889637E+04,  9.918599818371E+02,  9.284309248550E-01,NaN,NaN,  3.379157803033E-03,  8.421704286567E+15,  1.320305445760E+20,  4.137939977214E+20,  1.173799415416E+18,  1.529839661944E+21,  8.767334420870E+19,  1.047166957322E+13,  3.629433092624E+02,  6.132533382048E+01,  2.916179786970E+02,NaN,  9.999994730828E+00,NaN,  2.014075796840E-06,  3.846051023734E-02,NaN,  3.504050000000E+06,  4.280729104207E-07
  2.026682521772E+01,  3.532384125048E+03,  3.594798182281E+03,  7.755865041861E+04,  7.857815091487E+04,  9.918599818371E+02,  9.283045160243E-01,NaN,NaN,  3.379881405418E-03,  8.436926353476E+15,  1.320169122683E+20,  4.138076142345E+20,  1.176035901974E+18,  1.529831127359E+21,  8.767963954266E+19,  1.046558302751E+13,  3.629637277701E+02,  6.133615651700E+01,  2.916275748247E+02,NaN,  9.999994415499E+00,NaN,  2.012905136869E-06,  3.846004734712E-02,NaN,  3.504050000000E+06,  4.281587416898E-07
  2.233388493771E+01,  3.531904464557E+03,  3.594268786859E+03,  7.746691538680E+04,  7.848638888200E+04,  9.918599818371E+02,  9.280764950031E-01,NaN,NaN,  3.381187341205E-03,  8.464387026010E+15,  1.319923195279E+20,  4.138321784807E+20,  1.180071637844E+18,  1.529815726004E+21,  8.769100017005E+19,  1.045460684490E+13,  3.630005694093E+02,  6.135568727349E+01,  2.916448862788E+02,NaN,  9.999993846236E+00,NaN,  2.010794025209E-06,  3.845921205313E-02,NaN,  3.504050000000E+06,  4.283136600282E-07
  2.376417587047E+01,  3.531572881080E+03,  3.593902840910E+03,  7.740355418027E+04,  7.842300901752E+04,  9.918599818371E+02,  9.279188748847E-01,NaN,NaN,  3.382090577825E-03,  8.483371192454E+15,  1.319753180259E+20,  4.138491602835E+20,  1.182862462123E+18,  1.529805075001E+21,  8.769885689517E+19,  1.044702194866E+13,  3.630260437856E+02,  6.136919425664E+01,  2.916568540672E+02,NaN,  9.999993452375E+00,NaN,  2.009335178955E-06,  3.845863441688E-02,NaN,  3.504050000000E+06,  4.284208174725E-07
  2.631454906197E+01,  3.530982267752E+03,  3.593251059274E+03,  7.729080525764E+04,  7.831022688834E+04,  9.918599818371E+02,  9.276381397138E-01,NaN,NaN,  3.383700344682E-03,  8.517187506822E+15,  1.319450334123E+20,  4.138794098056E+20,  1.187835415189E+18,  1.529786094956E+21,  8.771285782750E+19,  1.043351800416E+13,  3.630714310608E+02,  6.139326413018E+01,  2.916781721737E+02,NaN,  9.999992750175E+00,NaN,  2.006737888466E-06,  3.845760511599E-02,NaN,  3.504050000000E+06,  4.286118155689E-07
  2.793430298579E+01,  3.530607634914E+03,  3.592837602878E+03,  7.721927819614E+04,  7.823867371196E+04,  9.918599818371E+02,  9.274592239798E-01,NaN,NaN,  3.384722980485E-03,  8.538741602028E+15,  1.319257303797E+20,  4.138986904744E+20,  1.191006239606E+18,  1.529773992296E+21,  8.772178575129E+19,  1.042495550265E+13,  3.631003670417E+02,  6.140861266312E+01,  2.916917600693E+02,NaN,  9.999992304209E+00,NaN,  2.005091013827E-06,  3.845694880960E-02,NaN,  3.504050000000E+06,  4.287330687743E-07
  3.012500436578E+01,  3.530101503978E+03,  3.592279015673E+03,  7.712267352833E+04,  7.814204060858E+04,  9.918599818371E+02,  9.272169898484E-01,NaN,NaN,  3.386106020094E-03,  8.567926916848E+15,  1.318995931157E+20,  4.139247974579E+20,  1.195301091682E+18,  1.529757598460E+21,  8.773387944496E+19,  1.041339146844E+13,  3.631395561123E+02,  6.142940365314E+01,  2.917101587551E+02,NaN,  9.999991701125E+00,NaN,  2.002866837324E-06,  3.845605983677E-02,NaN,  3.504050000000E+06,  4.288970000250E-07
  3.290384340111E+01,  3.529460355985E+03,  3.591571469155E+03,  7.700044622699E+04,  7.801977732148E+04,  9.918599818371E+02,  9.269101587668E-01,NaN,NaN,  3.387859267023E-03,  8.604900410506E+15,  1.318664810529E+20,  4.139578711580E+20,  1.200744347709E+18,  1.529736819573E+21,  8.774920836425E+19,  1.039875101084E+13,  3.631892166313E+02,  6.145575651672E+01,  2.917334671783E+02,NaN,  9.999990936232E+00,NaN,  2.000050954803E-06,  3.845493314130E-02,NaN,  3.504050000000E+06,  4.291048385777E-07
  3.524695509660E+01,  3.528920490437E+03,  3.590975738392E+03,  7.689765532639E+04,  7.791695614577E+04,  9.918599818371E+02,  9.266518171454E-01,NaN,NaN,  3.389336648853E-03,  8.636035451165E+15,  1.318385976875E+20,  4.139857222172E+20,  1.205330068687E+18,  1.529719312918E+21,  8.776212363946E+19,  1.038643028545E+13,  3.632310472203E+02,  6.147795994391E+01,  2.917530949873E+02,NaN,  9.999990291354E+00,NaN,  1.997681239580E-06,  3.845398392953E-02,NaN,  3.504050000000E+06,  4.292799979413E-07
  3.745293483511E+01,  3.528412928098E+03,  3.590415600096E+03,  7.680097081717E+04,  7.782023803439E+04,  9.918599818371E+02,  9.264074101146E-01,NaN,NaN,  3.390728263224E-03,  8.665494959762E+15,  1.318122148666E+20,  4.140120744759E+20,  1.209670697866E+18,  1.529702740861E+21,  8.777434973887E+19,  1.037485068256E+13,  3.632706367459E+02,  6.149897853732E+01,  2.917716665288E+02,NaN,  9.999989684265E+00,NaN,  1.995454068664E-06,  3.845308543552E-02,NaN,  3.504050000000E+06,  4.294448310020E-07
  3.944236286572E+01,  3.527955720409E+03,  3.589911051988E+03,  7.671394834298E+04,  7.773319006457E+04,  9.918599818371E+02,  9.261871268144E-01,NaN,NaN,  3.391982791321E-03,  8.692049944449E+15,  1.317884332273E+20,  4.140358285658E+20,  1.213584776044E+18,  1.529687796424E+21,  8.778537529221E+19,  1.036442504043E+13,  3.633063313644E+02,  6.151793320225E+01,  2.917884070319E+02,NaN,  9.999989136836E+00,NaN,  1.993448845587E-06,  3.845227522420E-02,NaN,  3.504050000000E+06,  4.295934206728E-07
  4.308024195869E+01,  3.527120937827E+03,  3.588989909135E+03,  7.655527725267E+04,  7.757447224689E+04,  9.918599818371E+02,  9.257849602330E-01,NaN,NaN,  3.394275206358E-03,  8.740538681389E+15,  1.317450085490E+20,  4.140792029372E+20,  1.220735231385E+18,  1.529660492876E+21,  8.780551959750E+19,  1.034540146464E+13,  3.633715293415E+02,  6.155256444577E+01,  2.918189747699E+02,NaN,  9.999988135985E+00,NaN,  1.989789933003E-06,  3.845079505649E-02,NaN,  3.504050000000E+06,  4.298649798366E-07
  4.580401781012E+01,  3.526497055187E+03,  3.588301472495E+03,  7.643675040630E+04,  7.745590552981E+04,  9.918599818371E+02,  9.254831359669E-01,NaN,NaN,  3.395991474193E-03,  8.776935933123E+15,  1.317124125483E+20,  4.141117611794E+20,  1.226105528499E+18,  1.529639984870E+21,  8.782065072643E+19,  1.033119263506E+13,  3.634204865268E+02,  6.157857722480E+01,  2.918419199282E+02,NaN,  9.999987386700E+00,NaN,  1.987057067957E-06,  3.844968336282E-02,NaN,  3.504050000000E+06,  4.300681740239E-07
  4.892626477490E+01,  3.525783082935E+03,  3.587513632639E+03,  7.630120268521E+04,  7.732031787750E+04,  9.918599818371E+02,  9.251368485275E-01,NaN,NaN,  3.397958349675E-03,  8.818702098049E+15,  1.316750083526E+20,  4.141491220486E+20,  1.232271088318E+18,  1.529616437940E+21,  8.783802455446E+19,  1.031494162512E+13,  3.634766837514E+02,  6.160844554037E+01,  2.918682496991E+02,NaN,  9.999986527953E+00,NaN,  1.983931418741E-06,  3.844840701777E-02,NaN,  3.504050000000E+06,  4.303009580032E-07
  5.249109851423E+01,  3.524969371249E+03,  3.586615820868E+03,  7.614696908184E+04,  7.716603885816E+04,  9.918599818371E+02,  9.247422239898E-01,NaN,NaN,  3.400202155370E-03,  8.866307449870E+15,  1.316323748015E+20,  4.141917062130E+20,  1.239302673533E+18,  1.529589580964E+21,  8.785784133385E+19,  1.029643423135E+13,  3.635407617500E+02,  6.164251367687E+01,  2.918982605451E+02,NaN,  9.999985547657E+00,NaN,  1.980371786383E-06,  3.844695136187E-02,NaN,  3.504050000000E+06,  4.305665621575E-07
  5.680888003505E+01,  3.523986044610E+03,  3.585530807334E+03,  7.596064206788E+04,  7.697965200936E+04,  9.918599818371E+02,  9.242623767499E-01,NaN,NaN,  3.402920201916E-03,  8.924206787018E+15,  1.315805223492E+20,  4.142434986086E+20,  1.247860544712E+18,  1.529556890658E+21,  8.788196333691E+19,  1.027408593869E+13,  3.636187302645E+02,  6.168398311016E+01,  2.919347608177E+02,NaN,  9.999984360497E+00,NaN,  1.976073412084E-06,  3.844517969110E-02,NaN,  3.504050000000E+06,  4.308880123618E-07
  6.022448676923E+01,  3.523209809047E+03,  3.584674380425E+03,  7.581380503565E+04,  7.683277175203E+04,  9.918599818371E+02,  9.238834160109E-01,NaN,NaN,  3.405068505213E-03,  8.969943195879E+15,  1.315395625539E+20,  4.142844109609E+20,  1.254625170346E+18,  1.529531047487E+21,  8.790103363039E+19,  1.025645898020E+13,  3.636803467429E+02,  6.171676788091E+01,  2.919635934677E+02,NaN,  9.999983421599E+00,NaN,  1.972683118854E-06,  3.844377922559E-02,NaN,  3.504050000000E+06,  4.311421008622E-07
  6.328953456935E+01,  3.522514520934E+03,  3.583907261539E+03,  7.568236405801E+04,  7.670128704922E+04,  9.918599818371E+02,  9.235427415412E-01,NaN,NaN,  3.406995985830E-03,  9.011066575607E+15,  1.315027340136E+20,  4.143211968466E+20,  1.260710908489E+18,  1.529507795715E+21,  8.791819225760E+19,  1.024068066737E+13,  3.637357687545E+02,  6.174626618206E+01,  2.919895180236E+02,NaN,  9.999982579164E+00,NaN,  1.969648386162E-06,  3.844251928088E-02,NaN,  3.504050000000E+06,  4.313699633941E-07
  6.688259288092E+01,  3.521700984892E+03,  3.583009685346E+03,  7.552868453769E+04,  7.654756234617E+04,  9.918599818371E+02,  9.231429203129E-01,NaN,NaN,  3.409254953722E-03,  9.059338983839E+15,  1.314595030750E+20,  4.143643777179E+20,  1.267858724165E+18,  1.529480483426E+21,  8.793834804893E+19,  1.022223098506E+13,  3.638008499984E+02,  6.178091704655E+01,  2.920199493940E+02,NaN,  9.999981591770E+00,NaN,  1.966099853778E-06,  3.844103941840E-02,NaN,  3.504050000000E+06,  4.316369014178E-07
  7.046330794174E+01,  3.520891802775E+03,  3.582117004365E+03,  7.537609080968E+04,  7.639492366507E+04,  9.918599818371E+02,  9.227452765469E-01,NaN,NaN,  3.411504150920E-03,  9.107358469191E+15,  1.314164986437E+20,  4.144073323411E+20,  1.274973498862E+18,  1.529453294547E+21,  8.795841350112E+19,  1.020389484669E+13,  3.638656165003E+02,  6.181541261189E+01,  2.920502213178E+02,NaN,  9.999980607957E+00,NaN,  1.962573159946E-06,  3.843956636132E-02,NaN,  3.504050000000E+06,  4.319027316844E-07
  7.410417963194E+01,  3.520070765110E+03,  3.581211175190E+03,  7.522126005835E+04,  7.624004244404E+04,  9.918599818371E+02,  9.223390979043E-01,NaN,NaN,  3.413791820780E-03,  9.156418914682E+15,  1.313725619702E+20,  4.144512181356E+20,  1.282247053333E+18,  1.529425495989E+21,  8.797892970670E+19,  1.018530263050E+13,  3.639318140835E+02,  6.185068303952E+01,  2.920811494772E+02,NaN,  9.999979607792E+00,NaN,  1.958997213210E-06,  3.843806039332E-02,NaN,  3.504050000000E+06,  4.321728328108E-07
  7.802368401156E+01,  3.519188685224E+03,  3.580238101500E+03,  7.505521421113E+04,  7.607394771184E+04,  9.918599818371E+02,  9.219027664617E-01,NaN,NaN,  3.416252302446E-03,  9.209132955829E+15,  1.313253532742E+20,  4.144983721601E+20,  1.290067405290E+18,  1.529395604339E+21,  8.800099153279E+19,  1.016534466593E+13,  3.640029720102E+02,  6.188861062852E+01,  2.921143808951E+02,NaN,  9.999978531336E+00,NaN,  1.955158584315E-06,  3.843644117192E-02,NaN,  3.504050000000E+06,  4.324633846657E-07
  8.199802552319E+01,  3.518296257376E+03,  3.579253605980E+03,  7.488734422877E+04,  7.590602340731E+04,  9.918599818371E+02,  9.214593694226E-01,NaN,NaN,  3.418746742546E-03,  9.262712886857E+15,  1.312773691213E+20,  4.145463007483E+20,  1.298021663027E+18,  1.529365197368E+21,  8.802343464091E+19,  1.014516873994E+13,  3.640753312374E+02,  6.192719366551E+01,  2.921481581807E+02,NaN,  9.999977439972E+00,NaN,  1.951278033661E-06,  3.843479418169E-02,NaN,  3.504050000000E+06,  4.327577691129E-07
  8.615703328225E+01,  3.517364451170E+03,  3.578225722498E+03,  7.471229878463E+04,  7.573092643042E+04,  9.918599818371E+02,  9.209954134972E-01,NaN,NaN,  3.421355569787E-03,  9.318790421883E+15,  1.312271482091E+20,  4.145964635061E+20,  1.306352592627E+18,  1.529333346695E+21,  8.804694433158E+19,  1.012412043143E+13,  3.641510985281E+02,  6.196761030353E+01,  2.921835099792E+02,NaN,  9.999976298179E+00,NaN,  1.947229692713E-06,  3.843306915232E-02,NaN,  3.504050000000E+06,  4.330655814454E-07
  9.149328140259E+01,  3.516172043997E+03,  3.576910403894E+03,  7.448857245934E+04,  7.550712935216E+04,  9.918599818371E+02,  9.203993795695E-01,NaN,NaN,  3.424701308445E-03,  9.390851904196E+15,  1.311626126815E+20,  4.146609243078E+20,  1.317066963384E+18,  1.529292378004E+21,  8.807718575391E+19,  1.009721212824E+13,  3.642485147326E+02,  6.201959974828E+01,  2.922289382087E+02,NaN,  9.999974833517E+00,NaN,  1.942054265642E-06,  3.843085053052E-02,NaN,  3.504050000000E+06,  4.334601477328E-07
  9.647379235376E+01,  3.515062269343E+03,  3.575686321569E+03,  7.428070922693E+04,  7.529920492528E+04,  9.918599818371E+02,  9.198432301585E-01,NaN,NaN,  3.427821597263E-03,  9.458111502124E+15,  1.311023775393E+20,  4.147210897039E+20,  1.327076365772E+18,  1.529254099124E+21,  8.810544319220E+19,  1.007219622405E+13,  3.643394931058E+02,  6.206817841589E+01,  2.922713392858E+02,NaN,  9.999973466881E+00,NaN,  1.937242814439E-06,  3.842877781656E-02,NaN,  3.504050000000E+06,  4.338280306090E-07
  1.021662519284E+02,  3.513797650501E+03,  3.574291441111E+03,  7.404409009740E+04,  7.506251130053E+04,  9.918599818371E+02,  9.192059341579E-01,NaN,NaN,  3.431386897014E-03,  9.535208800262E+15,  1.310333321285E+20,  4.147900551757E+20,  1.338560486344E+18,  1.529210173625E+21,  8.813787080969E+19,  1.004372031659E+13,  3.644438421537E+02,  6.212392617145E+01,  2.923199421452E+02,NaN,  9.999971905248E+00,NaN,  1.931765881118E-06,  3.842639964012E-02,NaN,  3.504050000000E+06,  4.342480524737E-07
  1.075062341267E+02,  3.512614889487E+03,  3.572986967305E+03,  7.382322586483E+04,  7.484157745988E+04,  9.918599818371E+02,  9.186085461258E-01,NaN,NaN,  3.434728350941E-03,  9.607501492393E+15,  1.309685895401E+20,  4.148547228060E+20,  1.349339325209E+18,  1.529168939060E+21,  8.816831362537E+19,  1.001711936047E+13,  3.645417502552E+02,  6.217626175230E+01,  2.923655161355E+02,NaN,  9.999970440750E+00,NaN,  1.926649567858E-06,  3.842416743690E-02,NaN,  3.504050000000E+06,  4.346416320113E-07
  1.130919177467E+02,  3.511381471360E+03,  3.571626634186E+03,  7.359317259380E+04,  7.461145617875E+04,  9.918599818371E+02,  9.179823928834E-01,NaN,NaN,  3.438222255565E-03,  9.683299403955E+15,  1.309007078122E+20,  4.149225259484E+20,  1.360651611120E+18,  1.529125656839E+21,  8.820027005531E+19,  9.989409807499E+12,  3.646444700851E+02,  6.223119940185E+01,  2.924132998526E+02,NaN,  9.999968909260E+00,NaN,  1.921320031856E-06,  3.842182467929E-02,NaN,  3.504050000000E+06,  4.350528710154E-07
  1.196810902948E+02,  3.509931319285E+03,  3.570027355258E+03,  7.332317216001E+04,  7.434137145787E+04,  9.918599818371E+02,  9.172432114993E-01,NaN,NaN,  3.442340854171E-03,  9.772811631456E+15,  1.308205440652E+20,  4.150025968950E+20,  1.374024942449E+18,  1.529074479614E+21,  8.823805801553E+19,  9.956873160741E+12,  3.647658604618E+02,  6.229616223783E+01,  2.924697292057E+02,NaN,  9.999967103198E+00,NaN,  1.915062073439E-06,  3.841905497496E-02,NaN,  3.504050000000E+06,  4.355374004389E-07
  1.256825891436E+02,  3.508615025244E+03,  3.568575814015E+03,  7.307859126646E+04,  7.409671379389E+04,  9.918599818371E+02,  9.165700003970E-01,NaN,NaN,  3.446088772054E-03,  9.854365158285E+15,  1.307475078283E+20,  4.150755485840E+20,  1.386222713840E+18,  1.529027792357E+21,  8.827253298807E+19,  9.927379384200E+12,  3.648765382387E+02,  6.235542955107E+01,  2.925211413195E+02,NaN,  9.999965458769E+00,NaN,  1.909389367566E-06,  3.841652863659E-02,NaN,  3.504050000000E+06,  4.359781604545E-07
  1.327977298178E+02,  3.507060116658E+03,  3.566861191413E+03,  7.279013487786E+04,  7.380817245428E+04,  9.918599818371E+02,  9.157705269744E-01,NaN,NaN,  3.450529586085E-03,  9.951251500026E+15,  1.306607401075E+20,  4.151622158690E+20,  1.400730522194E+18,  1.528972252616E+21,  8.831354771318E+19,  9.892586353617E+12,  3.650081243510E+02,  6.242593954971E+01,  2.925822193888E+02,NaN,  9.999963509844E+00,NaN,  1.902697426009E-06,  3.841352373209E-02,NaN,  3.504050000000E+06,  4.365000230044E-07
  1.407725282075E+02,  3.505324535113E+03,  3.564947440551E+03,  7.246881413724E+04,  7.348675234852E+04,  9.918599818371E+02,  9.148732605565E-01,NaN,NaN,  3.455502974897E-03,  1.006003733886E+16,  1.305633156518E+20,  4.152595275609E+20,  1.417041876053E+18,  1.528909794461E+21,  8.835967522483E+19,  9.853812306079E+12,  3.651560013025E+02,  6.250523906301E+01,  2.926507990179E+02,NaN,  9.999961326279E+00,NaN,  1.895239792806E-06,  3.841014511330E-02,NaN,  3.504050000000E+06,  4.370840555200E-07
  1.499795839684E+02,  3.503330132061E+03,  3.562748470079E+03,  7.210048806278E+04,  7.311831308654E+04,  9.918599818371E+02,  9.138364999945E-01,NaN,NaN,  3.461238978857E-03,  1.018579916835E+16,  1.304506881470E+20,  4.153720247123E+20,  1.435927291798E+18,  1.528837461455E+21,  8.841310054328E+19,  9.809336634839E+12,  3.653271255942E+02,  6.259708442408E+01,  2.927300804770E+02,NaN,  9.999958806443E+00,NaN,  1.886685533873E-06,  3.840623311554E-02,NaN,  3.504050000000E+06,  4.377571746560E-07
  1.583755678511E+02,  3.501520124934E+03,  3.560752945608E+03,  7.176702329334E+04,  7.278474541596E+04,  9.918599818371E+02,  9.128899226791E-01,NaN,NaN,  3.466464615870E-03,  1.030068104979E+16,  1.303478043114E+20,  4.154747894798E+20,  1.453205827448E+18,  1.528771265623E+21,  8.846199752686E+19,  9.769048131253E+12,  3.654836063855E+02,  6.268114487990E+01,  2.928025031171E+02,NaN,  9.999956509596E+00,NaN,  1.878936616721E-06,  3.840265378233E-02,NaN,  3.504050000000E+06,  4.383699175301E-07
  1.670063754290E+02,  3.499668076941E+03,  3.558711217547E+03,  7.142662708124E+04,  7.244424427353E+04,  9.918599818371E+02,  9.119159619719E-01,NaN,NaN,  3.471831173888E-03,  1.041894568223E+16,  1.302418910147E+20,  4.155805802093E+20,  1.471020070065E+18,  1.528703000109E+21,  8.851242791377E+19,  9.727898519016E+12,  3.656448556826E+02,  6.276784138256E+01,  2.928770582795E+02,NaN,  9.999954149516E+00,NaN,  1.871022077643E-06,  3.839896328693E-02,NaN,  3.504050000000E+06,  4.389987266250E-07
  1.771146586541E+02,  3.497509965989E+03,  3.556332266775E+03,  7.103101526648E+04,  7.204851129248E+04,  9.918599818371E+02,  9.107741369381E-01,NaN,NaN,  3.478109701443E-03,  1.055767020680E+16,  1.301176546207E+20,  4.157046728406E+20,  1.491951099108E+18,  1.528622768367E+21,  8.857170416467E+19,  9.680043640546E+12,  3.658342098019E+02,  6.286974499387E+01,  2.929645115594E+02,NaN,  9.999951386775E+00,NaN,  1.861817876554E-06,  3.839462686136E-02,NaN,  3.504050000000E+06,  4.397338010583E-07
  1.873937418510E+02,  3.495327445956E+03,  3.553926611779E+03,  7.063206168859E+04,  7.164943557952E+04,  9.918599818371E+02,  9.096117801523E-01,NaN,NaN,  3.484486939364E-03,  1.069897433010E+16,  1.299911080389E+20,  4.158310729961E+20,  1.513310184905E+18,  1.528540870813E+21,  8.863221775450E+19,  9.631752570817E+12,  3.660273171204E+02,  6.297377564061E+01,  2.930535910484E+02,NaN,  9.999948578860E+00,NaN,  1.852529780318E-06,  3.839020149001E-02,NaN,  3.504050000000E+06,  4.404797745980E-07
  1.979828745707E+02,  3.493091699196E+03,  3.551462503481E+03,  7.022456519116E+04,  7.124181445529E+04,  9.918599818371E+02,  9.084131724671E-01,NaN,NaN,  3.491048713937E-03,  1.084477538416E+16,  1.298605341801E+20,  4.159614957785E+20,  1.535390216182E+18,  1.528456182390E+21,  8.869480051279E+19,  9.582393704888E+12,  3.662268163207E+02,  6.308136333865E+01,  2.931455054512E+02,NaN,  9.999945687860E+00,NaN,  1.843036308763E-06,  3.838562647341E-02,NaN,  3.504050000000E+06,  4.412466481667E-07
  2.085201407005E+02,  3.490879496325E+03,  3.549024557393E+03,  6.982253978928E+04,  7.083966602792E+04,  9.918599818371E+02,  9.072192698559E-01,NaN,NaN,  3.497570515488E-03,  1.099009505345E+16,  1.297303914335E+20,  4.160914879571E+20,  1.557439105005E+18,  1.528371586521E+21,  8.875732198107E+19,  9.533664296498E+12,  3.664259065922E+02,  6.318884555654E+01,  2.932371163894E+02,NaN,  9.999942812542E+00,NaN,  1.833663904359E-06,  3.838105763798E-02,NaN,  3.504050000000E+06,  4.420081564376E-07
  2.194133442162E+02,  3.488605654094E+03,  3.546518910730E+03,  6.941054684983E+04,  7.042754714845E+04,  9.918599818371E+02,  9.059839934351E-01,NaN,NaN,  3.504304301158E-03,  1.114054630314E+16,  1.295956530418E+20,  4.162260704731E+20,  1.580310640786E+18,  1.528283805994E+21,  8.882220459397E+19,  9.483692615405E+12,  3.666322907568E+02,  6.330038676012E+01,  2.933319623309E+02,NaN,  9.999939841731E+00,NaN,  1.824052566576E-06,  3.837631805785E-02,NaN,  3.504050000000E+06,  4.427937043023E-07
  2.306226317739E+02,  3.486279634423E+03,  3.543955970907E+03,  6.899033481208E+04,  7.000720241355E+04,  9.918599818371E+02,  9.047111622247E-01,NaN,NaN,  3.511225360665E-03,  1.129567339662E+16,  1.294567271463E+20,  4.163648356611E+20,  1.603940056866E+18,  1.528193086422E+21,  8.888926760115E+19,  9.432694207196E+12,  3.668453707704E+02,  6.341567619303E+01,  2.934297559767E+02,NaN,  9.999936786418E+00,NaN,  1.814243752524E-06,  3.837142113107E-02,NaN,  3.504050000000E+06,  4.436002638213E-07
  2.422112288572E+02,  3.483889469742E+03,  3.541322589657E+03,  6.855987148768E+04,  6.957660756299E+04,  9.918599818371E+02,  9.033939781300E-01,NaN,NaN,  3.518371584013E-03,  1.145631497621E+16,  1.293128626906E+20,  4.165085337074E+20,  1.628459966285E+18,  1.528098915464E+21,  8.895889057772E+19,  9.380417288856E+12,  3.670663278364E+02,  6.353536638805E+01,  2.935310260145E+02,NaN,  9.999933629624E+00,NaN,  1.804189035344E-06,  3.836633935102E-02,NaN,  3.504050000000E+06,  4.444322208848E-07
  2.548387260213E+02,  3.481301706302E+03,  3.538471800495E+03,  6.809539100851E+04,  6.911198573530E+04,  9.918599818371E+02,  9.019577037993E-01,NaN,NaN,  3.526147541784E-03,  1.163160702526E+16,  1.291558778374E+20,  4.166653369853E+20,  1.655274908461E+18,  1.527995892307E+21,  8.903506819894E+19,  9.323966355707E+12,  3.673077884953E+02,  6.366632465137E+01,  2.936415318585E+02,NaN,  9.999930192095E+00,NaN,  1.793331506144E-06,  3.836078157165E-02,NaN,  3.504050000000E+06,  4.453365735351E-07
  2.695648320340E+02,  3.478305572548E+03,  3.535171568812E+03,  6.755972625608E+04,  6.857615865581E+04,  9.918599818371E+02,  9.002823161202E-01,NaN,NaN,  3.535200592770E-03,  1.183624883533E+16,  1.289726084636E+20,  4.168483943921E+20,  1.686657509908E+18,  1.527875269917E+21,  8.912427230186E+19,  9.258800455431E+12,  3.675901448462E+02,  6.381967679142E+01,  2.937705400879E+02,NaN,  9.999926186078E+00,NaN,  1.780797777725E-06,  3.835427662684E-02,NaN,  3.504050000000E+06,  4.463883495676E-07
  2.835943991911E+02,  3.475472785560E+03,  3.532051545513E+03,  6.705511483726E+04,  6.807138958654E+04,  9.918599818371E+02,  8.986833029993E-01,NaN,NaN,  3.543813061506E-03,  1.203172957108E+16,  1.287975434027E+20,  4.170232569959E+20,  1.716713925575E+18,  1.527759694124E+21,  8.920975767286E+19,  9.197376941938E+12,  3.678603330138E+02,  6.396663577653E+01,  2.938937730959E+02,NaN,  9.999922372348E+00,NaN,  1.768983843852E-06,  3.834804612731E-02,NaN,  3.504050000000E+06,  4.473875076673E-07
  2.980191573698E+02,  3.472581825953E+03,  3.528867883705E+03,  6.654223155676E+04,  6.755835075631E+04,  9.918599818371E+02,  8.970390934796E-01,NaN,NaN,  3.552652759382E-03,  1.223290671020E+16,  1.286173768634E+20,  4.172032151874E+20,  1.747726805804E+18,  1.527640388440E+21,  8.929801550442E+19,  9.134885632245E+12,  3.681388781507E+02,  6.411836076124E+01,  2.940205971783E+02,NaN,  9.999918454232E+00,NaN,  1.756964534659E-06,  3.834161691789E-02,NaN,  3.504050000000E+06,  4.484119008090E-07
  3.129213795281E+02,  3.469710318867E+03,  3.525717119301E+03,  6.605242648046E+04,  6.709292311357E+04,  9.918599818371E+02,  8.953962501357E-01,NaN,NaN,  3.561240280750E-03,  1.237721300424E+16,  1.284881551410E+20,  4.173323255623E+20,  1.770031278211E+18,  1.527560162472E+21,  8.936167591365E+19,  9.089604147986E+12,  3.683393137729E+02,  6.422781094264E+01,  2.941115866725E+02,NaN,  9.999914409520E+00,NaN,  1.748255289122E-06,  3.833697755480E-02,NaN,  3.506030835651E+06,  4.494305693066E-07
  3.287009820946E+02,  3.466981053942E+03,  3.522707932084E+03,  6.556512291863E+04,  6.657753212083E+04,  9.918599818371E+02,  8.938223818219E-01,NaN,NaN,  3.569777311152E-03,  1.261567318970E+16,  1.282745896715E+20,  4.175457967185E+20,  1.806969006230E+18,  1.527438987503E+21,  8.946762945854E+19,  9.092602191163E+12,  3.686718936565E+02,  6.440995303201E+01,  2.942620287461E+02,NaN,  9.999910129488E+00,NaN,  1.748831919827E-06,  3.832925279770E-02,NaN,  3.513466896146E+06,  4.504080086165E-07
  3.451561842641E+02,  3.464131206932E+03,  3.519591248127E+03,  6.509790107889E+04,  6.611082133502E+04,  9.918599818371E+02,  8.921870362224E-01,NaN,NaN,  3.578182539763E-03,  1.277204817858E+16,  1.281345132800E+20,  4.176858664956E+20,  1.831244855984E+18,  1.527367325028E+21,  8.953761365432E+19,  9.095663045881E+12,  3.688909249112E+02,  6.453027570131E+01,  2.943607417906E+02,NaN,  9.999905669902E+00,NaN,  1.749420631432E-06,  3.832414733441E-02,NaN,  3.521157222408E+06,  4.514250755083E-07
  3.624473839533E+02,  3.461199700346E+03,  3.516338367230E+03,  6.454462688009E+04,  6.555681051408E+04,  9.918599818371E+02,  8.904795785800E-01,NaN,NaN,  3.587942360308E-03,  1.303845805614E+16,  1.278957508790E+20,  4.179245192514E+20,  1.872657041245E+18,  1.527230374388E+21,  8.965684113094E+19,  9.098993668116E+12,  3.692640686138E+02,  6.473523548355E+01,  2.945289303932E+02,NaN,  9.999900986973E+00,NaN,  1.750061228959E-06,  3.831546485841E-02,NaN,  3.529169565471E+06,  4.524917333444E-07
  3.807011161742E+02,  3.458087691888E+03,  3.512929464557E+03,  6.402870694573E+04,  6.504077711789E+04,  9.918599818371E+02,  8.886843441000E-01,NaN,NaN,  3.597377741920E-03,  1.322757095812E+16,  1.277262145677E+20,  4.180940312418E+20,  1.902121785338E+18,  1.527140618676E+21,  8.974207584094E+19,  9.102431392082E+12,  3.695300641113E+02,  6.488177371333E+01,  2.946483925997E+02,NaN,  9.999896047544E+00,NaN,  1.750722425971E-06,  3.830925600757E-02,NaN,  3.537550861166E+06,  4.536152314542E-07
  3.997588786718E+02,  3.454865011702E+03,  3.509397403063E+03,  6.349299561378E+04,  6.450503648871E+04,  9.918599818371E+02,  8.868201431089E-01,NaN,NaN,  3.607264730585E-03,  1.343044695632E+16,  1.275442805949E+20,  4.182759336304E+20,  1.933784748427E+18,  1.527043192287E+21,  8.983381190133E+19,  9.106039029319E+12,  3.698159672948E+02,  6.503948780908E+01,  2.947765868393E+02,NaN,  9.999890895052E+00,NaN,  1.751416303370E-06,  3.830257774985E-02,NaN,  3.546218433133E+06,  4.547854947442E-07
  4.210612607050E+02,  3.451340361765E+03,  3.505481133067E+03,  6.282573105165E+04,  6.383753765276E+04,  9.918599818371E+02,  8.847524401195E-01,NaN,NaN,  3.619396633559E-03,  1.377277361422E+16,  1.272371191647E+20,  4.185829433029E+20,  1.987318805637E+18,  1.526863513468E+21,  8.998890459625E+19,  9.110203380814E+12,  3.702989355367E+02,  6.530609921644E+01,  2.949929494270E+02,NaN,  9.999885140992E+00,NaN,  1.752217256790E-06,  3.829130614983E-02,NaN,  3.555809234150E+06,  4.560904596152E-07
  4.423795220239E+02,  3.447800057647E+03,  3.501595197994E+03,  6.223234423750E+04,  6.324401738137E+04,  9.918599818371E+02,  8.826925954716E-01,NaN,NaN,  3.630581367748E-03,  1.401618629238E+16,  1.270186145882E+20,  4.188013942280E+20,  2.025489734410E+18,  1.526743095577E+21,  9.010003231252E+19,  9.114286667842E+12,  3.706439294815E+02,  6.549714738768E+01,  2.951469009526E+02,NaN,  9.999879388159E+00,NaN,  1.753002618619E-06,  3.828323055102E-02,NaN,  3.565305429936E+06,  4.573930732904E-07
  4.657839065717E+02,  3.443953402115E+03,  3.497366955498E+03,  6.158052233455E+04,  6.259204987877E+04,  9.918599818371E+02,  8.804467930842E-01,NaN,NaN,  3.642985082013E-03,  1.429842314170E+16,  1.267651447107E+20,  4.190547891016E+20,  2.069849029168E+18,  1.526600932863E+21,  9.022944037708E+19,  9.118800240769E+12,  3.710449729988E+02,  6.571961922234E+01,  2.953254789437E+02,NaN,  9.999873078864E+00,NaN,  1.753870739784E-06,  3.827383481032E-02,NaN,  3.575615220485E+06,  4.588192854084E-07
  4.896040461466E+02,  3.440073674012E+03,  3.493103618833E+03,  6.092754215410E+04,  6.193892363966E+04,  9.918599818371E+02,  8.781769830961E-01,NaN,NaN,  3.655584328096E-03,  1.458508952262E+16,  1.265075724078E+20,  4.193122844840E+20,  2.115016247690E+18,  1.526455702850E+21,  9.036155967832E+19,  9.123408836285E+12,  3.714535669924E+02,  6.594675183794E+01,  2.955069467353E+02,NaN,  9.999866664327E+00,NaN,  1.754757137184E-06,  3.826424998749E-02,NaN,  3.585986484695E+06,  4.602667587956E-07
  5.140849235110E+02,  3.436081913327E+03,  3.488763216024E+03,  6.032929771872E+04,  6.134054187170E+04,  9.918599818371E+02,  8.758587506459E-01,NaN,NaN,  3.667562522589E-03,  1.478229732604E+16,  1.263303217754E+20,  4.194895522595E+20,  2.146165270642E+18,  1.526365749561E+21,  9.045319486957E+19,  9.128059843011E+12,  3.717360419757E+02,  6.610430537231E+01,  2.956318747688E+02,NaN,  9.999860079003E+00,NaN,  1.755651691774E-06,  3.825759924163E-02,NaN,  3.596520455013E+06,  4.617502073902E-07
  5.402564524960E+02,  3.431903050160E+03,  3.484168590664E+03,  5.962732177930E+04,  6.063840922588E+04,  9.918599818371E+02,  8.734010508413E-01,NaN,NaN,  3.681454466990E-03,  1.510715252188E+16,  1.260381803595E+20,  4.197815966176E+20,  2.197571351000E+18,  1.526198253452E+21,  9.060425479290E+19,  9.133163951796E+12,  3.722015424942E+02,  6.636399701862E+01,  2.958376906720E+02,NaN,  9.999853046964E+00,NaN,  1.756633394061E-06,  3.824665709278E-02,NaN,  3.607644280105E+06,  4.633314296991E-07
  5.673102796411E+02,  3.427627413040E+03,  3.479467832777E+03,  5.891255211262E+04,  5.992348002686E+04,  9.918599818371E+02,  8.708797571027E-01,NaN,NaN,  3.695812778264E-03,  1.544491629963E+16,  1.257342600435E+20,  4.200854131753E+20,  2.251175904978E+18,  1.526022653072E+21,  9.076226005678E+19,  9.138457300480E+12,  3.726872782415E+02,  6.663562775941E+01,  2.960518029378E+02,NaN,  9.999845786602E+00,NaN,  1.757651493935E-06,  3.823522306317E-02,NaN,  3.618996286363E+06,  4.649608776038E-07
  5.959249346988E+02,  3.423154915901E+03,  3.474548956508E+03,  5.816561303941E+04,  5.917637445893E+04,  9.918599818371E+02,  8.682339167313E-01,NaN,NaN,  3.711040927298E-03,  1.580860645287E+16,  1.254068181068E+20,  4.204127373065E+20,  2.309074131860E+18,  1.525831485594E+21,  9.093346238270E+19,  9.144075980737E+12,  3.732122659858E+02,  6.692994413392E+01,  2.962824819763E+02,NaN,  9.999838116863E+00,NaN,  1.758732166681E-06,  3.822284728797E-02,NaN,  3.630843996602E+06,  4.666787332188E-07
  6.262998936786E+02,  3.418419653268E+03,  3.469385292332E+03,  5.744556900487E+04,  5.845616670427E+04,  9.918599818371E+02,  8.654476349999E-01,NaN,NaN,  3.726234899923E-03,  1.610024557194E+16,  1.251441076220E+20,  4.206754153846E+20,  2.355644151153E+18,  1.525686579184E+21,  9.107189384551E+19,  9.149954228345E+12,  3.736353748677E+02,  6.716794089146E+01,  2.964676022309E+02,NaN,  9.999829985526E+00,NaN,  1.759862763493E-06,  3.821284334878E-02,NaN,  3.643247295960E+06,  4.684963121538E-07
  6.576699511563E+02,  3.413627932033E+03,  3.464114723479E+03,  5.665176699593E+04,  5.766218774787E+04,  9.918599818371E+02,  8.625973405857E-01,NaN,NaN,  3.742946342502E-03,  1.650607575559E+16,  1.247783011764E+20,  4.210410817764E+20,  2.420635884646E+18,  1.525469411036E+21,  9.126529296444E+19,  9.156147070510E+12,  3.742255396335E+02,  6.750041360487E+01,  2.967253026679E+02,NaN,  9.999821599632E+00,NaN,  1.761053868066E-06,  3.819889173557E-02,NaN,  3.655871606396E+06,  4.703667238631E-07
  6.906547443125E+02,  3.408607843011E+03,  3.458638647128E+03,  5.589305249755E+04,  5.690329826757E+04,  9.918599818371E+02,  8.596263710623E-01,NaN,NaN,  3.759490095894E-03,  1.683437373488E+16,  1.244822028312E+20,  4.213371292067E+20,  2.473390338032E+18,  1.525301960023E+21,  9.142313248292E+19,  9.162563511025E+12,  3.747055275454E+02,  6.777177328517E+01,  2.969339397039E+02,NaN,  9.999812794010E+00,NaN,  1.762287978582E-06,  3.818751105177E-02,NaN,  3.668950037247E+06,  4.723265225985E-07
  7.257873551175E+02,  3.403331462011E+03,  3.452879425978E+03,  5.509425717812E+04,  5.610432082484E+04,  9.918599818371E+02,  8.564909272047E-01,NaN,NaN,  3.777189480771E-03,  1.719594005404E+16,  1.241559083797E+20,  4.216633551843E+20,  2.531669273354E+18,  1.525114517487E+21,  9.159802101410E+19,  9.169417753350E+12,  3.752360903610E+02,  6.807244034076E+01,  2.971638448276E+02,NaN,  9.999803429062E+00,NaN,  1.763606294012E-06,  3.817491552371E-02,NaN,  3.682662970245E+06,  4.744059667932E-07
  7.624099264330E+02,  3.397903378969E+03,  3.446954577809E+03,  5.427677902199E+04,  5.528665695765E+04,  9.918599818371E+02,  8.532569807723E-01,NaN,NaN,  3.795638555498E-03,  1.757700453106E+16,  1.238117991300E+20,  4.220073863434E+20,  2.593294316781E+18,  1.524914738264E+21,  9.178359131486E+19,  9.176572095261E+12,  3.757975631716E+02,  6.839146971525E+01,  2.974062980090E+02,NaN,  9.999793682312E+00,NaN,  1.764982329303E-06,  3.816156640439E-02,NaN,  3.696725831413E+06,  4.765650505409E-07
  8.005315650146E+02,  3.392329836156E+03,  3.440870385150E+03,  5.344114997944E+04,  5.445196049984E+04,  9.918599818371E+02,  8.499238124845E-01,NaN,NaN,  3.814856264381E-03,  1.797747774580E+16,  1.234499195661E+20,  4.223691780789E+20,  2.658283691926E+18,  1.524702415132E+21,  9.198001487852E+19,  9.184026268332E+12,  3.763902092975E+02,  6.872915616499E+01,  2.976612678133E+02,NaN,  9.999783552825E+00,NaN,  1.766416032827E-06,  3.814745409952E-02,NaN,  3.711120226923E+06,  4.788034122822E-07
  8.405727489570E+02,  3.386598419211E+03,  3.434568891103E+03,  5.252048399785E+04,  5.352995940558E+04,  9.918599818371E+02,  8.464647352484E-01,NaN,NaN,  3.836140998940E-03,  1.850993724016E+16,  1.229683632770E+20,  4.228505273348E+20,  2.745035367422E+18,  1.524403949177E+21,  9.224299943306E+19,  9.191979981054E+12,  3.771815158369E+02,  6.918124632340E+01,  2.980004948147E+02,NaN,  9.999772930890E+00,NaN,  1.767945815654E-06,  3.812859677416E-02,NaN,  3.725979114220E+06,  4.811446821162E-07
  8.826234250883E+02,  3.380581837633E+03,  3.428047011215E+03,  5.169661680363E+04,  5.270590262968E+04,  9.918599818371E+02,  8.428682538839E-01,NaN,NaN,  3.856223895666E-03,  1.885746000111E+16,  1.226538560093E+20,  4.231650256069E+20,  2.801905162848E+18,  1.524226866455E+21,  9.241673612874E+19,  9.200091527904E+12,  3.777018480211E+02,  6.947994952349E+01,  2.982221349326E+02,NaN,  9.999761795540E+00,NaN,  1.769505955618E-06,  3.811614228644E-02,NaN,  3.741304775362E+06,  4.835927851156E-07
  9.267938959018E+02,  3.374400531142E+03,  3.421299371807E+03,  5.078637262110E+04,  5.179544627795E+04,  9.918599818371E+02,  8.391368989063E-01,NaN,NaN,  3.878503634431E-03,  1.933888576362E+16,  1.222178262419E+20,  4.236009260221E+20,  2.880959122908E+18,  1.523961732757E+21,  9.265868827321E+19,  9.208732946474E+12,  3.784249845236E+02,  6.989590040241E+01,  2.985293322305E+02,NaN,  9.999750119605E+00,NaN,  1.771168008824E-06,  3.809883330618E-02,NaN,  3.757104612784E+06,  4.861527316393E-07
  9.740044322542E+02,  3.367899669828E+03,  3.414201038709E+03,  4.983267336373E+04,  5.084152625867E+04,  9.918599818371E+02,  8.351987063721E-01,NaN,NaN,  3.902374409629E-03,  1.986349377696E+16,  1.217422727099E+20,  4.240763273108E+20,  2.967496145975E+18,  1.523668401687E+21,  9.292480715508E+19,  9.217966779878E+12,  3.792175008456E+02,  7.035339395865E+01,  2.988643674500E+02,NaN,  9.999737664021E+00,NaN,  1.772944004547E-06,  3.807982734559E-02,NaN,  3.773664113436E+06,  4.888759253818E-07
  1.022743785563E+03,  3.361295144819E+03,  3.406992920125E+03,  4.887534034975E+04,  4.988397093458E+04,  9.918599818371E+02,  8.311850722030E-01,NaN,NaN,  3.926942603626E-03,  2.040291261585E+16,  1.212528490440E+20,  4.245655917585E+20,  3.056910699402E+18,  1.523363412231E+21,  9.320120536551E+19,  9.227477091434E+12,  3.800374573362E+02,  7.082855811120E+01,  2.992091726189E+02,NaN,  9.999724831286E+00,NaN,  1.774773176886E-06,  3.806012155468E-02,NaN,  3.790415566113E+06,  4.916734234210E-07
  1.074549547220E+03,  3.354351329990E+03,  3.399460498212E+03,  4.794179770482E+04,  4.895020793434E+04,  9.918599818371E+02,  8.269744403584E-01,NaN,NaN,  3.951844019271E-03,  2.087263674157E+16,  1.208263004755E+20,  4.249920701213E+20,  3.135144478533E+18,  1.523105965338E+21,  9.344460323135E+19,  9.237436210242E+12,  3.807564538758E+02,  7.124701107906E+01,  2.995097298015E+02,NaN,  9.999711218541E+00,NaN,  1.776688670877E-06,  3.804278965840E-02,NaN,  3.807852005907E+06,  4.946320092950E-07
  1.128385483664E+03,  3.347302403927E+03,  3.391770512714E+03,  4.693899612429E+04,  4.794717253235E+04,  9.918599818371E+02,  8.226622593067E-01,NaN,NaN,  3.978910337328E-03,  2.147320165657E+16,  1.202804159997E+20,  4.255377642264E+20,  3.235646103802E+18,  1.522757813915E+21,  9.375844936164E+19,  9.247883326408E+12,  3.816805511543E+02,  7.178654895643E+01,  2.998943033158E+02,NaN,  9.999697103359E+00,NaN,  1.778698024178E-06,  3.802049224648E-02,NaN,  3.825581201247E+06,  4.976902495677E-07
  1.184921892436E+03,  3.339988698886E+03,  3.383840263351E+03,  4.597511531576E+04,  4.698306048228E+04,  9.918599818371E+02,  8.181970785863E-01,NaN,NaN,  4.006005629167E-03,  2.199270300361E+16,  1.198077671252E+20,  4.260103190339E+20,  3.323044630877E+18,  1.522464557995E+21,  9.403327825116E+19,  9.258677785028E+12,  3.824860499863E+02,  7.225903339219E+01,  3.002273325008E+02,NaN,  9.999682312586E+00,NaN,  1.780774183829E-06,  3.800099575265E-02,NaN,  3.843788619520E+06,  5.008847077739E-07
  1.244437333996E+03,  3.332433218084E+03,  3.375648812198E+03,  4.498835795866E+04,  4.599606825636E+04,  9.918599818371E+02,  8.135665072947E-01,NaN,NaN,  4.034499224097E-03,  2.254481452249E+16,  1.193049855970E+20,  4.265129904640E+20,  3.416393283387E+18,  1.522148151017E+21,  9.432834478748E+19,  9.269991915203E+12,  3.833475618883E+02,  7.276630719416E+01,  3.005815861323E+02,NaN,  9.999666778872E+00,NaN,  1.782950294867E-06,  3.798010303504E-02,NaN,  3.862515544366E+06,  5.042285261487E-07
  1.306777483477E+03,  3.324670314281E+03,  3.367234969384E+03,  4.398608875396E+04,  4.499355991520E+04,  9.918599818371E+02,  8.087932365463E-01,NaN,NaN,  4.064274785409E-03,  2.312492682071E+16,  1.187761862350E+20,  4.270416664144E+20,  3.514994893930E+18,  1.521810909268E+21,  9.464176234365E+19,  9.281779816190E+12,  3.842589459561E+02,  7.330512738367E+01,  3.009541662395E+02,NaN,  9.999650547702E+00,NaN,  1.785217528941E-06,  3.795795528331E-02,NaN,  3.881666593875E+06,  5.077107071557E-07
  1.372123884675E+03,  3.316693260281E+03,  3.358591773324E+03,  4.296852757220E+04,  4.397575711589E+04,  9.918599818371E+02,  8.038705439709E-01,NaN,NaN,  4.095410402144E-03,  2.373448560249E+16,  1.182199687066E+20,  4.275977463379E+20,  3.619179081507E+18,  1.521451276948E+21,  9.497489165409E+19,  9.294061888320E+12,  3.852235274963E+02,  7.387783305697E+01,  3.013460590755E+02,NaN,  9.999633576226E+00,NaN,  1.787579809764E-06,  3.793446461251E-02,NaN,  3.901251323870E+06,  5.113389937492E-07
  1.440757888023E+03,  3.308485154049E+03,  3.349701222460E+03,  4.193462816933E+04,  4.294160693814E+04,  9.918599818371E+02,  7.987884027414E-01,NaN,NaN,  4.128032007954E-03,  2.437595179357E+16,  1.176339957883E+20,  4.281835661832E+20,  3.729462536219E+18,  1.521066971509E+21,  9.532974044222E+19,  9.306874637445E+12,  3.862464039828E+02,  7.448787551396E+01,  3.017589108813E+02,NaN,  9.999615797577E+00,NaN,  1.790044158712E-06,  3.790949902763E-02,NaN,  3.921303746725E+06,  5.151263259012E-07
  1.512827786661E+03,  3.300046860988E+03,  3.340564861070E+03,  4.088604594568E+04,  4.189276696228E+04,  9.918599818371E+02,  7.935446454068E-01,NaN,NaN,  4.162192660278E-03,  2.504978159895E+16,  1.170177510529E+20,  4.287996420468E+20,  3.846032106787E+18,  1.520656877074E+21,  9.570731048959E+19,  9.320227190029E+12,  3.873296611660E+02,  7.513697682277E+01,  3.021930853716E+02,NaN,  9.999597179066E+00,NaN,  1.792612331132E-06,  3.788299890886E-02,NaN,  3.941813235615E+06,  5.190779168680E-07
  1.589664139545E+03,  3.291248982576E+03,  3.331040681258E+03,  3.980509123174E+04,  4.081154798562E+04,  9.918599818371E+02,  7.880576978163E-01,NaN,NaN,  4.198586896694E-03,  2.577416937190E+16,  1.163544585330E+20,  4.294627398381E+20,  3.972183402340E+18,  1.520207926703E+21,  9.611879442749E+19,  9.334351465608E+12,  3.885043542779E+02,  7.584437691130E+01,  3.026603981858E+02,NaN,  9.999577385463E+00,NaN,  1.795328933427E-06,  3.785419413105E-02,NaN,  3.963089010411E+06,  5.232628863348E-07
  1.671174220805E+03,  3.282129928176E+03,  3.321172119493E+03,  3.870018213210E+04,  3.970636769834E+04,  9.918599818371E+02,  7.823489295277E-01,NaN,NaN,  4.237117101164E-03,  2.654450285201E+16,  1.156481789132E+20,  4.301688014062E+20,  4.107303236453E+18,  1.519721787753E+21,  9.656287401285E+19,  9.349198610761E+12,  3.897653574158E+02,  7.660780979183E+01,  3.031579893749E+02,NaN,  9.999556450885E+00,NaN,  1.798184569340E-06,  3.782319556381E-02,NaN,  3.985022616968E+06,  5.276714542666E-07
  1.754881217357E+03,  3.272936344482E+03,  3.311278709348E+03,  3.767135696735E+04,  3.867728485151E+04,  9.918599818371E+02,  7.765997805163E-01,NaN,NaN,  4.274811034210E-03,  2.719817071632E+16,  1.150481383709E+20,  4.307687454493E+20,  4.222773264083E+18,  1.519318015283E+21,  9.694567462438E+19,  9.364105614777E+12,  3.908462580066E+02,  7.726592609248E+01,  3.035807950949E+02,NaN,  9.999535018154E+00,NaN,  1.801051718249E-06,  3.779653649518E-02,NaN,  4.006898436794E+06,  5.321666760279E-07
  1.842691481127E+03,  3.263563882666E+03,  3.301151979583E+03,  3.657957024794E+04,  3.758522774111E+04,  9.918599818371E+02,  7.706943711038E-01,NaN,NaN,  4.315797205409E-03,  2.800544311438E+16,  1.143061190527E+20,  4.315105313761E+20,  4.366365117159E+18,  1.518793360660E+21,  9.742472537680E+19,  9.379740051598E+12,  3.921925547645E+02,  7.808947761791E+01,  3.041035627372E+02,NaN,  9.999512605311E+00,NaN,  1.804058778449E-06,  3.776328186208E-02,NaN,  4.029173879259E+06,  5.368481259054E-07
  1.934856476478E+03,  3.253924038116E+03,  3.290788959636E+03,  3.553694753245E+04,  3.654234007507E+04,  9.918599818371E+02,  7.646228692587E-01,NaN,NaN,  4.356949066622E-03,  2.872107069478E+16,  1.136474843995E+20,  4.321690413625E+20,  4.494634654517E+18,  1.518334894915E+21,  9.785653548979E+19,  9.395774710675E+12,  3.933989785331E+02,  7.883184523451E+01,  3.045676423330E+02,NaN,  9.999489158400E+00,NaN,  1.807142815672E-06,  3.773338660098E-02,NaN,  4.051848252980E+06,  5.417248745406E-07
  2.032186214777E+03,  3.244044592534E+03,  3.280127426356E+03,  3.442738052364E+04,  3.543249364222E+04,  9.918599818371E+02,  7.583541667484E-01,NaN,NaN,  4.401958550060E-03,  2.960238423313E+16,  1.128351933504E+20,  4.329810629103E+20,  4.653820414045E+18,  1.517741907161E+21,  9.839630533026E+19,  9.412677457463E+12,  3.948991499969E+02,  7.975977574329E+01,  3.051399079621E+02,NaN,  9.999464481068E+00,NaN,  1.810393817145E-06,  3.769615016869E-02,NaN,  4.075049247425E+06,  5.468352467487E-07
  2.135373122737E+03,  3.233802466702E+03,  3.269126686962E+03,  3.335677324461E+04,  3.436161202856E+04,  9.918599818371E+02,  7.518566390218E-01,NaN,NaN,  4.447724124993E-03,  3.040367981451E+16,  1.120955793408E+20,  4.337205109043E+20,  4.799791133807E+18,  1.517206955705E+21,  9.889616145947E+19,  9.430167250578E+12,  3.962795866232E+02,  8.061911843208E+01,  3.056610279652E+02,NaN,  9.999438412164E+00,NaN,  1.813757728579E-06,  3.766177607116E-02,NaN,  4.098854995788E+06,  5.522098187973E-07
  2.242329816754E+03,  3.223468342064E+03,  3.258037626093E+03,  3.230228382797E+04,  3.330685015377E+04,  9.918599818371E+02,  7.452799673243E-01,NaN,NaN,  4.494759370387E-03,  3.121758184330E+16,  1.113432669042E+20,  4.344726538610E+20,  4.949268007522E+18,  1.516654569258E+21,  9.941243877422E+19,  9.448012170483E+12,  3.976972000202E+02,  8.150669207291E+01,  3.061910946407E+02,NaN,  9.999411489384E+00,NaN,  1.817189943568E-06,  3.762639205296E-02,NaN,  4.122715892988E+06,  5.577347949337E-07
  2.354613783283E+03,  3.212916702889E+03,  3.246723212170E+03,  3.124841535951E+04,  3.225270742175E+04,  9.918599818371E+02,  7.385428266111E-01,NaN,NaN,  4.543825257851E-03,  3.206229418106E+16,  1.105613371371E+20,  4.352544005367E+20,  5.105710828856E+18,  1.516070359457E+21,  9.995755674604E+19,  9.466451921052E+12,  3.991852550305E+02,  8.244384557864E+01,  3.067420242981E+02,NaN,  9.999383333024E+00,NaN,  1.820736565725E-06,  3.758916354004E-02,NaN,  4.146922183178E+06,  5.634861016138E-07
  2.472537810962E+03,  3.202146884013E+03,  3.235183339393E+03,  3.019640528175E+04,  3.120041890156E+04,  9.918599818371E+02,  7.316421853707E-01,NaN,NaN,  4.595020874261E-03,  3.293847825354E+16,  1.097490441130E+20,  4.360664963634E+20,  5.269412149395E+18,  1.515452430944E+21,  1.005332438809E+20,  9.485498849852E+12,  4.007472483214E+02,  8.343355034503E+01,  3.073143422747E+02,NaN,  9.999353877250E+00,NaN,  1.824399969925E-06,  3.754999433916E-02,NaN,  4.171466927498E+06,  5.694740316493E-07
  2.596252143799E+03,  3.191174165814E+03,  3.223435467421E+03,  2.914958420947E+04,  3.015332061189E+04,  9.918599818371E+02,  7.245891398660E-01,NaN,NaN,  4.648349896711E-03,  3.384397491011E+16,  1.089082551502E+20,  4.369070753001E+20,  5.440147121245E+18,  1.514800986195E+21,  1.011394655030E+20,  9.505133630256E+12,  4.023818053913E+02,  8.447574696982E+01,  3.079067334931E+02,NaN,  9.999323100183E+00,NaN,  1.828176438970E-06,  3.750891027625E-02,NaN,  4.196306119625E+06,  5.757001392957E-07
  2.726227858067E+03,  3.179987545801E+03,  3.211468279059E+03,  2.810793350142E+04,  2.911139004266E+04,  9.918599818371E+02,  7.173761724725E-01,NaN,NaN,  4.703977248273E-03,  3.478063918166E+16,  1.080371088519E+20,  4.377779976902E+20,  5.618454961848E+18,  1.514113019026E+21,  1.017789407286E+20,  9.525389815436E+12,  4.040949114916E+02,  8.557510974415E+01,  3.085205090152E+02,NaN,  9.999290900204E+00,NaN,  1.832072426331E-06,  3.746575296603E-02,NaN,  4.221456912413E+06,  5.821816224485E-07
  2.862578268112E+03,  3.168608493491E+03,  3.199305766769E+03,  2.707511363756E+04,  2.807829137735E+04,  9.918599818371E+02,  7.100150045001E-01,NaN,NaN,  4.761883901764E-03,  3.574582525066E+16,  1.071379251919E+20,  4.386769448964E+20,  5.804032776414E+18,  1.513388927320E+21,  1.024514489901E+20,  9.546238683877E+12,  4.058845535693E+02,  8.673125966582E+01,  3.091540348002E+02,NaN,  9.999257267229E+00,NaN,  1.836082407836E-06,  3.742056530968E-02,NaN,  4.246862335154E+06,  5.889171799629E-07
  3.005903323745E+03,  3.157020021006E+03,  3.186930171059E+03,  2.605045097883E+04,  2.705334799320E+04,  9.918599818371E+02,  7.024958759738E-01,NaN,NaN,  4.822282359750E-03,  3.674204054259E+16,  1.062082224961E+20,  4.396063972525E+20,  5.997576082897E+18,  1.512624904978E+21,  1.031604359880E+20,  9.567727746873E+12,  4.077584028299E+02,  8.795012007581E+01,  3.098090588432E+02,NaN,  9.999222070603E+00,NaN,  1.840215521603E-06,  3.737314673557E-02,NaN,  4.272553048827E+06,  5.959289928814E-07
  3.156305717713E+03,  3.145247411125E+03,  3.174369570409E+03,  2.503780382569E+04,  2.604042170784E+04,  9.918599818371E+02,  6.948336227336E-01,NaN,NaN,  4.885135686930E-03,  3.776595999725E+16,  1.052509564359E+20,  4.405634008078E+20,  6.198664933575E+18,  1.511821742033E+21,  1.039053611369E+20,  9.589822645973E+12,  4.097134484285E+02,  8.923076190724E+01,  3.104834993715E+02,NaN,  9.999185305337E+00,NaN,  1.844465159276E-06,  3.732356690181E-02,NaN,  4.298464529067E+06,  6.032140947896E-07
  3.319498364618E+03,  3.132905187283E+03,  3.161206636919E+03,  2.399815001852E+04,  2.500047728049E+04,  9.918599818371E+02,  6.867712963446E-01,NaN,NaN,  4.953135486614E-03,  3.887565143881E+16,  1.042115421680E+20,  4.416025079139E+20,  6.419128749257E+18,  1.510927128680E+21,  1.047317151204E+20,  9.613333220578E+12,  4.118663319839E+02,  9.065138281198E+01,  3.112158017142E+02,NaN,  9.999145608802E+00,NaN,  1.848987081874E-06,  3.726885884168E-02,NaN,  4.325443734736E+06,  6.110367334262E-07
  3.486413724791E+03,  3.120664147562E+03,  3.148214787743E+03,  2.305393148709E+04,  2.405598809685E+04,  9.918599818371E+02,  6.787794749890E-01,NaN,NaN,  5.019217170134E-03,  3.982107436216E+16,  1.033243961932E+20,  4.424895050249E+20,  6.609118401527E+18,  1.510168645527E+21,  1.054529844541E+20,  9.636553090486E+12,  4.137314123800E+02,  9.189139955288E+01,  3.118409057661E+02,NaN,  9.999105207608E+00,NaN,  1.853453091583E-06,  3.722134034819E-02,NaN,  4.351898515811E+06,  6.189529980060E-07
  3.660790840892E+03,  3.108355800427E+03,  3.135121212282E+03,  2.208514863900E+04,  2.308692886211E+04,  9.918599818371E+02,  6.706986078077E-01,NaN,NaN,  5.090059914507E-03,  4.092530340678E+16,  1.022863173652E+20,  4.435272867497E+20,  6.833508784233E+18,  1.509239840456E+21,  1.063139853527E+20,  9.660544951815E+12,  4.159429282428E+02,  9.337158911260E+01,  3.125722740570E+02,NaN,  9.999063215154E+00,NaN,  1.858067582795E-06,  3.716493193155E-02,NaN,  4.378387482554E+06,  6.271344073078E-07
  3.845921964171E+03,  3.095751663097E+03,  3.121724243924E+03,  2.112123179308E+04,  2.212273213775E+04,  9.918599818371E+02,  6.623963500759E-01,NaN,NaN,  5.164700645585E-03,  4.207528613611E+16,  1.012030663852E+20,  4.446102179027E+20,  7.070170446297E+18,  1.508246376092E+21,  1.072337783409E+20,  9.685467175544E+12,  4.182873282812E+02,  9.495284650801E+01,  3.133354610429E+02,NaN,  9.999018867405E+00,NaN,  1.862861015902E-06,  3.710503172226E-02,NaN,  4.405312275544E+06,  6.357239658550E-07
  4.038871591301E+03,  3.083046155827E+03,  3.108278790458E+03,  2.022930473705E+04,  2.123053963141E+04,  9.918599818371E+02,  6.540299929670E-01,NaN,NaN,  5.238789312262E-03,  4.308656294791E+16,  1.002486553216E+20,  4.455644550615E+20,  7.280890644579E+18,  1.507371991051E+21,  1.080638925300E+20,  9.710539180641E+12,  4.203869129466E+02,  9.637998620791E+01,  3.140079519755E+02,NaN,  9.998972895487E+00,NaN,  1.867683257312E-06,  3.705127378094E-02,NaN,  4.432155329374E+06,  6.445749337368E-07
  4.241317477753E+03,  3.070246101871E+03,  3.094703930684E+03,  1.931409739151E+04,  2.031505925801E+04,  9.918599818371E+02,  6.455562931874E-01,NaN,NaN,  5.318544218362E-03,  4.426607365639E+16,  9.913327017181E+19,  4.466795102227E+20,  7.529727353311E+18,  1.506302289026E+21,  1.090557902996E+20,  9.736554164131E+12,  4.228779083223E+02,  9.808520342193E+01,  3.147937780968E+02,NaN,  9.998924930906E+00,NaN,  1.872686867122E-06,  3.698744658847E-02,NaN,  4.459076439527E+06,  6.537538189765E-07
  4.453391541328E+03,  3.057320353845E+03,  3.081031513221E+03,  1.844303069546E+04,  1.946645626534E+04,  9.918599818371E+02,  6.369862602000E-01,NaN,NaN,  5.399701980855E-03,  4.531064083585E+16,  9.814356871003E+19,  4.476690266900E+20,  7.753019107790E+18,  1.505351776501E+21,  1.099583729943E+20,  9.762848846878E+12,  4.251269400882E+02,  9.963693140308E+01,  3.154911318373E+02,NaN,  9.998874970077E+00,NaN,  1.877744273081E-06,  3.692971967838E-02,NaN,  4.486009734911E+06,  6.632544578955E-07
  4.679075399254E+03,  3.044094289989E+03,  3.067054926018E+03,  1.758099498923E+04,  1.858142723379E+04,  9.918599818371E+02,  6.281997948091E-01,NaN,NaN,  5.485165736108E-03,  4.655221301578E+16,  9.696475449123E+19,  4.488474818946E+20,  8.021943918045E+18,  1.504164533060E+21,  1.110592199453E+20,  9.790556252451E+12,  4.278499074162E+02,  1.015294447891E+02,  3.163216386272E+02,NaN,  9.998822116690E+00,NaN,  1.883073396061E-06,  3.685980156083E-02,NaN,  4.513356056882E+06,  6.732419862190E-07
  4.913556234854E+03,  3.030912439467E+03,  3.053120538260E+03,  1.673247847292E+04,  1.773264614576E+04,  9.918599818371E+02,  6.194063789448E-01,NaN,NaN,  5.574429100981E-03,  4.779117795690E+16,  9.578582734564E+19,  4.500260536170E+20,  8.294325047837E+18,  1.502945929997E+21,  1.121908051174E+20,  9.818672201466E+12,  4.306258007499E+02,  1.034748037897E+02,  3.171522275322E+02,NaN,  9.998767539585E+00,NaN,  1.888481096526E-06,  3.678846516330E-02,NaN,  4.540434357469E+06,  6.834875125868E-07
  5.162226579537E+03,  3.017454392144E+03,  3.038949883828E+03,  1.593752059844E+04,  1.693743387537E+04,  9.918599818371E+02,  6.104308749102E-01,NaN,NaN,  5.664686957796E-03,  4.891053144312E+16,  9.471847697524E+19,  4.510931866248E+20,  8.543988598860E+18,  1.501835276931E+21,  1.132438294056E+20,  9.847459213956E+12,  4.331881582107E+02,  1.052851653941E+02,  3.179042809028E+02,NaN,  9.998710019762E+00,NaN,  1.894017866447E-06,  3.672254939278E-02,NaN,  4.567783818867E+06,  6.942136409923E-07
  5.423307646036E+03,  3.003945264173E+03,  3.024699319419E+03,  1.512850988679E+04,  1.612816287071E+04,  9.918599818371E+02,  6.013777169283E-01,NaN,NaN,  5.761772486890E-03,  5.020006783709E+16,  9.348618274171E+19,  4.523251016513E+20,  8.835849247072E+18,  1.500492229427E+21,  1.144918247861E+20,  9.877390255457E+12,  4.362017636716E+02,  1.074306486779E+02,  3.187724630706E+02,NaN,  9.998650023448E+00,NaN,  1.899774673978E-06,  3.664504399493E-02,NaN,  4.595098310429E+06,  7.053250361575E-07
  5.695921017428E+03,  2.990387170824E+03,  3.010455660979E+03,  1.438848139472E+04,  1.538788940089E+04,  9.918599818371E+02,  5.922957273321E-01,NaN,NaN,  5.857995457676E-03,  5.133144372420E+16,  9.240270046117E+19,  4.534083654019E+20,  9.095860096130E+18,  1.499303176245E+21,  1.156213602180E+20,  9.907536842545E+12,  4.389070273462E+02,  1.093725532012E+02,  3.195358844519E+02,NaN,  9.998587787458E+00,NaN,  1.905572938618E-06,  3.657543198725E-02,NaN,  4.622211925461E+06,  7.167699779338E-07
  5.981425360171E+03,  2.976827951058E+03,  2.996185943837E+03,  1.363875352718E+04,  1.463791186873E+04,  9.918599818371E+02,  5.831727742759E-01,NaN,NaN,  5.961217020785E-03,  5.262815463891E+16,  9.115815076100E+19,  4.546525355555E+20,  9.398417771112E+18,  1.497872270967E+21,  1.169544573855E+20,  9.938854569609E+12,  4.420755727547E+02,  1.116643444696E+02,  3.204127033216E+02,NaN,  9.998523051865E+00,NaN,  1.911596455274E-06,  3.649396219604E-02,NaN,  4.649188969981E+06,  7.285898837535E-07
  6.280504134252E+03,  2.963208982156E+03,  2.981897885470E+03,  1.294198893038E+04,  1.395216815980E+04,  9.918599818371E+02,  5.740026935417E-01,NaN,NaN,  6.065017853036E-03,  5.376718280867E+16,  9.006258878595E+19,  4.557478791669E+20,  9.668451255907E+18,  1.496602150695E+21,  1.181635704891E+20,  9.970527960314E+12,  4.449261613785E+02,  1.137430658615E+02,  3.211846378873E+02,NaN,  9.998455711968E+00,NaN,  1.917688378742E-06,  3.642067237823E-02,NaN,  4.676015896706E+06,  7.407950692432E-07
  6.596434906531E+03,  2.949469042108E+03,  2.967481666371E+03,  1.225170783067E+04,  1.325038963690E+04,  9.918599818371E+02,  5.647288075832E-01,NaN,NaN,  6.174896018652E-03,  5.508976771253E+16,  8.878760586562E+19,  4.570224704137E+20,  9.986977851543E+18,  1.495051299454E+21,  1.196109472228E+20,  1.000380626642E+13,  4.483126065186E+02,  1.162313237409E+02,  3.220828957768E+02,NaN,  9.998385076814E+00,NaN,  1.924088984723E-06,  3.633372716445E-02,NaN,  4.702897973096E+06,  7.535012049092E-07
  6.934297288037E+03,  2.935456135606E+03,  2.952779575824E+03,  1.156266524252E+04,  1.256110465254E+04,  9.918599818371E+02,  5.552423506016E-01,NaN,NaN,  6.292532680982E-03,  5.645782014721E+16,  8.746561777481E+19,  4.583440414920E+20,  1.032239790563E+19,  1.493389347652E+21,  1.211612405441E+20,  1.003876437862E+13,  4.519090789311E+02,  1.188965045744E+02,  3.230142623231E+02,NaN,  9.998310102812E+00,NaN,  1.930812677367E-06,  3.624151633684E-02,NaN,  4.730123210059E+06,  7.668820914103E-07
  7.281606455192E+03,  2.921671146254E+03,  2.938376457017E+03,  1.095177791925E+04,  1.194999522742E+04,  9.918599818371E+02,  5.459180364244E-01,NaN,NaN,  6.406476256015E-03,  5.761546628485E+16,  8.634443190017E+19,  4.594650026299E+20,  1.061118293999E+19,  1.491966176357E+21,  1.225192993230E+20,  1.007346694985E+13,  4.550337889083E+02,  1.212313027207E+02,  3.238042506338E+02,NaN,  9.998233616303E+00,NaN,  1.937487220362E-06,  3.616148763041E-02,NaN,  4.756610769771E+06,  7.804233173531E-07
  7.648601859340E+03,  2.907818915120E+03,  2.923878131555E+03,  1.032893168797E+04,  1.132692153965E+04,  9.918599818371E+02,  5.365102985057E-01,NaN,NaN,  6.530076010015E-03,  5.895655143218E+16,  8.504262363838E+19,  4.607664096465E+20,  1.095141440121E+19,  1.490230918781E+21,  1.241440594811E+20,  1.011006594645E+13,  4.587440795251E+02,  1.240245174430E+02,  3.247214067205E+02,NaN,  9.998153417097E+00,NaN,  1.944526513641E-06,  3.606669366472E-02,NaN,  4.783091349144E+06,  7.945058068378E-07
  8.032844163810E+03,  2.894000937067E+03,  2.909432202275E+03,  9.735082231324E+03,  1.073284967497E+04,  9.918599818371E+02,  5.271100500441E-01,NaN,NaN,  6.657500402672E-03,  6.029202117490E+16,  8.374314931516E+19,  4.620654852347E+20,  1.129661715373E+19,  1.488441610809E+21,  1.258217918826E+20,  1.014776709771E+13,  4.625437958336E+02,  1.269088040131E+02,  3.256369197519E+02,NaN,  9.998070116894E+00,NaN,  1.951777790596E-06,  3.596985655600E-02,NaN,  4.809296404749E+06,  8.090086300080E-07
  8.434514229817E+03,  2.880247120682E+03,  2.895069907255E+03,  9.170667362740E+03,  1.016821838428E+04,  9.918599818371E+02,  5.177413297490E-01,NaN,NaN,  6.788568502517E-03,  6.161651265792E+16,  8.245127100459E+19,  4.633569701469E+20,  1.164551889194E+19,  1.486603826378E+21,  1.275477606258E+20,  1.018658194591E+13,  4.664210915895E+02,  1.298760225774E+02,  3.265470833156E+02,NaN,  9.997983737314E+00,NaN,  1.959243271222E-06,  3.587132887778E-02,NaN,  4.835173613044E+06,  8.239151425223E-07
  8.856455725556E+03,  2.866501296083E+03,  2.880731197273E+03,  8.631466863061E+03,  9.628807791750E+03,  9.918599818371E+02,  5.083619999846E-01,NaN,NaN,  6.924151589280E-03,  6.293948168678E+16,  8.115779649960E+19,  4.646500504994E+20,  1.200075974625E+19,  1.484701347047E+21,  1.293366264040E+20,  1.022679824306E+13,  4.704076423402E+02,  1.329513753670E+02,  3.274583712529E+02,NaN,  9.997893753258E+00,NaN,  1.966978300500E-06,  3.577036331179E-02,NaN,  4.860834904913E+06,  8.393045957027E-07
  9.299350055455E+03,  2.852749245878E+03,  2.866438360083E+03,  8.145875918741E+03,  9.143020111174E+03,  9.918599818371E+02,  4.989876026443E-01,NaN,NaN,  7.058084389005E-03,  6.408144247032E+16,  8.003882616955E+19,  4.657688033984E+20,  1.231310006837E+19,  1.483033826967E+21,  1.309377088679E+20,  1.026778867904E+13,  4.739486205947E+02,  1.357040152029E+02,  3.282468033251E+02,NaN,  9.997800091828E+00,NaN,  1.974862224303E-06,  3.568095547111E-02,NaN,  4.886243379117E+06,  8.551728443661E-07
  9.765244207569E+03,  2.839045859422E+03,  2.852173325500E+03,  7.654743632700E+03,  8.651687273855E+03,  9.918599818371E+02,  4.896127264366E-01,NaN,NaN,  7.202769964781E-03,  6.539470946109E+16,  7.874911683476E+19,  4.670581202717E+20,  1.267885715455E+19,  1.481013761296E+21,  1.328426331457E+20,  1.031109133133E+13,  4.781320514492E+02,  1.389789080657E+02,  3.291554389809E+02,NaN,  9.997702419468E+00,NaN,  1.983190869826E-06,  3.557579009239E-02,NaN,  4.911434171707E+06,  8.715605302703E-07
  1.025373799740E+04,  2.825411235146E+03,  2.837994836184E+03,  7.188791460015E+03,  8.185539602638E+03,  9.918599818371E+02,  4.802756782008E-01,NaN,NaN,  7.351878915135E-03,  6.669556934674E+16,  7.746857743585E+19,  4.683382714661E+20,  1.304846430149E+19,  1.478938338568E+21,  1.348028543086E+20,  1.035600104643E+13,  4.824040927869E+02,  1.423488746787E+02,  3.300576151985E+02,NaN,  9.997600917808E+00,NaN,  1.991828610884E-06,  3.546889442633E-02,NaN,  4.936307215480E+06,  8.884193161622E-07
  1.076674227564E+04,  2.811869350191E+03,  2.823891258438E+03,  6.720664845103E+03,  7.717214406540E+03,  9.918599818371E+02,  4.709696449664E-01,NaN,NaN,  7.512949358885E-03,  6.816531581609E+16,  7.601814245032E+19,  4.697881413060E+20,  1.347504962887E+19,  1.476465259437E+21,  1.371078332016E+20,  1.040350831402E+13,  4.873883146962E+02,  1.463114181488E+02,  3.310793992611E+02,NaN,  9.997495285308E+00,NaN,  2.000965953995E-06,  3.534490433734E-02,NaN,  4.960887330407E+06,  9.057801698779E-07
  1.131301114210E+04,  2.798180897322E+03,  2.809683395677E+03,  6.294638462180E+03,  7.291000512159E+03,  9.918599818371E+02,  4.615726503096E-01,NaN,NaN,  7.674863835936E-03,  6.947411151555E+16,  7.472330730154E+19,  4.710825749297E+20,  1.386347562695E+19,  1.474200621073E+21,  1.392500876262E+20,  1.045289402248E+13,  4.919833633849E+02,  1.499943366153E+02,  3.319916409055E+02,NaN,  9.997383853646E+00,NaN,  2.010464588328E-06,  3.523124920927E-02,NaN,  4.985487911239E+06,  9.238941821178E-07
  1.188217193118E+04,  2.784687655014E+03,  2.795693446223E+03,  5.895800036006E+03,  6.891981204667E+03,  9.918599818371E+02,  4.523018525762E-01,NaN,NaN,  7.840212150315E-03,  7.074968513567E+16,  7.345838458235E+19,  4.723471106418E+20,  1.425005603352E+19,  1.471909511613E+21,  1.414223080559E+20,  1.050389001486E+13,  4.966088731198E+02,  1.537287900137E+02,  3.328828122380E+02,NaN,  9.997268847797E+00,NaN,  2.020272937729E-06,  3.511754550662E-02,NaN,  5.009554541957E+06,  9.423727689321E-07
  1.247759194456E+04,  2.771342003133E+03,  2.781870423442E+03,  5.520628194341E+03,  6.516635137907E+03,  9.918599818371E+02,  4.431210875027E-01,NaN,NaN,  8.009843035794E-03,  7.200014072341E+16,  7.221553862330E+19,  4.735895785734E+20,  1.463702985704E+19,  1.469578027718E+21,  1.436371022969E+20,  1.055681598580E+13,  5.012920357549E+02,  1.575364525330E+02,  3.337584314805E+02,NaN,  9.997149710976E+00,NaN,  2.030452490888E-06,  3.500317993785E-02,NaN,  5.033182821181E+06,  9.612873911639E-07
  1.310169875996E+04,  2.758127797082E+03,  2.768196705662E+03,  5.167225213425E+03,  6.163063436714E+03,  9.918599818371E+02,  4.340220171554E-01,NaN,NaN,  8.184163508962E-03,  7.322761279076E+16,  7.099281332783E+19,  4.748119330374E+20,  1.502493334418E+19,  1.467202474857E+21,  1.458979857611E+20,  1.061188372291E+13,  5.060402736426E+02,  1.614233696273E+02,  3.346198759191E+02,NaN,  9.997026055244E+00,NaN,  2.041043982124E-06,  3.488803324252E-02,NaN,  5.056409427282E+06,  9.806709374054E-07
  1.377761808515E+04,  2.744667532217E+03,  2.754242855212E+03,  4.799062754664E+03,  5.794722561436E+03,  9.918599818371E+02,  4.247275039907E-01,NaN,NaN,  8.380043903215E-03,  7.468346141614E+16,  6.953901954457E+19,  4.762651376196E+20,  1.549555481918E+19,  1.464221000181E+21,  1.486938661549E+20,  1.067233687862E+13,  5.118707786344E+02,  1.662298729670E+02,  3.356440101144E+02,NaN,  9.996893500424E+00,NaN,  2.052671281563E-06,  3.474785329270E-02,NaN,  5.079963118071E+06,  1.001175767181E-06
  1.446855381512E+04,  2.731670069157E+03,  2.740818167774E+03,  4.485376500862E+03,  5.480877474470E+03,  9.918599818371E+02,  4.157640034611E-01,NaN,NaN,  8.566062221712E-03,  7.587327314597E+16,  6.834805869411E+19,  4.774557340951E+20,  1.588935859626E+19,  1.461718631622E+21,  1.510827924675E+20,  1.073256885181E+13,  5.168167871758E+02,  1.703369523333E+02,  3.364830733670E+02,NaN,  9.996759411243E+00,NaN,  2.064256039709E-06,  3.462992483154E-02,NaN,  5.102483089770E+06,  1.021627387210E-06
  1.519477787768E+04,  2.718834935084E+03,  2.727540187000E+03,  4.169904240222E+03,  5.165242652128E+03,  9.918599818371E+02,  4.068891436013E-01,NaN,NaN,  8.768080977491E-03,  7.722575229384E+16,  6.699113407391E+19,  4.788121134485E+20,  1.634718060006E+19,  1.458715213240E+21,  1.539118309462E+20,  1.079664601871E+13,  5.226360994719E+02,  1.752005066846E+02,  3.374389707641E+02,NaN,  9.996619946597E+00,NaN,  2.076580365842E-06,  3.449247385309E-02,NaN,  5.124622663473E+06,  1.042588702606E-06
  1.595541344766E+04,  2.706154493619E+03,  2.714466241323E+03,  3.894047817974E+03,  4.889237805838E+03,  9.918599818371E+02,  3.981309726715E-01,NaN,NaN,  8.964794986257E-03,  7.836114527751E+16,  6.584946643548E+19,  4.799534302643E+20,  1.674053968834E+19,  1.456127024482E+21,  1.563919435736E+20,  1.086213590843E+13,  5.277041846703E+02,  1.794644025954E+02,  3.382433045745E+02,NaN,  9.996475411268E+00,NaN,  2.089176408995E-06,  3.437384975643E-02,NaN,  5.146292702672E+06,  1.063975074066E-06
  1.675970081966E+04,  2.693581900389E+03,  2.701481660846E+03,  3.614092599256E+03,  4.609129220777E+03,  9.918599818371E+02,  3.894277730875E-01,NaN,NaN,  9.180449311992E-03,  7.966923352750E+16,  6.453118236764E+19,  4.812711740957E+20,  1.720398175806E+19,  1.452977450210E+21,  1.593676746967E+20,  1.093227573117E+13,  5.337484843027E+02,  1.845801840352E+02,  3.391719738994E+02,NaN,  9.996324265341E+00,NaN,  2.102666800226E-06,  3.423383100223E-02,NaN,  5.167688727240E+06,  1.085984804884E-06
  1.762410740110E+04,  2.680910979591E+03,  2.688403836202E+03,  3.344612496924E+03,  4.339496982332E+03,  9.918599818371E+02,  3.806479309109E-01,NaN,NaN,  9.409161090217E-03,  8.099351298825E+16,  6.319340119449E+19,  4.826083912658E+20,  1.768511369891E+19,  1.449640735099E+21,  1.625215294300E+20,  1.100731297515E+13,  5.401127266553E+02,  1.900021940292E+02,  3.401143669027E+02,NaN,  9.996163606416E+00,NaN,  2.117099140352E-06,  3.408808238520E-02,NaN,  5.189112695819E+06,  1.108965788991E-06
  1.851392004865E+04,  2.668688396512E+03,  2.675801706134E+03,  3.099409063337E+03,  4.094149809982E+03,  9.918599818371E+02,  3.721740908613E-01,NaN,NaN,  9.639224703686E-03,  8.224354733133E+16,  6.192767389886E+19,  4.838735871229E+20,  1.815085846215E+19,  1.446352174271E+21,  1.656382527843E+20,  1.108391406545E+13,  5.463624168217E+02,  1.953604111071E+02,  3.410060034671E+02,NaN,  9.996000115622E+00,NaN,  2.131832263939E-06,  3.394665381602E-02,NaN,  5.209639060864E+06,  1.131920800852E-06
  1.944216021890E+04,  2.656744213976E+03,  2.663497221169E+03,  2.872369416797E+03,  3.866972380928E+03,  9.918599818371E+02,  3.638923283124E-01,NaN,NaN,  9.874297521601E-03,  8.344677161418E+16,  6.070662475494E+19,  4.850941195957E+20,  1.861028598303E+19,  1.443049687581E+21,  1.687746385871E+20,  1.116317713035E+13,  5.526144658151E+02,  2.007524683199E+02,  3.418661638720E+02,NaN,  9.995831476145E+00,NaN,  2.147077380246E-06,  3.380687628754E-02,NaN,  5.229569517983E+06,  1.155137954241E-06
  2.043789537236E+04,  2.644765361980E+03,  2.651163940227E+03,  2.654800438473E+03,  3.649267123964E+03,  9.918599818371E+02,  3.555785451596E-01,NaN,NaN,  1.012280556029E-02,  8.465577793428E+16,  5.947701544719E+19,  4.863231911472E+20,  1.908342029435E+19,  1.439582747743E+21,  1.720690038298E+20,  1.124760765241E+13,  5.591441346796E+02,  2.064161377051E+02,  3.427323421238E+02,NaN,  9.995652687329E+00,NaN,  2.163316382998E-06,  3.366273325390E-02,NaN,  5.249437366933E+06,  1.179245384574E-06
  2.145997391387E+04,  2.633277693850E+03,  2.639347957096E+03,  2.458236740226E+03,  3.452575660088E+03,  9.918599818371E+02,  3.476065473235E-01,NaN,NaN,  1.037129793604E-02,  8.578271148752E+16,  5.832844197694E+19,  4.874712628579E+20,  1.953533648661E+19,  1.436216439069E+21,  1.752777222605E+20,  1.133326595221E+13,  5.654695377189E+02,  2.119326278364E+02,  3.435414363918E+02,NaN,  9.995471310947E+00,NaN,  2.179791531227E-06,  3.352489545975E-02,NaN,  5.268370129146E+06,  1.203164118038E-06
  2.253680116878E+04,  2.621981592340E+03,  2.627736855365E+03,  2.274414610216E+03,  3.268629508246E+03,  9.918599818371E+02,  3.397606321904E-01,NaN,NaN,  1.062783566256E-02,  8.687806765364E+16,  5.720980718834E+19,  4.885893972380E+20,  1.998514793055E+19,  1.432808277221E+21,  1.785316147890E+20,  1.142252034696E+13,  5.718515433365E+02,  2.175268261114E+02,  3.443294325677E+02,NaN,  9.995282460480E+00,NaN,  2.196958336860E-06,  3.338762658951E-02,NaN,  5.286878365999E+06,  1.227489207589E-06
  2.368342178546E+04,  2.610803556037E+03,  2.616224884641E+03,  2.086138208028E+03,  3.080223082967E+03,  9.918599818371E+02,  3.319808924222E-01,NaN,NaN,  1.091470356521E-02,  8.814727767416E+16,  5.591080871000E+19,  4.898876949762E+20,  2.051969033443E+19,  1.428631258043E+21,  1.824734893481E+20,  1.151839035385E+13,  5.795430400121E+02,  2.243035566028E+02,  3.452443974156E+02,NaN,  9.995083778381E+00,NaN,  2.215397560824E-06,  3.322465163754E-02,NaN,  5.305135127548E+06,  1.252447650435E-06
  2.488903291617E+04,  2.599845786819E+03,  2.604975771105E+03,  1.925169631666E+03,  2.919137580159E+03,  9.918599818371E+02,  3.243663285581E-01,NaN,NaN,  1.119170677081E-02,  8.918613546712E+16,  5.484533891079E+19,  4.909526580394E+20,  2.096879263580E+19,  1.425099355653E+21,  1.858552072028E+20,  1.161581910699E+13,  5.861074080140E+02,  2.301176068644E+02,  3.459949215353E+02,NaN,  9.994877380216E+00,NaN,  2.234136587322E-06,  3.308759702500E-02,NaN,  5.322885808910E+06,  1.277682711681E-06
  2.615950290272E+04,  2.589154890437E+03,  2.593979611959E+03,  1.762307491571E+03,  2.756153900718E+03,  9.918599818371E+02,  3.169208117540E-01,NaN,NaN,  1.149846465049E-02,  9.037438059732E+16,  5.362418781864E+19,  4.921731156430E+20,  2.149545735164E+19,  1.420831926302E+21,  1.898944982392E+20,  1.171893713626E+13,  5.939116066526E+02,  2.370619126657E+02,  3.468550291768E+02,NaN,  9.994662556166E+00,NaN,  2.253969864672E-06,  3.292718969039E-02,NaN,  5.340152733823E+06,  1.303196274154E-06
  2.747288054062E+04,  2.578876385226E+03,  2.583443210225E+03,  1.627388663281E+03,  2.621128966037E+03,  9.918599818371E+02,  3.097736611335E-01,NaN,NaN,  1.178616112329E-02,  9.130099783550E+16,  5.267008327457E+19,  4.931267408279E+20,  2.191662538793E+19,  1.417407921583E+21,  1.931894211768E+20,  1.182129901121E+13,  6.002484378002E+02,  2.427269035539E+02,  3.475270888257E+02,NaN,  9.994443146890E+00,NaN,  2.273657706559E-06,  3.279887205307E-02,NaN,  5.356619810012E+06,  1.328463132128E-06
  2.886306194875E+04,  2.568825221879E+03,  2.573118003763E+03,  1.489007640776E+03,  2.482636363000E+03,  9.918599818371E+02,  3.027710090831E-01,NaN,NaN,  1.210852343662E-02,  9.238344338919E+16,  5.155346109803E+19,  4.942426898680E+20,  2.242018338620E+19,  1.413189787875E+21,  1.971961434775E+20,  1.192983386484E+13,  6.079231243592E+02,  2.496153634361E+02,  3.483135449010E+02,NaN,  9.994213727574E+00,NaN,  2.294532832564E-06,  3.264586891624E-02,NaN,  5.372683362384E+06,  1.354036581709E-06
  3.032587910654E+04,  2.559050861119E+03,  2.563082817438E+03,  1.361074438518E+03,  2.354595638358E+03,  9.918599818371E+02,  2.959597006913E-01,NaN,NaN,  1.244180043349E-02,  9.342004703710E+16,  5.048207100849E+19,  4.953134096515E+20,  2.291498781772E+19,  1.408971754042E+21,  2.012091434277E+20,  1.204148057402E+13,  6.155767968884E+02,  2.565146932432E+02,  3.490681260228E+02,NaN,  9.993975306387E+00,NaN,  2.316006479452E-06,  3.249582934389E-02,NaN,  5.388226508030E+06,  1.379696384917E-06
  3.187306572848E+04,  2.549516776900E+03,  2.553299226402E+03,  1.242247864179E+03,  2.235665177000E+03,  9.918599818371E+02,  2.893141437467E-01,NaN,NaN,  1.278833988247E-02,  9.441703495888E+16,  4.944971744482E+19,  4.963450890066E+20,  2.340303184627E+19,  1.404739514725E+21,  2.052415404904E+20,  1.215662003437E+13,  6.232363786575E+02,  2.634474563735E+02,  3.497951937179E+02,NaN,  9.993726227882E+00,NaN,  2.338151907049E-06,  3.234819173004E-02,NaN,  5.403314722006E+06,  1.405509107853E-06
  3.347408341757E+04,  2.540431050852E+03,  2.543981833486E+03,  1.135069345792E+03,  2.128388849440E+03,  9.918599818371E+02,  2.829779838672E-01,NaN,NaN,  1.313865722492E-02,  9.534055962415E+16,  4.849176106148E+19,  4.973023928826E+20,  2.386626300270E+19,  1.400659931737E+21,  2.091377452594E+20,  1.227226520815E+13,  6.306095133124E+02,  2.701461934532E+02,  3.504698458948E+02,NaN,  9.993471603952E+00,NaN,  2.360394601387E-06,  3.220842373043E-02,NaN,  5.417624460083E+06,  1.430853102374E-06
  3.515084989716E+04,  2.531681386376E+03,  2.535013937938E+03,  1.036986339933E+03,  2.030212797947E+03,  9.918599818371E+02,  2.768768213424E-01,NaN,NaN,  1.349749367147E-02,  9.620865824030E+16,  4.758983679904E+19,  4.982036711574E+20,  2.431193157035E+19,  1.396677016561E+21,  2.129494642075E+20,  1.238951422363E+13,  6.377980270787E+02,  2.766998020126E+02,  3.511050144815E+02,NaN,  9.993208201565E+00,NaN,  2.382945771727E-06,  3.207434628996E-02,NaN,  5.431342940641E+06,  1.455976247994E-06
  3.691314496663E+04,  2.523261657470E+03,  2.526362177860E+03,  9.365357031775E+02,  1.929663760987E+03,  9.918599818371E+02,  2.709934552816E-01,NaN,NaN,  1.390463341957E-02,  9.721413527367E+16,  4.654335885313E+19,  4.992493164596E+20,  2.484061390917E+19,  1.391819345317E+21,  2.175480464519E+20,  1.251164187057E+13,  6.464407563955E+02,  2.846058948407E+02,  3.518419245652E+02,NaN,  9.992934583177E+00,NaN,  2.406435277017E-06,  3.191601636544E-02,NaN,  5.444527451991E+06,  1.480918770052E-06
  3.878647317689E+04,  2.515047998094E+03,  2.517951059676E+03,  8.531048698967E+02,  1.846146957836E+03,  9.918599818371E+02,  2.652627800910E-01,NaN,NaN,  1.429233271910E-02,  9.799495631892E+16,  4.572938718696E+19,  5.000626294776E+20,  2.526145275795E+19,  1.387938009309E+21,  2.212753345381E+20,  1.263345492296E+13,  6.534223551526E+02,  2.910146051738E+02,  3.524151003475E+02,NaN,  9.992647201437E+00,NaN,  2.429864274545E-06,  3.179029809156E-02,NaN,  5.457298094421E+06,  1.505856600901E-06
  4.078846756439E+04,  2.507069195455E+03,  2.509757504784E+03,  7.658062605695E+02,  1.758755678714E+03,  9.918599818371E+02,  2.596965766451E-01,NaN,NaN,  1.474380631651E-02,  9.892582645470E+16,  4.475747200980E+19,  5.010336819848E+20,  2.577469925589E+19,  1.383072933503E+21,  2.258915556789E+20,  1.276154456623E+13,  6.620430684022E+02,  2.989512803896E+02,  3.530994417611E+02,NaN,  9.992343796922E+00,NaN,  2.454500484515E-06,  3.163780239015E-02,NaN,  5.469693953292E+06,  1.530826971507E-06
  4.283487546824E+04,  2.499620082525E+03,  2.502139292805E+03,  6.986540835768E+02,  1.691528419873E+03,  9.918599818371E+02,  2.545748392577E-01,NaN,NaN,  1.514438034625E-02,  9.957037044366E+16,  4.408354611135E+19,  5.017069735776E+20,  2.613835468511E+19,  1.379632852403E+21,  2.292178511736E+20,  1.288257005852E+13,  6.682369487314E+02,  3.046709704333E+02,  3.535739385746E+02,NaN,  9.992037245664E+00,NaN,  2.477778006129E-06,  3.152999833459E-02,NaN,  5.481180232194E+06,  1.554665493985E-06
  4.502325487396E+04,  2.492398493873E+03,  2.494730936728E+03,  6.272785819368E+02,  1.620070974906E+03,  9.918599818371E+02,  2.496368354716E-01,NaN,NaN,  1.561708030967E-02,  1.003619543377E+17,  4.325473537142E+19,  5.025349455549E+20,  2.659360011674E+19,  1.375204885185E+21,  2.334371932765E+20,  1.300932858028E+13,  6.760748708564E+02,  3.119257102008E+02,  3.541574451401E+02,NaN,  9.991713013306E+00,NaN,  2.502158193924E-06,  3.139575849789E-02,NaN,  5.492314097317E+06,  1.578441745018E-06
  4.732856438425E+04,  2.485508219233E+03,  2.487665990870E+03,  5.626919231385E+02,  1.555407079283E+03,  9.918599818371E+02,  2.449877395429E-01,NaN,NaN,  1.610586629060E-02,  1.010902172625E+17,  4.249114068155E+19,  5.032977040687E+20,  2.702168318244E+19,  1.370986301510E+21,  2.374662635806E+20,  1.313551938235E+13,  6.835399189797E+02,  3.188535481704E+02,  3.546949930438E+02,NaN,  9.991375239074E+00,NaN,  2.526429188960E-06,  3.127007578486E-02,NaN,  5.502898941635E+06,  1.601680038775E-06
  4.970355911806E+04,  2.479086222433E+03,  2.481085341775E+03,  5.058939392405E+02,  1.498538396408E+03,  9.918599818371E+02,  2.407058942135E-01,NaN,NaN,  1.659695953499E-02,  1.017356705367E+17,  4.181348681832E+19,  5.039745463758E+20,  2.740876386546E+19,  1.367128790265E+21,  2.411618017274E+20,  1.325774849409E+13,  6.903712249758E+02,  3.252081994476E+02,  3.551719921945E+02,NaN,  9.991030783786E+00,NaN,  2.549938209551E-06,  3.115688382803E-02,NaN,  5.512729426981E+06,  1.623836659020E-06
  5.220858247440E+04,  2.472972057071E+03,  2.474822422052E+03,  4.543338193923E+02,  1.446911824572E+03,  9.918599818371E+02,  2.366528344106E-01,NaN,NaN,  1.710533661932E-02,  1.023287697260E+17,  4.119005651093E+19,  5.045971548832E+20,  2.777100423741E+19,  1.363479710696E+21,  2.446653916850E+20,  1.337865775819E+13,  6.968345268620E+02,  3.312330826650E+02,  3.556107705128E+02,NaN,  9.990671110978E+00,NaN,  2.573193376335E-06,  3.105136630509E-02,NaN,  5.522059605385E+06,  1.645395446203E-06
  5.483461501368E+04,  2.467229541792E+03,  2.468917084749E+03,  4.001502541846E+02,  1.392656346891E+03,  9.918599818371E+02,  2.328796848965E-01,NaN,NaN,  1.771254759271E-02,  1.030431435483E+17,  4.043820553454E+19,  5.053479997140E+20,  2.821547398924E+19,  1.358888693207E+21,  2.490184571149E+20,  1.350114858468E+13,  7.048483169851E+02,  3.387180943807E+02,  3.561399223447E+02,NaN,  9.990297662987E+00,NaN,  2.596752734014E-06,  3.092267261286E-02,NaN,  5.530834238085E+06,  1.666157078188E-06
  5.765955554775E+04,  2.461656081880E+03,  2.463212301279E+03,  3.577203089079E+02,  1.350167567171E+03,  9.918599818371E+02,  2.292694882135E-01,NaN,NaN,  1.827159742725E-02,  1.035382266868E+17,  3.991648590651E+19,  5.058688591399E+20,  2.852938390728E+19,  1.355655381615E+21,  2.521391103551E+20,  1.361946324896E+13,  7.105820592143E+02,  3.440851633301E+02,  3.565069938193E+02,NaN,  9.989899445394E+00,NaN,  2.619508866652E-06,  3.083195691615E-02,NaN,  5.539289901443E+06,  1.686624457423E-06
  6.060852163520E+04,  2.456468111911E+03,  2.457904925134E+03,  3.203756311315E+02,  1.312769426266E+03,  9.918599818371E+02,  2.259274172778E-01,NaN,NaN,  1.883606288867E-02,  1.039708038937E+17,  3.946022495526E+19,  5.063242552806E+20,  2.880767893171E+19,  1.352771157191E+21,  2.549337418167E+20,  1.373299135169E+13,  7.157094377789E+02,  3.488920171048E+02,  3.568279305724E+02,NaN,  9.989487460294E+00,NaN,  2.641344372669E-06,  3.075180132680E-02,NaN,  5.547138087416E+06,  1.706038102400E-06
  6.364513637188E+04,  2.451729712119E+03,  2.453034243194E+03,  2.806729229707E+02,  1.273008617863E+03,  9.918599818371E+02,  2.228882561642E-01,NaN,NaN,  1.952105124401E-02,  1.045160699613E+17,  3.888454419039E+19,  5.068988987618E+20,  2.916325078708E+19,  1.348986245053E+21,  2.585372552018E+20,  1.384482917975E+13,  7.223111609460E+02,  3.550891856147E+02,  3.572329059257E+02,NaN,  9.989066742722E+00,NaN,  2.662854778538E-06,  3.064997422555E-02,NaN,  5.554324933428E+06,  1.724177796599E-06
  6.682980338639E+04,  2.447326368997E+03,  2.448508533189E+03,  2.453200923905E+02,  1.237602376228E+03,  9.918599818371E+02,  2.200874557153E-01,NaN,NaN,  2.023922931441E-02,  1.050056327283E+17,  3.836714931506E+19,  5.074152422144E+20,  2.948774011518E+19,  1.345498679846E+21,  2.618628480249E+20,  1.395180045549E+13,  7.283942669929E+02,  3.608088405312E+02,  3.575967948047E+02,NaN,  9.988628973602E+00,NaN,  2.683429172709E-06,  3.055745061796E-02,NaN,  5.560989433917E+06,  1.741316552966E-06
  7.018642881649E+04,  2.443173114483E+03,  2.444267821262E+03,  2.207377420801E+02,  1.212981571563E+03,  9.918599818371E+02,  2.174805642867E-01,NaN,NaN,  2.082909985455E-02,  1.052689399946E+17,  3.808859182247E+19,  5.076929020013E+20,  2.966464561159E+19,  1.343638728884E+21,  2.636984095321E+20,  1.404962030442E+13,  7.317483884517E+02,  3.639677418511E+02,  3.577924732976E+02,NaN,  9.988170600795E+00,NaN,  2.702243420886E-06,  3.050692102843E-02,NaN,  5.567222632216E+06,  1.757629480691E-06
  7.375197421238E+04,  2.439318419847E+03,  2.440306758776E+03,  1.920522314064E+02,  1.184250470180E+03,  9.918599818371E+02,  2.150686599398E-01,NaN,NaN,  2.161403422275E-02,  1.056688377805E+17,  3.766529867684E+19,  5.081150784477E+20,  2.993556089364E+19,  1.340687336381E+21,  2.665213066928E+20,  1.414810182193E+13,  7.369015041498E+02,  3.688238156202E+02,  3.580899987393E+02,NaN,  9.987687069125E+00,NaN,  2.721184931547E-06,  3.043007159416E-02,NaN,  5.573034662914E+06,  1.773092615938E-06
  7.745192752969E+04,  2.435814778381E+03,  2.436706944162E+03,  1.671015400889E+02,  1.159259178637E+03,  9.918599818371E+02,  2.128767242369E-01,NaN,NaN,  2.242406788905E-02,  1.060155847335E+17,  3.729797061758E+19,  5.084812756610E+20,  3.017328775250E+19,  1.338080313311E+21,  2.690196383850E+20,  1.423956133125E+13,  7.414574537664E+02,  3.731221893494E+02,  3.583480732685E+02,NaN,  9.987188409778E+00,NaN,  2.738775859415E-06,  3.036284472045E-02,NaN,  5.578308176166E+06,  1.787338356636E-06
  8.139141573538E+04,  2.432562373484E+03,  2.433365572218E+03,  1.449005056764E+02,  1.137021193959E+03,  9.918599818371E+02,  2.108554229892E-01,NaN,NaN,  2.328104147774E-02,  1.063223514429E+17,  3.697275760009E+19,  5.088053081985E+20,  3.038582565876E+19,  1.335736214919E+21,  2.712702183967E+20,  1.432613442478E+13,  7.455581046637E+02,  3.769950086555E+02,  3.585764325829E+02,NaN,  9.986660669980E+00,NaN,  2.755426955127E-06,  3.030290358105E-02,NaN,  5.583195892439E+06,  1.800728524187E-06
  8.553553785785E+04,  2.429598813087E+03,  2.430321817527E+03,  1.256527090500E+02,  1.117740711094E+03,  9.918599818371E+02,  2.090249538142E-01,NaN,NaN,  2.416675829838E-02,  1.065840292780E+17,  3.669515945698E+19,  5.090816883700E+20,  3.056882369261E+19,  1.333709861220E+21,  2.732208850707E+20,  1.440626906691E+13,  7.491099016097E+02,  3.803525810680E+02,  3.587712092771E+02,NaN,  9.986108493747E+00,NaN,  2.770839706845E-06,  3.025141297515E-02,NaN,  5.587642242562E+06,  1.813068343506E-06
  8.986018547254E+04,  2.426941043888E+03,  2.427593620680E+03,  1.093796021543E+02,  1.101439478918E+03,  9.918599818371E+02,  2.073922871583E-01,NaN,NaN,  2.505789443412E-02,  1.067986121471E+17,  3.646738866350E+19,  5.093082113699E+20,  3.072012527703E+19,  1.332031754823E+21,  2.748424130440E+20,  1.447896134669E+13,  7.520610344372E+02,  3.831446469242E+02,  3.589308495322E+02,NaN,  9.985535195895E+00,NaN,  2.784821026661E-06,  3.020892667462E-02,NaN,  5.591622757770E+06,  1.824245842162E-06
  9.475134804398E+04,  2.424403677312E+03,  2.424956351450E+03,  8.746944727138E+01,  1.079490919243E+03,  9.918599818371E+02,  2.058299137152E-01,NaN,NaN,  2.653762486905E-02,  1.071773853541E+17,  3.606514286438E+19,  5.097088741606E+20,  3.098908131879E+19,  1.328955371554E+21,  2.777394414176E+20,  1.455621578438E+13,  7.573276844400E+02,  3.881295785642E+02,  3.592132133988E+02,NaN,  9.984889677405E+00,NaN,  2.799679812272E-06,  3.013383259708E-02,NaN,  5.595466243401E+06,  1.835157358823E-06
  9.954729029648E+04,  2.422244991305E+03,  2.422742704333E+03,  7.594090325246E+01,  1.067941709537E+03,  9.918599818371E+02,  2.045190326689E-01,NaN,NaN,  2.752659801490E-02,  1.073156638520E+17,  3.591810963816E+19,  5.098545587015E+20,  3.108834572005E+19,  1.327849977351E+21,  2.788187037694E+20,  1.461629207085E+13,  7.592903031181E+02,  3.899901579376E+02,  3.593158834026E+02,NaN,  9.984258966616E+00,NaN,  2.811234626304E-06,  3.010603602177E-02,NaN,  5.598689047500E+06,  1.844398013205E-06
  1.047138210611E+05,  2.420320939480E+03,  2.420772036084E+03,  6.650903023045E+01,  1.058492747817E+03,  9.918599818371E+02,  2.033541511590E-01,NaN,NaN,  2.848644354747E-02,  1.074185575429E+17,  3.580864903630E+19,  5.099625803091E+20,  3.116268798260E+19,  1.327028817323E+21,  2.796278042474E+20,  1.466989742644E+13,  7.607624102163E+02,  3.913868140042E+02,  3.593920107584E+02,NaN,  9.983582632207E+00,NaN,  2.821544849380E-06,  3.008525481132E-02,NaN,  5.601555568510E+06,  1.852687915354E-06
  1.100720873279E+05,  2.418640193378E+03,  2.419017938394E+03,  5.242520667419E+01,  1.044383228061E+03,  9.918599818371E+02,  2.023251424730E-01,NaN,NaN,  3.026271459688E-02,  1.076687074577E+17,  3.554260044580E+19,  5.102269693673E+20,  3.134343909827E+19,  1.324928983552E+21,  2.815997527073E+20,  1.472366544782E+13,  7.643435065655E+02,  3.947822842404E+02,  3.595783368124E+02,NaN,  9.982882680866E+00,NaN,  2.831886358893E-06,  3.003505481886E-02,NaN,  5.604105061208E+06,  1.860117609718E-06
  1.156659255311E+05,  2.417208919494E+03,  2.417558511059E+03,  4.722876748046E+01,  1.039177155089E+03,  9.918599818371E+02,  2.014593006373E-01,NaN,NaN,  3.108877595908E-02,  1.076989310111E+17,  3.551031253022E+19,  5.102577272364E+20,  3.136577977488E+19,  1.324702623022E+21,  2.818438831995E+20,  1.476281233822E+13,  7.647905486469E+02,  3.952083776769E+02,  3.596000131723E+02,NaN,  9.982154958356E+00,NaN,  2.839415703085E-06,  3.002878074192E-02,NaN,  5.606224826920E+06,  1.866335982399E-06
  1.221355011558E+05,  2.415801388722E+03,  2.416084341602E+03,  3.558403101678E+01,  1.027510807193E+03,  9.918599818371E+02,  2.005972583348E-01,NaN,NaN,  3.339706215906E-02,  1.079086712298E+17,  3.528704435450E+19,  5.104790329219E+20,  3.151855867701E+19,  1.322911483321E+21,  2.835198218845E+20,  1.480901156889E+13,  7.678336439274E+02,  3.980963503492E+02,  3.597559765672E+02,NaN,  9.981314162754E+00,NaN,  2.848301464011E-06,  2.998646507828E-02,NaN,  5.608364679950E+06,  1.872651351114E-06
  1.294759406604E+05,  2.414621900136E+03,  2.414845021464E+03,  2.589877285673E+01,  1.017807386055E+03,  9.918599818371E+02,  1.998725476306E-01,NaN,NaN,  3.618355133374E-02,  1.080845675920E+17,  3.509969047168E+19,  5.106641891719E+20,  3.164759768058E+19,  1.321388553456E+21,  2.849385196326E+20,  1.484825858197E+13,  7.704100081985E+02,  4.005431774891E+02,  3.598864639393E+02,NaN,  9.980363914303E+00,NaN,  2.855850065366E-06,  2.995085331528E-02,NaN,  5.610162604398E+06,  1.877987381480E-06
  1.359932452378E+05,  2.413740325765E+03,  2.413959827622E+03,  2.532293353785E+01,  1.017230427443E+03,  9.918599818371E+02,  1.993490957852E-01,NaN,NaN,  3.640604264966E-02,  1.080324807211E+17,  3.515490779027E+19,  5.106072120109E+20,  3.160962363729E+19,  1.321861184062E+21,  2.845169518756E+20,  1.487020316285E+13,  7.696519845930E+02,  3.998261504360E+02,  3.598463097451E+02,NaN,  9.979521551864E+00,NaN,  2.860070791480E-06,  2.996127014716E-02,NaN,  5.611446210296E+06,  1.881813734194E-06
  1.430676669867E+05,  2.412929238359E+03,  2.413104233262E+03,  1.870732965753E+01,  1.010602332687E+03,  9.918599818371E+02,  1.988522883056E-01,NaN,NaN,  3.928826875982E-02,  1.081535561667E+17,  3.502583071833E+19,  5.107341916333E+20,  3.169860716404E+19,  1.320802106348E+21,  2.854968445877E+20,  1.489765341690E+13,  7.714328832022E+02,  4.015184754137E+02,  3.599357976087E+02,NaN,  9.978607314452E+00,NaN,  2.865350455044E-06,  2.993672588644E-02,NaN,  5.612686439106E+06,  1.885524118630E-06
  1.508125569843E+05,  2.412285413906E+03,  2.412422284046E+03,  1.347396303067E+01,  1.005359025258E+03,  9.918599818371E+02,  1.984563092210E-01,NaN,NaN,  4.266410600468E-02,  1.082499033699E+17,  3.492303075173E+19,  5.108347119280E+20,  3.176968432620E+19,  1.319948924588E+21,  2.862790362161E+20,  1.491966080932E+13,  7.728560135012E+02,  4.028717635445E+02,  3.600066384748E+02,NaN,  9.977608612395E+00,NaN,  2.869583262059E-06,  2.991717671218E-02,NaN,  5.613674639813E+06,  1.888489936899E-06
  1.598183169363E+05,  2.411763554000E+03,  2.411866747739E+03,  9.242072126961E+00,  1.001119046760E+03,  9.918599818371E+02,  1.981337327692E-01,NaN,NaN,  4.689572822079E-02,  1.083282701066E+17,  3.483931575391E+19,  5.109157914920E+20,  3.182765721605E+19,  1.319244761903E+21,  2.869153582629E+20,  1.493767188454E+13,  7.740160087090E+02,  4.039757777793E+02,  3.600637786428E+02,NaN,  9.976449413806E+00,NaN,  2.873047434646E-06,  2.990128224165E-02,NaN,  5.614479447820E+06,  1.890911551260E-06
  1.679131768279E+05,  2.411439386654E+03,  2.411519726336E+03,  6.617425748203E+00,  9.984894122579E+02,  9.918599818371E+02,  1.979322321088E-01,NaN,NaN,  5.099062333013E-02,  1.083771503660E+17,  3.478701289312E+19,  5.109657354628E+20,  3.186387549028E+19,  1.318797723810E+21,  2.873108890478E+20,  1.494895890375E+13,  7.747392695021E+02,  4.046648816436E+02,  3.600989762529E+02,NaN,  9.975408730395E+00,NaN,  2.875218331279E-06,  2.989138823283E-02,NaN,  5.614982083688E+06,  1.892426781374E-06
  1.766055192301E+05,  2.411196257511E+03,  2.411257941359E+03,  4.651467919521E+00,  9.965197961085E+02,  9.918599818371E+02,  1.977802246380E-01,NaN,NaN,  5.569686071878E-02,  1.084139691286E+17,  3.474752771664E+19,  5.110026948112E+20,  3.189117064120E+19,  1.318453609525E+21,  2.876066048630E+20,  1.495749107319E+13,  7.752824285596E+02,  4.051831104952E+02,  3.601250230553E+02,NaN,  9.974292132234E+00,NaN,  2.876859371977E-06,  2.988396407135E-02,NaN,  5.615361211993E+06,  1.893571133189E-06
  1.867443810867E+05,  2.411005927305E+03,  2.411051605627E+03,  3.115821828338E+00,  9.949812503681E+02,  9.918599818371E+02,  1.976604142003E-01,NaN,NaN,  6.157250471829E-02,  1.084429316486E+17,  3.471635686749E+19,  5.110309259685E+20,  3.191262965345E+19,  1.318174037658E+21,  2.878359104138E+20,  1.496422345039E+13,  7.757067629780E+02,  4.055888506505E+02,  3.601449187355E+02,NaN,  9.972990713816E+00,NaN,  2.878154248394E-06,  2.987816496718E-02,NaN,  5.615660006824E+06,  1.894473884453E-06
  1.975630750697E+05,  2.410875238792E+03,  2.410908808772E+03,  2.066233651647E+00,  9.939296825878E+02,  9.918599818371E+02,  1.975774981023E-01,NaN,NaN,  6.823715942270E-02,  1.084629163862E+17,  3.469472085594E+19,  5.110494301978E+20,  3.192740554650E+19,  1.317971139546E+21,  2.879900127866E+20,  1.496888385200E+13,  7.759956758023E+02,  4.058661106449E+02,  3.601579594416E+02,NaN,  9.971602836773E+00,NaN,  2.879050609956E-06,  2.987421362391E-02,NaN,  5.615866775779E+06,  1.895099049809E-06
  2.077696634710E+05,  2.410795681802E+03,  2.410821194171E+03,  1.432901692065E+00,  9.932952811609E+02,  9.918599818371E+02,  1.975266240070E-01,NaN,NaN,  7.477969362037E-02,  1.084751260276E+17,  3.468138280478E+19,  5.110598167062E+20,  3.193639596997E+19,  1.317837909858E+21,  2.880801577285E+20,  1.497174124027E+13,  7.761683158024E+02,  4.060327396571E+02,  3.601652792496E+02,NaN,  9.970294016127E+00,NaN,  2.879600187702E-06,  2.987184795421E-02,NaN,  5.615993635013E+06,  1.895482791759E-06
  2.192284342193E+05,  2.410392637498E+03,  2.410456099156E+03,  4.828086707459E+00,  9.966967422522E+02,  9.918599818371E+02,  1.973090082865E-01,NaN,NaN,  5.520591966196E-02,  1.083492920267E+17,  3.481498701699E+19,  5.109230552914E+20,  3.184299774063E+19,  1.318952680263E+21,  2.870318144224E+20,  1.497723859225E+13,  7.742818221327E+02,  4.042441005426E+02,  3.600688977467E+02,NaN,  9.968820962758E+00,NaN,  2.880657524691E-06,  2.989753113253E-02,NaN,  5.616522214215E+06,  1.897083216708E-06
  2.309791206478E+05,  2.410170099513E+03,  2.410214901066E+03,  3.034379097948E+00,  9.948996461448E+02,  9.918599818371E+02,  1.971699463939E-01,NaN,NaN,  6.201154021944E-02,  1.083831209363E+17,  3.477857613103E+19,  5.109560554045E+20,  3.186796435477E+19,  1.318627398709E+21,  2.872988436503E+20,  1.498514371998E+13,  7.747760035894E+02,  4.047165347586E+02,  3.600921543100E+02,NaN,  9.967311638618E+00,NaN,  2.882177962889E-06,  2.989076346148E-02,NaN,  5.616871372667E+06,  1.898141725182E-06
  2.448054350420E+05,  2.410016689290E+03,  2.410047041900E+03,  1.805306451586E+00,  9.936682503486E+02,  9.918599818371E+02,  1.970731677953E-01,NaN,NaN,  7.061458401357E-02,  1.084065770086E+17,  3.475314050841E+19,  5.109774852215E+20,  3.188522790135E+19,  1.318387058704E+21,  2.874778450146E+20,  1.499064670889E+13,  7.751128424262E+02,  4.050400458228E+02,  3.601072568005E+02,NaN,  9.965536919628E+00,NaN,  2.883236384061E-06,  2.988614576172E-02,NaN,  5.617114344721E+06,  1.898878944913E-06
  2.580783612172E+05,  2.409932639773E+03,  2.409954162700E+03,  1.141458716294E+00,  9.930032954241E+02,  9.918599818371E+02,  1.970196186261E-01,NaN,NaN,  7.919366077373E-02,  1.084194746227E+17,  3.473896606416E+19,  5.109878186258E+20,  3.189466063066E+19,  1.318240340490E+21,  2.875699264509E+20,  1.499368743171E+13,  7.752919006467E+02,  4.052135245527E+02,  3.601145391838E+02,NaN,  9.963834026371E+00,NaN,  2.883821223583E-06,  2.988368336331E-02,NaN,  5.617248777713E+06,  1.899287059058E-06
  2.710033110782E+05,  2.409884196980E+03,  2.409900214694E+03,  7.697937880622E-01,  9.926308373116E+02,  9.918599818371E+02,  1.969885150968E-01,NaN,NaN,  8.739275380777E-02,  1.084268927144E+17,  3.473063805334E+19,  5.109924085775E+20,  3.190002601115E+19,  1.318142434089E+21,  2.876169003271E+20,  1.499544776541E+13,  7.753890256970E+02,  4.053090725880E+02,  3.601177739152E+02,NaN,  9.962176309723E+00,NaN,  2.884159798582E-06,  2.988233934318E-02,NaN,  5.617326859431E+06,  1.899524173267E-06
  2.863181319633E+05,  2.409850419343E+03,  2.409862440431E+03,  5.249920898766E-01,  9.923856031956E+02,  9.918599818371E+02,  1.969667364815E-01,NaN,NaN,  9.617015723168E-02,  1.084319994716E+17,  3.472469207632E+19,  5.109939269890E+20,  3.190364536570E+19,  1.318058663910E+21,  2.876419501196E+20,  1.499667205362E+13,  7.754487331113E+02,  4.053696736075E+02,  3.601188440034E+02,NaN,  9.960212616054E+00,NaN,  2.884395272898E-06,  2.988150197734E-02,NaN,  5.617381531003E+06,  1.899690228481E-06
  3.013740653936E+05,  2.409830731351E+03,  2.409840487124E+03,  3.974073909643E-01,  9.922577877668E+02,  9.918599818371E+02,  1.969540793813E-01,NaN,NaN,  1.031038890933E-01,  1.084348817881E+17,  3.472112347487E+19,  5.109931438229E+20,  3.190561338696E+19,  1.317995035920E+21,  2.876487975698E+20,  1.499737613341E+13,  7.754752667292E+02,  4.053986891850E+02,  3.601182920734E+02,NaN,  9.958282586307E+00,NaN,  2.884530692572E-06,  2.988111727133E-02,NaN,  5.617413304137E+06,  1.899786745718E-06
  3.181086945070E+05,  2.409816930513E+03,  2.409825298355E+03,  3.238669098935E-01,  9.921841095744E+02,  9.918599818371E+02,  1.969453223512E-01,NaN,NaN,  1.085166065436E-01,  1.084367882251E+17,  3.471853842720E+19,  5.109908924484E+20,  3.190683584138E+19,  1.317935678790E+21,  2.876456190131E+20,  1.499785446746E+13,  7.754852378620E+02,  4.054123917105E+02,  3.601167054355E+02,NaN,  9.956137831371E+00,NaN,  2.884622693281E-06,  2.988095576080E-02,NaN,  5.617435286748E+06,  1.899853527440E-06
  3.348433236204E+05,  2.409807443986E+03,  2.409815088983E+03,  2.871099805165E-01,  9.921472450624E+02,  9.918599818371E+02,  1.969394361743E-01,NaN,NaN,  1.118351544080E-01,  1.084379935043E+17,  3.471670004737E+19,  5.109878946923E+20,  3.190753665645E+19,  1.317882465652E+21,  2.876366088570E+20,  1.499816879359E+13,  7.754846564191E+02,  4.054160671986E+02,  3.601145927910E+02,NaN,  9.953993544880E+00,NaN,  2.884683149414E-06,  2.988093807902E-02,NaN,  5.617450062631E+06,  1.899898417964E-06
  3.515939475701E+05,  2.409800094122E+03,  2.409807366575E+03,  2.686068760746E-01,  9.921287558564E+02,  9.918599818371E+02,  1.969349838476E-01,NaN,NaN,  1.137137739307E-01,  1.084388483726E+17,  3.471523429466E+19,  5.109845198251E+20,  3.190797657099E+19,  1.317832282742E+21,  2.876246670009E+20,  1.499840124998E+13,  7.754787830368E+02,  4.054147180983E+02,  3.601122143806E+02,NaN,  9.951847673159E+00,NaN,  2.884727859074E-06,  2.988099249532E-02,NaN,  5.617461239122E+06,  1.899932374463E-06
  3.731436552492E+05,  2.409792127360E+03,  2.409799176559E+03,  2.576674659557E-01,  9.921178073777E+02,  9.918599818371E+02,  1.969302619235E-01,NaN,NaN,  1.149025100707E-01,  1.084397024602E+17,  3.471361025220E+19,  5.109799164640E+20,  3.190835970431E+19,  1.317769875810E+21,  2.876072624614E+20,  1.499864256440E+13,  7.754675288796E+02,  4.054094681299E+02,  3.601089701990E+02,NaN,  9.949087665924E+00,NaN,  2.884774272451E-06,  2.988111289656E-02,NaN,  5.617473092333E+06,  1.899968388167E-06
  3.933809244728E+05,  2.409785334201E+03,  2.409792294488E+03,  2.533419486460E-01,  9.921134745110E+02,  9.918599818371E+02,  1.969262940902E-01,NaN,NaN,  1.153903167069E-01,  1.084403905801E+17,  3.471220646395E+19,  5.109754720915E+20,  3.190863471132E+19,  1.317712268289E+21,  2.875899725977E+20,  1.499884254132E+13,  7.754552451300E+02,  4.054029078322E+02,  3.601058380634E+02,NaN,  9.946496349601E+00,NaN,  2.884812735149E-06,  2.988124933202E-02,NaN,  5.617483052556E+06,  1.899998651338E-06
  4.137856699915E+05,  2.409778770406E+03,  2.409785691653E+03,  2.514477758087E-01,  9.921115771198E+02,  9.918599818371E+02,  1.969224872494E-01,NaN,NaN,  1.156074579215E-01,  1.084410370363E+17,  3.471084148958E+19,  5.109709404664E+20,  3.190887675085E+19,  1.317654599161E+21,  2.875721486237E+20,  1.499903312334E+13,  7.754421472216E+02,  4.053956156971E+02,  3.601026444372E+02,NaN,  9.943884202359E+00,NaN,  2.884849390874E-06,  2.988139659912E-02,NaN,  5.617492608621E+06,  1.900027687329E-06
  4.384053456500E+05,  2.409771008441E+03,  2.409777910699E+03,  2.505268638194E-01,  9.921106545089E+02,  9.918599818371E+02,  1.969180011682E-01,NaN,NaN,  1.157140731527E-01,  1.084417908351E+17,  3.470922244891E+19,  5.109654447952E+20,  3.190914929058E+19,  1.317585247182E+21,  2.875504290021E+20,  1.499925725854E+13,  7.754259499781E+02,  4.053864423867E+02,  3.600987714073E+02,NaN,  9.940733299256E+00,NaN,  2.884892500073E-06,  2.988157964120E-02,NaN,  5.617503869706E+06,  1.900061905023E-06
  4.635918981056E+05,  2.409763137143E+03,  2.409770032405E+03,  2.501868093069E-01,  9.921103138269E+02,  9.918599818371E+02,  1.969134589659E-01,NaN,NaN,  1.157539005129E-01,  1.084425504328E+17,  3.470757843474E+19,  5.109598101892E+20,  3.190941949787E+19,  1.317514399749E+21,  2.875281176429E+20,  1.499948354115E+13,  7.754092064132E+02,  4.053768923185E+02,  3.600948004642E+02,NaN,  9.937510745610E+00,NaN,  2.884936022294E-06,  2.988176924768E-02,NaN,  5.617515271630E+06,  1.900096551795E-06
  4.921393484170E+05,  2.409754244712E+03,  2.409761137322E+03,  2.500567754841E-01,  9.921101836139E+02,  9.918599818371E+02,  1.969083305376E-01,NaN,NaN,  1.157695419480E-01,  1.084434064892E+17,  3.470572026286E+19,  5.109534183878E+20,  3.190972210524E+19,  1.317434141701E+21,  2.875027940700E+20,  1.499973881369E+13,  7.753901556547E+02,  4.053659975602E+02,  3.600902958938E+02,NaN,  9.933859315664E+00,NaN,  2.884985120315E-06,  2.988198513226E-02,NaN,  5.617528145064E+06,  1.900135671374E-06
  5.167468040365E+05,  2.407940733934E+03,  2.408133332905E+03,  2.117644173935E+01,  9.791201876452E+02,  9.578999020109E+02,  1.959698257501E-01,NaN,NaN,  3.819884780864E-02,  1.086718921190E+17,  3.446155270156E+19,  5.111904070392E+20,  3.208019532972E+19,  1.315355593815E+21,  2.893888874536E+20,  1.505374143886E+13,  7.788237548538E+02,  4.086357220614E+02,  3.602573117323E+02,NaN,  9.930718164781E+00,NaN,  2.895371752509E-06,  2.983530618637E-02,NaN,  5.619883177437E+06,  1.907316502064E-06
  5.428683929716E+05,  2.403840338256E+03,  2.404084722556E+03,  2.899892079625E+01,  9.545556013052E+02,  9.254970857531E+02,  1.936419767154E-01,NaN,NaN,  3.539490557157E-02,  1.090613614974E+17,  3.404562452838E+19,  5.115988213647E+20,  3.237437601073E+19,  1.311835003775E+21,  2.926914948144E+20,  1.518432690141E+13,  7.848141192926E+02,  4.143415738023E+02,  3.605451384304E+02,NaN,  9.927404139356E+00,NaN,  2.920487997602E-06,  2.975468464633E-02,NaN,  5.625733523812E+06,  1.925367304148E-06
  5.702591616573E+05,  2.398543339407E+03,  2.398827895926E+03,  3.537744722989E+01,  9.277813195277E+02,  8.923307181156E+02,  1.906443853803E-01,NaN,NaN,  3.378246518840E-02,  1.094391190864E+17,  3.364179272540E+19,  5.119949540545E+20,  3.266362815177E+19,  1.308384902473E+21,  2.959775678212E+20,  1.535495686886E+13,  7.907684650684E+02,  4.200201951365E+02,  3.608243097450E+02,NaN,  9.923957233686E+00,NaN,  2.953306230192E-06,  2.967553380199E-02,NaN,  5.633314915986E+06,  1.949218695077E-06
  5.994435495509E+05,  2.392710209521E+03,  2.393009165166E+03,  3.761163902876E+01,  8.977378512034E+02,  8.600472279072E+02,  1.873384558927E-01,NaN,NaN,  3.338364774806E-02,  1.098931548205E+17,  3.315614239076E+19,  5.124724470855E+20,  3.301625703630E+19,  1.304129436499E+21,  3.000262691631E+20,  1.555339329085E+13,  7.980923705690E+02,  4.270112248479E+02,  3.611608191031E+02,NaN,  9.920323626591E+00,NaN,  2.991472636414E-06,  2.957956117726E-02,NaN,  5.641687173540E+06,  1.976178367095E-06
  6.298835024297E+05,  2.386708026746E+03,  2.386975682059E+03,  3.229992679915E+01,  8.616523574987E+02,  8.292827654191E+02,  1.839616082463E-01,NaN,NaN,  3.480355607729E-02,  1.105451478666E+17,  3.245823418697E+19,  5.131617473024E+20,  3.353152966169E+19,  1.297764500122E+21,  3.060297708388E+20,  1.577665422973E+13,  8.089262024937E+02,  4.373630267808E+02,  3.616465978651E+02,NaN,  9.916574813329E+00,NaN,  3.034413683229E-06,  2.944036329728E-02,NaN,  5.650346852992E+06,  2.004770877594E-06
  6.617667457838E+05,  2.380630015762E+03,  2.380887220326E+03,  3.048047312222E+01,  8.320089698193E+02,  8.014618667015E+02,  1.805915338109E-01,NaN,NaN,  3.544102371531E-02,  1.110226210049E+17,  3.194621049227E+19,  5.136650264630E+20,  3.391662259089E+19,  1.292978701679E+21,  3.105847356104E+20,  1.600497203453E+13,  8.171403763276E+02,  4.452264009559E+02,  3.620012797898E+02,NaN,  9.912692503577E+00,NaN,  3.078327345842E-06,  2.933687077224E-02,NaN,  5.659063259683E+06,  2.034302161414E-06
  6.949094435053E+05,  2.374795655585E+03,  2.375058967736E+03,  3.130165855541E+01,  8.049470786706E+02,  7.735753962117E+02,  1.773893201950E-01,NaN,NaN,  3.533074883569E-02,  1.114609248003E+17,  3.147561818668E+19,  5.141266311062E+20,  3.427588323087E+19,  1.288461307712E+21,  3.148839149577E+20,  1.623317253743E+13,  8.248864207788E+02,  4.526511241960E+02,  3.623265919348E+02,NaN,  9.908701525693E+00,NaN,  3.122218447113E-06,  2.924088248117E-02,NaN,  5.667386347726E+06,  2.063229050052E-06
  7.297137921452E+05,  2.368945044631E+03,  2.369179185664E+03,  2.663768566410E+01,  7.732821604227E+02,  7.465833435748E+02,  1.741944774986E-01,NaN,NaN,  3.691733408586E-02,  1.120745966882E+17,  3.081629854174E+19,  5.147764325160E+20,  3.478764377459E+19,  1.281878169111E+21,  3.210956975558E+20,  1.648301779005E+13,  8.360535193751E+02,  4.633644233871E+02,  3.627845342315E+02,NaN,  9.904558586188E+00,NaN,  3.170272606266E-06,  2.910525703149E-02,NaN,  5.675762486945E+06,  2.093083438380E-06
  7.664804919740E+05,  2.362909848027E+03,  2.363142710902E+03,  2.631315965875E+01,  7.468461385160E+02,  7.204714429141E+02,  1.709523929911E-01,NaN,NaN,  3.716862915930E-02,  1.125292661774E+17,  3.032688672333E+19,  5.152560635736E+20,  3.517431428486E+19,  1.276869935183E+21,  3.258607929791E+20,  1.674335283848E+13,  8.446157217636E+02,  4.715929379706E+02,  3.631225503466E+02,NaN,  9.900230226039E+00,NaN,  3.220344327536E-06,  2.900331586277E-02,NaN,  5.684340466491E+06,  2.124456783981E-06
  8.051952498077E+05,  2.356916956508E+03,  2.357150073425E+03,  2.622088143811E+01,  7.215719241664E+02,  6.952885707322E+02,  1.677730612969E-01,NaN,NaN,  3.734012738775E-02,  1.129718884908E+17,  2.984989380822E+19,  5.157228679727E+20,  3.555689562749E+19,  1.271852628787E+21,  3.306330515793E+20,  1.701438705451E+13,  8.531825867596E+02,  4.798353298748E+02,  3.634515269776E+02,NaN,  9.895726634706E+00,NaN,  3.272473880594E-06,  2.890308915345E-02,NaN,  5.692834807696E+06,  2.156349697991E-06
  8.455435319037E+05,  2.351077695919E+03,  2.351314410514E+03,  2.663156161152E+01,  6.979358981813E+02,  6.712397375709E+02,  1.646905831628E-01,NaN,NaN,  3.733169366351E-02,  1.133916091252E+17,  2.939706187136E+19,  5.161651977275E+20,  3.592549010807E+19,  1.266960026075E+21,  3.352842088822E+20,  1.729095539680E+13,  8.615251288480E+02,  4.878707812376E+02,  3.637632553007E+02,NaN,  9.891088984025E+00,NaN,  3.325667843647E-06,  2.880714670752E-02,NaN,  5.701086280744E+06,  2.188145170658E-06
  8.884553252148E+05,  2.345098292122E+03,  2.345302077957E+03,  2.169999099950E+01,  6.695606201667E+02,  6.478065118401E+02,  1.615677339796E-01,NaN,NaN,  3.944243612010E-02,  1.139981026941E+17,  2.874229167045E+19,  5.168087326219E+20,  3.646711130314E+19,  1.259603995173E+21,  3.422277846838E+20,  1.760107959706E+13,  8.739513772858E+02,  4.998483802620E+02,  3.642167813213E+02,NaN,  9.886212317239E+00,NaN,  3.385315795808E-06,  2.866727787898E-02,NaN,  5.709566624087E+06,  2.221688677136E-06
  9.332451965951E+05,  2.339201054472E+03,  2.339406486576E+03,  2.182427637976E+01,  6.473311702831E+02,  6.254514367408E+02,  1.585382019959E-01,NaN,NaN,  3.953463659652E-02,  1.144123265165E+17,  2.829417161847E+19,  5.172454325949E+20,  3.684452445341E+19,  1.254438390673E+21,  3.471356013102E+20,  1.790994407696E+13,  8.827341826206E+02,  5.083284538902E+02,  3.645245421011E+02,NaN,  9.881183184531E+00,NaN,  3.444721458785E-06,  2.857044664391E-02,NaN,  5.717861747719E+06,  2.255379257082E-06
  9.802222512155E+05,  2.333467570007E+03,  2.333647645218E+03,  1.821827087144E+01,  6.221671354966E+02,  6.039013430709E+02,  1.556092974196E-01,NaN,NaN,  4.151414195752E-02,  1.149741127263E+17,  2.768607861998E+19,  5.178415102570E+20,  3.736516975527E+19,  1.247156411155E+21,  3.540045599786E+20,  1.823786971220E+13,  8.950013897884E+02,  5.201807905802E+02,  3.649446230204E+02,NaN,  9.875972679974E+00,NaN,  3.507793262235E-06,  2.843806409249E-02,NaN,  5.725944882476E+06,  2.289075640315E-06
  1.031243494090E+06,  2.327391923173E+03,  2.327571310132E+03,  1.803035713490E+01,  6.005436514550E+02,  5.824653273776E+02,  1.525444336035E-01,NaN,NaN,  4.178648379525E-02,  1.154022194895E+17,  2.722172096874E+19,  5.182931162813E+20,  3.776952578542E+19,  1.241446386842E+21,  3.594215193336E+20,  1.859112396722E+13,  9.046742505782E+02,  5.295409792235E+02,  3.652628887195E+02,NaN,  9.870379059443E+00,NaN,  3.575736663254E-06,  2.833586365800E-02,NaN,  5.734452748930E+06,  2.325500119539E-06
  1.083841625059E+06,  2.321524874193E+03,  2.321707414326E+03,  1.835983994645E+01,  5.806955395357E+02,  5.622859861892E+02,  1.496259544670E-01,NaN,NaN,  4.175791060452E-02,  1.157972332853E+17,  2.679272180410E+19,  5.187091239027E+20,  3.814858150722E+19,  1.236025849985E+21,  3.645607075018E+20,  1.894929362797E+13,  9.138454177390E+02,  5.384246631446E+02,  3.655560667316E+02,NaN,  9.864684218089E+00,NaN,  3.644625472229E-06,  2.824072486576E-02,NaN,  5.742642887940E+06,  2.361525591534E-06
  1.139612272791E+06,  2.315744891678E+03,  2.315903341930E+03,  1.512490761964E+01,  5.578344918004E+02,  5.426675289379E+02,  1.467831413738E-01,NaN,NaN,  4.399967751311E-02,  1.163454454837E+17,  2.619708090769E+19,  5.192909741825E+20,  3.868352743104E+19,  1.228213432216E+21,  3.719236250770E+20,  1.933542623527E+13,  9.269575395652E+02,  5.511326930265E+02,  3.659661210182E+02,NaN,  9.858721801585E+00,NaN,  3.718892553833E-06,  2.810768071646E-02,NaN,  5.750729930052E+06,  2.398056598477E-06
  1.197390180670E+06,  2.309844472034E+03,  2.310011713409E+03,  1.616905130554E+01,  5.391965615735E+02,  5.229814976774E+02,  1.439059157831E-01,NaN,NaN,  4.344186700169E-02,  1.167351135809E+17,  2.577275693829E+19,  5.197013258114E+20,  3.907088130923E+19,  1.222499613220E+21,  3.773355461739E+20,  1.973566969687E+13,  9.365967262755E+02,  5.604887927416E+02,  3.662553130152E+02,NaN,  9.852616722868E+00,NaN,  3.795873656343E-06,  2.801194039732E-02,NaN,  5.758919156480E+06,  2.436055566398E-06
  1.258085173021E+06,  2.303918327285E+03,  2.304086038943E+03,  1.614361365316E+01,  5.210752382149E+02,  5.048850070319E+02,  1.410511090351E-01,NaN,NaN,  4.363266995760E-02,  1.171226433131E+17,  2.535031485310E+19,  5.201092559978E+20,  3.946208707074E+19,  1.216656199129E+21,  3.828670448091E+20,  2.016059594676E+13,  9.464415160083E+02,  5.700524275101E+02,  3.665427985203E+02,NaN,  9.846286100325E+00,NaN,  3.877602139977E-06,  2.791595626975E-02,NaN,  5.767135646409E+06,  2.475236133402E-06
  1.321427703791E+06,  2.298224032405E+03,  2.298367123668E+03,  1.299624904733E+01,  5.008047214248E+02,  4.877699514335E+02,  1.383424326995E-01,NaN,NaN,  4.624282762693E-02,  1.176437811252E+17,  2.478197552306E+19,  5.206624569208E+20,  3.999675703864E+19,  1.208502366934E+21,  3.905469134289E+20,  2.060758005304E+13,  9.600826569277E+02,  5.833102290329E+02,  3.669326624039E+02,NaN,  9.839761527326E+00,NaN,  3.963573136650E-06,  2.778594504907E-02,NaN,  5.775046437891E+06,  2.513994241023E-06
  1.387522225310E+06,  2.292549272149E+03,  2.292697541744E+03,  1.355669684306E+01,  4.849934834105E+02,  4.713958825644E+02,  1.356774343446E-01,NaN,NaN,  4.593540072056E-02,  1.179895845136E+17,  2.440389925414E+19,  5.210250747745E+20,  4.035795008138E+19,  1.202933513487E+21,  3.958046606141E+20,  2.105953727652E+13,  9.694281515138E+02,  5.924068976642E+02,  3.671882144083E+02,NaN,  9.833035390836E+00,NaN,  4.050500641251E-06,  2.769871457407E-02,NaN,  5.782870624239E+06,  2.553363502259E-06
  1.458331866907E+06,  2.286959797049E+03,  2.287088216452E+03,  1.113474365178E+01,  4.664519360988E+02,  4.552827339654E+02,  1.330678174413E-01,NaN,NaN,  4.843950686417E-02,  1.184883720700E+17,  2.385852682299E+19,  5.215539016164E+20,  4.088712732250E+19,  1.194615951856E+21,  4.036238918184E+20,  2.154815523444E+13,  9.832963148573E+02,  6.059094881803E+02,  3.675609008551E+02,NaN,  9.825921677453E+00,NaN,  4.144479313522E-06,  2.757210613433E-02,NaN,  5.790593723733E+06,  2.593270384174E-06
  1.532841483784E+06,  2.281187404572E+03,  2.281319720337E+03,  1.152547655507E+01,  4.513498475403E+02,  4.397880682420E+02,  1.304176584053E-01,NaN,NaN,  4.821720030715E-02,  1.188361676569E+17,  2.347727574956E+19,  5.219180906663E+20,  4.126254478505E+19,  1.188643146012E+21,  4.092493313293E+20,  2.206245962317E+13,  9.932801889210E+02,  6.156440986232E+02,  3.678175601474E+02,NaN,  9.818525907015E+00,NaN,  4.243398403197E-06,  2.748287973904E-02,NaN,  5.798517438202E+06,  2.635333455865E-06
  1.609526066190E+06,  2.275790314017E+03,  2.275906729049E+03,  9.667569994080E+00,  4.348005596393E+02,  4.251018077561E+02,  1.279699017708E-01,NaN,NaN,  5.057559832853E-02,  1.192990344330E+17,  2.296985843289E+19,  5.224079969380E+20,  4.177001405694E+19,  1.180422373470E+21,  4.169644106391E+20,  2.258879295890E+13,  1.006945077326E+03,  6.289712415035E+02,  3.681628176366E+02,NaN,  9.811013840820E+00,NaN,  4.344631088696E-06,  2.736342691442E-02,NaN,  5.805935789384E+06,  2.675778544411E-06
  1.690551743997E+06,  2.269939817875E+03,  2.270064796515E+03,  1.056863646380E+01,  4.204486240227E+02,  4.098452418558E+02,  1.253447657760E-01,NaN,NaN,  4.966679363077E-02,  1.196459585655E+17,  2.258862180393E+19,  5.227710750790E+20,  4.215667945239E+19,  1.174082766243E+21,  4.229296237923E+20,  2.317265173460E+13,  1.017515703552E+03,  6.392938357562E+02,  3.684186940247E+02,NaN,  9.803169314545E+00,NaN,  4.456927969408E-06,  2.727296957335E-02,NaN,  5.813923550982E+06,  2.720521607483E-06
  1.775630273764E+06,  2.264328496543E+03,  2.264459840326E+03,  1.123206971648E+01,  4.073893999209E+02,  3.961197253870E+02,  1.228516040500E-01,NaN,NaN,  4.911328922581E-02,  1.199612891115E+17,  2.224162224563E+19,  5.230992365294E+20,  4.251309868065E+19,  1.168157854853E+21,  4.284829520397E+20,  2.376490336697E+13,  1.027356036108E+03,  6.489110240778E+02,  3.686499631572E+02,NaN,  9.795044301805E+00,NaN,  4.570839096000E-06,  2.719027213655E-02,NaN,  5.821569358266E+06,  2.764550948744E-06
  1.864948434360E+06,  2.258729624878E+03,  2.258839675977E+03,  8.824464971100E+00,  3.917292970850E+02,  3.828745543042E+02,  1.203985119228E-01,NaN,NaN,  5.237876957837E-02,  1.204326762750E+17,  2.172304243090E+19,  5.235980882099E+20,  4.305351258085E+19,  1.159019546087E+21,  4.370520797028E+20,  2.441637984046E+13,  1.042502336970E+03,  6.637141879067E+02,  3.690015248510E+02,NaN,  9.786619516253E+00,NaN,  4.696141273298E-06,  2.706586199197E-02,NaN,  5.829218339312E+06,  2.809818561856E-06
  1.958855961453E+06,  2.253264946492E+03,  2.253385971326E+03,  9.963840882330E+00,  3.800928973102E+02,  3.700942555294E+02,  1.180432048445E-01,NaN,NaN,  5.101489547960E-02,  1.207194905037E+17,  2.140646671544E+19,  5.238943259335E+20,  4.338787366216E+19,  1.153274981515E+21,  4.424073003706E+20,  2.506357922379E+13,  1.051984579345E+03,  6.729964012214E+02,  3.692102959947E+02,NaN,  9.777877307860E+00,NaN,  4.820620813508E-06,  2.698957224760E-02,NaN,  5.836624006127E+06,  2.854851435812E-06
  2.056985696626E+06,  2.247736260885E+03,  2.247837358180E+03,  7.796225397750E+00,  3.656487839440E+02,  3.578247011105E+02,  1.156683380978E-01,NaN,NaN,  5.446336085232E-02,  1.211739176496E+17,  2.090528642957E+19,  5.243743135713E+20,  4.392485207635E+19,  1.143914995826E+21,  4.511664803255E+20,  2.578794607500E+13,  1.067448984762E+03,  6.881315628242E+02,  3.695485634068E+02,NaN,  9.768853571075E+00,NaN,  4.959942411926E-06,  2.686792816052E-02,NaN,  5.844141661938E+06,  2.901822615889E-06
  2.159975836871E+06,  2.242364209813E+03,  2.242479495086E+03,  9.239082797044E+00,  3.550568217507E+02,  3.457840979209E+02,  1.133970591012E-01,NaN,NaN,  5.240759892237E-02,  1.214432076260E+17,  2.060721480148E+19,  5.246505641922E+20,  4.424823531271E+19,  1.138177117411E+21,  4.564877130203E+20,  2.650464696550E+13,  1.076863511165E+03,  6.973607488976E+02,  3.697432488013E+02,NaN,  9.759508368385E+00,NaN,  5.097789572500E-06,  2.679536947376E-02,NaN,  5.851384763911E+06,  2.948320110288E-06
  2.269358609498E+06,  2.236686355654E+03,  2.236781260592E+03,  7.087822551703E+00,  3.411505880049E+02,  3.340363427197E+02,  1.110298174860E-01,NaN,NaN,  5.623740412371E-02,  1.219014011161E+17,  2.010066352826E+19,  5.251340198956E+20,  4.480591938551E+19,  1.128161924008E+21,  4.658496718950E+20,  2.734606688166E+13,  1.093372543530E+03,  7.135388718429E+02,  3.700839603046E+02,NaN,  9.749706122900E+00,NaN,  5.259624652977E-06,  2.667103687656E-02,NaN,  5.859070689527E+06,  2.999042524570E-06
  2.383149348092E+06,  2.231204085286E+03,  2.231313263215E+03,  8.496691470404E+00,  3.310096873466E+02,  3.224806774458E+02,  1.087794834602E-01,NaN,NaN,  5.396774805177E-02,  1.221719819908E+17,  1.980040049006E+19,  5.254107059759E+20,  4.514061101165E+19,  1.122031879513E+21,  4.715190349140E+20,  2.817743024059E+13,  1.103391369870E+03,  7.233727637158E+02,  3.702789525855E+02,NaN,  9.739648149123E+00,NaN,  5.419525498577E-06,  2.659717946986E-02,NaN,  5.866429343567E+06,  3.048988304941E-06
  2.504747767953E+06,  2.225510369028E+03,  2.225597575210E+03,  6.260527204656E+00,  3.179571073045E+02,  3.116722291453E+02,  1.064524460006E-01,NaN,NaN,  5.850401248585E-02,  1.226229331846E+17,  1.930058224008E+19,  5.258854382083E+20,  4.570601936282E+19,  1.111551194321E+21,  4.812943193617E+20,  2.913883550065E+13,  1.120611055629E+03,  7.402684958800E+02,  3.706135162931E+02,NaN,  9.729037851661E+00,NaN,  5.604438043010E-06,  2.647321517422E-02,NaN,  5.874103884936E+06,  3.102574681262E-06
  2.630256588171E+06,  2.220182804812E+03,  2.220284259892E+03,  7.618693132536E+00,  3.089164507889E+02,  3.012675293017E+02,  1.043118256342E-01,NaN,NaN,  5.592971517912E-02,  1.228694981105E+17,  1.902608899048E+19,  5.261345129020E+20,  4.601991601476E+19,  1.105593183380E+21,  4.867578864475E+20,  3.005907289555E+13,  1.130262616056E+03,  7.497553238341E+02,  3.707890496723E+02,NaN,  9.718236768252E+00,NaN,  5.781432537676E-06,  2.640517858726E-02,NaN,  5.881222213654E+06,  3.153694616172E-06
  2.764974984471E+06,  2.214339099877E+03,  2.214419460885E+03,  5.549755606843E+00,  2.963866687194E+02,  2.908144425542E+02,  1.020000950741E-01,NaN,NaN,  6.081641322494E-02,  1.233226845095E+17,  1.852256234388E+19,  5.266108851248E+20,  4.660473173192E+19,  1.094411687765E+21,  4.971747234055E+20,  3.118757510808E+13,  1.148592727409E+03,  7.677611605286E+02,  3.711247691499E+02,NaN,  9.706791731860E+00,NaN,  5.998483789824E-06,  2.627903915466E-02,NaN,  5.889061601205E+06,  3.211632142702E-06
  2.903292772393E+06,  2.208962212018E+03,  2.209057494748E+03,  6.925755390259E+00,  2.878801095747E+02,  2.809257126513E+02,  9.990056071696E-02,NaN,NaN,  5.778250115174E-02,  1.235646602547E+17,  1.825242897546E+19,  5.268536425479E+20,  4.692165849627E+19,  1.088187691392E+21,  5.028550084269E+20,  3.225490156376E+13,  1.158618539744E+03,  7.776274771560E+02,  3.712958504836E+02,NaN,  9.695205900250E+00,NaN,  6.203768760542E-06,  2.621152675660E-02,NaN,  5.896212595132E+06,  3.266037897639E-06
  3.049234012697E+06,  2.203390993538E+03,  2.203467071647E+03,  5.099990160141E+00,  2.768179217246E+02,  2.716964111225E+02,  9.774243218763E-02,NaN,NaN,  6.265268098858E-02,  1.239806318491E+17,  1.778897052151E+19,  5.272883649344E+20,  4.747346540288E+19,  1.077276514832E+21,  5.129731593080E+20,  3.349033022500E+13,  1.176410895189E+03,  7.951255343507E+02,  3.716022175753E+02,NaN,  9.683136821740E+00,NaN,  6.441385785021E-06,  2.609449411924E-02,NaN,  5.903651784069E+06,  3.324273149370E-06
  3.201979506682E+06,  2.197328034463E+03,  2.197437644721E+03,  8.245907916656E+00,  2.711366542358E+02,  2.628540336551E+02,  9.544482366908E-02,NaN,NaN,  5.582927809145E-02,  1.242811937050E+17,  1.745306796031E+19,  5.275947085953E+20,  4.787868120191E+19,  1.069113021107E+21,  5.204952981874E+20,  3.488968063477E+13,  1.189654039356E+03,  8.081652402918E+02,  3.718181107968E+02,NaN,  9.670681556732E+00,NaN,  6.710530812174E-06,  2.600943869522E-02,NaN,  5.911656355346E+06,  3.388872689942E-06
  3.362985599891E+06,  2.182381251482E+03,  2.182575494843E+03,  1.740107309323E+01,  2.715447099128E+02,  2.540606584803E+02,  8.993615986337E-02,NaN,NaN,  4.688343713682E-02,  1.251412738885E+17,  1.649415203949E+19,  5.285233975953E+20,  4.907266130454E+19,  1.045175762338E+21,  5.436187084857E+20,  3.891332354085E+13,  1.230152830066E+03,  8.480223685322E+02,  3.724725968707E+02,NaN,  9.657857178794E+00,NaN,  7.484420948374E-06,  2.576024471750E-02,NaN,  5.931304232268E+06,  3.556497676002E-06
  3.532926532336E+06,  2.154069989119E+03,  2.154344102608E+03,  2.668393750448E+01,  2.723191761943E+02,  2.454910623339E+02,  8.004530271956E-02,NaN,NaN,  4.314493135393E-02,  1.267671280353E+17,  1.467547386682E+19,  5.303121650022E+20,  5.145656511670E+19,  9.947620142100E+20,  5.930688402567E+20,  4.946690634283E+13,  1.316506210967E+03,  9.331279965418E+02,  3.737332162573E+02,NaN,  9.644988653625E+00,NaN,  9.514251582620E-06,  2.527725982825E-02,NaN,  5.968304809210E+06,  3.911449871593E-06
  3.710356086591E+06,  2.110270927991E+03,  2.110624289517E+03,  3.552980205234E+01,  2.733858166907E+02,  2.376233560999E+02,  6.617832008060E-02,NaN,NaN,  4.177108573600E-02,  1.290052727441E+17,  1.215401354164E+19,  5.328057395009E+20,  5.502184596264E+19,  9.110793065302E+20,  6.760581693344E+20,  7.975587135808E+13,  1.460996430424E+03,  1.075873227893E+03,  3.754905427507E+02,NaN,  9.632644440030E+00,NaN,  1.533990057985E-05,  2.459043639174E-02,NaN,  6.024787700021E+06,  4.575774015971E-06
  3.895919245801E+06,  2.046162158933E+03,  2.046605704991E+03,  4.421230755712E+01,  2.746826962756E+02,  2.300869445065E+02,  4.903120023922E-02,NaN,NaN,  4.213517782982E-02,  1.317432324159E+17,  9.035298848905E+18,  5.359002197880E+20,  5.982451555919E+19,  7.774326038426E+20,  8.101397486885E+20,  2.324778384012E+14,  1.693715610587E+03,  1.306422966184E+03,  3.776713527466E+02,NaN,  9.621246943245E+00,NaN,  4.471378554792E-05,  2.372053965223E-02,NaN,  6.105751272019E+06,  5.895100750165E-06
  4.091072943117E+06,  1.951352202446E+03,  1.951993587667E+03,  5.249386051290E+01,  2.759516711006E+02,  2.227867947736E+02,  3.098529021098E-02,NaN,NaN,  5.131681884761E-02,  1.344512786798E+17,  5.901759929605E+18,  5.390155585272E+20,  6.486767074698E+19,  5.944317930585E+20,  9.977664107245E+20,  1.008103820202E+16,  2.018469993162E+03,  1.628990076263E+03,  3.798668625681E+02,NaN,  9.611115387454E+00,NaN,  1.938943442376E-03,  2.283093584781E-02,NaN,  6.221758989542E+06,  1.539983767930E-05
  4.276012743948E+06,  1.418769497659E+03,  1.660000062879E+03,  1.943879857461E-01,  2.776981297392E+02,  2.166438337415E+02,  6.219811591440E-03,NaN,NaN,  5.212093587143E+03,  1.384571460152E+17,  1.169753544030E+18,  5.437326586514E+20,  7.242304482151E+19,  1.550242575150E+20,  1.439528808925E+21,  5.462676627205E+20,  2.886182289158E+03,  2.388320753036E+03,  3.831912007922E+02,NaN,  9.603567285881E+00,NaN,  1.050667680439E+02,  2.192208648815E-02,NaN,  6.315623650259E+06,  6.068578372733E+12
