t(yr),T_surf(K),T_pot(K),flux_surf(W/m2),flux_OLR(W/m2),flux_ASR(W/m2),phi(vol_frac),fO2_solid(bar),fO2_melt(bar),thick_surf_bl(m),massC_solid(kg),massC_melt(kg),massC_atm(kg),massH_solid(kg),massH_melt(kg),massH_atm(kg),massO_atm(kg),p_surf(bar),p_H2O(bar),p_CO2(bar),p_CO(bar),p_H2(bar),p_CH4(bar),p_O2(bar),mmw(kg/mol),R_trans(m),R_solid(m),viscosity(Pa.s)
  2.854772412451E-06,  3.598992076570E+03,  3.599999999997E+03,  3.169595637779E+02,  1.038360798745E+05,  9.918599818371E+02,  9.305230993347E-01,NaN,NaN,  1.335589417449E-02,  2.042477869716E+15,  3.306401017990E+19,  1.033921907335E+20,  6.117546608140E+17,  8.232904043107E+20,  6.739085429828E+19,  1.052196068052E+13,  1.093303005847E+02,  2.646548698616E+01,  7.286481157480E+01,NaN,  1.000000000000E+01,NaN,  2.023748571684E-06,  3.387625916558E-02,NaN,  3.504050000000E+06,  4.266428404975E-07
  5.709544824903E-06,  3.598984153500E+03,  3.599999999994E+03,  3.202859758516E+02,  1.038347532675E+05,  9.918599818371E+02,  9.305230993334E-01,NaN,NaN,  1.332108052699E-02,  2.042477869755E+15,  3.306401017986E+19,  1.033921907335E+20,  6.117546608261E+17,  8.232904043106E+20,  6.739085429828E+19,  1.052196068052E+13,  1.093303005848E+02,  2.646548698621E+01,  7.286481157482E+01,NaN,  9.999999999995E+00,NaN,  2.023748571684E-06,  3.387625916557E-02,NaN,  3.504050000000E+06,  4.266428404984E-07
  8.564317237354E-06,  3.598976230788E+03,  3.599999999991E+03,  3.236208958460E+02,  1.038334267348E+05,  9.918599818371E+02,  9.305230993321E-01,NaN,NaN,  1.328662860200E-02,  2.042477869793E+15,  3.306401017983E+19,  1.033921907335E+20,  6.117546608383E+17,  8.232904043106E+20,  6.739085429827E+19,  1.052196068052E+13,  1.093303005848E+02,  2.646548698625E+01,  7.286481157484E+01,NaN,  9.999999999987E+00,NaN,  2.023748571684E-06,  3.387625916557E-02,NaN,  3.504050000000E+06,  4.266428404993E-07
  1.716688411028E-05,  3.598952358686E+03,  3.599999999982E+03,  3.337213206518E+02,  1.038294298135E+05,  9.918599818371E+02,  9.305230993282E-01,NaN,NaN,  1.318493356921E-02,  2.042477869912E+15,  3.306401017972E+19,  1.033921907336E+20,  6.117546608758E+17,  8.232904043105E+20,  6.739085429832E+19,  1.052196068052E+13,  1.093303005850E+02,  2.646548698640E+01,  7.286481157492E+01,NaN,  9.999999999979E+00,NaN,  2.023748571684E-06,  3.387625916556E-02,NaN,  3.504050000000E+06,  4.266428405020E-07
  2.576945098320E-05,  3.598928489506E+03,  3.599999999972E+03,  3.438975098540E+02,  1.038254335090E+05,  9.918599818371E+02,  9.305230993241E-01,NaN,NaN,  1.308629410731E-02,  2.042477870035E+15,  3.306401017961E+19,  1.033921907338E+20,  6.117546609144E+17,  8.232904043103E+20,  6.739085429836E+19,  1.052196068052E+13,  1.093303005853E+02,  2.646548698655E+01,  7.286481157499E+01,NaN,  9.999999999971E+00,NaN,  2.023748571684E-06,  3.387625916554E-02,NaN,  3.504050000000E+06,  4.266428405048E-07
  3.437201785612E-05,  3.598904623508E+03,  3.599999999962E+03,  3.541481761553E+02,  1.038214378647E+05,  9.918599818371E+02,  9.305230993199E-01,NaN,NaN,  1.299055428258E-02,  2.042477870161E+15,  3.306401017950E+19,  1.033921907339E+20,  6.117546609540E+17,  8.232904043102E+20,  6.739085429841E+19,  1.052196068052E+13,  1.093303005855E+02,  2.646548698670E+01,  7.286481157507E+01,NaN,  9.999999999963E+00,NaN,  2.023748571684E-06,  3.387625916553E-02,NaN,  3.504050000000E+06,  4.266428405077E-07
  4.297458472904E-05,  3.598880760789E+03,  3.599999999952E+03,  3.644721415042E+02,  1.038174428966E+05,  9.918599818371E+02,  9.305230993156E-01,NaN,NaN,  1.289756869681E-02,  2.042477870290E+15,  3.306401017938E+19,  1.033921907340E+20,  6.117546609949E+17,  8.232904043100E+20,  6.739085429846E+19,  1.052196068052E+13,  1.093303005857E+02,  2.646548698686E+01,  7.286481157515E+01,NaN,  9.999999999956E+00,NaN,  2.023748571684E-06,  3.387625916552E-02,NaN,  3.504050000000E+06,  4.266428405106E-07
  6.039920376204E-05,  3.598832436769E+03,  3.599999999930E+03,  3.856035168263E+02,  1.038093531390E+05,  9.918599818371E+02,  9.305230993065E-01,NaN,NaN,  1.271711761341E-02,  2.042477870564E+15,  3.306401017913E+19,  1.033921907342E+20,  6.117546610812E+17,  8.232904043097E+20,  6.739085429858E+19,  1.052196068052E+13,  1.093303005862E+02,  2.646548698720E+01,  7.286481157532E+01,NaN,  9.999999999940E+00,NaN,  2.023748571684E-06,  3.387625916549E-02,NaN,  3.504050000000E+06,  4.266428405169E-07
  8.760046984685E-05,  3.598757026735E+03,  3.599999999894E+03,  4.191628730659E+02,  1.037967300484E+05,  9.918599818371E+02,  9.305230992912E-01,NaN,NaN,  1.245455549956E-02,  2.042477871022E+15,  3.306401017872E+19,  1.033921907346E+20,  6.117546612259E+17,  8.232904043092E+20,  6.739085429878E+19,  1.052196094895E+13,  1.093303005870E+02,  2.646548698776E+01,  7.286481157560E+01,NaN,  9.999999999915E+00,NaN,  2.023748623312E-06,  3.387625916544E-02,NaN,  3.504050000000E+06,  4.266428405274E-07
  1.148017359317E-04,  3.598681650902E+03,  3.599999999855E+03,  4.533924800835E+02,  1.037841139531E+05,  9.918599818371E+02,  9.305230992747E-01,NaN,NaN,  1.221252191964E-02,  2.042477871520E+15,  3.306401017827E+19,  1.033921907351E+20,  6.117546613827E+17,  8.232904043087E+20,  6.739085429900E+19,  1.052196094895E+13,  1.093303005879E+02,  2.646548698838E+01,  7.286481157591E+01,NaN,  9.999999999890E+00,NaN,  2.023748623312E-06,  3.387625916539E-02,NaN,  3.504050000000E+06,  4.266428405388E-07
  1.784419299794E-04,  3.598505437928E+03,  3.599999999751E+03,  5.359434744547E+02,  1.037546251091E+05,  9.918599818371E+02,  9.305230992308E-01,NaN,NaN,  1.171235392734E-02,  2.042477872839E+15,  3.306401017708E+19,  1.033921907362E+20,  6.117546617987E+17,  8.232904043072E+20,  6.739085429965E+19,  1.052196094895E+13,  1.093303005903E+02,  2.646548699000E+01,  7.286481157673E+01,NaN,  9.999999999832E+00,NaN,  2.023748623312E-06,  3.387625916525E-02,NaN,  3.504050000000E+06,  4.266428405690E-07
  2.420821240271E-04,  3.598329420279E+03,  3.599999999629E+03,  6.217130064567E+02,  1.037251758810E+05,  9.918599818371E+02,  9.305230991795E-01,NaN,NaN,  1.128564658817E-02,  2.042477874383E+15,  3.306401017570E+19,  1.033921907376E+20,  6.117546622855E+17,  8.232904043055E+20,  6.739085430045E+19,  1.052196094895E+13,  1.093303005931E+02,  2.646548699190E+01,  7.286481157768E+01,NaN,  9.999999999774E+00,NaN,  2.023748623312E-06,  3.387625916508E-02,NaN,  3.504050000000E+06,  4.266428406043E-07
  3.057223180749E-04,  3.598153603094E+03,  3.599999999489E+03,  7.104503504653E+02,  1.036957671034E+05,  9.918599818371E+02,  9.305230991204E-01,NaN,NaN,  1.091542126181E-02,  2.042477876158E+15,  3.306401017410E+19,  1.033921907391E+20,  6.117546628455E+17,  8.232904043036E+20,  6.739085430142E+19,  1.052196068052E+13,  1.093303005963E+02,  2.646548699409E+01,  7.286481157879E+01,NaN,  9.999999999716E+00,NaN,  2.023748571684E-06,  3.387625916488E-02,NaN,  3.504050000000E+06,  4.266428406450E-07
  3.693625121226E-04,  3.597977991441E+03,  3.599999999330E+03,  8.019444184023E+02,  1.036663995992E+05,  9.918599818371E+02,  9.305230990533E-01,NaN,NaN,  1.058980266085E-02,  2.042477878174E+15,  3.306401017229E+19,  1.033921907409E+20,  6.117546634812E+17,  8.232904043014E+20,  6.739085430256E+19,  1.052196068052E+13,  1.093303006000E+02,  2.646548699657E+01,  7.286481158005E+01,NaN,  9.999999999658E+00,NaN,  2.023748571684E-06,  3.387625916465E-02,NaN,  3.504050000000E+06,  4.266428406911E-07
  5.032743673993E-04,  3.597609159874E+03,  3.599999998932E+03,  1.002692109455E+03,  1.036047423904E+05,  9.918599818371E+02,  9.305230988851E-01,NaN,NaN,  1.001456374148E-02,  2.042477883232E+15,  3.306401016774E+19,  1.033921907454E+20,  6.117546650760E+17,  8.232904042960E+20,  6.739085430555E+19,  1.052196068052E+13,  1.093303006093E+02,  2.646548700280E+01,  7.286481158321E+01,NaN,  9.999999999535E+00,NaN,  2.023748571684E-06,  3.387625916408E-02,NaN,  3.504050000000E+06,  4.266428408068E-07
  6.371862226760E-04,  3.597241296801E+03,  3.599999998442E+03,  1.213500945008E+03,  1.035432773391E+05,  9.918599818371E+02,  9.305230986785E-01,NaN,NaN,  9.548032855554E-03,  2.042477889444E+15,  3.306401016217E+19,  1.033921907509E+20,  6.117546670350E+17,  8.232904042894E+20,  6.739085430937E+19,  1.052196094895E+13,  1.093303006207E+02,  2.646548701045E+01,  7.286481158709E+01,NaN,  9.999999999413E+00,NaN,  2.023748623312E-06,  3.387625916336E-02,NaN,  3.504050000000E+06,  4.266428409490E-07
  7.710980779527E-04,  3.596874436710E+03,  3.599999997857E+03,  1.433302331463E+03,  1.034820099531E+05,  9.918599818371E+02,  9.305230984317E-01,NaN,NaN,  9.158819132859E-03,  2.042477896866E+15,  3.306401015550E+19,  1.033921907575E+20,  6.117546693754E+17,  8.232904042816E+20,  6.739085431406E+19,  1.052196068052E+13,  1.093303006344E+02,  2.646548701960E+01,  7.286481159174E+01,NaN,  9.999999999291E+00,NaN,  2.023748571684E-06,  3.387625916250E-02,NaN,  3.504050000000E+06,  4.266428411188E-07
  9.050099332294E-04,  3.596508610040E+03,  3.599999997173E+03,  1.661235297963E+03,  1.034209450534E+05,  9.918599818371E+02,  9.305230981430E-01,NaN,NaN,  8.827061389513E-03,  2.042477905545E+15,  3.306401014772E+19,  1.033921907652E+20,  6.117546721123E+17,  8.232904042724E+20,  6.739085431964E+19,  1.052196068052E+13,  1.093303006504E+02,  2.646548703030E+01,  7.286481159719E+01,NaN,  9.999999999169E+00,NaN,  2.023748571684E-06,  3.387625916149E-02,NaN,  3.504050000000E+06,  4.266428413174E-07
  1.038921788506E-03,  3.596143844178E+03,  3.599999996386E+03,  1.896586688714E+03,  1.033600869437E+05,  9.918599818371E+02,  9.305230978111E-01,NaN,NaN,  8.539466912342E-03,  2.042477915526E+15,  3.306401013876E+19,  1.033921907741E+20,  6.117546752595E+17,  8.232904042619E+20,  6.739085432617E+19,  1.052196094895E+13,  1.093303006688E+02,  2.646548704260E+01,  7.286481160345E+01,NaN,  9.999999999046E+00,NaN,  2.023748623312E-06,  3.387625916032E-02,NaN,  3.504050000000E+06,  4.266428415458E-07
  1.172833643783E-03,  3.595780164099E+03,  3.599999995494E+03,  2.138752873876E+03,  1.032994395173E+05,  9.918599818371E+02,  9.305230974346E-01,NaN,NaN,  8.286741341453E-03,  2.042477926847E+15,  3.306401012861E+19,  1.033921907842E+20,  6.117546788295E+17,  8.232904042501E+20,  6.739085433365E+19,  1.052196094895E+13,  1.093303006898E+02,  2.646548705655E+01,  7.286481161056E+01,NaN,  9.999999998924E+00,NaN,  2.023748623312E-06,  3.387625915899E-02,NaN,  3.504050000000E+06,  4.266428418049E-07
  1.306745499059E-03,  3.595417592758E+03,  3.599999994493E+03,  2.387214012666E+03,  1.032390063237E+05,  9.918599818371E+02,  9.305230970122E-01,NaN,NaN,  8.062154119027E-03,  2.042477939546E+15,  3.306401011722E+19,  1.033921907955E+20,  6.117546828338E+17,  8.232904042368E+20,  6.739085434212E+19,  1.052196068052E+13,  1.093303007133E+02,  2.646548707221E+01,  7.286481161853E+01,NaN,  9.999999998802E+00,NaN,  2.023748571684E-06,  3.387625915749E-02,NaN,  3.504050000000E+06,  4.266428420955E-07
  1.440657354336E-03,  3.595056151358E+03,  3.599999993381E+03,  2.641516048784E+03,  1.031787906143E+05,  9.918599818371E+02,  9.305230965430E-01,NaN,NaN,  7.860689131395E-03,  2.042477953657E+15,  3.306401010457E+19,  1.033921908081E+20,  6.117546872833E+17,  8.232904042220E+20,  6.739085435161E+19,  1.052196068052E+13,  1.093303007394E+02,  2.646548708960E+01,  7.286481162740E+01,NaN,  9.999999998680E+00,NaN,  2.023748571684E-06,  3.387625915583E-02,NaN,  3.504050000000E+06,  4.266428424184E-07
  1.574569209613E-03,  3.594695859549E+03,  3.599999992155E+03,  2.901257690877E+03,  1.031187953761E+05,  9.918599818371E+02,  9.305230960257E-01,NaN,NaN,  7.678517153098E-03,  2.042477969211E+15,  3.306401009063E+19,  1.033921908220E+20,  6.117546921878E+17,  8.232904042058E+20,  6.739085436213E+19,  1.052196094895E+13,  1.093303007683E+02,  2.646548710878E+01,  7.286481163718E+01,NaN,  9.999999998557E+00,NaN,  2.023748623312E-06,  3.387625915399E-02,NaN,  3.504050000000E+06,  4.266428427743E-07
  1.708481064890E-03,  3.594336735598E+03,  3.599999990813E+03,  3.166080735361E+03,  1.030590233609E+05,  9.918599818371E+02,  9.305230954595E-01,NaN,NaN,  7.512654885026E-03,  2.042477986237E+15,  3.306401007537E+19,  1.033921908372E+20,  6.117546975567E+17,  8.232904041880E+20,  6.739085437371E+19,  1.052196094895E+13,  1.093303007998E+02,  2.646548712977E+01,  7.286481164788E+01,NaN,  9.999999998435E+00,NaN,  2.023748623312E-06,  3.387625915197E-02,NaN,  3.504050000000E+06,  4.266428431639E-07
  1.842392920166E-03,  3.593978796530E+03,  3.599999989353E+03,  3.435662706335E+03,  1.029994771092E+05,  9.918599818371E+02,  9.305230948434E-01,NaN,NaN,  7.360737074170E-03,  2.042478004764E+15,  3.306401005876E+19,  1.033921908537E+20,  6.117547033986E+17,  8.232904041687E+20,  6.739085438636E+19,  1.052196041210E+13,  1.093303008342E+02,  2.646548715261E+01,  7.286481165953E+01,NaN,  9.999999998313E+00,NaN,  2.023748520056E-06,  3.387625914977E-02,NaN,  3.504050000000E+06,  4.266428435878E-07
  1.976304775443E-03,  3.593622058245E+03,  3.599999987772E+03,  3.709711147486E+03,  1.029401589703E+05,  9.918599818371E+02,  9.305230941765E-01,NaN,NaN,  7.220859778207E-03,  2.042478024817E+15,  3.306401004079E+19,  1.033921908716E+20,  6.117547097218E+17,  8.232904041478E+20,  6.739085440011E+19,  1.052196068052E+13,  1.093303008714E+02,  2.646548717733E+01,  7.286481167215E+01,NaN,  9.999999998191E+00,NaN,  2.023748571684E-06,  3.387625914739E-02,NaN,  3.504050000000E+06,  4.266428440466E-07
  2.186007493964E-03,  3.593065862283E+03,  3.599999985051E+03,  4.147208232517E+03,  1.028477316189E+05,  9.918599818371E+02,  9.305230930283E-01,NaN,NaN,  7.022390484086E-03,  2.042478059343E+15,  3.306401000985E+19,  1.033921909024E+20,  6.117547206086E+17,  8.232904041118E+20,  6.739085442388E+19,  1.052196068052E+13,  1.093303009355E+02,  2.646548721990E+01,  7.286481169387E+01,NaN,  9.999999997999E+00,NaN,  2.023748571684E-06,  3.387625914328E-02,NaN,  3.504050000000E+06,  4.266428448366E-07
  2.395710212484E-03,  3.592512699849E+03,  3.599999982023E+03,  4.594089030286E+03,  1.027558765468E+05,  9.918599818371E+02,  9.305230917508E-01,NaN,NaN,  6.845009952000E-03,  2.042478097757E+15,  3.306400997542E+19,  1.033921909367E+20,  6.117547327215E+17,  8.232904040719E+20,  6.739085445044E+19,  1.052196041210E+13,  1.093303010069E+02,  2.646548726727E+01,  7.286481171804E+01,NaN,  9.999999997808E+00,NaN,  2.023748520056E-06,  3.387625913871E-02,NaN,  3.504050000000E+06,  4.266428457156E-07
  2.605412931005E-03,  3.591962618883E+03,  3.599999978683E+03,  5.049538483318E+03,  1.026646005470E+05,  9.918599818371E+02,  9.305230903414E-01,NaN,NaN,  6.685147814913E-03,  2.042478140139E+15,  3.306400993745E+19,  1.033921909746E+20,  6.117547460854E+17,  8.232904040278E+20,  6.739085447985E+19,  1.052196068052E+13,  1.093303010856E+02,  2.646548731952E+01,  7.286481174471E+01,NaN,  9.999999997616E+00,NaN,  2.023748571684E-06,  3.387625913366E-02,NaN,  3.504050000000E+06,  4.266428466854E-07
  2.815115649526E-03,  3.591415662575E+03,  3.599999975024E+03,  5.512828654852E+03,  1.025739096094E+05,  9.918599818371E+02,  9.305230887976E-01,NaN,NaN,  6.540038616065E-03,  2.042478186560E+15,  3.306400989585E+19,  1.033921910160E+20,  6.117547607230E+17,  8.232904039796E+20,  6.739085451216E+19,  1.052196014367E+13,  1.093303011719E+02,  2.646548737676E+01,  7.286481177393E+01,NaN,  9.999999997425E+00,NaN,  2.023748468429E-06,  3.387625912812E-02,NaN,  3.504050000000E+06,  4.266428477476E-07
  3.221987953449E-03,  3.590363496799E+03,  3.599999966998E+03,  6.431680293907E+03,  1.023996363433E+05,  9.918599818371E+02,  9.305230854111E-01,NaN,NaN,  6.292783998541E-03,  2.042478288393E+15,  3.306400980461E+19,  1.033921911070E+20,  6.117547928331E+17,  8.232904038738E+20,  6.739085458329E+19,  1.052196014367E+13,  1.093303013612E+02,  2.646548750232E+01,  7.286481183804E+01,NaN,  9.999999997054E+00,NaN,  2.023748468429E-06,  3.387625911595E-02,NaN,  3.504050000000E+06,  4.266428500776E-07
  3.498859133493E-03,  3.589654449375E+03,  3.599999960823E+03,  7.070276935317E+03,  1.022823331121E+05,  9.918599818371E+02,  9.305230828056E-01,NaN,NaN,  6.145607658528E-03,  2.042478366741E+15,  3.306400973442E+19,  1.033921911770E+20,  6.117548175382E+17,  8.232904037925E+20,  6.739085463818E+19,  1.052196014367E+13,  1.093303015069E+02,  2.646548759893E+01,  7.286481188737E+01,NaN,  9.999999996801E+00,NaN,  2.023748468429E-06,  3.387625910658E-02,NaN,  3.504050000000E+06,  4.266428518704E-07
  3.775730313536E-03,  3.588951099070E+03,  3.599999954060E+03,  7.718332821309E+03,  1.021660823582E+05,  9.918599818371E+02,  9.305230799518E-01,NaN,NaN,  6.012333496236E-03,  2.042478452558E+15,  3.306400965753E+19,  1.033921912537E+20,  6.117548445980E+17,  8.232904037035E+20,  6.739085469844E+19,  1.052195987525E+13,  1.093303016665E+02,  2.646548770475E+01,  7.286481194141E+01,NaN,  9.999999996548E+00,NaN,  2.023748416801E-06,  3.387625909631E-02,NaN,  3.504050000000E+06,  4.266428538340E-07
  4.052601493579E-03,  3.588253505267E+03,  3.599999946699E+03,  8.374821506595E+03,  1.020508911396E+05,  9.918599818371E+02,  9.305230768461E-01,NaN,NaN,  5.890878268745E-03,  2.042478545947E+15,  3.306400957387E+19,  1.033921913371E+20,  6.117548740454E+17,  8.232904036067E+20,  6.739085476413E+19,  1.052195987525E+13,  1.093303018402E+02,  2.646548781991E+01,  7.286481200023E+01,NaN,  9.999999996295E+00,NaN,  2.023748416801E-06,  3.387625908513E-02,NaN,  3.504050000000E+06,  4.266428559708E-07
  4.329472673622E-03,  3.587561719901E+03,  3.599999938735E+03,  9.038812825330E+03,  1.019367652753E+05,  9.918599818371E+02,  9.305230734856E-01,NaN,NaN,  5.779577485778E-03,  2.042478647000E+15,  3.306400948334E+19,  1.033921914275E+20,  6.117549059095E+17,  8.232904035019E+20,  6.739085483531E+19,  1.052195960682E+13,  1.093303020282E+02,  2.646548794452E+01,  7.286481206388E+01,NaN,  9.999999996043E+00,NaN,  2.023748365173E-06,  3.387625907302E-02,NaN,  3.504050000000E+06,  4.266428582830E-07
  4.606343853665E-03,  3.586875788036E+03,  3.599999930160E+03,  9.709459044980E+03,  1.018237094469E+05,  9.918599818371E+02,  9.305230698675E-01,NaN,NaN,  5.677082179806E-03,  2.042478755799E+15,  3.306400938588E+19,  1.033921915247E+20,  6.117549402163E+17,  8.232904033891E+20,  6.739085491206E+19,  1.052195933840E+13,  1.093303022306E+02,  2.646548807868E+01,  7.286481213241E+01,NaN,  9.999999995790E+00,NaN,  2.023748313545E-06,  3.387625905999E-02,NaN,  3.504050000000E+06,  4.266428607725E-07
  4.883215033709E-03,  3.586195748546E+03,  3.599999920969E+03,  1.038598363444E+04,  1.017117273161E+05,  9.918599818371E+02,  9.305230659893E-01,NaN,NaN,  5.582285339258E-03,  2.042478872418E+15,  3.306400928141E+19,  1.033921916289E+20,  6.117549769886E+17,  8.232904032683E+20,  6.739085499442E+19,  1.052195933840E+13,  1.093303024476E+02,  2.646548822249E+01,  7.286481220587E+01,NaN,  9.999999995537E+00,NaN,  2.023748313545E-06,  3.387625904601E-02,NaN,  3.504050000000E+06,  4.266428634409E-07
  5.160086213752E-03,  3.585521634706E+03,  3.599999911156E+03,  1.106767214707E+04,  1.016008216278E+05,  9.918599818371E+02,  9.305230618490E-01,NaN,NaN,  5.494268377600E-03,  2.042478996921E+15,  3.306400916988E+19,  1.033921917402E+20,  6.117550162468E+17,  8.232904031393E+20,  6.739085508243E+19,  1.052195906997E+13,  1.093303026793E+02,  2.646548837602E+01,  7.286481228430E+01,NaN,  9.999999995284E+00,NaN,  2.023748261917E-06,  3.387625903107E-02,NaN,  3.504050000000E+06,  4.266428662897E-07
  5.602736620401E-03,  3.584456267292E+03,  3.599999894167E+03,  1.216662943939E+04,  1.014257508066E+05,  9.918599818371E+02,  9.305230546804E-01,NaN,NaN,  5.365761585850E-03,  2.042479212484E+15,  3.306400897679E+19,  1.033921919329E+20,  6.117550842182E+17,  8.232904029161E+20,  6.739085523499E+19,  1.052195880155E+13,  1.093303030806E+02,  2.646548864184E+01,  7.286481242010E+01,NaN,  9.999999994880E+00,NaN,  2.023748210290E-06,  3.387625900522E-02,NaN,  3.504050000000E+06,  4.266428712220E-07
  6.045387027049E-03,  3.583406206852E+03,  3.599999875563E+03,  1.327466844669E+04,  1.012534398646E+05,  9.918599818371E+02,  9.305230468308E-01,NaN,NaN,  5.250105407063E-03,  2.042479448529E+15,  3.306400876535E+19,  1.033921921439E+20,  6.117551586480E+17,  8.232904026717E+20,  6.739085540225E+19,  1.052195826469E+13,  1.093303035200E+02,  2.646548893292E+01,  7.286481256881E+01,NaN,  9.999999994476E+00,NaN,  2.023748107034E-06,  3.387625897689E-02,NaN,  3.504050000000E+06,  4.266428766230E-07
  6.488037433698E-03,  3.582371515569E+03,  3.599999855334E+03,  1.438960956442E+04,  1.010838880998E+05,  9.918599818371E+02,  9.305230382951E-01,NaN,NaN,  5.145311738966E-03,  2.042479705204E+15,  3.306400853544E+19,  1.033921923734E+20,  6.117552395826E+17,  8.232904024060E+20,  6.739085558431E+19,  1.052195772784E+13,  1.093303039978E+02,  2.646548924944E+01,  7.286481273053E+01,NaN,  9.999999994072E+00,NaN,  2.023748003779E-06,  3.387625894608E-02,NaN,  3.504050000000E+06,  4.266428824960E-07
  6.930687840347E-03,  3.581352231014E+03,  3.599999833470E+03,  1.550949989791E+04,  1.009170909077E+05,  9.918599818371E+02,  9.305230290697E-01,NaN,NaN,  5.049803722275E-03,  2.042479982618E+15,  3.306400828695E+19,  1.033921926214E+20,  6.117553270566E+17,  8.232904021188E+20,  6.739085578125E+19,  1.052195745942E+13,  1.093303045143E+02,  2.646548959154E+01,  7.286481290532E+01,NaN,  9.999999993668E+00,NaN,  2.023747952151E-06,  3.387625891276E-02,NaN,  3.504050000000E+06,  4.266428888435E-07
  7.373338246995E-03,  3.580348368974E+03,  3.599999809966E+03,  1.663258142111E+04,  1.007530402726E+05,  9.918599818371E+02,  9.305230191522E-01,NaN,NaN,  4.962311626405E-03,  2.042480280846E+15,  3.306400801982E+19,  1.033921928881E+20,  6.117554210936E+17,  8.232904018102E+20,  6.739085599313E+19,  1.052195692257E+13,  1.093303050696E+02,  2.646548995931E+01,  7.286481309324E+01,NaN,  9.999999993264E+00,NaN,  2.023747848895E-06,  3.387625887694E-02,NaN,  3.504050000000E+06,  4.266428956673E-07
  7.815988653644E-03,  3.579359925435E+03,  3.599999784817E+03,  1.775726594521E+04,  1.005917251138E+05,  9.918599818371E+02,  9.305230085410E-01,NaN,NaN,  4.881799353289E-03,  2.042480599932E+15,  3.306400773402E+19,  1.033921931734E+20,  6.117555217078E+17,  8.232904014800E+20,  6.739085621998E+19,  1.052195638572E+13,  1.093303056637E+02,  2.646549035280E+01,  7.286481329430E+01,NaN,  9.999999992860E+00,NaN,  2.023747745640E-06,  3.387625883861E-02,NaN,  3.504050000000E+06,  4.266429029683E-07
  8.258639060293E-03,  3.578386878251E+03,  3.599999758024E+03,  1.888211482506E+04,  1.004331315796E+05,  9.918599818371E+02,  9.305229972357E-01,NaN,NaN,  4.807411451924E-03,  2.042480939894E+15,  3.306400742952E+19,  1.033921934774E+20,  6.117556289043E+17,  8.232904011283E+20,  6.739085646180E+19,  1.052195558044E+13,  1.093303062968E+02,  2.646549077203E+01,  7.286481350853E+01,NaN,  9.999999992456E+00,NaN,  2.023747590756E-06,  3.387625879776E-02,NaN,  3.504050000000E+06,  4.266429107470E-07
  8.701289466941E-03,  3.577429188882E+03,  3.599999729586E+03,  2.000582193714E+04,  1.002772433468E+05,  9.918599818371E+02,  9.305229852364E-01,NaN,NaN,  4.738434204454E-03,  2.042481300722E+15,  3.306400710633E+19,  1.033921938000E+20,  6.117557426802E+17,  8.232904007550E+20,  6.739085671859E+19,  1.052195504359E+13,  1.093303069687E+02,  2.646549121700E+01,  7.286481373591E+01,NaN,  9.999999992052E+00,NaN,  2.023747487501E-06,  3.387625875440E-02,NaN,  3.504050000000E+06,  4.266429190031E-07
  9.538746780998E-03,  3.575659134697E+03,  3.599999671295E+03,  2.212452590852E+04,  9.998964937627E+04,  9.918599818371E+02,  9.305229606411E-01,NaN,NaN,  4.620675450201E-03,  2.042482040325E+15,  3.306400644389E+19,  1.033921944614E+20,  6.117559758915E+17,  8.232903999899E+20,  6.739085724529E+19,  1.052195423831E+13,  1.093303083461E+02,  2.646549212908E+01,  7.286481420199E+01,NaN,  9.999999991287E+00,NaN,  2.023747332617E-06,  3.387625866551E-02,NaN,  3.504050000000E+06,  4.266429359260E-07
  1.037620409505E-02,  3.573943363987E+03,  3.599999607162E+03,  2.422792204363E+04,  9.971152729510E+04,  9.918599818371E+02,  9.305229335804E-01,NaN,NaN,  4.516946238140E-03,  2.042482854064E+15,  3.306400571505E+19,  1.033921951890E+20,  6.117562324789E+17,  8.232903991483E+20,  6.739085782519E+19,  1.052195289619E+13,  1.093303098617E+02,  2.646549313258E+01,  7.286481471481E+01,NaN,  9.999999990523E+00,NaN,  2.023747074478E-06,  3.387625856768E-02,NaN,  3.504050000000E+06,  4.266429545452E-07
  1.121366140911E-02,  3.572281248248E+03,  3.599999537236E+03,  2.631008918503E+04,  9.944271349407E+04,  9.918599818371E+02,  9.305229040759E-01,NaN,NaN,  4.424797382074E-03,  2.042483741294E+15,  3.306400492040E+19,  1.033921959824E+20,  6.117565122393E+17,  8.232903982307E+20,  6.739085845781E+19,  1.052195128563E+13,  1.093303115142E+02,  2.646549422671E+01,  7.286481527397E+01,NaN,  9.999999989758E+00,NaN,  2.023746764712E-06,  3.387625846099E-02,NaN,  3.504050000000E+06,  4.266429748459E-07
  1.205111872317E-02,  3.570672040068E+03,  3.599999461584E+03,  2.836605430346E+04,  9.918302821750E+04,  9.918599818371E+02,  9.305228721551E-01,NaN,NaN,  4.342344164272E-03,  2.042484701181E+15,  3.306400406069E+19,  1.033921968409E+20,  6.117568149099E+17,  8.232903972381E+20,  6.739085914257E+19,  1.052194967508E+13,  1.093303133021E+02,  2.646549541045E+01,  7.286481587893E+01,NaN,  9.999999988994E+00,NaN,  2.023746454945E-06,  3.387625834555E-02,NaN,  3.504050000000E+06,  4.266429968091E-07
  1.288857603722E-02,  3.569114892337E+03,  3.599999380285E+03,  3.039165057958E+04,  9.893227876031E+04,  9.918599818371E+02,  9.305228378513E-01,NaN,NaN,  4.268108079254E-03,  2.042485732730E+15,  3.306400313679E+19,  1.033921977634E+20,  6.117571401769E+17,  8.232903961715E+20,  6.739085987875E+19,  1.052194806453E+13,  1.093303152236E+02,  2.646549668257E+01,  7.286481652906E+01,NaN,  9.999999988230E+00,NaN,  2.023746145178E-06,  3.387625822148E-02,NaN,  3.504050000000E+06,  4.266430204119E-07
  1.372603335128E-02,  3.567608875387E+03,  3.599999293426E+03,  3.238340236222E+04,  9.869026227603E+04,  9.918599818371E+02,  9.305228012019E-01,NaN,NaN,  4.200909905699E-03,  2.042486834812E+15,  3.306400214973E+19,  1.033921987490E+20,  6.117574876842E+17,  8.232903950321E+20,  6.739086066555E+19,  1.052194618555E+13,  1.093303172765E+02,  2.646549804167E+01,  7.286481722366E+01,NaN,  9.999999987465E+00,NaN,  2.023745783784E-06,  3.387625808891E-02,NaN,  3.504050000000E+06,  4.266430456287E-07
  1.456349066534E-02,  3.566152992324E+03,  3.599999201106E+03,  3.433843000285E+04,  9.845676824851E+04,  9.918599818371E+02,  9.305227622482E-01,NaN,NaN,  4.139795467495E-03,  2.042488006185E+15,  3.306400110061E+19,  1.033921997966E+20,  6.117578570404E+17,  8.232903938211E+20,  6.739086150206E+19,  1.052194430657E+13,  1.093303194586E+02,  2.646549948623E+01,  7.286481796195E+01,NaN,  9.999999986701E+00,NaN,  2.023745422389E-06,  3.387625794799E-02,NaN,  3.504050000000E+06,  4.266430724308E-07
  1.540094797939E-02,  3.564746192089E+03,  3.599999103431E+03,  3.625437072566E+04,  9.823158056248E+04,  9.918599818371E+02,  9.305227210347E-01,NaN,NaN,  4.083982832157E-03,  2.042489245518E+15,  3.306399999064E+19,  1.033922009050E+20,  6.117582478255E+17,  8.232903925399E+20,  6.739086238734E+19,  1.052194242760E+13,  1.093303217674E+02,  2.646550101460E+01,  7.286481874308E+01,NaN,  9.999999985936E+00,NaN,  2.023745060995E-06,  3.387625779889E-02,NaN,  3.504050000000E+06,  4.266431007880E-07
  1.623840529345E-02,  3.563387380386E+03,  3.599999000510E+03,  3.812931234781E+04,  9.801447920190E+04,  9.918599818371E+02,  9.305226776079E-01,NaN,NaN,  4.032823962779E-03,  2.042490551404E+15,  3.306399882106E+19,  1.033922020729E+20,  6.117586595959E+17,  8.232903911899E+20,  6.739086332037E+19,  1.052194028019E+13,  1.093303242001E+02,  2.646550262504E+01,  7.286481956616E+01,NaN,  9.999999985172E+00,NaN,  2.023744647973E-06,  3.387625764176E-02,NaN,  3.504050000000E+06,  4.266431306679E-07
  1.707586260751E-02,  3.562075429085E+03,  3.599998892459E+03,  3.996173685596E+04,  9.780524168328E+04,  9.918599818371E+02,  9.305226320167E-01,NaN,NaN,  3.985776362689E-03,  2.042491922375E+15,  3.306399759319E+19,  1.033922032990E+20,  6.117590918889E+17,  8.232903897727E+20,  6.739086430010E+19,  1.052193786436E+13,  1.093303267542E+02,  2.646550431575E+01,  7.286482043028E+01,NaN,  9.999999984407E+00,NaN,  2.023744183323E-06,  3.387625747679E-02,NaN,  3.504050000000E+06,  4.266431620371E-07
  1.875077723562E-02,  3.559587475307E+03,  3.599998661450E+03,  4.349464663065E+04,  9.740946323905E+04,  9.918599818371E+02,  9.305225345439E-01,NaN,NaN,  3.902249930722E-03,  2.042494853480E+15,  3.306399496806E+19,  1.033922059206E+20,  6.117600161218E+17,  8.232903867430E+20,  6.739086639530E+19,  1.052193303271E+13,  1.093303322149E+02,  2.646550793046E+01,  7.286482227777E+01,NaN,  9.999999982878E+00,NaN,  2.023743254023E-06,  3.387625712407E-02,NaN,  3.504050000000E+06,  4.266432291036E-07
  2.042569186373E-02,  3.557272923814E+03,  3.599998411387E+03,  4.684713341807E+04,  9.704245947989E+04,  9.918599818371E+02,  9.305224290313E-01,NaN,NaN,  3.830480857893E-03,  2.042498026349E+15,  3.306399212641E+19,  1.033922087583E+20,  6.117610165873E+17,  8.232903834635E+20,  6.739086866397E+19,  1.052192793263E+13,  1.093303381261E+02,  2.646551184333E+01,  7.286482427767E+01,NaN,  9.999999981349E+00,NaN,  2.023742273095E-06,  3.387625674222E-02,NaN,  3.504050000000E+06,  4.266433017020E-07
  2.210060649185E-02,  3.555122266843E+03,  3.599998143275E+03,  5.001698968369E+04,  9.670246887610E+04,  9.918599818371E+02,  9.305223159036E-01,NaN,NaN,  3.768293178134E-03,  2.042501428217E+15,  3.306398907968E+19,  1.033922118010E+20,  6.117620892604E+17,  8.232903799476E+20,  6.739087109696E+19,  1.052192229569E+13,  1.093303444641E+02,  2.646551603861E+01,  7.286482642194E+01,NaN,  9.999999979820E+00,NaN,  2.023741188911E-06,  3.387625633277E-02,NaN,  3.504050000000E+06,  4.266433795400E-07
  2.377552111996E-02,  3.553126043619E+03,  3.599997858126E+03,  5.300489177313E+04,  9.638777385407E+04,  9.918599818371E+02,  9.305221955867E-01,NaN,NaN,  3.714027410342E-03,  2.042505046267E+15,  3.306398583935E+19,  1.033922150370E+20,  6.117632301003E+17,  8.232903762083E+20,  6.739087368508E+19,  1.052191639033E+13,  1.093303512050E+02,  2.646552050050E+01,  7.286482870250E+01,NaN,  9.999999978292E+00,NaN,  2.023740053100E-06,  3.387625589728E-02,NaN,  3.504050000000E+06,  4.266434623246E-07
  2.545043574807E-02,  3.551274952710E+03,  3.599997556938E+03,  5.581371003671E+04,  9.609671482030E+04,  9.918599818371E+02,  9.305220685027E-01,NaN,NaN,  3.666391960438E-03,  2.042508867814E+15,  3.306398241677E+19,  1.033922184550E+20,  6.117644351065E+17,  8.232903722589E+20,  6.739087641921E+19,  1.052191021655E+13,  1.093303583252E+02,  2.646552521335E+01,  7.286483111135E+01,NaN,  9.999999976763E+00,NaN,  2.023738865661E-06,  3.387625543727E-02,NaN,  3.504050000000E+06,  4.266435497654E-07
  2.712535037619E-02,  3.549559935747E+03,  3.599997240692E+03,  5.844796115650E+04,  9.582769972492E+04,  9.918599818371E+02,  9.305219350647E-01,NaN,NaN,  3.624363905530E-03,  2.042512880433E+15,  3.306397882309E+19,  1.033922220440E+20,  6.117657003616E+17,  8.232903681121E+20,  6.739087929044E+19,  1.052190350591E+13,  1.093303658015E+02,  2.646553016185E+01,  7.286483364066E+01,NaN,  9.999999975234E+00,NaN,  2.023737574966E-06,  3.387625495424E-02,NaN,  3.504050000000E+06,  4.266436415781E-07
  2.880026500430E-02,  3.547972238543E+03,  3.599996910337E+03,  6.091337119133E+04,  9.557921022451E+04,  9.918599818371E+02,  9.305217956738E-01,NaN,NaN,  3.587120812150E-03,  2.042517072061E+15,  3.306397506908E+19,  1.033922257931E+20,  6.117670220618E+17,  8.232903637804E+20,  6.739088229013E+19,  1.052189679528E+13,  1.093303736114E+02,  2.646553533111E+01,  7.286483628281E+01,NaN,  9.999999973705E+00,NaN,  2.023736284272E-06,  3.387625444965E-02,NaN,  3.504050000000E+06,  4.266437374867E-07
  3.047517963241E-02,  3.546503454314E+03,  3.599996566791E+03,  6.321652615571E+04,  9.534980525899E+04,  9.918599818371E+02,  9.305216507168E-01,NaN,NaN,  3.553992698873E-03,  2.042521431070E+15,  3.306397116519E+19,  1.033922296920E+20,  6.117683965405E+17,  8.232903592758E+20,  6.739088540991E+19,  1.052188954779E+13,  1.093303817332E+02,  2.646554070679E+01,  7.286483903049E+01,NaN,  9.999999972176E+00,NaN,  2.023734890322E-06,  3.387625392488E-02,NaN,  3.504050000000E+06,  4.266438372252E-07
  3.301431487405E-02,  3.544485749568E+03,  3.599996022776E+03,  6.641475414982E+04,  9.503540610187E+04,  9.918599818371E+02,  9.305214211734E-01,NaN,NaN,  3.510411962829E-03,  2.042528333682E+15,  3.306396498326E+19,  1.033922358660E+20,  6.117705730667E+17,  8.232903521429E+20,  6.739089035073E+19,  1.052187827393E+13,  1.093303945945E+02,  2.646554921935E+01,  7.286484338155E+01,NaN,  9.999999969858E+00,NaN,  2.023732721955E-06,  3.387625309387E-02,NaN,  3.504050000000E+06,  4.266439951640E-07
  3.555345011568E-02,  3.542696729231E+03,  3.599995453332E+03,  6.928299107393E+04,  9.475735480201E+04,  9.918599818371E+02,  9.305211809005E-01,NaN,NaN,  3.473502478682E-03,  2.042535558944E+15,  3.306395851239E+19,  1.033922423285E+20,  6.117728513312E+17,  8.232903446767E+20,  6.739089552306E+19,  1.052186646321E+13,  1.093304080571E+02,  2.646555812982E+01,  7.286484793601E+01,NaN,  9.999999967540E+00,NaN,  2.023730450332E-06,  3.387625222399E-02,NaN,  3.504050000000E+06,  4.266441604854E-07
  3.809258535732E-02,  3.541112277612E+03,  3.599994861115E+03,  7.184818097510E+04,  9.451165624901E+04,  9.918599818371E+02,  9.305209310185E-01,NaN,NaN,  3.442075322645E-03,  2.042543073162E+15,  3.306395178275E+19,  1.033922490496E+20,  6.117752207098E+17,  8.232903369120E+20,  6.739090090273E+19,  1.052185411564E+13,  1.093304220582E+02,  2.646556739665E+01,  7.286485267263E+01,NaN,  9.999999965222E+00,NaN,  2.023728075454E-06,  3.387625131930E-02,NaN,  3.504050000000E+06,  4.266443324186E-07
  4.063172059895E-02,  3.539710384358E+03,  3.599994248555E+03,  7.413694488950E+04,  9.429470242385E+04,  9.918599818371E+02,  9.305206725529E-01,NaN,NaN,  3.415196431489E-03,  2.042550845499E+15,  3.306394482194E+19,  1.033922560016E+20,  6.117776714794E+17,  8.232903288807E+20,  6.739090646762E+19,  1.052184176808E+13,  1.093304365404E+02,  2.646557698181E+01,  7.286485757198E+01,NaN,  9.999999962904E+00,NaN,  2.023725700576E-06,  3.387625038350E-02,NaN,  3.504050000000E+06,  4.266445102579E-07
  4.317085584058E-02,  3.538471075176E+03,  3.599993617862E+03,  7.617495640528E+04,  9.410324884861E+04,  9.918599818371E+02,  9.305204064364E-01,NaN,NaN,  3.392121131090E-03,  2.042558847907E+15,  3.306393765509E+19,  1.033922631594E+20,  6.117801947959E+17,  8.232903206118E+20,  6.739091219760E+19,  1.052182834681E+13,  1.093304514514E+02,  2.646558685072E+01,  7.286486261638E+01,NaN,  9.999999960587E+00,NaN,  2.023723119187E-06,  3.387624941998E-02,NaN,  3.504050000000E+06,  4.266446933616E-07
  4.570999108222E-02,  3.537376307289E+03,  3.599992971038E+03,  7.798654519727E+04,  9.393438795584E+04,  9.918599818371E+02,  9.305201335133E-01,NaN,NaN,  3.372248213844E-03,  2.042567055002E+15,  3.306393030494E+19,  1.033922705003E+20,  6.117827826550E+17,  8.232903121315E+20,  6.739091807445E+19,  1.052181519396E+13,  1.093304667439E+02,  2.646559697206E+01,  7.286486778982E+01,NaN,  9.999999958269E+00,NaN,  2.023720589426E-06,  3.387624843181E-02,NaN,  3.504050000000E+06,  4.266448811489E-07
  4.957535158461E-02,  3.535951129925E+03,  3.599991959407E+03,  8.036043528994E+04,  9.371493094995E+04,  9.918599818371E+02,  9.305197066624E-01,NaN,NaN,  3.347063550052E-03,  2.042579890871E+15,  3.306391880933E+19,  1.033922819815E+20,  6.117868300604E+17,  8.232902988684E+20,  6.739092726634E+19,  1.052179398836E+13,  1.093304906613E+02,  2.646561280182E+01,  7.286487588107E+01,NaN,  9.999999954740E+00,NaN,  2.023716510831E-06,  3.387624688627E-02,NaN,  3.504050000000E+06,  4.266451748479E-07
  5.344071208700E-02,  3.534773740907E+03,  3.599990920083E+03,  8.233457741463E+04,  9.353393990078E+04,  9.918599818371E+02,  9.305192681267E-01,NaN,NaN,  3.326817980232E-03,  2.042593078124E+15,  3.306390699905E+19,  1.033922937770E+20,  6.117909882666E+17,  8.232902852424E+20,  6.739093671037E+19,  1.052177251432E+13,  1.093305152337E+02,  2.646562906494E+01,  7.286488419386E+01,NaN,  9.999999951212E+00,NaN,  2.023712380609E-06,  3.387624529840E-02,NaN,  3.504050000000E+06,  4.266454765873E-07
  5.730607258939E-02,  3.533802043640E+03,  3.599989857756E+03,  8.397245693352E+04,  9.338477597989E+04,  9.918599818371E+02,  9.305188198849E-01,NaN,NaN,  3.310476189911E-03,  2.042606557249E+15,  3.306389492737E+19,  1.033923058335E+20,  6.117952385087E+17,  8.232902713149E+20,  6.739094636384E+19,  1.052175023502E+13,  1.093305403501E+02,  2.646564568803E+01,  7.286489269064E+01,NaN,  9.999999947683E+00,NaN,  2.023708095503E-06,  3.387624367536E-02,NaN,  3.504050000000E+06,  4.266457850055E-07
  6.117143309178E-02,  3.533000754448E+03,  3.599988776362E+03,  8.532878741247E+04,  9.326190895639E+04,  9.918599818371E+02,  9.305183635982E-01,NaN,NaN,  3.297242355966E-03,  2.042620278300E+15,  3.306388263904E+19,  1.033923181066E+20,  6.117995650382E+17,  8.232902571375E+20,  6.739095619092E+19,  1.052172795571E+13,  1.093305659173E+02,  2.646566260949E+01,  7.286490133995E+01,NaN,  9.999999944155E+00,NaN,  2.023703810397E-06,  3.387624202317E-02,NaN,  3.504050000000E+06,  4.266460989596E-07
  6.503679359417E-02,  3.532340416174E+03,  3.599987679191E+03,  8.645024614807E+04,  9.316074502336E+04,  9.918599818371E+02,  9.305179006544E-01,NaN,NaN,  3.286497347669E-03,  2.042634199538E+15,  3.306387017143E+19,  1.033923305586E+20,  6.118039546937E+17,  8.232902427533E+20,  6.739096616165E+19,  1.052170513955E+13,  1.093305918576E+02,  2.646567977785E+01,  7.286491011545E+01,NaN,  9.999999940627E+00,NaN,  2.023699422035E-06,  3.387624034686E-02,NaN,  3.504050000000E+06,  4.266464174947E-07
  6.890215409656E-02,  3.531796511735E+03,  3.599986568983E+03,  8.737634856135E+04,  9.307747651012E+04,  9.918599818371E+02,  9.305174322099E-01,NaN,NaN,  3.277754737513E-03,  2.042648286194E+15,  3.306385755568E+19,  1.033923431587E+20,  6.118083965122E+17,  8.232902281983E+20,  6.739097625108E+19,  1.052168205497E+13,  1.093306181063E+02,  2.646569715023E+01,  7.286491899524E+01,NaN,  9.999999937098E+00,NaN,  2.023694982046E-06,  3.387623865062E-02,NaN,  3.504050000000E+06,  4.266467398152E-07
  7.276751459895E-02,  3.531348686608E+03,  3.599985448016E+03,  8.814034626113E+04,  9.300895288716E+04,  9.918599818371E+02,  9.305169592252E-01,NaN,NaN,  3.270629287709E-03,  2.042662509383E+15,  3.306384481765E+19,  1.033923558809E+20,  6.118128813858E+17,  8.232902135022E+20,  6.739098643849E+19,  1.052165897038E+13,  1.093306446094E+02,  2.646571469101E+01,  7.286492796111E+01,NaN,  9.999999933570E+00,NaN,  2.023690542056E-06,  3.387623693792E-02,NaN,  3.504050000000E+06,  4.266470652601E-07
  7.663287510134E-02,  3.530980076079E+03,  3.599984318175E+03,  8.877008794477E+04,  9.295257101126E+04,  9.918599818371E+02,  9.305164824965E-01,NaN,NaN,  3.264813897492E-03,  2.042676845161E+15,  3.306383197880E+19,  1.033923687038E+20,  6.118174017641E+17,  8.232901986899E+20,  6.739099670670E+19,  1.052163534895E+13,  1.093306713223E+02,  2.646573237066E+01,  7.286493699796E+01,NaN,  9.999999930041E+00,NaN,  2.023685998812E-06,  3.387623521166E-02,NaN,  3.504050000000E+06,  4.266473932817E-07
  8.049823560373E-02,  3.530676729566E+03,  3.599983181022E+03,  8.928881011168E+04,  9.290618243879E+04,  9.918599818371E+02,  9.305160026828E-01,NaN,NaN,  3.260062439556E-03,  2.042691273710E+15,  3.306381905686E+19,  1.033923816097E+20,  6.118219513989E+17,  8.232901837817E+20,  6.739100704149E+19,  1.052161199594E+13,  1.093306982082E+02,  2.646575016473E+01,  7.286494609329E+01,NaN,  9.999999926513E+00,NaN,  2.023681507195E-06,  3.387623347422E-02,NaN,  3.504050000000E+06,  4.266477234265E-07
  8.629627635732E-02,  3.530319430116E+03,  3.599981464346E+03,  8.990010214493E+04,  9.285154859286E+04,  9.918599818371E+02,  9.305152783429E-01,NaN,NaN,  3.254507356340E-03,  2.042713055456E+15,  3.306379954955E+19,  1.033924010928E+20,  6.118288196620E+17,  8.232901612759E+20,  6.739102264337E+19,  1.052157629536E+13,  1.093307387960E+02,  2.646577702720E+01,  7.286495982386E+01,NaN,  9.999999921220E+00,NaN,  2.023674640699E-06,  3.387623085132E-02,NaN,  3.504050000000E+06,  4.266482218232E-07
  9.209431711090E-02,  3.530052752888E+03,  3.599979737516E+03,  9.035625314277E+04,  9.281076621359E+04,  9.918599818371E+02,  9.305145497189E-01,NaN,NaN,  3.250393030085E-03,  2.042734966034E+15,  3.306377992686E+19,  1.033924206912E+20,  6.118357285570E+17,  8.232901386369E+20,  6.739103833772E+19,  1.052154005794E+13,  1.093307796238E+02,  2.646580404859E+01,  7.286497363566E+01,NaN,  9.999999915927E+00,NaN,  2.023667670949E-06,  3.387622821290E-02,NaN,  3.504050000000E+06,  4.266487231689E-07
  9.789235786449E-02,  3.529853677528E+03,  3.599978003114E+03,  9.069636980953E+04,  9.278030901650E+04,  9.918599818371E+02,  9.305138178994E-01,NaN,NaN,  3.247342402751E-03,  2.042756972715E+15,  3.306376021811E+19,  1.033924403756E+20,  6.118426677628E+17,  8.232901158987E+20,  6.739105410105E+19,  1.052150435736E+13,  1.093308206309E+02,  2.646583118854E+01,  7.286498750804E+01,NaN,  9.999999910635E+00,NaN,  2.023660804454E-06,  3.387622556289E-02,NaN,  3.504050000000E+06,  4.266492267146E-07
  1.036903986181E-01,  3.529705001558E+03,  3.599976263066E+03,  9.094981146079E+04,  9.275754532179E+04,  9.918599818371E+02,  9.305130836980E-01,NaN,NaN,  3.245078726306E-03,  2.042779051031E+15,  3.306374044520E+19,  1.033924601240E+20,  6.118496295648E+17,  8.232900930865E+20,  6.739106991580E+19,  1.052146838836E+13,  1.093308617715E+02,  2.646585841688E+01,  7.286500142558E+01,NaN,  9.999999905342E+00,NaN,  2.023653886331E-06,  3.387622290425E-02,NaN,  3.504050000000E+06,  4.266497319005E-07
  1.094884393717E-01,  3.529593883446E+03,  3.599974518812E+03,  9.113856972341E+04,  9.274051249546E+04,  9.918599818371E+02,  9.305123477221E-01,NaN,NaN,  3.243398151117E-03,  2.042801182715E+15,  3.306372062450E+19,  1.033924799202E+20,  6.118566082032E+17,  8.232900702191E+20,  6.739108576888E+19,  1.052143215093E+13,  1.093309030115E+02,  2.646588571107E+01,  7.286501537677E+01,NaN,  9.999999900049E+00,NaN,  2.023646916580E-06,  3.387622023917E-02,NaN,  3.504050000000E+06,  4.266502383087E-07
  1.152864801252E-01,  3.529510744487E+03,  3.599972771427E+03,  9.127909002871E+04,  9.272774762958E+04,  9.918599818371E+02,  9.305116104250E-01,NaN,NaN,  3.242150125006E-03,  2.042823354142E+15,  3.306370076820E+19,  1.033924997519E+20,  6.118635993811E+17,  8.232900473107E+20,  6.739110165049E+19,  1.052139591350E+13,  1.093309443257E+02,  2.646591305431E+01,  7.286502935301E+01,NaN,  9.999999894757E+00,NaN,  2.023639946829E-06,  3.387621756930E-02,NaN,  3.504050000000E+06,  4.266507456272E-07
  1.210845208788E-01,  3.529448443860E+03,  3.599971021711E+03,  9.138365522751E+04,  9.271816072682E+04,  9.918599818371E+02,  9.305108721443E-01,NaN,NaN,  3.241223238874E-03,  2.042845555150E+15,  3.306368088542E+19,  1.033925196100E+20,  6.118705998949E+17,  8.232900243716E+20,  6.739111755335E+19,  1.052135940765E+13,  1.093309856951E+02,  2.646594043408E+01,  7.286504334790E+01,NaN,  9.999999889464E+00,NaN,  2.023632925451E-06,  3.387621489587E-02,NaN,  3.504050000000E+06,  4.266512536238E-07
  1.297976883133E-01,  3.529382709295E+03,  3.599968389161E+03,  9.149264089816E+04,  9.270800622790E+04,  9.918599818371E+02,  9.305097613578E-01,NaN,NaN,  3.240259025510E-03,  2.042878957889E+15,  3.306365097059E+19,  1.033925494879E+20,  6.118811325996E+17,  8.232899898584E+20,  6.739114148024E+19,  1.052130491730E+13,  1.093310479378E+02,  2.646598162863E+01,  7.286506440405E+01,NaN,  9.999999881510E+00,NaN,  2.023622445011E-06,  3.387621087352E-02,NaN,  3.504050000000E+06,  4.266520179369E-07
  1.385108557477E-01,  3.529339673829E+03,  3.599965754080E+03,  9.156241507189E+04,  9.270131227938E+04,  9.918599818371E+02,  9.305086495030E-01,NaN,NaN,  3.239643000005E-03,  2.042912392768E+15,  3.306362102697E+19,  1.033925793944E+20,  6.118916754574E+17,  8.232899553120E+20,  6.739116543024E+19,  1.052125015852E+13,  1.093311102406E+02,  2.646602286292E+01,  7.286508548047E+01,NaN,  9.999999873557E+00,NaN,  2.023611912944E-06,  3.387620684728E-02,NaN,  3.504050000000E+06,  4.266527829880E-07
  1.472240231822E-01,  3.529311206315E+03,  3.599963117378E+03,  9.160701377463E+04,  9.269683899418E+04,  9.918599818371E+02,  9.305075369648E-01,NaN,NaN,  3.239250077478E-03,  2.042945848218E+15,  3.306359106493E+19,  1.033926093194E+20,  6.119022248197E+17,  8.232899207442E+20,  6.739118939506E+19,  1.052119539974E+13,  1.093311725817E+02,  2.646606412266E+01,  7.286510656985E+01,NaN,  9.999999865603E+00,NaN,  2.023601380876E-06,  3.387620281856E-02,NaN,  3.504050000000E+06,  4.266535485122E-07
  1.559371906166E-01,  3.529292086973E+03,  3.599960479643E+03,  9.163545337669E+04,  9.269379058431E+04,  9.918599818371E+02,  9.305064239902E-01,NaN,NaN,  3.239000171612E-03,  2.042979316809E+15,  3.306356109112E+19,  1.033926392561E+20,  6.119127783442E+17,  8.232898861628E+20,  6.739121336936E+19,  1.052114090938E+13,  1.093312349474E+02,  2.646610539869E+01,  7.286512766751E+01,NaN,  9.999999857649E+00,NaN,  2.023590900436E-06,  3.387619878825E-02,NaN,  3.504050000000E+06,  4.266543143396E-07
  1.646503580511E-01,  3.529278965921E+03,  3.599957841249E+03,  9.165352274065E+04,  9.269165640392E+04,  9.918599818371E+02,  9.305053107379E-01,NaN,NaN,  3.238841972483E-03,  2.043012793775E+15,  3.306353110982E+19,  1.033926692003E+20,  6.119233345275E+17,  8.232898515726E+20,  6.739123734971E+19,  1.052108588218E+13,  1.093312973289E+02,  2.646614668514E+01,  7.286514877046E+01,NaN,  9.999999849696E+00,NaN,  2.023580316741E-06,  3.387619475692E-02,NaN,  3.504050000000E+06,  4.266550803611E-07
  1.733635254855E-01,  3.529269693437E+03,  3.599955202437E+03,  9.166493775841E+04,  9.269010878359E+04,  9.918599818371E+02,  9.305041973094E-01,NaN,NaN,  3.238742588629E-03,  2.043046276055E+15,  3.306350112375E+19,  1.033926991493E+20,  6.119338924050E+17,  8.232898169769E+20,  6.739126133394E+19,  1.052103112340E+13,  1.093313597203E+02,  2.646618797824E+01,  7.286516987675E+01,NaN,  9.999999841742E+00,NaN,  2.023569784673E-06,  3.387619072495E-02,NaN,  3.504050000000E+06,  4.266558465067E-07
  1.821030083926E-01,  3.529262872741E+03,  3.599952555393E+03,  9.167209930535E+04,  9.268893442591E+04,  9.918599818371E+02,  9.305030804068E-01,NaN,NaN,  3.238680791515E-03,  2.043079862825E+15,  3.306347104410E+19,  1.033927291917E+20,  6.119444832492E+17,  8.232897822732E+20,  6.739128539306E+19,  1.052097609619E+13,  1.093314223065E+02,  2.646622940028E+01,  7.286519104891E+01,NaN,  9.999999833764E+00,NaN,  2.023559200977E-06,  3.387618668038E-02,NaN,  3.504050000000E+06,  4.266566150457E-07
  1.952122327531E-01,  3.529255438332E+03,  3.599948584539E+03,  9.167800560663E+04,  9.268759910943E+04,  9.918599818371E+02,  9.305014049320E-01,NaN,NaN,  3.238630815558E-03,  2.043130246654E+15,  3.306342592135E+19,  1.033927742587E+20,  6.119603707084E+17,  8.232897302137E+20,  6.739132148449E+19,  1.052089368960E+13,  1.093315161929E+02,  2.646629153805E+01,  7.286522280947E+01,NaN,  9.999999821798E+00,NaN,  2.023543351248E-06,  3.387618061307E-02,NaN,  3.504050000000E+06,  4.266577679430E-07
  2.083214571137E-01,  3.529249878411E+03,  3.599944613507E+03,  9.168067042473E+04,  9.268654947185E+04,  9.918599818371E+02,  9.304997293822E-01,NaN,NaN,  3.238609469462E-03,  2.043180632782E+15,  3.306338079653E+19,  1.033928193277E+20,  6.119762589342E+17,  8.232896781516E+20,  6.739135757767E+19,  1.052081128300E+13,  1.093316100837E+02,  2.646635367885E+01,  7.286525457148E+01,NaN,  9.999999809831E+00,NaN,  2.023527501519E-06,  3.387617454546E-02,NaN,  3.504050000000E+06,  4.266589208986E-07
  2.214306814742E-01,  3.529245280024E+03,  3.599940642400E+03,  9.168167249421E+04,  9.268564637713E+04,  9.918599818371E+02,  9.304980538006E-01,NaN,NaN,  3.238602807985E-03,  2.043231019912E+15,  3.306333567081E+19,  1.033928643976E+20,  6.119921475169E+17,  8.232896260884E+20,  6.739139367170E+19,  1.052072887641E+13,  1.093317039766E+02,  2.646641582108E+01,  7.286528633412E+01,NaN,  9.999999797865E+00,NaN,  2.023511651790E-06,  3.387616847772E-02,NaN,  3.504050000000E+06,  4.266600738827E-07
  2.348219678275E-01,  3.529241090328E+03,  3.599936585826E+03,  9.168181831698E+04,  9.268480121951E+04,  9.918599818371E+02,  9.304963421568E-01,NaN,NaN,  3.238603755267E-03,  2.043282491529E+15,  3.306328957386E+19,  1.033929104375E+20,  6.120083781140E+17,  8.232895729044E+20,  6.739143054269E+19,  1.052064459084E+13,  1.093317998906E+02,  2.646647930102E+01,  7.286531878040E+01,NaN,  9.999999785641E+00,NaN,  2.023495440666E-06,  3.387616227936E-02,NaN,  3.504050000000E+06,  4.266612516885E-07
  2.482132541808E-01,  3.529237161083E+03,  3.599932529256E+03,  9.168151379214E+04,  9.268399576038E+04,  9.918599818371E+02,  9.304946305149E-01,NaN,NaN,  3.238608679627E-03,  2.043333963133E+15,  3.306324347691E+19,  1.033929564774E+20,  6.120246087502E+17,  8.232895197203E+20,  6.739146741380E+19,  1.052056057369E+13,  1.093318958047E+02,  2.646654278114E+01,  7.286535122666E+01,NaN,  9.999999773417E+00,NaN,  2.023479281170E-06,  3.387615608098E-02,NaN,  3.504050000000E+06,  4.266624294998E-07
  2.616045405341E-01,  3.529233363029E+03,  3.599928472706E+03,  9.168098245432E+04,  9.268321030100E+04,  9.918599818371E+02,  9.304929188810E-01,NaN,NaN,  3.238615607028E-03,  2.043385434541E+15,  3.306319738014E+19,  1.033930025172E+20,  6.120408393674E+17,  8.232894665362E+20,  6.739150428489E+19,  1.052047628812E+13,  1.093319917187E+02,  2.646660626123E+01,  7.286538367280E+01,NaN,  9.999999761193E+00,NaN,  2.023463070046E-06,  3.387614988261E-02,NaN,  3.504050000000E+06,  4.266636073125E-07
  2.749958268875E-01,  3.529229631804E+03,  3.599924416182E+03,  9.168033560624E+04,  9.268243503306E+04,  9.918599818371E+02,  9.304912072583E-01,NaN,NaN,  3.238623554569E-03,  2.043436905659E+15,  3.306315128362E+19,  1.033930485567E+20,  6.120570699368E+17,  8.232894133522E+20,  6.739154115589E+19,  1.052039253940E+13,  1.093320876323E+02,  2.646666974118E+01,  7.286541611876E+01,NaN,  9.999999748969E+00,NaN,  2.023446962178E-06,  3.387614368425E-02,NaN,  3.504050000000E+06,  4.266647851245E-07
  3.001651559577E-01,  3.529222696643E+03,  3.599916791905E+03,  9.167898548129E+04,  9.268098976660E+04,  9.918599818371E+02,  9.304879902465E-01,NaN,NaN,  3.238639678892E-03,  2.043533646262E+15,  3.306306464466E+19,  1.033931350884E+20,  6.120875756089E+17,  8.232893133919E+20,  6.739161045572E+19,  1.052023416842E+13,  1.093322679038E+02,  2.646678905307E+01,  7.286547710133E+01,NaN,  9.999999725994E+00,NaN,  2.023416501786E-06,  3.387613203431E-02,NaN,  3.504050000000E+06,  4.266669988525E-07
  3.192643382685E-01,  3.529217461757E+03,  3.599911006469E+03,  9.167791319998E+04,  9.267989729728E+04,  9.918599818371E+02,  9.304855491214E-01,NaN,NaN,  3.238652336497E-03,  2.043607054839E+15,  3.306299890139E+19,  1.033932007504E+20,  6.121107239847E+17,  8.232892375398E+20,  6.739166304201E+19,  1.052011391384E+13,  1.093324046977E+02,  2.646687958965E+01,  7.286552337605E+01,NaN,  9.999999708560E+00,NaN,  2.023393372540E-06,  3.387612319407E-02,NaN,  3.504050000000E+06,  4.266686786845E-07
  3.442604531884E-01,  3.529210618703E+03,  3.599903434865E+03,  9.167649599848E+04,  9.267846878333E+04,  9.918599818371E+02,  9.304823543347E-01,NaN,NaN,  3.238669024705E-03,  2.043703127378E+15,  3.306291286073E+19,  1.033932866846E+20,  6.121410192589E+17,  8.232891382687E+20,  6.739173186402E+19,  1.051995688499E+13,  1.093325837255E+02,  2.646699807889E+01,  7.286558393750E+01,NaN,  9.999999685742E+00,NaN,  2.023363170287E-06,  3.387611162446E-02,NaN,  3.504050000000E+06,  4.266708771614E-07
  3.692565681083E-01,  3.529203779464E+03,  3.599895863379E+03,  9.167507241255E+04,  9.267704087535E+04,  9.918599818371E+02,  9.304791595976E-01,NaN,NaN,  3.238685769538E-03,  2.043799198587E+15,  3.306282682126E+19,  1.033933726176E+20,  6.121713142637E+17,  8.232890389985E+20,  6.739180068549E+19,  1.051979958771E+13,  1.093327627516E+02,  2.646711656721E+01,  7.286564449811E+01,NaN,  9.999999662925E+00,NaN,  2.023332916406E-06,  3.387610005494E-02,NaN,  3.504050000000E+06,  4.266730756282E-07
  3.942526830282E-01,  3.529196942316E+03,  3.599888292010E+03,  9.167364542540E+04,  9.267561331044E+04,  9.918599818371E+02,  9.304759649101E-01,NaN,NaN,  3.238702544653E-03,  2.043895268461E+15,  3.306274078298E+19,  1.033934585495E+20,  6.122016089984E+17,  8.232889397290E+20,  6.739186950642E+19,  1.051964255886E+13,  1.093329417759E+02,  2.646723505461E+01,  7.286570505788E+01,NaN,  9.999999640109E+00,NaN,  2.023302714153E-06,  3.387608848552E-02,NaN,  3.504050000000E+06,  4.266752740850E-07
  4.192487979481E-01,  3.529190105099E+03,  3.599880720760E+03,  9.167221877098E+04,  9.267418575958E+04,  9.918599818371E+02,  9.304727702724E-01,NaN,NaN,  3.238719317072E-03,  2.043991337000E+15,  3.306265474591E+19,  1.033935444801E+20,  6.122319034620E+17,  8.232888404604E+20,  6.739193832682E+19,  1.051948526158E+13,  1.093331207984E+02,  2.646735354108E+01,  7.286576561680E+01,NaN,  9.999999617292E+00,NaN,  2.023272460273E-06,  3.387607691619E-02,NaN,  3.504050000000E+06,  4.266774725318E-07
  4.524007993278E-01,  3.529181038080E+03,  3.599870679296E+03,  9.167032507097E+04,  9.267229262192E+04,  9.918599818371E+02,  9.304685333453E-01,NaN,NaN,  3.238741576145E-03,  2.044118749314E+15,  3.306254063796E+19,  1.033936584469E+20,  6.122720821721E+17,  8.232887088030E+20,  6.739202960152E+19,  1.051927696348E+13,  1.093333582309E+02,  2.646751068662E+01,  7.286584593397E+01,NaN,  9.999999587030E+00,NaN,  2.023232397113E-06,  3.387606157210E-02,NaN,  3.504050000000E+06,  4.266803882857E-07
  4.937086871673E-01,  3.529169740478E+03,  3.599858167773E+03,  9.166796595447E+04,  9.266993381020E+04,  9.918599818371E+02,  9.304632541934E-01,NaN,NaN,  3.238769307800E-03,  2.044277503666E+15,  3.306239846071E+19,  1.033938004483E+20,  6.123221447767E+17,  8.232885447580E+20,  6.739214332985E+19,  1.051901739613E+13,  1.093336540708E+02,  2.646770649003E+01,  7.286594600829E+01,NaN,  9.999999549323E+00,NaN,  2.023182473048E-06,  3.387604245336E-02,NaN,  3.504050000000E+06,  4.266840213337E-07
  5.350165750068E-01,  3.529158442260E+03,  3.599845656573E+03,  9.166560848604E+04,  9.266757497168E+04,  9.918599818371E+02,  9.304579751774E-01,NaN,NaN,  3.238797025559E-03,  2.044436254370E+15,  3.306225628673E+19,  1.033939424463E+20,  6.123722066407E+17,  8.232883807152E+20,  6.739225705670E+19,  1.051875782877E+13,  1.093339499060E+02,  2.646790229091E+01,  7.286604608030E+01,NaN,  9.999999511617E+00,NaN,  2.023132548982E-06,  3.387602333488E-02,NaN,  3.504050000000E+06,  4.266876543540E-07
  5.763244628463E-01,  3.529147144995E+03,  3.599833145694E+03,  9.166324995670E+04,  9.266521634503E+04,  9.918599818371E+02,  9.304526962971E-01,NaN,NaN,  3.238824753352E-03,  2.044595001425E+15,  3.306211411601E+19,  1.033940844412E+20,  6.124222677649E+17,  8.232882166746E+20,  6.739237078208E+19,  1.051849799300E+13,  1.093342457363E+02,  2.646809808926E+01,  7.286614615001E+01,NaN,  9.999999473911E+00,NaN,  2.023082573288E-06,  3.387600421665E-02,NaN,  3.504050000000E+06,  4.266912873468E-07
  6.176323506859E-01,  3.529135847851E+03,  3.599820635136E+03,  9.166089180327E+04,  9.266285780365E+04,  9.918599818371E+02,  9.304474175527E-01,NaN,NaN,  3.238852478486E-03,  2.044753744832E+15,  3.306197194857E+19,  1.033942264328E+20,  6.124723281490E+17,  8.232880526362E+20,  6.739248450600E+19,  1.051823842564E+13,  1.093345415618E+02,  2.646829388509E+01,  7.286624621743E+01,NaN,  9.999999436205E+00,NaN,  2.023032649222E-06,  3.387598509869E-02,NaN,  3.504050000000E+06,  4.266949203121E-07
  6.711290267785E-01,  3.529121217831E+03,  3.599804433546E+03,  9.165783767370E+04,  9.265980351280E+04,  9.918599818371E+02,  9.304405814021E-01,NaN,NaN,  3.238888386849E-03,  2.044959323503E+15,  3.306178783638E+19,  1.033944103172E+20,  6.125371588354E+17,  8.232878401979E+20,  6.739263178444E+19,  1.051790262548E+13,  1.093349246698E+02,  2.646854745097E+01,  7.286637580848E+01,NaN,  9.999999387373E+00,NaN,  2.022968062866E-06,  3.387596033993E-02,NaN,  3.504050000000E+06,  4.266996252215E-07
  7.389057910452E-01,  3.529102683540E+03,  3.599783907974E+03,  9.165396800609E+04,  9.265593423786E+04,  9.918599818371E+02,  9.304319207767E-01,NaN,NaN,  3.238933884506E-03,  2.045219769350E+15,  3.306155458624E+19,  1.033946432788E+20,  6.126192932619E+17,  8.232875710580E+20,  6.739281837298E+19,  1.051747636596E+13,  1.093354100308E+02,  2.646886869615E+01,  7.286653998628E+01,NaN,  9.999999325506E+00,NaN,  2.022886077947E-06,  3.387592897283E-02,NaN,  3.504050000000E+06,  4.267055859655E-07
  8.066825553118E-01,  3.529084149800E+03,  3.599763383269E+03,  9.165009896189E+04,  9.265206522664E+04,  9.918599818371E+02,  9.304232605169E-01,NaN,NaN,  3.238979378438E-03,  2.045480205377E+15,  3.306132134490E+19,  1.033948762315E+20,  6.127014256961E+17,  8.232873019241E+20,  6.739300495756E+19,  1.051705037487E+13,  1.093358953789E+02,  2.646918993453E+01,  7.286670415788E+01,NaN,  9.999999263640E+00,NaN,  2.022804144656E-06,  3.387589760643E-02,NaN,  3.504050000000E+06,  4.267115466351E-07
  8.744593195785E-01,  3.529065616267E+03,  3.599742859430E+03,  9.164623113406E+04,  9.264819642686E+04,  9.918599818371E+02,  9.304146006226E-01,NaN,NaN,  3.239024863407E-03,  2.045740631583E+15,  3.306108811235E+19,  1.033951091756E+20,  6.127835561381E+17,  8.232870327961E+20,  6.739319153819E+19,  1.051662465220E+13,  1.093363807139E+02,  2.646951116610E+01,  7.286686832329E+01,NaN,  9.999999201773E+00,NaN,  2.022722262993E-06,  3.387586624071E-02,NaN,  3.504050000000E+06,  4.267175072306E-07
  9.422360838452E-01,  3.529047083506E+03,  3.599722336457E+03,  9.164236354829E+04,  9.264432792433E+04,  9.918599818371E+02,  9.304059410939E-01,NaN,NaN,  3.239070348018E-03,  2.046001047971E+15,  3.306085488860E+19,  1.033953421108E+20,  6.128656845882E+17,  8.232867636740E+20,  6.739337811486E+19,  1.051619866111E+13,  1.093368660359E+02,  2.646983239088E+01,  7.286703248251E+01,NaN,  9.999999139908E+00,NaN,  2.022640329702E-06,  3.387583487569E-02,NaN,  3.504050000000E+06,  4.267234677518E-07
  1.010012848112E+00,  3.529028551786E+03,  3.599701814350E+03,  9.163849573842E+04,  9.264045976008E+04,  9.918599818371E+02,  9.303972819306E-01,NaN,NaN,  3.239115836393E-03,  2.046261454542E+15,  3.306062167363E+19,  1.033955750372E+20,  6.129478110467E+17,  8.232864945579E+20,  6.739356468757E+19,  1.051577267001E+13,  1.093373513450E+02,  2.647015360885E+01,  7.286719663554E+01,NaN,  9.999999078042E+00,NaN,  2.022558396411E-06,  3.387580351136E-02,NaN,  3.504050000000E+06,  4.267294281989E-07
  1.077789612379E+00,  3.529010021943E+03,  3.599681293109E+03,  9.163462625807E+04,  9.263658887651E+04,  9.918599818371E+02,  9.303885966762E-01,NaN,NaN,  3.239161341312E-03,  2.046522644947E+15,  3.306038775670E+19,  1.033958086649E+20,  6.130301858187E+17,  8.232862246278E+20,  6.739375182596E+19,  1.051534721577E+13,  1.093378381204E+02,  2.647047579905E+01,  7.286736128273E+01,NaN,  9.999999016177E+00,NaN,  2.022476566375E-06,  3.387577205207E-02,NaN,  3.504050000000E+06,  4.267353885716E-07
  1.145566376645E+00,  3.528991494874E+03,  3.599660772736E+03,  9.163075355788E+04,  9.263271454765E+04,  9.918599818371E+02,  9.303798783130E-01,NaN,NaN,  3.239206876471E-03,  2.046784834208E+15,  3.306015294525E+19,  1.033960431860E+20,  6.131128767295E+17,  8.232859536616E+20,  6.739393968438E+19,  1.051492122468E+13,  1.093383267631E+02,  2.647079922678E+01,  7.286752655962E+01,NaN,  9.999998954312E+00,NaN,  2.022394633084E-06,  3.387574047191E-02,NaN,  3.504050000000E+06,  4.267413488700E-07
  1.213343140912E+00,  3.528972969471E+03,  3.599640253230E+03,  9.162687955425E+04,  9.262884065309E+04,  9.918599818371E+02,  9.303711603182E-01,NaN,NaN,  3.239252424937E-03,  2.047047013577E+15,  3.305991814265E+19,  1.033962776983E+20,  6.131955656398E+17,  8.232856827013E+20,  6.739412753883E+19,  1.051449550201E+13,  1.093388153927E+02,  2.647112264768E+01,  7.286769183027E+01,NaN,  9.999998892447E+00,NaN,  2.022312751421E-06,  3.387570889245E-02,NaN,  3.504050000000E+06,  4.267473090937E-07
  1.281119905179E+00,  3.528954444637E+03,  3.599619734591E+03,  9.162300614575E+04,  9.262496702556E+04,  9.918599818371E+02,  9.303624426921E-01,NaN,NaN,  3.239297969932E-03,  2.047309183050E+15,  3.305968334891E+19,  1.033965122018E+20,  6.132782525489E+17,  8.232854117470E+20,  6.739431538931E+19,  1.051406977934E+13,  1.093393040093E+02,  2.647144606175E+01,  7.286785709469E+01,NaN,  9.999998830582E+00,NaN,  2.022230869758E-06,  3.387567731368E-02,NaN,  3.504050000000E+06,  4.267532692428E-07
  1.348896669445E+00,  3.528935920357E+03,  3.599599216820E+03,  9.161913335567E+04,  9.262109366296E+04,  9.918599818371E+02,  9.303537254345E-01,NaN,NaN,  3.239343511248E-03,  2.047571342629E+15,  3.305944856404E+19,  1.033967466964E+20,  6.133609374570E+17,  8.232851407986E+20,  6.739450323582E+19,  1.051364405667E+13,  1.093397926127E+02,  2.647176946901E+01,  7.286802235287E+01,NaN,  9.999998768718E+00,NaN,  2.022148988095E-06,  3.387564573560E-02,NaN,  3.504050000000E+06,  4.267592293172E-07
  1.416673433712E+00,  3.528917396910E+03,  3.599578699916E+03,  9.161526070411E+04,  9.261722060752E+04,  9.918599818371E+02,  9.303450085453E-01,NaN,NaN,  3.239389053128E-03,  2.047833492316E+15,  3.305921378802E+19,  1.033969811821E+20,  6.134436203646E+17,  8.232848698562E+20,  6.739469107837E+19,  1.051321833401E+13,  1.093402812032E+02,  2.647209286944E+01,  7.286818760481E+01,NaN,  9.999998706854E+00,NaN,  2.022067106431E-06,  3.387561415822E-02,NaN,  3.504050000000E+06,  4.267651893170E-07
  1.552226962245E+00,  3.528880352381E+03,  3.599537668709E+03,  9.160751604133E+04,  9.260947539819E+04,  9.918599818371E+02,  9.303275758723E-01,NaN,NaN,  3.239480136589E-03,  2.048357762015E+15,  3.305874426256E+19,  1.033974501271E+20,  6.136089801789E+17,  8.232843279894E+20,  6.739506675156E+19,  1.051236715710E+13,  1.093412583449E+02,  2.647273964985E+01,  7.286851808999E+01,NaN,  9.999998583127E+00,NaN,  2.021903394733E-06,  3.387555100553E-02,NaN,  3.504050000000E+06,  4.267771090928E-07
  1.659790955699E+00,  3.528850958989E+03,  3.599505112228E+03,  9.160137144656E+04,  9.260333027224E+04,  9.918599818371E+02,  9.303137438032E-01,NaN,NaN,  3.239552409753E-03,  2.048773750644E+15,  3.305837171147E+19,  1.033978222176E+20,  6.137401902654E+17,  8.232838980259E+20,  6.739536484323E+19,  1.051169153039E+13,  1.093420336860E+02,  2.647325286151E+01,  7.286878031776E+01,NaN,  9.999998484949E+00,NaN,  2.021773447604E-06,  3.387550089480E-02,NaN,  3.504050000000E+06,  4.267865674219E-07
  1.767354949154E+00,  3.528821567456E+03,  3.599472557931E+03,  9.159522760667E+04,  9.259718588378E+04,  9.918599818371E+02,  9.302999126618E-01,NaN,NaN,  3.239624680745E-03,  2.049189714364E+15,  3.305799918268E+19,  1.033981942858E+20,  6.138713953145E+17,  8.232834680775E+20,  6.739566292491E+19,  1.051101617211E+13,  1.093428089942E+02,  2.647376605599E+01,  7.286904252983E+01,NaN,  9.999998386771E+00,NaN,  2.021643552103E-06,  3.387545078580E-02,NaN,  3.504050000000E+06,  4.267960255632E-07
  1.874918942608E+00,  3.528792177796E+03,  3.599440005817E+03,  9.158908450086E+04,  9.259104223450E+04,  9.918599818371E+02,  9.302860824481E-01,NaN,NaN,  3.239696949747E-03,  2.049605653178E+15,  3.305762667619E+19,  1.033985663318E+20,  6.140025953264E+17,  8.232830381442E+20,  6.739596099661E+19,  1.051034081383E+13,  1.093435842696E+02,  2.647427923330E+01,  7.286930472620E+01,NaN,  9.999998288593E+00,NaN,  2.021513656601E-06,  3.387540067856E-02,NaN,  3.504050000000E+06,  4.268054835166E-07
  2.134635722006E+00,  3.528721223221E+03,  3.599361416673E+03,  9.157425478945E+04,  9.257621123930E+04,  9.918599818371E+02,  9.302526927682E-01,NaN,NaN,  3.239871437476E-03,  2.050609848397E+15,  3.305672733903E+19,  1.033994645570E+20,  6.143193612843E+17,  8.232820001179E+20,  6.739668065928E+19,  1.050871066644E+13,  1.093454560618E+02,  2.647551824591E+01,  7.286993774319E+01,NaN,  9.999998051545E+00,NaN,  2.021200121078E-06,  3.387527970018E-02,NaN,  3.504050000000E+06,  4.268283192799E-07
  2.612442032313E+00,  3.528590715084E+03,  3.599216867840E+03,  9.154698349777E+04,  9.254893759505E+04,  9.918599818371E+02,  9.301912792062E-01,NaN,NaN,  3.240192415304E-03,  2.052456907928E+15,  3.305507314943E+19,  1.034011167014E+20,  6.149020454648E+17,  8.232800906684E+20,  6.739800448547E+19,  1.050571208641E+13,  1.093488991361E+02,  2.647779742146E+01,  7.287110207860E+01,NaN,  9.999997615452E+00,NaN,  2.020623387118E-06,  3.387505716034E-02,NaN,  3.504050000000E+06,  4.268703278438E-07
  3.090248342621E+00,  3.528460243789E+03,  3.599072362049E+03,  9.151972678178E+04,  9.252167850662E+04,  9.918599818371E+02,  9.301298839313E-01,NaN,NaN,  3.240513352923E-03,  2.054303476458E+15,  3.305341939955E+19,  1.034027684065E+20,  6.154846303264E+17,  8.232781815152E+20,  6.739932811468E+19,  1.050271484851E+13,  1.093523415622E+02,  2.648007625835E+01,  7.287226610446E+01,NaN,  9.999997179373E+00,NaN,  2.020046911297E-06,  3.387483465494E-02,NaN,  3.504050000000E+06,  4.269123327027E-07
  3.568054652928E+00,  3.528329809330E+03,  3.598927899277E+03,  9.149248460469E+04,  9.249443396508E+04,  9.918599818371E+02,  9.300685069338E-01,NaN,NaN,  3.240834250574E-03,  2.056149554231E+15,  3.305176608917E+19,  1.034044196727E+20,  6.160671159095E+17,  8.232762726583E+20,  6.740065154699E+19,  1.049971895273E+13,  1.093557833404E+02,  2.648235475670E+01,  7.287342982094E+01,NaN,  9.999996743308E+00,NaN,  2.019470693615E-06,  3.387461218397E-02,NaN,  3.504050000000E+06,  4.269543338579E-07
  5.126857368029E+00,  3.527904533675E+03,  3.598456900374E+03,  9.140371025920E+04,  9.240565192691E+04,  9.918599818371E+02,  9.298683965653E-01,NaN,NaN,  3.241880874382E-03,  2.062168819640E+15,  3.304637535520E+19,  1.034098037409E+20,  6.179667367181E+17,  8.232700472299E+20,  6.740496776639E+19,  1.048995310021E+13,  1.093670073531E+02,  2.648978581512E+01,  7.287722419955E+01,NaN,  9.999995320791E+00,NaN,  2.017592371627E-06,  3.387388663022E-02,NaN,  3.504050000000E+06,  4.270913333864E-07
  6.685660083130E+00,  3.527479649129E+03,  3.597986358224E+03,  9.131509020350E+04,  9.231702419048E+04,  9.918599818371E+02,  9.296684802542E-01,NaN,NaN,  3.242927073044E-03,  2.068182873789E+15,  3.304098928820E+19,  1.034151831474E+20,  6.198653030217E+17,  8.232638249479E+20,  6.740928189429E+19,  1.048020013210E+13,  1.093782244845E+02,  2.649721327753E+01,  7.288101529284E+01,NaN,  9.999993898420E+00,NaN,  2.015716527772E-06,  3.387316144224E-02,NaN,  3.504050000000E+06,  4.272282935812E-07
  8.244462798231E+00,  3.527055155090E+03,  3.597516272085E+03,  9.122662406346E+04,  9.222855038034E+04,  9.918599818371E+02,  9.294687576860E-01,NaN,NaN,  3.243972846940E-03,  2.074191724420E+15,  3.303560788123E+19,  1.034205578991E+20,  6.217628160046E+17,  8.232576058089E+20,  6.741359393281E+19,  1.047046031684E+13,  1.093894347434E+02,  2.650463714761E+01,  7.288480310571E+01,NaN,  9.999992476195E+00,NaN,  2.013843213679E-06,  3.387243661969E-02,NaN,  3.504050000000E+06,  4.273652144746E-07
  8.715511227858E+00,  3.526926978903E+03,  3.597374308323E+03,  9.119988110707E+04,  9.220180322659E+04,  9.918599818371E+02,  9.294080651540E-01,NaN,NaN,  3.244289136936E-03,  2.076017840937E+15,  3.303397244793E+19,  1.034221913109E+20,  6.223395954267E+17,  8.232557153449E+20,  6.741490472018E+19,  1.046751944827E+13,  1.093928421558E+02,  2.650689385651E+01,  7.288595423952E+01,NaN,  9.999992046442E+00,NaN,  2.013277579693E-06,  3.387221629024E-02,NaN,  3.504050000000E+06,  4.274065823010E-07
  9.196511770780E+00,  3.526796134834E+03,  3.597229388158E+03,  9.117258177099E+04,  9.217450131040E+04,  9.918599818371E+02,  9.293460698638E-01,NaN,NaN,  3.244612121454E-03,  2.077883216418E+15,  3.303230185511E+19,  1.034238598389E+20,  6.229288310140E+17,  8.232537840254E+20,  6.741624384584E+19,  1.046451791556E+13,  1.093963230933E+02,  2.650919935185E+01,  7.288713012116E+01,NaN,  9.999991607624E+00,NaN,  2.012700277827E-06,  3.387199119895E-02,NaN,  3.504050000000E+06,  4.274488204101E-07
  1.003834202956E+01,  3.526567225708E+03,  3.596975858340E+03,  9.112483831036E+04,  9.212675372476E+04,  9.918599818371E+02,  9.292376125305E-01,NaN,NaN,  3.245177303332E-03,  2.081146732461E+15,  3.302937911564E+19,  1.034267789658E+20,  6.239598484854E+17,  8.232504046191E+20,  6.741858705719E+19,  1.045926751494E+13,  1.094024137282E+02,  2.651323352463E+01,  7.288918735226E+01,NaN,  9.999990839654E+00,NaN,  2.011690438399E-06,  3.387159733597E-02,NaN,  3.504050000000E+06,  4.275227350261E-07
  1.072014315782E+01,  3.526381914736E+03,  3.596770620977E+03,  9.108620356346E+04,  9.208811563102E+04,  9.918599818371E+02,  9.291498141908E-01,NaN,NaN,  3.245634955091E-03,  2.083788747678E+15,  3.302701297981E+19,  1.034291421769E+20,  6.247946474015E+17,  8.232476682993E+20,  6.742048438497E+19,  1.045501807259E+13,  1.094073450810E+02,  2.651650004622E+01,  7.289085280621E+01,NaN,  9.999990217706E+00,NaN,  2.010873118972E-06,  3.387127842325E-02,NaN,  3.504050000000E+06,  4.275825902929E-07
  1.226353090104E+01,  3.525962702763E+03,  3.596306347948E+03,  9.099885474547E+04,  9.200075924624E+04,  9.918599818371E+02,  9.289512031749E-01,NaN,NaN,  3.246670637809E-03,  2.089765767754E+15,  3.302166008044E+19,  1.034344884594E+20,  6.266836303422E+17,  8.232414763342E+20,  6.742477787539E+19,  1.044540710152E+13,  1.094185032829E+02,  2.652389190839E+01,  7.289462055558E+01,NaN,  9.999988809921E+00,NaN,  2.009024586214E-06,  3.387055676133E-02,NaN,  3.504050000000E+06,  4.277180563729E-07
  1.380691864426E+01,  3.525543871864E+03,  3.595842519921E+03,  9.091165595444E+04,  9.191355289875E+04,  9.918599818371E+02,  9.287527825263E-01,NaN,NaN,  3.247705904580E-03,  2.095737675943E+15,  3.301631175903E+19,  1.034398301690E+20,  6.285715808262E+17,  8.232352874477E+20,  6.742906932008E+19,  1.043580928328E+13,  1.094296547450E+02,  2.653128025324E+01,  7.289838508228E+01,NaN,  9.999987402279E+00,NaN,  2.007178583218E-06,  3.386983545753E-02,NaN,  3.504050000000E+06,  4.278534838763E-07
  1.485477504626E+01,  3.525259730875E+03,  3.595527865289E+03,  9.085253918891E+04,  9.185443100931E+04,  9.918599818371E+02,  9.286181766540E-01,NaN,NaN,  3.248408543904E-03,  2.099789288485E+15,  3.301268321589E+19,  1.034434542261E+20,  6.298527837974E+17,  8.232310873649E+20,  6.743198175617E+19,  1.042929996758E+13,  1.094372219972E+02,  2.653629443738E+01,  7.290093910726E+01,NaN,  9.999986446663E+00,NaN,  2.005926609489E-06,  3.386934594493E-02,NaN,  3.504050000000E+06,  4.279454080312E-07
  1.567450927861E+01,  3.525037575835E+03,  3.595281854773E+03,  9.080633135568E+04,  9.180821788690E+04,  9.918599818371E+02,  9.285128432805E-01,NaN,NaN,  3.248958163329E-03,  2.102960000109E+15,  3.300984359002E+19,  1.034462903414E+20,  6.308556151024E+17,  8.232277997523E+20,  6.743426149667E+19,  1.042421196432E+13,  1.094431448800E+02,  2.654021933930E+01,  7.290293783664E+01,NaN,  9.999985699130E+00,NaN,  2.004948004869E-06,  3.386896277871E-02,NaN,  3.504050000000E+06,  4.280173075738E-07
  1.657854289877E+01,  3.524792743868E+03,  3.595010690334E+03,  9.075534362968E+04,  9.175722493709E+04,  9.918599818371E+02,  9.283960474228E-01,NaN,NaN,  3.249564856035E-03,  2.106475957286E+15,  3.300669476967E+19,  1.034494352710E+20,  6.319678328289E+17,  8.232241534414E+20,  6.743679003076E+19,  1.041860455793E+13,  1.094497136118E+02,  2.654457253278E+01,  7.290515420039E+01,NaN,  9.999984874768E+00,NaN,  2.003869500490E-06,  3.386853780434E-02,NaN,  3.504050000000E+06,  4.280965884488E-07
  1.759959128403E+01,  3.524516378989E+03,  3.594704610415E+03,  9.069781705913E+04,  9.169969340031E+04,  9.918599818371E+02,  9.282642127812E-01,NaN,NaN,  3.250249912804E-03,  2.110444890453E+15,  3.300314027310E+19,  1.034529853754E+20,  6.332235854512E+17,  8.232200364361E+20,  6.743964500492E+19,  1.041227696622E+13,  1.094571297905E+02,  2.654948773634E+01,  7.290765610777E+01,NaN,  9.999983943766E+00,NaN,  2.002652478770E-06,  3.386805797073E-02,NaN,  3.504050000000E+06,  4.281861151885E-07
  2.020265891479E+01,  3.523812563325E+03,  3.593925165009E+03,  9.055145370303E+04,  9.155331736929E+04,  9.918599818371E+02,  9.279284903136E-01,NaN,NaN,  3.251995578538E-03,  2.120553176128E+15,  3.299408749589E+19,  1.034620269652E+20,  6.364229664525E+17,  8.232095466028E+20,  6.744691945151E+19,  1.039616929544E+13,  1.094760233020E+02,  2.656201163660E+01,  7.291402809524E+01,NaN,  9.999981570568E+00,NaN,  1.999554398789E-06,  3.386683538826E-02,NaN,  3.504050000000E+06,  4.284142788256E-07
  2.194143467928E+01,  3.523343034108E+03,  3.593405217816E+03,  9.045392271792E+04,  9.145577793313E+04,  9.918599818371E+02,  9.277045388301E-01,NaN,NaN,  3.253160976651E-03,  2.127297125771E+15,  3.298804775010E+19,  1.034680592464E+20,  6.385584297919E+17,  8.232025445558E+20,  6.745177534443E+19,  1.038542986402E+13,  1.094886329711E+02,  2.657037169140E+01,  7.291827929665E+01,NaN,  9.999979985571E+00,NaN,  1.997488822834E-06,  3.386601930409E-02,NaN,  3.504050000000E+06,  4.285666245926E-07
  2.307991258432E+01,  3.523035875249E+03,  3.593065081578E+03,  9.039014941012E+04,  9.139199695656E+04,  9.918599818371E+02,  9.275578712545E-01,NaN,NaN,  3.253923889927E-03,  2.131714215257E+15,  3.298409189356E+19,  1.034720102139E+20,  6.399574997265E+17,  8.231979568853E+20,  6.745495694531E+19,  1.037840651370E+13,  1.094968938795E+02,  2.657584922636E+01,  7.292106370915E+01,NaN,  9.999978947868E+00,NaN,  1.996137981901E-06,  3.386548461323E-02,NaN,  3.504050000000E+06,  4.286663477010E-07
  2.455671541597E+01,  3.522637813822E+03,  3.592624223506E+03,  9.030742305284E+04,  9.130926356609E+04,  9.918599818371E+02,  9.273666909495E-01,NaN,NaN,  3.254914277645E-03,  2.137472374002E+15,  3.297893500314E+19,  1.034771607341E+20,  6.417818205832E+17,  8.231919745403E+20,  6.745910589009E+19,  1.036930662457E+13,  1.095076651964E+02,  2.658299210343E+01,  7.292469349667E+01,NaN,  9.999977601908E+00,NaN,  1.994387748442E-06,  3.386478736996E-02,NaN,  3.504050000000E+06,  4.287956745012E-07
  2.625669665888E+01,  3.522180023797E+03,  3.592117241112E+03,  9.021236289227E+04,  9.121419511988E+04,  9.918599818371E+02,  9.271468355021E-01,NaN,NaN,  3.256053863428E-03,  2.144094907932E+15,  3.297300399565E+19,  1.034830844146E+20,  6.438806684227E+17,  8.231850916088E+20,  6.746387952258E+19,  1.035884528186E+13,  1.095200566639E+02,  2.659121045617E+01,  7.292886816261E+01,NaN,  9.999976052710E+00,NaN,  1.992375658869E-06,  3.386398516291E-02,NaN,  3.504050000000E+06,  4.289445016791E-07
  2.886813031545E+01,  3.521477677405E+03,  3.591339476705E+03,  9.006668457317E+04,  9.106850418749E+04,  9.918599818371E+02,  9.268095540818E-01,NaN,NaN,  3.257803464712E-03,  2.154256046680E+15,  3.296390388491E+19,  1.034921732819E+20,  6.471023888424E+17,  8.231745256111E+20,  6.747120774623E+19,  1.034280418057E+13,  1.095390759708E+02,  2.660382683971E+01,  7.293527346851E+01,NaN,  9.999973673257E+00,NaN,  1.989290382579E-06,  3.386275369332E-02,NaN,  3.504050000000E+06,  4.291730319395E-07
  3.034075968296E+01,  3.521082091755E+03,  3.590901436598E+03,  8.998471234047E+04,  9.098652464829E+04,  9.918599818371E+02,  9.266195240166E-01,NaN,NaN,  3.258789640075E-03,  2.159981788535E+15,  3.295877602598E+19,  1.034972948049E+20,  6.489185562688E+17,  8.231685688929E+20,  6.747533924449E+19,  1.033377435046E+13,  1.095497968321E+02,  2.661093969251E+01,  7.293888282045E+01,NaN,  9.999972331627E+00,NaN,  1.987553623971E-06,  3.386205943600E-02,NaN,  3.504050000000E+06,  4.293018551450E-07
  3.242405355210E+01,  3.520523158253E+03,  3.590282432781E+03,  8.986878979005E+04,  9.087059020950E+04,  9.918599818371E+02,  9.263492698993E-01,NaN,NaN,  3.260185807591E-03,  2.168125717514E+15,  3.295148248866E+19,  1.035045793351E+20,  6.515026847123E+17,  8.231600929258E+20,  6.748121827736E+19,  1.032101904437E+13,  1.095650499804E+02,  2.662106102716E+01,  7.294401653428E+01,NaN,  9.999970433864E+00,NaN,  1.985100323367E-06,  3.386107155387E-02,NaN,  3.504050000000E+06,  4.294840382276E-07
  3.516106478297E+01,  3.519789875226E+03,  3.589470402450E+03,  8.971689571982E+04,  9.071868299156E+04,  9.918599818371E+02,  9.259947413253E-01,NaN,NaN,  3.262018954121E-03,  2.178810939982E+15,  3.294191302015E+19,  1.035141369843E+20,  6.548948383729E+17,  8.231489657603E+20,  6.748893646616E+19,  1.030429587417E+13,  1.095850707958E+02,  2.663434866249E+01,  7.295075221043E+01,NaN,  9.999967941024E+00,NaN,  1.981883860881E-06,  3.385977467210E-02,NaN,  3.504050000000E+06,  4.297232816315E-07
  3.769583472901E+01,  3.519111824830E+03,  3.588719597439E+03,  8.957663247655E+04,  9.057840748714E+04,  9.918599818371E+02,  9.256669187684E-01,NaN,NaN,  3.263715512348E-03,  2.188693017466E+15,  3.293306283165E+19,  1.035229762406E+20,  6.580336961637E+17,  8.231386685958E+20,  6.749607919400E+19,  1.028884262448E+13,  1.096035948120E+02,  2.664664559538E+01,  7.295698160492E+01,NaN,  9.999965632790E+00,NaN,  1.978911649435E-06,  3.385857452797E-02,NaN,  3.504050000000E+06,  4.299447388281E-07
  4.067160405567E+01,  3.518317252775E+03,  3.587839665590E+03,  8.941218944258E+04,  9.041394828736E+04,  9.918599818371E+02,  9.252801531789E-01,NaN,NaN,  3.265708351902E-03,  2.200354081476E+15,  3.292261942050E+19,  1.035334067580E+20,  6.617396845017E+17,  8.231265098762E+20,  6.750451363714E+19,  1.027074323731E+13,  1.096254635283E+02,  2.666116620161E+01,  7.296433242783E+01,NaN,  9.999962923462E+00,NaN,  1.975430491307E-06,  3.385715741042E-02,NaN,  3.504050000000E+06,  4.302045921892E-07
  4.354558878011E+01,  3.517551171532E+03,  3.586991362947E+03,  8.925388190132E+04,  9.025562704698E+04,  9.918599818371E+02,  9.249072899025E-01,NaN,NaN,  3.267631589003E-03,  2.211598212659E+15,  3.291254940543E+19,  1.035434643385E+20,  6.653152905157E+17,  8.231147778057E+20,  6.751265244068E+19,  1.025330659242E+13,  1.096465605608E+02,  2.667517785489E+01,  7.297142042650E+01,NaN,  9.999960307359E+00,NaN,  1.972076802174E-06,  3.385579002058E-02,NaN,  3.504050000000E+06,  4.304554212927E-07
  4.584461476289E+01,  3.516939315171E+03,  3.586313850170E+03,  8.912753941959E+04,  9.012927157110E+04,  9.918599818371E+02,  9.246088657364E-01,NaN,NaN,  3.269169651648E-03,  2.220599116888E+15,  3.290448837896E+19,  1.035515154119E+20,  6.681790589035E+17,  8.231053805937E+20,  6.751917175719E+19,  1.023938846754E+13,  1.096634559332E+02,  2.668640139340E+01,  7.297709435546E+01,NaN,  9.999958214946E+00,NaN,  1.969399850017E-06,  3.385469476093E-02,NaN,  3.504050000000E+06,  4.306559739635E-07
  4.948019630328E+01,  3.515973566995E+03,  3.585244417168E+03,  8.892816212595E+04,  8.992987704083E+04,  9.918599818371E+02,  9.241356518329E-01,NaN,NaN,  3.271602198579E-03,  2.234874805418E+15,  3.289170336429E+19,  1.035642846453E+20,  6.727238197363E+17,  8.230904659321E+20,  6.752951931964E+19,  1.021743476020E+13,  1.096902656974E+02,  2.670421545589E+01,  7.298609336957E+01,NaN,  9.999954906777E+00,NaN,  1.965177368558E-06,  3.385295642945E-02,NaN,  3.504050000000E+06,  4.309729444529E-07
  5.243666694187E+01,  3.515189726319E+03,  3.584376512138E+03,  8.876661579464E+04,  8.976831672843E+04,  9.918599818371E+02,  9.237516121346E-01,NaN,NaN,  3.273578674120E-03,  2.246462917880E+15,  3.288132528725E+19,  1.035746499100E+20,  6.764154492903E+17,  8.230783497148E+20,  6.753792574327E+19,  1.019963117780E+13,  1.097120401136E+02,  2.671868772851E+01,  7.299339820616E+01,NaN,  9.999952217156E+00,NaN,  1.961753104247E-06,  3.385154426443E-02,NaN,  3.504050000000E+06,  4.312305483402E-07
  5.645578537184E+01,  3.514126524790E+03,  3.583199183251E+03,  8.854748843892E+04,  8.954916838395E+04,  9.918599818371E+02,  9.232273312918E-01,NaN,NaN,  3.276266449249E-03,  2.262286446151E+15,  3.286715406019E+19,  1.035888036494E+20,  6.814599448101E+17,  8.230617914386E+20,  6.754941483320E+19,  1.017550054055E+13,  1.097417903126E+02,  2.673846685409E+01,  7.300337293976E+01,NaN,  9.999948561649E+00,NaN,  1.957111921471E-06,  3.384961436409E-02,NaN,  3.504050000000E+06,  4.315805157778E-07
  5.928174266972E+01,  3.513380455102E+03,  3.582373108855E+03,  8.839397995268E+04,  8.939564661687E+04,  9.918599818371E+02,  9.228593602136E-01,NaN,NaN,  3.278154755745E-03,  2.273394911785E+15,  3.285720554599E+19,  1.035987398852E+20,  6.850037690318E+17,  8.230501577342E+20,  6.755748735419E+19,  1.015858276194E+13,  1.097626875394E+02,  2.675236417185E+01,  7.301037542172E+01,NaN,  9.999945991961E+00,NaN,  1.953858028842E-06,  3.384825843571E-02,NaN,  3.504050000000E+06,  4.318264311283E-07
  6.292594795837E+01,  3.512420324421E+03,  3.581309960544E+03,  8.819646973734E+04,  8.919811729192E+04,  9.918599818371E+02,  9.223833937851E-01,NaN,NaN,  3.280590170764E-03,  2.287766745952E+15,  3.284433442711E+19,  1.036115951238E+20,  6.895917088882E+17,  8.230350948287E+20,  6.756793993599E+19,  1.013682607883E+13,  1.097897384519E+02,  2.677035877606E+01,  7.301943504728E+01,NaN,  9.999942678923E+00,NaN,  1.949673442176E-06,  3.384650282548E-02,NaN,  3.504050000000E+06,  4.321433594709E-07
  6.628734938942E+01,  3.511536551880E+03,  3.580331421319E+03,  8.801491000504E+04,  8.901654185851E+04,  9.918599818371E+02,  9.219446115671E-01,NaN,NaN,  3.282835278986E-03,  2.301018962513E+15,  3.283246601463E+19,  1.036234488928E+20,  6.938252691394E+17,  8.230211938192E+20,  6.757758674040E+19,  1.011681711343E+13,  1.098146966400E+02,  2.678696617514E+01,  7.302778889525E+01,NaN,  9.999939623748E+00,NaN,  1.945825004003E-06,  3.384488263987E-02,NaN,  3.504050000000E+06,  4.324355021609E-07
  6.988519070408E+01,  3.510592642523E+03,  3.579286283014E+03,  8.782112288318E+04,  8.882273595815E+04,  9.918599818371E+02,  9.214741188602E-01,NaN,NaN,  3.285237999567E-03,  2.315232275025E+15,  3.281973686523E+19,  1.036361623399E+20,  6.983691041197E+17,  8.230062723327E+20,  6.758794229676E+19,  1.009546387368E+13,  1.098414805205E+02,  2.680479362986E+01,  7.303674859446E+01,NaN,  9.999936354411E+00,NaN,  1.941718013894E-06,  3.384314351686E-02,NaN,  3.504050000000E+06,  4.327479911851E-07
  7.498703174162E+01,  3.509257642916E+03,  3.577808188396E+03,  8.754744120377E+04,  8.854903061633E+04,  9.918599818371E+02,  9.208069510653E-01,NaN,NaN,  3.288643129457E-03,  2.335393011228E+15,  3.280168132611E+19,  1.036541956072E+20,  7.048200263316E+17,  8.229850851625E+20,  6.760264721678E+19,  1.006529554414E+13,  1.098794996465E+02,  2.683010859684E+01,  7.304945739396E+01,NaN,  9.999931719815E+00,NaN,  1.935915567403E-06,  3.384067412615E-02,NaN,  3.504050000000E+06,  4.331907498369E-07
  7.892193551130E+01,  3.508230883581E+03,  3.576671322656E+03,  8.733707485758E+04,  8.833864407597E+04,  9.918599818371E+02,  9.202907554293E-01,NaN,NaN,  3.291269424618E-03,  2.350996425006E+15,  3.278770723238E+19,  1.036681524695E+20,  7.098173682525E+17,  8.229686696716E+20,  6.761404120595E+19,  1.004211647489E+13,  1.099089469961E+02,  2.684972353829E+01,  7.305929338000E+01,NaN,  9.999928146350E+00,NaN,  1.931457405116E-06,  3.383876088283E-02,NaN,  3.504050000000E+06,  4.335319486724E-07
  8.314183039688E+01,  3.507132386881E+03,  3.575455150687E+03,  8.711242845880E+04,  8.811397715814E+04,  9.918599818371E+02,  9.197381154305E-01,NaN,NaN,  3.294083439801E-03,  2.367706126732E+15,  3.277274236955E+19,  1.036830988770E+20,  7.151735258407E+17,  8.229510731693E+20,  6.762625564391E+19,  1.001734430095E+13,  1.099405038816E+02,  2.687075089972E+01,  7.306982674000E+01,NaN,  9.999924315148E+00,NaN,  1.926692831940E-06,  3.383671000271E-02,NaN,  3.504050000000E+06,  4.338975804942E-07
  8.779948516771E+01,  3.505923292283E+03,  3.574116447245E+03,  8.686526083654E+04,  8.786678727311E+04,  9.918599818371E+02,  9.191259069244E-01,NaN,NaN,  3.297189786588E-03,  2.386222578843E+15,  3.275615942051E+19,  1.036996613832E+20,  7.211142683392E+17,  8.229315533224E+20,  6.763980615716E+19,  9.990104492408E+12,  1.099754991742E+02,  2.689407813251E+01,  7.308149903248E+01,NaN,  9.999920087791E+00,NaN,  1.921453644558E-06,  3.383443496049E-02,NaN,  3.504050000000E+06,  4.343008069130E-07
  9.227360959382E+01,  3.504764983865E+03,  3.572834067376E+03,  8.662887570413E+04,  8.763037973292E+04,  9.918599818371E+02,  9.185381671982E-01,NaN,NaN,  3.300171546971E-03,  2.404004529113E+15,  3.274023427598E+19,  1.037155668955E+20,  7.268247527771E+17,  8.229127872296E+20,  6.765283430422E+19,  9.964039044944E+12,  1.100091323259E+02,  2.691650606733E+01,  7.309270831387E+01,NaN,  9.999916028281E+00,NaN,  1.916440328725E-06,  3.383224778253E-02,NaN,  3.504050000000E+06,  4.346878137356E-07
  9.772058224153E+01,  3.503359043968E+03,  3.571277555899E+03,  8.634231264648E+04,  8.734379189837E+04,  9.918599818371E+02,  9.178217142243E-01,NaN,NaN,  3.303800203696E-03,  2.425688054834E+15,  3.272081496271E+19,  1.037349622731E+20,  7.337953521604E+17,  8.228898763529E+20,  6.766874115336E+19,  9.932438397520E+12,  1.100501795881E+02,  2.694388954039E+01,  7.310637704959E+01,NaN,  9.999911087772E+00,NaN,  1.910362396386E-06,  3.382957754875E-02,NaN,  3.504050000000E+06,  4.351585329521E-07
  1.039699511106E+02,  3.501751715528E+03,  3.569498090683E+03,  8.601513122488E+04,  8.701658022594E+04,  9.918599818371E+02,  9.169980145988E-01,NaN,NaN,  3.307961885297E-03,  2.450627433915E+15,  3.269847977686E+19,  1.037572699361E+20,  7.418223624001E+17,  8.228634882083E+20,  6.768706394074E+19,  9.896361756722E+12,  1.100974373238E+02,  2.697543180368E+01,  7.312209819499E+01,NaN,  9.999905421739E+00,NaN,  1.903423570771E-06,  3.382650206806E-02,NaN,  3.504050000000E+06,  4.356980021346E-07
  1.100147018919E+02,  3.500202746178E+03,  3.567783298885E+03,  8.570036800064E+04,  8.670178783442E+04,  9.918599818371E+02,  9.162004760579E-01,NaN,NaN,  3.311984860641E-03,  2.474784949394E+15,  3.267684481274E+19,  1.037788782444E+20,  7.496076873407E+17,  8.228378893929E+20,  6.770484034559E+19,  9.861646301076E+12,  1.101432616293E+02,  2.700603331321E+01,  7.313732647577E+01,NaN,  9.999899943532E+00,NaN,  1.896746549643E-06,  3.382351861333E-02,NaN,  3.504050000000E+06,  4.362192061608E-07
  1.155269802462E+02,  3.498795094611E+03,  3.566225027114E+03,  8.541481269489E+04,  8.641620589521E+04,  9.918599818371E+02,  9.154727835573E-01,NaN,NaN,  3.315651086477E-03,  2.496835602248E+15,  3.265709671129E+19,  1.037986020174E+20,  7.567226038624E+17,  8.228144904664E+20,  6.772109054189E+19,  9.830143092068E+12,  1.101851308627E+02,  2.703400737659E+01,  7.315122664557E+01,NaN,  9.999894949898E+00,NaN,  1.890687358189E-06,  3.382079157919E-02,NaN,  3.504050000000E+06,  4.366939823666E-07
  1.214478446848E+02,  3.497288298010E+03,  3.564557031430E+03,  8.510958087203E+04,  8.611094771439E+04,  9.918599818371E+02,  9.146900563385E-01,NaN,NaN,  3.319587260005E-03,  2.520563286461E+15,  3.263584669701E+19,  1.038198258579E+20,  7.643877957978E+17,  8.227892770723E+20,  6.773860242922E+19,  9.796467784807E+12,  1.102302286628E+02,  2.706415321458E+01,  7.316618397574E+01,NaN,  9.999889588250E+00,NaN,  1.884210394718E-06,  3.381785311181E-02,NaN,  3.504050000000E+06,  4.372034024369E-07
  1.276457772088E+02,  3.495716751791E+03,  3.562817362176E+03,  8.479166250263E+04,  8.579299993508E+04,  9.918599818371E+02,  9.138690350664E-01,NaN,NaN,  3.323706073183E-03,  2.545462248425E+15,  3.261354771279E+19,  1.038420973830E+20,  7.724415966751E+17,  8.227627800914E+20,  6.775700760096E+19,  9.761395591818E+12,  1.102776020830E+02,  2.709583657416E+01,  7.318187965329E+01,NaN,  9.999883978042E+00,NaN,  1.877464760266E-06,  3.381476509092E-02,NaN,  3.504050000000E+06,  4.377360530769E-07
  1.353468481592E+02,  3.493772143014E+03,  3.560664825057E+03,  8.439905372614E+04,  8.540035531271E+04,  9.918599818371E+02,  9.128480420301E-01,NaN,NaN,  3.328820077696E-03,  2.576440624518E+15,  3.258580413502E+19,  1.038698068023E+20,  7.824764957181E+17,  8.227297576619E+20,  6.777994791355E+19,  9.718072270776E+12,  1.103366131947E+02,  2.713532667221E+01,  7.320140764276E+01,NaN,  9.999877010594E+00,NaN,  1.869132139404E-06,  3.381091664792E-02,NaN,  3.504050000000E+06,  4.383970174988E-07
  1.433886197529E+02,  3.491751025458E+03,  3.558427684189E+03,  8.399184816120E+04,  8.499311265427E+04,  9.918599818371E+02,  9.117803552281E-01,NaN,NaN,  3.334156502141E-03,  2.608853444917E+15,  3.255677590119E+19,  1.038987993033E+20,  7.929934932794E+17,  8.226951396750E+20,  6.780399960602E+19,  9.673130613060E+12,  1.103984411063E+02,  2.717672963313E+01,  7.322183987377E+01,NaN,  9.999869738905E+00,NaN,  1.860488254640E-06,  3.380688234674E-02,NaN,  3.504050000000E+06,  4.390861996406E-07
  1.513704734730E+02,  3.489754524731E+03,  3.556217874497E+03,  8.359044862210E+04,  8.459167653786E+04,  9.918599818371E+02,  9.107190812746E-01,NaN,NaN,  3.339449346424E-03,  2.641089520933E+15,  3.252790595781E+19,  1.039276337163E+20,  8.034708710611E+17,  8.226606428599E+20,  6.782797012385E+19,  9.628823512965E+12,  1.104600176285E+02,  2.721799255756E+01,  7.324216069348E+01,NaN,  9.999862525465E+00,NaN,  1.851966417954E-06,  3.380286226536E-02,NaN,  3.504050000000E+06,  4.397692127527E-07
  1.609759983911E+02,  3.487364405232E+03,  3.553572524215E+03,  8.311105882163E+04,  8.411224344303E+04,  9.918599818371E+02,  9.094402930362E-01,NaN,NaN,  3.345813465392E-03,  2.679956346381E+15,  3.249309765866E+19,  1.039623991855E+20,  8.161269492014E+17,  8.226189603689E+20,  6.785693767972E+19,  9.575895931480E+12,  1.105343740946E+02,  2.726785702561E+01,  7.326666137718E+01,NaN,  9.999853850042E+00,NaN,  1.841786555029E-06,  3.379800494724E-02,NaN,  3.504050000000E+06,  4.405897997814E-07
  1.696417103439E+02,  3.485219800590E+03,  3.551199003875E+03,  8.268193304509E+04,  8.368307874576E+04,  9.918599818371E+02,  9.082847609959E-01,NaN,NaN,  3.351550255217E-03,  2.715099358189E+15,  3.246162432985E+19,  1.039938337970E+20,  8.275927008177E+17,  8.225811865881E+20,  6.788319262261E+19,  9.528511334293E+12,  1.106017141852E+02,  2.731305165825E+01,  7.328881466583E+01,NaN,  9.999846028406E+00,NaN,  1.832672805815E-06,  3.379360326444E-02,NaN,  3.504050000000E+06,  4.413288205966E-07
  1.785290489236E+02,  3.483031735899E+03,  3.548777495245E+03,  8.224513260688E+04,  8.324623869263E+04,  9.918599818371E+02,  9.070981206099E-01,NaN,NaN,  3.357428950504E-03,  2.751210588198E+15,  3.242928388766E+19,  1.040261344634E+20,  8.393964149339E+17,  8.225422878791E+20,  6.791023318564E+19,  9.480271533813E+12,  1.106710164254E+02,  2.735959829068E+01,  7.331157829967E+01,NaN,  9.999838011667E+00,NaN,  1.823394570486E-06,  3.378907065661E-02,NaN,  3.504050000000E+06,  4.420854825847E-07
  1.874575309209E+02,  3.480845084748E+03,  3.546357643685E+03,  8.180961320001E+04,  8.281067803801E+04,  9.918599818371E+02,  9.059041529428E-01,NaN,NaN,  3.363330258816E-03,  2.787567444193E+15,  3.239672347043E+19,  1.040586548434E+20,  8.513030810950E+17,  8.225030380724E+20,  6.793752165476E+19,  9.432168630283E+12,  1.107408998411E+02,  2.740657128918E+01,  7.333449677490E+01,NaN,  9.999829962881E+00,NaN,  1.814142665326E-06,  3.378449731366E-02,NaN,  3.504050000000E+06,  4.428443640978E-07
  1.976139339612E+02,  3.478371675209E+03,  3.543620548478E+03,  8.131815824062E+04,  8.231917869075E+04,  9.918599818371E+02,  9.045436272328E-01,NaN,NaN,  3.370037807779E-03,  2.829023789949E+15,  3.235959606294E+19,  1.040957366095E+20,  8.649076332170E+17,  8.224581767375E+20,  6.796871626255E+19,  9.377884963730E+12,  1.108207201262E+02,  2.746026765902E+01,  7.336062985011E+01,NaN,  9.999820813372E+00,NaN,  1.803701978843E-06,  3.377927035366E-02,NaN,  3.504050000000E+06,  4.437060506483E-07
  2.089739627201E+02,  3.475622541104E+03,  3.540578529696E+03,  8.077351261143E+04,  8.177448422511E+04,  9.918599818371E+02,  9.030200710100E-01,NaN,NaN,  3.377532352716E-03,  2.875482894184E+15,  3.231798829583E+19,  1.041372932383E+20,  8.801892735154E+17,  8.224077667009E+20,  6.800377513498E+19,  9.317712312553E+12,  1.109103441421E+02,  2.752061521387E+01,  7.338991654868E+01,NaN,  9.999810587410E+00,NaN,  1.792128630437E-06,  3.377339721436E-02,NaN,  3.504050000000E+06,  4.446678852961E-07
  2.207023291533E+02,  3.472803328941E+03,  3.537459218262E+03,  8.021678956131E+04,  8.121771130543E+04,  9.918599818371E+02,  9.014457665842E-01,NaN,NaN,  3.385260574910E-03,  2.923528491516E+15,  3.227495970246E+19,  1.041802689571E+20,  8.960321956347E+17,  8.223554845360E+20,  6.804014262112E+19,  9.256183576307E+12,  1.110032199448E+02,  2.758321478644E+01,  7.342020333952E+01,NaN,  9.999800038599E+00,NaN,  1.780294458472E-06,  3.376730634496E-02,NaN,  3.504050000000E+06,  4.456587264897E-07
  2.318910525975E+02,  3.470131843648E+03,  3.534503445950E+03,  7.969067909889E+04,  8.069155176772E+04,  9.918599818371E+02,  8.999404943415E-01,NaN,NaN,  3.392626750396E-03,  2.969504419952E+15,  3.223378466370E+19,  1.042213934151E+20,  9.112303375515E+17,  8.223053104928E+20,  6.807505008753E+19,  9.198044784308E+12,  1.110922778136E+02,  2.764330059188E+01,  7.344918546921E+01,NaN,  9.999789983379E+00,NaN,  1.769112293775E-06,  3.376146146121E-02,NaN,  3.504050000000E+06,  4.466019148442E-07
  2.438294659552E+02,  3.467300433795E+03,  3.531370965421E+03,  7.913484193555E+04,  8.013566485250E+04,  9.918599818371E+02,  8.983329644310E-01,NaN,NaN,  3.400477289761E-03,  3.018643730573E+15,  3.218977657152E+19,  1.042653474566E+20,  9.275150936205E+17,  8.222515277993E+20,  6.811247502656E+19,  9.136604628441E+12,  1.111876618994E+02,  2.770771915367E+01,  7.348016172510E+01,NaN,  9.999779263338E+00,NaN,  1.757295158979E-06,  3.375519665720E-02,NaN,  3.504050000000E+06,  4.476060817457E-07
  2.562002321924E+02,  3.464387055808E+03,  3.528148052019E+03,  7.856481057448E+04,  7.956558068588E+04,  9.918599818371E+02,  8.966657358755E-01,NaN,NaN,  3.408602173534E-03,  3.069651724590E+15,  3.214409493019E+19,  1.043109730030E+20,  9.444640077168E+17,  8.221955281661E+20,  6.815145012731E+19,  9.073579152222E+12,  1.112868912528E+02,  2.777480538227E+01,  7.351231596053E+01,NaN,  9.999768164813E+00,NaN,  1.745173110499E-06,  3.374867415295E-02,NaN,  3.504050000000E+06,  4.486442010959E-07
  2.691253491766E+02,  3.461543565981E+03,  3.525016186124E+03,  7.803267075537E+04,  7.903210212909E+04,  9.918599818371E+02,  8.950304319108E-01,NaN,NaN,  3.416325521361E-03,  3.113648292673E+15,  3.210469594695E+19,  1.043503416071E+20,  9.591252194840E+17,  8.221527559736E+20,  6.818531326347E+19,  9.043162260766E+12,  1.113729289442E+02,  2.783310995947E+01,  7.354006066633E+01,NaN,  9.999756579070E+00,NaN,  1.739322856681E-06,  3.374299695966E-02,NaN,  3.507764344374E+06,  4.496578476063E-07
  2.832586727873E+02,  3.458691615641E+03,  3.521831815851E+03,  7.742885324383E+04,  7.842824813668E+04,  9.918599818371E+02,  8.933642706414E-01,NaN,NaN,  3.424935663766E-03,  3.178153189203E+15,  3.204691724170E+19,  1.044080902419E+20,  9.806682218806E+17,  8.220935691760E+20,  6.823527658754E+19,  9.046169698832E+12,  1.114995999452E+02,  2.791909573341E+01,  7.358075855045E+01,NaN,  9.999743921473E+00,NaN,  1.739901294358E-06,  3.373461894535E-02,NaN,  3.515629869385E+06,  4.506934258140E-07
  2.981956208116E+02,  3.455651740590E+03,  3.518488018947E+03,  7.687023934769E+04,  7.786959754526E+04,  9.918599818371E+02,  8.916091314519E-01,NaN,NaN,  3.433219036897E-03,  3.223612560810E+15,  3.200618484069E+19,  1.044488134504E+20,  9.958831031409E+17,  8.220559095889E+20,  6.827071929574E+19,  9.049338997408E+12,  1.115893212467E+02,  2.798013104742E+01,  7.360945790280E+01,NaN,  9.999730555940E+00,NaN,  1.740510863587E-06,  3.372866732835E-02,NaN,  3.523876100095E+06,  4.517862465698E-07
  3.131850013487E+02,  3.452620312477E+03,  3.515155091915E+03,  7.631725499735E+04,  7.731657837066E+04,  9.918599818371E+02,  8.898561283736E-01,NaN,NaN,  3.441503152216E-03,  3.268746954211E+15,  3.196573227829E+19,  1.044892571291E+20,  1.011014181996E+18,  8.220184895789E+20,  6.830602620666E+19,  9.052532185844E+12,  1.116786124223E+02,  2.804093326566E+01,  7.363796025879E+01,NaN,  9.999717156734E+00,NaN,  1.741125027690E-06,  3.372273992301E-02,NaN,  3.532080452808E+06,  4.528810538161E-07
  3.291808839240E+02,  3.449458697361E+03,  3.511622817417E+03,  7.564982792365E+04,  7.664910967123E+04,  9.918599818371E+02,  8.879964571939E-01,NaN,NaN,  3.451287483411E-03,  3.343347151325E+15,  3.189883786544E+19,  1.045561154706E+20,  1.036066998777E+18,  8.219488486660E+20,  6.836447815747E+19,  9.056001852431E+12,  1.118263058515E+02,  2.814152310277E+01,  7.368507813511E+01,NaN,  9.999702871858E+00,NaN,  1.741792368408E-06,  3.371294900984E-02,NaN,  3.540759141888E+06,  4.540474226080E-07
  3.463489553151E+02,  3.446044984980E+03,  3.507859141731E+03,  7.501375767468E+04,  7.601299987373E+04,  9.918599818371E+02,  8.860099758301E-01,NaN,NaN,  3.460957914969E-03,  3.400614065867E+15,  3.184746542161E+19,  1.046074718239E+20,  1.055346920659E+18,  8.218992403536E+20,  6.840965397044E+19,  9.059702096427E+12,  1.119402646791E+02,  2.821930427043E+01,  7.372127111041E+01,NaN,  9.999687555788E+00,NaN,  1.742504057392E-06,  3.370537491967E-02,NaN,  3.549987884351E+06,  4.552971367056E-07
  3.645375132825E+02,  3.442459843657E+03,  3.503902711250E+03,  7.434173995573E+04,  7.534093898334E+04,  9.918599818371E+02,  8.839157342410E-01,NaN,NaN,  3.471267205248E-03,  3.463377614556E+15,  3.179113912048E+19,  1.046637787836E+20,  1.076521452789E+18,  8.218440418745E+20,  6.845937101184E+19,  9.063643654849E+12,  1.120655245598E+02,  2.830489848336E+01,  7.376095298561E+01,NaN,  9.999671347563E+00,NaN,  1.743262159752E-06,  3.369704414392E-02,NaN,  3.559668766451E+06,  4.566186307364E-07
  3.842127264237E+02,  3.438618836273E+03,  3.499658244024E+03,  7.361498750210E+04,  7.461414023994E+04,  9.918599818371E+02,  8.816643643132E-01,NaN,NaN,  3.482517911806E-03,  3.534314998983E+15,  3.172744814354E+19,  1.047274455616E+20,  1.100509053173E+18,  8.217805370075E+20,  6.851582126528E+19,  9.067931482024E+12,  1.122075540256E+02,  2.840207681255E+01,  7.380582163335E+01,NaN,  9.999653835587E+00,NaN,  1.744086861952E-06,  3.368759129869E-02,NaN,  3.570031145523E+06,  4.580452698321E-07
  4.037081877640E+02,  3.434841824878E+03,  3.495488165324E+03,  7.290882862116E+04,  7.390793616989E+04,  9.918599818371E+02,  8.794472385805E-01,NaN,NaN,  3.493604748413E-03,  3.603264648873E+15,  3.166551250121E+19,  1.047893583287E+20,  1.123881988379E+18,  8.217187418359E+20,  6.857097789352E+19,  9.072195150913E+12,  1.123461225560E+02,  2.849703015021E+01,  7.384945415604E+01,NaN,  9.999636504873E+00,NaN,  1.744906917651E-06,  3.367835883089E-02,NaN,  3.580188512862E+06,  4.594559945191E-07
  4.239502379028E+02,  3.430954745518E+03,  3.491195413316E+03,  7.218282345502E+04,  7.318188464791E+04,  9.918599818371E+02,  8.771595116016E-01,NaN,NaN,  3.505138655463E-03,  3.675797290522E+15,  3.160032696544E+19,  1.048545189211E+20,  1.148530594040E+18,  8.216531027476E+20,  6.862929726054E+19,  9.076641617493E+12,  1.124924208975E+02,  2.859742506138E+01,  7.389537555742E+01,NaN,  9.999618532929E+00,NaN,  1.745762131871E-06,  3.366860245602E-02,NaN,  3.590620541373E+06,  4.609177144373E-07
  4.451571643898E+02,  3.426872902059E+03,  3.486737755748E+03,  7.150409141097E+04,  7.250310712282E+04,  9.918599818371E+02,  8.747759814769E-01,NaN,NaN,  3.516335646439E-03,  3.728413602428E+15,  3.155302377658E+19,  1.049018190809E+20,  1.166456788963E+18,  8.216106611652E+20,  6.867191687763E+19,  9.081274371293E+12,  1.125991554700E+02,  2.867084403175E+01,  7.392870996311E+01,NaN,  9.999599728457E+00,NaN,  1.746653175771E-06,  3.366146245138E-02,NaN,  3.601427483124E+06,  4.624458754112E-07
  4.674173401059E+02,  3.422678528646E+03,  3.482101673745E+03,  7.072001245562E+04,  7.171897863262E+04,  9.918599818371E+02,  8.722932876847E-01,NaN,NaN,  3.529088878037E-03,  3.810875035431E+15,  3.147884792617E+19,  1.049759642242E+20,  1.194606429959E+18,  8.215345321591E+20,  6.873884386339E+19,  9.086203735149E+12,  1.127665934452E+02,  2.878604852695E+01,  7.398096315417E+01,NaN,  9.999580016473E+00,NaN,  1.747601268372E-06,  3.365027841791E-02,NaN,  3.612639170949E+06,  4.640464310467E-07
  4.911716885344E+02,  3.418249343262E+03,  3.477202485580E+03,  6.988975191383E+04,  7.088866590618E+04,  9.918599818371E+02,  8.696622728601E-01,NaN,NaN,  3.542768302288E-03,  3.901082991371E+15,  3.139765643061E+19,  1.050571204038E+20,  1.225494754502E+18,  8.214501297597E+20,  6.881251408107E+19,  9.091485273116E+12,  1.129505723393E+02,  2.891285426270E+01,  7.403815731641E+01,NaN,  9.999559011594E+00,NaN,  1.748617096623E-06,  3.363797680381E-02,NaN,  3.624456435906E+06,  4.657503873401E-07
  5.158727790105E+02,  3.413643323869E+03,  3.472159720262E+03,  6.911293067606E+04,  7.011179392844E+04,  9.918599818371E+02,  8.669442443868E-01,NaN,NaN,  3.556047507235E-03,  3.970450872098E+15,  3.133519212845E+19,  1.051195720521E+20,  1.249321494087E+18,  8.213900901295E+20,  6.886961711063E+19,  9.096948803498E+12,  1.130929014900E+02,  2.901119292654E+01,  7.408216961126E+01,NaN,  9.999537202492E+00,NaN,  1.749667928511E-06,  3.362843451368E-02,NaN,  3.636587197527E+06,  4.675179082224E-07
  5.428200947737E+02,  3.408728067420E+03,  3.466717012545E+03,  6.819017570816E+04,  6.918898104467E+04,  9.918599818371E+02,  8.640058016536E-01,NaN,NaN,  3.571681213580E-03,  4.076696703318E+15,  3.123945503464E+19,  1.052152643521E+20,  1.285916870604E+18,  8.212883712204E+20,  6.895745009985E+19,  9.102982469407E+12,  1.133114881758E+02,  2.916236499028E+01,  7.414960798706E+01,NaN,  9.999513447616E+00,NaN,  1.750828417809E-06,  3.361378938131E-02,NaN,  3.649642842898E+06,  4.694412969464E-07
  5.702165662036E+02,  3.403736807079E+03,  3.461245457466E+03,  6.734504058306E+04,  6.834379108752E+04,  9.918599818371E+02,  8.610413027901E-01,NaN,NaN,  3.586549648364E-03,  4.158547608987E+15,  3.116565642655E+19,  1.052890431363E+20,  1.314211307883E+18,  8.212148166486E+20,  6.902571198184E+19,  9.109083241663E+12,  1.134809971757E+02,  2.927990309729E+01,  7.420160298947E+01,NaN,  9.999489336920E+00,NaN,  1.752001814053E-06,  3.360240289575E-02,NaN,  3.662728917988E+06,  4.713914835709E-07
  5.987283484612E+02,  3.398602942412E+03,  3.455616285209E+03,  6.647777863252E+04,  6.747647179518E+04,  9.918599818371E+02,  8.579803981021E-01,NaN,NaN,  3.602046348014E-03,  4.245054964691E+15,  3.108761524945E+19,  1.053670618781E+20,  1.344206284733E+18,  8.211360778072E+20,  6.909830160191E+19,  9.115447876078E+12,  1.136609398425E+02,  2.940488773360E+01,  7.425658606780E+01,NaN,  9.999464287864E+00,NaN,  1.753225960407E-06,  3.359030406966E-02,NaN,  3.676151574780E+06,  4.734154315279E-07
  6.295691044531E+02,  3.393170249577E+03,  3.449599938275E+03,  6.547145531981E+04,  6.647008508704E+04,  9.918599818371E+02,  8.547036055907E-01,NaN,NaN,  3.619969823132E-03,  4.368857165479E+15,  3.097584127765E+19,  1.054787808125E+20,  1.387282662380E+18,  8.210141675427E+20,  6.920282353708E+19,  9.122401435797E+12,  1.139195308198E+02,  2.958477273943E+01,  7.433531908472E+01,NaN,  9.999437241060E+00,NaN,  1.754563378116E-06,  3.357291854044E-02,NaN,  3.690452371771E+06,  4.755985478891E-07
  6.610596924204E+02,  3.387641814165E+03,  3.443533414045E+03,  6.453999560705E+04,  6.553856380304E+04,  9.918599818371E+02,  8.513855533586E-01,NaN,NaN,  3.637197636714E-03,  4.468519048864E+15,  3.088579669708E+19,  1.055687953654E+20,  1.422105979190E+18,  8.209204883940E+20,  6.928779537347E+19,  9.129460218269E+12,  1.141292288910E+02,  2.973106134472E+01,  7.439875611404E+01,NaN,  9.999409676317E+00,NaN,  1.755921033916E-06,  3.355878551239E-02,NaN,  3.704825511352E+06,  4.778210265791E-07
  6.941128972491E+02,  3.381914770012E+03,  3.437247380227E+03,  6.357780682380E+04,  6.457631178371E+04,  9.918599818371E+02,  8.479377154458E-01,NaN,NaN,  3.655315817130E-03,  4.574758002403E+15,  3.078974181197E+19,  1.056648164751E+20,  1.459365569557E+18,  8.208192443677E+20,  6.937906875426E+19,  9.136878422338E+12,  1.143540009964E+02,  2.988819222327E+01,  7.446642621581E+01,NaN,  9.999380799965E+00,NaN,  1.757347819317E-06,  3.354361965369E-02,NaN,  3.719669258161E+06,  4.801466353167E-07
  7.302794758622E+02,  3.375740807353E+03,  3.430462805698E+03,  6.253414671448E+04,  6.353258444263E+04,  9.918599818371E+02,  8.442032848846E-01,NaN,NaN,  3.675310292426E-03,  4.695992822782E+15,  3.068004262450E+19,  1.057744729877E+20,  1.502059333449E+18,  8.207012409750E+20,  6.948409371222E+19,  9.145008222115E+12,  1.146120386326E+02,  3.006898184650E+01,  7.454370575759E+01,NaN,  9.999349269610E+00,NaN,  1.758911469970E-06,  3.352619044098E-02,NaN,  3.735634048872E+06,  4.826829918562E-07
  7.668641395242E+02,  3.369530559675E+03,  3.423696539023E+03,  6.157983673597E+04,  6.257820990604E+04,  9.918599818371E+02,  8.404635186222E-01,NaN,NaN,  3.694344209448E-03,  4.790162546302E+15,  3.059477388343E+19,  1.058597262626E+20,  1.535360383790E+18,  8.206154424240E+20,  6.956649760685E+19,  9.153175064596E+12,  1.148140014942E+02,  3.021089497567E+01,  7.460378731470E+01,NaN,  9.999317443303E+00,NaN,  1.760482245257E-06,  3.351251295291E-02,NaN,  3.751497957187E+06,  4.852401027726E-07
  8.068019462189E+02,  3.362908459606E+03,  3.416418433266E+03,  6.047211755106E+04,  6.147041823222E+04,  9.918599818371E+02,  8.364307443091E-01,NaN,NaN,  3.716454764185E-03,  4.926552498309E+15,  3.047116970195E+19,  1.059832791023E+20,  1.583780634106E+18,  8.204793382829E+20,  6.968665455973E+19,  9.162150941201E+12,  1.151078649021E+02,  3.041772018057E+01,  7.469086018085E+01,NaN,  9.999282778453E+00,NaN,  1.762208626680E-06,  3.349261721768E-02,NaN,  3.768497822605E+06,  4.880218931336E-07
  8.484674013804E+02,  3.356106124664E+03,  3.408943580625E+03,  5.934392630376E+04,  6.034215306561E+04,  9.918599818371E+02,  8.322731660339E-01,NaN,NaN,  3.739511839875E-03,  5.069319405548E+15,  3.034166373424E+19,  1.061127300656E+20,  1.634727284004E+18,  8.203349593712E+20,  6.981377084290E+19,  9.171504223904E+12,  1.154178572640E+02,  3.063651909568E+01,  7.478208970201E+01,NaN,  9.999246702272E+00,NaN,  1.764007596767E-06,  3.347159904241E-02,NaN,  3.785888504790E+06,  4.909131342299E-07
  8.913636535754E+02,  3.349161443704E+03,  3.401369373336E+03,  5.828593862264E+04,  5.928409413317E+04,  9.918599818371E+02,  8.280436716348E-01,NaN,NaN,  3.762027508450E-03,  5.187991628954E+15,  3.023391900493E+19,  1.062204454735E+20,  1.677286387017E+18,  8.202199927425E+20,  6.992065257167E+19,  9.181058825649E+12,  1.156777619967E+02,  3.082054931418E+01,  7.485800126595E+01,NaN,  9.999209650744E+00,NaN,  1.765845287690E-06,  3.345393493418E-02,NaN,  3.803439716589E+06,  4.938788026859E-07
  9.360149676702E+02,  3.342049402493E+03,  3.393613738961E+03,  5.721139841182E+04,  5.820948068242E+04,  9.918599818371E+02,  8.236953967923E-01,NaN,NaN,  3.785438202458E-03,  5.312224388259E+15,  3.012103311845E+19,  1.063332990512E+20,  1.722042954430E+18,  8.200979690835E+20,  7.003358387846E+19,  9.190979022775E+12,  1.159516965505E+02,  3.101498968661E+01,  7.493753391364E+01,NaN,  9.999171182548E+00,NaN,  1.767753295653E-06,  3.343529607794E-02,NaN,  3.821338118086E+06,  4.969537025545E-07
  9.833258990941E+02,  3.334690889969E+03,  3.385534018860E+03,  5.602528435594E+04,  5.702328800642E+04,  9.918599818371E+02,  8.191518326619E-01,NaN,NaN,  3.811513744182E-03,  5.474534886267E+15,  2.997339334396E+19,  1.064808727370E+20,  1.780815765428E+18,  8.199277595247E+20,  7.018256617598E+19,  9.201521966806E+12,  1.163120784911E+02,  3.127141091332E+01,  7.504153527705E+01,NaN,  9.999130530925E+00,NaN,  1.769781080071E-06,  3.341076680113E-02,NaN,  3.839906137845E+06,  5.001989257686E-07
  1.032667269353E+03,  3.327099122470E+03,  3.377254711563E+03,  5.489438990455E+04,  5.589231718321E+04,  9.918599818371E+02,  8.144765182419E-01,NaN,NaN,  3.837431740419E-03,  5.615242642174E+15,  2.984527334831E+19,  1.066089510974E+20,  1.832064743492E+18,  8.197845673217E+20,  7.031340137315E+19,  9.212414669118E+12,  1.166275444979E+02,  3.149665700670E+01,  7.513179746743E+01,NaN,  9.999088251904E+00,NaN,  1.771876135491E-06,  3.338924686733E-02,NaN,  3.858850464965E+06,  5.035694105217E-07
  1.085951912779E+03,  3.319055336973E+03,  3.368477338502E+03,  5.369796799614E+04,  5.469581342300E+04,  9.918599818371E+02,  8.095003604050E-01,NaN,NaN,  3.865554213080E-03,  5.771541811003E+15,  2.970280961625E+19,  1.067513640756E+20,  1.889310073890E+18,  8.196220263315E+20,  7.046039580706E+19,  9.224131974228E+12,  1.169809115666E+02,  3.174970520032E+01,  7.523216186388E+01,NaN,  9.999042728314E+00,NaN,  1.774129791458E-06,  3.336511411152E-02,NaN,  3.878844004857E+06,  5.071934662271E-07
  1.141212030767E+03,  3.310868330543E+03,  3.359548161633E+03,  5.249672130407E+04,  5.349448545456E+04,  9.918599818371E+02,  8.044187623981E-01,NaN,NaN,  3.894629712076E-03,  5.932868552923E+15,  2.955560106079E+19,  1.068985192040E+20,  1.948752894323E+18,  8.194518753255E+20,  7.061402112557E+19,  9.236215679995E+12,  1.173490294681E+02,  3.201416377759E+01,  7.533586825242E+01,NaN,  9.998995661605E+00,NaN,  1.776453919350E-06,  3.333994072982E-02,NaN,  3.899088477016E+06,  5.109349320090E-07
  1.201022690593E+03,  3.302187604434E+03,  3.350076377963E+03,  5.122802048952E+04,  5.222569767326E+04,  9.918599818371E+02,  7.990053228726E-01,NaN,NaN,  3.926227226803E-03,  6.111568321419E+15,  2.939234694490E+19,  1.070617096455E+20,  2.015023565653E+18,  8.192592497908E+20,  7.078645492963E+19,  9.249221158550E+12,  1.177608039808E+02,  3.231098191895E+01,  7.545087539838E+01,NaN,  9.998944884482E+00,NaN,  1.778955337046E-06,  3.331174781916E-02,NaN,  3.920459344249E+06,  5.149653649917E-07
  1.261179759425E+03,  3.293574901741E+03,  3.340744462807E+03,  5.007435775239E+04,  5.107195339239E+04,  9.918599818371E+02,  7.936475480038E-01,NaN,NaN,  3.956359409652E-03,  6.256789222144E+15,  2.925953280826E+19,  1.071944924456E+20,  2.069225418359E+18,  8.191088555726E+20,  7.092860719024E+19,  9.262131077666E+12,  1.180991046274E+02,  3.255575585839E+01,  7.554445300460E+01,NaN,  9.998893982994E+00,NaN,  1.781438375252E-06,  3.328853380648E-02,NaN,  3.941410867437E+06,  5.189996472007E-07
  1.325254949480E+03,  3.284643130243E+03,  3.331011757612E+03,  4.881021938569E+04,  4.980772750853E+04,  9.918599818371E+02,  7.880410178219E-01,NaN,NaN,  3.989906978505E-03,  6.444443079014E+15,  2.908770393565E+19,  1.073662530122E+20,  2.139698163922E+18,  8.189010360350E+20,  7.111448681398E+19,  9.275848688780E+12,  1.185400542063E+02,  3.287571259296E+01,  7.566549987698E+01,NaN,  9.998839952246E+00,NaN,  1.784076761456E-06,  3.325827057933E-02,NaN,  3.963153320823E+06,  5.232756990688E-07
  1.393162624709E+03,  3.275381941608E+03,  3.320922368407E+03,  4.751521354912E+04,  4.851263176775E+04,  9.918599818371E+02,  7.822039665272E-01,NaN,NaN,  4.025443184842E-03,  6.644067353809E+15,  2.890466899722E+19,  1.075492126468E+20,  2.215233643182E+18,  8.186756515324E+20,  7.131530319050E+19,  9.290260984802E+12,  1.190145922425E+02,  3.322136835591E+01,  7.579443920216E+01,NaN,  9.998782897558E+00,NaN,  1.786848760362E-06,  3.322566241939E-02,NaN,  3.985576102846E+06,  5.277839943327E-07
  1.462846175227E+03,  3.266032540234E+03,  3.310800110420E+03,  4.630889604712E+04,  4.730622817359E+04,  9.918599818371E+02,  7.763214353321E-01,NaN,NaN,  4.060208962698E-03,  6.814851531727E+15,  2.874787730296E+19,  1.077059588741E+20,  2.280335452555E+18,  8.184877528439E+20,  7.148990716244E+19,  9.304828967550E+12,  1.194256150784E+02,  3.352198388019E+01,  7.590490484017E+01,NaN,  9.998724568413E+00,NaN,  1.789650703381E-06,  3.319736476994E-02,NaN,  4.007953697659E+06,  5.323860838180E-07
  1.536104823452E+03,  3.256474514939E+03,  3.300402211759E+03,  4.501892017563E+04,  4.601616167830E+04,  9.918599818371E+02,  7.702555338075E-01,NaN,NaN,  4.098195290405E-03,  7.025516318657E+15,  2.855421141971E+19,  1.078995434183E+20,  2.361233120129E+18,  8.182423037150E+20,  7.170839188320E+19,  9.320058887309E+12,  1.199380397459E+02,  3.389804248480E+01,  7.604133198459E+01,NaN,  9.998663483880E+00,NaN,  1.792579960512E-06,  3.316207617793E-02,NaN,  4.030818329400E+06,  5.371980134470E-07
  1.613117458940E+03,  3.246608783225E+03,  3.289728760842E+03,  4.378235725008E+04,  4.477950972159E+04,  9.918599818371E+02,  7.640011885482E-01,NaN,NaN,  4.136458550163E-03,  7.214599643444E+15,  2.838014361359E+19,  1.080735554975E+20,  2.434429420845E+18,  8.180256892387E+20,  7.190792982125E+19,  9.335811699728E+12,  1.204041295875E+02,  3.424156267463E+01,  7.616396559234E+01,NaN,  9.998599524880E+00,NaN,  1.795609788564E-06,  3.312992579471E-02,NaN,  4.054160986148E+06,  5.422287888691E-07
  1.694089749870E+03,  3.236484274848E+03,  3.278780337022E+03,  4.253342910647E+04,  4.353049118711E+04,  9.918599818371E+02,  7.575586422398E-01,NaN,NaN,  4.176560998326E-03,  7.412823344996E+15,  2.819741449367E+19,  1.082562237948E+20,  2.511761508120E+18,  8.177942002246E+20,  7.212046355289E+19,  9.352170885101E+12,  1.208986797547E+02,  3.460744579828E+01,  7.629269959993E+01,NaN,  9.998532557695E+00,NaN,  1.798756243777E-06,  3.309578478626E-02,NaN,  4.077971487065E+06,  5.474877882552E-07
  1.779191821252E+03,  3.226105648148E+03,  3.267562996548E+03,  4.127498354741E+04,  4.227195400819E+04,  9.918599818371E+02,  7.509307872698E-01,NaN,NaN,  4.218556818559E-03,  7.620095764088E+15,  2.800607204054E+19,  1.084475003620E+20,  2.593286852681E+18,  8.175473544983E+20,  7.234645655216E+19,  9.369136443430E+12,  1.214224538368E+02,  3.499648933720E+01,  7.642750021622E+01,NaN,  9.998462481368E+00,NaN,  1.802019326151E-06,  3.305959965070E-02,NaN,  4.102227772268E+06,  5.529823183216E-07
  1.868339612776E+03,  3.215508308761E+03,  3.256116593695E+03,  4.001423053400E+04,  4.101110760431E+04,  9.918599818371E+02,  7.441372797613E-01,NaN,NaN,  4.262353528897E-03,  7.835312631769E+15,  2.780710031730E+19,  1.086464017475E+20,  2.678665889028E+18,  8.172859721421E+20,  7.258528218478E+19,  9.386656568614E+12,  1.219736808921E+02,  3.540761532127E+01,  7.656767436158E+01,NaN,  9.998389403893E+00,NaN,  1.805389071524E-06,  3.302149288666E-02,NaN,  4.126835550769E+06,  5.587030822980E-07
  1.961894116934E+03,  3.204675979931E+03,  3.244424070321E+03,  3.875064743332E+04,  3.974743119147E+04,  9.918599818371E+02,  7.371699136080E-01,NaN,NaN,  4.308108140028E-03,  8.059045164784E+15,  2.759993553102E+19,  1.088534913914E+20,  2.768223900168E+18,  8.170086537127E+20,  7.283817840841E+19,  9.404766692804E+12,  1.225548876968E+02,  3.584295369884E+01,  7.671361911598E+01,NaN,  9.998313073123E+00,NaN,  1.808872294763E-06,  3.298129171716E-02,NaN,  4.151823760564E+06,  5.646691644944E-07
  2.060328708516E+03,  3.193583879003E+03,  3.232458836536E+03,  3.748236345836E+04,  3.847905193925E+04,  9.918599818371E+02,  7.300099009225E-01,NaN,NaN,  4.356043925059E-03,  8.292347786925E+15,  2.738356068007E+19,  1.090697855819E+20,  2.862497908170E+18,  8.167131925420E+20,  7.310704228151E+19,  9.423520232653E+12,  1.231700536671E+02,  3.630576800490E+01,  7.686605070021E+01,NaN,  9.998233149531E+00,NaN,  1.812479269797E-06,  3.293872417808E-02,NaN,  4.177240609476E+06,  5.709061137324E-07
  2.163930772391E+03,  3.182231558268E+03,  3.220221379713E+03,  3.621145302802E+04,  3.720804618398E+04,  9.918599818371E+02,  7.226569321446E-01,NaN,NaN,  4.406264778828E-03,  8.535306304247E+15,  2.715785156611E+19,  1.092954084229E+20,  2.961653614130E+18,  8.163985988422E+20,  7.339278226650E+19,  9.442928998879E+12,  1.238208290612E+02,  3.679762121385E+01,  7.702505657565E+01,NaN,  9.998149455489E+00,NaN,  1.816212268249E-06,  3.289368064606E-02,NaN,  4.203075879974E+06,  5.774269375298E-07
  2.273473447417E+03,  3.170571284147E+03,  3.207660056856E+03,  3.493330273225E+04,  3.592979832631E+04,  9.918599818371E+02,  7.150763157366E-01,NaN,NaN,  4.459150243293E-03,  8.789862669539E+15,  2.692095278691E+19,  1.095322140320E+20,  3.066637935718E+18,  8.160610843790E+20,  7.369863557082E+19,  9.463092308875E+12,  1.245140888469E+02,  3.732408218122E+01,  7.719194341657E+01,NaN,  9.998061429030E+00,NaN,  1.820090392397E-06,  3.284569256238E-02,NaN,  4.229428337242E+06,  5.842743132918E-07
  2.387606861843E+03,  3.158774952691E+03,  3.194964929658E+03,  3.367359600869E+04,  3.466999442852E+04,  9.918599818371E+02,  7.073832148250E-01,NaN,NaN,  4.513860153852E-03,  9.049651086504E+15,  2.667874667227E+19,  1.097743239841E+20,  3.174963128689E+18,  8.157088737540E+20,  7.401784037244E+19,  9.483710063055E+12,  1.252340595317E+02,  3.787351904284E+01,  7.736256845035E+01,NaN,  9.997970214496E+00,NaN,  1.824055922382E-06,  3.279585914742E-02,NaN,  4.255891697344E+06,  5.913581972471E-07
  2.507436319144E+03,  3.146709449377E+03,  3.182044008278E+03,  3.248190587186E+04,  3.347821056204E+04,  9.918599818371E+02,  6.995194257488E-01,NaN,NaN,  4.568855902974E-03,  9.283041933407E+15,  2.646077279742E+19,  1.099922314862E+20,  3.273333122153E+18,  8.153950924171E+20,  7.431118062035E+19,  9.504839972879E+12,  1.258925518214E+02,  3.837853800455E+01,  7.751613700295E+01,NaN,  9.997874985741E+00,NaN,  1.828119958175E-06,  3.275026809166E-02,NaN,  4.282652129894E+06,  5.987424806833E-07
  2.633062176011E+03,  3.134496781449E+03,  3.168924450808E+03,  3.124204358125E+04,  3.223825063001E+04,  9.918599818371E+02,  6.915028589409E-01,NaN,NaN,  4.628257141154E-03,  9.558519349965E+15,  2.620302498267E+19,  1.102498738495E+20,  3.390717027507E+18,  8.150044013731E+20,  7.466495533717E+19,  9.526661614932E+12,  1.266829484300E+02,  3.898746248563E+01,  7.769770837816E+01,NaN,  9.997775733891E+00,NaN,  1.832317038765E-06,  3.269560243666E-02,NaN,  4.309646504782E+06,  6.064263700918E-07
  2.765145335989E+03,  3.122010455162E+03,  3.155575421445E+03,  3.007065370281E+04,  3.106676577799E+04,  9.918599818371E+02,  6.833098021211E-01,NaN,NaN,  4.688054333038E-03,  9.807094473713E+15,  2.597002041901E+19,  1.104828032277E+20,  3.497886029097E+18,  8.146534164536E+20,  7.499205609680E+19,  9.549026549974E+12,  1.274101193281E+02,  3.955058200233E+01,  7.786186347668E+01,NaN,  9.997672012509E+00,NaN,  1.836618613987E-06,  3.264532017934E-02,NaN,  4.336931317329E+06,  6.144437618011E-07
  2.904327660453E+03,  3.109326894496E+03,  3.141974852165E+03,  2.884968347492E+04,  2.984569722414E+04,  9.918599818371E+02,  6.749329866070E-01,NaN,NaN,  4.752961062181E-03,  1.010053878899E+16,  2.569442060078E+19,  1.107582865953E+20,  3.625910693748E+18,  8.142164053443E+20,  7.538738574938E+19,  9.572222530023E+12,  1.282845845513E+02,  4.023101115132E+01,  7.805600815555E+01,NaN,  9.997563403322E+00,NaN,  1.841080028823E-06,  3.258494490956E-02,NaN,  4.364543643829E+06,  6.228260988882E-07
  3.051805719459E+03,  3.096287206798E+03,  3.128056179739E+03,  2.768878302560E+04,  2.868470051629E+04,  9.918599818371E+02,  6.663222702101E-01,NaN,NaN,  4.818907578046E-03,  1.036955700355E+16,  2.544126092563E+19,  1.110113586591E+20,  3.744796788985E+18,  8.138153152955E+20,  7.575954121666E+19,  9.596157753594E+12,  1.291034712053E+02,  4.087166163875E+01,  7.823435864912E+01,NaN,  9.997449071718E+00,NaN,  1.845683626574E-06,  3.252845441630E-02,NaN,  4.392608745402E+06,  6.316361545240E-07
  3.206338157640E+03,  3.083138349708E+03,  3.113984197785E+03,  2.649388085375E+04,  2.748969965138E+04,  9.918599818371E+02,  6.575850935249E-01,NaN,NaN,  4.889905055456E-03,  1.068111349156E+16,  2.514746111184E+19,  1.113050305192E+20,  3.884298417208E+18,  8.133261257400E+20,  7.620184121606E+19,  9.620818262569E+12,  1.300715655377E+02,  4.163291207675E+01,  7.844132152121E+01,NaN,  9.997330089286E+00,NaN,  1.850426722592E-06,  3.246181009788E-02,NaN,  4.420786501709E+06,  6.407904203142E-07
  3.368983790629E+03,  3.069733529809E+03,  3.099704617733E+03,  2.537139546853E+04,  2.636711859457E+04,  9.918599818371E+02,  6.486819949857E-01,NaN,NaN,  4.961436568796E-03,  1.096367020843E+16,  2.488044469093E+19,  1.115719508082E+20,  4.012582367881E+18,  8.128808152452E+20,  7.661459173074E+19,  9.646072796930E+12,  1.309700624216E+02,  4.234342339007E+01,  7.862943143965E+01,NaN,  9.997205736565E+00,NaN,  1.855284070894E-06,  3.240005136913E-02,NaN,  4.449180113688E+06,  6.503435730567E-07
  3.538492636456E+03,  3.056259576047E+03,  3.085368592216E+03,  2.428086303957E+04,  2.527649176718E+04,  9.918599818371E+02,  6.397083674151E-01,NaN,NaN,  5.035153310288E-03,  1.124845502532E+16,  2.461078036876E+19,  1.118415175253E+20,  4.143615434925E+18,  8.124204054681E+20,  7.704188714109E+19,  9.671803249508E+12,  1.318954570415E+02,  4.307897169639E+01,  7.881940640691E+01,NaN,  9.997077078019E+00,NaN,  1.860232955255E-06,  3.233658118163E-02,NaN,  4.477485588287E+06,  6.602123405029E-07
  3.715436230359E+03,  3.042750386983E+03,  3.070961430092E+03,  2.316851072851E+04,  2.416404333094E+04,  9.918599818371E+02,  6.306596356614E-01,NaN,NaN,  5.114112963373E-03,  1.157425946288E+16,  2.430159786576E+19,  1.121505622466E+20,  4.295690550214E+18,  8.118657633861E+20,  7.754473346911E+19,  9.698218186829E+12,  1.329785607103E+02,  4.394441188663E+01,  7.903720317885E+01,NaN,  9.996943779531E+00,NaN,  1.865313490461E-06,  3.226252382360E-02,NaN,  4.505731380869E+06,  6.704217722729E-07
  3.905963762870E+03,  3.028704820947E+03,  3.056043513557E+03,  2.209919874055E+04,  2.309463606278E+04,  9.918599818371E+02,  6.212533128602E-01,NaN,NaN,  5.195777019372E-03,  1.188081057981E+16,  2.401002929530E+19,  1.124420187515E+20,  4.440995270538E+18,  8.113381695728E+20,  7.803287786362E+19,  9.725909486879E+12,  1.340240732104E+02,  4.478466518485E+01,  7.924260479731E+01,NaN,  9.996801357597E+00,NaN,  1.870639515773E-06,  3.219123579788E-02,NaN,  4.534769350950E+06,  6.813139340408E-07
  4.104118805426E+03,  3.014656039149E+03,  3.041141908038E+03,  2.106981012070E+04,  2.206515403883E+04,  9.918599818371E+02,  6.118223706529E-01,NaN,NaN,  5.279622772898E-03,  1.218707641103E+16,  2.371809412754E+19,  1.127338415946E+20,  4.588363788991E+18,  8.107961133017E+20,  7.853541445278E+19,  9.754072410337E+12,  1.350946156709E+02,  4.564969477051E+01,  7.944826458961E+01,NaN,  9.996654434693E+00,NaN,  1.876056251100E-06,  3.211848806891E-02,NaN,  4.563565386900E+06,  6.925337133928E-07
  4.310000312558E+03,  3.000624458120E+03,  3.026278354011E+03,  2.008104311405E+04,  2.107629561315E+04,  9.918599818371E+02,  6.023811152852E-01,NaN,NaN,  5.365575987705E-03,  1.249221368692E+16,  2.342659969107E+19,  1.130252238802E+20,  4.737443945381E+18,  8.102406800923E+20,  7.905149625106E+19,  9.782705346654E+12,  1.361881633893E+02,  4.653804455359E+01,  7.965361390261E+01,NaN,  9.996503051566E+00,NaN,  1.881563386674E-06,  3.204445519724E-02,NaN,  4.592080889016E+06,  7.040773805102E-07
  4.525647174986E+03,  2.986552802436E+03,  3.011340673723E+03,  1.907480382976E+04,  2.006996324561E+04,  9.918599818371E+02,  5.928641181306E-01,NaN,NaN,  5.457936046663E-03,  1.284029757468E+16,  2.309329475010E+19,  1.133583740854E+20,  4.910302069224E+18,  8.095725495397E+20,  7.965926778018E+19,  9.812266766393E+12,  1.374687814855E+02,  4.758403495032E+01,  7.988839881971E+01,NaN,  9.996345828265E+00,NaN,  1.887249102748E-06,  3.195817617724E-02,NaN,  4.620532559813E+06,  7.160487236103E-07
  4.752500231187E+03,  2.972298314985E+03,  2.996275385350E+03,  1.814278775414E+04,  1.913785688246E+04,  9.918599818371E+02,  5.832301192424E-01,NaN,NaN,  5.550618620273E-03,  1.315365597057E+16,  2.279252995323E+19,  1.136590197679E+20,  5.068604043413E+18,  8.089637260116E+20,  8.022556272216E+19,  9.842579240372E+12,  1.386552592573E+02,  4.855879904703E+01,  8.010027643686E+01,NaN,  9.996181880291E+00,NaN,  1.893079273358E-06,  3.187860523782E-02,NaN,  4.649020332959E+06,  7.285146632490E-07
  4.990508202682E+03,  2.957957532579E+03,  2.981136396068E+03,  1.724049124383E+04,  1.823547240726E+04,  9.918599818371E+02,  5.735160467692E-01,NaN,NaN,  5.646661993425E-03,  1.346993656001E+16,  2.248827629237E+19,  1.139631514176E+20,  5.231034770171E+18,  8.083296572084E+20,  8.081595401707E+19,  9.873786644600E+12,  1.398856600868E+02,  4.957503599753E+01,  8.031461076125E+01,NaN,  9.996011428945E+00,NaN,  1.899081570996E-06,  3.179651328967E-02,NaN,  4.677440375614E+06,  7.414562464357E-07
  5.240537098204E+03,  2.943569225165E+03,  2.965916710242E+03,  1.632285372706E+04,  1.731774494232E+04,  9.918599818371E+02,  5.637228064522E-01,NaN,NaN,  5.750185531081E-03,  1.383068625917E+16,  2.214039657451E+19,  1.143108645861E+20,  5.419627066022E+18,  8.075659783787E+20,  8.151293436970E+19,  9.906203305209E+12,  1.413300258230E+02,  5.077453107078E+01,  8.055965880916E+01,NaN,  9.995834037705E+00,NaN,  1.905316451794E-06,  3.170076058360E-02,NaN,  4.705804912571E+06,  7.549048986088E-07
  5.502630662540E+03,  2.929082470788E+03,  2.950659443792E+03,  1.548207440731E+04,  1.647687985426E+04,  9.918599818371E+02,  5.538721641974E-01,NaN,NaN,  5.853433088662E-03,  1.415207546512E+16,  2.182971176311E+19,  1.146214213987E+20,  5.590791005212E+18,  8.068752840590E+20,  8.215724598615E+19,  9.939416652375E+12,  1.426577372147E+02,  5.188356421958E+01,  8.077852121525E+01,NaN,  9.995649868185E+00,NaN,  1.911704563851E-06,  3.161328892322E-02,NaN,  4.734033431933E+06,  7.688480335473E-07
  5.778456275584E+03,  2.914501134816E+03,  2.935319644792E+03,  1.466905431551E+04,  1.566377505597E+04,  9.918599818371E+02,  5.439372172092E-01,NaN,NaN,  5.960693854032E-03,  1.447668965810E+16,  2.151518301754E+19,  1.149358184666E+20,  5.766778171280E+18,  8.061537354301E+20,  8.283096745491E+19,  9.973840598048E+12,  1.440387634271E+02,  5.304321352494E+01,  8.100009001021E+01,NaN,  9.995457973621E+00,NaN,  1.918325517208E-06,  3.152291820348E-02,NaN,  4.762208921085E+06,  7.833540768998E-07
  6.067656482770E+03,  2.899933949550E+03,  2.919966422356E+03,  1.384725892207E+04,  1.484189370406E+04,  9.918599818371E+02,  5.339691123230E-01,NaN,NaN,  6.076031816949E-03,  1.484442072296E+16,  2.115798294334E+19,  1.152928422031E+20,  5.969996885905E+18,  8.052897576307E+20,  8.362279154265E+19,  1.000968209820E+13,  1.456528726077E+02,  5.440591224836E+01,  8.125169960567E+01,NaN,  9.995258828491E+00,NaN,  1.925219116885E-06,  3.141815180114E-02,NaN,  4.790204752186E+06,  7.983855994888E-07
  6.371417865801E+03,  2.885278107568E+03,  2.904584522201E+03,  1.309740976746E+04,  1.409196274612E+04,  9.918599818371E+02,  5.239503121213E-01,NaN,NaN,  6.191067004972E-03,  1.517117354693E+16,  2.083979442999E+19,  1.156108937750E+20,  6.154217020898E+18,  8.045079637516E+20,  8.435456210058E+19,  1.004662011608E+13,  1.471363637583E+02,  5.566546608879E+01,  8.147584388291E+01,NaN,  9.995051854299E+00,NaN,  1.932323616054E-06,  3.132263795541E-02,NaN,  4.818050119610E+06,  8.139845412504E-07
  6.690888885586E+03,  2.870617598324E+03,  2.889169556297E+03,  1.233814797398E+04,  1.333261805678E+04,  9.918599818371E+02,  5.138851343005E-01,NaN,NaN,  6.315228480850E-03,  1.554253762497E+16,  2.047725304376E+19,  1.159732518249E+20,  6.367844003803E+18,  8.035677056535E+20,  8.521868484838E+19,  1.008532410459E+13,  1.488786212939E+02,  5.715257002158E+01,  8.173121279269E+01,NaN,  9.994836539902E+00,NaN,  1.939767774405E-06,  3.121151640075E-02,NaN,  4.845753946723E+06,  8.301851674854E-07
  7.030221325720E+03,  2.855735569468E+03,  2.873583127723E+03,  1.163865997573E+04,  1.263304996197E+04,  9.918599818371E+02,  5.036779965848E-01,NaN,NaN,  6.440582062378E-03,  1.587757356756E+16,  2.014933989546E+19,  1.163010175748E+20,  6.564680903045E+18,  8.027006878535E+20,  8.603102935244E+19,  1.012579996910E+13,  1.505075941529E+02,  5.855077875325E+01,  8.196220305835E+01,NaN,  9.994610393796E+00,NaN,  1.947552727749E-06,  3.110860728737E-02,NaN,  4.873563157953E+06,  8.471731395781E-07
  7.384269541276E+03,  2.840995889065E+03,  2.858120999410E+03,  1.094001998268E+04,  1.193432935886E+04,  9.918599818371E+02,  4.935282883724E-01,NaN,NaN,  6.574527611770E-03,  1.625190218609E+16,  1.978203357106E+19,  1.166681329553E+20,  6.789341948844E+18,  8.016754324149E+20,  8.697590880010E+19,  1.016799858775E+13,  1.523921440544E+02,  6.017684025437E+01,  8.222092465846E+01,NaN,  9.994377185940E+00,NaN,  1.955669028202E-06,  3.099084262844E-02,NaN,  4.900951311025E+06,  8.646593747799E-07
  7.756149209658E+03,  2.826222446731E+03,  2.842685849419E+03,  1.030855457558E+04,  1.130278760982E+04,  9.918599818371E+02,  4.833686944096E-01,NaN,NaN,  6.707661174609E-03,  1.658149216345E+16,  1.945779961990E+19,  1.169922173619E+20,  6.991531527918E+18,  8.007525619336E+20,  8.784394222282E+19,  1.021175487895E+13,  1.541143621828E+02,  6.167090457157E+01,  8.244932052721E+01,NaN,  9.994135119945E+00,NaN,  1.964084924677E-06,  3.088438756927E-02,NaN,  4.928095846444E+06,  8.827769129720E-07
  8.152534241765E+03,  2.811307298214E+03,  2.827073297690E+03,  9.661522677661E+03,  1.065567702705E+04,  9.918599818371E+02,  4.730715166384E-01,NaN,NaN,  6.853702051760E-03,  1.696258307196E+16,  1.908193964373E+19,  1.173678749525E+20,  7.230567483314E+18,  7.996197991516E+20,  8.889023917461E+19,  1.025855377194E+13,  1.561794112802E+02,  6.347146681889E+01,  8.271406218090E+01,NaN,  9.993880307364E+00,NaN,  1.973086022069E-06,  3.075831503634E-02,NaN,  4.955355456931E+06,  9.018102860554E-07
  8.561435321359E+03,  2.796653523883E+03,  2.811799076471E+03,  9.093360500548E+03,  1.008744208721E+04,  9.918599818371E+02,  4.629704209338E-01,NaN,NaN,  6.995358961706E-03,  1.728611846475E+16,  1.876203266981E+19,  1.176876295752E+20,  7.438217310510E+18,  7.986366704325E+20,  8.981852086127E+19,  1.030631121199E+13,  1.580022663875E+02,  6.506923698719E+01,  8.293940666936E+01,NaN,  9.993620748637E+00,NaN,  1.982271482273E-06,  3.064839712455E-02,NaN,  4.981834740632E+06,  9.211559315163E-07
  8.998451151801E+03,  2.781842073667E+03,  2.796330915077E+03,  8.509241824723E+03,  9.503248444791E+03,  9.918599818371E+02,  4.527229000372E-01,NaN,NaN,  7.151416680344E-03,  1.766244219712E+16,  1.838897976263E+19,  1.180604754655E+20,  7.685298235659E+18,  7.974215519351E+20,  9.094500594729E+19,  1.035770447395E+13,  1.602033052150E+02,  6.700778948646E+01,  8.320216680002E+01,NaN,  9.993346936361E+00,NaN,  1.992156240793E-06,  3.051748959014E-02,NaN,  5.008461160610E+06,  9.415164735512E-07
  9.463061963558E+03,  2.766932812906E+03,  2.780776298937E+03,  7.948195726407E+03,  8.942127800922E+03,  9.918599818371E+02,  4.423947579947E-01,NaN,NaN,  7.315199994027E-03,  1.804267804347E+16,  1.801101862483E+19,  1.184382220967E+20,  7.941395450478E+18,  7.961348549687E+20,  9.213885549723E+19,  1.041237843102E+13,  1.625236838999E+02,  6.906224142294E+01,  8.346838068822E+01,NaN,  9.993059786069E+00,NaN,  2.002671994072E-06,  3.038159715417E-02,NaN,  5.035046563848E+06,  9.628133288746E-07
  9.936504615211E+03,  2.752544427937E+03,  2.765788345710E+03,  7.437994242678E+03,  8.431856031856E+03,  9.918599818371E+02,  4.324239520840E-01,NaN,NaN,  7.478421310040E-03,  1.840110217958E+16,  1.765378426066E+19,  1.187952530219E+20,  8.189036262697E+18,  7.948680191256E+20,  9.331920635561E+19,  1.046810971570E+13,  1.648062744001E+02,  7.109350584154E+01,  8.371999534988E+01,NaN,  9.992771195249E+00,NaN,  2.013391109187E-06,  3.025003306694E-02,NaN,  5.060485243635E+06,  9.841567499078E-07
  1.043729490621E+04,  2.738142423356E+03,  2.750800981933E+03,  6.951063692803E+03,  7.944856521531E+03,  9.918599818371E+02,  4.224316585292E-01,NaN,NaN,  7.648605791741E-03,  1.875993523137E+16,  1.729521108863E+19,  1.191536172748E+20,  8.443313536669E+18,  7.935401943473E+20,  9.455783669084E+19,  1.052722503927E+13,  1.671900687363E+02,  7.322504684654E+01,  8.397254966352E+01,NaN,  9.992470201527E+00,NaN,  2.024761095757E-06,  3.011488216910E-02,NaN,  5.085749844084E+06,  1.006350124408E-06
  1.096695475804E+04,  2.723746989738E+03,  2.735835326743E+03,  6.487565865043E+03,  7.481290807506E+03,  9.918599818371E+02,  4.124387280654E-01,NaN,NaN,  7.825895948703E-03,  1.911810801827E+16,  1.693636527181E+19,  1.195122490816E+20,  8.703782189571E+18,  7.921515703516E+20,  9.585491808147E+19,  1.058997699001E+13,  1.696746136799E+02,  7.545716267918E+01,  8.422529253352E+01,NaN,  9.992156430368E+00,NaN,  2.036830535527E-06,  2.997645438664E-02,NaN,  5.110806905423E+06,  1.029406205490E-06
  1.152183974833E+04,  2.709507698481E+03,  2.721048098198E+03,  6.052359172062E+03,  7.046017823952E+03,  9.918599818371E+02,  4.025443009649E-01,NaN,NaN,  8.008394319538E-03,  1.946963781424E+16,  1.658326552837E+19,  1.198651337960E+20,  8.966221172225E+18,  7.907240104631E+20,  9.719112030406E+19,  1.065598520916E+13,  1.722224259723E+02,  7.775660616293E+01,  8.447398518666E+01,NaN,  9.991832573191E+00,NaN,  2.049526271928E-06,  2.983706694603E-02,NaN,  5.135399142058E+06,  1.053113580263E-06
  1.210881895009E+04,  2.695303116542E+03,  2.706310913218E+03,  5.639261847858E+03,  6.632855552589E+03,  9.918599818371E+02,  3.926684389332E-01,NaN,NaN,  8.198368382876E-03,  1.981937211579E+16,  1.623107372352E+19,  1.202171054662E+20,  9.234353677581E+18,  7.892348740544E+20,  9.858692576615E+19,  1.072615670610E+13,  1.748721430594E+02,  8.015861142582E+01,  8.472203437917E+01,NaN,  9.991495191432E+00,NaN,  2.063022755238E-06,  2.969483877150E-02,NaN,  5.159745542249E+06,  1.077706992542E-06
  1.272300349004E+04,  2.681300295655E+03,  2.691798587115E+03,  5.253299495274E+03,  6.246830176452E+03,  9.918599818371E+02,  3.829280978332E-01,NaN,NaN,  8.393358149917E-03,  2.016039210060E+16,  1.588679551518E+19,  1.205611633949E+20,  9.502921821847E+18,  7.877133838820E+20,  1.000163562729E+20,  1.079993637713E+13,  1.775741551969E+02,  8.261849900956E+01,  8.496450642634E+01,NaN,  9.991147683776E+00,NaN,  2.077213219202E-06,  2.955264187494E-02,NaN,  5.183563394318E+06,  1.102919730762E-06
  1.336149194588E+04,  2.667593887269E+03,  2.677609283054E+03,  4.895934454083E+03,  5.889404299816E+03,  9.918599818371E+02,  3.733881008878E-01,NaN,NaN,  8.591753563683E-03,  2.048881315837E+16,  1.555443351780E+19,  1.208933077829E+20,  9.768575642614E+18,  7.861796737875E+20,  1.014613790938E+20,  1.087698842209E+13,  1.802946335751E+02,  8.510525680446E+01,  8.519858250184E+01,NaN,  9.990792176767E+00,NaN,  2.092033077464E-06,  2.941233011954E-02,NaN,  5.206701858640E+06,  1.128577964378E-06
  1.403078620727E+04,  2.654108829604E+03,  2.663625814553E+03,  4.538797396820E+03,  5.532205427177E+03,  9.918599818371E+02,  3.639790561504E-01,NaN,NaN,  8.806591987086E-03,  2.085632777893E+16,  1.518155970158E+19,  1.212659156379E+20,  1.007428859697E+19,  7.843522264125E+20,  1.031619142162E+20,  1.095884850262E+13,  1.834828696342E+02,  8.803126716759E+01,  8.546117487904E+01,NaN,  9.990425479789E+00,NaN,  2.107777692568E-06,  2.925152232538E-02,NaN,  5.229361676001E+06,  1.154891074095E-06
  1.473594964078E+04,  2.640721675591E+03,  2.649793057818E+03,  4.224902927055E+03,  5.218253377705E+03,  9.918599818371E+02,  3.546518856418E-01,NaN,NaN,  9.017912603175E-03,  2.117104126836E+16,  1.486147032619E+19,  1.215857825439E+20,  1.034377406780E+19,  7.827295703017E+20,  1.046964704443E+20,  1.104482918132E+13,  1.863487718500E+02,  9.067212569646E+01,  8.568659849824E+01,NaN,  9.990045531021E+00,NaN,  2.124314845764E-06,  2.911019135206E-02,NaN,  5.251638909883E+06,  1.181978420442E-06
  1.548746217888E+04,  2.627369557534E+03,  2.635970731813E+03,  3.904679941601E+03,  4.897970341989E+03,  9.918599818371E+02,  3.453264778818E-01,NaN,NaN,  9.251701167745E-03,  2.153276175713E+16,  1.449265715837E+19,  1.219543172354E+20,  1.066248777306E+19,  7.807409049737E+20,  1.065523193559E+20,  1.113770543984E+13,  1.898013265664E+02,  9.386535664463E+01,  8.594632034638E+01,NaN,  9.989647433216E+00,NaN,  2.142178265069E-06,  2.894397034145E-02,NaN,  5.273763158751E+06,  1.210153753223E-06
  1.629616709336E+04,  2.613924879634E+03,  2.622062341469E+03,  3.597522310073E+03,  4.590752530720E+03,  9.918599818371E+02,  3.359295590153E-01,NaN,NaN,  9.500243991291E-03,  2.189822443041E+16,  1.411904953798E+19,  1.223276331962E+20,  1.099501365394E+19,  7.786153800147E+20,  1.085373162972E+20,  1.123814941538E+13,  1.934793993284E+02,  9.728075875168E+01,  8.620941175540E+01,NaN,  9.989226659779E+00,NaN,  2.161497226449E-06,  2.877159122790E-02,NaN,  5.295889012542E+06,  1.239684746483E-06
  1.711687230070E+04,  2.601121472904E+03,  2.608868521730E+03,  3.343232464939E+03,  4.336409164872E+03,  9.918599818371E+02,  3.269992617293E-01,NaN,NaN,  9.732378890895E-03,  2.218819654614E+16,  1.382190225019E+19,  1.226245503947E+20,  1.126690710497E+19,  7.768680232335E+20,  1.101996526247E+20,  1.133946228391E+13,  1.965490588622E+02,  1.001415877186E+02,  8.641866175357E+01,NaN,  9.988807209074E+00,NaN,  2.180983306961E-06,  2.863130589631E-02,NaN,  5.316753015437E+06,  1.268853062975E-06
  1.797378511684E+04,  2.588647952940E+03,  2.595992276517E+03,  3.089687785357E+03,  4.082809931690E+03,  9.918599818371E+02,  3.182814987082E-01,NaN,NaN,  9.983584480943E-03,  2.251293525347E+16,  1.348838320388E+19,  1.229577926190E+20,  1.158009869114E+19,  7.747863254231E+20,  1.121552097605E+20,  1.144634014761E+13,  2.001483654450E+02,  1.035064746207E+02,  8.665351152035E+01,NaN,  9.988377102454E+00,NaN,  2.201539734663E-06,  2.847092694269E-02,NaN,  5.336998420125E+06,  1.298462195247E-06
  1.887631707612E+04,  2.576372509645E+03,  2.583330403221E+03,  2.852851764318E+03,  3.845920645938E+03,  9.918599818371E+02,  3.096976064810E-01,NaN,NaN,  1.024348807111E-02,  2.282943758502E+16,  1.316256468919E+19,  1.232833305515E+20,  1.189482737936E+19,  7.726492594429E+20,  1.141661852240E+20,  1.155904606337E+13,  2.038376074047E+02,  1.069667411355E+02,  8.688293174972E+01,NaN,  9.987932296222E+00,NaN,  2.223217104782E-06,  2.831097807417E-02,NaN,  5.356795587133E+06,  1.328738120484E-06
  1.982015704683E+04,  2.564424107995E+03,  2.570983327023E+03,  2.617014559907E+03,  3.610028656262E+03,  9.918599818371E+02,  3.013265907542E-01,NaN,NaN,  1.052677365280E-02,  2.318068898302E+16,  1.280009574087E+19,  1.236454714319E+20,  1.225559341611E+19,  7.701166797148E+20,  1.165266380571E+20,  1.167792710523E+13,  2.081533897806E+02,  1.110277641685E+02,  8.713814761104E+01,NaN,  9.987475755011E+00,NaN,  2.246082172041E-06,  2.812941191778E-02,NaN,  5.375995268853E+06,  1.359427348673E-06
  2.081672908446E+04,  2.552632086006E+03,  2.558839175211E+03,  2.412968507703E+03,  3.405931796100E+03,  9.918599818371E+02,  2.930783919856E-01,NaN,NaN,  1.080402606962E-02,  2.347697815877E+16,  1.249361577124E+19,  1.239516653058E+20,  1.257008138483E+19,  7.678831074175E+20,  1.186359359639E+20,  1.180221155018E+13,  2.119982121755E+02,  1.146572720172E+02,  8.735393527128E+01,NaN,  9.987002617096E+00,NaN,  2.269986506564E-06,  2.797247101732E-02,NaN,  5.394778806722E+06,  1.390794204344E-06
  2.186407517670E+04,  2.541102301629E+03,  2.546973781033E+03,  2.223759562725E+03,  3.216673306173E+03,  9.918599818371E+02,  2.850130415787E-01,NaN,NaN,  1.108942437408E-02,  2.376236615089E+16,  1.219778797246E+19,  1.242472041803E+20,  1.288227240140E+19,  7.656212783176E+20,  1.207761301699E+20,  1.193233424735E+13,  2.158887439587E+02,  1.183400129588E+02,  8.756221390677E+01,NaN,  9.986514798098E+00,NaN,  2.295013745359E-06,  2.781814203091E-02,NaN,  5.413035590300E+06,  1.422631980673E-06
  2.296045796062E+04,  2.529920376221E+03,  2.535443597605E+03,  2.034457061187E+03,  3.027319612557E+03,  9.918599818371E+02,  2.771740897481E-01,NaN,NaN,  1.140231969402E-02,  2.408150516760E+16,  1.186625049576E+19,  1.245784047861E+20,  1.324263798354E+19,  7.629246260741E+20,  1.233022503924E+20,  1.206903309814E+13,  2.204678072593E+02,  1.226861660461E+02,  8.779562485943E+01,NaN,  9.986014032496E+00,NaN,  2.321305813201E-06,  2.764209036496E-02,NaN,  5.430686775751E+06,  1.454755830458E-06
  2.411632898823E+04,  2.518950142167E+03,  2.524170053779E+03,  1.872987772590E+03,  2.865803263124E+03,  9.918599818371E+02,  2.694993114144E-01,NaN,NaN,  1.170516385151E-02,  2.434382333818E+16,  1.159315472839E+19,  1.248512057374E+20,  1.354849160178E+19,  7.606140804935E+20,  1.254971141937E+20,  1.221079230438E+13,  2.244365143927E+02,  1.264631367332E+02,  8.798787912708E+01,NaN,  9.985496183829E+00,NaN,  2.348571168002E-06,  2.749415897503E-02,NaN,  5.447860118320E+06,  1.487351639403E-06
  2.533549914635E+04,  2.508268944059E+03,  2.513169855684E+03,  1.709400238066E+03,  2.702166459608E+03,  9.918599818371E+02,  2.620097710500E-01,NaN,NaN,  1.204155022715E-02,  2.464216268643E+16,  1.128192778639E+19,  1.251620862793E+20,  1.390727552035E+19,  7.578156226043E+20,  1.281269305701E+20,  1.236024243489E+13,  2.291797564361E+02,  1.309878236275E+02,  8.820696967878E+01,NaN,  9.984960752474E+00,NaN,  2.377315762031E-06,  2.732286040941E-02,NaN,  5.464536679944E+06,  1.520344792058E-06
  2.661194524061E+04,  2.497929936275E+03,  2.502531134656E+03,  1.560222478674E+03,  2.552941260458E+03,  9.918599818371E+02,  2.548441116603E-01,NaN,NaN,  1.238607535972E-02,  2.492304019355E+16,  1.098829651093E+19,  1.254553728905E+20,  1.425650286551E+19,  7.550350255119E+20,  1.307466401041E+20,  1.251469091457E+13,  2.338933396778E+02,  1.354952649054E+02,  8.841366104989E+01,NaN,  9.984411315406E+00,NaN,  2.407021717000E-06,  2.715829102415E-02,NaN,  5.480590239757E+06,  1.553424417578E-06
  2.794354318088E+04,  2.487963523845E+03,  2.492284525790E+03,  1.424824477597E+03,  2.417497619330E+03,  9.918599818371E+02,  2.480234544764E-01,NaN,NaN,  1.273715356355E-02,  2.518530836262E+16,  1.071356357706E+19,  1.257297640515E+20,  1.459315262646E+19,  7.523015826211E+20,  1.333290377571E+20,  1.267339313141E+13,  2.385295789604E+02,  1.399386913548E+02,  8.860703600498E+01,NaN,  9.983849163012E+00,NaN,  2.437545817441E-06,  2.700168676737E-02,NaN,  5.495982874815E+06,  1.586425315024E-06
  2.934473408046E+04,  2.478281322871E+03,  2.482338456897E+03,  1.301009324807E+03,  2.293638237028E+03,  9.918599818371E+02,  2.415233449855E-01,NaN,NaN,  1.309749483238E-02,  2.543121986359E+16,  1.045546627453E+19,  1.259875191605E+20,  1.491855091001E+19,  7.496100752011E+20,  1.358793175999E+20,  1.283750492512E+13,  2.430990366422E+02,  1.443270784522E+02,  8.878868683681E+01,NaN,  9.983268884108E+00,NaN,  2.469110372585E-06,  2.685222906479E-02,NaN,  5.510859484060E+06,  1.619578776478E-06
  3.083390639684E+04,  2.468800597861E+03,  2.472605253974E+03,  1.186057992365E+03,  2.178643353589E+03,  9.918599818371E+02,  2.352338195086E-01,NaN,NaN,  1.347282829422E-02,  2.566618759882E+16,  1.020839679898E+19,  1.262342388058E+20,  1.523871267331E+19,  7.469121669296E+20,  1.384411732226E+20,  1.300858504196E+13,  2.476808093402E+02,  1.487355825058E+02,  8.896256051469E+01,NaN,  9.982663817723E+00,NaN,  2.502015184966E-06,  2.670703944532E-02,NaN,  5.525356535441E+06,  1.653140434935E-06
  3.242703574035E+04,  2.459480854216E+03,  2.463043322297E+03,  1.079107164432E+03,  2.071649702713E+03,  9.918599818371E+02,  2.291633861965E-01,NaN,NaN,  1.386550514569E-02,  2.589046578088E+16,  9.972143051896E+18,  1.264701327739E+20,  1.555315709858E+19,  7.442147363802E+20,  1.410088123649E+20,  1.318751982254E+13,  2.522651310168E+02,  1.531542948436E+02,  8.912880488394E+01,NaN,  9.982028752750E+00,NaN,  2.536430729524E-06,  2.656625322297E-02,NaN,  5.539539935812E+06,  1.687236981599E-06
  3.406946204423E+04,  2.450663782318E+03,  2.454004778237E+03,  9.841662036593E+02,  1.976668406994E+03,  9.918599818371E+02,  2.234903576815E-01,NaN,NaN,  1.425794018013E-02,  2.609248973792E+16,  9.758971580043E+18,  1.266829504872E+20,  1.584417704763E+19,  7.416790945023E+20,  1.434314529853E+20,  1.336715519339E+13,  2.565840392255E+02,  1.573238641196E+02,  8.927878644901E+01,NaN,  9.981386085888E+00,NaN,  2.570981022593E-06,  2.643755053928E-02,NaN,  5.552893952311E+06,  1.720538221901E-06
  3.580009235320E+04,  2.442179070946E+03,  2.445284491287E+03,  8.870832588258E+02,  1.879542631900E+03,  9.918599818371E+02,  2.181065700879E-01,NaN,NaN,  1.470297776703E-02,  2.632456136864E+16,  9.513674986757E+18,  1.269278434425E+20,  1.618772489263E+19,  7.385959011305E+20,  1.463460768031E+20,  1.355320995743E+13,  2.617713067327E+02,  1.623392101164E+02,  8.945137278184E+01,NaN,  9.980721227642E+00,NaN,  2.606765994085E-06,  2.628782810233E-02,NaN,  5.565729191820E+06,  1.753695994014E-06
  3.763093045732E+04,  2.433934649419E+03,  2.436843756436E+03,  8.080596742913E+02,  1.800481425413E+03,  9.918599818371E+02,  2.129594514469E-01,NaN,NaN,  1.512047916494E-02,  2.649847599434E+16,  9.329530441519E+18,  1.271116211986E+20,  1.645227570501E+19,  7.362128205156E+20,  1.486368856837E+20,  1.374175114586E+13,  2.658435544294E+02,  1.662826332209E+02,  8.958088867157E+01,NaN,  9.980029893907E+00,NaN,  2.643029193727E-06,  2.617380914691E-02,NaN,  5.578107788225E+06,  1.786793545805E-06
  3.959277297318E+04,  2.425915056085E+03,  2.428608764507E+03,  7.248137312001E+02,  1.717194436924E+03,  9.918599818371E+02,  2.080030995939E-01,NaN,NaN,  1.560894183944E-02,  2.670739453724E+16,  9.107984463903E+18,  1.273327400333E+20,  1.677801914613E+19,  7.331887042528E+20,  1.515061526723E+20,  1.393903951246E+13,  2.709366101075E+02,  1.712205847839E+02,  8.973672038487E+01,NaN,  9.979302257728E+00,NaN,  2.680974787922E-06,  2.603543429593E-02,NaN,  5.590142058198E+06,  1.820073751168E-06
  4.157383747407E+04,  2.418511195913E+03,  2.421040467982E+03,  6.626290528595E+02,  1.654976766036E+03,  9.918599818371E+02,  2.035109767478E-01,NaN,NaN,  1.603150759077E-02,  2.684469544487E+16,  8.962165269091E+18,  1.274781909666E+20,  1.699748119895E+19,  7.311597331915E+20,  1.534750672066E+20,  1.412768404466E+13,  2.744288509374E+02,  1.746110427877E+02,  8.983922575565E+01,NaN,  9.978579676844E+00,NaN,  2.717257864261E-06,  2.594312213435E-02,NaN,  5.601165136608E+06,  1.851555174464E-06
  4.369833149287E+04,  2.411313456754E+03,  2.413657387628E+03,  5.953267432728E+02,  1.587637619395E+03,  9.918599818371E+02,  1.991734816644E-01,NaN,NaN,  1.653631351656E-02,  2.701854060244E+16,  8.777289514014E+18,  1.276626348455E+20,  1.728088127242E+19,  7.284542990710E+20,  1.560546465501E+20,  1.432441569701E+13,  2.789984478490E+02,  1.790514169719E+02,  8.996921109003E+01,NaN,  9.977817031977E+00,NaN,  2.755096382435E-06,  2.582542550263E-02,NaN,  5.611884550929E+06,  1.883123952292E-06
  4.595763302540E+04,  2.404383332876E+03,  2.406551633663E+03,  5.336730599841E+02,  1.525948437004E+03,  9.918599818371E+02,  1.950541125149E-01,NaN,NaN,  1.706449881957E-02,  2.718024814529E+16,  8.605071769700E+18,  1.278344060940E+20,  1.755072303756E+19,  7.258397031418E+20,  1.585528560066E+20,  1.452379053416E+13,  2.834195452255E+02,  1.833522582101E+02,  9.009026549045E+01,NaN,  9.977018731466E+00,NaN,  2.793443279384E-06,  2.571473767340E-02,NaN,  5.622169847694E+06,  1.914335950443E-06
  4.825714622754E+04,  2.398006052396E+03,  2.400017685613E+03,  4.804387998668E+02,  1.472681940080E+03,  9.918599818371E+02,  1.913172972090E-01,NaN,NaN,  1.758571438167E-02,  2.731972866080E+16,  8.456328306626E+18,  1.279827105787E+20,  1.778851686193E+19,  7.235083433331E+20,  1.607889668969E+20,  1.471605612487E+13,  2.873736479601E+02,  1.872026448177E+02,  9.019478187850E+01,NaN,  9.976218433456E+00,NaN,  2.830422814511E-06,  2.561829227244E-02,NaN,  5.631600356109E+06,  1.943778880703E-06
  5.076579089979E+04,  2.391765292390E+03,  2.393595618153E+03,  4.214560333126E+02,  1.413662107715E+03,  9.918599818371E+02,  1.876748430189E-01,NaN,NaN,  1.824002409466E-02,  2.749824336876E+16,  8.265697571265E+18,  1.281728263745E+20,  1.809942569111E+19,  7.203688196736E+20,  1.637588323778E+20,  1.491758292838E+13,  2.926188093387E+02,  1.923146841351E+02,  9.032876445055E+01,NaN,  9.975357883927E+00,NaN,  2.869183611394E-06,  2.549395345628E-02,NaN,  5.640844171806E+06,  1.973434110548E-06
  5.339585837897E+04,  2.385862224262E+03,  2.387550759702E+03,  3.766861131847E+02,  1.368862255051E+03,  9.918599818371E+02,  1.842815988697E-01,NaN,NaN,  1.882694529334E-02,  2.761809539035E+16,  8.137520931036E+18,  1.283005210209E+20,  1.831292349574E+19,  7.182138686437E+20,  1.658340300255E+20,  1.511291554759E+13,  2.962825350690E+02,  1.958893080041E+02,  9.041875622148E+01,NaN,  9.974467936635E+00,NaN,  2.906753045564E-06,  2.540941496896E-02,NaN,  5.649522292752E+06,  2.002017074491E-06
  5.620969292535E+04,  2.380226106200E+03,  2.381781350852E+03,  3.360164047939E+02,  1.328164195567E+03,  9.918599818371E+02,  1.810816452132E-01,NaN,NaN,  1.943960903489E-02,  2.772696893166E+16,  8.020961872059E+18,  1.284165743622E+20,  1.851019718143E+19,  7.162035712879E+20,  1.677751932618E+20,  1.530759052460E+13,  2.997080805075E+02,  1.992340049218E+02,  9.050054387670E+01,NaN,  9.973528764841E+00,NaN,  2.944195991668E-06,  2.533204360028E-02,NaN,  5.657784477685E+06,  2.029921812696E-06
  5.918182033831E+04,  2.374969505689E+03,  2.376373896818E+03,  2.920022835095E+02,  1.284118407937E+03,  9.918599818371E+02,  1.781139878819E-01,NaN,NaN,  2.019998840289E-02,  2.786598967358E+16,  7.871972855660E+18,  1.285649960210E+20,  1.876637615696E+19,  7.135158122556E+20,  1.703269795615E+20,  1.550132708644E+13,  3.042062411305E+02,  2.036285457155E+02,  9.060514284233E+01,NaN,  9.972549591234E+00,NaN,  2.981458447043E-06,  2.523283938350E-02,NaN,  5.665510211503E+06,  2.056645562102E-06
  6.221266051136E+04,  2.370177545632E+03,  2.371475017463E+03,  2.617004871219E+02,  1.253793623357E+03,  9.918599818371E+02,  1.754349752197E-01,NaN,NaN,  2.082297114012E-02,  2.794379793120E+16,  7.788475580710E+18,  1.286479703963E+20,  1.891237311492E+19,  7.120035109861E+20,  1.718018920835E+20,  1.567995720421E+13,  3.068075038002E+02,  2.061723200116E+02,  9.066361836332E+01,NaN,  9.971562409497E+00,NaN,  3.015815394067E-06,  2.517664896425E-02,NaN,  5.672494259049E+06,  2.081344858101E-06
  6.555778264057E+04,  2.365548563001E+03,  2.366713424623E+03,  2.257778973940E+02,  1.217843168970E+03,  9.918599818371E+02,  1.728644125863E-01,NaN,NaN,  2.166916634178E-02,  2.805920148093E+16,  7.664545512745E+18,  1.287712853043E+20,  1.913160722498E+19,  7.096543654182E+20,  1.740366900132E+20,  1.586401488335E+13,  3.107439339063E+02,  2.100229218045E+02,  9.075052354898E+01,NaN,  9.970485501638E+00,NaN,  3.051216254856E-06,  2.509325226716E-02,NaN,  5.679268893218E+06,  2.105808927566E-06
  6.922421018000E+04,  2.361134464138E+03,  2.362172050113E+03,  1.927776474605E+02,  1.184816280001E+03,  9.918599818371E+02,  1.704360053903E-01,NaN,NaN,  2.260563477674E-02,  2.816617579297E+16,  7.549543184008E+18,  1.288856240647E+20,  1.933833211155E+19,  7.074132961046E+20,  1.761698767701E+20,  1.604605346672E+13,  3.145001121536E+02,  2.136996876462E+02,  9.083110286719E+01,NaN,  9.969318554040E+00,NaN,  3.086228771463E-06,  2.501543396915E-02,NaN,  5.685717670148E+06,  2.129571507900E-06
  7.268633206282E+04,  2.357460976989E+03,  2.358427541416E+03,  1.748442704504E+02,  1.166867741665E+03,  9.918599818371E+02,  1.684440771179E-01,NaN,NaN,  2.321820773401E-02,  2.820312651931E+16,  7.509756148179E+18,  1.289248413913E+20,  1.941095568934E+19,  7.066633512924E+20,  1.769272760837E+20,  1.619627532022E+13,  3.158381652504E+02,  2.150111941196E+02,  9.085874096146E+01,NaN,  9.968227054242E+00,NaN,  3.115121795367E-06,  2.498810654879E-02,NaN,  5.691025710305E+06,  2.149487381625E-06
  7.633240550431E+04,  2.354134829566E+03,  2.354977382131E+03,  1.451748706804E+02,  1.137173106027E+03,  9.918599818371E+02,  1.666252317053E-01,NaN,NaN,  2.437557379573E-02,  2.831613418756E+16,  7.388096463492E+18,  1.290458205290E+20,  1.963391505455E+19,  7.041736494197E+20,  1.792660929569E+20,  1.634677687297E+13,  3.199522285898E+02,  2.190411383393E+02,  9.094400003189E+01,NaN,  9.967087074576E+00,NaN,  3.144068615421E-06,  2.490542773543E-02,NaN,  5.695909166015E+06,  2.168101266797E-06
  8.049811316852E+04,  2.350822362786E+03,  2.351570826220E+03,  1.236187058624E+02,  1.115597880791E+03,  9.918599818371E+02,  1.648321313372E-01,NaN,NaN,  2.542937493827E-02,  2.838438382729E+16,  7.314524753580E+18,  1.291186686019E+20,  1.977070919093E+19,  7.026551038592E+20,  1.807166572719E+20,  1.649524886136E+13,  3.225069226614E+02,  2.215457848377E+02,  9.099533912303E+01,NaN,  9.965795528099E+00,NaN,  3.172625077809E-06,  2.485504828468E-02,NaN,  5.700724023289E+06,  2.186732492795E-06
  8.452741751779E+04,  2.348055413487E+03,  2.348728823672E+03,  1.071169293649E+02,  1.099081144341E+03,  9.918599818371E+02,  1.633462478558E-01,NaN,NaN,  2.640406883780E-02,  2.843382911968E+16,  7.261173763512E+18,  1.291713302542E+20,  1.987074824590E+19,  7.015419342098E+20,  1.817846972112E+20,  1.662158112360E+13,  3.243895353067E+02,  2.233925250727E+02,  9.103245199726E+01,NaN,  9.964555039763E+00,NaN,  3.196923280686E-06,  2.481838689013E-02,NaN,  5.704735714778E+06,  2.202471333464E-06
  8.901190250641E+04,  2.345425659741E+03,  2.346027564806E+03,  9.201635383263E+01,  1.083966608733E+03,  9.918599818371E+02,  1.619419007940E-01,NaN,NaN,  2.747339108631E-02,  2.847838077706E+16,  7.213068263437E+18,  1.292186731252E+20,  1.996158682999E+19,  7.005262222918E+20,  1.827586483813E+20,  1.674420267326E+13,  3.261077247344E+02,  2.250787211089E+02,  9.106581650334E+01,NaN,  9.963183901665E+00,NaN,  3.220507781096E-06,  2.478526818188E-02,NaN,  5.708544342364E+06,  2.217597986086E-06
  9.362002083033E+04,  2.343154652047E+03,  2.343698012921E+03,  8.012249587330E+01,  1.072061556788E+03,  9.918599818371E+02,  1.607354539971E-01,NaN,NaN,  2.848283306001E-02,  2.851069280947E+16,  7.178146891224E+18,  1.292528187926E+20,  2.002798487242E+19,  6.997853984279E+20,  1.834717193487E+20,  1.685152343886E+13,  3.273684571454E+02,  2.263167887367E+02,  9.108988038670E+01,NaN,  9.961784780930E+00,NaN,  3.241149394639E-06,  2.476117430325E-02,NaN,  5.711825449992E+06,  2.230775837338E-06
  9.901383618112E+04,  2.340958522441E+03,  2.341406774266E+03,  6.187087200600E+01,  1.053792560619E+03,  9.918599818371E+02,  1.595633637626E-01,NaN,NaN,  3.042882066044E-02,  2.858399856017E+16,  7.098957834433E+18,  1.293310586417E+20,  2.017915814786E+19,  6.980310504182E+20,  1.851084341803E+20,  1.696389248076E+13,  3.302495692080E+02,  2.291443909575E+02,  9.114501928861E+01,NaN,  9.960155699084E+00,NaN,  3.262761971891E-06,  2.470673942391E-02,NaN,  5.715049497474E+06,  2.243858384098E-06
  1.041651456258E+05,  2.339172058522E+03,  2.339578770040E+03,  5.426185949405E+01,  1.046176115116E+03,  9.918599818371E+02,  1.586256110678E-01,NaN,NaN,  3.148046146544E-02,  2.859984611388E+16,  7.081762440032E+18,  1.293473969421E+20,  2.021229025316E+19,  6.976630572088E+20,  1.854655691056E+20,  1.705022130718E+13,  3.308871878752E+02,  2.297720441565E+02,  9.115653357394E+01,NaN,  9.958606865420E+00,NaN,  3.279366086321E-06,  2.469482392355E-02,NaN,  5.717619518806E+06,  2.254383291232E-06
  1.093873228310E+05,  2.337723880344E+03,  2.338062499349E+03,  4.244545222492E+01,  1.034348124015E+03,  9.918599818371E+02,  1.578563218372E-01,NaN,NaN,  3.350653006844E-02,  2.864802387099E+16,  7.029651443162E+18,  1.293986028482E+20,  2.031283208222E+19,  6.964802315056E+20,  1.865612263808E+20,  1.712696385766E+13,  3.328187972876E+02,  2.316691292202E+02,  9.119262052276E+01,NaN,  9.957044250570E+00,NaN,  3.294126417750E-06,  2.465894933545E-02,NaN,  5.719749789200E+06,  2.263172765992E-06
  1.149061632205E+05,  2.336430024929E+03,  2.336747871771E+03,  3.896582025742E+01,  1.030864999543E+03,  9.918599818371E+02,  1.571836182350E-01,NaN,NaN,  3.425968525456E-02,  2.864735779740E+16,  7.030280115632E+18,  1.293970657363E+20,  2.031168746145E+19,  6.965074621839E+20,  1.865413417848E+20,  1.718928176455E+13,  3.327965939469E+02,  2.316496542744E+02,  9.119153725557E+01,NaN,  9.955399110845E+00,NaN,  3.306112375395E-06,  2.465938707826E-02,NaN,  5.721595678127E+06,  2.270837317403E-06
  1.209186117298E+05,  2.335255080302E+03,  2.335512948736E+03,  2.945304656554E+01,  1.021342731776E+03,  9.918599818371E+02,  1.565565140520E-01,NaN,NaN,  3.677199985152E-02,  2.868662993105E+16,  6.987749565830E+18,  1.294385633667E+20,  2.039410667638E+19,  6.955258168222E+20,  1.874418181077E+20,  1.725323733475E+13,  3.343877010867E+02,  2.332133056853E+02,  9.122078237555E+01,NaN,  9.953609707344E+00,NaN,  3.318413314142E-06,  2.463013037472E-02,NaN,  5.723328735603E+06,  2.278074629264E-06
  1.279640185112E+05,  2.334240548336E+03,  2.334442858772E+03,  2.129236237456E+01,  1.013173817318E+03,  9.918599818371E+02,  1.560131134730E-01,NaN,NaN,  3.990650813877E-02,  2.872056444806E+16,  6.950959838414E+18,  1.294741508698E+20,  2.046577763489E+19,  6.946629238556E+20,  1.882240034428E+20,  1.730921986559E+13,  3.357736944633E+02,  2.345763057941E+02,  9.124586238099E+01,NaN,  9.951522959011E+00,NaN,  3.329180752861E-06,  2.460486576566E-02,NaN,  5.724829753031E+06,  2.284375461152E-06
  1.344206437497E+05,  2.333562584163E+03,  2.333724917267E+03,  1.586622596620E+01,  1.007742174849E+03,  9.918599818371E+02,  1.556485368087E-01,NaN,NaN,  4.297172117460E-02,  2.874327566896E+16,  6.926303916383E+18,  1.294977106968E+20,  2.051396705092E+19,  6.940751257949E+20,  1.887479503136E+20,  1.734707348247E+13,  3.367059359820E+02,  2.354938493351E+02,  9.126246597881E+01,NaN,  9.949617331646E+00,NaN,  3.336461354397E-06,  2.458799273070E-02,NaN,  5.725836437695E+06,  2.288618247175E-06
  1.411452758428E+05,  2.332809313256E+03,  2.332978707835E+03,  1.678226913216E+01,  1.008659127675E+03,  9.918599818371E+02,  1.552647489766E-01,NaN,NaN,  4.239338717832E-02,  2.872464843124E+16,  6.946323801118E+18,  1.294765899347E+20,  2.047453767575E+19,  6.945466647548E+20,  1.882994537453E+20,  1.738146387497E+13,  3.359359872135E+02,  2.347407728003E+02,  9.124758129230E+01,NaN,  9.947629777829E+00,NaN,  3.343075854281E-06,  2.460200058444E-02,NaN,  5.726882441461E+06,  2.293041296397E-06
  1.488316185309E+05,  2.332192108679E+03,  2.332322760821E+03,  1.186389860202E+01,  1.003735747775E+03,  9.918599818371E+02,  1.549344121745E-01,NaN,NaN,  4.625283934796E-02,  2.874534429462E+16,  6.923818944559E+18,  1.294977920324E+20,  2.051835611659E+19,  6.940044636406E+20,  1.887735444704E+20,  1.741644856128E+13,  3.367837470829E+02,  2.355758577240E+02,  9.126252329940E+01,NaN,  9.945362709654E+00,NaN,  3.349804658075E-06,  2.458668063686E-02,NaN,  5.727801652080E+06,  2.296940489947E-06
  1.568040710514E+05,  2.331745900505E+03,  2.331846075576E+03,  8.322223380527E+00,  1.000190457596E+03,  9.918599818371E+02,  1.546943521147E-01,NaN,NaN,  5.055563631590E-02,  2.876034762310E+16,  6.907461749825E+18,  1.295128023240E+20,  2.055018382886E+19,  6.936014405075E+20,  1.891137726982E+20,  1.744199460562E+13,  3.373976974996E+02,  2.361815756432E+02,  9.127310168125E+01,NaN,  9.943016820374E+00,NaN,  3.354718074149E-06,  2.457564863747E-02,NaN,  5.728469497599E+06,  2.299780658838E-06
  1.663666411841E+05,  2.331386800697E+03,  2.331460099867E+03,  5.485467190262E+00,  9.973508053941E+02,  9.918599818371E+02,  1.544999736377E-01,NaN,NaN,  5.612220493766E-02,  2.877246046834E+16,  6.894201833541E+18,  1.295244506529E+20,  2.057588697261E+19,  6.932643651250E+20,  1.893827163456E+20,  1.746274925674E+13,  3.378904325297E+02,  2.366689101609E+02,  9.128131074698E+01,NaN,  9.940208263178E+00,NaN,  3.358709934303E-06,  2.456684597858E-02,NaN,  5.729010160557E+06,  2.302084430673E-06
  1.754372841282E+05,  2.331163657262E+03,  2.331218610434E+03,  3.735205557532E+00,  9.955987787524E+02,  9.918599818371E+02,  1.543783588648E-01,NaN,NaN,  6.179133098478E-02,  2.878000968484E+16,  6.885884547189E+18,  1.295312418977E+20,  2.059187780674E+19,  6.930432648015E+20,  1.895440251217E+20,  1.747576144593E+13,  3.381935747142E+02,  2.369699266032E+02,  9.128609682188E+01,NaN,  9.937547927931E+00,NaN,  3.361212642694E-06,  2.456146691393E-02,NaN,  5.729348387566E+06,  2.303527661425E-06
  1.845079270722E+05,  2.331014822960E+03,  2.331056468364E+03,  2.580393802467E+00,  9.944429254482E+02,  9.918599818371E+02,  1.542967036524E-01,NaN,NaN,  6.778449750466E-02,  2.878505282217E+16,  6.880277121112E+18,  1.295353249605E+20,  2.060251669468E+19,  6.928851735793E+20,  1.896454097418E+20,  1.748450513458E+13,  3.383917956094E+02,  2.371679277769E+02,  9.128897432746E+01,NaN,  9.934890142088E+00,NaN,  3.362894366086E-06,  2.455797887306E-02,NaN,  5.729575462677E+06,  2.304497484518E-06
  1.943815666161E+05,  2.330907588267E+03,  2.330938898642E+03,  1.763884100067E+00,  9.936254494830E+02,  9.918599818371E+02,  1.542374952023E-01,NaN,NaN,  7.455341000459E-02,  2.878868262663E+16,  6.876184434978E+18,  1.295377595832E+20,  2.061011785446E+19,  6.927599831988E+20,  1.897111686476E+20,  1.749084265803E+13,  3.385294745027E+02,  2.373067818061E+02,  9.129069010815E+01,NaN,  9.931999224287E+00,NaN,  3.364113298034E-06,  2.455558623974E-02,NaN,  5.729740106013E+06,  2.305201109509E-06
  2.054804508832E+05,  2.330830023291E+03,  2.330853373276E+03,  1.192803778556E+00,  9.930537983496E+02,  9.918599818371E+02,  1.541944243822E-01,NaN,NaN,  8.221799607333E-02,  2.879129177020E+16,  6.873174769258E+18,  1.295389063979E+20,  2.061551015333E+19,  6.926564268661E+20,  1.897497378352E+20,  1.749544454291E+13,  3.386223451559E+02,  2.374020918561E+02,  9.129149831655E+01,NaN,  9.928751618213E+00,NaN,  3.364998404739E-06,  2.455400790078E-02,NaN,  5.729859869744E+06,  2.305713170267E-06
  2.173530818727E+05,  2.330777486301E+03,  2.330795262075E+03,  8.290926462600E-01,  9.926897300141E+02,  9.918599818371E+02,  1.541651594142E-01,NaN,NaN,  9.004814280957E-02,  2.879303029660E+16,  6.871093547116E+18,  1.295389955782E+20,  2.061902103278E+19,  6.925722813459E+20,  1.897656704707E+20,  1.749855961956E+13,  3.386773465938E+02,  2.374605025843E+02,  9.129156116564E+01,NaN,  9.925279478235E+00,NaN,  3.365597545157E-06,  2.455311480795E-02,NaN,  5.729941242177E+06,  2.306061198345E-06
  2.292257128622E+05,  2.330743370470E+03,  2.330757598471E+03,  6.161352247595E-01,  9.924765549120E+02,  9.918599818371E+02,  1.541461919147E-01,NaN,NaN,  9.698780666526E-02,  2.879412417082E+16,  6.869709511948E+18,  1.295383879702E+20,  2.062114845640E+19,  6.925044614322E+20,  1.897660793939E+20,  1.750056663619E+13,  3.387051634370E+02,  2.374922181716E+02,  9.129113295880E+01,NaN,  9.921808940636E+00,NaN,  3.365983566088E-06,  2.455270892181E-02,NaN,  5.729993981034E+06,  2.306286810026E-06
  2.410983438517E+05,  2.330719918731E+03,  2.330731921562E+03,  4.911183575046E-01,  9.923514447329E+02,  9.918599818371E+02,  1.541332609499E-01,NaN,NaN,  1.026471385627E-01,  2.879484019668E+16,  6.868734122569E+18,  1.295373719351E+20,  2.062246468412E+19,  6.924462158281E+20,  1.897573864761E+20,  1.750192325811E+13,  3.387170379078E+02,  2.375082778267E+02,  9.129041691626E+01,NaN,  9.918339798581E+00,NaN,  3.366244492901E-06,  2.455258863731E-02,NaN,  5.730029934922E+06,  2.306440639244E-06
  2.542991572291E+05,  2.330700985528E+03,  2.330711499352E+03,  4.116054512562E-01,  9.922718009854E+02,  9.918599818371E+02,  1.541229762659E-01,NaN,NaN,  1.072824961295E-01,  2.879538016032E+16,  6.867926662624E+18,  1.295359653291E+20,  2.062337807205E+19,  6.923879476610E+20,  1.897415511653E+20,  1.750299132274E+13,  3.387194292891E+02,  2.375155162228E+02,  9.128942562206E+01,NaN,  9.914484077807E+00,NaN,  3.366449919848E-06,  2.455264852557E-02,NaN,  5.730058530688E+06,  2.306562999366E-06
  2.671831214330E+05,  2.330686598985E+03,  2.330696269319E+03,  3.681711695121E-01,  9.922283623667E+02,  9.918599818371E+02,  1.541153063778E-01,NaN,NaN,  1.103166335687E-01,  2.879575896542E+16,  6.867298863492E+18,  1.295344322698E+20,  2.062395124635E+19,  6.923348355155E+20,  1.897225287584E+20,  1.750377780913E+13,  3.387155076516E+02,  2.375164366906E+02,  9.128834521091E+01,NaN,  9.910722383475E+00,NaN,  3.366601189251E-06,  2.455281898298E-02,NaN,  5.730079856059E+06,  2.306654257108E-06
  2.814258000356E+05,  2.330673264595E+03,  2.330682411510E+03,  3.418393973815E-01,  9.922020058829E+02,  9.918599818371E+02,  1.541083275452E-01,NaN,NaN,  1.123833114536E-01,  2.879608384433E+16,  6.866706382471E+18,  1.295326360061E+20,  2.062438322341E+19,  6.922785021798E+20,  1.896992429475E+20,  1.750448591531E+13,  3.387072095282E+02,  2.375135613972E+02,  9.128707930855E+01,NaN,  9.906565455679E+00,NaN,  3.366737383342E-06,  2.455307835578E-02,NaN,  5.730099259901E+06,  2.306737297498E-06
  2.975880141671E+05,  2.330659857863E+03,  2.330668696141E+03,  3.265434422276E-01,  9.921866956732E+02,  9.918599818371E+02,  1.541014204458E-01,NaN,NaN,  1.136778837776E-01,  2.879638914576E+16,  6.866102575476E+18,  1.295305290848E+20,  2.062473730063E+19,  6.922161828921E+20,  1.896712994824E+20,  1.750518086864E+13,  3.386951185289E+02,  2.375076705316E+02,  9.128559447279E+01,NaN,  9.901850157635E+00,NaN,  3.366871047671E-06,  2.455342053358E-02,NaN,  5.730118464187E+06,  2.306819488988E-06
  3.138429437311E+05,  2.330647303812E+03,  2.330655989469E+03,  3.190432242228E-01,  9.921791883501E+02,  9.918599818371E+02,  1.540950213294E-01,NaN,NaN,  1.143411154134E-01,  2.879666191377E+16,  6.865532382571E+18,  1.295283729480E+20,  2.062501974738E+19,  6.921543753972E+20,  1.896423785749E+20,  1.750581945264E+13,  3.386815117196E+02,  2.375003235929E+02,  9.128407495279E+01,NaN,  9.897109806906E+00,NaN,  3.366993870166E-06,  2.455379052217E-02,NaN,  5.730136255996E+06,  2.306895639826E-06
  3.341899570080E+05,  2.330632197043E+03,  2.330640796455E+03,  3.148221324649E-01,  9.921749634438E+02,  9.918599818371E+02,  1.540873700837E-01,NaN,NaN,  1.147236028280E-01,  2.879698086834E+16,  6.864842954801E+18,  1.295256495887E+20,  2.062532498133E+19,  6.920775775086E+20,  1.896056484918E+20,  1.750658151233E+13,  3.386635318154E+02,  2.374901938763E+02,  9.128215568733E+01,NaN,  9.891178884622E+00,NaN,  3.367140441441E-06,  2.455427054059E-02,NaN,  5.730157529045E+06,  2.306986696477E-06
  3.525192797504E+05,  2.330618846567E+03,  2.330627413233E+03,  3.132210907583E-01,  9.921733611194E+02,  9.918599818371E+02,  1.540806302547E-01,NaN,NaN,  1.148709246846E-01,  2.879725861363E+16,  6.864232254383E+18,  1.295231858596E+20,  2.062557934958E+19,  6.920086384297E+20,  1.895723430243E+20,  1.750725150210E+13,  3.386469323606E+02,  2.374806708543E+02,  9.128041939407E+01,NaN,  9.885838744929E+00,NaN,  3.367269304387E-06,  2.455471008577E-02,NaN,  5.730176267936E+06,  2.307066911155E-06
  3.708486024928E+05,  2.330605600080E+03,  2.330614152314E+03,  3.125141617554E-01,  9.921726534236E+02,  9.918599818371E+02,  1.540739520179E-01,NaN,NaN,  1.149368211443E-01,  2.879753247651E+16,  6.863625746117E+18,  1.295207178091E+20,  2.062582535494E+19,  6.919397968204E+20,  1.895389569860E+20,  1.750791478124E+13,  3.386301705954E+02,  2.374709859481E+02,  9.127868005543E+01,NaN,  9.880501224523E+00,NaN,  3.367396876637E-06,  2.455515245130E-02,NaN,  5.730194835478E+06,  2.307146397132E-06
  3.952876994826E+05,  2.330588003883E+03,  2.330596548646E+03,  3.121454236952E-01,  9.921722843070E+02,  9.918599818371E+02,  1.540650867600E-01,NaN,NaN,  1.149720644925E-01,  2.879789513965E+16,  6.862819751103E+18,  1.295174242204E+20,  2.062614798709E+19,  6.918480701621E+20,  1.894944027497E+20,  1.750879467966E+13,  3.386077193429E+02,  2.374579684493E+02,  9.127635892539E+01,NaN,  9.873388600635E+00,NaN,  3.367566112509E-06,  2.455574396816E-02,NaN,  5.730219483451E+06,  2.307251920235E-06
  4.174220075442E+05,  2.330572091424E+03,  2.330580633935E+03,  3.120314228996E-01,  9.921721703219E+02,  9.918599818371E+02,  1.540570720657E-01,NaN,NaN,  1.149837529462E-01,  2.879822265156E+16,  6.862090789617E+18,  1.295144400765E+20,  2.062643812516E+19,  6.917650177278E+20,  1.894540468627E+20,  1.750959082937E+13,  3.385873481409E+02,  2.374461383026E+02,  9.127425587409E+01,NaN,  9.866950596459E+00,NaN,  3.367719240512E-06,  2.455628024351E-02,NaN,  5.730241766457E+06,  2.307347325644E-06
  4.498461080127E+05,  2.330548793112E+03,  2.330557334712E+03,  3.119808154087E-01,  9.921721194978E+02,  9.918599818371E+02,  1.540453385102E-01,NaN,NaN,  1.149901559319E-01,  2.879870191362E+16,  6.861023500850E+18,  1.295100680202E+20,  2.062686203014E+19,  6.916433711333E+20,  1.893949450448E+20,  1.751075552714E+13,  3.385574901428E+02,  2.374287871541E+02,  9.127117470272E+01,NaN,  9.857524918047E+00,NaN,  3.367943253461E-06,  2.455706597869E-02,NaN,  5.730274388633E+06,  2.307487010907E-06
  4.822702084812E+05,  2.330525497229E+03,  2.330534038874E+03,  3.119766865903E-01,  9.921721153655E+02,  9.918599818371E+02,  1.540336066591E-01,NaN,NaN,  1.149922765171E-01,  2.879918098577E+16,  6.859956413856E+18,  1.295056955268E+20,  2.062728547672E+19,  6.915217297640E+20,  1.893358791819E+20,  1.751192076175E+13,  3.385276304451E+02,  2.374114266518E+02,  9.126809322331E+01,NaN,  9.848107201823E+00,NaN,  3.368167369666E-06,  2.455785148538E-02,NaN,  5.730307005754E+06,  2.307626689226E-06
  5.065953495964E+05,  2.329598877602E+03,  2.329795326389E+03,  2.039175263936E+01,  9.927703245354E+02,  9.723559477632E+02,  1.536550922209E-01,NaN,NaN,  4.046169649861E-02,  2.878014769115E+16,  6.880135168513E+18,  1.294814723721E+20,  2.058639749422E+19,  6.919512770423E+20,  1.888326941356E+20,  1.754681820981E+13,  3.377017342541E+02,  2.366096587325E+02,  9.125102215061E+01,NaN,  9.841049996142E+00,NaN,  3.374879394431E-06,  2.457287321850E-02,NaN,  5.731341133429E+06,  2.312062828147E-06
  5.324110824240E+05,  2.325580296610E+03,  2.325853081016E+03,  3.148177228822E+01,  9.694852509610E+02,  9.379691063912E+02,  1.516813969040E-01,NaN,NaN,  3.639231280463E-02,  2.886154542256E+16,  6.791637631718E+18,  1.295656674212E+20,  2.076151739712E+19,  6.898161618246E+20,  1.907623512996E+20,  1.776066385972E+13,  3.411367381990E+02,  2.399927788732E+02,  9.131035793161E+01,NaN,  9.833597978192E+00,NaN,  3.416009545142E-06,  2.451171101910E-02,NaN,  5.736854556511E+06,  2.335966040620E-06
  5.593315458925E+05,  2.320363244647E+03,  2.320642461609E+03,  3.232762904202E+01,  9.376831107237E+02,  9.053192710071E+02,  1.491031039888E-01,NaN,NaN,  3.627581956699E-02,  2.898145278446E+16,  6.661332877618E+18,  1.296915246557E+20,  2.102376723123E+19,  6.866056710357E+20,  1.937124604668E+20,  1.805681517632E+13,  3.463567456435E+02,  2.451317653540E+02,  9.139905480138E+01,NaN,  9.825922015110E+00,NaN,  3.472970013078E-06,  2.442080932782E-02,NaN,  5.744128069460E+06,  2.368162560711E-06
  5.876648374134E+05,  2.314444135453E+03,  2.314743460349E+03,  3.528413645365E+01,  9.081436794942E+02,  8.728193161718E+02,  1.462098027478E-01,NaN,NaN,  3.562973873919E-02,  2.907952230855E+16,  6.554553711235E+18,  1.297937220758E+20,  2.124242484501E+19,  6.839136166249E+20,  1.962024618875E+20,  1.840401187557E+13,  3.507715423342E+02,  2.494824995259E+02,  9.147107760799E+01,NaN,  9.817961660575E+00,NaN,  3.539748329927E-06,  2.434588657739E-02,NaN,  5.752343600908E+06,  2.405463485923E-06
  6.171283554134E+05,  2.308400992774E+03,  2.308669745293E+03,  3.039776777346E+01,  8.723540042745E+02,  8.419204421195E+02,  1.432578275258E-01,NaN,NaN,  3.713300886972E-02,  2.922368184446E+16,  6.397598925753E+18,  1.299459371619E+20,  2.156990164523E+19,  6.797967648758E+20,  2.000101649883E+20,  1.878811465006E+13,  3.574878139950E+02,  2.560996447323E+02,  9.157834996091E+01,NaN,  9.809815688109E+00,NaN,  3.613625002238E-06,  2.423511048727E-02,NaN,  5.760781564384E+06,  2.444843041534E-06
  6.484671658036E+05,  2.302062368887E+03,  2.302329657717E+03,  3.000558908447E+01,  8.418998731148E+02,  8.118581026463E+02,  1.402177683746E-01,NaN,NaN,  3.741346594231E-02,  2.933252193726E+16,  6.278807522293E+18,  1.300598000694E+20,  2.182255009653E+19,  6.765813257790E+20,  2.029918412429E+20,  1.920635469192E+13,  3.627603809684E+02,  2.613004951365E+02,  9.165859392555E+01,NaN,  9.801288212302E+00,NaN,  3.694067489435E-06,  2.415083008426E-02,NaN,  5.769567062243E+06,  2.487039326049E-06
  6.813276472222E+05,  2.295956346424E+03,  2.296218775186E+03,  2.911828004790E+01,  8.139947298914E+02,  7.848405253380E+02,  1.373307341142E-01,NaN,NaN,  3.785253800305E-02,  2.943267360601E+16,  6.169332267226E+18,  1.301641860815E+20,  2.205917029812E+19,  6.735224413022E+20,  2.058205733458E+20,  1.963296772695E+13,  3.677655071614E+02,  2.662408488010E+02,  9.173215912469E+01,NaN,  9.792495459527E+00,NaN,  3.776120402055E-06,  2.407290647730E-02,NaN,  5.778013255591E+06,  2.528799865712E-06
  7.154717035711E+05,  2.289934380396E+03,  2.290204382360E+03,  3.007771703216E+01,  7.874913963072E+02,  7.573757824776E+02,  1.345078812300E-01,NaN,NaN,  3.770260375936E-02,  2.952914626980E+16,  6.063748723995E+18,  1.302645600964E+20,  2.229099446960E+19,  6.704826549283E+20,  2.086278790984E+20,  2.007750567266E+13,  3.727325058022E+02,  2.711460945747E+02,  9.180289690124E+01,NaN,  9.783510464664E+00,NaN,  3.861620914744E-06,  2.399749838619E-02,NaN,  5.786305371437E+06,  2.570981603557E-06
  7.514694265176E+05,  2.283787385673E+03,  2.284020222594E+03,  2.454740607081E+01,  7.555413799251E+02,  7.309619961512E+02,  1.316540764459E-01,NaN,NaN,  3.983781688064E-02,  2.966989783511E+16,  5.909703491345E+18,  1.304131491798E+20,  2.263549610104E+19,  6.658690975709E+20,  2.128943234223E+20,  2.057057680780E+13,  3.802439965199E+02,  2.785621897988E+02,  9.190761385798E+01,NaN,  9.774188906652E+00,NaN,  3.956456091929E-06,  2.388686876889E-02,NaN,  5.794810200312E+06,  2.615510425356E-06
  7.900351910879E+05,  2.277507583042E+03,  2.277740386878E+03,  2.439913380266E+01,  7.294142255325E+02,  7.049825443747E+02,  1.287938268765E-01,NaN,NaN,  4.007421407678E-02,  2.977073005297E+16,  5.799038793609E+18,  1.305180985132E+20,  2.288773335189E+19,  6.624401521006E+20,  2.160604657541E+20,  2.109491815870E+13,  3.858375645775E+02,  2.840916131552E+02,  9.198157605323E+01,NaN,  9.764371311772E+00,NaN,  4.057305647653E-06,  2.380713316297E-02,NaN,  5.803424543911E+06,  2.661970195867E-06
  8.297466798868E+05,  2.271445323256E+03,  2.271682486884E+03,  2.486770233669E+01,  7.053950352778E+02,  6.804934245455E+02,  1.260653646423E-01,NaN,NaN,  4.005545920383E-02,  2.986383241547E+16,  5.696710237102E+18,  1.306146340607E+20,  2.312465897817E+19,  6.591695631561E+20,  2.190731889728E+20,  2.163225371430E+13,  3.911624475269E+02,  2.893583978859E+02,  9.204960870087E+01,NaN,  9.754436779420E+00,NaN,  4.160654452706E-06,  2.373321248831E-02,NaN,  5.811713458562E+06,  2.708016116170E-06
  8.724930414765E+05,  2.265266065364E+03,  2.265468447301E+03,  2.000917449038E+01,  6.763964471688E+02,  6.563590249752E+02,  1.233026448372E-01,NaN,NaN,  4.248071971783E-02,  3.000052971725E+16,  5.546483002343E+18,  1.307586757784E+20,  2.347901973646E+19,  6.541760980920E+20,  2.236828540441E+20,  2.222891879692E+13,  3.992700992662E+02,  2.973750517993E+02,  9.215112093839E+01,NaN,  9.743922253086E+00,NaN,  4.275414443301E-06,  2.362412778178E-02,NaN,  5.820194681881E+06,  2.756546737012E-06
  9.167735931067E+05,  2.259117460255E+03,  2.259321715043E+03,  2.013699599319E+01,  6.536129611895E+02,  6.334469028700E+02,  1.206070392425E-01,NaN,NaN,  4.260169240926E-02,  3.009321904423E+16,  5.444302590615E+18,  1.308545873304E+20,  2.372439216698E+19,  6.506597145523E+20,  2.269169099509E+20,  2.284846526503E+13,  4.049810891236E+02,  3.030291567473E+02,  9.221871383019E+01,NaN,  9.733214151554E+00,NaN,  4.394575340970E-06,  2.354979026728E-02,NaN,  5.828562864829E+06,  2.805891140152E-06
  9.629350441046E+05,  2.253150526189E+03,  2.253361738089E+03,  2.093509951919E+01,  6.325701188719E+02,  6.116041484645E+02,  1.180329298656E-01,NaN,NaN,  4.237333474126E-02,  3.017900045348E+16,  5.349596038644E+18,  1.309428609430E+20,  2.395519874320E+19,  6.472996388215E+20,  2.299956452198E+20,  2.348811008420E+13,  4.104218118338E+02,  3.084186378268E+02,  9.228092394594E+01,NaN,  9.722245543508E+00,NaN,  4.517601868865E-06,  2.348078654894E-02,NaN,  5.836656762977E+06,  2.855054020639E-06
  1.011812530311E+06,  2.247128706915E+03,  2.247308087297E+03,  1.673806130129E+01,  6.071721070328E+02,  5.904085268760E+02,  1.154437314542E-01,NaN,NaN,  4.501104346976E-02,  3.030639529269E+16,  5.209013841225E+18,  1.310766903521E+20,  2.430398458849E+19,  6.421272981859E+20,  2.347599910085E+20,  2.419304830570E+13,  4.187953076836E+02,  3.167092387695E+02,  9.237523914136E+01,NaN,  9.710825119567E+00,NaN,  4.653186648376E-06,  2.337779275151E-02,NaN,  5.844857754896E+06,  2.906365322493E-06
  1.062751063891E+06,  2.241143318874E+03,  2.241328124069E+03,  1.731352629318E+01,  5.874562866805E+02,  5.701157734472E+02,  1.129183713950E-01,NaN,NaN,  4.483094918457E-02,  3.039039333421E+16,  5.115999234082E+18,  1.311628150793E+20,  2.453856297029E+19,  6.385825224500E+20,  2.380001908850E+20,  2.492535034828E+13,  4.245178264083E+02,  3.223827609651E+02,  9.243593484745E+01,NaN,  9.699125801708E+00,NaN,  4.794034467305E-06,  2.330965961778E-02,NaN,  5.852939086456E+06,  2.958461975302E-06
  1.116371485515E+06,  2.235334480970E+03,  2.235494771937E+03,  1.423789665268E+01,  5.648307683832E+02,  5.505699642866E+02,  1.105005037569E-01,NaN,NaN,  4.728381445096E-02,  3.050806312177E+16,  4.985764034534E+18,  1.312858710288E+20,  2.487300050714E+19,  6.334398182068E+20,  2.427215387121E+20,  2.570060179533E+13,  4.328152171811E+02,  3.306055283342E+02,  9.252265753420E+01,NaN,  9.687026369515E+00,NaN,  4.943142989594E-06,  2.321381284896E-02,NaN,  5.860803362510E+06,  3.010679868150E-06
  1.173398648407E+06,  2.229247130106E+03,  2.229410306859E+03,  1.449141006244E+01,  5.460352536198E+02,  5.315199986566E+02,  1.080040818974E-01,NaN,NaN,  4.729300740827E-02,  3.059192962293E+16,  4.892624678535E+18,  1.313715237071E+20,  2.511574126321E+19,  6.296327918525E+20,  2.461923018337E+20,  2.655396154124E+13,  4.389412824449E+02,  3.366838882485E+02,  9.258302056764E+01,NaN,  9.674368521485E+00,NaN,  5.107274525471E-06,  2.314529200615E-02,NaN,  5.868986336318E+06,  3.066670382297E-06
  1.232592263659E+06,  2.223176028955E+03,  2.223349735828E+03,  1.565448761504E+01,  5.279323277368E+02,  5.122514926957E+02,  1.055417671120E-01,NaN,NaN,  4.660445529061E-02,  3.067411027225E+16,  4.801252312020E+18,  1.314552489415E+20,  2.535738312075E+19,  6.257862526143E+20,  2.496943594777E+20,  2.746645754790E+13,  4.451217085205E+02,  3.428182108638E+02,  9.264202525055E+01,NaN,  9.661467123346E+00,NaN,  5.282780074885E-06,  2.307796847853E-02,NaN,  5.877117107604E+06,  3.124045333024E-06
  1.296617080466E+06,  2.217111738467E+03,  2.217255371708E+03,  1.207343418119E+01,  5.064250218723E+02,  4.943305691565E+02,  1.031169859948E-01,NaN,NaN,  4.996586766156E-02,  3.079416375512E+16,  4.667851906526E+18,  1.315804675332E+20,  2.571662019422E+19,  6.199675736827E+20,  2.550288425253E+20,  2.846870104675E+13,  4.544871625154E+02,  3.521091220138E+02,  9.273027204200E+01,NaN,  9.647762984052E+00,NaN,  5.475547270169E-06,  2.297916748006E-02,NaN,  5.885273094005E+06,  3.183415136763E-06
  1.361661180059E+06,  2.211204075460E+03,  2.211353328446E+03,  1.262959597556E+01,  4.903388692356E+02,  4.776868293149E+02,  1.008027322473E-01,NaN,NaN,  4.963440980526E-02,  3.086874881534E+16,  4.584627144856E+18,  1.316555462080E+20,  2.594383272488E+19,  6.161977800538E+20,  2.584368351973E+20,  2.949661997097E+13,  4.605060388709E+02,  3.580887715731E+02,  9.278318313182E+01,NaN,  9.634078492728E+00,NaN,  5.673252766117E-06,  2.291774731671E-02,NaN,  5.893152538648E+06,  3.242572018294E-06
  1.431045898205E+06,  2.205487302038E+03,  2.205615407606E+03,  1.023999490711E+01,  4.716305585195E+02,  4.613718018773E+02,  9.857147177039E-02,NaN,NaN,  5.254332521476E-02,  3.097691180890E+16,  4.464065897832E+18,  1.317675143842E+20,  2.627890769300E+19,  6.105577768036E+20,  2.635800073891E+20,  3.058828911996E+13,  4.695383598107E+02,  3.670565195399E+02,  9.286209179993E+01,NaN,  9.619742587607E+00,NaN,  5.883219705560E-06,  2.282829219926E-02,NaN,  5.900794863069E+06,  3.301708137916E-06
  1.502971519781E+06,  2.199599150976E+03,  2.199733748509E+03,  1.086969449795E+01,  4.566931483306E+02,  4.458031020708E+02,  9.631749120520E-02,NaN,NaN,  5.200786831949E-02,  3.104881777316E+16,  4.383583134163E+18,  1.318392558276E+20,  2.650524818998E+19,  6.066540556842E+20,  2.670903946616E+20,  3.177573996389E+13,  4.757382726352E+02,  3.732204900452E+02,  9.291265100288E+01,NaN,  9.605125475495E+00,NaN,  6.111608883425E-06,  2.276881862961E-02,NaN,  5.908610267673E+06,  3.364048715983E-06
  1.578228691030E+06,  2.194058222971E+03,  2.194175676617E+03,  9.010311469635E+00,  4.399227692773E+02,  4.308950926161E+02,  9.422789873871E-02,NaN,NaN,  5.474897442685E-02,  3.114909763314E+16,  4.271479369250E+18,  1.319423210447E+20,  2.682614571278E+19,  6.010483277091E+20,  2.721801064398E+20,  3.300275697869E+13,  4.846778327874E+02,  3.821024315058E+02,  9.298528538240E+01,NaN,  9.590109551585E+00,NaN,  6.347608048080E-06,  2.268552889440E-02,NaN,  5.915978671139E+06,  3.424620733124E-06
  1.657897465691E+06,  2.188115929464E+03,  2.188243583002E+03,  1.000409249906E+01,  4.258567999957E+02,  4.158329178572E+02,  9.202576078590E-02,NaN,NaN,  5.359255311879E-02,  3.121935862431E+16,  4.192605563383E+18,  1.320117972688E+20,  2.705429575062E+19,  5.969614015731E+20,  2.758376034826E+20,  3.439757448891E+13,  4.911371144377E+02,  3.885283910761E+02,  9.303424819036E+01,NaN,  9.574468555357E+00,NaN,  6.615881236867E-06,  2.262720457255E-02,NaN,  5.923824731305E+06,  3.491115454042E-06
  1.741679459559E+06,  2.182207218878E+03,  2.182343292815E+03,  1.082356826641E+01,  4.123364797169E+02,  4.014911131238E+02,  8.985250497199E-02,NaN,NaN,  5.280241404009E-02,  3.128802251928E+16,  4.115430537863E+18,  1.320792502797E+20,  2.728036900334E+19,  5.928475908212E+20,  2.795036039145E+20,  3.590190150535E+13,  4.976135495484E+02,  3.949734294731E+02,  9.308178515512E+01,NaN,  9.558328014976E+00,NaN,  6.905217012138E-06,  2.257017900881E-02,NaN,  5.931610162195E+06,  3.559215615577E-06
  1.830882687831E+06,  2.176315340604E+03,  2.176425787897E+03,  8.141621972398E+00,  3.959830704911E+02,  3.878245384476E+02,  8.772361375903E-02,NaN,NaN,  5.697619379925E-02,  3.139301391248E+16,  3.997625909032E+18,  1.321868196555E+20,  2.763142336018E+19,  5.863900645870E+20,  2.853623187163E+20,  3.756633191916E+13,  5.078928334100E+02,  4.051937918943E+02,  9.315759380415E+01,NaN,  9.541440486188E+00,NaN,  7.225346384875E-06,  2.248239836608E-02,NaN,  5.939399778386E+06,  3.629555088017E-06
  1.923176957186E+06,  2.170633109054E+03,  2.170756385549E+03,  9.367062586281E+00,  3.842299012338E+02,  3.748429891467E+02,  8.571157167383E-02,NaN,NaN,  5.527466853565E-02,  3.145289648715E+16,  3.930037646951E+18,  1.322440219779E+20,  2.783457180225E+19,  5.825186607215E+20,  2.887585744727E+20,  3.927229794092E+13,  5.139065049557E+02,  4.111843082207E+02,  9.319790667898E+01,NaN,  9.524282502577E+00,NaN,  7.553464537442E-06,  2.243269472173E-02,NaN,  5.946845455413E+06,  3.698935294977E-06
  2.019396943331E+06,  2.164949412280E+03,  2.165051476139E+03,  7.235587858759E+00,  3.696136651192E+02,  3.623622978275E+02,  8.371659138813E-02,NaN,NaN,  5.924442036856E-02,  3.155004474961E+16,  3.820709616649E+18,  1.323426414809E+20,  2.816908511591E+19,  5.761229745305E+20,  2.945307464011E+20,  4.116931600220E+13,  5.240362753131E+02,  4.212621620548E+02,  9.326740797741E+01,NaN,  9.506697362539E+00,NaN,  7.918328815930E-06,  2.235128392454E-02,NaN,  5.954320690403E+06,  3.770790160767E-06
  2.121749805909E+06,  2.159330875687E+03,  2.159447956371E+03,  8.633676662207E+00,  3.588460364646E+02,  3.501931196821E+02,  8.177420910676E-02,NaN,NaN,  5.695590535968E-02,  3.160641685997E+16,  3.756861831533E+18,  1.323953112859E+20,  2.836567114444E+19,  5.722143619495E+20,  2.979185673374E+20,  4.316837678064E+13,  5.300418737538E+02,  4.272490114359E+02,  9.330452659720E+01,NaN,  9.488327417877E+00,NaN,  8.302819550872E-06,  2.230452689649E-02,NaN,  5.961646456373E+06,  3.843435023829E-06
  2.228655697622E+06,  2.153509331157E+03,  2.153604844989E+03,  6.537244344680E+00,  3.448073424809E+02,  3.382551162278E+02,  7.979823351411E-02,NaN,NaN,  6.136501440559E-02,  3.170375335037E+16,  3.647034773440E+18,  1.324935956270E+20,  2.871037851527E+19,  5.653769517954E+20,  3.040758361838E+20,  4.548409335434E+13,  5.408433954932E+02,  4.380001274739E+02,  9.337379169301E+01,NaN,  9.469467578094E+00,NaN,  8.748214496809E-06,  2.222274510665E-02,NaN,  5.969267973935E+06,  3.921451107826E-06
  2.340750178271E+06,  2.147847216257E+03,  2.147958415753E+03,  7.954339998604E+00,  3.347347221221E+02,  3.267617300298E+02,  7.791528705547E-02,NaN,NaN,  5.871485040565E-02,  3.175808170325E+16,  3.585307511329E+18,  1.325434471107E+20,  2.890504233412E+19,  5.613452279898E+20,  3.075432562386E+20,  4.789980214365E+13,  5.469921059818E+02,  4.441331196217E+02,  9.340892412358E+01,NaN,  9.450053023603E+00,NaN,  9.212841514568E-06,  2.217768353129E-02,NaN,  5.976616051508E+06,  3.999122521915E-06
  2.458025960998E+06,  2.141989486020E+03,  2.142076177583E+03,  5.668242663860E+00,  3.215019187559E+02,  3.158200389651E+02,  7.597778637360E-02,NaN,NaN,  6.423588174290E-02,  3.185384834962E+16,  3.476959929640E+18,  1.326395141181E+20,  2.925355125675E+19,  5.541628595701E+20,  3.139929596637E+20,  5.071141395602E+13,  5.583034205956E+02,  4.553966929018E+02,  9.347662657136E+01,NaN,  9.430091368791E+00,NaN,  9.753614813591E-06,  2.209707120520E-02,NaN,  5.984253402927E+06,  4.082516219391E-06
  2.581426250589E+06,  2.136462190351E+03,  2.136566970156E+03,  7.250308131165E+00,  3.124917270667E+02,  3.052235692189E+02,  7.418627771751E-02,NaN,NaN,  6.069744574634E-02,  3.190312342902E+16,  3.420743924858E+18,  1.326830478560E+20,  2.943455308073E+19,  5.502307371716E+20,  3.173119882451E+20,  5.356536021029E+13,  5.642021781421E+02,  4.612853867530E+02,  9.350730662164E+01,NaN,  9.409474464867E+00,NaN,  1.030253053673E-05,  2.205639116191E-02,NaN,  5.991390188011E+06,  4.163004219151E-06
  2.711672878421E+06,  2.130510291269E+03,  2.130595219378E+03,  5.440350791631E+00,  2.999539262959E+02,  2.944998272856E+02,  7.229637372643E-02,NaN,NaN,  6.556526795942E-02,  3.199744500490E+16,  3.313734480793E+18,  1.327768243280E+20,  2.978666348947E+19,  5.426842144907E+20,  3.240615255233E+20,  5.704050374882E+13,  5.760385688016E+02,  4.730770818271E+02,  9.357339483304E+01,NaN,  9.388081170576E+00,NaN,  1.097092466839E-05,  2.197692555565E-02,NaN,  5.999108492601E+06,  4.252956984938E-06
  2.847490432000E+06,  2.124950507497E+03,  2.125051412087E+03,  6.800442669512E+00,  2.915485607945E+02,  2.847305011318E+02,  7.055973501252E-02,NaN,NaN,  6.231936673557E-02,  3.204474580568E+16,  3.259586630993E+18,  1.328174307400E+20,  2.996461810441E+19,  5.386434707537E+20,  3.274316073240E+20,  6.056284640259E+13,  5.820330872457E+02,  4.790648693507E+02,  9.360201187406E+01,NaN,  9.366194372572E+00,NaN,  1.164839687448E-05,  2.193800033696E-02,NaN,  6.006257293684E+06,  4.339083768572E-06
  2.989976371198E+06,  2.119111855764E+03,  2.119189300632E+03,  4.744741401561E+00,  2.800933318599E+02,  2.753360052747E+02,  6.875394944928E-02,NaN,NaN,  6.855346179473E-02,  3.213431160390E+16,  3.157670154315E+18,  1.329053026375E+20,  3.030696944286E+19,  5.309954240115E+20,  3.342263437021E+20,  6.476775429006E+13,  5.939523805171E+02,  4.909448099689E+02,  9.366393888427E+01,NaN,  9.343619206810E+00,NaN,  1.245715073602E-05,  2.186259291145E-02,NaN,  6.013799434571E+06,  4.433011258799E-06
  3.140078087303E+06,  2.111080226477E+03,  2.111223391830E+03,  1.065960073773E+01,  2.770749723711E+02,  2.663848747322E+02,  6.635499009637E-02,NaN,NaN,  5.640872460396E-02,  3.223025470652E+16,  3.048379388160E+18,  1.330000869912E+20,  3.068109511463E+19,  5.225282033382E+20,  3.418761810762E+20,  7.125969266669E+13,  6.073520934810E+02,  5.043010384725E+02,  9.373073739224E+01,NaN,  9.320303910472E+00,NaN,  1.370578218562E-05,  2.178117854176E-02,NaN,  6.024020211118E+06,  4.565567675493E-06
  3.298742288553E+06,  2.091038964142E+03,  2.091269971714E+03,  1.967137236474E+01,  2.773639361820E+02,  2.576303513420E+02,  6.059739035008E-02,NaN,NaN,  4.932201898874E-02,  3.246058290076E+16,  2.786506956960E+18,  1.332473334768E+20,  3.161369060901E+19,  5.012815827718E+20,  3.623348880769E+20,  9.307396751670E+13,  6.428768005567E+02,  5.396751595815E+02,  9.390498235655E+01,NaN,  9.296640717221E+00,NaN,  1.790144579913E-05,  2.158069801379E-02,NaN,  6.049480621493E+06,  4.924552459320E-06
  3.463684205237E+06,  2.055970763183E+03,  2.056290286996E+03,  2.893761770986E+01,  2.778089449397E+02,  2.487631989082E+02,  5.138240473612E-02,NaN,NaN,  4.637562181433E-02,  3.281789328494E+16,  2.378530765666E+18,  1.336414335555E+20,  3.313889473060E+19,  4.635835258332E+20,  3.995234517257E+20,  1.677286398214E+14,  7.072515741526E+02,  6.037949262442E+02,  9.418272120482E+01,NaN,  9.273894443393E+00,NaN,  3.226020373726E-05,  2.126686750959E-02,NaN,  6.093633673230E+06,  5.662268803150E-06
  3.636907425809E+06,  2.001617160954E+03,  2.002041389996E+03,  3.740605849773E+01,  2.784065893025E+02,  2.408188611950E+02,  3.933470313090E-02,NaN,NaN,  4.763297841667E-02,  3.330800922789E+16,  1.814072902940E+18,  1.341932940335E+20,  3.535606361817E+19,  3.990812487098E+20,  4.641791389980E+20,  6.883549763553E+14,  8.189330581054E+02,  7.151085385563E+02,  9.457164042071E+01,NaN,  9.252746733204E+00,NaN,  1.323952296067E-04,  2.083615615183E-02,NaN,  6.160923838419E+06,  8.145947856860E-06
  3.819065549076E+06,  1.910989789132E+03,  1.911651510664E+03,  4.502131357815E+01,  2.789720360514E+02,  2.331396652374E+02,  2.614949673624E-02,NaN,NaN,  6.173143808490E-02,  3.378298515606E+16,  1.259377528751E+18,  1.347373357389E+20,  3.749717088619E+19,  3.166090695874E+20,  5.490438833555E+20,  1.723982003863E+17,  9.653583224424E+02,  8.611363451975E+02,  9.495504941966E+01,NaN,  9.233769498345E+00,NaN,  3.315832689230E-02,  2.041936122619E-02,NaN,  6.256471914623E+06,  2.765747089915E-05
  3.968270472218E+06,  1.418736108732E+03,  1.660000062914E+03,  1.945135017671E-01,  2.798486807492E+02,  2.272718472229E+02,  6.219811593234E-03,NaN,NaN,  5.209451263587E+03,  3.460075000496E+16,  2.919316949725E+17,  1.356976050596E+20,  4.143856645643E+19,  9.547987961359E+19,  7.697954661075E+20,  5.443146418731E+20,  1.450195591086E+03,  1.240650706200E+03,  9.563179146972E+01,NaN,  9.221960985248E+00,NaN,  1.046911324309E+02,  2.063696838837E-02,NaN,  6.315623635418E+06,  6.060192150564E+12
