t(yr),T_surf(K),T_pot(K),flux_surf(W/m2),flux_OLR(W/m2),flux_ASR(W/m2),phi(vol_frac),fO2_solid(bar),fO2_melt(bar),thick_surf_bl(m),massC_solid(kg),massC_melt(kg),massC_atm(kg),massH_solid(kg),massH_melt(kg),massH_atm(kg),massO_atm(kg),p_surf(bar),p_H2O(bar),p_CO2(bar),p_CO(bar),p_H2(bar),p_CH4(bar),p_O2(bar),mmw(kg/mol),R_trans(m),R_solid(m),viscosity(Pa.s)
  1.998401444325E-07,  3.598992818154E+03,  3.600000000000E+03,  3.166486643157E+02,  7.787166113593E+05,  9.918599818371E+02,  9.305230993358E-01,NaN,NaN,  1.335917131790E-02,  2.042477869681E+15,  3.306401017993E+19,  1.033921907334E+20,  1.151318959339E+17,  1.549428083279E+20,  5.360393232984E+19,  1.048676769611E+13,  8.563452451211E+01,  2.769710920359E+00,  7.286481157477E+01,NaN,  1.000000000000E+01,NaN,  2.016979704730E-06,  3.826519981145E-02,NaN,  3.504050000000E+06,  4.266428404967E-07
  3.996802888651E-07,  3.598985636418E+03,  3.600000000000E+03,  3.196627314538E+02,  7.787075173241E+05,  9.918599818371E+02,  9.305230993358E-01,NaN,NaN,  1.332756879164E-02,  2.042477869684E+15,  3.306401017993E+19,  1.033921907334E+20,  1.151318959341E+17,  1.549428083279E+20,  5.360393232984E+19,  1.048676769611E+13,  8.563452451211E+01,  2.769710920360E+00,  7.286481157478E+01,NaN,  1.000000000000E+01,NaN,  2.016979704730E-06,  3.826519981145E-02,NaN,  3.504050000000E+06,  4.266428404968E-07
  7.601238322763E-07,  3.598972683373E+03,  3.599999999999E+03,  3.251169137501E+02,  7.786911154617E+05,  9.918599818371E+02,  9.305230993356E-01,NaN,NaN,  1.327131762869E-02,  2.042477869689E+15,  3.306401017992E+19,  1.033921907335E+20,  1.151318959344E+17,  1.549428083279E+20,  5.360393232984E+19,  1.048676769611E+13,  8.563452451212E+01,  2.769710920360E+00,  7.286481157478E+01,NaN,  9.999999999999E+00,NaN,  2.016979704730E-06,  3.826519981145E-02,NaN,  3.504050000000E+06,  4.266428404969E-07
  1.120567375688E-06,  3.598959730690E+03,  3.599999999999E+03,  3.305939151597E+02,  7.786747143426E+05,  9.918599818371E+02,  9.305230993354E-01,NaN,NaN,  1.321600579594E-02,  2.042477869694E+15,  3.306401017992E+19,  1.033921907335E+20,  1.151318959347E+17,  1.549428083279E+20,  5.360393232984E+19,  1.048676769611E+13,  8.563452451212E+01,  2.769710920361E+00,  7.286481157478E+01,NaN,  9.999999999998E+00,NaN,  2.016979704730E-06,  3.826519981145E-02,NaN,  3.504050000000E+06,  4.266428404970E-07
  1.481010919099E-06,  3.598946778367E+03,  3.599999999998E+03,  3.360935425067E+02,  7.786583139675E+05,  9.918599818371E+02,  9.305230993353E-01,NaN,NaN,  1.316160619700E-02,  2.042477869699E+15,  3.306401017992E+19,  1.033921907335E+20,  1.151318959350E+17,  1.549428083279E+20,  5.360393232983E+19,  1.048676769611E+13,  8.563452451212E+01,  2.769710920361E+00,  7.286481157478E+01,NaN,  9.999999999998E+00,NaN,  2.016979704730E-06,  3.826519981145E-02,NaN,  3.504050000000E+06,  4.266428404971E-07
  1.841454462510E-06,  3.598933826406E+03,  3.599999999998E+03,  3.416156065708E+02,  7.786419143367E+05,  9.918599818371E+02,  9.305230993351E-01,NaN,NaN,  1.310809283842E-02,  2.042477869704E+15,  3.306401017991E+19,  1.033921907335E+20,  1.151318959353E+17,  1.549428083279E+20,  5.360393232983E+19,  1.048676769611E+13,  8.563452451213E+01,  2.769710920362E+00,  7.286481157479E+01,NaN,  9.999999999997E+00,NaN,  2.016979704730E-06,  3.826519981145E-02,NaN,  3.504050000000E+06,  4.266428404972E-07
  2.201898005921E-06,  3.598920874807E+03,  3.599999999998E+03,  3.471599219586E+02,  7.786255154509E+05,  9.918599818371E+02,  9.305230993349E-01,NaN,NaN,  1.305544077207E-02,  2.042477869709E+15,  3.306401017991E+19,  1.033921907335E+20,  1.151318959356E+17,  1.549428083279E+20,  5.360393232983E+19,  1.048676769611E+13,  8.563452451213E+01,  2.769710920363E+00,  7.286481157479E+01,NaN,  9.999999999997E+00,NaN,  2.016979704730E-06,  3.826519981145E-02,NaN,  3.504050000000E+06,  4.266428404974E-07
  2.562341549333E-06,  3.598907923571E+03,  3.599999999997E+03,  3.527263069811E+02,  7.786091173104E+05,  9.918599818371E+02,  9.305230993347E-01,NaN,NaN,  1.300362604111E-02,  2.042477869715E+15,  3.306401017990E+19,  1.033921907335E+20,  1.151318959359E+17,  1.549428083279E+20,  5.360393232983E+19,  1.048676769611E+13,  8.563452451213E+01,  2.769710920364E+00,  7.286481157479E+01,NaN,  9.999999999997E+00,NaN,  2.016979704730E-06,  3.826519981145E-02,NaN,  3.504050000000E+06,  4.266428404975E-07
  2.922785092744E-06,  3.598894972697E+03,  3.599999999997E+03,  3.583145835368E+02,  7.785927199159E+05,  9.918599818371E+02,  9.305230993346E-01,NaN,NaN,  1.295262562940E-02,  2.042477869720E+15,  3.306401017990E+19,  1.033921907335E+20,  1.151318959362E+17,  1.549428083279E+20,  5.360393232983E+19,  1.048676769611E+13,  8.563452451214E+01,  2.769710920364E+00,  7.286481157480E+01,NaN,  9.999999999996E+00,NaN,  2.016979704730E-06,  3.826519981145E-02,NaN,  3.504050000000E+06,  4.266428404976E-07
  3.283228636155E-06,  3.598882022187E+03,  3.599999999996E+03,  3.639245769979E+02,  7.785763232677E+05,  9.918599818371E+02,  9.305230993344E-01,NaN,NaN,  1.290241741403E-02,  2.042477869726E+15,  3.306401017989E+19,  1.033921907335E+20,  1.151318959366E+17,  1.549428083279E+20,  5.360393232982E+19,  1.048676769611E+13,  8.563452451214E+01,  2.769710920365E+00,  7.286481157480E+01,NaN,  9.999999999996E+00,NaN,  2.016979704730E-06,  3.826519981145E-02,NaN,  3.504050000000E+06,  4.266428404977E-07
  4.403636602424E-06,  3.598841768977E+03,  3.599999999995E+03,  3.814995791438E+02,  7.785253604853E+05,  9.918599818371E+02,  9.305230993338E-01,NaN,NaN,  1.275118123744E-02,  2.042477869743E+15,  3.306401017988E+19,  1.033921907335E+20,  1.151318959376E+17,  1.549428083279E+20,  5.360393232982E+19,  1.048676769611E+13,  8.563452451215E+01,  2.769710920367E+00,  7.286481157481E+01,NaN,  9.999999999994E+00,NaN,  2.016979704730E-06,  3.826519981146E-02,NaN,  3.504050000000E+06,  4.266428404981E-07
  5.524044568693E-06,  3.598801518902E+03,  3.599999999993E+03,  3.992780080738E+02,  7.784744044385E+05,  9.918599818371E+02,  9.305230993332E-01,NaN,NaN,  1.260680649589E-02,  2.042477869762E+15,  3.306401017986E+19,  1.033921907335E+20,  1.151318959387E+17,  1.549428083279E+20,  5.360393232981E+19,  1.048676769611E+13,  8.563452451217E+01,  2.769710920370E+00,  7.286481157482E+01,NaN,  9.999999999993E+00,NaN,  2.016979704730E-06,  3.826519981146E-02,NaN,  3.504050000000E+06,  4.266428404985E-07
  6.644452534961E-06,  3.598761272232E+03,  3.599999999992E+03,  4.172550822812E+02,  7.784234554690E+05,  9.918599818371E+02,  9.305230993325E-01,NaN,NaN,  1.246876746206E-02,  2.042477869781E+15,  3.306401017984E+19,  1.033921907335E+20,  1.151318959398E+17,  1.549428083279E+20,  5.360393232981E+19,  1.048676769611E+13,  8.563452451218E+01,  2.769710920372E+00,  7.286481157483E+01,NaN,  9.999999999992E+00,NaN,  2.016979704730E-06,  3.826519981146E-02,NaN,  3.504050000000E+06,  4.266428404990E-07
  7.764860501230E-06,  3.598721029065E+03,  3.599999999990E+03,  4.354263470161E+02,  7.783725136995E+05,  9.918599818371E+02,  9.305230993319E-01,NaN,NaN,  1.233659360610E-02,  2.042477869801E+15,  3.306401017982E+19,  1.033921907335E+20,  1.151318959410E+17,  1.549428083279E+20,  5.360393232980E+19,  1.048676769611E+13,  8.563452451219E+01,  2.769710920375E+00,  7.286481157485E+01,NaN,  9.999999999990E+00,NaN,  2.016979704730E-06,  3.826519981146E-02,NaN,  3.504050000000E+06,  4.266428404994E-07
  1.003386537562E-05,  3.598639541138E+03,  3.599999999987E+03,  4.728038683475E+02,  7.782693707647E+05,  9.918599818371E+02,  9.305230993304E-01,NaN,NaN,  1.208519546634E-02,  2.042477869844E+15,  3.306401017978E+19,  1.033921907336E+20,  1.151318959436E+17,  1.549428083279E+20,  5.360393232979E+19,  1.048676769611E+13,  8.563452451222E+01,  2.769710920380E+00,  7.286481157487E+01,NaN,  9.999999999988E+00,NaN,  2.016979704730E-06,  3.826519981146E-02,NaN,  3.504050000000E+06,  4.266428405004E-07
  1.374028910637E-05,  3.598506462088E+03,  3.599999999981E+03,  5.354539608381E+02,  7.781009510010E+05,  9.918599818371E+02,  9.305230993278E-01,NaN,NaN,  1.171502987694E-02,  2.042477869922E+15,  3.306401017971E+19,  1.033921907337E+20,  1.151318959482E+17,  1.549428083279E+20,  5.360393232978E+19,  1.048676769611E+13,  8.563452451228E+01,  2.769710920391E+00,  7.286481157492E+01,NaN,  9.999999999984E+00,NaN,  2.016979704730E-06,  3.826519981146E-02,NaN,  3.504050000000E+06,  4.266428405022E-07
  1.744671283713E-05,  3.598373422536E+03,  3.599999999974E+03,  5.999754311598E+02,  7.779326114447E+05,  9.918599818371E+02,  9.305230993249E-01,NaN,NaN,  1.138650831853E-02,  2.042477870010E+15,  3.306401017963E+19,  1.033921907337E+20,  1.151318959535E+17,  1.549428083279E+20,  5.360393232976E+19,  1.048676769611E+13,  8.563452451234E+01,  2.769710920402E+00,  7.286481157498E+01,NaN,  9.999999999979E+00,NaN,  2.016979704730E-06,  3.826519981146E-02,NaN,  3.504050000000E+06,  4.266428405042E-07
  2.461440187242E-05,  3.598116256540E+03,  3.599999999958E+03,  7.296750085125E+02,  7.776072960346E+05,  9.918599818371E+02,  9.305230993183E-01,NaN,NaN,  1.084280297900E-02,  2.042477870210E+15,  3.306401017945E+19,  1.033921907339E+20,  1.151318959654E+17,  1.549428083279E+20,  5.360393232973E+19,  1.048676769611E+13,  8.563452451248E+01,  2.769710920428E+00,  7.286481157510E+01,NaN,  9.999999999971E+00,NaN,  2.016979704730E-06,  3.826519981147E-02,NaN,  3.504050000000E+06,  4.266428405088E-07
  3.178209090772E-05,  3.597859241467E+03,  3.599999999939E+03,  8.653478185552E+02,  7.772822842985E+05,  9.918599818371E+02,  9.305230993103E-01,NaN,NaN,  1.039025625229E-02,  2.042477870450E+15,  3.306401017924E+19,  1.033921907341E+20,  1.151318959796E+17,  1.549428083278E+20,  5.360393232971E+19,  1.048676769611E+13,  8.563452451265E+01,  2.769710920459E+00,  7.286481157525E+01,NaN,  9.999999999962E+00,NaN,  2.016979704730E-06,  3.826519981148E-02,NaN,  3.504050000000E+06,  4.266428405143E-07
  3.894977994301E-05,  3.597602379213E+03,  3.599999999917E+03,  1.006486100175E+03,  7.769575784020E+05,  9.918599818371E+02,  9.305230993009E-01,NaN,NaN,  1.000511279224E-02,  2.042477870731E+15,  3.306401017899E+19,  1.033921907344E+20,  1.151318959963E+17,  1.549428083278E+20,  5.360393232968E+19,  1.048676769611E+13,  8.563452451285E+01,  2.769710920496E+00,  7.286481157542E+01,NaN,  9.999999999954E+00,NaN,  2.016979704730E-06,  3.826519981148E-02,NaN,  3.504050000000E+06,  4.266428405207E-07
  5.026646913612E-05,  3.597197148158E+03,  3.599999999875E+03,  1.239464153429E+03,  7.764455446352E+05,  9.918599818371E+02,  9.305230992832E-01,NaN,NaN,  9.497634262362E-03,  2.042477871263E+15,  3.306401017851E+19,  1.033921907348E+20,  1.151318960279E+17,  1.549428083277E+20,  5.360393232966E+19,  1.048676769611E+13,  8.563452451324E+01,  2.769710920565E+00,  7.286481157576E+01,NaN,  9.999999999941E+00,NaN,  2.016979704730E-06,  3.826519981149E-02,NaN,  3.504050000000E+06,  4.266428405329E-07
  6.158315832923E-05,  3.596792308614E+03,  3.599999999824E+03,  1.483737978888E+03,  7.759342851037E+05,  9.918599818371E+02,  9.305230992618E-01,NaN,NaN,  9.079974545904E-03,  2.042477871908E+15,  3.306401017793E+19,  1.033921907354E+20,  1.151318960662E+17,  1.549428083276E+20,  5.360393232964E+19,  1.048676769611E+13,  8.563452451372E+01,  2.769710920650E+00,  7.286481157616E+01,NaN,  9.999999999928E+00,NaN,  2.016979704730E-06,  3.826519981151E-02,NaN,  3.504050000000E+06,  4.266428405477E-07
  7.289984752234E-05,  3.596387866069E+03,  3.599999999764E+03,  1.738276650549E+03,  7.754238057994E+05,  9.918599818371E+02,  9.305230992364E-01,NaN,NaN,  8.727587473092E-03,  2.042477872672E+15,  3.306401017724E+19,  1.033921907361E+20,  1.151318961115E+17,  1.549428083275E+20,  5.360393232963E+19,  1.048676769611E+13,  8.563452451428E+01,  2.769710920749E+00,  7.286481157664E+01,NaN,  9.999999999915E+00,NaN,  2.016979704730E-06,  3.826519981152E-02,NaN,  3.504050000000E+06,  4.266428405651E-07
  9.043500870262E-05,  3.595761979391E+03,  3.599999999652E+03,  2.151053338248E+03,  7.746343732884E+05,  9.918599818371E+02,  9.305230991889E-01,NaN,NaN,  8.274869236124E-03,  2.042477874099E+15,  3.306401017596E+19,  1.033921907374E+20,  1.151318961963E+17,  1.549428083273E+20,  5.360393232963E+19,  1.048676769611E+13,  8.563452451534E+01,  2.769710920935E+00,  7.286481157753E+01,NaN,  9.999999999894E+00,NaN,  2.016979704730E-06,  3.826519981155E-02,NaN,  3.504050000000E+06,  4.266428405978E-07
  1.079701698829E-04,  3.595137073587E+03,  3.599999999514E+03,  2.584028784998E+03,  7.738468431754E+05,  9.918599818371E+02,  9.305230991311E-01,NaN,NaN,  7.904048521043E-03,  2.042477875838E+15,  3.306401017440E+19,  1.033921907389E+20,  1.151318962996E+17,  1.549428083271E+20,  5.360393232965E+19,  1.048676769611E+13,  8.563452451664E+01,  2.769710921162E+00,  7.286481157863E+01,NaN,  9.999999999874E+00,NaN,  2.016979704730E-06,  3.826519981157E-02,NaN,  3.504050000000E+06,  4.266428406376E-07
  1.255053310632E-04,  3.594513162959E+03,  3.599999999352E+03,  3.035264123650E+03,  7.730612298889E+05,  9.918599818371E+02,  9.305230990624E-01,NaN,NaN,  7.592325382431E-03,  2.042477877902E+15,  3.306401017255E+19,  1.033921907407E+20,  1.151318964222E+17,  1.549428083268E+20,  5.360393232970E+19,  1.048676769611E+13,  8.563452451819E+01,  2.769710921432E+00,  7.286481157992E+01,NaN,  9.999999999853E+00,NaN,  2.016979704730E-06,  3.826519981161E-02,NaN,  3.504050000000E+06,  4.266428406848E-07
  1.430404922435E-04,  3.593890260192E+03,  3.599999999162E+03,  3.503192609543E+03,  7.722775457687E+05,  9.918599818371E+02,  9.305230989825E-01,NaN,NaN,  7.325005083933E-03,  2.042477880304E+15,  3.306401017040E+19,  1.033921907429E+20,  1.151318965649E+17,  1.549428083265E+20,  5.360393232978E+19,  1.048676769611E+13,  8.563452451999E+01,  2.769710921745E+00,  7.286481158143E+01,NaN,  9.999999999833E+00,NaN,  2.016979704730E-06,  3.826519981164E-02,NaN,  3.504050000000E+06,  4.266428407398E-07
  1.605756534237E-04,  3.593268376750E+03,  3.599999998946E+03,  3.986515462116E+03,  7.714958015785E+05,  9.918599818371E+02,  9.305230988910E-01,NaN,NaN,  7.092111768001E-03,  2.042477883056E+15,  3.306401016793E+19,  1.033921907453E+20,  1.151318967283E+17,  1.549428083261E+20,  5.360393232988E+19,  1.048676769611E+13,  8.563452452206E+01,  2.769710922104E+00,  7.286481158316E+01,NaN,  9.999999999812E+00,NaN,  2.016979704730E-06,  3.826519981168E-02,NaN,  3.504050000000E+06,  4.266428408028E-07
  1.781108146040E-04,  3.592647523148E+03,  3.599999998700E+03,  4.484134115052E+03,  7.707160068533E+05,  9.918599818371E+02,  9.305230987875E-01,NaN,NaN,  6.886590928318E-03,  2.042477886169E+15,  3.306401016514E+19,  1.033921907481E+20,  1.151318969131E+17,  1.549428083257E+20,  5.360393233001E+19,  1.048676769611E+13,  8.563452452440E+01,  2.769710922510E+00,  7.286481158512E+01,NaN,  9.999999999792E+00,NaN,  2.016979704730E-06,  3.826519981173E-02,NaN,  3.504050000000E+06,  4.266428408740E-07
  1.956459757843E-04,  3.592027709093E+03,  3.599999998426E+03,  4.995104102042E+03,  7.699381700758E+05,  9.918599818371E+02,  9.305230986717E-01,NaN,NaN,  6.703286761410E-03,  2.042477889652E+15,  3.306401016202E+19,  1.033921907512E+20,  1.151318971200E+17,  1.549428083252E+20,  5.360393233017E+19,  1.048676769611E+13,  8.563452452703E+01,  2.769710922965E+00,  7.286481158731E+01,NaN,  9.999999999771E+00,NaN,  2.016979704730E-06,  3.826519981177E-02,NaN,  3.504050000000E+06,  4.266428409537E-07
  2.252528054682E-04,  3.590983582825E+03,  3.599999997894E+03,  5.885892637494E+03,  7.686293143925E+05,  9.918599818371E+02,  9.305230984472E-01,NaN,NaN,  6.433848801106E-03,  2.042477896401E+15,  3.306401015597E+19,  1.033921907573E+20,  1.151318975208E+17,  1.549428083243E+20,  5.360393233050E+19,  1.048676769611E+13,  8.563452453212E+01,  2.769710923845E+00,  7.286481159156E+01,NaN,  9.999999999737E+00,NaN,  2.016979704730E-06,  3.826519981186E-02,NaN,  3.504050000000E+06,  4.266428411081E-07
  2.548596351521E-04,  3.589942484646E+03,  3.599999997273E+03,  6.809071946871E+03,  7.673260926964E+05,  9.918599818371E+02,  9.305230981853E-01,NaN,NaN,  6.203716654032E-03,  2.042477904276E+15,  3.306401014892E+19,  1.033921907643E+20,  1.151318979885E+17,  1.549428083232E+20,  5.360393233092E+19,  1.048676769611E+13,  8.563452453807E+01,  2.769710924873E+00,  7.286481159651E+01,NaN,  9.999999999702E+00,NaN,  2.016979704730E-06,  3.826519981197E-02,NaN,  3.504050000000E+06,  4.266428412883E-07
  2.844664648361E-04,  3.588904449286E+03,  3.599999996561E+03,  7.761853567476E+03,  7.660285303122E+05,  9.918599818371E+02,  9.305230978847E-01,NaN,NaN,  6.003887879227E-03,  2.042477913316E+15,  3.306401014082E+19,  1.033921907724E+20,  1.151318985253E+17,  1.549428083220E+20,  5.360393233143E+19,  1.048676769611E+13,  8.563452454490E+01,  2.769710926052E+00,  7.286481160220E+01,NaN,  9.999999999668E+00,NaN,  2.016979704730E-06,  3.826519981209E-02,NaN,  3.504050000000E+06,  4.266428414952E-07
  3.140732945200E-04,  3.587869507922E+03,  3.599999995754E+03,  8.741879778578E+03,  7.647366479715E+05,  9.918599818371E+02,  9.305230975442E-01,NaN,NaN,  5.828042730323E-03,  2.042477923555E+15,  3.306401013164E+19,  1.033921907815E+20,  1.151318991334E+17,  1.549428083206E+20,  5.360393233203E+19,  1.048676769611E+13,  8.563452455265E+01,  2.769710927388E+00,  7.286481160865E+01,NaN,  9.999999999633E+00,NaN,  2.016979704730E-06,  3.826519981222E-02,NaN,  3.504050000000E+06,  4.266428417294E-07
  3.436801242039E-04,  3.586837688763E+03,  3.599999994850E+03,  9.747123202629E+03,  7.634504625771E+05,  9.918599818371E+02,  9.305230971627E-01,NaN,NaN,  5.671589905655E-03,  2.042477935027E+15,  3.306401012136E+19,  1.033921907918E+20,  1.151318998147E+17,  1.549428083190E+20,  5.360393233272E+19,  1.048676769611E+13,  8.563452456134E+01,  2.769710928885E+00,  7.286481161587E+01,NaN,  9.999999999599E+00,NaN,  2.016979704730E-06,  3.826519981236E-02,NaN,  3.504050000000E+06,  4.266428419919E-07
  3.732869538879E-04,  3.585809017414E+03,  3.599999993846E+03,  1.077581629906E+04,  7.621699876855E+05,  9.918599818371E+02,  9.305230967393E-01,NaN,NaN,  5.531098467233E-03,  2.042477947761E+15,  3.306401010996E+19,  1.033921908031E+20,  1.151319005709E+17,  1.549428083173E+20,  5.360393233351E+19,  1.048676769611E+13,  8.563452457098E+01,  2.769710930547E+00,  7.286481162389E+01,NaN,  9.999999999564E+00,NaN,  2.016979704730E-06,  3.826519981252E-02,NaN,  3.504050000000E+06,  4.266428422833E-07
  4.028937835718E-04,  3.584783517166E+03,  3.599999992741E+03,  1.182640020924E+04,  7.608952338868E+05,  9.918599818371E+02,  9.305230962729E-01,NaN,NaN,  5.403943404710E-03,  2.042477961785E+15,  3.306401009739E+19,  1.033921908157E+20,  1.151319014038E+17,  1.549428083154E+20,  5.360393233439E+19,  1.048676769611E+13,  8.563452458161E+01,  2.769710932377E+00,  7.286481163273E+01,NaN,  9.999999999530E+00,NaN,  2.016979704730E-06,  3.826519981270E-02,NaN,  3.504050000000E+06,  4.266428426042E-07
  4.325006132557E-04,  3.583761209254E+03,  3.599999991531E+03,  1.289748661592E+04,  7.596262091479E+05,  9.918599818371E+02,  9.305230957627E-01,NaN,NaN,  5.288075699953E-03,  2.042477977127E+15,  3.306401008365E+19,  1.033921908294E+20,  1.151319023149E+17,  1.549428083133E+20,  5.360393233538E+19,  1.048676769611E+13,  8.563452459324E+01,  2.769710934378E+00,  7.286481164239E+01,NaN,  9.999999999495E+00,NaN,  2.016979704730E-06,  3.826519981289E-02,NaN,  3.504050000000E+06,  4.266428429552E-07
  4.900364286469E-04,  3.581783730095E+03,  3.599999988878E+03,  1.503301381773E+04,  7.571764807865E+05,  9.918599818371E+02,  9.305230946429E-01,NaN,NaN,  5.089351198232E-03,  2.042478010798E+15,  3.306401005349E+19,  1.033921908595E+20,  1.151319043145E+17,  1.549428083088E+20,  5.360393233758E+19,  1.048676769611E+13,  8.563452461878E+01,  2.769710938772E+00,  7.286481166360E+01,NaN,  9.999999999428E+00,NaN,  2.016979704730E-06,  3.826519981330E-02,NaN,  3.504050000000E+06,  4.266428437257E-07
  5.475722440380E-04,  3.579818504768E+03,  3.599999985812E+03,  1.723340862243E+04,  7.547484286506E+05,  9.918599818371E+02,  9.305230933492E-01,NaN,NaN,  4.918482596229E-03,  2.042478049701E+15,  3.306401001864E+19,  1.033921908943E+20,  1.151319066248E+17,  1.549428083035E+20,  5.360393234019E+19,  1.048676742768E+13,  8.563452464830E+01,  2.769710943848E+00,  7.286481168811E+01,NaN,  9.999999999361E+00,NaN,  2.016979653102E-06,  3.826519981377E-02,NaN,  3.504050000000E+06,  4.266428446158E-07
  6.051080594292E-04,  3.577865638790E+03,  3.599999982322E+03,  1.949198197018E+04,  7.523420478838E+05,  9.918599818371E+02,  9.305230918767E-01,NaN,NaN,  4.769358137798E-03,  2.042478093982E+15,  3.306400997898E+19,  1.033921909339E+20,  1.151319092546E+17,  1.549428082975E+20,  5.360393234320E+19,  1.048676742768E+13,  8.563452468191E+01,  2.769710949626E+00,  7.286481171601E+01,NaN,  9.999999999294E+00,NaN,  2.016979653102E-06,  3.826519981430E-02,NaN,  3.504050000000E+06,  4.266428456290E-07
  6.626438748203E-04,  3.575925221188E+03,  3.599999978397E+03,  2.180300531120E+04,  7.499573133060E+05,  9.918599818371E+02,  9.305230902208E-01,NaN,NaN,  4.637616642109E-03,  2.042478143775E+15,  3.306400993438E+19,  1.033921909784E+20,  1.151319122117E+17,  1.549428082907E+20,  5.360393234663E+19,  1.048676742768E+13,  8.563452471972E+01,  2.769710956124E+00,  7.286481174739E+01,NaN,  9.999999999227E+00,NaN,  2.016979653102E-06,  3.826519981490E-02,NaN,  3.504050000000E+06,  4.266428467683E-07
  7.201796902115E-04,  3.573997327470E+03,  3.599999974029E+03,  2.416149906504E+04,  7.475941833403E+05,  9.918599818371E+02,  9.305230883776E-01,NaN,NaN,  4.520047173095E-03,  2.042478199201E+15,  3.306400988473E+19,  1.033921910279E+20,  1.151319155032E+17,  1.549428082832E+20,  5.360393235049E+19,  1.048676742768E+13,  8.563452476181E+01,  2.769710963356E+00,  7.286481178231E+01,NaN,  9.999999999160E+00,NaN,  2.016979653102E-06,  3.826519981556E-02,NaN,  3.504050000000E+06,  4.266428480365E-07
  7.777155056026E-04,  3.572082021133E+03,  3.599999969208E+03,  2.656308213885E+04,  7.452526020777E+05,  9.918599818371E+02,  9.305230863435E-01,NaN,NaN,  4.414223519009E-03,  2.042478260368E+15,  3.306400982995E+19,  1.033921910826E+20,  1.151319191357E+17,  1.549428082749E+20,  5.360393235479E+19,  1.048676715926E+13,  8.563452480827E+01,  2.769710971338E+00,  7.286481182086E+01,NaN,  9.999999999093E+00,NaN,  2.016979601475E-06,  3.826519981629E-02,NaN,  3.504050000000E+06,  4.266428494361E-07
  8.352513209938E-04,  3.570179354599E+03,  3.599999963927E+03,  2.900386146341E+04,  7.429325006228E+05,  9.918599818371E+02,  9.305230841152E-01,NaN,NaN,  4.318271873365E-03,  2.042478327376E+15,  3.306400976993E+19,  1.033921911425E+20,  1.151319231151E+17,  1.549428082659E+20,  5.360393235953E+19,  1.048676715926E+13,  8.563452485917E+01,  2.769710980082E+00,  7.286481186309E+01,NaN,  9.999999999026E+00,NaN,  2.016979601475E-06,  3.826519981708E-02,NaN,  3.504050000000E+06,  4.266428509693E-07
  8.927871363849E-04,  3.568289370379E+03,  3.599999958178E+03,  3.148034817452E+04,  7.406337986854E+05,  9.918599818371E+02,  9.305230816896E-01,NaN,NaN,  4.230717780516E-03,  2.042478400315E+15,  3.306400970460E+19,  1.033921912078E+20,  1.151319274468E+17,  1.549428082560E+20,  5.360393236472E+19,  1.048676689083E+13,  8.563452491459E+01,  2.769710989599E+00,  7.286481190905E+01,NaN,  9.999999998959E+00,NaN,  2.016979549847E-06,  3.826519981794E-02,NaN,  3.504050000000E+06,  4.266428526382E-07
  9.503229517760E-04,  3.566412102351E+03,  3.599999951956E+03,  3.398939255809E+04,  7.383564062911E+05,  9.918599818371E+02,  9.305230790641E-01,NaN,NaN,  4.150382155293E-03,  2.042478479268E+15,  3.306400963389E+19,  1.033921912784E+20,  1.151319321355E+17,  1.549428082453E+20,  5.360393237036E+19,  1.048676689083E+13,  8.563452497458E+01,  2.769710999902E+00,  7.286481195881E+01,NaN,  9.999999998892E+00,NaN,  2.016979549847E-06,  3.826519981887E-02,NaN,  3.504050000000E+06,  4.266428544448E-07
  1.045503297655E-03,  3.563334560244E+03,  3.599999940606E+03,  3.820399049972E+04,  7.346354794536E+05,  9.918599818371E+02,  9.305230742751E-01,NaN,NaN,  4.030851110206E-03,  2.042478623278E+15,  3.306400950490E+19,  1.033921914072E+20,  1.151319406878E+17,  1.549428082258E+20,  5.360393238072E+19,  1.048676662241E+13,  8.563452508403E+01,  2.769711018693E+00,  7.286481204957E+01,NaN,  9.999999998781E+00,NaN,  2.016979498219E-06,  3.826519982057E-02,NaN,  3.504050000000E+06,  4.266428577398E-07
  1.140683643535E-03,  3.560291964500E+03,  3.599999927920E+03,  4.248842361621E+04,  7.309721085080E+05,  9.918599818371E+02,  9.305230689221E-01,NaN,NaN,  3.925150244918E-03,  2.042478784247E+15,  3.306400936073E+19,  1.033921915511E+20,  1.151319502473E+17,  1.549428082040E+20,  5.360393239236E+19,  1.048676635398E+13,  8.563452520637E+01,  2.769711039698E+00,  7.286481215103E+01,NaN,  9.999999998670E+00,NaN,  2.016979446591E-06,  3.826519982245E-02,NaN,  3.504050000000E+06,  4.266428614230E-07
  1.235863989414E-03,  3.557284348481E+03,  3.599999913876E+03,  4.683264413882E+04,  7.273657598631E+05,  9.918599818371E+02,  9.305230629965E-01,NaN,NaN,  3.830776116920E-03,  2.042478962436E+15,  3.306400920114E+19,  1.033921917105E+20,  1.151319608293E+17,  1.549428081798E+20,  5.360393240531E+19,  1.048676608556E+13,  8.563452534182E+01,  2.769711062950E+00,  7.286481226333E+01,NaN,  9.999999998559E+00,NaN,  2.016979394963E-06,  3.826519982453E-02,NaN,  3.504050000000E+06,  4.266428655001E-07
  1.331044335294E-03,  3.554311706409E+03,  3.599999898458E+03,  5.122780664180E+04,  7.238158621607E+05,  9.918599818371E+02,  9.305230564910E-01,NaN,NaN,  3.745825152075E-03,  2.042479158063E+15,  3.306400902594E+19,  1.033921918854E+20,  1.151319724470E+17,  1.549428081534E+20,  5.360393241959E+19,  1.048676554871E+13,  8.563452549054E+01,  2.769711088477E+00,  7.286481238664E+01,NaN,  9.999999998448E+00,NaN,  2.016979291708E-06,  3.826519982682E-02,NaN,  3.504050000000E+06,  4.266428699762E-07
  1.426224681173E-03,  3.551373997849E+03,  3.599999881651E+03,  5.566605874925E+04,  7.203218124466E+05,  9.918599818371E+02,  9.305230493993E-01,NaN,NaN,  3.668819322845E-03,  2.042479371318E+15,  3.306400883494E+19,  1.033921920762E+20,  1.151319851115E+17,  1.549428081245E+20,  5.360393243520E+19,  1.048676528028E+13,  8.563452565267E+01,  2.769711116305E+00,  7.286481252105E+01,NaN,  9.999999998337E+00,NaN,  2.016979240080E-06,  3.826519982930E-02,NaN,  3.504050000000E+06,  4.266428748557E-07
  1.521405027053E-03,  3.548471152124E+03,  3.599999863442E+03,  6.014038024662E+04,  7.168829820914E+05,  9.918599818371E+02,  9.305230417161E-01,NaN,NaN,  3.598590275761E-03,  2.042479602357E+15,  3.306400862802E+19,  1.033921922828E+20,  1.151319988321E+17,  1.549428080932E+20,  5.360393245217E+19,  1.048676474343E+13,  8.563452582834E+01,  2.769711146453E+00,  7.286481266668E+01,NaN,  9.999999998226E+00,NaN,  2.016979136825E-06,  3.826519983199E-02,NaN,  3.504050000000E+06,  4.266428801421E-07
  1.693180674558E-03,  3.543320181458E+03,  3.599999827000E+03,  6.828677853939E+04,  7.108144517493E+05,  9.918599818371E+02,  9.305230263399E-01,NaN,NaN,  3.486099598913E-03,  2.042480064735E+15,  3.306400821392E+19,  1.033921926964E+20,  1.151320262913E+17,  1.549428080306E+20,  5.360393248623E+19,  1.048676393815E+13,  8.563452617992E+01,  2.769711206789E+00,  7.286481295813E+01,NaN,  9.999999998026E+00,NaN,  2.016978981941E-06,  3.826519983735E-02,NaN,  3.504050000000E+06,  4.266428907218E-07
  1.815007436133E-03,  3.539735228211E+03,  3.599999798343E+03,  7.410540280674E+04,  7.066160980412E+05,  9.918599818371E+02,  9.305230142481E-01,NaN,NaN,  3.415556558220E-03,  2.042480428349E+15,  3.306400788826E+19,  1.033921930216E+20,  1.151320478851E+17,  1.549428079814E+20,  5.360393251310E+19,  1.048676366973E+13,  8.563452645643E+01,  2.769711254237E+00,  7.286481318733E+01,NaN,  9.999999997884E+00,NaN,  2.016978930313E-06,  3.826519984157E-02,NaN,  3.504050000000E+06,  4.266428990416E-07
  1.936834197707E-03,  3.536206516210E+03,  3.599999767338E+03,  7.994661858999E+04,  7.025037168037E+05,  9.918599818371E+02,  9.305230011659E-01,NaN,NaN,  3.351381952910E-03,  2.042480821742E+15,  3.306400753594E+19,  1.033921933735E+20,  1.151320712474E+17,  1.549428079281E+20,  5.360393254223E+19,  1.048676286445E+13,  8.563452675559E+01,  2.769711305571E+00,  7.286481343530E+01,NaN,  9.999999997742E+00,NaN,  2.016978775430E-06,  3.826519984613E-02,NaN,  3.504050000000E+06,  4.266429080428E-07
  2.058660959282E-03,  3.532733666997E+03,  3.599999733980E+03,  8.580155571864E+04,  6.984758414855E+05,  9.918599818371E+02,  9.305229870904E-01,NaN,NaN,  3.292684834905E-03,  2.042481245009E+15,  3.306400715687E+19,  1.033921937520E+20,  1.151320963838E+17,  1.549428078708E+20,  5.360393257363E+19,  1.048676232760E+13,  8.563452707749E+01,  2.769711360803E+00,  7.286481370210E+01,NaN,  9.999999997599E+00,NaN,  2.016978672174E-06,  3.826519985102E-02,NaN,  3.504050000000E+06,  4.266429177275E-07
  2.180487720857E-03,  3.529316262925E+03,  3.599999698262E+03,  9.166227741029E+04,  6.945309911713E+05,  9.918599818371E+02,  9.305229720198E-01,NaN,NaN,  3.238741571825E-03,  2.042481698196E+15,  3.306400675100E+19,  1.033921941574E+20,  1.151321232971E+17,  1.549428078095E+20,  5.360393260730E+19,  1.048676152232E+13,  8.563452742215E+01,  2.769711419940E+00,  7.286481398777E+01,NaN,  9.999999997457E+00,NaN,  2.016978517291E-06,  3.826519985626E-02,NaN,  3.504050000000E+06,  4.266429280968E-07
  2.302314482432E-03,  3.525953852758E+03,  3.599999660186E+03,  9.752165708262E+04,  6.906676773089E+05,  9.918599818371E+02,  9.305229559539E-01,NaN,NaN,  3.188957207083E-03,  2.042482181316E+15,  3.306400631832E+19,  1.033921945895E+20,  1.151321519880E+17,  1.549428077441E+20,  5.360393264324E+19,  1.048676071705E+13,  8.563452778959E+01,  2.769711482983E+00,  7.286481429231E+01,NaN,  9.999999997315E+00,NaN,  2.016978362408E-06,  3.826519986184E-02,NaN,  3.504050000000E+06,  4.266429391511E-07
  2.424141244007E-03,  3.522645955841E+03,  3.599999619753E+03,  1.033732783270E+05,  6.868844085936E+05,  9.918599818371E+02,  9.305229388933E-01,NaN,NaN,  3.142837236920E-03,  2.042482694345E+15,  3.306400585886E+19,  1.033921950484E+20,  1.151321824551E+17,  1.549428076747E+20,  5.360393268145E+19,  1.048675991177E+13,  8.563452817979E+01,  2.769711549928E+00,  7.286481461571E+01,NaN,  9.999999997173E+00,NaN,  2.016978207524E-06,  3.826519986777E-02,NaN,  3.504050000000E+06,  4.266429508896E-07
  2.545968005582E-03,  3.519392065490E+03,  3.599999576967E+03,  1.092113522916E+05,  6.831796947932E+05,  9.918599818371E+02,  9.305229208399E-01,NaN,NaN,  3.099966634415E-03,  2.042483237229E+15,  3.306400537267E+19,  1.033921955340E+20,  1.151322146952E+17,  1.549428076012E+20,  5.360393272193E+19,  1.048675910650E+13,  8.563452859270E+01,  2.769711620769E+00,  7.286481495792E+01,NaN,  9.999999997031E+00,NaN,  2.016978052641E-06,  3.826519987403E-02,NaN,  3.504050000000E+06,  4.266429633113E-07
  2.858405070248E-03,  3.511290256787E+03,  3.599999456533E+03,  1.240867194676E+05,  6.740273366975E+05,  9.918599818371E+02,  9.305228700237E-01,NaN,NaN,  3.002566596438E-03,  2.042484765326E+15,  3.306400400413E+19,  1.033921969008E+20,  1.151323054437E+17,  1.549428073944E+20,  5.360393283605E+19,  1.048675669067E+13,  8.563452975501E+01,  2.769711820172E+00,  7.286481592119E+01,NaN,  9.999999996667E+00,NaN,  2.016977587991E-06,  3.826519989165E-02,NaN,  3.504050000000E+06,  4.266429982756E-07
  3.049015373340E-03,  3.506516238017E+03,  3.599999375551E+03,  1.330693758421E+05,  6.686820665046E+05,  9.918599818371E+02,  9.305228358538E-01,NaN,NaN,  2.950560000420E-03,  2.042485792851E+15,  3.306400308390E+19,  1.033921978199E+20,  1.151323664651E+17,  1.549428072553E+20,  5.360393291291E+19,  1.048675481169E+13,  8.563453053660E+01,  2.769711954255E+00,  7.286481656892E+01,NaN,  9.999999996445E+00,NaN,  2.016977226597E-06,  3.826519990349E-02,NaN,  3.504050000000E+06,  4.266430217863E-07
  3.239625676432E-03,  3.501867330679E+03,  3.599999288938E+03,  1.419649145026E+05,  6.635107168049E+05,  9.918599818371E+02,  9.305227993082E-01,NaN,NaN,  2.903211868459E-03,  2.042486891817E+15,  3.306400209970E+19,  1.033921988029E+20,  1.151324317290E+17,  1.549428071065E+20,  5.360393299519E+19,  1.048675320114E+13,  8.563453137255E+01,  2.769712097660E+00,  7.286481726169E+01,NaN,  9.999999996223E+00,NaN,  2.016976916830E-06,  3.826519991615E-02,NaN,  3.504050000000E+06,  4.266430469316E-07
  3.430235979524E-03,  3.497341206096E+03,  3.599999196753E+03,  1.507616012736E+05,  6.585078623333E+05,  9.918599818371E+02,  9.305227604115E-01,NaN,NaN,  2.859903033129E-03,  2.042488061481E+15,  3.306400105217E+19,  1.033921998492E+20,  1.151325011915E+17,  1.549428069482E+20,  5.360393308284E+19,  1.048675105373E+13,  8.563453226229E+01,  2.769712250290E+00,  7.286481799902E+01,NaN,  9.999999996000E+00,NaN,  2.016976503808E-06,  3.826519992961E-02,NaN,  3.504050000000E+06,  4.266430736946E-07
  3.620846282616E-03,  3.492935486807E+03,  3.599999099062E+03,  1.594494071188E+05,  6.536681864847E+05,  9.918599818371E+02,  9.305227191915E-01,NaN,NaN,  2.820124449506E-03,  2.042489301011E+15,  3.306399994208E+19,  1.033922009579E+20,  1.151325748030E+17,  1.549428067805E+20,  5.360393317580E+19,  1.048674917476E+13,  8.563453320520E+01,  2.769712412038E+00,  7.286481878041E+01,NaN,  9.999999995778E+00,NaN,  2.016976142413E-06,  3.826519994387E-02,NaN,  3.504050000000E+06,  4.266431020562E-07
  3.811456585708E-03,  3.488647759662E+03,  3.599998995937E+03,  1.680197883481E+05,  6.489864901589E+05,  9.918599818371E+02,  9.305226756782E-01,NaN,NaN,  2.783453050088E-03,  2.042490609503E+15,  3.306399877024E+19,  1.033922021284E+20,  1.151326525100E+17,  1.549428066034E+20,  5.360393327399E+19,  1.048674702735E+13,  8.563453420058E+01,  2.769712582784E+00,  7.286481960526E+01,NaN,  9.999999995556E+00,NaN,  2.016975729391E-06,  3.826519995892E-02,NaN,  3.504050000000E+06,  4.266431319957E-07
  4.002066888800E-03,  3.484475587382E+03,  3.599998887452E+03,  1.764655011607E+05,  6.444576985650E+05,  9.918599818371E+02,  9.305226299038E-01,NaN,NaN,  2.749533801803E-03,  2.042491985986E+15,  3.306399753750E+19,  1.033922033596E+20,  1.151327342548E+17,  1.549428064171E+20,  5.360393337734E+19,  1.048674461153E+13,  8.563453524770E+01,  2.769712762403E+00,  7.286482047299E+01,NaN,  9.999999995334E+00,NaN,  2.016975264741E-06,  3.826519997475E-02,NaN,  3.504050000000E+06,  4.266431634909E-07
  4.383287494984E-03,  3.476468094661E+03,  3.599998654732E+03,  1.929595256211E+05,  6.358391778626E+05,  9.918599818371E+02,  9.305225317093E-01,NaN,NaN,  2.688793676436E-03,  2.042494938803E+15,  3.306399489304E+19,  1.033922060009E+20,  1.151329096127E+17,  1.549428060175E+20,  5.360393359922E+19,  1.048674004829E+13,  8.563453749400E+01,  2.769713147719E+00,  7.286482233442E+01,NaN,  9.999999994889E+00,NaN,  2.016974387069E-06,  3.826520000869E-02,NaN,  3.504050000000E+06,  4.266432310540E-07
  4.764508101167E-03,  3.468893363002E+03,  3.599998401585E+03,  2.088940936663E+05,  6.277746464611E+05,  9.918599818371E+02,  9.305224248958E-01,NaN,NaN,  2.635982436771E-03,  2.042498150799E+15,  3.306399201648E+19,  1.033922088741E+20,  1.151331003626E+17,  1.549428055828E+20,  5.360393384077E+19,  1.048673467979E+13,  8.563453993752E+01,  2.769713566856E+00,  7.286482435925E+01,NaN,  9.999999994445E+00,NaN,  2.016973354513E-06,  3.826520004560E-02,NaN,  3.504050000000E+06,  4.266433045475E-07
  5.145728707351E-03,  3.461731854780E+03,  3.599998128734E+03,  2.242445876094E+05,  6.202282626082E+05,  9.918599818371E+02,  9.305223097678E-01,NaN,NaN,  2.589664958228E-03,  2.042501612822E+15,  3.306398891600E+19,  1.033922119709E+20,  1.151333059607E+17,  1.549428051143E+20,  5.360393410131E+19,  1.048672904285E+13,  8.563454257129E+01,  2.769714018620E+00,  7.286482654170E+01,NaN,  9.999999994001E+00,NaN,  2.016972270329E-06,  3.826520008536E-02,NaN,  3.504050000000E+06,  4.266433837618E-07
  5.526949313535E-03,  3.454964303868E+03,  3.599997836922E+03,  2.389964758781E+05,  6.131663065269E+05,  9.918599818371E+02,  9.305221866400E-01,NaN,NaN,  2.548744020558E-03,  2.042505315409E+15,  3.306398560009E+19,  1.033922152829E+20,  1.151335258451E+17,  1.549428046132E+20,  5.360393438012E+19,  1.048672286907E+13,  8.563454538812E+01,  2.769714501775E+00,  7.286482887581E+01,NaN,  9.999999993556E+00,NaN,  2.016971082890E-06,  3.826520012788E-02,NaN,  3.504050000000E+06,  4.266434684804E-07
  5.908169919719E-03,  3.448571837056E+03,  3.599997526910E+03,  2.531432270913E+05,  6.065571290071E+05,  9.918599818371E+02,  9.305220558325E-01,NaN,NaN,  2.512363868854E-03,  2.042509248932E+15,  3.306398207736E+19,  1.033922188015E+20,  1.151337594440E+17,  1.549428040809E+20,  5.360393467645E+19,  1.048671669528E+13,  8.563454838066E+01,  2.769715015066E+00,  7.286483135551E+01,NaN,  9.999999993112E+00,NaN,  2.016969895451E-06,  3.826520017303E-02,NaN,  3.504050000000E+06,  4.266435584831E-07
  6.289390525903E-03,  3.442536064145E+03,  3.599997199461E+03,  2.666846608730E+05,  6.003710770765E+05,  9.918599818371E+02,  9.305219176674E-01,NaN,NaN,  2.479845545520E-03,  2.042513403709E+15,  3.306397835649E+19,  1.033922225180E+20,  1.151340061827E+17,  1.549428035186E+20,  5.360393498959E+19,  1.048670971622E+13,  8.563455154156E+01,  2.769715557228E+00,  7.286483397470E+01,NaN,  9.999999992667E+00,NaN,  2.016968553129E-06,  3.826520022071E-02,NaN,  3.504050000000E+06,  4.266436535484E-07
  6.670611132086E-03,  3.436839143462E+03,  3.599996855333E+03,  2.796256283936E+05,  5.945804054462E+05,  9.918599818371E+02,  9.305217724651E-01,NaN,NaN,  2.450642288393E-03,  2.042517770100E+15,  3.306397444610E+19,  1.033922264238E+20,  1.151342654884E+17,  1.549428029277E+20,  5.360393531879E+19,  1.048670246874E+13,  8.563455486348E+01,  2.769716127005E+00,  7.286483672729E+01,NaN,  9.999999992223E+00,NaN,  2.016967159179E-06,  3.826520027082E-02,NaN,  3.504050000000E+06,  4.266437534556E-07
  7.051831738270E-03,  3.431463828007E+03,  3.599996495279E+03,  2.919749470425E+05,  5.891591799264E+05,  9.918599818371E+02,  9.305216205427E-01,NaN,NaN,  2.424308008996E-03,  2.042522338574E+15,  3.306397035474E+19,  1.033922305104E+20,  1.151345367952E+17,  1.549428023095E+20,  5.360393566334E+19,  1.048669495283E+13,  8.563455833918E+01,  2.769716723152E+00,  7.286483960728E+01,NaN,  9.999999991778E+00,NaN,  2.016965713601E-06,  3.826520032323E-02,NaN,  3.504050000000E+06,  4.266438579867E-07
  7.532888270222E-03,  3.425114041429E+03,  3.599996019346E+03,  3.067327567942E+05,  5.828080387460E+05,  9.918599818371E+02,  9.305214197261E-01,NaN,NaN,  2.394606676282E-03,  2.042528377349E+15,  3.306396494664E+19,  1.033922359122E+20,  1.151348954184E+17,  1.549428014923E+20,  5.360393611891E+19,  1.048668528951E+13,  8.563456293351E+01,  2.769717511161E+00,  7.286484341416E+01,NaN,  9.999999991218E+00,NaN,  2.016963855001E-06,  3.826520039250E-02,NaN,  3.504050000000E+06,  4.266439961598E-07
  8.113780727942E-03,  3.418048423155E+03,  3.599995414458E+03,  3.233651360801E+05,  5.758077602904E+05,  9.918599818371E+02,  9.305211644979E-01,NaN,NaN,  2.363202702489E-03,  2.042536052345E+15,  3.306395807320E+19,  1.033922427777E+20,  1.151353512118E+17,  1.549428004537E+20,  5.360393669811E+19,  1.048667294195E+13,  8.563456877273E+01,  2.769718512683E+00,  7.286484825254E+01,NaN,  9.999999990540E+00,NaN,  2.016961480123E-06,  3.826520048053E-02,NaN,  3.504050000000E+06,  4.266441717713E-07
  8.694673185662E-03,  3.411591549727E+03,  3.599994778851E+03,  3.387539878419E+05,  5.694717121960E+05,  9.918599818371E+02,  9.305208963077E-01,NaN,NaN,  2.335894456513E-03,  2.042544117123E+15,  3.306395085069E+19,  1.033922499918E+20,  1.151358301532E+17,  1.549427993623E+20,  5.360393730689E+19,  1.048665978910E+13,  8.563457490854E+01,  2.769719565070E+00,  7.286485333665E+01,NaN,  9.999999989863E+00,NaN,  2.016958950362E-06,  3.826520057301E-02,NaN,  3.504050000000E+06,  4.266443563016E-07
  9.275565643382E-03,  3.405693937968E+03,  3.599994114849E+03,  3.529643335612E+05,  5.637350861731E+05,  9.918599818371E+02,  9.305206161365E-01,NaN,NaN,  2.312020409167E-03,  2.042552542183E+15,  3.306394330552E+19,  1.033922575283E+20,  1.151363304908E+17,  1.549427982222E+20,  5.360393794304E+19,  1.048664609941E+13,  8.563458131850E+01,  2.769720664471E+00,  7.286485864789E+01,NaN,  9.999999989186E+00,NaN,  2.016956317345E-06,  3.826520066961E-02,NaN,  3.504050000000E+06,  4.266445490757E-07
  9.856458101102E-03,  3.400309546292E+03,  3.599993424649E+03,  3.660641209934E+05,  5.585395946470E+05,  9.918599818371E+02,  9.305203249114E-01,NaN,NaN,  2.291052963133E-03,  2.042561299648E+15,  3.306393546267E+19,  1.033922653621E+20,  1.151368505691E+17,  1.549427970371E+20,  5.360393860442E+19,  1.048663160444E+13,  8.563458798139E+01,  2.769721807248E+00,  7.286486416868E+01,NaN,  9.999999988509E+00,NaN,  2.016953529444E-06,  3.826520077001E-02,NaN,  3.504050000000E+06,  4.266447494556E-07
  1.043735055882E-02,  3.395395660048E+03,  3.599992710317E+03,  3.781222620874E+05,  5.538328102438E+05,  9.918599818371E+02,  9.305200235039E-01,NaN,NaN,  2.272565509334E-03,  2.042570363311E+15,  3.306392734561E+19,  1.033922734697E+20,  1.151373888318E+17,  1.549427958106E+20,  5.360393928905E+19,  1.048661684104E+13,  8.563459487728E+01,  2.769722989983E+00,  7.286486988251E+01,NaN,  9.999999987831E+00,NaN,  2.016950689916E-06,  3.826520087392E-02,NaN,  3.504050000000E+06,  4.266449568419E-07
  1.101824301654E-02,  3.390912747440E+03,  3.599991973786E+03,  3.892071977629E+05,  5.495675641563E+05,  9.918599818371E+02,  9.305197127297E-01,NaN,NaN,  2.256208918286E-03,  2.042579708642E+15,  3.306391897630E+19,  1.033922818294E+20,  1.151379438221E+17,  1.549427945460E+20,  5.360393999507E+19,  1.048660154079E+13,  8.563460198749E+01,  2.769724209474E+00,  7.286487577392E+01,NaN,  9.999999987154E+00,NaN,  2.016947747133E-06,  3.826520098104E-02,NaN,  3.504050000000E+06,  4.266451706733E-07
  1.176009609666E-02,  3.385756630373E+03,  3.599991003742E+03,  4.020546844244E+05,  5.446955047318E+05,  9.918599818371E+02,  9.305193034259E-01,NaN,NaN,  2.237965140079E-03,  2.042592016874E+15,  3.306390795353E+19,  1.033922928395E+20,  1.151386747704E+17,  1.549427928804E+20,  5.360394092506E+19,  1.048658140889E+13,  8.563461135201E+01,  2.769725815601E+00,  7.286488353317E+01,NaN,  9.999999986289E+00,NaN,  2.016943875049E-06,  3.826520112211E-02,NaN,  3.504050000000E+06,  4.266454522993E-07
  1.266290979918E-02,  3.380250246882E+03,  3.599989783314E+03,  4.158886551216E+05,  5.395320551510E+05,  9.918599818371E+02,  9.305187884749E-01,NaN,NaN,  2.219118126092E-03,  2.042607502041E+15,  3.306389408562E+19,  1.033923066914E+20,  1.151395943878E+17,  1.549427907849E+20,  5.360394209529E+19,  1.048655590848E+13,  8.563462313369E+01,  2.769727836295E+00,  7.286489329522E+01,NaN,  9.999999985237E+00,NaN,  2.016938970410E-06,  3.826520129958E-02,NaN,  3.504050000000E+06,  4.266458066176E-07
  1.356572350171E-02,  3.375483622861E+03,  3.599988524307E+03,  4.279573079883E+05,  5.350951016928E+05,  9.918599818371E+02,  9.305182572453E-01,NaN,NaN,  2.203305256085E-03,  2.042623476726E+15,  3.306387977933E+19,  1.033923209813E+20,  1.151405430770E+17,  1.549427886232E+20,  5.360394330269E+19,  1.048653013964E+13,  8.563463528785E+01,  2.769729920870E+00,  7.286490336587E+01,NaN,  9.999999984184E+00,NaN,  2.016934014143E-06,  3.826520148265E-02,NaN,  3.504050000000E+06,  4.266461721372E-07
  1.446853720423E-02,  3.371359383920E+03,  3.599987231672E+03,  4.384681522520E+05,  5.312805280166E+05,  9.918599818371E+02,  9.305177118266E-01,NaN,NaN,  2.189981086710E-03,  2.042639878101E+15,  3.306386509091E+19,  1.033923356528E+20,  1.151415171068E+17,  1.549427864037E+20,  5.360394454248E+19,  1.048650329710E+13,  8.563464776670E+01,  2.769732061127E+00,  7.286491370551E+01,NaN,  9.999999983132E+00,NaN,  2.016928851364E-06,  3.826520167060E-02,NaN,  3.504050000000E+06,  4.266465474205E-07
  1.537135090675E-02,  3.367792428817E+03,  3.599985909770E+03,  4.476093156320E+05,  5.279995715303E+05,  9.918599818371E+02,  9.305171540591E-01,NaN,NaN,  2.178713860376E-03,  2.042656650825E+15,  3.306385006994E+19,  1.033923506565E+20,  1.151425131909E+17,  1.549427841340E+20,  5.360394581047E+19,  1.048647591771E+13,  8.563466052812E+01,  2.769734249844E+00,  7.286492427927E+01,NaN,  9.999999982079E+00,NaN,  2.016923585330E-06,  3.826520186279E-02,NaN,  3.504050000000E+06,  4.266469312014E-07
  1.627416460927E-02,  3.364708533353E+03,  3.599984562430E+03,  4.555498026422E+05,  5.251764664885E+05,  9.918599818371E+02,  9.305165855583E-01,NaN,NaN,  2.169157612170E-03,  2.042673746314E+15,  3.306383475990E+19,  1.033923659490E+20,  1.151435284439E+17,  1.549427818206E+20,  5.360394710297E+19,  1.048644826989E+13,  8.563467353513E+01,  2.769736480682E+00,  7.286493505651E+01,NaN,  9.999999981027E+00,NaN,  2.016918267669E-06,  3.826520205867E-02,NaN,  3.504050000000E+06,  4.266473223681E-07
  1.717697831179E-02,  3.362043068320E+03,  3.599983193005E+03,  4.624403616429E+05,  5.227464655631E+05,  9.918599818371E+02,  9.305160077389E-01,NaN,NaN,  2.161032225057E-03,  2.042691122033E+15,  3.306381919891E+19,  1.033923814921E+20,  1.151445603400E+17,  1.549427794693E+20,  5.360394841674E+19,  1.048641954838E+13,  8.563468675538E+01,  2.769738748091E+00,  7.286494601041E+01,NaN,  9.999999979974E+00,NaN,  2.016912743496E-06,  3.826520225775E-02,NaN,  3.504050000000E+06,  4.266477199476E-07
  1.807979201431E-02,  3.359739838066E+03,  3.599981804424E+03,  4.684146980963E+05,  5.206541781319E+05,  9.918599818371E+02,  9.305154218363E-01,NaN,NaN,  2.154108875755E-03,  2.042708740825E+15,  3.306380342023E+19,  1.033923972527E+20,  1.151456066724E+17,  1.549427770851E+20,  5.360394974898E+19,  1.048639109529E+13,  8.563470016060E+01,  2.769741047222E+00,  7.286495711755E+01,NaN,  9.999999978922E+00,NaN,  2.016907270951E-06,  3.826520245961E-02,NaN,  3.504050000000E+06,  4.266481230896E-07
  1.943401256810E-02,  3.356859210648E+03,  3.599979691126E+03,  4.759125979575E+05,  5.180470823755E+05,  9.918599818371E+02,  9.305145301449E-01,NaN,NaN,  2.145574675666E-03,  2.042735555068E+15,  3.306377940649E+19,  1.033924212389E+20,  1.151471990996E+17,  1.549427734565E+20,  5.360395177664E+19,  1.048634707352E+13,  8.563472056218E+01,  2.769744546300E+00,  7.286497402164E+01,NaN,  9.999999977343E+00,NaN,  2.016898803995E-06,  3.826520276682E-02,NaN,  3.504050000000E+06,  4.266487366373E-07
  2.078823312188E-02,  3.354546977788E+03,  3.599977547659E+03,  4.819512791730E+05,  5.159621642822E+05,  9.918599818371E+02,  9.305136257234E-01,NaN,NaN,  2.138822818828E-03,  2.042762752131E+15,  3.306375504990E+19,  1.033924455676E+20,  1.151488142638E+17,  1.549427697762E+20,  5.360395383337E+19,  1.048630305176E+13,  8.563474125507E+01,  2.769748095341E+00,  7.286499116707E+01,NaN,  9.999999975764E+00,NaN,  2.016890337038E-06,  3.826520307840E-02,NaN,  3.504050000000E+06,  4.266493589461E-07
  2.214245367566E-02,  3.352691533362E+03,  3.599975379906E+03,  4.868095015693E+05,  5.142940781755E+05,  9.918599818371E+02,  9.305127110548E-01,NaN,NaN,  2.133467305253E-03,  2.042790257348E+15,  3.306373041735E+19,  1.033924701719E+20,  1.151504477308E+17,  1.549427660541E+20,  5.360395591350E+19,  1.048625795629E+13,  8.563476218244E+01,  2.769751684600E+00,  7.286500850678E+01,NaN,  9.999999974185E+00,NaN,  2.016881663571E-06,  3.826520339350E-02,NaN,  3.504050000000E+06,  4.266499883076E-07
  2.349667422944E-02,  3.351202963592E+03,  3.599973192623E+03,  4.907146704711E+05,  5.129589692821E+05,  9.918599818371E+02,  9.305117881459E-01,NaN,NaN,  2.129210771158E-03,  2.042818010377E+15,  3.306370556287E+19,  1.033924949979E+20,  1.151520959171E+17,  1.549427622985E+20,  5.360395801245E+19,  1.048621259240E+13,  8.563478329839E+01,  2.769755306203E+00,  7.286502600271E+01,NaN,  9.999999972607E+00,NaN,  2.016872938476E-06,  3.826520371143E-02,NaN,  3.504050000000E+06,  4.266506233411E-07
  2.485089478322E-02,  3.350008911833E+03,  3.599970989648E+03,  4.938515846765E+05,  5.118900073089E+05,  9.918599818371E+02,  9.305108586154E-01,NaN,NaN,  2.125822330836E-03,  2.042845962538E+15,  3.306368053006E+19,  1.033925200021E+20,  1.151537559318E+17,  1.549427585160E+20,  5.360396012652E+19,  1.048616696009E+13,  8.563480456586E+01,  2.769758953799E+00,  7.286504362417E+01,NaN,  9.999999971028E+00,NaN,  2.016864161753E-06,  3.826520403164E-02,NaN,  3.504050000000E+06,  4.266512629328E-07
  2.620511533701E-02,  3.349051201799E+03,  3.599968774070E+03,  4.963699723264E+05,  5.110338761670E+05,  9.918599818371E+02,  9.305099237675E-01,NaN,NaN,  2.123121587314E-03,  2.042874074614E+15,  3.306365535403E+19,  1.033925451493E+20,  1.151554254460E+17,  1.549427547118E+20,  5.360396225274E+19,  1.048612105934E+13,  8.563482595503E+01,  2.769762622269E+00,  7.286506134646E+01,NaN,  9.999999969449E+00,NaN,  2.016855333402E-06,  3.826520435368E-02,NaN,  3.504050000000E+06,  4.266519061854E-07
  2.755933589079E-02,  3.348283091226E+03,  3.599966548378E+03,  4.983908653155E+05,  5.103480058554E+05,  9.918599818371E+02,  9.305089846516E-01,NaN,NaN,  2.120966882826E-03,  2.042902315048E+15,  3.306363006306E+19,  1.033925704113E+20,  1.151571025856E+17,  1.549427508902E+20,  5.360396438871E+19,  1.048607489018E+13,  8.563484744187E+01,  2.769766307496E+00,  7.286507914966E+01,NaN,  9.999999967870E+00,NaN,  2.016846453423E-06,  3.826520467718E-02,NaN,  3.504050000000E+06,  4.266525523768E-07
  2.936496329583E-02,  3.347490097987E+03,  3.599963568451E+03,  5.004774937928E+05,  5.096405853749E+05,  9.918599818371E+02,  9.305077272918E-01,NaN,NaN,  2.118753768352E-03,  2.042940125510E+15,  3.306359620156E+19,  1.033926042340E+20,  1.151593480727E+17,  1.549427457736E+20,  5.360396724856E+19,  1.048601315234E+13,  8.563487621013E+01,  2.769771241571E+00,  7.286510298596E+01,NaN,  9.999999965765E+00,NaN,  2.016834579033E-06,  3.826520511030E-02,NaN,  3.504050000000E+06,  4.266534175502E-07
  3.117059070087E-02,  3.346899128645E+03,  3.599960577741E+03,  5.020318207639E+05,  5.091137673847E+05,  9.918599818371E+02,  9.305064653820E-01,NaN,NaN,  2.117112984160E-03,  2.042978072824E+15,  3.306356221750E+19,  1.033926381792E+20,  1.151616016916E+17,  1.549427406384E+20,  5.360397011881E+19,  1.048595141450E+13,  8.563490508253E+01,  2.769776193517E+00,  7.286512690853E+01,NaN,  9.999999963660E+00,NaN,  2.016822704643E-06,  3.826520554498E-02,NaN,  3.504050000000E+06,  4.266542858582E-07
  3.297621810592E-02,  3.346458620064E+03,  3.599957579000E+03,  5.031890741510E+05,  5.087212213870E+05,  9.918599818371E+02,  9.305052000836E-01,NaN,NaN,  2.115895758123E-03,  2.043016122060E+15,  3.306352814216E+19,  1.033926722155E+20,  1.151638613680E+17,  1.549427354895E+20,  5.360397299680E+19,  1.048588913981E+13,  8.563493403251E+01,  2.769781158775E+00,  7.286515089536E+01,NaN,  9.999999961555E+00,NaN,  2.016810726998E-06,  3.826520598082E-02,NaN,  3.504050000000E+06,  4.266551565017E-07
  3.478184551096E-02,  3.346130148339E+03,  3.599954574281E+03,  5.040503066663E+05,  5.084285275498E+05,  9.918599818371E+02,  9.305039322629E-01,NaN,NaN,  2.114992441933E-03,  2.043054247173E+15,  3.306349399887E+19,  1.033927063197E+20,  1.151661255551E+17,  1.549427303302E+20,  5.360397588057E+19,  1.048582713354E+13,  8.563496304022E+01,  2.769786133948E+00,  7.286517493003E+01,NaN,  9.999999959450E+00,NaN,  2.016798800980E-06,  3.826520641753E-02,NaN,  3.504050000000E+06,  4.266560288845E-07
  3.683613166643E-02,  3.345856615306E+03,  3.599951150431E+03,  5.047652267225E+05,  5.081847156965E+05,  9.918599818371E+02,  9.305024875928E-01,NaN,NaN,  2.114244387340E-03,  2.043097690421E+15,  3.306345509288E+19,  1.033927451812E+20,  1.151687055829E+17,  1.549427244513E+20,  5.360397916662E+19,  1.048575626924E+13,  8.563499609430E+01,  2.769791803130E+00,  7.286520231733E+01,NaN,  9.999999957055E+00,NaN,  2.016785171245E-06,  3.826520691515E-02,NaN,  3.504050000000E+06,  4.266570229614E-07
  3.889041782190E-02,  3.345660422112E+03,  3.599947722462E+03,  5.052754757112E+05,  5.080097108745E+05,  9.918599818371E+02,  9.305010411845E-01,NaN,NaN,  2.113711653956E-03,  2.043141185968E+15,  3.306341614005E+19,  1.033927840894E+20,  1.151712887226E+17,  1.549427185653E+20,  5.360398245665E+19,  1.048568513651E+13,  8.563502918818E+01,  2.769797479153E+00,  7.286522973760E+01,NaN,  9.999999954660E+00,NaN,  2.016771489883E-06,  3.826520741337E-02,NaN,  3.504050000000E+06,  4.266580182393E-07
  4.094470397736E-02,  3.345519505362E+03,  3.599944291554E+03,  5.056393656089E+05,  5.078838552722E+05,  9.918599818371E+02,  9.304995935363E-01,NaN,NaN,  2.113332494831E-03,  2.043184718838E+15,  3.306337715380E+19,  1.033928230310E+20,  1.151738740848E+17,  1.549427126742E+20,  5.360398574952E+19,  1.048561400378E+13,  8.563506231049E+01,  2.769803160062E+00,  7.286525718140E+01,NaN,  9.999999952265E+00,NaN,  2.016757808520E-06,  3.826520791200E-02,NaN,  3.504050000000E+06,  4.266590143753E-07
  4.299899013283E-02,  3.345418093037E+03,  3.599940858551E+03,  5.058986181661E+05,  5.077931104813E+05,  9.918599818371E+02,  9.304981450040E-01,NaN,NaN,  2.113062927571E-03,  2.043228278324E+15,  3.306333814371E+19,  1.033928619965E+20,  1.151764610334E+17,  1.549427067795E+20,  5.360398904442E+19,  1.048554287106E+13,  8.563509545305E+01,  2.769808844461E+00,  7.286528464198E+01,NaN,  9.999999949871E+00,NaN,  2.016744127158E-06,  3.826520841094E-02,NaN,  3.504050000000E+06,  4.266600111246E-07
  4.573803834012E-02,  3.345325326024E+03,  3.599936278972E+03,  5.061318185822E+05,  5.077098336057E+05,  9.918599818371E+02,  9.304962126817E-01,NaN,NaN,  2.112821132994E-03,  2.043286386135E+15,  3.306328610474E+19,  1.033929139759E+20,  1.151799120000E+17,  1.549426989161E+20,  5.360399343981E+19,  1.048544811689E+13,  8.563513966486E+01,  2.769816427403E+00,  7.286532127405E+01,NaN,  9.999999946677E+00,NaN,  2.016725902551E-06,  3.826520907651E-02,NaN,  3.504050000000E+06,  4.266613407823E-07
  4.847708654741E-02,  3.345264859018E+03,  3.599931697698E+03,  5.062794221514E+05,  5.076552482467E+05,  9.918599818371E+02,  9.304942796445E-01,NaN,NaN,  2.112668766805E-03,  2.043344515503E+15,  3.306323404647E+19,  1.033929659746E+20,  1.151833642573E+17,  1.549426910497E+20,  5.360399783684E+19,  1.048535309431E+13,  8.563518389309E+01,  2.769824013186E+00,  7.286535791971E+01,NaN,  9.999999943484E+00,NaN,  2.016707626316E-06,  3.826520974231E-02,NaN,  3.504050000000E+06,  4.266626709408E-07
  5.155865736975E-02,  3.345221092444E+03,  3.599926542271E+03,  5.063811781893E+05,  5.076153843635E+05,  9.918599818371E+02,  9.304921043473E-01,NaN,NaN,  2.112564477812E-03,  2.043409930070E+15,  3.306317546386E+19,  1.033930244901E+20,  1.151872491893E+17,  1.549426821973E+20,  5.360400278497E+19,  1.048524652943E+13,  8.563523366436E+01,  2.769832549710E+00,  7.286539915808E+01,NaN,  9.999999939892E+00,NaN,  2.016687130086E-06,  3.826521049156E-02,NaN,  3.504050000000E+06,  4.266641678134E-07
  5.464051137037E-02,  3.345193171208E+03,  3.599921385566E+03,  5.064409310561E+05,  5.075895912117E+05,  9.918599818371E+02,  9.304899285107E-01,NaN,NaN,  2.112504015174E-03,  2.043475360929E+15,  3.306311686667E+19,  1.033930830203E+20,  1.151911351023E+17,  1.549426733428E+20,  5.360400773436E+19,  1.048513969612E+13,  8.563528344807E+01,  2.769841088395E+00,  7.286544040671E+01,NaN,  9.999999936299E+00,NaN,  2.016666582228E-06,  3.826521124097E-02,NaN,  3.504050000000E+06,  4.266656650684E-07
  5.772236537099E-02,  3.345174822344E+03,  3.599916228393E+03,  5.064753084810E+05,  5.075722977422E+05,  9.918599818371E+02,  9.304877524764E-01,NaN,NaN,  2.112470020726E-03,  2.043540797806E+15,  3.306305826409E+19,  1.033931415558E+20,  1.151950213860E+17,  1.549426644874E+20,  5.360401268423E+19,  1.048503313124E+13,  8.563533323640E+01,  2.769849627902E+00,  7.286548165914E+01,NaN,  9.999999932706E+00,NaN,  2.016646085999E-06,  3.826521199045E-02,NaN,  3.504050000000E+06,  4.266671624706E-07
  6.080421937161E-02,  3.345162255531E+03,  3.599911070954E+03,  5.064943577185E+05,  5.075601381268E+05,  9.918599818371E+02,  9.304855763302E-01,NaN,NaN,  2.112452011498E-03,  2.043606238126E+15,  3.306299965843E+19,  1.033932000944E+20,  1.151989078876E+17,  1.549426556315E+20,  5.360401763437E+19,  1.048492602951E+13,  8.563538302738E+01,  2.769858167895E+00,  7.286552291374E+01,NaN,  9.999999929113E+00,NaN,  2.016625486513E-06,  3.826521273996E-02,NaN,  3.504050000000E+06,  4.266686599610E-07
  6.388607337223E-02,  3.345153180979E+03,  3.599905913372E+03,  5.065041488444E+05,  5.075510791801E+05,  9.918599818371E+02,  9.304834001236E-01,NaN,NaN,  2.112443656168E-03,  2.043671680333E+15,  3.306294105107E+19,  1.033932586347E+20,  1.152027945145E+17,  1.549426467753E+20,  5.360402258468E+19,  1.048481919621E+13,  8.563543281983E+01,  2.769866708169E+00,  7.286556416953E+01,NaN,  9.999999925520E+00,NaN,  2.016604938656E-06,  3.826521348948E-02,NaN,  3.504050000000E+06,  4.266701575042E-07
  6.855064908591E-02,  3.345143171616E+03,  3.599898106939E+03,  5.065090917886E+05,  5.075406756335E+05,  9.918599818371E+02,  9.304801062523E-01,NaN,NaN,  2.112441307964E-03,  2.043770732748E+15,  3.306285234379E+19,  1.033933472404E+20,  1.152086772844E+17,  1.549426333706E+20,  5.360403007745E+19,  1.048465760412E+13,  8.563550818506E+01,  2.769879634679E+00,  7.286562661372E+01,NaN,  9.999999920082E+00,NaN,  2.016573858731E-06,  3.826521462393E-02,NaN,  3.504050000000E+06,  4.266724241827E-07
  7.329881422506E-02,  3.345135351966E+03,  3.599890160591E+03,  5.065078429000E+05,  5.075321890532E+05,  9.918599818371E+02,  9.304767533449E-01,NaN,NaN,  2.112445465992E-03,  2.043871560655E+15,  3.306276204646E+19,  1.033934374344E+20,  1.152146655329E+17,  1.549426197256E+20,  5.360403770456E+19,  1.048449305936E+13,  8.563558490128E+01,  2.769892792978E+00,  7.286569017721E+01,NaN,  9.999999914547E+00,NaN,  2.016542210900E-06,  3.826521577868E-02,NaN,  3.504050000000E+06,  4.266747315134E-07
  7.804697936422E-02,  3.345128636478E+03,  3.599882214288E+03,  5.065036670565E+05,  5.075246828392E+05,  9.918599818371E+02,  9.304734004567E-01,NaN,NaN,  2.112452675852E-03,  2.043972388161E+15,  3.306267174948E+19,  1.033935276280E+20,  1.152206537892E+17,  1.549426060805E+20,  5.360404533170E+19,  1.048432824617E+13,  8.563566161728E+01,  2.769905951311E+00,  7.286575374044E+01,NaN,  9.999999909011E+00,NaN,  2.016510511442E-06,  3.826521693341E-02,NaN,  3.504050000000E+06,  4.266770388573E-07
  8.279514450338E-02,  3.345122429253E+03,  3.599874268063E+03,  5.064981440679E+05,  5.075176279452E+05,  9.918599818371E+02,  9.304700476011E-01,NaN,NaN,  2.112461290401E-03,  2.044073214859E+15,  3.306258145323E+19,  1.033936178210E+20,  1.152266420293E+17,  1.549425924355E+20,  5.360405295883E+19,  1.048416396983E+13,  8.563573833275E+01,  2.769919109624E+00,  7.286581730317E+01,NaN,  9.999999903476E+00,NaN,  2.016478915239E-06,  3.826521808811E-02,NaN,  3.504050000000E+06,  4.266793462054E-07
  8.699285849996E-02,  3.345117141316E+03,  3.599867243115E+03,  5.064927322250E+05,  5.075115682745E+05,  9.918599818371E+02,  9.304670834718E-01,NaN,NaN,  2.112469458061E-03,  2.044162351973E+15,  3.306250162569E+19,  1.033936975571E+20,  1.152319360347E+17,  1.549425803723E+20,  5.360405970172E+19,  1.048401848327E+13,  8.563580615410E+01,  2.769930742467E+00,  7.286587349660E+01,NaN,  9.999999898582E+00,NaN,  2.016450932980E-06,  3.826521910892E-02,NaN,  3.504050000000E+06,  4.266813860643E-07
  9.222284306700E-02,  3.345110675025E+03,  3.599858490751E+03,  5.064856664142E+05,  5.075041268766E+05,  9.918599818371E+02,  9.304633904715E-01,NaN,NaN,  2.112479971291E-03,  2.044273407844E+15,  3.306240216861E+19,  1.033937969004E+20,  1.152385318673E+17,  1.549425653428E+20,  5.360406810275E+19,  1.048383729613E+13,  8.563589065277E+01,  2.769945235913E+00,  7.286594350796E+01,NaN,  9.999999892485E+00,NaN,  2.016416084227E-06,  3.826522038072E-02,NaN,  3.504050000000E+06,  4.266839275479E-07
  9.745282763405E-02,  3.345104269267E+03,  3.599849738510E+03,  5.064784405201E+05,  5.074967393261E+05,  9.918599818371E+02,  9.304596975233E-01,NaN,NaN,  2.112490651576E-03,  2.044384462359E+15,  3.306230271275E+19,  1.033938962424E+20,  1.152451276576E+17,  1.549425503133E+20,  5.360407650373E+19,  1.048365584057E+13,  8.563597515051E+01,  2.769959729285E+00,  7.286601351846E+01,NaN,  9.999999886388E+00,NaN,  2.016381183846E-06,  3.826522165248E-02,NaN,  3.504050000000E+06,  4.266864690278E-07
  1.070997702198E-01,  3.345092513288E+03,  3.599833594938E+03,  5.064649547035E+05,  5.074831659719E+05,  9.918599818371E+02,  9.304528858529E-01,NaN,NaN,  2.112510516263E-03,  2.044589303799E+15,  3.306211926516E+19,  1.033940794801E+20,  1.152572937760E+17,  1.549425225910E+20,  5.360409199961E+19,  1.048332165096E+13,  8.563613100792E+01,  2.769986462764E+00,  7.286614265370E+01,NaN,  9.999999875141E+00,NaN,  2.016316907257E-06,  3.826522399818E-02,NaN,  3.504050000000E+06,  4.266911568910E-07
  1.150132683501E-01,  3.345082883542E+03,  3.599820352502E+03,  5.064538564926E+05,  5.074720441403E+05,  9.918599818371E+02,  9.304472982970E-01,NaN,NaN,  2.112526849018E-03,  2.044757334051E+15,  3.306196878416E+19,  1.033942297888E+20,  1.152672736704E+17,  1.549424998504E+20,  5.360410471094E+19,  1.048304732021E+13,  8.563625885712E+01,  2.770008392346E+00,  7.286624858260E+01,NaN,  9.999999865916E+00,NaN,  2.016264143663E-06,  3.826522592227E-02,NaN,  3.504050000000E+06,  4.266950023877E-07
  1.229267664803E-01,  3.345073258185E+03,  3.599807110356E+03,  5.064427475448E+05,  5.074609264564E+05,  9.918599818371E+02,  9.304417108636E-01,NaN,NaN,  2.112543193294E-03,  2.044925361106E+15,  3.306181830603E+19,  1.033943800948E+20,  1.152772534627E+17,  1.549424771099E+20,  5.360411742217E+19,  1.048277325789E+13,  8.563638670413E+01,  2.770030321749E+00,  7.286635450948E+01,NaN,  9.999999856690E+00,NaN,  2.016211431697E-06,  3.826522784627E-02,NaN,  3.504050000000E+06,  4.266988478738E-07
  1.308402646105E-01,  3.345063635225E+03,  3.599793868500E+03,  5.064316331343E+05,  5.074498111538E+05,  9.918599818371E+02,  9.304361235527E-01,NaN,NaN,  2.112559543591E-03,  2.045093384964E+15,  3.306166783076E+19,  1.033945303978E+20,  1.152872331531E+17,  1.549424543696E+20,  5.360413013329E+19,  1.048249919556E+13,  8.563651454894E+01,  2.770052250972E+00,  7.286646043434E+01,NaN,  9.999999847465E+00,NaN,  2.016158719731E-06,  3.826522977017E-02,NaN,  3.504050000000E+06,  4.267026933495E-07
  1.387537627408E-01,  3.345054012034E+03,  3.599780626935E+03,  5.064205202340E+05,  5.074386958977E+05,  9.918599818371E+02,  9.304305363646E-01,NaN,NaN,  2.112575892637E-03,  2.045261405623E+15,  3.306151735835E+19,  1.033946806980E+20,  1.152972127413E+17,  1.549424316296E+20,  5.360414284431E+19,  1.048222486481E+13,  8.563664239155E+01,  2.770074180015E+00,  7.286656635719E+01,NaN,  9.999999838239E+00,NaN,  2.016105956137E-06,  3.826523169397E-02,NaN,  3.504050000000E+06,  4.267065388145E-07
  1.513250679481E-01,  3.345038727553E+03,  3.599759592113E+03,  5.064028607424E+05,  5.074210413378E+05,  9.918599818371E+02,  9.304216608645E-01,NaN,NaN,  2.112601871131E-03,  2.045528315011E+15,  3.306127832526E+19,  1.033949194575E+20,  1.153130660070E+17,  1.549423955054E+20,  5.360416303669E+19,  1.048178921041E+13,  8.563684547656E+01,  2.770109015908E+00,  7.286673462104E+01,NaN,  9.999999823584E+00,NaN,  2.016022164246E-06,  3.826523474990E-02,NaN,  3.504050000000E+06,  4.267126476607E-07
  1.622874248417E-01,  3.345025396997E+03,  3.599741250047E+03,  5.063874692823E+05,  5.074056448134E+05,  9.918599818371E+02,  9.304139215548E-01,NaN,NaN,  2.112624517210E-03,  2.045761057202E+15,  3.306106989090E+19,  1.033951276533E+20,  1.153268900697E+17,  1.549423640050E+20,  5.360418064452E+19,  1.048140938848E+13,  8.563702256504E+01,  2.770139392931E+00,  7.286688134535E+01,NaN,  9.999999810804E+00,NaN,  2.015949110933E-06,  3.826523741451E-02,NaN,  3.504050000000E+06,  4.267179746397E-07
  1.732497817353E-01,  3.345012067766E+03,  3.599722908540E+03,  5.063720760267E+05,  5.073902499498E+05,  9.918599818371E+02,  9.304061824804E-01,NaN,NaN,  2.112647165785E-03,  2.045993793256E+15,  3.306086146205E+19,  1.033953358437E+20,  1.153407139365E+17,  1.549423325050E+20,  5.360419825215E+19,  1.048102983498E+13,  8.563719964931E+01,  2.770169769609E+00,  7.286702806580E+01,NaN,  9.999999798024E+00,NaN,  2.015876109248E-06,  3.826524007893E-02,NaN,  3.504050000000E+06,  4.267233015984E-07
  1.890598001597E-01,  3.344992846080E+03,  3.599696457219E+03,  5.063498738158E+05,  5.073680498308E+05,  9.918599818371E+02,  9.303950215258E-01,NaN,NaN,  2.112679832869E-03,  2.046329436663E+15,  3.306056087359E+19,  1.033956360881E+20,  1.153606505075E+17,  1.549422870760E+20,  5.360422364569E+19,  1.048048197876E+13,  8.563745503455E+01,  2.770213578544E+00,  7.286723966065E+01,NaN,  9.999999779593E+00,NaN,  2.015770736944E-06,  3.826524392125E-02,NaN,  3.504050000000E+06,  4.267309841547E-07
  2.032333401261E-01,  3.344975616476E+03,  3.599672744833E+03,  5.063299662363E+05,  5.073481270164E+05,  9.918599818371E+02,  9.303849648234E-01,NaN,NaN,  2.112709123368E-03,  2.046631871578E+15,  3.306029002530E+19,  1.033959066264E+20,  1.153786148586E+17,  1.549422461411E+20,  5.360424652771E+19,  1.047999102872E+13,  8.563768515295E+01,  2.770253053845E+00,  7.286743032036E+01,NaN,  9.999999763070E+00,NaN,  2.015676309730E-06,  3.826524738317E-02,NaN,  3.504050000000E+06,  4.267378714618E-07
  2.174068800925E-01,  3.344958393388E+03,  3.599649033380E+03,  5.063100442592E+05,  5.073282025547E+05,  9.918599818371E+02,  9.303748906861E-01,NaN,NaN,  2.112738429928E-03,  2.046934834388E+15,  3.306001870425E+19,  1.033961776370E+20,  1.153966108516E+17,  1.549422051340E+20,  5.360426945027E+19,  1.047950007868E+13,  8.563791567383E+01,  2.770292598821E+00,  7.286762131288E+01,NaN,  9.999999746547E+00,NaN,  2.015581882515E-06,  3.826525085091E-02,NaN,  3.504050000000E+06,  4.267447587347E-07
  2.315804200588E-01,  3.344941171267E+03,  3.599625322860E+03,  5.062901225970E+05,  5.073082797616E+05,  9.918599818371E+02,  9.303648169451E-01,NaN,NaN,  2.112767737205E-03,  2.047237786865E+15,  3.305974739246E+19,  1.033964486384E+20,  1.154146065167E+17,  1.549421641275E+20,  5.360429237249E+19,  1.047900886022E+13,  8.563814618761E+01,  2.770332143221E+00,  7.286781229888E+01,NaN,  9.999999730024E+00,NaN,  2.015487403673E-06,  3.826525431834E-02,NaN,  3.504050000000E+06,  4.267516459734E-07
  2.457539600252E-01,  3.344923949733E+03,  3.599601613273E+03,  5.062702022570E+05,  5.072883582998E+05,  9.918599818371E+02,  9.303547436005E-01,NaN,NaN,  2.112797044146E-03,  2.047540729011E+15,  3.305947608992E+19,  1.033967196304E+20,  1.154326018539E+17,  1.549421231217E+20,  5.360431529438E+19,  1.047851817861E+13,  8.563837669430E+01,  2.770371687046E+00,  7.286800327836E+01,NaN,  9.999999713501E+00,NaN,  2.015393028086E-06,  3.826525778545E-02,NaN,  3.504050000000E+06,  4.267585331779E-07
  2.586269062734E-01,  3.344908309165E+03,  3.599580080135E+03,  5.062521105321E+05,  5.072702661815E+05,  9.918599818371E+02,  9.303455949506E-01,NaN,NaN,  2.112823662014E-03,  2.047815863597E+15,  3.305922969069E+19,  1.033969657477E+20,  1.154489456170E+17,  1.549420858793E+20,  5.360433611262E+19,  1.047807232404E+13,  8.563858604308E+01,  2.770407601747E+00,  7.286817672753E+01,NaN,  9.999999698494E+00,NaN,  2.015307274339E-06,  3.826526093413E-02,NaN,  3.504050000000E+06,  4.267647883684E-07
  2.804109517910E-01,  3.344881842812E+03,  3.599543642767E+03,  5.062214974210E+05,  5.072396526240E+05,  9.918599818371E+02,  9.303301140330E-01,NaN,NaN,  2.112868705220E-03,  2.048281436462E+15,  3.305881274276E+19,  1.033973822185E+20,  1.154766024828E+17,  1.549420228576E+20,  5.360437134134E+19,  1.047731804869E+13,  8.563894029701E+01,  2.770468376767E+00,  7.286847023198E+01,NaN,  9.999999673099E+00,NaN,  2.015162200270E-06,  3.826526626184E-02,NaN,  3.504050000000E+06,  4.267753735543E-07
  3.021949973086E-01,  3.344855377941E+03,  3.599507207602E+03,  5.061908871743E+05,  5.072090422964E+05,  9.918599818371E+02,  9.303146340514E-01,NaN,NaN,  2.112913747904E-03,  2.048746984926E+15,  3.305839581668E+19,  1.033977986675E+20,  1.155042585740E+17,  1.549419598374E+20,  5.360440656927E+19,  1.047656377335E+13,  8.563929453419E+01,  2.770529150427E+00,  7.286876372104E+01,NaN,  9.999999647704E+00,NaN,  2.015017126201E-06,  3.826527158879E-02,NaN,  3.504050000000E+06,  4.267859586593E-07
  3.183406310226E-01,  3.344835763210E+03,  3.599480204451E+03,  5.061682037497E+05,  5.071863563015E+05,  9.918599818371E+02,  9.303031613911E-01,NaN,NaN,  2.112947129608E-03,  2.049092018726E+15,  3.305808681859E+19,  1.033981073120E+20,  1.155247558793E+17,  1.549419131299E+20,  5.360443267856E+19,  1.047600464326E+13,  8.563955707259E+01,  2.770574193031E+00,  7.286898123577E+01,NaN,  9.999999628882E+00,NaN,  2.014909585530E-06,  3.826527553647E-02,NaN,  3.504050000000E+06,  4.267938039465E-07
  3.344862647367E-01,  3.344816149393E+03,  3.599453202510E+03,  5.061455216325E+05,  5.071636721696E+05,  9.918599818371E+02,  9.302916892449E-01,NaN,NaN,  2.112980511303E-03,  2.049437039122E+15,  3.305777783250E+19,  1.033984159446E+20,  1.155452527590E+17,  1.549418664233E+20,  5.360445878742E+19,  1.047544578160E+13,  8.563981960180E+01,  2.770619234888E+00,  7.286919874205E+01,NaN,  9.999999610060E+00,NaN,  2.014802096486E-06,  3.826527948373E-02,NaN,  3.504050000000E+06,  4.268016491892E-07
  3.667775321647E-01,  3.344776924965E+03,  3.599399202259E+03,  5.061001600923E+05,  5.071183099044E+05,  9.918599818371E+02,  9.302687464948E-01,NaN,NaN,  2.113047275945E-03,  2.050127039711E+15,  3.305715989632E+19,  1.033990331736E+20,  1.155862452422E+17,  1.549417730126E+20,  5.360451100384E+19,  1.047432778985E+13,  8.564034463262E+01,  2.770709316360E+00,  7.286963372926E+01,NaN,  9.999999572417E+00,NaN,  2.014587066772E-06,  3.826528737702E-02,NaN,  3.504050000000E+06,  4.268173395416E-07
  3.990687995928E-01,  3.344737703060E+03,  3.599345206848E+03,  5.060548067780E+05,  5.070729540848E+05,  9.918599818371E+02,  9.302458058007E-01,NaN,NaN,  2.113114037420E-03,  2.050816986701E+15,  3.305654200814E+19,  1.033996503548E+20,  1.156272360237E+17,  1.549416796054E+20,  5.360456321852E+19,  1.047321033495E+13,  8.564086962666E+01,  2.770799394845E+00,  7.287006868267E+01,NaN,  9.999999534773E+00,NaN,  2.014372140312E-06,  3.826529526865E-02,NaN,  3.504050000000E+06,  4.268330297165E-07
  4.313600670209E-01,  3.344698484499E+03,  3.599291216275E+03,  5.060094595202E+05,  5.070276054349E+05,  9.918599818371E+02,  9.302228671624E-01,NaN,NaN,  2.113180797991E-03,  2.051506880099E+15,  3.305592416795E+19,  1.034002674880E+20,  1.156682251037E+17,  1.549415862016E+20,  5.360461543147E+19,  1.047209261163E+13,  8.564139458394E+01,  2.770889470342E+00,  7.287050360231E+01,NaN,  9.999999497130E+00,NaN,  2.014157162225E-06,  3.826530315863E-02,NaN,  3.504050000000E+06,  4.268487197139E-07
  4.636513344490E-01,  3.344659268773E+03,  3.599237230539E+03,  5.059641196574E+05,  5.069822635047E+05,  9.918599818371E+02,  9.301999305795E-01,NaN,NaN,  2.113247556258E-03,  2.052196719912E+15,  3.305530637576E+19,  1.034008845732E+20,  1.157092124824E+17,  1.549414928012E+20,  5.360466764267E+19,  1.047097488831E+13,  8.564191950444E+01,  2.770979542852E+00,  7.287093848816E+01,NaN,  9.999999459488E+00,NaN,  2.013942184139E-06,  3.826531104694E-02,NaN,  3.504050000000E+06,  4.268644095338E-07
  4.959426018771E-01,  3.344620056188E+03,  3.599183249641E+03,  5.059187863790E+05,  5.069369285637E+05,  9.918599818371E+02,  9.301769960518E-01,NaN,NaN,  2.113314313068E-03,  2.052886506149E+15,  3.305468863154E+19,  1.034015016105E+20,  1.157501981600E+17,  1.549413994043E+20,  5.360471985214E+19,  1.046985797026E+13,  8.564244438818E+01,  2.771069612375E+00,  7.287137334023E+01,NaN,  9.999999421845E+00,NaN,  2.013727360935E-06,  3.826531893360E-02,NaN,  3.504050000000E+06,  4.268800991762E-07
  5.447145518623E-01,  3.344560836117E+03,  3.599101727366E+03,  5.058503293229E+05,  5.068684687592E+05,  9.918599818371E+02,  9.301423601908E-01,NaN,NaN,  2.113415137391E-03,  2.053928241055E+15,  3.305375569656E+19,  1.034024334780E+20,  1.158120987124E+17,  1.549412583463E+20,  5.360479870477E+19,  1.046817037984E+13,  8.564323709021E+01,  2.771205645544E+00,  7.287203006627E+01,NaN,  9.999999364991E+00,NaN,  2.013402777066E-06,  3.826533084229E-02,NaN,  3.504050000000E+06,  4.269037960966E-07
  6.060569065653E-01,  3.344486362571E+03,  3.598999209330E+03,  5.057642505196E+05,  5.067823865405E+05,  9.918599818371E+02,  9.300988039918E-01,NaN,NaN,  2.113541942300E-03,  2.055238297587E+15,  3.305258246374E+19,  1.034036053682E+20,  1.158899479060E+17,  1.549410809434E+20,  5.360489787513E+19,  1.046604874556E+13,  8.564423398297E+01,  2.771376730012E+00,  7.287285594648E+01,NaN,  9.999999293484E+00,NaN,  2.012994711072E-06,  3.826534581494E-02,NaN,  3.504050000000E+06,  4.269336000488E-07
  6.430132862757E-01,  3.344441500418E+03,  3.598937454627E+03,  5.057124034100E+05,  5.067305373337E+05,  9.918599818371E+02,  9.300725666560E-01,NaN,NaN,  2.113618334197E-03,  2.056027462350E+15,  3.305187572020E+19,  1.034043113030E+20,  1.159368460513E+17,  1.549409740711E+20,  5.360495761839E+19,  1.046477104070E+13,  8.564483450803E+01,  2.771479796540E+00,  7.287335344833E+01,NaN,  9.999999250405E+00,NaN,  2.012748962826E-06,  3.826535483249E-02,NaN,  3.504050000000E+06,  4.269515554603E-07
  6.799696659861E-01,  3.344396642219E+03,  3.598875706255E+03,  5.056605653311E+05,  5.066786971312E+05,  9.918599818371E+02,  9.300463320096E-01,NaN,NaN,  2.113694723751E-03,  2.056816556991E+15,  3.305116903945E+19,  1.034050171751E+20,  1.159837419696E+17,  1.549408672033E+20,  5.360501735937E+19,  1.046349306742E+13,  8.564543498497E+01,  2.771582859157E+00,  7.287385090598E+01,NaN,  9.999999207326E+00,NaN,  2.012503162953E-06,  3.826536384788E-02,NaN,  3.504050000000E+06,  4.269695106395E-07
  7.169260456965E-01,  3.344351787991E+03,  3.598813964211E+03,  5.056087362334E+05,  5.066268659467E+05,  9.918599818371E+02,  9.300201000524E-01,NaN,NaN,  2.113771111011E-03,  2.057605581520E+15,  3.305046242150E+19,  1.034057229845E+20,  1.160306356612E+17,  1.549407603400E+20,  5.360507709807E+19,  1.046221563099E+13,  8.564603541380E+01,  2.771685917865E+00,  7.287434831943E+01,NaN,  9.999999164247E+00,NaN,  2.012257466336E-06,  3.826537286110E-02,NaN,  3.504050000000E+06,  4.269874655864E-07
  8.780798293230E-01,  3.344156240739E+03,  3.598544802808E+03,  5.053828330057E+05,  5.064009536026E+05,  9.918599818371E+02,  9.299057431246E-01,NaN,NaN,  2.114104181844E-03,  2.061045420998E+15,  3.304738184256E+19,  1.034088000382E+20,  1.162350965507E+17,  1.549402943992E+20,  5.360533757100E+19,  1.045664660943E+13,  8.564865311077E+01,  2.772135274978E+00,  7.287651684821E+01,NaN,  9.999998976396E+00,NaN,  2.011186344729E-06,  3.826541213927E-02,NaN,  3.504050000000E+06,  4.270657580850E-07
  1.039233612949E+00,  3.343960768740E+03,  3.598275761647E+03,  5.051571008604E+05,  5.061752123396E+05,  9.918599818371E+02,  9.297914372829E-01,NaN,NaN,  2.114437208524E-03,  2.064483928400E+15,  3.304430245657E+19,  1.034118759004E+20,  1.164395151252E+17,  1.549398285439E+20,  5.360559800073E+19,  1.045108134583E+13,  8.565126989367E+01,  2.772584557781E+00,  7.287868453722E+01,NaN,  9.999998788552E+00,NaN,  2.010115945912E-06,  3.826545137629E-02,NaN,  3.504050000000E+06,  4.271440461691E-07
  1.200387396576E+00,  3.343765372004E+03,  3.598006840635E+03,  5.049315394511E+05,  5.059496420332E+05,  9.918599818371E+02,  9.296771824886E-01,NaN,NaN,  2.114770191243E-03,  2.067921104634E+15,  3.304122426270E+19,  1.034149505717E+20,  1.166438914058E+17,  1.549393627742E+20,  5.360585838727E+19,  1.044551957175E+13,  8.565388576309E+01,  2.773033766307E+00,  7.288085138702E+01,NaN,  9.999998600713E+00,NaN,  2.009046218255E-06,  3.826549057219E-02,NaN,  3.504050000000E+06,  4.272223298408E-07
  1.361541180202E+00,  3.343570050397E+03,  3.597738039683E+03,  5.047061488255E+05,  5.057242424268E+05,  9.918599818371E+02,  9.295629787032E-01,NaN,NaN,  2.115103129779E-03,  2.071356950606E+15,  3.303814726016E+19,  1.034180240531E+20,  1.168482254135E+17,  1.549388970899E+20,  5.360611873064E+19,  1.043996182406E+13,  8.565650071963E+01,  2.773482900589E+00,  7.288301739819E+01,NaN,  9.999998412880E+00,NaN,  2.007977265016E-06,  3.826552972700E-02,NaN,  3.504050000000E+06,  4.273006091022E-07
  1.470731689631E+00,  3.343437751988E+03,  3.597555980510E+03,  5.045535313101E+05,  5.055716187756E+05,  9.918599818371E+02,  9.294856283571E-01,NaN,NaN,  2.115328688759E-03,  2.073684168767E+15,  3.303606309915E+19,  1.034201058290E+20,  1.169866488746E+17,  1.549385816119E+20,  5.360629510301E+19,  1.043619769482E+13,  8.565827197733E+01,  2.773787171473E+00,  7.288448451299E+01,NaN,  9.999998285616E+00,NaN,  2.007253288620E-06,  3.826555623320E-02,NaN,  3.504050000000E+06,  4.273536450811E-07
  1.564033396077E+00,  3.343324768021E+03,  3.597400457213E+03,  5.044230891063E+05,  5.054411595736E+05,  9.918599818371E+02,  9.294192513683E-01,NaN,NaN,  2.115521508930E-03,  2.075681307327E+15,  3.303427454393E+19,  1.034218923377E+20,  1.171054526000E+17,  1.549383108449E+20,  5.360644648336E+19,  1.043298303236E+13,  8.565979204679E+01,  2.774048322726E+00,  7.288574354055E+01,NaN,  9.999998176874E+00,NaN,  2.006634994295E-06,  3.826557897023E-02,NaN,  3.504050000000E+06,  4.273989619501E-07
  1.645051168586E+00,  3.343226699570E+03,  3.597265442456E+03,  5.043098145766E+05,  5.053278787890E+05,  9.918599818371E+02,  9.293614935054E-01,NaN,NaN,  2.115688985785E-03,  2.077419173087E+15,  3.303271818279E+19,  1.034234469181E+20,  1.172088430998E+17,  1.549380752034E+20,  5.360657822818E+19,  1.043019248200E+13,  8.566111480522E+01,  2.774275598164E+00,  7.288683911851E+01,NaN,  9.999998082450E+00,NaN,  2.006098271867E-06,  3.826559874826E-02,NaN,  3.504050000000E+06,  4.274383112740E-07
  1.740398784175E+00,  3.343111310287E+03,  3.597106586091E+03,  5.041765587277E+05,  5.051946173880E+05,  9.918599818371E+02,  9.292935364583E-01,NaN,NaN,  2.115886071874E-03,  2.079463987132E+15,  3.303088693139E+19,  1.034252760742E+20,  1.173305068836E+17,  1.549377979109E+20,  5.360673326114E+19,  1.042690937106E+13,  8.566267122678E+01,  2.774543048486E+00,  7.288812820150E+01,NaN,  9.999997971327E+00,NaN,  2.005466812457E-06,  3.826562201108E-02,NaN,  3.504050000000E+06,  4.274846189848E-07
  1.910086750924E+00,  3.342906019690E+03,  3.596823976860E+03,  5.039395536476E+05,  5.049576028014E+05,  9.918599818371E+02,  9.291726392645E-01,NaN,NaN,  2.116236783551E-03,  2.083101938477E+15,  3.302762893170E+19,  1.034285303460E+20,  1.175469925398E+17,  1.549373044938E+20,  5.360700913249E+19,  1.042107004514E+13,  8.566544036085E+01,  2.775018959617E+00,  7.289042162332E+01,NaN,  9.999997773569E+00,NaN,  2.004343701674E-06,  3.826566337552E-02,NaN,  3.504050000000E+06,  4.275670279080E-07
  2.079774717673E+00,  3.342700812239E+03,  3.596541500458E+03,  5.037027373274E+05,  5.047207770255E+05,  9.918599818371E+02,  9.290517988933E-01,NaN,NaN,  2.116587446351E-03,  2.086738408740E+15,  3.302437225840E+19,  1.034317832930E+20,  1.177634313614E+17,  1.549368111712E+20,  5.360728495615E+19,  1.041523447716E+13,  8.566820847920E+01,  2.775494788730E+00,  7.289271411143E+01,NaN,  9.999997575816E+00,NaN,  2.003221313679E-06,  3.826570469405E-02,NaN,  3.504050000000E+06,  4.276494319051E-07
  2.413473173838E+00,  3.342297505387E+03,  3.595986385739E+03,  5.032375779630E+05,  5.042555990441E+05,  9.918599818371E+02,  9.288143267785E-01,NaN,NaN,  2.117276896918E-03,  2.093885364790E+15,  3.301797173829E+19,  1.034381764894E+20,  1.181889309140E+17,  1.549358413072E+20,  5.360782723597E+19,  1.040377029720E+13,  8.567364914060E+01,  2.776430287655E+00,  7.289721966499E+01,NaN,  9.999997186940E+00,NaN,  2.001016342710E-06,  3.826578581500E-02,NaN,  3.504050000000E+06,  4.278114684815E-07
  2.747171630002E+00,  3.341894519305E+03,  3.595431783413E+03,  5.027731462532E+05,  5.037911487380E+05,  9.918599818371E+02,  9.285770738593E-01,NaN,NaN,  2.117966158669E-03,  2.101026606279E+15,  3.301157633587E+19,  1.034445645739E+20,  1.186142496862E+17,  1.549348718081E+20,  5.360836933170E+19,  1.039232141748E+13,  8.567908588280E+01,  2.777365469969E+00,  7.290172161592E+01,NaN,  9.999996798089E+00,NaN,  1.998814314525E-06,  3.826586675894E-02,NaN,  3.504050000000E+06,  4.279734860596E-07
  2.894970829823E+00,  3.341716178845E+03,  3.595186306797E+03,  5.025675579577E+05,  5.035855386331E+05,  9.918599818371E+02,  9.284716888879E-01,NaN,NaN,  2.118271505079E-03,  2.104198943160E+15,  3.300873532138E+19,  1.034474023378E+20,  1.188032391907E+17,  1.549344409982E+20,  5.360861022886E+19,  1.038725542510E+13,  8.568150117303E+01,  2.777781042206E+00,  7.290372150711E+01,NaN,  9.999996625874E+00,NaN,  1.997839943384E-06,  3.826590268025E-02,NaN,  3.504050000000E+06,  4.280452395558E-07
  3.074162110635E+00,  3.341500103014E+03,  3.594888826389E+03,  5.023183378008E+05,  5.033363083818E+05,  9.918599818371E+02,  9.283435582249E-01,NaN,NaN,  2.118641821509E-03,  2.108056216025E+15,  3.300528090646E+19,  1.034508528005E+20,  1.190330756291E+17,  1.549339170636E+20,  5.360890320781E+19,  1.038111787856E+13,  8.568443806158E+01,  2.778286454966E+00,  7.290615319287E+01,NaN,  9.999996417086E+00,NaN,  1.996659474134E-06,  3.826594632721E-02,NaN,  3.504050000000E+06,  4.281322282276E-07
  3.501161480910E+00,  3.340985582494E+03,  3.594180547030E+03,  5.017253079833E+05,  5.027432548382E+05,  9.918599818371E+02,  9.280384883730E-01,NaN,NaN,  2.119524038614E-03,  2.117241139800E+15,  3.299705526646E+19,  1.034590690294E+20,  1.195805487202E+17,  1.549326689897E+20,  5.360960114153E+19,  1.036650936358E+13,  8.569143187643E+01,  2.779490449130E+00,  7.291194351387E+01,NaN,  9.999995919583E+00,NaN,  1.993849735319E-06,  3.826605012740E-02,NaN,  3.504050000000E+06,  4.283394934743E-07
  3.810374721677E+00,  3.340613317151E+03,  3.593668165612E+03,  5.012966034097E+05,  5.023145331046E+05,  9.918599818371E+02,  9.278177956181E-01,NaN,NaN,  2.120162706680E-03,  2.123886580474E+15,  3.299110388306E+19,  1.034650136037E+20,  1.199768190177E+17,  1.549317655640E+20,  5.361010636562E+19,  1.035594682450E+13,  8.569649245971E+01,  2.780362004014E+00,  7.291613290454E+01,NaN,  9.999995559338E+00,NaN,  1.991818182072E-06,  3.826612511276E-02,NaN,  3.504050000000E+06,  4.284895658577E-07
  4.119587962445E+00,  3.340241325865E+03,  3.593156221859E+03,  5.008685192889E+05,  5.018864318430E+05,  9.918599818371E+02,  9.275972913737E-01,NaN,NaN,  2.120801212827E-03,  2.130527107500E+15,  3.298515690008E+19,  1.034709537823E+20,  1.203729344987E+17,  1.549308624505E+20,  5.361061143249E+19,  1.034539716983E+13,  8.570154967489E+01,  2.781233288474E+00,  7.292031919751E+01,NaN,  9.999995199115E+00,NaN,  1.989789106959E-06,  3.826619994555E-02,NaN,  3.504050000000E+06,  4.286396218252E-07
  4.423111838629E+00,  3.339876619771E+03,  3.592654123073E+03,  5.004484543270E+05,  5.014663363927E+05,  9.918599818371E+02,  9.273796570462E-01,NaN,NaN,  2.121428300341E-03,  2.137081952191E+15,  3.297928665091E+19,  1.034768173159E+20,  1.207640744672E+17,  1.549299706411E+20,  5.361111020640E+19,  1.033505447114E+13,  8.570654200649E+01,  2.782093697684E+00,  7.292445147546E+01,NaN,  9.999994845546E+00,NaN,  1.987799836866E-06,  3.826627371661E-02,NaN,  3.504050000000E+06,  4.287869007658E-07
  4.727810706872E+00,  3.339510784317E+03,  3.592150504008E+03,  5.000273174222E+05,  5.010451826494E+05,  9.918599818371E+02,  9.271612601227E-01,NaN,NaN,  2.122057707105E-03,  2.143660514062E+15,  3.297339516160E+19,  1.034827020653E+20,  1.211567651497E+17,  1.549290752561E+20,  5.361161099799E+19,  1.032468412464E+13,  8.571155276828E+01,  2.782957586776E+00,  7.292859870507E+01,NaN,  9.999994490627E+00,NaN,  1.985805249112E-06,  3.826634765934E-02,NaN,  3.504050000000E+06,  4.289347338246E-07
  5.016419493899E+00,  3.339164511938E+03,  3.591673869936E+03,  4.996289726749E+05,  5.006468219603E+05,  9.918599818371E+02,  9.269545653770E-01,NaN,NaN,  2.122653732258E-03,  2.149887271630E+15,  3.296781873372E+19,  1.034882721136E+20,  1.215285808413E+17,  1.549282274317E+20,  5.361208520442E+19,  1.031487371350E+13,  8.571629590594E+01,  2.783775615942E+00,  7.293252415161E+01,NaN,  9.999994154466E+00,NaN,  1.983918356912E-06,  3.826641755993E-02,NaN,  3.504050000000E+06,  4.290747455598E-07
  5.305028280926E+00,  3.338818477267E+03,  3.591197615441E+03,  4.992311653212E+05,  5.002489986826E+05,  9.918599818371E+02,  9.267480352361E-01,NaN,NaN,  2.123249616538E-03,  2.156109739973E+15,  3.296224614707E+19,  1.034938383249E+20,  1.219002619918E+17,  1.549273798783E+20,  5.361255927459E+19,  1.030507430780E+13,  8.572103610523E+01,  2.784593410766E+00,  7.293644689411E+01,NaN,  9.999993818324E+00,NaN,  1.982033581451E-06,  3.826648732697E-02,NaN,  3.504050000000E+06,  4.292147429142E-07
  5.590333867044E+00,  3.338476708587E+03,  3.590727184592E+03,  4.988382484679E+05,  4.998560525157E+05,  9.918599818371E+02,  9.265434464208E-01,NaN,NaN,  2.123838744267E-03,  2.162274376863E+15,  3.295672535197E+19,  1.034993528043E+20,  1.222686086541E+17,  1.549265398933E+20,  5.361302913154E+19,  1.029539864620E+13,  8.572573257482E+01,  2.785403929670E+00,  7.294033317892E+01,NaN,  9.999993486052E+00,NaN,  1.980172606398E-06,  3.826655636099E-02,NaN,  3.504050000000E+06,  4.293531237784E-07
  6.107779695904E+00,  3.337857644896E+03,  3.589874929971E+03,  4.981264547009E+05,  4.991442302180E+05,  9.918599818371E+02,  9.261713561138E-01,NaN,NaN,  2.124907415228E-03,  2.173487829127E+15,  3.294668304581E+19,  1.035093836230E+20,  1.229389360831E+17,  1.549250111753E+20,  5.361388429143E+19,  1.027787825259E+13,  8.573427626733E+01,  2.786879089673E+00,  7.294740231739E+01,NaN,  9.999992883467E+00,NaN,  1.976802809397E-06,  3.826668171767E-02,NaN,  3.504050000000E+06,  4.296040628181E-07
  6.672955038649E+00,  3.337182348043E+03,  3.588945451439E+03,  4.973509682772E+05,  4.983687127544E+05,  9.918599818371E+02,  9.257655502146E-01,NaN,NaN,  2.126074144229E-03,  2.185719825193E+15,  3.293572857365E+19,  1.035203255638E+20,  1.236706018517E+17,  1.549233424387E+20,  5.361481783389E+19,  1.025878354407E+13,  8.574359722336E+01,  2.788489463016E+00,  7.295511356185E+01,NaN,  9.999992225363E+00,NaN,  1.973130215451E-06,  3.826681814419E-02,NaN,  3.504050000000E+06,  4.298780954987E-07
  7.097199238867E+00,  3.336676217215E+03,  3.588248696962E+03,  4.967697265844E+05,  4.977874341819E+05,  9.918599818371E+02,  9.254599389884E-01,NaN,NaN,  2.126950090545E-03,  2.194933410674E+15,  3.292747726597E+19,  1.035285674332E+20,  1.242220301520E+17,  1.549220846847E+20,  5.361552151128E+19,  1.024447888663E+13,  8.575061895170E+01,  2.789703297117E+00,  7.296092195278E+01,NaN,  9.999991731418E+00,NaN,  1.970378919287E-06,  3.826692068641E-02,NaN,  3.504050000000E+06,  4.300837593097E-07
  7.756083997873E+00,  3.335891301762E+03,  3.587168195620E+03,  4.958689353953E+05,  4.968866069647E+05,  9.918599818371E+02,  9.249850150051E-01,NaN,NaN,  2.128310282966E-03,  2.209254362129E+15,  3.291465201174E+19,  1.035413780176E+20,  1.250796625677E+17,  1.549201283525E+20,  5.361661609837E+19,  1.022231124425E+13,  8.576153447293E+01,  2.791591433809E+00,  7.296995010866E+01,NaN,  9.999990964351E+00,NaN,  1.966115290485E-06,  3.826707969766E-02,NaN,  3.504050000000E+06,  4.304031091519E-07
  8.156336725570E+00,  3.335415092033E+03,  3.586512779987E+03,  4.953230721753E+05,  4.963407149967E+05,  9.918599818371E+02,  9.246968902830E-01,NaN,NaN,  2.129136211596E-03,  2.217944257262E+15,  3.290686969955E+19,  1.035491514279E+20,  1.256003856878E+17,  1.549189404458E+20,  5.361728078382E+19,  1.020887413767E+13,  8.576815882027E+01,  2.792738001477E+00,  7.297542835683E+01,NaN,  9.999990498431E+00,NaN,  1.963530855314E-06,  3.826717596385E-02,NaN,  3.504050000000E+06,  4.305970675431E-07
  8.593961699893E+00,  3.334895203654E+03,  3.585796992986E+03,  4.947266997765E+05,  4.957443120565E+05,  9.918599818371E+02,  9.243801613621E-01,NaN,NaN,  2.130039708131E-03,  2.227498368191E+15,  3.289831343161E+19,  1.035576979100E+20,  1.261731701056E+17,  1.549176336928E+20,  5.361801202119E+19,  1.019420683753E+13,  8.577544271203E+01,  2.793999341210E+00,  7.298145142106E+01,NaN,  9.999989989052E+00,NaN,  1.960709810015E-06,  3.826728160950E-02,NaN,  3.504050000000E+06,  4.308091040097E-07
  9.369362652912E+00,  3.333975372755E+03,  3.584530847463E+03,  4.936729955729E+05,  4.946905656872E+05,  9.918599818371E+02,  9.238199040439E-01,NaN,NaN,  2.131639776145E-03,  2.244402362943E+15,  3.288317491052E+19,  1.035728191165E+20,  1.271872983329E+17,  1.549153198474E+20,  5.361930689960E+19,  1.016828285024E+13,  8.578833194273E+01,  2.796232931182E+00,  7.299210796922E+01,NaN,  9.999989086603E+00,NaN,  1.955723702024E-06,  3.826746803202E-02,NaN,  3.504050000000E+06,  4.311847159924E-07
  9.892877362523E+00,  3.333355545639E+03,  3.583677530092E+03,  4.929630904457E+05,  4.939806186040E+05,  9.918599818371E+02,  9.234404087140E-01,NaN,NaN,  2.132720187532E-03,  2.255855238419E+15,  3.287291818746E+19,  1.035830641094E+20,  1.278749087880E+17,  1.549137508370E+20,  5.362018503296E+19,  1.015082553660E+13,  8.579706611018E+01,  2.797747635148E+00,  7.299932804527E+01,NaN,  9.999988477400E+00,NaN,  1.952366037552E-06,  3.826759397671E-02,NaN,  3.504050000000E+06,  4.314382518551E-07
  1.059811893899E+01,  3.332521885649E+03,  3.582529940661E+03,  4.920091923998E+05,  4.930266823938E+05,  9.918599818371E+02,  9.229292202277E-01,NaN,NaN,  2.134175229391E-03,  2.271286096180E+15,  3.285909894750E+19,  1.035968675450E+20,  1.288020068825E+17,  1.549116351627E+20,  5.362136920914E+19,  1.012736703652E+13,  8.580883573785E+01,  2.799790228110E+00,  7.300905590507E+01,NaN,  9.999987656813E+00,NaN,  1.947854130744E-06,  3.826776320573E-02,NaN,  3.504050000000E+06,  4.317797207535E-07
  1.126265303710E+01,  3.331737871348E+03,  3.581450623089E+03,  4.911125494044E+05,  4.921299899955E+05,  9.918599818371E+02,  9.224464676218E-01,NaN,NaN,  2.135546237992E-03,  2.285862355999E+15,  3.284604505044E+19,  1.036099065139E+20,  1.296784531028E+17,  1.549096348736E+20,  5.362248890641E+19,  1.010532340667E+13,  8.581995541645E+01,  2.801721576028E+00,  7.301824501310E+01,NaN,  9.999986883704E+00,NaN,  1.943614353978E-06,  3.826792257563E-02,NaN,  3.504050000000E+06,  4.321013991230E-07
  1.189343551254E+01,  3.330994970743E+03,  3.580427942927E+03,  4.902636006638E+05,  4.912810072951E+05,  9.918599818371E+02,  9.219878923719E-01,NaN,NaN,  2.136847364872E-03,  2.299712003808E+15,  3.283364187722E+19,  1.036222955034E+20,  1.305118338694E+17,  1.549077326874E+20,  5.362355377723E+19,  1.008445467475E+13,  8.583052248432E+01,  2.803558341331E+00,  7.302697605344E+01,NaN,  9.999986149943E+00,NaN,  1.939600552017E-06,  3.826807356298E-02,NaN,  3.504050000000E+06,  4.324066670243E-07
  1.264167763980E+01,  3.330115431411E+03,  3.579217118149E+03,  4.892590971060E+05,  4.902764500582E+05,  9.918599818371E+02,  9.214428999047E-01,NaN,NaN,  2.138390661489E-03,  2.316175884622E+15,  3.281889750498E+19,  1.036370230156E+20,  1.315033146250E+17,  1.549054694052E+20,  5.362482091192E+19,  1.005976866536E+13,  8.584308632343E+01,  2.805743960215E+00,  7.303735514869E+01,NaN,  9.999985279674E+00,NaN,  1.934852551358E-06,  3.826825249416E-02,NaN,  3.504050000000E+06,  4.327686878971E-07
  1.343497719676E+01,  3.329184841216E+03,  3.577936088421E+03,  4.881973409829E+05,  4.892146514489E+05,  9.918599818371E+02,  9.208646813194E-01,NaN,NaN,  2.140026482239E-03,  2.333648625106E+15,  3.280324963976E+19,  1.036526529879E+20,  1.325564934199E+17,  1.549030650048E+20,  5.362616718635E+19,  1.003367691221E+13,  8.585642259731E+01,  2.808066064831E+00,  7.304837024551E+01,NaN,  9.999984357129E+00,NaN,  1.929834176003E-06,  3.826844172876E-02,NaN,  3.504050000000E+06,  4.331523998105E-07
  1.421214643010E+01,  3.328275249495E+03,  3.576683801290E+03,  4.871599399710E+05,  4.881771954717E+05,  9.918599818371E+02,  9.202964249706E-01,NaN,NaN,  2.141629128209E-03,  2.350825458138E+15,  3.278786677741E+19,  1.036680182619E+20,  1.335927839371E+17,  1.549006988808E+20,  5.362749217388E+19,  1.000819716895E+13,  8.586953559109E+01,  2.810351414393E+00,  7.305919879827E+01,NaN,  9.999983453491E+00,NaN,  1.924933511991E-06,  3.826862709365E-02,NaN,  3.504050000000E+06,  4.335282004618E-07
  1.493932148129E+01,  3.327425769932E+03,  3.575514480319E+03,  4.861924132113E+05,  4.872096299952E+05,  9.918599818371E+02,  9.197651558264E-01,NaN,NaN,  2.143128019510E-03,  2.366888877875E+15,  3.277348104197E+19,  1.036823875488E+20,  1.345627528006E+17,  1.548984839351E+20,  5.362873261702E+19,  9.984428905969E+12,  8.588180090153E+01,  2.812490935867E+00,  7.306932543721E+01,NaN,  9.999982608096E+00,NaN,  1.920362026722E-06,  3.826879984726E-02,NaN,  3.504050000000E+06,  4.338797283744E-07
  1.593340953613E+01,  3.326267440103E+03,  3.573919710772E+03,  4.848734402512E+05,  4.858905908439E+05,  9.918599818371E+02,  9.190359364808E-01,NaN,NaN,  2.145177381273E-03,  2.388944757610E+15,  3.275372870739E+19,  1.037021173011E+20,  1.358959111158E+17,  1.548954392424E+20,  5.363043795454E+19,  9.952049824914E+12,  8.589864543644E+01,  2.815432248890E+00,  7.308322982082E+01,NaN,  9.999981452600E+00,NaN,  1.914134373813E-06,  3.826903610515E-02,NaN,  3.504050000000E+06,  4.343601321970E-07
  1.674574075750E+01,  3.325323169282E+03,  3.572619736077E+03,  4.837994381666E+05,  4.848165323789E+05,  9.918599818371E+02,  9.184395117763E-01,NaN,NaN,  2.146851564103E-03,  2.406990387708E+15,  3.273756778683E+19,  1.037182597459E+20,  1.369878288128E+17,  1.548929451580E+20,  5.363183505816E+19,  9.925686693693E+12,  8.591243040258E+01,  2.817841906541E+00,  7.309460607843E+01,NaN,  9.999980508546E+00,NaN,  1.909063802769E-06,  3.826922859618E-02,NaN,  3.504050000000E+06,  4.347525676257E-07
  1.771020162733E+01,  3.324204707199E+03,  3.571080044751E+03,  4.825287278265E+05,  4.835457712023E+05,  9.918599818371E+02,  9.177308010179E-01,NaN,NaN,  2.148838727985E-03,  2.428440690925E+15,  3.271835778188E+19,  1.037374477898E+20,  1.382871158518E+17,  1.548899770139E+20,  5.363349790475E+19,  9.894499152943E+12,  8.592881986697E+01,  2.820709878577E+00,  7.310812869745E+01,NaN,  9.999979387881E+00,NaN,  1.903065325588E-06,  3.826945645529E-02,NaN,  3.504050000000E+06,  4.352183413591E-07
  1.883230780126E+01,  3.322907293687E+03,  3.569293771377E+03,  4.810556520438E+05,  4.820726231173E+05,  9.918599818371E+02,  9.169033578561E-01,NaN,NaN,  2.151150707613E-03,  2.453494669477E+15,  3.269592047484E+19,  1.037598594486E+20,  1.398065539672E+17,  1.548865053963E+20,  5.363544309266E+19,  9.858367216516E+12,  8.594796786252E+01,  2.824064749040E+00,  7.312392313306E+01,NaN,  9.999978084309E+00,NaN,  1.896115864650E-06,  3.826972128658E-02,NaN,  3.504050000000E+06,  4.357600349735E-07
  2.003393192339E+01,  3.321522300819E+03,  3.567386955567E+03,  4.794851173831E+05,  4.805020122829E+05,  9.918599818371E+02,  9.160156739046E-01,NaN,NaN,  2.153625863462E-03,  2.480384705583E+15,  3.267183887095E+19,  1.037839135262E+20,  1.414395880986E+17,  1.548827735709E+20,  5.363753439822E+19,  9.819855689009E+12,  8.596852520389E+01,  2.827671576518E+00,  7.314087504998E+01,NaN,  9.999976688687E+00,NaN,  1.888708723419E-06,  3.827000395625E-02,NaN,  3.504050000000E+06,  4.363398609345E-07
  2.109054220444E+01,  3.320308179246E+03,  3.565715398417E+03,  4.781099648162E+05,  4.791267913727E+05,  9.918599818371E+02,  9.152336341060E-01,NaN,NaN,  2.155801795335E-03,  2.504084863733E+15,  3.265061399014E+19,  1.038051141473E+20,  1.428808319864E+17,  1.548794794562E+20,  5.363938068806E+19,  9.786146560149E+12,  8.598664914504E+01,  2.830855784501E+00,  7.315581601654E+01,NaN,  9.999975461768E+00,NaN,  1.882225254848E-06,  3.827025174445E-02,NaN,  3.504050000000E+06,  4.368494940471E-07
  2.224085169703E+01,  3.318990324173E+03,  3.563901056077E+03,  4.766190952632E+05,  4.776358488862E+05,  9.918599818371E+02,  9.143808217730E-01,NaN,NaN,  2.158170086385E-03,  2.529940863026E+15,  3.262745842754E+19,  1.038282432448E+20,  1.444552440566E+17,  1.548758803607E+20,  5.364139820813E+19,  9.749611448786E+12,  8.600642732073E+01,  2.834335257971E+00,  7.317211606122E+01,NaN,  9.999974126336E+00,NaN,  1.875198248980E-06,  3.827052062832E-02,NaN,  3.504050000000E+06,  4.374040874403E-07
  2.336558731043E+01,  3.317705715681E+03,  3.562132518287E+03,  4.751676201866E+05,  4.761843129516E+05,  9.918599818371E+02,  9.135455858391E-01,NaN,NaN,  2.160485115845E-03,  2.555275142838E+15,  3.260477009563E+19,  1.038509056468E+20,  1.459999851426E+17,  1.548723484734E+20,  5.364337835161E+19,  9.714053137417E+12,  8.602581211917E+01,  2.837750223848E+00,  7.318808720608E+01,NaN,  9.999972820887E+00,NaN,  1.868359116614E-06,  3.827078262320E-02,NaN,  3.504050000000E+06,  4.379461146784E-07
  2.473234261756E+01,  3.316150061768E+03,  3.559990671153E+03,  4.734117081942E+05,  4.744283202491E+05,  9.918599818371E+02,  9.125276400056E-01,NaN,NaN,  2.163297911079E-03,  2.586166317467E+15,  3.257710523947E+19,  1.038785388881E+20,  1.478863692538E+17,  1.548680346240E+20,  5.364579730909E+19,  9.671061053306E+12,  8.604945649686E+01,  2.841921892123E+00,  7.320756150972E+01,NaN,  9.999971234927E+00,NaN,  1.860090204436E-06,  3.827110012098E-02,NaN,  3.504050000000E+06,  4.386044592107E-07
  2.608980289697E+01,  3.314610696785E+03,  3.557871219544E+03,  4.716765178388E+05,  4.726930472428E+05,  9.918599818371E+02,  9.115142124390E-01,NaN,NaN,  2.166090863008E-03,  2.616936710655E+15,  3.254954855070E+19,  1.039060640876E+20,  1.497684599825E+17,  1.548637296821E+20,  5.364821171219E+19,  9.628595888234E+12,  8.607301681640E+01,  2.846085632434E+00,  7.322695967186E+01,NaN,  9.999969660191E+00,NaN,  1.851922637594E-06,  3.827141422910E-02,NaN,  3.504050000000E+06,  4.392579819019E-07
  2.745757946662E+01,  3.313065349447E+03,  3.555743512035E+03,  4.699369565469E+05,  4.709534031564E+05,  9.918599818371E+02,  9.104907761782E-01,NaN,NaN,  2.168904293800E-03,  2.648027548400E+15,  3.252170488559E+19,  1.039338759377E+20,  1.516732829648E+17,  1.548593718188E+20,  5.365065624224E+19,  9.586044021762E+12,  8.609683102167E+01,  2.850301255424E+00,  7.324655984858E+01,NaN,  9.999968073922E+00,NaN,  1.843738394979E-06,  3.827172942690E-02,NaN,  3.504050000000E+06,  4.399161224164E-07
  2.887311427348E+01,  3.311472047207E+03,  3.553549768681E+03,  4.681459342309E+05,  4.691622960062E+05,  9.918599818371E+02,  9.094292723697E-01,NaN,NaN,  2.171815145340E-03,  2.680292424137E+15,  3.249280980126E+19,  1.039627380076E+20,  1.536533721671E+17,  1.548548407748E+20,  5.365319839177E+19,  9.542253908968E+12,  8.612155357651E+01,  2.854685149154E+00,  7.326690015931E+01,NaN,  9.999966432732E+00,NaN,  1.835315993403E-06,  3.827205420442E-02,NaN,  3.504050000000E+06,  4.405968725633E-07
  3.049387388278E+01,  3.309655170520E+03,  3.551048232249E+03,  4.661068472593E+05,  4.671231143043E+05,  9.918599818371E+02,  9.082112853402E-01,NaN,NaN,  2.175146890083E-03,  2.717335760550E+15,  3.245963532637E+19,  1.039958745809E+20,  1.559309171335E+17,  1.548496278194E+20,  5.365612372288E+19,  9.492422614353E+12,  8.614994901528E+01,  2.859729743555E+00,  7.329025289182E+01,NaN,  9.999964554175E+00,NaN,  1.825731656951E-06,  3.827242415925E-02,NaN,  3.504050000000E+06,  4.413758532927E-07
  3.202643097083E+01,  3.307944480864E+03,  3.548692846583E+03,  4.641898753764E+05,  4.652060494357E+05,  9.918599818371E+02,  9.070565979616E-01,NaN,NaN,  2.178296403387E-03,  2.752475738094E+15,  3.242816542136E+19,  1.040273085345E+20,  1.580956009198E+17,  1.548446719551E+20,  5.365890537510E+19,  9.445603857887E+12,  8.617689678828E+01,  2.864526476376E+00,  7.331240571676E+01,NaN,  9.999962778421E+00,NaN,  1.816726739103E-06,  3.827277221159E-02,NaN,  3.504050000000E+06,  4.421119827004E-07
  3.366210165078E+01,  3.306126528455E+03,  3.546189663181E+03,  4.621556838372E+05,  4.631717535322E+05,  9.918599818371E+02,  9.058207621605E-01,NaN,NaN,  2.181656963474E-03,  2.790108806426E+15,  3.239446280851E+19,  1.040609726482E+20,  1.604183719161E+17,  1.548393528301E+20,  5.366189156249E+19,  9.395954555686E+12,  8.620576872887E+01,  2.869675808822E+00,  7.333613022906E+01,NaN,  9.999960883806E+00,NaN,  1.807177406287E-06,  3.827314182647E-02,NaN,  3.504050000000E+06,  4.428971458205E-07
  3.543757679851E+01,  3.304162227776E+03,  3.543484930280E+03,  4.599614317063E+05,  4.609774005513E+05,  9.918599818371E+02,  9.044758893840E-01,NaN,NaN,  2.185303552057E-03,  2.831089900500E+15,  3.235776184365E+19,  1.040976316918E+20,  1.629531079343E+17,  1.548335467335E+20,  5.366515189069E+19,  9.342433217240E+12,  8.623722377048E+01,  2.875297751543E+00,  7.336196539408E+01,NaN,  9.999958827972E+00,NaN,  1.796883342706E-06,  3.827354063339E-02,NaN,  3.504050000000E+06,  4.437488375263E-07
  3.754221068882E+01,  3.301845785951E+03,  3.540295372967E+03,  4.573790377577E+05,  4.583948902607E+05,  9.918599818371E+02,  9.028777782882E-01,NaN,NaN,  2.189624322043E-03,  2.879825254744E+15,  3.231411648654E+19,  1.041412271992E+20,  1.659746996528E+17,  1.548266232957E+20,  5.366904066335E+19,  9.279486121235E+12,  8.627465036043E+01,  2.882003207782E+00,  7.339268897590E+01,NaN,  9.999956391971E+00,NaN,  1.784776369539E-06,  3.827400987986E-02,NaN,  3.504050000000E+06,  4.447576379850E-07
  3.942296446954E+01,  3.299786699445E+03,  3.537460243252E+03,  4.550883508154E+05,  4.561040986561E+05,  9.918599818371E+02,  9.014462847943E-01,NaN,NaN,  2.193483709703E-03,  2.923514176608E+15,  3.227499050527E+19,  1.041803084958E+20,  1.686901265386E+17,  1.548203993929E+20,  5.367253746054E+19,  9.223688267059E+12,  8.630821984092E+01,  2.888032646826E+00,  7.342023120407E+01,NaN,  9.999954215978E+00,NaN,  1.774044450734E-06,  3.827442588821E-02,NaN,  3.504050000000E+06,  4.456584001415E-07
  4.155238043155E+01,  3.297468016348E+03,  3.534267389917E+03,  4.525133130934E+05,  4.535289320000E+05,  9.918599818371E+02,  8.998197052138E-01,NaN,NaN,  2.197852174103E-03,  2.973196903926E+15,  3.223049672241E+19,  1.042247514684E+20,  1.717858330598E+17,  1.548133015773E+20,  5.367652635149E+19,  9.161024628266E+12,  8.634641596135E+01,  2.894910415813E+00,  7.345155203021E+01,NaN,  9.999951753338E+00,NaN,  1.761991996505E-06,  3.827489361314E-02,NaN,  3.504050000000E+06,  4.466774214427E-07
  4.386515217290E+01,  3.294964378354E+03,  3.530820050844E+03,  4.497396097134E+05,  4.507551046955E+05,  9.918599818371E+02,  8.980493730849E-01,NaN,NaN,  2.202594130169E-03,  3.027318650170E+15,  3.218202753988E+19,  1.042731653047E+20,  1.751675465376E+17,  1.548055452187E+20,  5.368088664573E+19,  9.093575233200E+12,  8.638805052399E+01,  2.902428404697E+00,  7.348567129039E+01,NaN,  9.999949079880E+00,NaN,  1.749019070539E-06,  3.827539662398E-02,NaN,  3.504050000000E+06,  4.477831769960E-07
  4.629022543806E+01,  3.292355805698E+03,  3.527227985963E+03,  4.468558904437E+05,  4.478712442777E+05,  9.918599818371E+02,  8.961864597392E-01,NaN,NaN,  2.207564403212E-03,  3.084325063439E+15,  3.213097497117E+19,  1.043241595830E+20,  1.787401649180E+17,  1.547973478396E+20,  5.368549636506E+19,  9.023527211937E+12,  8.643193334140E+01,  2.910376231553E+00,  7.352160909630E+01,NaN,  9.999946278000E+00,NaN,  1.735546336009E-06,  3.827591908632E-02,NaN,  3.504050000000E+06,  4.489414880307E-07
  4.885222671692E+01,  3.289923230947E+03,  3.523834134637E+03,  4.440566109928E+05,  4.450675845588E+05,  9.918599818371E+02,  8.944135172157E-01,NaN,NaN,  2.212388626076E-03,  3.146283167663E+15,  3.207548869798E+19,  1.043796164097E+20,  1.826362370945E+17,  1.547903400304E+20,  5.369055611295E+19,  9.012129601467E+12,  8.647973582940E+01,  2.919098929578E+00,  7.356069184710E+01,NaN,  9.999943319367E+00,NaN,  1.733354168730E-06,  3.827646803866E-02,NaN,  3.510686105271E+06,  4.500416756634E-07
  5.140511492179E+01,  3.287505367903E+03,  3.520556281963E+03,  4.415321577091E+05,  4.425430545086E+05,  9.918599818371E+02,  8.926946012235E-01,NaN,NaN,  2.216857417882E-03,  3.189913494644E+15,  3.203640511748E+19,  1.044186964891E+20,  1.853858508717E+17,  1.547863959761E+20,  5.369414361426E+19,  9.015121739285E+12,  8.651346647498E+01,  2.925291150962E+00,  7.358823321751E+01,NaN,  9.999940372571E+00,NaN,  1.733929663623E-06,  3.827684424798E-02,NaN,  3.518778765995E+06,  4.511096420295E-07
  5.397904107584E+01,  3.285078491322E+03,  3.517268244385E+03,  4.390091467078E+05,  4.400199779746E+05,  9.918599818371E+02,  8.909675245271E-01,NaN,NaN,  2.221359099640E-03,  3.233775637931E+15,  3.199710341119E+19,  1.044579947164E+20,  1.881545815480E+17,  1.547824210098E+20,  5.369776181165E+19,  9.018157093592E+12,  8.654740379741E+01,  2.931536334040E+00,  7.361592832590E+01,NaN,  9.999937402958E+00,NaN,  1.734513470589E-06,  3.827721795741E-02,NaN,  3.526881925220E+06,  4.521862771791E-07
  5.672312635710E+01,  3.282614472162E+03,  3.513781065512E+03,  4.360630520296E+05,  4.370737909810E+05,  9.918599818371E+02,  8.891338215696E-01,NaN,NaN,  2.226512169630E-03,  3.307024621330E+15,  3.193143751348E+19,  1.045236303344E+20,  1.927861247950E+17,  1.547743033997E+20,  5.370381826680E+19,  9.021417656800E+12,  8.660409439691E+01,  2.941973925505E+00,  7.366218449770E+01,NaN,  9.999934238561E+00,NaN,  1.735140593265E-06,  3.827783909765E-02,NaN,  3.535459870458E+06,  4.533340159909E-07
  5.965003964699E+01,  3.279904942577E+03,  3.510082048250E+03,  4.331865615644E+05,  4.341972258044E+05,  9.918599818371E+02,  8.871841029352E-01,NaN,NaN,  2.231703218898E-03,  3.362435456936E+15,  3.188174417050E+19,  1.045733140033E+20,  1.962985328241E+17,  1.547689212222E+20,  5.370842843358E+19,  9.024913092224E+12,  8.664705889251E+01,  2.949927629460E+00,  7.369719866218E+01,NaN,  9.999930865055E+00,NaN,  1.735812890251E-06,  3.827829678801E-02,NaN,  3.544540973814E+06,  4.545581609158E-07
  6.271405532133E+01,  3.277090981850E+03,  3.506232363439E+03,  4.301857333860E+05,  4.311963086187E+05,  9.918599818371E+02,  8.851488342156E-01,NaN,NaN,  2.237158808357E-03,  3.422152690687E+15,  3.182816781493E+19,  1.046268784134E+20,  2.000916217285E+17,  1.547630065151E+20,  5.371341743579E+19,  9.028595351720E+12,  8.669341065751E+01,  2.958533837831E+00,  7.373494774768E+01,NaN,  9.999927335480E+00,NaN,  1.736521120173E-06,  3.827878237089E-02,NaN,  3.553972421233E+06,  4.558395311146E-07
  6.585781187695E+01,  3.274222537372E+03,  3.502306249944E+03,  4.271300316160E+05,  4.281405165906E+05,  9.918599818371E+02,  8.830691864654E-01,NaN,NaN,  2.242763378577E-03,  3.484052908834E+15,  3.177260997849E+19,  1.046824232499E+20,  2.040318566706E+17,  1.547568121856E+20,  5.371861199565E+19,  9.032397060514E+12,  8.674151211964E+01,  2.967494143599E+00,  7.377409252270E+01,NaN,  9.999923716091E+00,NaN,  1.737252324458E-06,  3.827927695478E-02,NaN,  3.563570644480E+06,  4.571541393789E-07
  6.915905912169E+01,  3.271235206410E+03,  3.498209080070E+03,  4.239348486397E+05,  4.249452393872E+05,  9.918599818371E+02,  8.808944586547E-01,NaN,NaN,  2.248671635356E-03,  3.550830832122E+15,  3.171264766012E+19,  1.047423700146E+20,  2.082922341576E+17,  1.547500077210E+20,  5.372424209865E+19,  9.036413509619E+12,  8.679346580049E+01,  2.977204623800E+00,  7.381633952106E+01,NaN,  9.999919917612E+00,NaN,  1.738024830970E-06,  3.827980071861E-02,NaN,  3.573565082725E+06,  4.585344920401E-07
  7.262022145422E+01,  3.268129143829E+03,  3.493941333297E+03,  4.206023107497E+05,  4.216126149177E+05,  9.918599818371E+02,  8.786238369020E-01,NaN,NaN,  2.254888219885E-03,  3.622531035182E+15,  3.164823480391E+19,  1.048067647368E+20,  2.128778743170E+17,  1.547425798070E+20,  5.373031786682E+19,  9.040649530694E+12,  8.684932155541E+01,  2.987682697371E+00,  7.386172118163E+01,NaN,  9.999915937576E+00,NaN,  1.738839569008E-06,  3.828035161682E-02,NaN,  3.583951840335E+06,  4.599815897903E-07
  7.630487491727E+01,  3.264853848686E+03,  3.489429077070E+03,  4.170680909051E+05,  4.180782921849E+05,  9.918599818371E+02,  8.762165962027E-01,NaN,NaN,  2.261539493860E-03,  3.701318525814E+15,  3.157741851103E+19,  1.048775591093E+20,  2.179302830323E+17,  1.547342542973E+20,  5.373703091227E+19,  9.045186456630E+12,  8.691078472745E+01,  2.999258340439E+00,  7.391161294402E+01,NaN,  9.999911703278E+00,NaN,  1.739712181790E-06,  3.828094327353E-02,NaN,  3.594907385329E+06,  4.615219852076E-07
  8.012230958847E+01,  3.261384435829E+03,  3.484787620219E+03,  4.136921719321E+05,  4.147024828183E+05,  9.918599818371E+02,  8.737318544604E-01,NaN,NaN,  2.268095550509E-03,  3.759152789394E+15,  3.152541604668E+19,  1.049295624828E+20,  2.216494342317E+17,  1.547291343833E+20,  5.374199293345E+19,  9.049909669787E+12,  8.695599677207E+01,  3.007825810549E+00,  7.394826190154E+01,NaN,  9.999907319359E+00,NaN,  1.740620624253E-06,  3.828136288508E-02,NaN,  3.606148527535E+06,  4.631177366152E-07
  8.413715284754E+01,  3.257875000533E+03,  3.479942093008E+03,  4.099020855212E+05,  4.109120800104E+05,  9.918599818371E+02,  8.711345546706E-01,NaN,NaN,  2.275377026222E-03,  3.847651861400E+15,  3.144579218011E+19,  1.050091594427E+20,  2.273531014204E+17,  1.547195528386E+20,  5.374961312180E+19,  9.054910166371E+12,  8.702522557703E+01,  3.020963907216E+00,  7.400435721631E+01,NaN,  9.999902711922E+00,NaN,  1.741582398216E-06,  3.828199769105E-02,NaN,  3.617853623965E+06,  4.647959421977E-07
  8.836257200747E+01,  3.254216019284E+03,  3.474882167650E+03,  4.059443270175E+05,  4.069541995903E+05,  9.918599818371E+02,  8.684135872560E-01,NaN,NaN,  2.283066325735E-03,  3.942575882649E+15,  3.136033524012E+19,  1.050945860674E+20,  2.334912677232E+17,  1.547091205911E+20,  5.375784238005E+19,  9.060202172928E+12,  8.709961149712E+01,  3.035150947707E+00,  7.406456094034E+01,NaN,  9.999897866474E+00,NaN,  1.742600239951E-06,  3.828265764842E-02,NaN,  3.630043743405E+06,  4.665619473128E-07
  9.298492024592E+01,  3.250155236461E+03,  3.469392654360E+03,  4.018897641050E+05,  4.028995246730E+05,  9.918599818371E+02,  8.654516026896E-01,NaN,NaN,  2.291168468115E-03,  4.024856700508E+15,  3.128621862386E+19,  1.051686908308E+20,  2.388298622106E+17,  1.547008934843E+20,  5.376503144775E+19,  9.066018682697E+12,  8.716423421620E+01,  3.047554228523E+00,  7.411678567396E+01,NaN,  9.999892569998E+00,NaN,  1.743718962373E-06,  3.828320724441E-02,NaN,  3.643230963450E+06,  4.684937103100E-07
  9.763438915885E+01,  3.246099709311E+03,  3.463918769757E+03,  3.978775607494E+05,  3.988872111798E+05,  9.918599818371E+02,  8.624893261846E-01,NaN,NaN,  2.299300448486E-03,  4.106694307050E+15,  3.121246130912E+19,  1.052424368812E+20,  2.441558409195E+17,  1.546926934824E+20,  5.377222669380E+19,  9.071898809283E+12,  8.722861496576E+01,  3.059968366518E+00,  7.416875760754E+01,NaN,  9.999887246847E+00,NaN,  1.744849920579E-06,  3.828373691951E-02,NaN,  3.656341596121E+06,  4.704365620358E-07
  1.025510416215E+02,  3.241964527557E+03,  3.458181364877E+03,  3.934082657683E+05,  3.944177767631E+05,  9.918599818371E+02,  8.593776976171E-01,NaN,NaN,  2.308316310974E-03,  4.221910624556E+15,  3.110854303631E+19,  1.053463142763E+20,  2.516787768932E+17,  1.546795422110E+20,  5.378241928306E+19,  9.078152584012E+12,  8.731938450307E+01,  3.077536771567E+00,  7.424196436293E+01,NaN,  9.999881622526E+00,NaN,  1.746052744659E-06,  3.828446185697E-02,NaN,  3.670041732786E+06,  4.724909413944E-07
  1.077231662823E+02,  3.237552424615E+03,  3.452201853881E+03,  3.890181679970E+05,  3.900275576977E+05,  9.918599818371E+02,  8.561226739397E-01,NaN,NaN,  2.317443443724E-03,  4.318758065808E+15,  3.102113284487E+19,  1.054337054956E+20,  2.580280281894E+17,  1.546693425889E+20,  5.379106507871E+19,  9.084756653874E+12,  8.739587932244E+01,  3.092449244749E+00,  7.430355261909E+01,NaN,  9.999875711277E+00,NaN,  1.747322942996E-06,  3.828504037589E-02,NaN,  3.684274819979E+06,  4.746518583389E-07
  1.133826506829E+02,  3.232792444200E+03,  3.445723710696E+03,  3.842349392507E+05,  3.852441865973E+05,  9.918599818371E+02,  8.525844407970E-01,NaN,NaN,  2.327511706846E-03,  4.430369336544E+15,  3.092032479906E+19,  1.055344867582E+20,  2.653729099368E+17,  1.546571968551E+20,  5.380110597480E+19,  9.092014876410E+12,  8.748421281756E+01,  3.109764419585E+00,  7.437457740014E+01,NaN,  9.999869249114E+00,NaN,  1.748718958238E-06,  3.828567883249E-02,NaN,  3.699643036614E+06,  4.770161406932E-07
  1.192281353363E+02,  3.227927407326E+03,  3.439102530106E+03,  3.793692719122E+05,  3.803783745278E+05,  9.918599818371E+02,  8.489561850563E-01,NaN,NaN,  2.337921337705E-03,  4.546429835161E+15,  3.081541628007E+19,  1.056393664084E+20,  2.730425888317E+17,  1.546443988727E+20,  5.381163831771E+19,  9.099542061187E+12,  8.757628090660E+01,  3.127926088316E+00,  7.444849048678E+01,NaN,  9.999862581339E+00,NaN,  1.750166704519E-06,  3.828630891108E-02,NaN,  3.715295230677E+06,  4.794578730057E-07
  1.251903804745E+02,  3.222923315850E+03,  3.432420963455E+03,  3.747089486688E+05,  3.757740807246E+05,  9.918599818371E+02,  8.452800617293E-01,NaN,NaN,  2.348196174837E-03,  4.637996001144E+15,  3.073259464372E+19,  1.057221849659E+20,  2.791184685100E+17,  1.546354383498E+20,  5.382002606541E+19,  9.107240769789E+12,  8.764911667436E+01,  3.142402938861E+00,  7.450685619648E+01,NaN,  9.999855787372E+00,NaN,  1.751647440953E-06,  3.828677482929E-02,NaN,  3.731033750946E+06,  4.819481244602E-07
  1.314612807021E+02,  3.217798202507E+03,  3.425470151899E+03,  3.696928898241E+05,  3.707017186374E+05,  9.918599818371E+02,  8.414458258471E-01,NaN,NaN,  2.359315560168E-03,  4.764186833995E+15,  3.061836041034E+19,  1.058363855914E+20,  2.875229678783E+17,  1.546211713717E+20,  5.383166649420E+19,  9.115368959013E+12,  8.774966186154E+01,  3.162473294010E+00,  7.458733816515E+01,NaN,  9.999848649175E+00,NaN,  1.753210781839E-06,  3.828739018790E-02,NaN,  3.747346656301E+06,  4.845671294628E-07
  1.380502714018E+02,  3.212498425640E+03,  3.418250242822E+03,  3.644538287189E+05,  3.654625020417E+05,  9.918599818371E+02,  8.374484895148E-01,NaN,NaN,  2.371103179803E-03,  4.898795529586E+15,  3.049639690808E+19,  1.059583112228E+20,  2.965317154846E+17,  1.546056803503E+20,  5.384420853503E+19,  9.123931997369E+12,  8.785720360485E+01,  3.184096423305E+00,  7.467326426943E+01,NaN,  9.999841157255E+00,NaN,  1.754857759733E-06,  3.828800053740E-02,NaN,  3.764226873154E+06,  4.873186734979E-07
  1.449763417830E+02,  3.206887139753E+03,  3.410751418884E+03,  3.592933895965E+05,  3.603019018438E+05,  9.918599818371E+02,  8.332786867501E-01,NaN,NaN,  2.383094142951E-03,  5.014957985631E+15,  3.039106093652E+19,  1.060636321192E+20,  3.043440795016E+17,  1.545932847089E+20,  5.385514878616E+19,  9.132945990380E+12,  8.795029324586E+01,  3.202969877374E+00,  7.474748832069E+01,NaN,  9.999833291209E+00,NaN,  1.756591472302E-06,  3.828848216056E-02,NaN,  3.781690299958E+06,  4.902106572738E-07
  1.523571759834E+02,  3.201106323420E+03,  3.402859948694E+03,  3.536027654164E+05,  3.546111111477E+05,  9.918599818371E+02,  8.288770787397E-01,NaN,NaN,  2.396376128876E-03,  5.170534094664E+15,  3.024984445143E+19,  1.062048000774E+20,  3.148580586569E+17,  1.545747383159E+20,  5.386994068312E+19,  9.142573872256E+12,  8.807526971014E+01,  3.228467733429E+00,  7.484697529941E+01,NaN,  9.999824918863E+00,NaN,  1.758443257609E-06,  3.828907903606E-02,NaN,  3.799992775348E+06,  4.932922774269E-07
  1.599923749868E+02,  3.195088621594E+03,  3.394802638155E+03,  3.480963707695E+05,  3.491045572865E+05,  9.918599818371E+02,  8.243638781849E-01,NaN,NaN,  2.409674274121E-03,  5.303965132886E+15,  3.012861230785E+19,  1.063260087930E+20,  3.239262307593E+17,  1.545598033134E+20,  5.388278340812E+19,  9.152537554295E+12,  8.818283219264E+01,  3.250618000290E+00,  7.493239616300E+01,NaN,  9.999816268991E+00,NaN,  1.760359629273E-06,  3.828953157777E-02,NaN,  3.818600646454E+06,  4.964798013182E-07
  1.680113166975E+02,  3.188857703539E+03,  3.386454168459E+03,  3.424161472726E+05,  3.434241593215E+05,  9.918599818371E+02,  8.196702109848E-01,NaN,NaN,  2.423674114883E-03,  5.446411778626E+15,  2.999906529614E+19,  1.064555280825E+20,  3.336578164393E+17,  1.545435206524E+20,  5.389664250186E+19,  9.163006144493E+12,  8.829800168759E+01,  3.274518892456E+00,  7.502367383644E+01,NaN,  9.999807196324E+00,NaN,  1.762373112796E-06,  3.828996060770E-02,NaN,  3.837797028567E+06,  4.998271690064E-07
  1.764486759494E+02,  3.182397989746E+03,  3.377793032391E+03,  3.365505628053E+05,  3.375584049253E+05,  9.918599818371E+02,  8.147800151968E-01,NaN,NaN,  2.438442450580E-03,  5.598736824730E+15,  2.986039232671E+19,  1.065941685453E+20,  3.441226499698E+17,  1.545257313318E+20,  5.391163539748E+19,  9.174018564529E+12,  8.842155158942E+01,  3.300372578358E+00,  7.512137958314E+01,NaN,  9.999797663433E+00,NaN,  1.764491194206E-06,  3.829035671585E-02,NaN,  3.857622699877E+06,  5.033488572699E-07
  1.856386033053E+02,  3.175485821489E+03,  3.368499392699E+03,  3.302558290481E+05,  3.312634789816E+05,  9.918599818371E+02,  8.095128777773E-01,NaN,NaN,  2.454633431962E-03,  5.770880791962E+15,  2.970349873815E+19,  1.067510194552E+20,  3.560222610965E+17,  1.545049985769E+20,  5.392879598457E+19,  9.186002416051E+12,  8.856166742670E+01,  3.329959369121E+00,  7.523191899542E+01,NaN,  9.999787295367E+00,NaN,  1.766796116562E-06,  3.829072614479E-02,NaN,  3.878795357445E+06,  5.071842939683E-07
  1.949491261454E+02,  3.168575532455E+03,  3.359229152464E+03,  3.240574495988E+05,  3.250649093296E+05,  9.918599818371E+02,  8.042371861773E-01,NaN,NaN,  2.470997673499E-03,  5.942803198212E+15,  2.954662072931E+19,  1.069078556000E+20,  3.679858836867E+17,  1.544840675715E+20,  5.394617307528E+19,  9.198122359245E+12,  8.870214591803E+01,  3.359919339465E+00,  7.534244800207E+01,NaN,  9.999776807364E+00,NaN,  1.769127214204E-06,  3.829100848106E-02,NaN,  3.899811454150E+06,  5.110696373653E-07
  2.047152001002E+02,  3.161324222342E+03,  3.349658502832E+03,  3.179689630600E+05,  3.189762487752E+05,  9.918599818371E+02,  7.987640865283E-01,NaN,NaN,  2.487676691604E-03,  6.095330973049E+15,  2.940728837473E+19,  1.070471706554E+20,  3.786688916126E+17,  1.544665426627E+20,  5.396180637898E+19,  9.210797406146E+12,  8.882728342843E+01,  3.386886671058E+00,  7.544062916247E+01,NaN,  9.999765823341E+00,NaN,  1.771565078100E-06,  3.829117831822E-02,NaN,  3.921401204791E+06,  5.151446612586E-07
  2.150410214131E+02,  3.153906692369E+03,  3.339705088727E+03,  3.114075777158E+05,  3.124146618164E+05,  9.918599818371E+02,  7.930520398885E-01,NaN,NaN,  2.505890416751E-03,  6.289469050685E+15,  2.922972221538E+19,  1.072246843344E+20,  3.923553142809E+17,  1.544419583871E+20,  5.398196570201E+19,  9.224163648424E+12,  8.898712488985E+01,  3.421638392645E+00,  7.556573049444E+01,NaN,  9.999754228630E+00,NaN,  1.774135883537E-06,  3.829130413046E-02,NaN,  3.943739546363E+06,  5.194529320837E-07
  2.257995412664E+02,  3.146185573892E+03,  3.329511544785E+03,  3.050186917949E+05,  3.060255823102E+05,  9.918599818371E+02,  7.871735661704E-01,NaN,NaN,  2.524334076769E-03,  6.461941800343E+15,  2.907177744553E+19,  1.073826027794E+20,  4.046048165517E+17,  1.544211276240E+20,  5.400015917290E+19,  9.238025135547E+12,  8.912978172331E+01,  3.453015534477E+00,  7.567702224340E+01,NaN,  9.999742168623E+00,NaN,  1.776801942232E-06,  3.829131138281E-02,NaN,  3.966496367126E+06,  5.239411375883E-07
  2.371129390381E+02,  3.138329476503E+03,  3.318980988004E+03,  2.982074501716E+05,  2.992141173122E+05,  9.918599818371E+02,  7.810784307557E-01,NaN,NaN,  2.544323919029E-03,  6.675575118349E+15,  2.887586690801E+19,  1.075784517915E+20,  4.198908452781E+17,  1.543930327093E+20,  5.402303413145E+19,  9.252539164792E+12,  8.930722071534E+01,  3.492444173468E+00,  7.581504525333E+01,NaN,  9.999729508943E+00,NaN,  1.779593508067E-06,  3.829120248754E-02,NaN,  3.989878594668E+06,  5.286604445170E-07
  2.489779509651E+02,  3.130115400228E+03,  3.308139074788E+03,  2.915308431786E+05,  2.925373103031E+05,  9.918599818371E+02,  7.747716545675E-01,NaN,NaN,  2.564735260934E-03,  6.869442181134E+15,  2.869783447574E+19,  1.077564481505E+20,  4.338778368087E+17,  1.543684305813E+20,  5.404415948956E+19,  9.267665472350E+12,  8.946907583699E+01,  3.528871048070E+00,  7.594048675008E+01,NaN,  9.999716256336E+00,NaN,  1.782502836875E-06,  3.829097035670E-02,NaN,  4.013818460943E+06,  5.336093171692E-07
  2.615431814279E+02,  3.121583753516E+03,  3.296876127944E+03,  2.846536758580E+05,  2.856599323156E+05,  9.918599818371E+02,  7.681916775742E-01,NaN,NaN,  2.586398964923E-03,  7.077166061449E+15,  2.850680865538E+19,  1.079474314343E+20,  4.489859041135E+17,  1.543413865111E+20,  5.406717334462E+19,  9.283577997875E+12,  8.964333516863E+01,  3.568550457358E+00,  7.607508067719E+01,NaN,  9.999702248524E+00,NaN,  1.785563383457E-06,  3.829058761020E-02,NaN,  4.038545565385E+06,  5.388496339974E-07
  2.747804687979E+02,  3.112770872939E+03,  3.285246519329E+03,  2.776265869322E+05,  2.786326181826E+05,  9.918599818371E+02,  7.613675227881E-01,NaN,NaN,  2.609251955444E-03,  7.297213786876E+15,  2.830414582537E+19,  1.081500461217E+20,  4.651295109342E+17,  1.543120362932E+20,  5.409199114148E+19,  9.300214198251E+12,  8.982889781005E+01,  3.611336758143E+00,  7.621787174216E+01,NaN,  9.999687520993E+00,NaN,  1.788763118542E-06,  3.829002731448E-02,NaN,  4.063926662954E+06,  5.443695809097E-07
  2.885490890706E+02,  3.103779816455E+03,  3.273398429233E+03,  2.705640107620E+05,  2.715698233234E+05,  9.918599818371E+02,  7.543830891960E-01,NaN,NaN,  2.633011580740E-03,  7.524973460809E+15,  2.809405085183E+19,  1.083600898569E+20,  4.819926660755E+17,  1.542810088330E+20,  5.411816774442E+19,  9.317370875457E+12,  9.002203585116E+01,  3.656463456464E+00,  7.636589836854E+01,NaN,  9.999672234097E+00,NaN,  1.792062959897E-06,  3.828927514431E-02,NaN,  4.089628239399E+06,  5.501103674505E-07
  3.030225355701E+02,  3.094521312890E+03,  3.261207749482E+03,  2.633863018106E+05,  2.643918818955E+05,  9.918599818371E+02,  7.471639638489E-01,NaN,NaN,  2.658008517810E-03,  7.764619257418E+15,  2.787262925917E+19,  1.085814548755E+20,  4.999079888998E+17,  1.542475553594E+20,  5.414626125246E+19,  9.335236732543E+12,  9.022645302375E+01,  3.704891451187E+00,  7.652190357793E+01,NaN,  9.999656199134E+00,NaN,  1.795499201854E-06,  3.828829063045E-02,NaN,  4.115909777205E+06,  5.561441616455E-07
  3.181789947203E+02,  3.084899453377E+03,  3.248721074658E+03,  2.564006859181E+05,  2.574060420109E+05,  9.918599818371E+02,  7.397349410586E-01,NaN,NaN,  2.683498317939E-03,  7.982099761053E+15,  2.767136669080E+19,  1.087826889820E+20,  5.163238818911E+17,  1.542181885485E+20,  5.417228044645E+19,  9.353744394735E+12,  9.041312365633E+01,  3.749760723005E+00,  7.666372168962E+01,NaN,  9.999639444641E+00,NaN,  1.799058885839E-06,  3.828721084881E-02,NaN,  4.142659438900E+06,  5.624620389448E-07
  3.341365598252E+02,  3.075118836035E+03,  3.235872939154E+03,  2.490416378745E+05,  2.500467603513E+05,  9.918599818371E+02,  7.320587379280E-01,NaN,NaN,  2.711061647616E-03,  8.244695587140E+15,  2.742793746155E+19,  1.090260516774E+20,  5.363435002316E+17,  1.541797915684E+20,  5.420432878003E+19,  9.373021900945E+12,  9.063985314199E+01,  3.804999909544E+00,  7.683522958421E+01,NaN,  9.999621845478E+00,NaN,  1.802766638305E-06,  3.828569150720E-02,NaN,  4.170005574846E+06,  5.691126793995E-07
  3.509033556693E+02,  3.064941628750E+03,  3.222690437189E+03,  2.418675341548E+05,  2.428724240667E+05,  9.918599818371E+02,  7.241433714794E-01,NaN,NaN,  2.739288667901E-03,  8.485969626211E+15,  2.720388051473E+19,  1.092500701501E+20,  5.549382610839E+17,  1.541453431779E+20,  5.423444896352E+19,  9.393022545155E+12,  9.084964273531E+01,  3.856932736594E+00,  7.699310479394E+01,NaN,  9.999603398164E+00,NaN,  1.806613476017E-06,  3.828405858462E-02,NaN,  4.197877708615E+06,  5.760995090270E-07
  3.684498725497E+02,  3.054533196751E+03,  3.209230194365E+03,  2.346604637597E+05,  2.356651399062E+05,  9.918599818371E+02,  7.160238906273E-01,NaN,NaN,  2.768797860405E-03,  8.736809517394E+15,  2.697053766953E+19,  1.094833709181E+20,  5.744763868297E+17,  1.541086300395E+20,  5.426644688694E+19,  9.413682442122E+12,  9.106920767597E+01,  3.912100097908E+00,  7.715752162642E+01,NaN,  9.999584141054E+00,NaN,  1.810587111563E-06,  3.828212506809E-02,NaN,  4.226144978815E+06,  5.834097085507E-07
  3.869011662719E+02,  3.043978763913E+03,  3.195430304256E+03,  2.271264210654E+05,  2.281308135566E+05,  9.918599818371E+02,  7.076662429898E-01,NaN,NaN,  2.800627361878E-03,  9.033834852396E+15,  2.669368535824E+19,  1.097601419815E+20,  5.978842055749E+17,  1.540618969991E+20,  5.430524107150E+19,  9.435122383271E+12,  9.133109625390E+01,  3.978956697746E+00,  7.735257379855E+01,NaN,  9.999563942897E+00,NaN,  1.814710777446E-06,  3.827952942257E-02,NaN,  4.254926073254E+06,  5.910955532822E-07
  4.066909466353E+02,  3.032817230015E+03,  3.181017341643E+03,  2.196323566949E+05,  2.206364992553E+05,  9.918599818371E+02,  6.988934009736E-01,NaN,NaN,  2.834010790599E-03,  9.318292560417E+15,  2.642800712809E+19,  1.100257629824E+20,  6.205932708060E+17,  1.540174910581E+20,  5.434339482389E+19,  9.457772117651E+12,  9.158403736037E+01,  4.044725149190E+00,  7.753976805420E+01,NaN,  9.999542337920E+00,NaN,  1.819067129745E-06,  3.827669803900E-02,NaN,  4.284772458863E+06,  5.993369373907E-07
  4.274224644305E+02,  3.021419933742E+03,  3.166330747075E+03,  2.121433377910E+05,  2.131472278390E+05,  9.918599818371E+02,  6.899139961500E-01,NaN,NaN,  2.868934854786E-03,  9.612725862848E+15,  2.615244765024E+19,  1.103012615008E+20,  6.444038818776E+17,  1.539702317499E+20,  5.438393513444E+19,  9.481134253016E+12,  9.184804903130E+01,  4.114604028580E+00,  7.773392341052E+01,NaN,  9.999519768644E+00,NaN,  1.823560502179E-06,  3.827341071877E-02,NaN,  4.314963675228E+06,  6.079682075792E-07
  4.489513671160E+02,  3.009883185088E+03,  3.151506090282E+03,  2.047489161019E+05,  2.057525461274E+05,  9.918599818371E+02,  6.808094073994E-01,NaN,NaN,  2.905100613662E-03,  9.912577854890E+15,  2.587122506912E+19,  1.105824218460E+20,  6.689803519666E+17,  1.539208183274E+20,  5.442636131198E+19,  9.505009617726E+12,  9.211929844645E+01,  4.187731325731E+00,  7.793206889353E+01,NaN,  9.999496399043E+00,NaN,  1.828152586934E-06,  3.826967690936E-02,NaN,  4.345214137323E+06,  6.169288050526E-07
  4.714084828240E+02,  2.998163518500E+03,  3.136484888292E+03,  1.974179020659E+05,  1.984212789087E+05,  9.918599818371E+02,  6.715416113828E-01,NaN,NaN,  2.942740992813E-03,  1.021998554507E+16,  2.558229431710E+19,  1.108712879205E+20,  6.945287855074E+17,  1.538687095704E+20,  5.447109707927E+19,  9.529510145168E+12,  9.239995535879E+01,  4.264836504649E+00,  7.813564492710E+01,NaN,  9.999472094180E+00,NaN,  1.832864912794E-06,  3.826543115098E-02,NaN,  4.375638082262E+06,  6.262726028691E-07
  4.949894579334E+02,  2.986054919526E+03,  3.121175847260E+03,  1.903625216755E+05,  1.913656551277E+05,  9.918599818371E+02,  6.620535379275E-01,NaN,NaN,  2.981195518349E-03,  1.050138027146E+16,  2.531726423305E+19,  1.111362859915E+20,  7.182409735152E+17,  1.538217687101E+20,  5.451322328849E+19,  9.554799843255E+12,  9.265931543810E+01,  4.337466771509E+00,  7.832240017785E+01,NaN,  9.999446651008E+00,NaN,  1.837729024336E-06,  3.826114576529E-02,NaN,  4.406411952019E+06,  6.360803983806E-07
  5.198473212705E+02,  2.973791886909E+03,  3.105527869520E+03,  1.830447882923E+05,  1.840476554476E+05,  9.918599818371E+02,  6.523154509807E-01,NaN,NaN,  3.022708989045E-03,  1.083184847708E+16,  2.500532694605E+19,  1.114481497631E+20,  7.464863863028E+17,  1.537623489388E+20,  5.456411279095E+19,  9.581027419655E+12,  9.296677559763E+01,  4.425170187253E+00,  7.854218365273E+01,NaN,  9.999419914869E+00,NaN,  1.842773523350E-06,  3.825564672643E-02,NaN,  4.437626757042E+06,  6.464150255003E-07
  5.458825493227E+02,  2.961316654024E+03,  3.089652210744E+03,  1.757969541629E+05,  1.767995537183E+05,  9.918599818371E+02,  6.423951075755E-01,NaN,NaN,  3.066090313061E-03,  1.117119481588E+16,  2.468424544660E+19,  1.117691546881E+20,  7.759586630687E+17,  1.536993399498E+20,  5.461807505741E+19,  9.608036919214E+12,  9.328596843725E+01,  4.518165303731E+00,  7.876840928163E+01,NaN,  9.999392003915E+00,NaN,  1.847968414094E-06,  3.824943429260E-02,NaN,  4.469050254578E+06,  6.572337288010E-07
  5.731802978982E+02,  2.948623259628E+03,  3.073542771923E+03,  1.686216216446E+05,  1.696239595887E+05,  9.918599818371E+02,  6.322838729860E-01,NaN,NaN,  3.111474949213E-03,  1.151985924785E+16,  2.435353911711E+19,  1.120997810956E+20,  8.067507904859E+17,  1.536323934526E+20,  5.467540357153E+19,  9.635886053392E+12,  9.361773751426E+01,  4.616957250103E+00,  7.900141557266E+01,NaN,  9.999362838167E+00,NaN,  1.853324796543E-06,  3.824242984051E-02,NaN,  4.500686683445E+06,  6.685705176923E-07
  6.019476454088E+02,  2.935514864765E+03,  3.057128322104E+03,  1.617406493196E+05,  1.627427289959E+05,  9.918599818371E+02,  6.219367153482E-01,NaN,NaN,  3.157997219459E-03,  1.184171363773E+16,  2.404753229681E+19,  1.124057420213E+20,  8.356530122384E+17,  1.535708062552E+20,  5.473013866229E+19,  9.664742319633E+12,  9.392767805425E+01,  4.711304921971E+00,  7.921703906456E+01,NaN,  9.999332208839E+00,NaN,  1.858874886432E-06,  3.823536354357E-02,NaN,  4.532666343309E+06,  6.805105774785E-07
  6.322596079156E+02,  2.922283189900E+03,  3.040424904427E+03,  1.546671338829E+05,  1.556689409467E+05,  9.918599818371E+02,  6.113687116673E-01,NaN,NaN,  3.208148936073E-03,  1.221322004301E+16,  2.369343739357E+19,  1.127597483971E+20,  8.695943516222E+17,  1.534944514234E+20,  5.479549860959E+19,  9.694685171851E+12,  9.428975145567E+01,  4.823927340278E+00,  7.946652219951E+01,NaN,  9.999300051250E+00,NaN,  1.864633965586E-06,  3.822650280285E-02,NaN,  4.564947139139E+06,  6.930823670213E-07
  6.640197206112E+02,  2.908721149396E+03,  3.023539481261E+03,  1.479626125546E+05,  1.489641662272E+05,  9.918599818371E+02,  6.006380281469E-01,NaN,NaN,  3.259181393915E-03,  1.255275897870E+16,  2.336899259218E+19,  1.130841418846E+20,  9.011887610409E+17,  1.534246197411E+20,  5.485746796871E+19,  9.725570465611E+12,  9.462513916278E+01,  4.930734919459E+00,  7.969513589049E+01,NaN,  9.999266482256E+00,NaN,  1.870574309884E-06,  3.821767443798E-02,NaN,  4.597314456995E+06,  7.062441199514E-07
  6.982221065911E+02,  2.894776215116E+03,  3.006021343264E+03,  1.409195284011E+05,  1.419208017992E+05,  9.918599818371E+02,  5.894654621383E-01,NaN,NaN,  3.315576936150E-03,  1.295581532174E+16,  2.298282202450E+19,  1.134702106634E+20,  9.394181931446E+17,  1.533352301653E+20,  5.493383736371E+19,  9.758383590521E+12,  9.502876095191E+01,  5.062313858126E+00,  7.996721474498E+01,NaN,  9.999230471914E+00,NaN,  1.876885444917E-06,  3.820629864010E-02,NaN,  4.630616253021E+06,  7.204043813191E-07
  7.333972204938E+02,  2.880764079450E+03,  2.988682443544E+03,  1.344299484620E+05,  1.354309612719E+05,  9.918599818371E+02,  5.783609193256E-01,NaN,NaN,  3.371697559823E-03,  1.331279052881E+16,  2.263987182288E+19,  1.138131042604E+20,  9.739715949705E+17,  1.532558046654E+20,  5.500426792326E+19,  9.791676391602E+12,  9.539175517845E+01,  5.183693471511E+00,  8.020886623881E+01,NaN,  9.999193584840E+00,NaN,  1.883288838798E-06,  3.819532230013E-02,NaN,  4.663301641128E+06,  7.349523844173E-07
  7.701056030282E+02,  2.866792227646E+03,  2.971278579709E+03,  1.278866816861E+05,  1.288874239451E+05,  9.918599818371E+02,  5.671763728637E-01,NaN,NaN,  3.431496328481E-03,  1.371344506317E+16,  2.225390945519E+19,  1.141989695973E+20,  1.013551520223E+18,  1.531602677965E+20,  5.508650990234E+19,  9.826053362831E+12,  9.580534536446E+01,  5.325386509169E+00,  8.048080171927E+01,NaN,  9.999155246120E+00,NaN,  1.889900757293E-06,  3.818199463717E-02,NaN,  4.695837133484E+06,  7.501156001165E-07
  8.087776763423E+02,  2.852453731912E+03,  2.953658877466E+03,  1.217033978688E+05,  1.227038824967E+05,  9.918599818371E+02,  5.558104209291E-01,NaN,NaN,  3.492602661641E-03,  1.408153279503E+16,  2.189833929241E+19,  1.145544811616E+20,  1.050698779029E+18,  1.530715816745E+20,  5.516532262376E+19,  9.861912579063E+12,  9.619166500723E+01,  5.461202462666E+00,  8.073134562365E+01,NaN,  9.999115024115E+00,NaN,  1.896797764403E-06,  3.816871465215E-02,NaN,  4.728501619289E+06,  7.660694627221E-07
  8.492170356835E+02,  2.838045319085E+03,  2.935972978600E+03,  1.156447385190E+05,  1.167161184919E+05,  9.918599818371E+02,  5.443590555815E-01,NaN,NaN,  3.556548920662E-03,  1.445223849053E+16,  2.153929476374E+19,  1.149134676964E+20,  1.088900948086E+18,  1.529787924110E+20,  5.524798509404E+19,  9.899133248871E+12,  9.658706337940E+01,  5.603649845561E+00,  8.098433848535E+01,NaN,  9.999073144539E+00,NaN,  1.903956627627E-06,  3.815430716377E-02,NaN,  4.761014541193E+06,  7.827259825194E-07
  8.925969952295E+02,  2.823264605872E+03,  2.917785063023E+03,  1.094857610336E+05,  1.104857230743E+05,  9.918599818371E+02,  5.325490931929E-01,NaN,NaN,  3.625913692193E-03,  1.488456585960E+16,  2.111933946844E+19,  1.153333143207E+20,  1.134482693321E+18,  1.528620799793E+20,  5.534874165837E+19,  9.938888928059E+12,  9.705647357352E+01,  5.777221239892E+00,  8.128022200378E+01,NaN,  9.999028418244E+00,NaN,  1.911603063630E-06,  3.813615847721E-02,NaN,  4.794167354829E+06,  8.005642926414E-07
  9.372778715693E+02,  2.808504777356E+03,  2.899847645673E+03,  1.038192010664E+05,  1.048189114420E+05,  9.918599818371E+02,  5.208563266027E-01,NaN,NaN,  3.695270653097E-03,  1.526546664190E+16,  2.074826588999E+19,  1.157043281750E+20,  1.175627388576E+18,  1.527578902103E+20,  5.544178649587E+19,  9.979694150520E+12,  9.747822398609E+01,  5.937548483390E+00,  8.154169102181E+01,NaN,  9.998982561446E+00,NaN,  1.919451364264E-06,  3.811883626700E-02,NaN,  4.826586063938E+06,  8.189010330011E-07
  9.842203248726E+02,  2.793758540465E+03,  2.881812842767E+03,  9.810392577469E+04,  9.910337425910E+04,  9.918599818371E+02,  5.090696484491E-01,NaN,NaN,  3.769758108517E-03,  1.569354888314E+16,  2.032999889286E+19,  1.161224919005E+20,  1.222999139010E+18,  1.526319688067E+20,  5.555131016351E+19,  1.002259416472E+13,  9.796154193416E+01,  6.126216868677E+00,  8.183638853087E+01,NaN,  9.998934606909E+00,NaN,  1.927702568113E-06,  3.809785686321E-02,NaN,  4.858906478704E+06,  8.381254866317E-07
  1.033431413030E+03,  2.778789644786E+03,  2.863740374310E+03,  9.278483271681E+04,  9.381204963356E+04,  9.918599818371E+02,  4.972164407179E-01,NaN,NaN,  3.845381336100E-03,  1.608006914700E+16,  1.995124203281E+19,  1.165011895434E+20,  1.266873801726E+18,  1.525161441716E+20,  5.565515283188E+19,  1.006764963480E+13,  9.840729894838E+01,  6.305139799584E+00,  8.210327263689E+01,NaN,  9.998884575530E+00,NaN,  1.936368343057E-06,  3.807739420646E-02,NaN,  4.891021961030E+06,  8.582293646891E-07
  1.085596042612E+03,  2.763705267972E+03,  2.845448112147E+03,  8.742699518708E+04,  8.842594453208E+04,  9.918599818371E+02,  4.851887038245E-01,NaN,NaN,  3.926932920445E-03,  1.651941992436E+16,  1.951941441415E+19,  1.169329108403E+20,  1.318050798782E+18,  1.523741687725E+20,  5.577913476123E+19,  1.011570583232E+13,  9.892505935290E+01,  6.518700871077E+00,  8.240752473494E+01,NaN,  9.998831801268E+00,NaN,  1.945611264983E-06,  3.805234801035E-02,NaN,  4.923253817726E+06,  8.794845363042E-07
  1.140060343899E+03,  2.748637445368E+03,  2.827235373891E+03,  8.228689902427E+04,  8.328559582029E+04,  9.918599818371E+02,  4.731785530916E-01,NaN,NaN,  4.011711508255E-03,  1.695649508960E+16,  1.908846742220E+19,  1.173637539830E+20,  1.370436420101E+18,  1.522255869845E+20,  5.590931842013E+19,  1.016628737590E+13,  9.945287612932E+01,  6.742939232918E+00,  8.271115796092E+01,NaN,  9.998776980141E+00,NaN,  1.955339901087E-06,  3.802537758639E-02,NaN,  4.955074936910E+06,  9.016089167336E-07
  1.197265754350E+03,  2.733346583132E+03,  2.809009158275E+03,  7.755662360575E+04,  7.855508862660E+04,  9.918599818371E+02,  4.611234064303E-01,NaN,NaN,  4.097429733641E-03,  1.734972858208E+16,  1.869958744882E+19,  1.177525757245E+20,  1.418902529862E+18,  1.520886198921E+20,  5.603282058136E+19,  1.021995607988E+13,  9.993961460694E+01,  6.955715999203E+00,  8.298517694368E+01,NaN,  9.998719698392E+00,NaN,  1.965662308320E-06,  3.799920342627E-02,NaN,  4.986652682065E+06,  9.247698819692E-07
  1.257612776468E+03,  2.718088194245E+03,  2.790711051434E+03,  7.279703326520E+04,  7.379525264313E+04,  9.918599818371E+02,  4.489925375019E-01,NaN,NaN,  4.189950970708E-03,  1.779121498776E+16,  1.826165853222E+19,  1.181904008965E+20,  1.474880022248E+18,  1.519226186204E+20,  5.617902501658E+19,  1.027738810783E+13,  1.004999289808E+02,  7.207536712507E+00,  8.329373069839E+01,NaN,  9.998659593183E+00,NaN,  1.976708537066E-06,  3.796760458296E-02,NaN,  5.018089748544E+06,  9.491135407323E-07
  1.320496858516E+03,  2.702902507828E+03,  2.772584163777E+03,  6.829218116475E+04,  6.929016208995E+04,  9.918599818371E+02,  4.369474636231E-01,NaN,NaN,  4.285453327071E-03,  1.822653184109E+16,  1.782847990189E+19,  1.186234800663E+20,  1.531809246268E+18,  1.517498856079E+20,  5.633175278138E+19,  1.033820095356E+13,  1.010681277162E+02,  7.470588677089E+00,  8.359893974641E+01,NaN,  9.998597304308E+00,NaN,  1.988405017734E-06,  3.793394214274E-02,NaN,  5.048973881523E+06,  9.743764673881E-07
  1.386610813021E+03,  2.687676299891E+03,  2.754482415813E+03,  6.398703423585E+04,  6.498478482625E+04,  9.918599818371E+02,  4.248870864696E-01,NaN,NaN,  4.385039722822E-03,  1.866152236106E+16,  1.739426046950E+19,  1.190576010303E+20,  1.590521274297E+18,  1.515673446333E+20,  5.649358284451E+19,  1.040332229522E+13,  1.016527273710E+02,  7.749310196104E+00,  8.390488299049E+01,NaN,  9.998532183444E+00,NaN,  2.000930175941E-06,  3.789763587423E-02,NaN,  5.079561347619E+06,  1.000817367946E-06
  1.457017297901E+03,  2.672245055725E+03,  2.736199609515E+03,  5.981849617810E+04,  6.081601775367E+04,  9.918599818371E+02,  4.126813965404E-01,NaN,NaN,  4.490402518947E-03,  1.910404091678E+16,  1.695112006902E+19,  1.195006398005E+20,  1.652241033767E+18,  1.513703064112E+20,  5.666848705037E+19,  1.047412647081E+13,  1.022661128490E+02,  8.050536610779E+00,  8.421711098645E+01,NaN,  9.998463237241E+00,NaN,  2.014548345935E-06,  3.785775646132E-02,NaN,  5.110200456461E+06,  1.028833996947E-06
  1.530057931991E+03,  2.657003348407E+03,  2.718230500589E+03,  5.592265902808E+04,  5.691995694583E+04,  9.918599818371E+02,  4.006579063592E-01,NaN,NaN,  4.598387194641E-03,  1.953469929685E+16,  1.651848824780E+19,  1.199331768252E+20,  1.714363156250E+18,  1.511672550070E+20,  5.684956482065E+19,  1.054926330061E+13,  1.028827249848E+02,  8.362392855659E+00,  8.452193796201E+01,NaN,  9.998392138123E+00,NaN,  2.028999839967E-06,  3.781586186278E-02,NaN,  5.140067880041E+06,  1.057739410252E-06
  1.606999707751E+03,  2.641743680559E+03,  2.700312539744E+03,  5.221564243402E+04,  5.321272501356E+04,  9.918599818371E+02,  3.886440084012E-01,NaN,NaN,  4.711025223719E-03,  1.996374309908E+16,  1.608613190820E+19,  1.203654396724E+20,  1.778404835020E+18,  1.509525268247E+20,  5.704158005460E+19,  1.063036212674E+13,  1.035179687761E+02,  8.693077319239E+00,  8.482657171326E+01,NaN,  9.998317698973E+00,NaN,  2.044598038681E-06,  3.777086204286E-02,NaN,  5.169610430351E+06,  1.088005444073E-06
  1.687456041895E+03,  2.626587559457E+03,  2.682595403982E+03,  4.872885484813E+04,  4.972572900710E+04,  9.918599818371E+02,  3.767423161641E-01,NaN,NaN,  4.827385083006E-03,  2.038516683396E+16,  1.566014231498E+19,  1.207913400902E+20,  1.843544774737E+18,  1.507286531674E+20,  5.724252280727E+19,  1.071737812216E+13,  1.041640956575E+02,  9.039131654383E+00,  8.512672159379E+01,NaN,  9.998240348011E+00,NaN,  2.061334320234E-06,  3.772323315870E-02,NaN,  5.198589185101E+06,  1.119444859369E-06
  1.772619785568E+03,  2.611379067422E+03,  2.664883516277E+03,  4.540432228429E+04,  4.640099195680E+04,  9.918599818371E+02,  3.648221593713E-01,NaN,NaN,  4.949279581488E-03,  2.080672463600E+16,  1.523271343983E+19,  1.212186798204E+20,  1.911077337778E+18,  1.504903523584E+20,  5.745690231267E+19,  1.081201068801E+13,  1.048343625245E+02,  9.408315624898E+00,  8.542788581809E+01,NaN,  9.998159001968E+00,NaN,  2.079535540120E-06,  3.767191629965E-02,NaN,  5.227330835779E+06,  1.152481260160E-06
  1.861363206361E+03,  2.596504703451E+03,  2.647470966323E+03,  4.214314189163E+04,  4.313960347858E+04,  9.918599818371E+02,  3.530883108941E-01,NaN,NaN,  5.079315268262E-03,  2.126390946208E+16,  1.476767521609E+19,  1.216835877077E+20,  1.987173393128E+18,  1.502096571560E+20,  5.770583633913E+19,  1.091349776461E+13,  1.055905172429E+02,  9.836914444899E+00,  8.575552589775E+01,NaN,  9.998074801217E+00,NaN,  2.099055127064E-06,  3.761182203710E-02,NaN,  5.255366624779E+06,  1.186632707107E-06
  1.955294831408E+03,  2.581463264325E+03,  2.630100215952E+03,  3.920405570878E+04,  4.020032542513E+04,  9.918599818371E+02,  3.413591276560E-01,NaN,NaN,  5.210562864977E-03,  2.167268746343E+16,  1.435056600621E+19,  1.221006140372E+20,  2.057954069911E+18,  1.499457642286E+20,  5.794470525262E+19,  1.102398326555E+13,  1.062956629996E+02,  1.024825275575E+01,  8.604942183616E+01,NaN,  9.997986287397E+00,NaN,  2.120305432165E-06,  3.755370646436E-02,NaN,  5.283120179152E+06,  1.222470202864E-06
  2.054236222902E+03,  2.566638935071E+03,  2.612882371589E+03,  3.628677483227E+04,  3.728284701581E+04,  9.918599818371E+02,  3.297198184559E-01,NaN,NaN,  5.352430307568E-03,  2.212301412354E+16,  1.388962557447E+19,  1.225614267694E+20,  2.139123966814E+18,  1.496291484705E+20,  5.822711366270E+19,  1.114392082974E+13,  1.071065310052E+02,  1.073445925616E+01,  8.637417588833E+01,NaN,  9.997893717364E+00,NaN,  2.143373706376E-06,  3.748461717646E-02,NaN,  5.310420007549E+06,  1.259856784774E-06
  2.157856437536E+03,  2.551835971279E+03,  2.595929469707E+03,  3.371282777571E+04,  3.470872135806E+04,  9.918599818371E+02,  3.182390373818E-01,NaN,NaN,  5.493241167143E-03,  2.251588447866E+16,  1.348626234783E+19,  1.229647141472E+20,  2.212926745296E+18,  1.493382218221E+20,  5.849213613173E+19,  1.127322697688E+13,  1.078470061429E+02,  1.119081708522E+01,  8.665838941141E+01,NaN,  9.997797477989E+00,NaN,  2.168243893456E-06,  3.741945863439E-02,NaN,  5.337098347223E+06,  1.298609485506E-06
  2.267047935375E+03,  2.537272862491E+03,  2.579153968412E+03,  3.115688490540E+04,  3.215259693202E+04,  9.918599818371E+02,  3.068681062378E-01,NaN,NaN,  5.645642861954E-03,  2.294939171722E+16,  1.303983221694E+19,  1.234110235757E+20,  2.297806562104E+18,  1.489881943979E+20,  5.880641177765E+19,  1.141371975213E+13,  1.087024878327E+02,  1.173186642928E+01,  8.697292237743E+01,NaN,  9.997696830676E+00,NaN,  2.195265668378E-06,  3.734197809967E-02,NaN,  5.363302985123E+06,  1.338987001648E-06
  2.383386163242E+03,  2.522676572502E+03,  2.562398536925E+03,  2.873305629750E+04,  2.972858826048E+04,  9.918599818371E+02,  2.954956249409E-01,NaN,NaN,  5.806282800062E-03,  2.338250678881E+16,  1.259240029006E+19,  1.238583336242E+20,  2.386553262535E+18,  1.486106627328E+20,  5.914610373967E+19,  1.156796476537E+13,  1.096024036509E+02,  1.231665046220E+01,  8.728816052231E+01,NaN,  9.997590441420E+00,NaN,  2.224932489488E-06,  3.725807119673E-02,NaN,  5.389285233694E+06,  1.381475817868E-06
  2.503511733158E+03,  2.508491216043E+03,  2.546195135795E+03,  2.652912946372E+04,  2.752449441166E+04,  9.918599818371E+02,  2.844859671158E-01,NaN,NaN,  5.969154139645E-03,  2.379392116278E+16,  1.216607890431E+19,  1.242845431333E+20,  2.474828657225E+18,  1.482241915907E+20,  5.949539556419E+19,  1.173200676848E+13,  1.105039688687E+02,  1.291795689999E+01,  8.758852823241E+01,NaN,  9.997481479806E+00,NaN,  2.256483621409E-06,  3.717174722570E-02,NaN,  5.414231829342E+06,  1.424763886327E-06
  2.629052301255E+03,  2.494553723200E+03,  2.530341570895E+03,  2.449402311854E+04,  2.548922673966E+04,  9.918599818371E+02,  2.737012699447E-01,NaN,NaN,  6.136556644385E-03,  2.419184814635E+16,  1.175251763460E+19,  1.246979978402E+20,  2.564221409754E+18,  1.478212964506E+20,  5.986079284262E+19,  1.190845431941E+13,  1.114242573856E+02,  1.354697944399E+01,  8.787990709864E+01,NaN,  9.997368552578E+00,NaN,  2.290420782932E-06,  3.708151918936E-02,NaN,  5.438470677941E+06,  1.469358729854E-06
  2.761391285431E+03,  2.480763342768E+03,  2.514713268812E+03,  2.259651487696E+04,  2.359156517479E+04,  9.918599818371E+02,  2.630574554378E-01,NaN,NaN,  6.310251388834E-03,  2.458133963801E+16,  1.134656398885E+19,  1.251038472149E+20,  2.655880969951E+18,  1.473958249927E+20,  6.024773845499E+19,  1.209976995266E+13,  1.123762619425E+02,  1.421308291347E+01,  8.816592616839E+01,NaN,  9.997250533384E+00,NaN,  2.327217607336E-06,  3.698617417835E-02,NaN,  5.462203052565E+06,  1.515642695478E-06
  2.900240183052E+03,  2.467313171633E+03,  2.499394528667E+03,  2.073807441834E+04,  2.173297424993E+04,  9.918599818371E+02,  2.527427409382E-01,NaN,NaN,  6.497310059988E-03,  2.500068979583E+16,  1.090819206859E+19,  1.255420770577E+20,  2.759548223859E+18,  1.468936750136E+20,  6.070033595711E+19,  1.230629671590E+13,  1.134639605267E+02,  1.499206523763E+01,  8.847476511158E+01,NaN,  9.997127810595E+00,NaN,  2.366940074926E-06,  3.687508384905E-02,NaN,  5.485310754286E+06,  1.563405093740E-06
  3.047209594183E+03,  2.453815209689E+03,  2.484252149009E+03,  1.913235600851E+04,  2.012712385297E+04,  9.918599818371E+02,  2.427623775419E-01,NaN,NaN,  6.681620657964E-03,  2.535840980059E+16,  1.053316322800E+19,  1.259170196572E+20,  2.852484017502E+18,  1.464363638008E+20,  6.112028540690E+19,  1.253088233408E+13,  1.144509929256E+02,  1.571498855077E+01,  8.873900288112E+01,NaN,  9.996999083536E+00,NaN,  2.410135904849E-06,  3.677246660281E-02,NaN,  5.508003499548E+06,  1.613111694231E-06
  3.202277483214E+03,  2.440584679291E+03,  2.469342347904E+03,  1.755305667673E+04,  1.854768727237E+04,  9.918599818371E+02,  2.331501435464E-01,NaN,NaN,  6.880978646572E-03,  2.574497991197E+16,  1.012673803110E+19,  1.263233226763E+20,  2.957902874505E+18,  1.458953855508E+20,  6.161270014143E+19,  1.277478625913E+13,  1.155847197063E+02,  1.656251107067E+01,  8.902534165312E+01,NaN,  9.996864525468E+00,NaN,  2.457047334660E-06,  3.665289742705E-02,NaN,  5.530204428617E+06,  1.664647643045E-06
  3.363872446147E+03,  2.427514146495E+03,  2.454838497200E+03,  1.622667157658E+04,  1.722118370897E+04,  9.918599818371E+02,  2.240075810996E-01,NaN,NaN,  7.072446892066E-03,  2.606219219552E+16,  9.792318718044E+18,  1.266576788138E+20,  3.048675847157E+18,  1.454235101607E+20,  6.205123504048E+19,  1.303603100120E+13,  1.165751730664E+02,  1.731746850891E+01,  8.926097644122E+01,NaN,  9.996725608976E+00,NaN,  2.507294022486E-06,  3.654710761443E-02,NaN,  5.551665778714E+06,  1.717421718607E-06
  3.532599858300E+03,  2.414825872420E+03,  2.440695567337E+03,  1.492993808335E+04,  1.592433101394E+04,  9.918599818371E+02,  2.153050753691E-01,NaN,NaN,  7.277506312630E-03,  2.640332329084E+16,  9.431730086628E+18,  1.270181706393E+20,  3.150827738249E+18,  1.448700935421E+20,  6.256061973761E+19,  1.331693682936E+13,  1.177058536955E+02,  1.819423906145E+01,  8.951503014448E+01,NaN,  9.996581928267E+00,NaN,  2.561322238878E-06,  3.642521460795E-02,NaN,  5.572465943318E+06,  1.771565012235E-06
  3.711065942957E+03,  2.402239217511E+03,  2.426728083689E+03,  1.373312672994E+04,  1.472740424756E+04,  9.918599818371E+02,  2.068795249448E-01,NaN,NaN,  7.489426113223E-03,  2.673121309441E+16,  9.084190396256E+18,  1.273656200375E+20,  3.253857709364E+18,  1.442951796529E+20,  6.309205803488E+19,  1.362273991769E+13,  1.188653008786E+02,  1.910897454607E+01,  8.975989230233E+01,NaN,  9.996431410016E+00,NaN,  2.620139086994E-06,  3.629920542301E-02,NaN,  5.592885984721E+06,  1.827815327194E-06
  3.900005382699E+03,  2.389747277608E+03,  2.412928255228E+03,  1.263072371437E+04,  1.362489110603E+04,  9.918599818371E+02,  1.987501052994E-01,NaN,NaN,  7.708196949295E-03,  2.704524534585E+16,  8.750443357675E+18,  1.276992837560E+20,  3.357348982133E+18,  1.437005819863E+20,  6.364420620233E+19,  1.395615136263E+13,  1.200506847826E+02,  2.005936936571E+01,  8.999503911373E+01,NaN,  9.996273618856E+00,NaN,  2.684266007438E-06,  3.616960447068E-02,NaN,  5.612942817087E+06,  1.886288732411E-06
  4.095016663568E+03,  2.377648293202E+03,  2.399632960493E+03,  1.164846755754E+04,  1.264253458037E+04,  9.918599818371E+02,  1.911002404841E-01,NaN,NaN,  7.926845498531E-03,  2.733402287051E+16,  8.442744568920E+18,  1.280069118172E+20,  3.457020049202E+18,  1.431123119262E+20,  6.419378631014E+19,  1.431057648919E+13,  1.212133339146E+02,  2.100538128159E+01,  9.021183750593E+01,NaN,  9.996112374661E+00,NaN,  2.752434608845E-06,  3.604198465291E-02,NaN,  5.632156283292E+06,  1.945535200849E-06
  4.299774090783E+03,  2.365851130407E+03,  2.386595452010E+03,  1.067008070622E+04,  1.166404222708E+04,  9.918599818371E+02,  1.837500367277E-01,NaN,NaN,  8.165463142520E-03,  2.765172210254E+16,  8.103324171521E+18,  1.283462238699E+20,  3.571968551011E+18,  1.424037428942E+20,  6.484937152578E+19,  1.469435688480E+13,  1.225805550802E+02,  2.213364255482E+01,  9.045096493530E+01,NaN,  9.995944763820E+00,NaN,  2.826249276190E-06,  3.589164985782E-02,NaN,  5.650893196550E+06,  2.006594974456E-06
  4.517435051287E+03,  2.353977348223E+03,  2.373651994172E+03,  9.839794253054E+03,  1.083366343174E+04,  9.918599818371E+02,  1.766232446324E-01,NaN,NaN,  8.397890327879E-03,  2.791527708342E+16,  7.821006689461E+18,  1.286284808335E+20,  3.671982686785E+18,  1.417766253459E+20,  6.544018910060E+19,  1.511473896126E+13,  1.237963197457E+02,  2.315066521185E+01,  9.064988325132E+01,NaN,  9.995768375456E+00,NaN,  2.907103753092E-06,  3.575788066129E-02,NaN,  5.669393894081E+06,  2.070310748477E-06
  4.744499344607E+03,  2.342370004621E+03,  2.361052340313E+03,  9.089303438120E+03,  1.008308720440E+04,  9.918599818371E+02,  1.698368088712E-01,NaN,NaN,  8.632763823758E-03,  2.816121053388E+16,  7.556951349368E+18,  1.288924827668E+20,  3.769392938959E+18,  1.411498212395E+20,  6.603382888981E+19,  1.556703950081E+13,  1.250041151062E+02,  2.417258933778E+01,  9.083593648208E+01,NaN,  9.995586292218E+00,NaN,  2.994097289627E-06,  3.562516152608E-02,NaN,  5.687307245505E+06,  2.135496014059E-06
  4.992724658474E+03,  2.330624173674E+03,  2.348212658188E+03,  8.297248040541E+03,  9.290936632573E+03,  9.918599818371E+02,  1.630778757116E-01,NaN,NaN,  8.903148923206E-03,  2.845188147548E+16,  7.244066798502E+18,  1.292052671341E+20,  3.889841963362E+18,  1.403382557243E+20,  6.679276404585E+19,  1.607834450424E+13,  1.265305026964E+02,  2.547874149022E+01,  9.105636873937E+01,NaN,  9.995389374367E+00,NaN,  3.092439490459E-06,  3.545803433335E-02,NaN,  5.705465269101E+06,  2.205349113466E-06
  5.244056827419E+03,  2.319371387619E+03,  2.336091914379E+03,  7.676241933484E+03,  8.669853401646E+03,  9.918599818371E+02,  1.568505176186E-01,NaN,NaN,  9.148514729427E-03,  2.866988894937E+16,  7.008818779207E+18,  1.294404711754E+20,  3.984420692604E+18,  1.396929792363E+20,  6.740973991879E+19,  1.661294158401E+13,  1.277582312568E+02,  2.654090902974E+01,  9.122212688828E+01,NaN,  9.995192143506E+00,NaN,  3.195261588874E-06,  3.532416190573E-02,NaN,  5.722517799873E+06,  2.274677046285E-06
  5.508181026661E+03,  2.308407120343E+03,  2.324206275901E+03,  7.044556761994E+03,  8.038087387762E+03,  9.918599818371E+02,  1.508659330653E-01,NaN,NaN,  9.419535619582E-03,  2.891792495153E+16,  6.740547166493E+18,  1.297086593818E+20,  4.096563796154E+18,  1.388933809850E+20,  6.816442329970E+19,  1.719429917194E+13,  1.292459467499E+02,  2.783982595306E+01,  9.141113036129E+01,NaN,  9.994987128487E+00,NaN,  3.307077401908E-06,  3.516295979622E-02,NaN,  5.739156488594E+06,  2.346066770996E-06
  5.789094712976E+03,  2.297497290023E+03,  2.312418459265E+03,  6.459946113646E+03,  7.453398092957E+03,  9.918599818371E+02,  1.450771334170E-01,NaN,NaN,  9.701150708262E-03,  2.915654364732E+16,  6.481825744957E+18,  1.299672989899E+20,  4.209461152696E+18,  1.380629532536E+20,  6.895091043230E+19,  1.783403498731E+13,  1.307816787208E+02,  2.919349925169E+01,  9.159340453670E+01,NaN,  9.994771502311E+00,NaN,  3.430121431621E-06,  3.499785228233E-02,NaN,  5.755577587915E+06,  2.420419402518E-06
  6.079845825217E+03,  2.286822771238E+03,  2.301037688283E+03,  5.993940389248E+03,  6.987328283501E+03,  9.918599818371E+02,  1.395981889121E-01,NaN,NaN,  9.960501391477E-03,  2.933626300296E+16,  6.286540889250E+18,  1.301625488579E+20,  4.298083408317E+18,  1.374054926783E+20,  6.958855125237E+19,  1.851900021242E+13,  1.320169531600E+02,  3.029139347176E+01,  9.173100530457E+01,NaN,  9.994550821815E+00,NaN,  3.561864691081E-06,  3.486606582641E-02,NaN,  5.771355996598E+06,  2.495777964765E-06
  6.385890718843E+03,  2.276408308240E+03,  2.289859818665E+03,  5.512041764617E+03,  6.505359799697E+03,  9.918599818371E+02,  1.343486491115E-01,NaN,NaN,  1.024962186410E-02,  2.954616160280E+16,  6.057982599819E+18,  1.303910324361E+20,  4.405447015898E+18,  1.365726332422E+20,  7.038383525093E+19,  1.926714015826E+13,  1.335466638960E+02,  3.166031180389E+01,  9.189202726145E+01,NaN,  9.994321124857E+00,NaN,  3.705758704069E-06,  3.470441561982E-02,NaN,  5.786781263536E+06,  2.573431411959E-06
  6.707587663298E+03,  2.266169107440E+03,  2.278903081607E+03,  5.071619513100E+03,  6.064871833864E+03,  9.918599818371E+02,  1.293162653398E-01,NaN,NaN,  1.054548578877E-02,  2.974462970858E+16,  5.841390455495E+18,  1.306075512705E+20,  4.511207095419E+18,  1.357282006537E+20,  7.119313849042E+19,  2.008276224707E+13,  1.350921088523E+02,  3.305340537166E+01,  9.204461716167E+01,NaN,  9.994082456370E+00,NaN,  3.862631941612E-06,  3.454287984404E-02,NaN,  5.801832753509E+06,  2.653271864594E-06
  7.045016018428E+03,  2.256125387420E+03,  2.268186946436E+03,  4.670171042991E+03,  5.663360352455E+03,  9.918599818371E+02,  1.245019606112E-01,NaN,NaN,  1.084725749834E-02,  2.993148471816E+16,  5.637032701101E+18,  1.308118368884E+20,  4.614794310506E+18,  1.348775015877E+20,  7.201153374381E+19,  2.097094777146E+13,  1.366446288112E+02,  3.446220396844E+01,  9.218858580136E+01,NaN,  9.993835007988E+00,NaN,  4.033461717636E-06,  3.438251154990E-02,NaN,  5.816488454458E+06,  2.735151019012E-06
  7.397960259393E+03,  2.246397277914E+03,  2.257735761770E+03,  4.257665647600E+03,  5.250787946522E+03,  9.918599818371E+02,  1.199209650032E-01,NaN,NaN,  1.118491589884E-02,  3.014623804119E+16,  5.401619110527E+18,  1.310471395985E+20,  4.738793275014E+18,  1.338120054273E+20,  7.302472626321E+19,  2.193756853684E+13,  1.385538748785E+02,  3.620587796194E+01,  9.235441348635E+01,NaN,  9.993579210826E+00,NaN,  4.219377389885E-06,  3.418811168575E-02,NaN,  5.830720038119E+06,  2.818844830022E-06
  7.782818580683E+03,  2.236402669745E+03,  2.247121499387E+03,  3.909505623251E+03,  4.902568347951E+03,  9.918599818371E+02,  1.153645491571E-01,NaN,NaN,  1.151528833445E-02,  3.032101202896E+16,  5.209588556895E+18,  1.312390920540E+20,  4.844121377796E+18,  1.328895530654E+20,  7.391692264564E+19,  2.303387634499E+13,  1.402247697685E+02,  3.774177131573E+01,  9.248969042946E+01,NaN,  9.993303593060E+00,NaN,  4.430236509039E-06,  3.402050463550E-02,NaN,  5.845111666941E+06,  2.907969412937E-06
  8.175858420150E+03,  2.226871964465E+03,  2.237034693034E+03,  3.605109809566E+03,  4.598118753719E+03,  9.918599818371E+02,  1.111340898949E-01,NaN,NaN,  1.183971147704E-02,  3.047702328323E+16,  5.037830228294E+18,  1.314107771846E+20,  4.941634586785E+18,  1.320134773511E+20,  7.476902126390E+19,  2.420046570449E+13,  1.418124841395E+02,  3.920876980133E+01,  9.261068413899E+01,NaN,  9.993025544547E+00,NaN,  4.654613278894E-06,  3.386351908558E-02,NaN,  5.858730577879E+06,  2.996758175673E-06
  8.590902200189E+03,  2.217483618674E+03,  2.227121266581E+03,  3.325451450301E+03,  4.318408355889E+03,  9.918599818371E+02,  1.070667159162E-01,NaN,NaN,  1.217221836336E-02,  3.062454390277E+16,  4.875118173307E+18,  1.315734136356E+20,  5.037049770163E+18,  1.311340029842E+20,  7.562751668443E+19,  2.548449949316E+13,  1.434049110999E+02,  4.068686984341E+01,  9.272530086456E+01,NaN,  9.992735490370E+00,NaN,  4.901578804114E-06,  3.370833941972E-02,NaN,  5.872061087429E+06,  3.088149206449E-06
  9.036507636213E+03,  2.208185868858E+03,  2.217225679053E+03,  3.022432477693E+03,  4.015330902283E+03,  9.918599818371E+02,  1.031052727987E-01,NaN,NaN,  1.256180348191E-02,  3.080664502480E+16,  4.673841704362E+18,  1.317745695467E+20,  5.159079659567E+18,  1.299549464513E+20,  7.676103810232E+19,  2.692627990428E+13,  1.454973144136E+02,  4.263781744577E+01,  9.286706386871E+01,NaN,  9.992427920210E+00,NaN,  5.178884634869E-06,  3.350801428047E-02,NaN,  5.885314241197E+06,  3.183708609225E-06
  9.505505874102E+03,  2.198983217259E+03,  2.207548911391E+03,  2.784690239548E+03,  3.777540155384E+03,  9.918599818371E+02,  9.931805324918E-02,NaN,NaN,  1.291918032569E-02,  3.094019464812E+16,  4.525921715323E+18,  1.319224053628E+20,  5.252061931552E+18,  1.290446968482E+20,  7.765526551477E+19,  2.851221870777E+13,  1.471409595987E+02,  4.417759598488E+01,  9.297124996637E+01,NaN,  9.992108163566E+00,NaN,  5.483917269546E-06,  3.335338975196E-02,NaN,  5.898223072632E+06,  3.281598600415E-06
  1.000471860559E+04,  2.189976520636E+03,  2.198003644694E+03,  2.528014636405E+03,  3.520810157053E+03,  9.918599818371E+02,  9.566450952153E-02,NaN,NaN,  1.333612573113E-02,  3.110539206762E+16,  4.342592860167E+18,  1.321056059430E+20,  5.370999534617E+18,  1.278247624723E+20,  7.883439070124E+19,  3.028085024730E+13,  1.492993139076E+02,  4.620717674208E+01,  9.310035909605E+01,NaN,  9.991772245360E+00,NaN,  5.824088237736E-06,  3.315416489475E-02,NaN,  5.910907117311E+06,  3.382727654404E-06
  1.051265218013E+04,  2.181350293256E+03,  2.188979470618E+03,  2.339471176196E+03,  3.332224399681E+03,  9.918599818371E+02,  9.229731331498E-02,NaN,NaN,  1.369649057679E-02,  3.121533539068E+16,  4.220342578448E+18,  1.322277696594E+20,  5.452968338955E+18,  1.269779356240E+20,  7.967509285871E+19,  3.216598082178E+13,  1.508330141822E+02,  4.765512039139E+01,  9.318645298873E+01,NaN,  9.991434615386E+00,NaN,  6.186666128242E-06,  3.301510024013E-02,NaN,  5.922853889802E+06,  3.482760702875E-06
  1.104685486363E+04,  2.173003953111E+03,  2.180174455948E+03,  2.133216675722E+03,  3.125921956829E+03,  9.918599818371E+02,  8.907114309523E-02,NaN,NaN,  1.411769946234E-02,  3.135542274202E+16,  4.064307807049E+18,  1.323836748979E+20,  5.560373522056E+18,  1.258148454547E+20,  8.080675831602E+19,  3.424527529132E+13,  1.528906796234E+02,  4.960326312914E+01,  9.329632594668E+01,NaN,  9.991083961033E+00,NaN,  6.586588665554E-06,  3.283194030736E-02,NaN,  5.934468760263E+06,  3.584754545851E-06
  1.159932276731E+04,  2.164975287314E+03,  2.171725038684E+03,  1.949621477067E+03,  2.942281909318E+03,  9.918599818371E+02,  8.605759500834E-02,NaN,NaN,  1.454074859581E-02,  3.148308787403E+16,  3.921838412448E+18,  1.325260141952E+20,  5.661556078913E+18,  1.246872752784E+20,  8.190792317277E+19,  3.649859933587E+13,  1.548864224195E+02,  5.149905118808E+01,  9.339663841717E+01,NaN,  9.990725794273E+00,NaN,  7.019983301322E-06,  3.265789365770E-02,NaN,  5.945575973377E+06,  3.686940150695E-06
  1.218489373866E+04,  2.156979358518E+03,  2.163410461785E+03,  1.810862999170E+03,  2.803487578135E+03,  9.918599818371E+02,  8.313965431033E-02,NaN,NaN,  1.491589023146E-02,  3.156782453632E+16,  3.827123908644E+18,  1.326206284269E+20,  5.730764731616E+18,  1.239174367316E+20,  8.268391557444E+19,  3.900139525333E+13,  1.562897875628E+02,  5.283611236303E+01,  9.346331703300E+01,NaN,  9.990350665456E+00,NaN,  7.501360281997E-06,  3.253754017108E-02,NaN,  5.956469233590E+06,  3.791848998261E-06
  1.279587732275E+04,  2.149311393911E+03,  2.155367056867E+03,  1.656033299820E+03,  2.648616527911E+03,  9.918599818371E+02,  8.038718691472E-02,NaN,NaN,  1.535825663466E-02,  3.168080846377E+16,  3.700646631221E+18,  1.327469638373E+20,  5.824975495820E+18,  1.228163479150E+20,  8.376542026551E+19,  4.174697093030E+13,  1.582406874268E+02,  5.469836445613E+01,  9.355235089334E+01,NaN,  9.989964047914E+00,NaN,  8.029432475330E-06,  3.237316138964E-02,NaN,  5.966972751093E+06,  3.897673634037E-06
  1.343631307903E+04,  2.141851551923E+03,  2.147556610697E+03,  1.515691367345E+03,  2.508234933468E+03,  9.918599818371E+02,  7.778420622298E-02,NaN,NaN,  1.580879021005E-02,  3.178531117665E+16,  3.583468047421E+18,  1.328639952914E+20,  5.914558122110E+18,  1.217418561268E+20,  8.482444403534E+19,  4.476808097497E+13,  1.601465017964E+02,  5.652210170226E+01,  9.363482786563E+01,NaN,  9.989563618000E+00,NaN,  8.610499761497E-06,  3.221572052761E-02,NaN,  5.977139775189E+06,  4.004737426328E-06
  1.412978508819E+04,  2.134378371148E+03,  2.139737644427E+03,  1.381733094046E+03,  2.374237229580E+03,  9.918599818371E+02,  7.521206014140E-02,NaN,NaN,  1.629037320755E-02,  3.188843894378E+16,  3.467641189713E+18,  1.329796602656E+20,  6.005305689403E+18,  1.206225886549E+20,  8.592880018535E+19,  4.820633857015E+13,  1.621294883560E+02,  5.842400201323E+01,  9.371634182231E+01,NaN,  9.989135248606E+00,NaN,  9.271799409786E-06,  3.205514495017E-02,NaN,  5.987286179609E+06,  4.116394791922E-06
  1.484181509802E+04,  2.127280664143E+03,  2.132328378115E+03,  1.264501875523E+03,  2.256969761597E+03,  9.918599818371E+02,  7.283780585589E-02,NaN,NaN,  1.676581038763E-02,  3.197955558123E+16,  3.365145300890E+18,  1.330819925898E+20,  6.087552473919E+18,  1.195842183848E+20,  8.695832209584E+19,  5.191491046447E+13,  1.639745091881E+02,  6.019733879103E+01,  9.378845970146E+01,NaN,  9.988700710533E+00,NaN,  9.985090145420E-06,  3.190864225262E-02,NaN,  5.996871787099E+06,  4.226553817215E-06
  1.558438379668E+04,  2.120436612501E+03,  2.125196526649E+03,  1.159305189052E+03,  2.151738711446E+03,  9.918599818371E+02,  7.060446217813E-02,NaN,NaN,  1.724450094049E-02,  3.206224311642E+16,  3.271998975420E+18,  1.331749691109E+20,  6.163923785700E+18,  1.185987233106E+20,  8.793950792513E+19,  5.597435272792E+13,  1.657299668443E+02,  6.188771911933E+01,  9.385398415399E+01,NaN,  9.988252805102E+00,NaN,  1.076586577574E-05,  3.177179778749E-02,NaN,  6.006071826700E+06,  4.336796318576E-06
  1.640638272881E+04,  2.113534784371E+03,  2.117921018737E+03,  1.030393475074E+03,  2.022783073086E+03,  9.918599818371E+02,  6.836866973598E-02,NaN,NaN,  1.787878590091E-02,  3.218276642991E+16,  3.135991633053E+18,  1.333107475383E+20,  6.277652564642E+18,  1.170541289422E+20,  8.944526733538E+19,  6.071222244769E+13,  1.684175151620E+02,  6.448006780092E+01,  9.394967290435E+01,NaN,  9.987762779569E+00,NaN,  1.167712721924E-05,  3.156708751061E-02,NaN,  6.015430344664E+06,  4.453730351030E-06
  1.723328102910E+04,  2.107060667459E+03,  2.111193323496E+03,  9.438721350071E+02,  1.936230544421E+03,  9.918599818371E+02,  6.634612320867E-02,NaN,NaN,  1.838930795116E-02,  3.225302119729E+16,  3.056574429338E+18,  1.333899741399E+20,  6.345866614838E+18,  1.161221595063E+20,  9.037952582877E+19,  6.571105533129E+13,  1.700829419085E+02,  6.609014671544E+01,  9.400550721210E+01,NaN,  9.987275342374E+00,NaN,  1.263858119302E-05,  3.144296691886E-02,NaN,  6.024060189113E+06,  4.566079116207E-06
  1.809767785451E+04,  2.100835032667E+03,  2.104734920311E+03,  8.666428174083E+02,  1.858971928449E+03,  9.918599818371E+02,  6.444849162141E-02,NaN,NaN,  1.889997560022E-02,  3.231563877652E+16,  2.985710071723E+18,  1.334606392020E+20,  6.407808296763E+18,  1.152619091565E+20,  9.124665682243E+19,  7.118062179438E+13,  1.716270918470E+02,  6.758499875696E+01,  9.405530784406E+01,NaN,  9.986771555398E+00,NaN,  1.369057403480E-05,  3.132974375685E-02,NaN,  6.032322978737E+06,  4.677931312134E-06
  1.904511383448E+04,  2.094666586837E+03,  2.098253544603E+03,  7.688619043866E+02,  1.761152452143E+03,  9.918599818371E+02,  6.257180904808E-02,NaN,NaN,  1.959418529195E-02,  3.241358451622E+16,  2.874708716546E+18,  1.335713815781E+20,  6.506199213144E+18,  1.138222543568E+20,  9.265807219128E+19,  7.746764986547E+13,  1.741352901693E+02,  7.001569705882E+01,  9.413335263941E+01,NaN,  9.986225571254E+00,NaN,  1.489979391932E-05,  3.114966247082E-02,NaN,  6.040593945469E+06,  4.794307770211E-06
  2.003776752416E+04,  2.088662887715E+03,  2.092036613982E+03,  7.029232216849E+02,  1.695186341528E+03,  9.918599818371E+02,  6.080997363454E-02,NaN,NaN,  2.015817643437E-02,  3.246844547280E+16,  2.812435192710E+18,  1.336334207672E+20,  6.562646720595E+18,  1.129975505313E+20,  9.349453857951E+19,  8.436443573599E+13,  1.756211524855E+02,  7.145840256731E+01,  9.417707425697E+01,NaN,  9.985659434964E+00,NaN,  1.622629199116E-05,  3.104505839054E-02,NaN,  6.048507557941E+06,  4.910001034443E-06
  2.106954541272E+04,  2.083065160252E+03,  2.086168948559E+03,  6.241993972032E+02,  1.616428304051E+03,  9.918599818371E+02,  5.919157624368E-02,NaN,NaN,  2.088420935209E-02,  3.255003106383E+16,  2.719725413630E+18,  1.337258514833E+20,  6.647734888533E+18,  1.116919727030E+20,  9.478029335264E+19,  9.182652091392E+13,  1.779007552078E+02,  7.367344579822E+01,  9.424221405781E+01,NaN,  9.985077690288E+00,NaN,  1.766151729556E-05,  3.088766314481E-02,NaN,  6.055958783864E+06,  5.023012072514E-06
  2.216598704731E+04,  2.077536808750E+03,  2.080461652044E+03,  5.723989825957E+02,  1.564604089769E+03,  9.918599818371E+02,  5.763348457938E-02,NaN,NaN,  2.146115246398E-02,  3.259200560764E+16,  2.671953081484E+18,  1.337733621683E+20,  6.692419170951E+18,  1.110143298520E+20,  9.547735382552E+19,  1.001080030469E+14,  1.791371500490E+02,  7.487696903478E+01,  9.427569682947E+01,NaN,  9.984464930390E+00,NaN,  1.925434187902E-05,  3.080373030046E-02,NaN,  6.063189833332E+06,  5.136647189434E-06
  2.328023741098E+04,  2.072519107112E+03,  2.075211927208E+03,  5.091306962470E+02,  1.501305811338E+03,  9.918599818371E+02,  5.622829206107E-02,NaN,NaN,  2.221402968784E-02,  3.265933033186E+16,  2.595267313405E+18,  1.338497474159E+20,  6.764672771042E+18,  1.098582992636E+20,  9.662068884832E+19,  1.088135449526E+14,  1.811609398197E+02,  7.684754145828E+01,  9.432952871588E+01,NaN,  9.983848716863E+00,NaN,  2.092872829162E-05,  3.066864339789E-02,NaN,  6.069826804020E+06,  5.244539955747E-06
  2.445078695626E+04,  2.067653652834E+03,  2.070212688570E+03,  4.725287264953E+02,  1.464685717186E+03,  9.918599818371E+02,  5.490900581470E-02,NaN,NaN,  2.274560145557E-02,  3.268507968587E+16,  2.565905873125E+18,  1.338788288112E+20,  6.793110456174E+18,  1.094257196773E+20,  9.708196786326E+19,  1.182081007436E+14,  1.819793320230E+02,  7.764607820598E+01,  9.435002359443E+01,NaN,  9.983207486959E+00,NaN,  2.273563666553E-05,  3.061472189803E-02,NaN,  6.076134361277E+06,  5.350404803653E-06
  2.571410257612E+04,  2.062954988279E+03,  2.065304000984E+03,  4.187676620434E+02,  1.410897186982E+03,  9.918599818371E+02,  5.365252492735E-02,NaN,NaN,  2.355925314964E-02,  3.274335214252E+16,  2.499401183645E+18,  1.339449919108E+20,  6.856944248743E+18,  1.083688635416E+20,  9.813134021288E+19,  1.287136692224E+14,  1.838349809319E+02,  7.945578367621E+01,  9.439665150464E+01,NaN,  9.982520994833E+00,NaN,  2.475623243179E-05,  3.049419224999E-02,NaN,  6.082315616765E+06,  5.457427024086E-06
  2.701794294025E+04,  2.058584914834E+03,  2.060743844806E+03,  3.718976392914E+02,  1.364002059546E+03,  9.918599818371E+02,  5.249895107633E-02,NaN,NaN,  2.438172476929E-02,  3.279424966139E+16,  2.441247682485E+18,  1.340027930786E+20,  6.913493119837E+18,  1.074139913297E+20,  9.908218280914E+19,  1.397862224517E+14,  1.855155180554E+02,  8.109628607966E+01,  9.443738641092E+01,NaN,  9.981818678915E+00,NaN,  2.688587960145E-05,  3.038691505733E-02,NaN,  6.088047313917E+06,  5.559680621552E-06
  2.837813097789E+04,  2.054482703737E+03,  2.056467136555E+03,  3.304297950563E+02,  1.322511233316E+03,  9.918599818371E+02,  5.142596540554E-02,NaN,NaN,  2.522356627443E-02,  3.283931173276E+16,  2.389707928576E+18,  1.340539647842E+20,  6.964166257637E+18,  1.065427565822E+20,  9.995202302157E+19,  1.515156002619E+14,  1.870523565203E+02,  8.259778610390E+01,  9.447344925725E+01,NaN,  9.981092017298E+00,NaN,  2.914185758036E-05,  3.029034032608E-02,NaN,  6.093413428832E+06,  5.658142560834E-06
  2.988746331688E+04,  2.050412306741E+03,  2.052223500863E+03,  2.908317967965E+02,  1.282890453077E+03,  9.918599818371E+02,  5.038151302780E-02,NaN,NaN,  2.615606476299E-02,  3.288286368769E+16,  2.339845819791E+18,  1.341034160671E+20,  7.013654637963E+18,  1.056757200431E+20,  1.008183392258E+20,  1.646578171262E+14,  1.885825083841E+02,  8.409388508917E+01,  9.450829964956E+01,NaN,  9.980291975811E+00,NaN,  3.166957493412E-05,  3.019561059296E-02,NaN,  6.098729158104E+06,  5.758378755803E-06
  3.148481654316E+04,  2.046580987213E+03,  2.048233448131E+03,  2.559299825116E+02,  1.247967824198E+03,  9.918599818371E+02,  4.941746428653E-02,NaN,NaN,  2.711810389038E-02,  3.292090086498E+16,  2.296255047219E+18,  1.341465712955E+20,  7.057306233373E+18,  1.048989317851E+20,  1.015970345598E+20,  1.786039521954E+14,  1.899579476186E+02,  8.543974864702E+01,  9.453871294832E+01,NaN,  9.979451671342E+00,NaN,  3.435191445085E-05,  3.011164663804E-02,NaN,  6.103719183973E+06,  5.855003680131E-06
  3.310684571221E+04,  2.043123918300E+03,  2.044641292120E+03,  2.272751010841E+02,  1.219295299498E+03,  9.918599818371E+02,  4.856397031356E-02,NaN,NaN,  2.804077532238E-02,  3.295095652054E+16,  2.261780588599E+18,  1.341806039966E+20,  7.092114289567E+18,  1.042735357002E+20,  1.022282019024E+20,  1.926850797352E+14,  1.910734555176E+02,  8.653211693897E+01,  9.456269721966E+01,NaN,  9.978604298717E+00,NaN,  3.706021783761E-05,  3.004435919868E-02,NaN,  6.108204929962E+06,  5.944025374061E-06
  3.476651074068E+04,  2.039990149815E+03,  2.041393234735E+03,  2.038068645799E+02,  1.195812217596E+03,  9.918599818371E+02,  4.780334574683E-02,NaN,NaN,  2.891441695690E-02,  3.297418317900E+16,  2.235120024703E+18,  1.342068126582E+20,  7.119261762291E+18,  1.037843847104E+20,  1.027263298328E+20,  2.068472500002E+14,  1.919549039161E+02,  8.739595364504E+01,  9.458116756231E+01,NaN,  9.977742924654E+00,NaN,  3.978410863287E-05,  2.999169418665E-02,NaN,  6.112255554651E+06,  6.026224267383E-06
  3.652094053325E+04,  2.037182710827E+03,  2.038390363747E+03,  1.661551680320E+02,  1.158135928771E+03,  9.918599818371E+02,  4.710391899893E-02,NaN,NaN,  3.052653929298E-02,  3.302838976272E+16,  2.172871039056E+18,  1.342685469362E+20,  7.182483123571E+18,  1.025767412413E+20,  1.039033961313E+20,  2.213724798313E+14,  1.940286328020E+02,  8.942707761501E+01,  9.462467429622E+01,NaN,  9.976838312902E+00,NaN,  4.257782874043E-05,  2.986959387829E-02,NaN,  6.115995835553E+06,  6.103695619537E-06
  3.836259209382E+04,  2.034430524257E+03,  2.035544758428E+03,  1.486382989230E+02,  1.140607269950E+03,  9.918599818371E+02,  4.644472621706E-02,NaN,NaN,  3.148437215168E-02,  3.304413106455E+16,  2.154754885826E+18,  1.342861582535E+20,  7.201110514770E+18,  1.022312775265E+20,  1.042604337240E+20,  2.364706282245E+14,  1.946622012404E+02,  9.004917785666E+01,  9.463708572990E+01,NaN,  9.975892172063E+00,NaN,  4.548174153516E-05,  2.983274601654E-02,NaN,  6.119536183292E+06,  6.178450902057E-06
  4.042649730093E+04,  2.031772746448E+03,  2.032799593234E+03,  1.327782828738E+02,  1.124736381871E+03,  9.918599818371E+02,  4.581556546016E-02,NaN,NaN,  3.248088777278E-02,  3.305762719334E+16,  2.139216363050E+18,  1.343011276946E+20,  7.217246824334E+18,  1.019337141851E+20,  1.045698269296E+20,  2.524722344731E+14,  1.952128765909E+02,  9.059035449688E+01,  9.464763532264E+01,NaN,  9.974838211927E+00,NaN,  4.855942152023E-05,  2.980090077334E-02,NaN,  6.122947842012E+06,  6.251832535230E-06
  4.258899179923E+04,  2.029536153711E+03,  2.030395549941E+03,  1.043613717062E+02,  1.096299562800E+03,  9.918599818371E+02,  4.527723070169E-02,NaN,NaN,  3.458620854278E-02,  3.310006755038E+16,  2.090383885150E+18,  1.343493278784E+20,  7.267562329345E+18,  1.009344429950E+20,  1.055417109335E+20,  2.678470851529E+14,  1.969259445909E+02,  9.227054783493E+01,  9.468160401299E+01,NaN,  9.973741226398E+00,NaN,  5.151655404028E-05,  2.970294797097E-02,NaN,  6.125932557227E+06,  6.317137450289E-06
  4.472506717226E+04,  2.027410271305E+03,  2.028218625905E+03,  9.587737304340E+01,  1.087809468683E+03,  9.918599818371E+02,  4.479023291304E-02,NaN,NaN,  3.541074617575E-02,  3.310297747668E+16,  2.087001336317E+18,  1.343521207297E+20,  7.271151013517E+18,  1.008779310327E+20,  1.056145073787E+20,  2.828666807347E+14,  1.970616218664E+02,  9.240533637435E+01,  9.468357225239E+01,NaN,  9.972658834307E+00,NaN,  5.440535832581E-05,  2.969524851460E-02,NaN,  6.128632880458E+06,  6.377128440014E-06
  4.701628575864E+04,  2.025700965741E+03,  2.026372973878E+03,  7.474491867964E+01,  1.066661641699E+03,  9.918599818371E+02,  4.438529589123E-02,NaN,NaN,  3.776088358255E-02,  3.313517431238E+16,  2.049913513387E+18,  1.343885395118E+20,  7.309640673736E+18,  1.000969078006E+20,  1.063716162030E+20,  2.966209292299E+14,  1.983976882655E+02,  9.371688654691E+01,  9.470923809498E+01,NaN,  9.971506572821E+00,NaN,  5.705079120585E-05,  2.962004634247E-02,NaN,  6.130920488611E+06,  6.428638283418E-06
  4.951306323379E+04,  2.023838786527E+03,  2.024479078416E+03,  6.988546930737E+01,  1.061798584321E+03,  9.918599818371E+02,  4.396891138461E-02,NaN,NaN,  3.848047323152E-02,  3.313271597785E+16,  2.052706859900E+18,  1.343850515253E+20,  7.306824795269E+18,  1.001693458941E+20,  1.063161592548E+20,  3.116506669967E+14,  1.983098878249E+02,  9.363279757298E+01,  9.470677996467E+01,NaN,  9.970250345710E+00,NaN,  5.994154619552E-05,  2.962496373912E-02,NaN,  6.133266181860E+06,  6.482122407142E-06
  5.200408010715E+04,  2.022494381485E+03,  2.023019793100E+03,  5.357414443459E+01,  1.045475079155E+03,  9.918599818371E+02,  4.365535718968E-02,NaN,NaN,  4.119018245074E-02,  3.315796521595E+16,  2.023591851162E+18,  1.344134392819E+20,  7.337083395555E+18,  9.954403758211E+19,  1.069192810011E+20,  3.240427130086E+14,  1.993763753152E+02,  9.468052225872E+01,  9.472678600694E+01,NaN,  9.969004724597E+00,NaN,  6.232497892049E-05,  2.956556920963E-02,NaN,  6.135072406009E+06,  6.523772855978E-06
  5.462351929892E+04,  2.021154535352E+03,  2.021693493477E+03,  5.531599311836E+01,  1.047218221954E+03,  9.918599818371E+02,  4.336381501665E-02,NaN,NaN,  4.092169366013E-02,  3.314528522252E+16,  2.038172106652E+18,  1.343981298194E+20,  7.322164926632E+18,  9.986999364315E+19,  1.066137322789E+20,  3.358196600927E+14,  1.988508125293E+02,  9.416705376470E+01,  9.471599678680E+01,NaN,  9.967697387663E+00,NaN,  6.459010616853E-05,  2.959479229099E-02,NaN,  6.136713137088E+06,  6.561963920603E-06
  5.771942574029E+04,  2.019870635690E+03,  2.020293141235E+03,  3.990181647912E+01,  1.031792361816E+03,  9.918599818371E+02,  4.306927569327E-02,NaN,NaN,  4.447224324950E-02,  3.316941442928E+16,  2.010323893141E+18,  1.344250734800E+20,  7.350982621854E+18,  9.926589884906E+19,  1.071930634057E+20,  3.490207399606E+14,  1.998777593543E+02,  9.517655349999E+01,  9.473498511407E+01,NaN,  9.966153611076E+00,NaN,  6.712914497875E-05,  2.953789001828E-02,NaN,  6.138444557098E+06,  6.602638765611E-06
  6.061003129368E+04,  2.018999953862E+03,  2.019337737017E+03,  2.952038172539E+01,  1.021402961776E+03,  9.918599818371E+02,  4.286676461746E-02,NaN,NaN,  4.805795751426E-02,  3.318583839026E+16,  1.991354428222E+18,  1.344431992312E+20,  7.370737803052E+18,  9.884740691222E+19,  1.075904908913E+20,  3.584472236096E+14,  2.005849896192E+02,  9.587244324052E+01,  9.474775909087E+01,NaN,  9.964718345577E+00,NaN,  6.894219421926E-05,  2.949903221822E-02,NaN,  6.139625293855E+06,  6.661191668213E-06
  6.405162218776E+04,  2.018257898534E+03,  2.018517510447E+03,  2.071815095209E+01,  1.012593916177E+03,  9.918599818371E+02,  4.269231398641E-02,NaN,NaN,  5.262873281082E-02,  3.319989347122E+16,  1.975106387205E+18,  1.344584435447E+20,  7.387724569253E+18,  9.848371911631E+19,  1.079309893869E+20,  3.668258658019E+14,  2.011944683920E+02,  9.647288000527E+01,  9.475850239773E+01,NaN,  9.963015435261E+00,NaN,  7.055370614981E-05,  2.946576720648E-02,NaN,  6.140638620931E+06,  6.723747109385E-06
  6.744598630501E+04,  2.017367014258E+03,  2.017692994078E+03,  2.797753657377E+01,  1.019858909626E+03,  9.918599818371E+02,  4.251016603883E-02,NaN,NaN,  4.893623287997E-02,  3.317840400335E+16,  1.999849117951E+18,  1.344327454027E+20,  7.362015072561E+18,  9.904075141414E+19,  1.073937478669E+20,  3.754176637909E+14,  2.002663393398E+02,  9.556454135634E+01,  9.474039183964E+01,NaN,  9.961333937607E+00,NaN,  7.220621554766E-05,  2.951661916094E-02,NaN,  6.141656921683E+06,  6.787351388681E-06
  7.093618624842E+04,  2.016655053531E+03,  2.016904573814E+03,  1.953096660238E+01,  1.011405799256E+03,  9.918599818371E+02,  4.234605945511E-02,NaN,NaN,  5.365762029687E-02,  3.319193792352E+16,  1.984196254194E+18,  1.344473783799E+20,  7.378191169552E+18,  9.869202971195E+19,  1.077193327602E+20,  3.840048776111E+14,  2.008499639930E+02,  9.613958111766E+01,  9.475070431218E+01,NaN,  9.959604705268E+00,NaN,  7.385784324624E-05,  2.948467059287E-02,NaN,  6.142630337154E+06,  6.848856922544E-06
  7.448726957617E+04,  2.016155259022E+03,  2.016346051548E+03,  1.362713021666E+01,  1.005497376514E+03,  9.918599818371E+02,  4.222980523738E-02,NaN,NaN,  5.880391499332E-02,  3.320148610578E+16,  1.973138673293E+18,  1.344573989133E+20,  7.389631921270E+18,  9.844212539622E+19,  1.079471237253E+20,  3.902541253454E+14,  2.012624604634E+02,  9.654676926334E+01,  9.475776620216E+01,NaN,  9.957849938069E+00,NaN,  7.505979662360E-05,  2.946221466701E-02,NaN,  6.143319730573E+06,  6.892838370991E-06
  7.863020012520E+04,  2.015764283258E+03,  2.015904545025E+03,  9.026268326036E+00,  1.000892711678E+03,  9.918599818371E+02,  4.213790738739E-02,NaN,NaN,  6.526500198832E-02,  3.320900606192E+16,  1.964413070697E+18,  1.344649151472E+20,  7.398643601441E+18,  9.824180743435E+19,  1.081228617027E+20,  3.952943706297E+14,  2.015860169017E+02,  9.686707096224E+01,  9.476306320731E+01,NaN,  9.955806702927E+00,NaN,  7.602921568007E-05,  2.944468655570E-02,NaN,  6.143864583471E+06,  6.927848576789E-06
  8.271426928911E+04,  2.015512220827E+03,  2.015616528343E+03,  6.074787408364E+00,  9.979391966621E+02,  9.918599818371E+02,  4.207795784559E-02,NaN,NaN,  7.211636191883E-02,  3.321389349824E+16,  1.958725127145E+18,  1.344694112572E+20,  7.404484652888E+18,  9.810865631920E+19,  1.082326305087E+20,  3.986310345834E+14,  2.017938093430E+02,  9.707370550436E+01,  9.476623180454E+01,NaN,  9.953795363134E+00,NaN,  7.667097524518E-05,  2.943348478975E-02,NaN,  6.144219967694E+06,  6.950804074436E-06
  8.685015483109E+04,  2.015343959956E+03,  2.015421987490E+03,  4.122086781902E+00,  9.959850035456E+02,  9.918599818371E+02,  4.203746493044E-02,NaN,NaN,  7.950236379425E-02,  3.321718151269E+16,  1.954881931517E+18,  1.344720477222E+20,  7.408390342887E+18,  9.801643612717E+19,  1.083017298838E+20,  4.009067678532E+14,  2.019305775029E+02,  9.721064992767E+01,  9.476808983198E+01,NaN,  9.951760634567E+00,NaN,  7.710867997476E-05,  2.942615144590E-02,NaN,  6.144459989422E+06,  6.966361722989E-06
  9.147707138870E+04,  2.015221719442E+03,  2.015278992812E+03,  2.727840277786E+00,  9.945897012658E+02,  9.918599818371E+02,  4.200770114938E-02,NaN,NaN,  8.818263867396E-02,  3.321958567785E+16,  1.952052737796E+18,  1.344735270809E+20,  7.411214468582E+18,  9.794611433108E+19,  1.083466139182E+20,  4.025908247262E+14,  2.020268139769E+02,  9.730811805015E+01,  9.476913239809E+01,NaN,  9.949486096047E+00,NaN,  7.743258421608E-05,  2.942102998311E-02,NaN,  6.144636402634E+06,  6.977824178526E-06
  9.610398794631E+04,  2.015143006525E+03,  2.015185982488E+03,  1.859350529231E+00,  9.937205766508E+02,  9.918599818371E+02,  4.198834141562E-02,NaN,NaN,  9.707639616979E-02,  3.322113773875E+16,  1.950206821351E+18,  1.344740232640E+20,  7.413003373092E+18,  9.789783088404E+19,  1.083697463398E+20,  4.036912794382E+14,  2.020849620789E+02,  9.736818946574E+01,  9.476948207911E+01,NaN,  9.947212889783E+00,NaN,  7.764424093284E-05,  2.941797296633E-02,NaN,  6.144751144642E+06,  6.985292201284E-06
  1.011686057008E+05,  2.015087019980E+03,  2.015119459380E+03,  1.277556348340E+00,  9.931383483567E+02,  9.918599818371E+02,  4.197449489159E-02,NaN,NaN,  1.066453757780E-01,  3.322223565887E+16,  1.948879788249E+18,  1.344738729422E+20,  7.414230503695E+18,  9.786055781950E+19,  1.083796922449E+20,  4.044806871035E+14,  2.021216881577E+02,  9.740750843634E+01,  9.476937614102E+01,NaN,  9.944725784304E+00,NaN,  7.779607220113E-05,  2.941608426748E-02,NaN,  6.144833208202E+06,  6.990639465127E-06
  1.066714967978E+05,  2.015047214842E+03,  2.015072292823E+03,  9.062774940985E-01,  9.927668035301E+02,  9.918599818371E+02,  4.196467735789E-02,NaN,NaN,  1.162199439068E-01,  3.322300114713E+16,  1.947931195467E+18,  1.344732163735E+20,  7.415043482270E+18,  9.783115556676E+19,  1.083795483690E+20,  4.050414510955E+14,  2.021424154712E+02,  9.743139960925E+01,  9.476891342956E+01,NaN,  9.942024528454E+00,NaN,  7.790392713068E-05,  2.941506952232E-02,NaN,  6.144891392043E+06,  6.994433826187E-06
  1.125746594550E+05,  2.015018235068E+03,  2.015038482724E+03,  6.812624441930E-01,  9.925416315574E+02,  9.918599818371E+02,  4.195763991847E-02,NaN,NaN,  1.248273021442E-01,  3.322353670594E+16,  1.947243209528E+18,  1.344721824335E+20,  7.415567728563E+18,  9.780703613730E+19,  1.083720711834E+20,  4.054438333706E+14,  2.021518244004E+02,  9.744443387365E+01,  9.476818476868E+01,NaN,  9.939127776710E+00,NaN,  7.798131960336E-05,  2.941467448444E-02,NaN,  6.144933098933E+06,  6.997155254958E-06
  1.184778221122E+05,  2.014997043808E+03,  2.015014441797E+03,  5.564679126798E-01,  9.924167464257E+02,  9.918599818371E+02,  4.195263589383E-02,NaN,NaN,  1.313131438545E-01,  3.322390610076E+16,  1.946746987323E+18,  1.344709567106E+20,  7.415889524291E+18,  9.778723717744E+19,  1.083603326905E+20,  4.057300701270E+14,  2.021537669484E+02,  9.745013602529E+01,  9.476732095035E+01,NaN,  9.936231936355E+00,NaN,  7.803637314752E-05,  2.941468305277E-02,NaN,  6.144962754600E+06,  6.999091130978E-06
  1.252242937205E+05,  2.014977880142E+03,  2.014993454434E+03,  4.800474909472E-01,  9.923402652561E+02,  9.918599818371E+02,  4.194826745679E-02,NaN,NaN,  1.362615739057E-01,  3.322421792738E+16,  1.946307216581E+18,  1.344694285106E+20,  7.416122827774E+18,  9.776747997869E+19,  1.083440885486E+20,  4.059799755069E+14,  2.021510273771E+02,  9.745178190597E+01,  9.476624396374E+01,NaN,  9.932923422942E+00,NaN,  7.808443887130E-05,  2.941496090331E-02,NaN,  6.144988643317E+06,  7.000781653739E-06
  1.315765234943E+05,  2.014962426776E+03,  2.014977078238E+03,  4.424733203984E-01,  9.923026762442E+02,  9.918599818371E+02,  4.194485881567E-02,NaN,NaN,  1.390731016983E-01,  3.322445396989E+16,  1.945959577591E+18,  1.344679231431E+20,  7.416272340008E+18,  9.775037514961E+19,  1.083273196937E+20,  4.061749833314E+14,  2.021458601621E+02,  9.745078977187E+01,  9.476518306813E+01,NaN,  9.929809200171E+00,NaN,  7.812194583585E-05,  2.941536236220E-02,NaN,  6.145008843838E+06,  7.002101094129E-06
  1.384340930311E+05,  2.014947187080E+03,  2.014961309586E+03,  4.212777891687E-01,  9.922814741906E+02,  9.918599818371E+02,  4.194157663269E-02,NaN,NaN,  1.407966997230E-01,  3.322467629799E+16,  1.945621784294E+18,  1.344662604758E+20,  7.416394138364E+18,  9.773275537021E+19,  1.083083872216E+20,  4.063627842026E+14,  2.021388212499E+02,  9.744828349577E+01,  9.476401131678E+01,NaN,  9.926448279274E+00,NaN,  7.815806664607E-05,  2.941587467639E-02,NaN,  6.145028294813E+06,  7.003371870071E-06
  1.465043291420E+05,  2.014930207132E+03,  2.014944026832E+03,  4.092502169870E-01,  9.922694388865E+02,  9.918599818371E+02,  4.193797929530E-02,NaN,NaN,  1.418270212221E-01,  3.322491625527E+16,  1.945249286439E+18,  1.344642786458E+20,  7.416511029786E+18,  9.771258424828E+19,  1.082855549392E+20,  4.065686852663E+14,  2.021295623958E+02,  9.744437540148E+01,  9.476261463809E+01,NaN,  9.922494158574E+00,NaN,  7.819766876930E-05,  2.941653027165E-02,NaN,  6.145049613328E+06,  7.004764987809E-06
  1.545745652530E+05,  2.014913712582E+03,  2.014927395208E+03,  4.038210872384E-01,  9.922640062477E+02,  9.918599818371E+02,  4.193451748805E-02,NaN,NaN,  1.423081409943E-01,  3.322514511943E+16,  1.944889594198E+18,  1.344622839216E+20,  7.416614388734E+18,  9.769270217668E+19,  1.082624443361E+20,  4.067669268114E+14,  2.021198051608E+02,  9.743997663635E+01,  9.476120887235E+01,NaN,  9.918541416265E+00,NaN,  7.823579769375E-05,  2.941721276424E-02,NaN,  6.145070128531E+06,  7.006105937920E-06
  1.628503417814E+05,  2.014897022976E+03,  2.014910643050E+03,  4.013356863353E-01,  9.922615192378E+02,  9.918599818371E+02,  4.193103059218E-02,NaN,NaN,  1.425348238656E-01,  3.322537463442E+16,  1.944526719871E+18,  1.344602323113E+20,  7.416714055895E+18,  9.767244879983E+19,  1.082386187410E+20,  4.069667220027E+14,  2.021095669776E+02,  9.743523630815E+01,  9.475976301652E+01,NaN,  9.914489378676E+00,NaN,  7.827422543981E-05,  2.941792516148E-02,NaN,  6.145090792278E+06,  7.007456921870E-06
  1.713316587272E+05,  2.014880022618E+03,  2.014893615046E+03,  4.002237189940E-01,  9.922604065671E+02,  9.918599818371E+02,  4.192748627990E-02,NaN,NaN,  1.426407133144E-01,  3.322560743889E+16,  1.944157620481E+18,  1.344581268992E+20,  7.416813250192E+18,  9.765175576249E+19,  1.082141464740E+20,  4.071699377388E+14,  2.020989668817E+02,  9.743027120742E+01,  9.475827924440E+01,NaN,  9.910338116559E+00,NaN,  7.831331107870E-05,  2.941866103030E-02,NaN,  6.145111796143E+06,  7.008830476309E-06
  1.822420312852E+05,  2.014858215053E+03,  2.014871794399E+03,  3.996767754930E-01,  9.922598592490E+02,  9.918599818371E+02,  4.192294439789E-02,NaN,NaN,  1.426984480923E-01,  3.322590544481E+16,  1.943684516870E+18,  1.344554166389E+20,  7.416939038282E+18,  9.762517513350E+19,  1.081826376446E+20,  4.074305503391E+14,  2.020852653965E+02,  9.742381779868E+01,  9.475636921035E+01,NaN,  9.905000024066E+00,NaN,  7.836343618309E-05,  2.941961112917E-02,NaN,  6.145138711480E+06,  7.010591105280E-06
  1.922466024129E+05,  2.014838239788E+03,  2.014851815787E+03,  3.995147748363E-01,  9.922596971498E+02,  9.918599818371E+02,  4.191878592826E-02,NaN,NaN,  1.427211171937E-01,  3.322617814987E+16,  1.943251342989E+18,  1.344529306037E+20,  7.417053683148E+18,  9.760081647904E+19,  1.081537404533E+20,  4.076693643819E+14,  2.020726771305E+02,  9.741787434911E+01,  9.475461719711E+01,NaN,  9.900107174920E+00,NaN,  7.840936864689E-05,  2.942048359933E-02,NaN,  6.145163354502E+06,  7.012203578846E-06
  2.020885257181E+05,  2.014818594676E+03,  2.014832170197E+03,  3.994658948715E-01,  9.922596482377E+02,  9.918599818371E+02,  4.191469677575E-02,NaN,NaN,  1.427335527548E-01,  3.322644624283E+16,  1.942825424357E+18,  1.344504846854E+20,  7.417166232868E+18,  9.757685929431E+19,  1.081253194729E+20,  4.079043863792E+14,  2.020602868461E+02,  9.741201886096E+01,  9.475289345588E+01,NaN,  9.895296074662E+00,NaN,  7.845457176500E-05,  2.942134216637E-02,NaN,  6.145187586566E+06,  7.013789614134E-06
  2.133482117678E+05,  2.014796119926E+03,  2.014809696250E+03,  3.994629628643E-01,  9.922596453083E+02,  9.918599818371E+02,  4.191001891189E-02,NaN,NaN,  1.427430473329E-01,  3.322675287901E+16,  1.942338245628E+18,  1.344476861831E+20,  7.417294882960E+18,  9.754945373452E+19,  1.080928146415E+20,  4.081734747796E+14,  2.020461094509E+02,  9.740531530159E+01,  9.475092123400E+01,NaN,  9.889794408974E+00,NaN,  7.850632706826E-05,  2.942232444997E-02,NaN,  6.145215307069E+06,  7.015604524477E-06
  2.242797540008E+05,  2.014774297592E+03,  2.014787875163E+03,  3.994784560827E-01,  9.922596608122E+02,  9.918599818371E+02,  4.190547693835E-02,NaN,NaN,  1.427506287303E-01,  3.322705056435E+16,  1.941865286894E+18,  1.344449690304E+20,  7.417419743414E+18,  9.752284778596E+19,  1.080612696413E+20,  4.084349820417E+14,  2.020323456491E+02,  9.739880502664E+01,  9.474900634256E+01,NaN,  9.884455723255E+00,NaN,  7.855662424806E-05,  2.942327798674E-02,NaN,  6.145242222069E+06,  7.017367258874E-06
  2.394821020201E+05,  2.014743944584E+03,  2.014757524057E+03,  3.995064942625E-01,  9.922596888708E+02,  9.918599818371E+02,  4.189915947456E-02,NaN,NaN,  1.427605956550E-01,  3.322746455408E+16,  1.941207560816E+18,  1.344411901481E+20,  7.417593361824E+18,  9.748584890968E+19,  1.080174190922E+20,  4.087991018881E+14,  2.020132067662E+02,  9.738974990717E+01,  9.474634320582E+01,NaN,  9.877035026553E+00,NaN,  7.862665749009E-05,  2.942460383419E-02,NaN,  6.145279657958E+06,  7.019819954657E-06
  2.523610625736E+05,  2.014718225188E+03,  2.014731806375E+03,  3.995343196005E-01,  9.922597167165E+02,  9.918599818371E+02,  4.189380644015E-02,NaN,NaN,  1.427686790714E-01,  3.322781528709E+16,  1.940650349430E+18,  1.344379885665E+20,  7.417740431893E+18,  9.745450531104E+19,  1.079802859798E+20,  4.091079883788E+14,  2.019969946158E+02,  9.738207740411E+01,  9.474408691704E+01,NaN,  9.870751608596E+00,NaN,  7.868606738655E-05,  2.942572687898E-02,NaN,  6.145311378506E+06,  7.021899035894E-06
  2.730550498646E+05,  2.014676888596E+03,  2.014690472580E+03,  3.995806250208E-01,  9.922597630564E+02,  9.918599818371E+02,  4.188520297293E-02,NaN,NaN,  1.427815320666E-01,  3.322837888285E+16,  1.939754996330E+18,  1.344328438257E+20,  7.417976730285E+18,  9.740414339523E+19,  1.079206483500E+20,  4.096051138111E+14,  2.019709481744E+02,  9.736974719248E+01,  9.474046120247E+01,NaN,  9.860660997727E+00,NaN,  7.878168234976E-05,  2.942753109948E-02,NaN,  6.145362359523E+06,  7.025242131928E-06
  3.172929889669E+05,  2.014588478611E+03,  2.014602068601E+03,  3.996805326447E-01,  9.922598630388E+02,  9.918599818371E+02,  4.186680203165E-02,NaN,NaN,  1.428089554351E-01,  3.322958385079E+16,  1.937840877899E+18,  1.344218440820E+20,  7.418481821047E+18,  9.729648829323E+19,  1.077932590279E+20,  4.106711773253E+14,  2.019152791134E+02,  9.734338084852E+01,  9.473270922192E+01,NaN,  9.839110056228E+00,NaN,  7.898672441176E-05,  2.943138722215E-02,NaN,  6.145471394055E+06,  7.032398785776E-06
  3.489074154619E+05,  2.014525260055E+03,  2.014538854339E+03,  3.997518321476E-01,  9.922599343912E+02,  9.918599818371E+02,  4.185364423099E-02,NaN,NaN,  1.428285868874E-01,  3.323044510890E+16,  1.936472873476E+18,  1.344139817248E+20,  7.418842742583E+18,  9.721955686671E+19,  1.077023055046E+20,  4.114358428802E+14,  2.018755050131E+02,  9.732453180779E+01,  9.472716828919E+01,NaN,  9.823725782306E+00,NaN,  7.913379688919E-05,  2.943414226738E-02,NaN,  6.145549358128E+06,  7.037521669427E-06
  3.805218419570E+05,  2.014462010807E+03,  2.014475609384E+03,  3.998230782553E-01,  9.922600056902E+02,  9.918599818371E+02,  4.184048004186E-02,NaN,NaN,  1.428482436687E-01,  3.323130647830E+16,  1.935104795108E+18,  1.344061181644E+20,  7.419203631362E+18,  9.714262859986E+19,  1.076114581568E+20,  4.122028601100E+14,  2.018357456984E+02,  9.730567737557E+01,  9.472162650845E+01,NaN,  9.808362533081E+00,NaN,  7.928132167762E-05,  2.943689578596E-02,NaN,  6.145627358137E+06,  7.042651583215E-06
  4.121362684520E+05,  2.014398730867E+03,  2.014412333741E+03,  3.998943561396E-01,  9.922600770220E+02,  9.918599818371E+02,  4.182730946523E-02,NaN,NaN,  1.428679181838E-01,  3.323216795848E+16,  1.933736643589E+18,  1.343982534034E+20,  7.419564487004E+18,  9.706570353756E+19,  1.075207168522E+20,  4.129722384096E+14,  2.017960011433E+02,  9.728681754894E+01,  9.471608388167E+01,NaN,  9.793020283409E+00,NaN,  7.942930058403E-05,  2.943964778011E-02,NaN,  6.145705394072E+06,  7.047788538118E-06
  4.437506949471E+05,  2.014335420210E+03,  2.014349027388E+03,  3.999657710929E-01,  9.922601484886E+02,  9.918599818371E+02,  4.181413249625E-02,NaN,NaN,  1.428876010533E-01,  3.323302954935E+16,  1.932368419104E+18,  1.343903874410E+20,  7.419925309269E+18,  9.698878168952E+19,  1.074300814613E+20,  4.137439871737E+14,  2.017562713107E+02,  9.726795231495E+01,  9.471054040818E+01,NaN,  9.777699009850E+00,NaN,  7.957773541538E-05,  2.944239825218E-02,NaN,  6.145783465961E+06,  7.052932547408E-06
  4.753651214421E+05,  2.014272078798E+03,  2.014285690285E+03,  4.000372870938E-01,  9.922602200581E+02,  9.918599818371E+02,  4.180094912680E-02,NaN,NaN,  1.429072955264E-01,  3.323389125104E+16,  1.931000121528E+18,  1.343825202762E+20,  7.420286098203E+18,  9.691186305669E+19,  1.073395518603E+20,  4.145181157973E+14,  2.017165561729E+02,  9.724908166995E+01,  9.470499608732E+01,NaN,  9.762398688980E+00,NaN,  7.972662797865E-05,  2.944514720403E-02,NaN,  6.145861573847E+06,  7.058083625669E-06
  4.991680943954E+05,  2.013440881828E+03,  2.013687193899E+03,  1.896157592739E+01,  1.002025795757E+03,  9.830485014424E+02,  4.166936167984E-02,NaN,NaN,  5.455826575272E-02,  3.320821206516E+16,  1.960359728747E+18,  1.343462409248E+20,  7.389047072473E+18,  9.755229947255E+19,  1.066128992592E+20,  4.218457303236E+14,  2.005333407475E+02,  9.610293173735E+01,  9.467942850737E+01,NaN,  9.750899366814E+00,NaN,  8.113598977744E-05,  2.951019224679E-02,NaN,  6.146599549998E+06,  7.106984719716E-06
  5.241529850320E+05,  2.009333541283E+03,  2.009662648246E+03,  2.747362643126E+01,  9.752792354490E+02,  9.477828889838E+02,  4.084276953774E-02,NaN,NaN,  5.031185990722E-02,  3.324020893358E+16,  1.923133296087E+18,  1.343762425171E+20,  7.427490207247E+18,  9.669781564560E+19,  1.073568855972E+20,  4.769628260374E+14,  2.019286736430E+02,  9.748914177880E+01,  9.470057188724E+01,NaN,  9.738868239997E+00,NaN,  9.173697443352E-05,  2.943443595406E-02,NaN,  6.151557559649E+06,  7.446740208107E-06
  5.503710938279E+05,  2.004198629058E+03,  2.004478585294E+03,  2.169919871006E+01,  9.378294129368E+02,  9.161117166978E+02,  3.980874676986E-02,NaN,NaN,  5.418707873500E-02,  3.329073620622E+16,  1.864440204251E+18,  1.344274193490E+20,  7.488522752933E+18,  9.532081502222E+19,  1.086125965575E+20,  5.637100785207E+14,  2.042222468461E+02,  9.975914215560E+01,  9.473663834633E+01,NaN,  9.726357922572E+00,NaN,  1.084215671288E-04,  2.931175888820E-02,NaN,  6.157932612737E+06,  7.913987783269E-06
  5.781517772014E+05,  1.998878296010E+03,  1.999113803533E+03,  1.686900695432E+01,  9.002237210937E+02,  8.833397988001E+02,  3.876904547663E-02,NaN,NaN,  5.863602995406E-02,  3.334294423175E+16,  1.803719042940E+18,  1.344802484435E+20,  7.552072363052E+18,  9.384216842006E+19,  1.099630751313E+20,  6.778603727852E+14,  2.066846490178E+02,  1.021974042370E+02,  9.477386922412E+01,NaN,  9.713245179927E+00,NaN,  1.303767427838E-04,  2.918287047420E-02,NaN,  6.164516408613E+06,  8.435609630853E-06
  6.075481765442E+05,  1.993639499766E+03,  1.993842249970E+03,  1.352568976417E+01,  8.651853682289E+02,  8.516472729766E+02,  3.777692292998E-02,NaN,NaN,  6.295803543834E-02,  3.339230192795E+16,  1.746215154035E+18,  1.345294798812E+20,  7.612535488661E+18,  9.238667266992E+19,  1.112846359886E+20,  8.227961401188E+14,  2.090996088252E+02,  1.045913568311E+02,  9.480856468229E+01,NaN,  9.699529058801E+00,NaN,  1.582530636552E-04,  2.905925368247E-02,NaN,  6.170972463516E+06,  8.989443709981E-06
  6.382149651785E+05,  1.987587449619E+03,  1.987847678749E+03,  1.841034282205E+01,  8.398430141578E+02,  8.214157836504E+02,  3.668274128186E-02,NaN,NaN,  5.936675688791E-02,  3.341546616265E+16,  1.719023992076E+18,  1.345481512844E+20,  7.640861099816E+18,  9.168524198023E+19,  1.118899961210E+20,  1.042837258202E+15,  2.102657087041E+02,  1.057584264726E+02,  9.482172320296E+01,NaN,  9.685358453766E+00,NaN,  2.005748240147E-04,  2.900071183789E-02,NaN,  6.178297992916E+06,  9.673951355545E-06
  6.703966694332E+05,  1.982280134491E+03,  1.982480802858E+03,  1.273219556038E+01,  8.069618634604E+02,  7.942174882492E+02,  3.574179790408E-02,NaN,NaN,  6.619495729540E-02,  3.346363085015E+16,  1.662772776213E+18,  1.345955054721E+20,  7.699911250934E+18,  9.018121820125E+19,  1.132505137115E+20,  1.312095933157E+15,  2.127541028793E+02,  1.082280925823E+02,  9.485509568437E+01,NaN,  9.670662249770E+00,NaN,  2.523628771541E-04,  2.887740788628E-02,NaN,  6.184842059497E+06,  1.034121697599E-05
  7.039896831674E+05,  1.976885565582E+03,  1.977217821773E+03,  2.439438700117E+01,  7.908369699050E+02,  7.664195131384E+02,  3.484001716125E-02,NaN,NaN,  5.720479896843E-02,  3.347130479278E+16,  1.653551435417E+18,  1.345955586737E+20,  7.709509362162E+18,  8.992572253667E+19,  1.134038822373E+20,  1.672616471524E+15,  2.131382297222E+02,  1.086272868843E+02,  9.485513317776E+01,NaN,  9.655487956353E+00,NaN,  3.217038437986E-04,  2.885897935448E-02,NaN,  6.191246271228E+06,  1.105066691649E-05
  7.392684508714E+05,  1.970913212317E+03,  1.971149577106E+03,  1.509574419431E+01,  7.546861836528E+02,  7.395755369093E+02,  3.385411372789E-02,NaN,NaN,  6.576238302352E-02,  3.352779923220E+16,  1.587481312542E+18,  1.346520406766E+20,  7.778439757498E+18,  8.808001344004E+19,  1.150934770450E+20,  2.270455484135E+15,  2.162073448368E+02,  1.116722661051E+02,  9.489493841324E+01,NaN,  9.639703628851E+00,NaN,  4.366896230278E-04,  2.871100773754E-02,NaN,  6.198614224222E+06,  1.194354971455E-05
  7.764583048125E+05,  1.965422986631E+03,  1.965609453278E+03,  1.074260259915E+01,  7.245050996758E+02,  7.137514494232E+02,  3.298591676538E-02,NaN,NaN,  7.290225146076E-02,  3.357467618450E+16,  1.532521513777E+18,  1.346969855406E+20,  7.835664507236E+18,  8.647630354965E+19,  1.165352408663E+20,  3.083818994469E+15,  2.188476422918E+02,  1.142971749550E+02,  9.492661294325E+01,NaN,  9.623261265101E+00,NaN,  5.931284553212E-04,  2.858693959742E-02,NaN,  6.205325898981E+06,  1.283636325430E-05
  8.153382390099E+05,  1.959338684228E+03,  1.959608262512E+03,  1.710267998975E+01,  7.061513572516E+02,  6.890311744171E+02,  3.207748069934E-02,NaN,NaN,  6.620183476515E-02,  3.358821358887E+16,  1.516407182752E+18,  1.347027566423E+20,  7.852013400778E+18,  8.599248676207E+19,  1.168978881406E+20,  4.445604474040E+15,  2.196103033842E+02,  1.150725237339E+02,  9.493068008057E+01,NaN,  9.606244521363E+00,NaN,  8.550484056897E-04,  2.855196323728E-02,NaN,  6.212579994504E+06,  1.389674210828E-05
  8.562436819563E+05,  1.953511129499E+03,  1.953702897038E+03,  1.057668345480E+01,  6.757868725201E+02,  6.651988933493E+02,  3.123055728956E-02,NaN,NaN,  7.615087162254E-02,  3.363792621187E+16,  1.458002790168E+18,  1.347503303848E+20,  7.911943347840E+18,  8.420374075593E+19,  1.185108251660E+20,  6.645292603305E+15,  2.225569716854E+02,  1.180029509598E+02,  9.496420729146E+01,NaN,  9.588535307208E+00,NaN,  1.278126940662E-03,  2.841766883063E-02,NaN,  6.219701922278E+06,  1.504588527001E-05
  8.990812915947E+05,  1.947627517643E+03,  1.947937770200E+03,  1.956659799909E+01,  6.618861248281E+02,  6.422986669673E+02,  3.043063963493E-02,NaN,NaN,  6.659618287959E-02,  3.364315304010E+16,  1.451587576868E+18,  1.347455421341E+20,  7.918281984029E+18,  8.399245598877E+19,  1.185884203868E+20,  1.032105395980E+16,  2.228332273658E+02,  1.183002157451E+02,  9.496083281040E+01,NaN,  9.570193703222E+00,NaN,  1.985107038851E-03,  2.840573981198E-02,NaN,  6.226639141669E+06,  1.628101198512E-05
  9.443708262557E+05,  1.941331456640E+03,  1.941527469947E+03,  1.029622065909E+01,  6.304205827064E+02,  6.201128810367E+02,  2.959799467592E-02,NaN,NaN,  7.995709457996E-02,  3.369781560758E+16,  1.387241362681E+18,  1.347980909637E+20,  7.982879554320E+18,  8.193049281020E+19,  1.204578662880E+20,  1.806637183689E+16,  2.262372209359E+02,  1.216848933323E+02,  9.499786617376E+01,NaN,  9.550986621712E+00,NaN,  3.474808099986E-03,  2.825510495749E-02,NaN,  6.234334693445E+06,  1.780223725400E-05
  9.915940063464E+05,  1.935516687282E+03,  1.935856233435E+03,  2.085344595066E+01,  6.197773142749E+02,  5.989006472157E+02,  2.888559873231E-02,NaN,NaN,  6.838648376344E-02,  3.369637691393E+16,  1.388644020461E+18,  1.347845382787E+20,  7.981452100562E+18,  8.195850425190E+19,  1.202813971586E+20,  3.202663192522E+16,  2.260841235141E+02,  1.215584538844E+02,  9.498831502842E+01,NaN,  9.531194736845E+00,NaN,  6.159864362018E-03,  2.826250773830E-02,NaN,  6.241127244534E+06,  1.929423890910E-05
  1.041331966404E+06,  1.928827109638E+03,  1.929019614389E+03,  9.467804670461E+00,  5.878904295778E+02,  5.784115866885E+02,  2.809181435418E-02,NaN,NaN,  8.539677172653E-02,  3.375500122559E+16,  1.319483879238E+18,  1.348409438341E+20,  8.048778736155E+18,  7.964149520225E+19,  1.223897147776E+20,  7.277047596361E+16,  2.299193387169E+02,  1.253667505938E+02,  9.502806638818E+01,NaN,  9.510525375275E+00,NaN,  1.399635973405E-02,  2.809798136164E-02,NaN,  6.249296004062E+06,  2.130020715142E-05
  1.093445535737E+06,  1.920836854314E+03,  1.920938608541E+03,  3.888089467612E+00,  5.626836598650E+02,  5.587833886125E+02,  2.718573482047E-02,NaN,NaN,  1.099171601530E-01,  3.378977740591E+16,  1.278273004195E+18,  1.348688696943E+20,  8.087939767228E+18,  7.817914797493E+19,  1.236118678283E+20,  1.244135149594E+17,  2.322193316254E+02,  1.276585323642E+02,  9.504774691264E+01,NaN,  9.489123189268E+00,NaN,  2.392915929285E-02,  2.800239120419E-02,NaN,  6.254267533444E+06,  2.400860749802E-05
  1.148763355207E+06,  1.915337767070E+03,  1.915428989120E+03,  3.268817119322E+00,  5.428846581999E+02,  5.396054091641E+02,  2.659446235358E-02,NaN,NaN,  1.172083335406E-01,  3.382462083588E+16,  1.236964000600E+18,  1.348961510058E+20,  8.127569673913E+18,  7.664385340132E+19,  1.248340486475E+20,  1.383600535823E+17,  2.345196893807E+02,  1.299593944071E+02,  9.506697319669E+01,NaN,  9.466710200411E+00,NaN,  2.661157642736E-02,  2.790824689729E-02,NaN,  6.255575656276E+06,  2.609716390833E-05
  1.206613647917E+06,  1.906064319843E+03,  1.906164273155E+03,  3.519752042185E+00,  5.235150261794E+02,  5.199839325220E+02,  2.558601001781E-02,NaN,NaN,  1.192708761767E-01,  3.383881430142E+16,  1.219938057304E+18,  1.348986099741E+20,  8.143270965951E+18,  7.596527752601E+19,  1.252241130356E+20,  1.678150186397E+17,  2.353822474993E+02,  1.308378344034E+02,  9.506870613468E+01,NaN,  9.443430143678E+00,NaN,  3.227681746690E-02,  2.787410339703E-02,NaN,  6.257774096334E+06,  3.013133907743E-05
  1.266950199361E+06,  1.900619340654E+03,  1.900708076977E+03,  2.917566647429E+00,  5.053559575899E+02,  5.024288235597E+02,  2.502571094664E-02,NaN,NaN,  1.277408888299E-01,  3.387242190677E+16,  1.180044379264E+18,  1.349234056077E+20,  8.182065436774E+18,  7.441787517190E+19,  1.264329444483E+20,  1.899132778516E+17,  2.376720876030E+02,  1.331299516558E+02,  9.508618065725E+01,NaN,  9.419428188551E+00,NaN,  3.652710140872E-02,  2.778289335447E-02,NaN,  6.259068080689E+06,  3.286315422657E-05
  1.331007177503E+06,  1.895237247656E+03,  1.895324818539E+03,  2.784415882332E+00,  4.881060077947E+02,  4.853123053064E+02,  2.447290188254E-02,NaN,NaN,  1.320915128072E-01,  3.390508205990E+16,  1.141244581312E+18,  1.349463262307E+20,  8.220364833687E+18,  7.286697032178E+19,  1.276260482371E+20,  2.162483487833E+17,  2.399436955175E+02,  1.354055158071E+02,  9.510233378129E+01,NaN,  9.394253653669E+00,NaN,  4.159227545768E-02,  2.769414199631E-02,NaN,  6.260344240470E+06,  3.585935578306E-05
  1.397629366594E+06,  1.886410272575E+03,  1.886508869218E+03,  3.105908838799E+00,  4.721144715781E+02,  4.689980936706E+02,  2.354669075126E-02,NaN,NaN,  1.333284142473E-01,  3.391596605881E+16,  1.128081033203E+18,  1.349431005575E+20,  8.232527264985E+18,  7.228715029727E+19,  1.278739728207E+20,  2.723550017055E+17,  2.405844498876E+02,  1.360637254892E+02,  9.510006051415E+01,NaN,  9.368280296981E+00,NaN,  5.238358728262E-02,  2.767047216071E-02,NaN,  6.262433027662E+06,  4.151913381353E-05
  1.468076874534E+06,  1.880902736203E+03,  1.880989002018E+03,  2.518772247138E+00,  4.556905907608E+02,  4.531631934350E+02,  2.300540830780E-02,NaN,NaN,  1.438464397805E-01,  3.394859335422E+16,  1.089278120212E+18,  1.349646534976E+20,  8.271251362278E+18,  7.067586885879E+19,  1.290942952283E+20,  3.189611809285E+17,  2.429218032072E+02,  1.384041198808E+02,  9.511524977462E+01,NaN,  9.341085932801E+00,NaN,  6.134761893965E-02,  2.758150124919E-02,NaN,  6.263740151750E+06,  4.561987532514E-05
  1.543312481317E+06,  1.875451907078E+03,  1.875536499061E+03,  2.377354995867E+00,  4.400910562020E+02,  4.377054252543E+02,  2.247073165413E-02,NaN,NaN,  1.494460556762E-01,  3.398030842924E+16,  1.051525498809E+18,  1.349841559580E+20,  8.309444855465E+18,  6.906029563194E+19,  1.302941359939E+20,  3.770029155870E+17,  2.452365189115E+02,  1.407226104117E+02,  9.512899397611E+01,NaN,  9.312403407617E+00,NaN,  7.251111604629E-02,  2.749517049726E-02,NaN,  6.265030784889E+06,  5.016497388974E-05
  1.620883311077E+06,  1.867083446289E+03,  1.867213738443E+03,  4.024032440439E+00,  4.270667709846E+02,  4.230284605246E+02,  2.162515951399E-02,NaN,NaN,  1.359897205152E-01,  3.398787075379E+16,  1.042240350206E+18,  1.349747929273E+20,  8.317745875897E+18,  6.859688672262E+19,  1.303709726120E+20,  4.981239940668E+17,  2.456176013102E+02,  1.411162701840E+02,  9.512239545581E+01,NaN,  9.283128648098E+00,NaN,  9.580702229580E-02,  2.748299660931E-02,NaN,  6.266999789661E+06,  5.821763014078E-05
  1.702093875222E+06,  1.860771971097E+03,  1.860856103751E+03,  2.159936457518E+00,  4.100912934623E+02,  4.079236528904E+02,  2.103118186750E-02,NaN,NaN,  1.635960832934E-01,  3.402389235300E+16,  9.993723468081E+17,  1.349982006156E+20,  8.361782131734E+18,  6.670854350588E+19,  1.318104816842E+20,  6.304035815359E+17,  2.483748149277E+02,  1.438619347477E+02,  9.513889183514E+01,NaN,  9.252739236844E+00,NaN,  1.212491080754E-01,  2.738300864605E-02,NaN,  6.268503044128E+06,  6.544874256275E-05
  1.787418623148E+06,  1.855380633399E+03,  1.855463476076E+03,  2.045351196601E+00,  3.963616006712E+02,  3.943088489075E+02,  2.052736237334E-02,NaN,NaN,  1.701122245378E-01,  3.405387644740E+16,  9.636069278980E+17,  1.350137170671E+20,  8.398795026089E+18,  6.507095980000E+19,  1.329810564304E+20,  7.831201155262E+17,  2.506770955609E+02,  1.461554206901E+02,  9.514982692908E+01,NaN,  9.221225993686E+00,NaN,  1.506219480735E-01,  2.730175429389E-02,NaN,  6.269777554505E+06,  7.245672647165E-05
  1.876816409092E+06,  1.848885013741E+03,  1.849133150550E+03,  8.478111467254E+00,  3.896964004310E+02,  3.811864056591E+02,  1.989215917492E-02,NaN,NaN,  1.229253242147E-01,  3.405007759501E+16,  9.676986563838E+17,  1.349886298090E+20,  8.392639420355E+18,  6.515630254856E+19,  1.324545497784E+20,  1.032721190140E+18,  2.500613678528E+02,  1.455419841656E+02,  9.513214688647E+01,NaN,  9.188607657624E+00,NaN,  1.986291430801E-01,  2.732755478676E-02,NaN,  6.271273016865E+06,  8.189045732236E-05
  1.970763749306E+06,  1.841042171522E+03,  1.841125868193E+03,  1.887412305501E+00,  3.704038710561E+02,  3.685094407505E+02,  1.918118873361E-02,NaN,NaN,  1.862476026632E-01,  3.409360980166E+16,  9.158972011333E+17,  1.350183845032E+20,  8.447340661958E+18,  6.275903104054E+19,  1.343332327586E+20,  1.526480675945E+18,  2.536765756819E+02,  1.490753215367E+02,  9.515311626699E+01,NaN,  9.154541163641E+00,NaN,  2.935967146661E-01,  2.720437160095E-02,NaN,  6.273163609639E+06,  9.607231860734E-05
  2.069422384772E+06,  1.835624007140E+03,  1.835705273665E+03,  1.748530584973E+00,  3.581155120241E+02,  3.563604115112E+02,  1.869989154542E-02,NaN,NaN,  1.952035664038E-01,  3.412238828512E+16,  8.814934055619E+17,  1.350298636854E+20,  8.483571051640E+18,  6.107947925445E+19,  1.354778765226E+20,  2.046366185003E+18,  2.560320281401E+02,  1.513579807028E+02,  9.516120612796E+01,NaN,  9.119252056427E+00,NaN,  3.935892529716E-01,  2.712831874278E-02,NaN,  6.274442809023E+06,  1.073971978332E-04
  2.173898477954E+06,  1.830044258104E+03,  1.830127623744E+03,  1.739448269212E+00,  3.459429109855E+02,  3.441967999828E+02,  1.820464933353E-02,NaN,NaN,  2.012912344603E-01,  3.415147883053E+16,  8.466979215256E+17,  1.350406075342E+20,  8.520682499659E+18,  5.933721959216E+19,  1.366550097330E+20,  2.841095713004E+18,  2.585082514097E+02,  1.537106526035E+02,  9.516877776863E+01,NaN,  9.082376932131E+00,NaN,  5.464441054083E-01,  2.705233535833E-02,NaN,  6.275758522039E+06,  1.208035495129E-04
  2.283031355410E+06,  1.820996280695E+03,  1.821079947760E+03,  1.636379941948E+00,  3.342733629602E+02,  3.326306711406E+02,  1.738928218320E-02,NaN,NaN,  2.147433268220E-01,  3.416173358643E+16,  8.341331270410E+17,  1.350281852365E+20,  8.532476153955E+18,  5.863323061335E+19,  1.368104125258E+20,  5.131379854995E+18,  2.595103221087E+02,  1.543191836610E+02,  9.516002325461E+01,NaN,  9.044167706066E+00,NaN,  9.869474870342E-01,  2.704265404706E-02,NaN,  6.277891595439E+06,  1.472080567908E-04
  2.397615058212E+06,  1.815244425305E+03,  1.815330996317E+03,  1.639721259564E+00,  3.226673866182E+02,  3.210212065129E+02,  1.690550881258E-02,NaN,NaN,  2.217439380639E-01,  3.419077730251E+16,  7.993521072743E+17,  1.350369582690E+20,  8.569763451731E+18,  5.682922783123E+19,  1.379994396200E+20,  7.731429631447E+18,  2.623739888846E+02,  1.567161271383E+02,  9.516620597842E+01,NaN,  9.004625912110E+00,NaN,  1.487029855822E+00,  2.697379892397E-02,NaN,  6.279246202922E+06,  1.677049094801E-04
  2.517732130803E+06,  1.809743175591E+03,  1.809826114985E+03,  1.483691986235E+00,  3.120516323068E+02,  3.105620767461E+02,  1.644227390389E-02,NaN,NaN,  2.347828636654E-01,  3.421804517032E+16,  7.666521547543E+17,  1.350426958286E+20,  8.605068479166E+18,  5.508350226793E+19,  1.391040745490E+20,  1.161004534121E+19,  2.653464451670E+02,  1.589793532341E+02,  9.517024947721E+01,NaN,  8.963816369623E+00,NaN,  2.233026086095E+00,  2.691561177081E-02,NaN,  6.280542747094E+06,  1.907120161154E-04
  2.644558153255E+06,  1.800660851624E+03,  1.800749114956E+03,  1.497718634800E+00,  3.015430241186E+02,  3.000392768449E+02,  1.566220987200E-02,NaN,NaN,  2.475137779790E-01,  3.422787993239E+16,  7.545426024031E+17,  1.350266172375E+20,  8.616343748130E+18,  5.435659776927E+19,  1.391982842251E+20,  2.238044940619E+19,  2.679060299921E+02,  1.595212592723E+02,  9.515891821996E+01,NaN,  8.921293312219E+00,NaN,  4.304559187650E+00,  2.694014203760E-02,NaN,  6.282679436697E+06,  2.377915811296E-04
  2.777762193906E+06,  1.794877997825E+03,  1.794961966255E+03,  1.334428423227E+00,  2.912119899064E+02,  2.898721687460E+02,  1.520209938181E-02,NaN,NaN,  2.642834953259E-01,  3.425560349034E+16,  7.212629699206E+17,  1.350306911630E+20,  8.652405632888E+18,  5.252152369225E+19,  1.403345003142E+20,  3.263944737833E+19,  2.721824438249E+02,  1.618654234577E+02,  9.516178928609E+01,NaN,  8.877500435878E+00,NaN,  6.277730645271E+00,  2.690413717747E-02,NaN,  6.284040940589E+06,  2.753874701808E-04
  2.917054754490E+06,  1.789093816555E+03,  1.789177688333E+03,  1.266588102972E+00,  2.813073368867E+02,  2.800355937289E+02,  1.474221713450E-02,NaN,NaN,  2.781184085179E-01,  3.428273958522E+16,  6.886637333109E+17,  1.350332451772E+20,  8.688061826189E+18,  5.067862765271E+19,  1.414538286214E+20,  4.544834866936E+19,  2.769274129322E+02,  1.641898117106E+02,  9.516358920697E+01,NaN,  8.832672496542E+00,NaN,  8.741339518145E+00,  2.687898951627E-02,NaN,  6.285401172117E+06,  3.205701431824E-04
  3.064763940558E+06,  1.780064015331E+03,  1.780151851409E+03,  1.239942758697E+00,  2.720094281596E+02,  2.707643935906E+02,  1.400523332946E-02,NaN,NaN,  2.975230323578E-01,  3.429175395605E+16,  6.774909336216E+17,  1.350131069645E+20,  8.698180376619E+18,  4.995856066998E+19,  1.414571694491E+20,  6.967097784202E+19,  2.819470955711E+02,  1.646113397584E+02,  9.514939696421E+01,NaN,  8.786143225454E+00,NaN,  1.340021562299E+01,  2.695357753301E-02,NaN,  6.287522497753E+06,  4.110103213434E-04
  3.218057077623E+06,  1.762340598641E+03,  1.762715930300E+03,  7.213307416001E+00,  2.692219080528E+02,  2.619722564971E+02,  1.266262849198E-02,NaN,NaN,  2.185395515840E-01,  3.433873952999E+16,  6.213618123401E+17,  1.350376778745E+20,  8.762747634152E+18,  4.676142596968E+19,  1.439088580728E+20,  1.262028603419E+20,  2.974215024923E+02,  1.692419851005E+02,  9.516671311459E+01,NaN,  8.739490004888E+00,NaN,  2.427331427232E+01,  2.700375744760E-02,NaN,  6.291616322901E+06,  6.960226239049E-04
  3.379360945468E+06,  1.682791514917E+03,  1.684883854437E+03,  1.740885223329E+01,  2.706757608682E+02,  2.531466606453E+02,  7.576504109755E-03,NaN,NaN,  5.047906586196E-01,  3.455954161605E+16,  3.589330058261E+17,  1.352714584099E+20,  9.091895388738E+18,  3.016808657978E+19,  1.598156614200E+20,  4.341508626660E+20,  3.844905419490E+02,  1.969591721449E+02,  9.533146805929E+01,NaN,  8.697195842962E+00,NaN,  8.350270590177E+01,  2.713527934583E-02,NaN,  6.309824976002E+06,  4.781719556679E-02
  3.415684952220E+06,  1.419844435452E+03,  1.660000063365E+03,  1.944782147904E-01,  2.710512743429E+02,  2.511192186366E+02,  6.219811616510E-03,NaN,NaN,  5.186460798820E+03,  3.461646926514E+16,  2.911477467567E+17,  1.353339147776E+20,  9.180768538960E+18,  2.522529651123E+19,  1.646497238261E+20,  5.399872233028E+20,  4.132616341660E+02,  2.053380268745E+02,  9.537548368009E+01,NaN,  8.689308218787E+00,NaN,  1.038588153926E+02,  2.719220632673E-02,NaN,  6.315623928565E+06,  5.952838256749E+12
