t(yr),T_surf(K),T_pot(K),flux_surf(W/m2),flux_OLR(W/m2),flux_ASR(W/m2),phi(vol_frac),fO2_solid(bar),fO2_melt(bar),thick_surf_bl(m),massC_solid(kg),massC_melt(kg),massC_atm(kg),massH_solid(kg),massH_melt(kg),massH_atm(kg),massO_atm(kg),p_surf(bar),p_H2O(bar),p_CO2(bar),p_CO(bar),p_H2(bar),p_CH4(bar),p_O2(bar),mmw(kg/mol),R_trans(m),R_solid(m),viscosity(Pa.s)
  3.456412679594E-06,  3.598991165932E+03,  3.599999999996E+03,  3.173414430268E+02,  1.464333117833E+05,  9.918599818371E+02,  9.305230993344E-01,NaN,NaN,  1.335187433863E-02,  4.084955739449E+15,  6.612802035978E+19,  2.067843814670E+20,  6.117546608165E+17,  8.232904043107E+20,  6.739085429829E+19,  1.052196068052E+13,  1.821951121595E+02,  2.646548698617E+01,  1.457296231496E+02,NaN,  1.000000000000E+01,NaN,  2.023748571684E-06,  3.792893947480E-02,NaN,  3.504050000000E+06,  4.266428404977E-07
  6.912825359187E-06,  3.598982332223E+03,  3.599999999993E+03,  3.210518436240E+02,  1.464311109643E+05,  9.918599818371E+02,  9.305230993329E-01,NaN,NaN,  1.331312906552E-02,  4.084955739542E+15,  6.612802035970E+19,  2.067843814670E+20,  6.117546608312E+17,  8.232904043106E+20,  6.739085429830E+19,  1.052196068052E+13,  1.821951121596E+02,  2.646548698623E+01,  1.457296231497E+02,NaN,  9.999999999996E+00,NaN,  2.023748571684E-06,  3.792893947480E-02,NaN,  3.504050000000E+06,  4.266428404988E-07
  1.036923803878E-05,  3.598973498875E+03,  3.599999999989E+03,  3.247728439348E+02,  1.464289102627E+05,  9.918599818371E+02,  9.305230993313E-01,NaN,NaN,  1.327483119745E-02,  4.084955739636E+15,  6.612802035962E+19,  2.067843814671E+20,  6.117546608460E+17,  8.232904043106E+20,  6.739085429831E+19,  1.052196068052E+13,  1.821951121597E+02,  2.646548698628E+01,  1.457296231497E+02,NaN,  9.999999999991E+00,NaN,  2.023748571684E-06,  3.792893947479E-02,NaN,  3.504050000000E+06,  4.266428404998E-07
  2.080702023837E-05,  3.598946825849E+03,  3.599999999978E+03,  3.360733312618E+02,  1.464222652306E+05,  9.918599818371E+02,  9.305230993265E-01,NaN,NaN,  1.316180407532E-02,  4.084955739927E+15,  6.612802035935E+19,  2.067843814674E+20,  6.117546608918E+17,  8.232904043104E+20,  6.739085429838E+19,  1.052196068052E+13,  1.821951121601E+02,  2.646548698646E+01,  1.457296231499E+02,NaN,  9.999999999985E+00,NaN,  2.023748571684E-06,  3.792893947478E-02,NaN,  3.504050000000E+06,  4.266428405032E-07
  3.124480243796E-05,  3.598920155761E+03,  3.599999999966E+03,  3.474683699906E+02,  1.464156211831E+05,  9.918599818371E+02,  9.305230993215E-01,NaN,NaN,  1.305254247508E-02,  4.084955740226E+15,  6.612802035909E+19,  2.067843814676E+20,  6.117546609390E+17,  8.232904043103E+20,  6.739085429846E+19,  1.052196068052E+13,  1.821951121605E+02,  2.646548698665E+01,  1.457296231501E+02,NaN,  9.999999999979E+00,NaN,  2.023748571684E-06,  3.792893947477E-02,NaN,  3.504050000000E+06,  4.266428405066E-07
  4.168258463755E-05,  3.598893488872E+03,  3.599999999954E+03,  3.589562325308E+02,  1.464089781845E+05,  9.918599818371E+02,  9.305230993163E-01,NaN,NaN,  1.294683340792E-02,  4.084955740535E+15,  6.612802035881E+19,  2.067843814679E+20,  6.117546609878E+17,  8.232904043101E+20,  6.739085429854E+19,  1.052196068052E+13,  1.821951121608E+02,  2.646548698684E+01,  1.457296231503E+02,NaN,  9.999999999973E+00,NaN,  2.023748571684E-06,  3.792893947475E-02,NaN,  3.504050000000E+06,  4.266428405101E-07
  5.212036683714E-05,  3.598866825277E+03,  3.599999999941E+03,  3.705353231073E+02,  1.464023362592E+05,  9.918599818371E+02,  9.305230993110E-01,NaN,NaN,  1.284448010814E-02,  4.084955740854E+15,  6.612802035852E+19,  2.067843814682E+20,  6.117546610381E+17,  8.232904043099E+20,  6.739085429863E+19,  1.052196068052E+13,  1.821951121612E+02,  2.646548698703E+01,  1.457296231505E+02,NaN,  9.999999999968E+00,NaN,  2.023748571684E-06,  3.792893947474E-02,NaN,  3.504050000000E+06,  4.266428405138E-07
  7.325612931966E-05,  3.598812843699E+03,  3.599999999914E+03,  3.942553865365E+02,  1.463888901718E+05,  9.918599818371E+02,  9.305230992998E-01,NaN,NaN,  1.264676723752E-02,  4.084955741532E+15,  6.612802035791E+19,  2.067843814688E+20,  6.117546611449E+17,  8.232904043095E+20,  6.739085429881E+19,  1.052196068052E+13,  1.821951121621E+02,  2.646548698745E+01,  1.457296231509E+02,NaN,  9.999999999956E+00,NaN,  2.023748571684E-06,  3.792893947471E-02,NaN,  3.504050000000E+06,  4.266428405215E-07
  1.063391227003E-04,  3.598728376386E+03,  3.599999999869E+03,  4.320942900578E+02,  1.463678525718E+05,  9.918599818371E+02,  9.305230992807E-01,NaN,NaN,  1.236030827654E-02,  4.084955742677E+15,  6.612802035688E+19,  2.067843814698E+20,  6.117546613255E+17,  8.232904043089E+20,  6.739085429912E+19,  1.052196094895E+13,  1.821951121635E+02,  2.646548698816E+01,  1.457296231516E+02,NaN,  9.999999999938E+00,NaN,  2.023748623312E-06,  3.792893947466E-02,NaN,  3.504050000000E+06,  4.266428405346E-07
  1.394221160810E-04,  3.598643943577E+03,  3.599999999820E+03,  4.707649036768E+02,  1.463468260954E+05,  9.918599818371E+02,  9.305230992599E-01,NaN,NaN,  1.209826003728E-02,  4.084955743929E+15,  6.612802035575E+19,  2.067843814709E+20,  6.117546615230E+17,  8.232904043082E+20,  6.739085429948E+19,  1.052196094895E+13,  1.821951121650E+02,  2.646548698893E+01,  1.457296231524E+02,NaN,  9.999999999920E+00,NaN,  2.023748623312E-06,  3.792893947461E-02,NaN,  3.504050000000E+06,  4.266428405490E-07
  2.150565453809E-04,  3.598451045453E+03,  3.599999999691E+03,  5.621064785617E+02,  1.462987977679E+05,  9.918599818371E+02,  9.305230992054E-01,NaN,NaN,  1.157362180585E-02,  4.084955747204E+15,  6.612802035281E+19,  2.067843814738E+20,  6.117546620392E+17,  8.232904043065E+20,  6.739085430044E+19,  1.052196094895E+13,  1.821951121690E+02,  2.646548699094E+01,  1.457296231544E+02,NaN,  9.999999999878E+00,NaN,  2.023748623312E-06,  3.792893947446E-02,NaN,  3.504050000000E+06,  4.266428405864E-07
  2.906909746808E-04,  3.598258335092E+03,  3.599999999538E+03,  6.572336482681E+02,  1.462508293693E+05,  9.918599818371E+02,  9.305230991412E-01,NaN,NaN,  1.112996982656E-02,  4.084955751069E+15,  6.612802034934E+19,  2.067843814773E+20,  6.117546626486E+17,  8.232904043044E+20,  6.739085430161E+19,  1.052196094895E+13,  1.821951121738E+02,  2.646548699332E+01,  1.457296231569E+02,NaN,  9.999999999837E+00,NaN,  2.023748623312E-06,  3.792893947429E-02,NaN,  3.504050000000E+06,  4.266428406307E-07
  3.663254039807E-04,  3.598065817149E+03,  3.599999999362E+03,  7.558407827099E+02,  1.462029220165E+05,  9.918599818371E+02,  9.305230990667E-01,NaN,NaN,  1.074772025848E-02,  4.084955755546E+15,  6.612802034532E+19,  2.067843814812E+20,  6.117546633546E+17,  8.232904043021E+20,  6.739085430299E+19,  1.052196068052E+13,  1.821951121793E+02,  2.646548699608E+01,  1.457296231597E+02,NaN,  9.999999999795E+00,NaN,  2.023748571684E-06,  3.792893947409E-02,NaN,  3.504050000000E+06,  4.266428406819E-07
  4.419598332806E-04,  3.597873496196E+03,  3.599999999160E+03,  8.576731171187E+02,  1.461550768043E+05,  9.918599818371E+02,  9.305230989817E-01,NaN,NaN,  1.041342239882E-02,  4.084955760659E+15,  6.612802034073E+19,  2.067843814858E+20,  6.117546641607E+17,  8.232904042994E+20,  6.739085430461E+19,  1.052196068052E+13,  1.821951121856E+02,  2.646548699923E+01,  1.457296231629E+02,NaN,  9.999999999754E+00,NaN,  2.023748571684E-06,  3.792893947386E-02,NaN,  3.504050000000E+06,  4.266428407404E-07
  5.922991321769E-04,  3.597491818558E+03,  3.599999998683E+03,  1.068838537157E+03,  1.460601626501E+05,  9.918599818371E+02,  9.305230987801E-01,NaN,NaN,  9.855891378199E-03,  4.084955772782E+15,  6.612802032986E+19,  2.067843814966E+20,  6.117546660721E+17,  8.232904042930E+20,  6.739085430853E+19,  1.052196094895E+13,  1.821951122006E+02,  2.646548700670E+01,  1.457296231705E+02,NaN,  9.999999999671E+00,NaN,  2.023748623312E-06,  3.792893947332E-02,NaN,  3.504050000000E+06,  4.266428408791E-07
  7.426384310732E-04,  3.597110964529E+03,  3.599999998097E+03,  1.290537390635E+03,  1.459655047557E+05,  9.918599818371E+02,  9.305230985331E-01,NaN,NaN,  9.402239000692E-03,  4.084955787634E+15,  6.612802031654E+19,  2.067843815098E+20,  6.117546684137E+17,  8.232904042852E+20,  6.739085431343E+19,  1.052196094895E+13,  1.821951122190E+02,  2.646548701586E+01,  1.457296231798E+02,NaN,  9.999999999589E+00,NaN,  2.023748623312E-06,  3.792893947264E-02,NaN,  3.504050000000E+06,  4.266428410490E-07
  8.929777299695E-04,  3.596730960350E+03,  3.599999997400E+03,  1.521692609313E+03,  1.458711092816E+05,  9.918599818371E+02,  9.305230982387E-01,NaN,NaN,  9.022818093132E-03,  4.084955805341E+15,  6.612802030066E+19,  2.067843815256E+20,  6.117546712055E+17,  8.232904042759E+20,  6.739085431935E+19,  1.052196068052E+13,  1.821951122409E+02,  2.646548702677E+01,  1.457296231909E+02,NaN,  9.999999999507E+00,NaN,  2.023748571684E-06,  3.792893947184E-02,NaN,  3.504050000000E+06,  4.266428412516E-07
  1.043317028866E-03,  3.596351829283E+03,  3.599999996585E+03,  1.761435735873E+03,  1.457769816354E+05,  9.918599818371E+02,  9.305230978949E-01,NaN,NaN,  8.698757698879E-03,  4.084955826019E+15,  6.612802028212E+19,  2.067843815440E+20,  6.117546744656E+17,  8.232904042651E+20,  6.739085432634E+19,  1.052196094895E+13,  1.821951122666E+02,  2.646548703952E+01,  1.457296232039E+02,NaN,  9.999999999424E+00,NaN,  2.023748623312E-06,  3.792893947089E-02,NaN,  3.504050000000E+06,  4.266428414882E-07
  1.193656327762E-03,  3.595973592347E+03,  3.599999995649E+03,  2.009047348948E+03,  1.456831266579E+05,  9.918599818371E+02,  9.305230974999E-01,NaN,NaN,  8.417369493779E-03,  4.084955849769E+15,  6.612802026084E+19,  2.067843815652E+20,  6.117546782101E+17,  8.232904042527E+20,  6.739085433443E+19,  1.052196094895E+13,  1.821951122961E+02,  2.646548705416E+01,  1.457296232188E+02,NaN,  9.999999999342E+00,NaN,  2.023748623312E-06,  3.792893946981E-02,NaN,  3.504050000000E+06,  4.266428417599E-07
  1.343995626658E-03,  3.595596268790E+03,  3.599999994588E+03,  2.263918734447E+03,  1.455895487396E+05,  9.918599818371E+02,  9.305230970523E-01,NaN,NaN,  8.169749236525E-03,  4.084955876688E+15,  6.612802023671E+19,  2.067843815892E+20,  6.117546824542E+17,  8.232904042387E+20,  6.739085434365E+19,  1.052196068052E+13,  1.821951123295E+02,  2.646548707075E+01,  1.457296232358E+02,NaN,  9.999999999259E+00,NaN,  2.023748571684E-06,  3.792893946858E-02,NaN,  3.504050000000E+06,  4.266428420679E-07
  1.494334925555E-03,  3.595219876370E+03,  3.599999993399E+03,  2.525526015031E+03,  1.454962518937E+05,  9.918599818371E+02,  9.305230965506E-01,NaN,NaN,  7.949429703624E-03,  4.084955906862E+15,  6.612802020967E+19,  2.067843816162E+20,  6.117546872116E+17,  8.232904042230E+20,  6.739085435405E+19,  1.052196094895E+13,  1.821951123670E+02,  2.646548708935E+01,  1.457296232548E+02,NaN,  9.999999999177E+00,NaN,  2.023748623312E-06,  3.792893946719E-02,NaN,  3.504050000000E+06,  4.266428424131E-07
  1.644674224451E-03,  3.594844431556E+03,  3.599999992078E+03,  2.793411991919E+03,  1.454032398052E+05,  9.918599818371E+02,  9.305230959934E-01,NaN,NaN,  7.751579163740E-03,  4.084955940375E+15,  6.612802017964E+19,  2.067843816461E+20,  6.117546924952E+17,  8.232904042056E+20,  6.739085436564E+19,  1.052196094895E+13,  1.821951124087E+02,  2.646548711001E+01,  1.457296232758E+02,NaN,  9.999999999094E+00,NaN,  2.023748623312E-06,  3.792893946566E-02,NaN,  3.504050000000E+06,  4.266428427965E-07
  1.795013523347E-03,  3.594469949676E+03,  3.599999990623E+03,  3.067172980919E+03,  1.453105158695E+05,  9.918599818371E+02,  9.305230953793E-01,NaN,NaN,  7.572501492909E-03,  4.084955977302E+15,  6.612802014655E+19,  2.067843816791E+20,  6.117546983172E+17,  8.232904041864E+20,  6.739085437846E+19,  1.052196068052E+13,  1.821951124546E+02,  2.646548713278E+01,  1.457296232991E+02,NaN,  9.999999999012E+00,NaN,  2.023748571684E-06,  3.792893946396E-02,NaN,  3.504050000000E+06,  4.266428432190E-07
  1.945352822244E-03,  3.594096445040E+03,  3.599999989030E+03,  3.346449009004E+03,  1.452180832236E+05,  9.918599818371E+02,  9.305230947074E-01,NaN,NaN,  7.409311987555E-03,  4.084956017715E+15,  6.612802011034E+19,  2.067843817152E+20,  6.117547046888E+17,  8.232904041654E+20,  6.739085439252E+19,  1.052196068052E+13,  1.821951125049E+02,  2.646548715769E+01,  1.457296233245E+02,NaN,  9.999999998930E+00,NaN,  2.023748571684E-06,  3.792893946210E-02,NaN,  3.504050000000E+06,  4.266428436814E-07
  2.178994335683E-03,  3.593517954006E+03,  3.599999986277E+03,  3.790664881359E+03,  1.450750189644E+05,  9.918599818371E+02,  9.305230935454E-01,NaN,NaN,  7.181994818369E-03,  4.084956087596E+15,  6.612802004772E+19,  2.067843817776E+20,  6.117547157063E+17,  8.232904041291E+20,  6.739085441692E+19,  1.052196068052E+13,  1.821951125918E+02,  2.646548720078E+01,  1.457296233685E+02,NaN,  9.999999998802E+00,NaN,  2.023748571684E-06,  3.792893945889E-02,NaN,  3.504050000000E+06,  4.266428444808E-07
  2.412635849122E-03,  3.592941901822E+03,  3.599999983175E+03,  4.246352268141E+03,  1.449326751234E+05,  9.918599818371E+02,  9.305230922368E-01,NaN,NaN,  6.981036854670E-03,  4.084956166294E+15,  6.612801997722E+19,  2.067843818479E+20,  6.117547281138E+17,  8.232904040882E+20,  6.739085444449E+19,  1.052196068052E+13,  1.821951126898E+02,  2.646548724930E+01,  1.457296234181E+02,NaN,  9.999999998673E+00,NaN,  2.023748571684E-06,  3.792893945526E-02,NaN,  3.504050000000E+06,  4.266428453812E-07
  2.646277362561E-03,  3.592368330980E+03,  3.599999979718E+03,  4.712575305709E+03,  1.447910606226E+05,  9.918599818371E+02,  9.305230907781E-01,NaN,NaN,  6.801572944645E-03,  4.084956254025E+15,  6.612801989862E+19,  2.067843819263E+20,  6.117547419455E+17,  8.232904040427E+20,  6.739085447529E+19,  1.052196068052E+13,  1.821951127990E+02,  2.646548730339E+01,  1.457296234733E+02,NaN,  9.999999998545E+00,NaN,  2.023748571684E-06,  3.792893945122E-02,NaN,  3.504050000000E+06,  4.266428463849E-07
  2.879918876001E-03,  3.591797280031E+03,  3.599999975897E+03,  5.188509522437E+03,  1.446501833873E+05,  9.918599818371E+02,  9.305230891659E-01,NaN,NaN,  6.639926647019E-03,  4.084956350986E+15,  6.612801981175E+19,  2.067843820130E+20,  6.117547572325E+17,  8.232904039925E+20,  6.739085450941E+19,  1.052196041210E+13,  1.821951129197E+02,  2.646548736317E+01,  1.457296235344E+02,NaN,  9.999999998417E+00,NaN,  2.023748520056E-06,  3.792893944675E-02,NaN,  3.504050000000E+06,  4.266428474942E-07
  3.279337779239E-03,  3.590826983295E+03,  3.599999968502E+03,  6.022563610917E+03,  1.444110760895E+05,  9.918599818371E+02,  9.305230860456E-01,NaN,NaN,  6.397032951068E-03,  4.084956538642E+15,  6.612801964365E+19,  2.067843821807E+20,  6.117547868184E+17,  8.232904038952E+20,  6.739085457559E+19,  1.052196014367E+13,  1.821951131534E+02,  2.646548747887E+01,  1.457296236526E+02,NaN,  9.999999998198E+00,NaN,  2.023748468429E-06,  3.792893943809E-02,NaN,  3.504050000000E+06,  4.266428496411E-07
  3.678756682478E-03,  3.589864310896E+03,  3.599999959991E+03,  6.879695651632E+03,  1.441741747336E+05,  9.918599818371E+02,  9.305230824543E-01,NaN,NaN,  6.187733928249E-03,  4.084956754628E+15,  6.612801945017E+19,  2.067843823737E+20,  6.117548208707E+17,  8.232904037834E+20,  6.739085465193E+19,  1.052195987525E+13,  1.821951134224E+02,  2.646548761204E+01,  1.457296237886E+02,NaN,  9.999999997979E+00,NaN,  2.023748416801E-06,  3.792893942812E-02,NaN,  3.504050000000E+06,  4.266428521121E-07
  4.078175585716E-03,  3.588909399144E+03,  3.599999950335E+03,  7.757193843954E+03,  1.439395046935E+05,  9.918599818371E+02,  9.305230783799E-01,NaN,NaN,  6.004789352864E-03,  4.084956999666E+15,  6.612801923068E+19,  2.067843825928E+20,  6.117548595034E+17,  8.232904036565E+20,  6.739085473870E+19,  1.052195960682E+13,  1.821951137276E+02,  2.646548776312E+01,  1.457296239430E+02,NaN,  9.999999997760E+00,NaN,  2.023748365173E-06,  3.792893941680E-02,NaN,  3.504050000000E+06,  4.266428549155E-07
  4.477594488955E-03,  3.587962366872E+03,  3.599999939508E+03,  8.652714277498E+03,  1.437070869541E+05,  9.918599818371E+02,  9.305230738119E-01,NaN,NaN,  5.842999485771E-03,  4.084957274397E+15,  6.612801898459E+19,  2.067843828384E+20,  6.117549028175E+17,  8.232904035143E+20,  6.739085483612E+19,  1.052195960682E+13,  1.821951140699E+02,  2.646548793252E+01,  1.457296241161E+02,NaN,  9.999999997541E+00,NaN,  2.023748365173E-06,  3.792893940411E-02,NaN,  3.504050000000E+06,  4.266428580586E-07
  4.877013392194E-03,  3.587023317757E+03,  3.599999927489E+03,  9.564203150925E+03,  1.434769387130E+05,  9.918599818371E+02,  9.305230687406E-01,NaN,NaN,  5.698515601988E-03,  4.084957579391E+15,  6.612801871140E+19,  2.067843831111E+20,  6.117549509028E+17,  8.232904033564E+20,  6.739085494440E+19,  1.052195933840E+13,  1.821951144499E+02,  2.646548812057E+01,  1.457296243083E+02,NaN,  9.999999997322E+00,NaN,  2.023748313545E-06,  3.792893939001E-02,NaN,  3.504050000000E+06,  4.266428615479E-07
  5.276432295432E-03,  3.586092341829E+03,  3.599999914258E+03,  1.048984103189E+04,  1.432490737771E+05,  9.918599818371E+02,  9.305230631578E-01,NaN,NaN,  5.568416530236E-03,  4.084957915152E+15,  6.612801841066E+19,  2.067843834113E+20,  6.117550038388E+17,  8.232904031827E+20,  6.739085506371E+19,  1.052195906997E+13,  1.821951148683E+02,  2.646548832760E+01,  1.457296245198E+02,NaN,  9.999999997103E+00,NaN,  2.023748261917E-06,  3.792893937448E-02,NaN,  3.504050000000E+06,  4.266428653891E-07
  5.675851198671E-03,  3.585169516814E+03,  3.599999899797E+03,  1.142800144940E+04,  1.430235029161E+05,  9.918599818371E+02,  9.305230570559E-01,NaN,NaN,  5.450437576826E-03,  4.084958282127E+15,  6.612801808196E+19,  2.067843837394E+20,  6.117550616959E+17,  8.232904029929E+20,  6.739085519423E+19,  1.052195880155E+13,  1.821951153256E+02,  2.646548855387E+01,  1.457296247511E+02,NaN,  9.999999996884E+00,NaN,  2.023748210290E-06,  3.792893935751E-02,NaN,  3.504050000000E+06,  4.266428695875E-07
  6.075270101909E-03,  3.584254909419E+03,  3.599999884090E+03,  1.237721927658E+04,  1.428002341980E+05,  9.918599818371E+02,  9.305230504285E-01,NaN,NaN,  5.342790827297E-03,  4.084958680710E+15,  6.612801772496E+19,  2.067843840958E+20,  6.117551245363E+17,  8.232904027867E+20,  6.739085533608E+19,  1.052195853312E+13,  1.821951158223E+02,  2.646548879964E+01,  1.457296250023E+02,NaN,  9.999999996665E+00,NaN,  2.023748158662E-06,  3.792893933908E-02,NaN,  3.504050000000E+06,  4.266428741475E-07
  6.474689005148E-03,  3.583348576469E+03,  3.599999867124E+03,  1.333616613798E+04,  1.425792732853E+05,  9.918599818371E+02,  9.305230432698E-01,NaN,NaN,  5.244042405395E-03,  4.084959111248E+15,  6.612801733934E+19,  2.067843844808E+20,  6.117551924148E+17,  8.232904025640E+20,  6.739085548940E+19,  1.052195799627E+13,  1.821951163589E+02,  2.646548906511E+01,  1.457296252736E+02,NaN,  9.999999996446E+00,NaN,  2.023748055406E-06,  3.792893931916E-02,NaN,  3.504050000000E+06,  4.266428790731E-07
  6.874107908386E-03,  3.582450565846E+03,  3.599999848887E+03,  1.430363099852E+04,  1.423606236809E+05,  9.918599818371E+02,  9.305230355747E-01,NaN,NaN,  5.153026443399E-03,  4.084959574047E+15,  6.612801692483E+19,  2.067843848947E+20,  6.117552653795E+17,  8.232904023247E+20,  6.739085565430E+19,  1.052195772784E+13,  1.821951169357E+02,  2.646548935047E+01,  1.457296255652E+02,NaN,  9.999999996227E+00,NaN,  2.023748003779E-06,  3.792893929775E-02,NaN,  3.504050000000E+06,  4.266428843677E-07
  7.273526811625E-03,  3.581560917273E+03,  3.599999829367E+03,  1.527850461483E+04,  1.421442869339E+05,  9.918599818371E+02,  9.305230273387E-01,NaN,NaN,  5.068783414933E-03,  4.084960069374E+15,  6.612801648118E+19,  2.067843853376E+20,  6.117553434725E+17,  8.232904020686E+20,  6.739085583086E+19,  1.052195745942E+13,  1.821951175531E+02,  2.646548965589E+01,  1.457296258774E+02,NaN,  9.999999996008E+00,NaN,  2.023747952151E-06,  3.792893927483E-02,NaN,  3.504050000000E+06,  4.266428900345E-07
  7.672945714863E-03,  3.580679662985E+03,  3.599999808557E+03,  1.625976689137E+04,  1.419302628155E+05,  9.918599818371E+02,  9.305230185581E-01,NaN,NaN,  4.990515051526E-03,  4.084960597459E+15,  6.612801600820E+19,  2.067843858099E+20,  6.117554267301E+17,  8.232904017955E+20,  6.739085601918E+19,  1.052195692257E+13,  1.821951182113E+02,  2.646548998151E+01,  1.457296262102E+02,NaN,  9.999999995789E+00,NaN,  2.023747848895E-06,  3.792893925039E-02,NaN,  3.504050000000E+06,  4.266428960761E-07
  8.072364618102E-03,  3.579806828322E+03,  3.599999786449E+03,  1.724647645719E+04,  1.417185494765E+05,  9.918599818371E+02,  9.305230092294E-01,NaN,NaN,  4.917550801791E-03,  4.084961158500E+15,  6.612801550571E+19,  2.067843863116E+20,  6.117555151836E+17,  8.232904015054E+20,  6.739085621932E+19,  1.052195665414E+13,  1.821951189106E+02,  2.646549032745E+01,  1.457296265638E+02,NaN,  9.999999995570E+00,NaN,  2.023747797267E-06,  3.792893922442E-02,NaN,  3.504050000000E+06,  4.266429024947E-07
  8.727721522557E-03,  3.578392990725E+03,  3.599999747343E+03,  1.887498244874E+04,  1.413761722812E+05,  9.918599818371E+02,  9.305229927289E-01,NaN,NaN,  4.807865545982E-03,  4.084962150872E+15,  6.612801461691E+19,  2.067843871991E+20,  6.117556716403E+17,  8.232904009924E+20,  6.739085657347E+19,  1.052195531202E+13,  1.821951201476E+02,  2.646549093935E+01,  1.457296271893E+02,NaN,  9.999999995211E+00,NaN,  2.023747539128E-06,  3.792893917849E-02,NaN,  3.504050000000E+06,  4.266429138479E-07
  9.383078427011E-03,  3.577001919592E+03,  3.599999704700E+03,  2.051233627961E+04,  1.410399842498E+05,  9.918599818371E+02,  9.305229747362E-01,NaN,NaN,  4.708907661101E-03,  4.084963232989E+15,  6.612801364773E+19,  2.067843881669E+20,  6.117558422463E+17,  8.232904004330E+20,  6.739085695982E+19,  1.052195477516E+13,  1.821951214965E+02,  2.646549160659E+01,  1.457296278713E+02,NaN,  9.999999994852E+00,NaN,  2.023747435873E-06,  3.792893912839E-02,NaN,  3.504050000000E+06,  4.266429262278E-07
  1.003843533147E-02,  3.575633627062E+03,  3.599999658505E+03,  2.215542956237E+04,  1.407099543205E+05,  9.918599818371E+02,  9.305229552446E-01,NaN,NaN,  4.619063321480E-03,  4.084964405249E+15,  6.612801259783E+19,  2.067843892153E+20,  6.117560270641E+17,  8.232903998271E+20,  6.739085737852E+19,  1.052195396989E+13,  1.821951229578E+02,  2.646549232942E+01,  1.457296286102E+02,NaN,  9.999999994492E+00,NaN,  2.023747280990E-06,  3.792893907412E-02,NaN,  3.504050000000E+06,  4.266429396391E-07
  1.069379223592E-02,  3.574288091867E+03,  3.599999608749E+03,  2.380148395747E+04,  1.403860440198E+05,  9.918599818371E+02,  9.305229342503E-01,NaN,NaN,  4.537043618637E-03,  4.084965667888E+15,  6.612801146698E+19,  2.067843903445E+20,  6.117562261310E+17,  8.232903991745E+20,  6.739085782964E+19,  1.052195262776E+13,  1.821951245318E+02,  2.646549310797E+01,  1.457296294060E+02,NaN,  9.999999994133E+00,NaN,  2.023747022851E-06,  3.792893901565E-02,NaN,  3.504050000000E+06,  4.266429540843E-07
  1.134914914037E-02,  3.572965263361E+03,  3.599999555428E+03,  2.544800644553E+04,  1.400682084999E+05,  9.918599818371E+02,  9.305229117517E-01,NaN,NaN,  4.461804382257E-03,  4.084967021000E+15,  6.612801025512E+19,  2.067843915547E+20,  6.117564394616E+17,  8.232903984752E+20,  6.739085831322E+19,  1.052195182249E+13,  1.821951262187E+02,  2.646549394232E+01,  1.457296302589E+02,NaN,  9.999999993774E+00,NaN,  2.023746867967E-06,  3.792893895299E-02,NaN,  3.504050000000E+06,  4.266429695645E-07
  1.200450604483E-02,  3.571665064315E+03,  3.599999498543E+03,  2.709275391165E+04,  1.397563972699E+05,  9.918599818371E+02,  9.305228877494E-01,NaN,NaN,  4.392489008043E-03,  4.084968464548E+15,  6.612800896226E+19,  2.067843928458E+20,  6.117566670506E+17,  8.232903977291E+20,  6.739085882924E+19,  1.052195048036E+13,  1.821951280183E+02,  2.646549483242E+01,  1.457296311687E+02,NaN,  9.999999993414E+00,NaN,  2.023746609828E-06,  3.792893888614E-02,NaN,  3.504050000000E+06,  4.266429860794E-07
  1.265986294928E-02,  3.570387393297E+03,  3.599999438100E+03,  2.873370418704E+04,  1.394505548136E+05,  9.918599818371E+02,  9.305228622459E-01,NaN,NaN,  4.328386878433E-03,  4.084969998381E+15,  6.612800758855E+19,  2.067843942176E+20,  6.117569088735E+17,  8.232903969365E+20,  6.739085937766E+19,  1.052194940666E+13,  1.821951299305E+02,  2.646549577821E+01,  1.457296321355E+02,NaN,  9.999999993055E+00,NaN,  2.023746403317E-06,  3.792893881511E-02,NaN,  3.504050000000E+06,  4.266430036271E-07
  1.331521985374E-02,  3.569132127139E+03,  3.599999374109E+03,  3.036903150048E+04,  1.391506212206E+05,  9.918599818371E+02,  9.305228352455E-01,NaN,NaN,  4.268902591476E-03,  4.084971622236E+15,  6.612800613422E+19,  2.067843956700E+20,  6.117571648896E+17,  8.232903960973E+20,  6.739085995837E+19,  1.052194806453E+13,  1.821951319550E+02,  2.646549677950E+01,  1.457296331591E+02,NaN,  9.999999992696E+00,NaN,  2.023746145178E-06,  3.792893873990E-02,NaN,  3.504050000000E+06,  4.266430222048E-07
  1.444901376587E-02,  3.567012948052E+03,  3.599999255068E+03,  3.318017434602E+04,  1.386454891605E+05,  9.918599818371E+02,  9.305227850171E-01,NaN,NaN,  4.175459960576E-03,  4.084974643076E+15,  6.612800342875E+19,  2.067843983719E+20,  6.117576411531E+17,  8.232903945363E+20,  6.739086103891E+19,  1.052194538028E+13,  1.821951357212E+02,  2.646549864219E+01,  1.457296350632E+02,NaN,  9.999999992074E+00,NaN,  2.023745628901E-06,  3.792893859998E-02,NaN,  3.504050000000E+06,  4.266430567647E-07
  1.558280767801E-02,  3.564959536244E+03,  3.599999125549E+03,  3.596215689980E+04,  1.381574982389E+05,  9.918599818371E+02,  9.305227303674E-01,NaN,NaN,  4.092253851486E-03,  4.084977929822E+15,  6.612800048516E+19,  2.067844013116E+20,  6.117581593393E+17,  8.232903928380E+20,  6.739086221485E+19,  1.052194296445E+13,  1.821951398190E+02,  2.646550066885E+01,  1.457296371350E+02,NaN,  9.999999991453E+00,NaN,  2.023745164250E-06,  3.792893844774E-02,NaN,  3.504050000000E+06,  4.266430943666E-07
  1.671660159015E-02,  3.562970906863E+03,  3.599998985673E+03,  3.870870248103E+04,  1.376862735607E+05,  9.918599818371E+02,  9.305226713475E-01,NaN,NaN,  4.017647739009E-03,  4.084981479398E+15,  6.612799730618E+19,  2.067844044865E+20,  6.117587189630E+17,  8.232903910039E+20,  6.739086348509E+19,  1.052193974334E+13,  1.821951442446E+02,  2.646550285758E+01,  1.457296393724E+02,NaN,  9.999999990831E+00,NaN,  2.023744544717E-06,  3.792893828331E-02,NaN,  3.504050000000E+06,  4.266431349754E-07
  1.785039550228E-02,  3.561045968007E+03,  3.599998835582E+03,  4.141454928008E+04,  1.372314226221E+05,  9.918599818371E+02,  9.305226080177E-01,NaN,NaN,  3.950351909175E-03,  4.084985288181E+15,  6.612799389507E+19,  2.067844078932E+20,  6.117593194531E+17,  8.232903890360E+20,  6.739086484832E+19,  1.052193679066E+13,  1.821951489934E+02,  2.646550520614E+01,  1.457296417733E+02,NaN,  9.999999990209E+00,NaN,  2.023743976811E-06,  3.792893810686E-02,NaN,  3.504050000000E+06,  4.266431785497E-07
  1.898418941442E-02,  3.559183539115E+03,  3.599998675438E+03,  4.407530700591E+04,  1.367925396939E+05,  9.918599818371E+02,  9.305225404460E-01,NaN,NaN,  3.889333601999E-03,  4.084989352087E+15,  6.612799025548E+19,  2.067844115282E+20,  6.117599601658E+17,  8.232903869364E+20,  6.739086630308E+19,  1.052193330113E+13,  1.821951540604E+02,  2.646550771202E+01,  1.457296443350E+02,NaN,  9.999999989588E+00,NaN,  2.023743305650E-06,  3.792893791859E-02,NaN,  3.504050000000E+06,  4.266432250427E-07
  2.011798332656E-02,  3.557382367414E+03,  3.599998505416E+03,  4.668733822601E+04,  1.363692096553E+05,  9.918599818371E+02,  9.305224687065E-01,NaN,NaN,  3.833754212829E-03,  4.084993666650E+15,  6.612798639142E+19,  2.067844153874E+20,  6.117606403970E+17,  8.232903847073E+20,  6.739086784778E+19,  1.052193008003E+13,  1.821951594399E+02,  2.646551037246E+01,  1.457296470547E+02,NaN,  9.999999988966E+00,NaN,  2.023742686117E-06,  3.792893771870E-02,NaN,  3.504050000000E+06,  4.266432744033E-07
  2.125177723869E-02,  3.555641142540E+03,  3.599998325705E+03,  4.924765872820E+04,  1.359610113215E+05,  9.918599818371E+02,  9.305223928788E-01,NaN,NaN,  3.782924388856E-03,  4.084998227090E+15,  6.612798230716E+19,  2.067844194665E+20,  6.117613593930E+17,  8.232903823512E+20,  6.739086948068E+19,  1.052192605365E+13,  1.821951651261E+02,  2.646551318451E+01,  1.457296499295E+02,NaN,  9.999999988344E+00,NaN,  2.023741911700E-06,  3.792893750741E-02,NaN,  3.504050000000E+06,  4.266433265769E-07
  2.238557115083E-02,  3.553958509024E+03,  3.599998136504E+03,  5.175385353336E+04,  1.355675202096E+05,  9.918599818371E+02,  9.305223130465E-01,NaN,NaN,  3.736271257393E-03,  4.085003028373E+15,  6.612797800722E+19,  2.067844237611E+20,  6.117621163601E+17,  8.232903798707E+20,  6.739087120000E+19,  1.052192229569E+13,  1.821951711126E+02,  2.646551614508E+01,  1.457296529561E+02,NaN,  9.999999987723E+00,NaN,  2.023741188911E-06,  3.792893728496E-02,NaN,  3.504050000000E+06,  4.266433815059E-07
  2.351936506297E-02,  3.552333076850E+03,  3.599997938018E+03,  5.420400559510E+04,  1.351883108062E+05,  9.918599818371E+02,  9.305222292967E-01,NaN,NaN,  3.693314077231E-03,  4.085008065258E+15,  6.612797349628E+19,  2.067844282664E+20,  6.117629104722E+17,  8.232903772686E+20,  6.739087300384E+19,  1.052191800089E+13,  1.821951773929E+02,  2.646551925092E+01,  1.457296561312E+02,NaN,  9.999999987101E+00,NaN,  2.023740362867E-06,  3.792893705158E-02,NaN,  3.504050000000E+06,  4.266434391302E-07
  2.578695288724E-02,  3.549248137591E+03,  3.599997514050E+03,  5.893064265821E+04,  1.344710410788E+05,  9.918599818371E+02,  9.305220504063E-01,NaN,NaN,  3.616919339653E-03,  4.085018824108E+15,  6.612796386087E+19,  2.067844378900E+20,  6.117646067060E+17,  8.232903717105E+20,  6.739087685731E+19,  1.052190941127E+13,  1.821951908079E+02,  2.646552588505E+01,  1.457296629132E+02,NaN,  9.999999985858E+00,NaN,  2.023738710778E-06,  3.792893655307E-02,NaN,  3.504050000000E+06,  4.266435622166E-07
  2.805454071151E-02,  3.546374836279E+03,  3.599997055554E+03,  6.342004760024E+04,  1.338058433403E+05,  9.918599818371E+02,  9.305218569470E-01,NaN,NaN,  3.551137684024E-03,  4.085030459164E+15,  6.612795344078E+19,  2.067844482973E+20,  6.117664410823E+17,  8.232903656999E+20,  6.739088102515E+19,  1.052189974796E+13,  1.821952053156E+02,  2.646553305948E+01,  1.457296702477E+02,NaN,  9.999999984615E+00,NaN,  2.023736852177E-06,  3.792893601394E-02,NaN,  3.504050000000E+06,  4.266436953273E-07
  3.032212853578E-02,  3.543701616063E+03,  3.599996564320E+03,  6.766945861728E+04,  1.331894384718E+05,  9.918599818371E+02,  9.305216496743E-01,NaN,NaN,  3.494025037475E-03,  4.085042924992E+15,  6.612794227669E+19,  2.067844594478E+20,  6.117684064383E+17,  8.232903592602E+20,  6.739088549104E+19,  1.052188954779E+13,  1.821952208592E+02,  2.646554074618E+01,  1.457296781060E+02,NaN,  9.999999983371E+00,NaN,  2.023734890322E-06,  3.792893543630E-02,NaN,  3.504050000000E+06,  4.266438379425E-07
  3.258971636006E-02,  3.541217014918E+03,  3.599996042146E+03,  7.167977123862E+04,  1.326186557169E+05,  9.918599818371E+02,  9.305214293463E-01,NaN,NaN,  3.444094618177E-03,  4.085056175999E+15,  6.612793040943E+19,  2.067844713007E+20,  6.117704955856E+17,  8.232903524151E+20,  6.739089023864E+19,  1.052187881078E+13,  1.821952373821E+02,  2.646554891705E+01,  1.457296864592E+02,NaN,  9.999999982128E+00,NaN,  2.023732825210E-06,  3.792893482227E-02,NaN,  3.504050000000E+06,  4.266439895406E-07
  3.485730418433E-02,  3.538909788903E+03,  3.599995490809E+03,  7.545466961319E+04,  1.320904520695E+05,  9.918599818371E+02,  9.305211967136E-01,NaN,NaN,  3.400186487088E-03,  4.085070167034E+15,  6.612791787943E+19,  2.067844838155E+20,  6.117727014062E+17,  8.232903451878E+20,  6.739089525174E+19,  1.052186726849E+13,  1.821952548278E+02,  2.646555754425E+01,  1.457296952789E+02,NaN,  9.999999980885E+00,NaN,  2.023730605216E-06,  3.792893417392E-02,NaN,  3.504050000000E+06,  4.266441496051E-07
  3.712489200860E-02,  3.536769003942E+03,  3.599994912054E+03,  7.899993632497E+04,  1.316019246701E+05,  9.918599818371E+02,  9.305209525118E-01,NaN,NaN,  3.361380102627E-03,  4.085084853861E+15,  6.612790472631E+19,  2.067844969528E+20,  6.117750169259E+17,  8.232903376012E+20,  6.739090051448E+19,  1.052185518934E+13,  1.821952731412E+02,  2.646556660050E+01,  1.457297045373E+02,NaN,  9.999999979641E+00,NaN,  2.023728281966E-06,  3.792893349333E-02,NaN,  3.504050000000E+06,  4.266443176299E-07
  3.939247983288E-02,  3.534784102418E+03,  3.599994307574E+03,  8.232290158039E+04,  1.311503178759E+05,  9.918599818371E+02,  9.305206974557E-01,NaN,NaN,  3.326934017137E-03,  4.085100193496E+15,  6.612789098858E+19,  2.067845106741E+20,  6.117774353678E+17,  8.232903296774E+20,  6.739090601142E+19,  1.052184257335E+13,  1.821952922687E+02,  2.646557605929E+01,  1.457297142073E+02,NaN,  9.999999978398E+00,NaN,  2.023725855460E-06,  3.792893278247E-02,NaN,  3.504050000000E+06,  4.266444931233E-07
  4.166006765715E-02,  3.532944949891E+03,  3.599993679005E+03,  8.543200242296E+04,  1.307330263615E+05,  9.918599818371E+02,  9.305204322349E-01,NaN,NaN,  3.296243261179E-03,  4.085116144460E+15,  6.612787670336E+19,  2.067845249422E+20,  6.117799501927E+17,  8.232903214379E+20,  6.739091172770E+19,  1.052182968893E+13,  1.821953121586E+02,  2.646558589505E+01,  1.457297242626E+02,NaN,  9.999999977155E+00,NaN,  2.023723377326E-06,  3.792893204327E-02,NaN,  3.504050000000E+06,  4.266446756107E-07
  4.451560146459E-02,  3.530821356854E+03,  3.599992855605E+03,  8.905726464888E+04,  1.302525741222E+05,  9.918599818371E+02,  9.305200848071E-01,NaN,NaN,  3.262174016901E-03,  4.085137039541E+15,  6.612785799035E+19,  2.067845436329E+20,  6.117832445072E+17,  8.232903106447E+20,  6.739091921612E+19,  1.052181250971E+13,  1.821953382136E+02,  2.646559877948E+01,  1.457297374348E+02,NaN,  9.999999975589E+00,NaN,  2.023720073148E-06,  3.792893107493E-02,NaN,  3.504050000000E+06,  4.266449146617E-07
  4.795908125521E-02,  3.528521693377E+03,  3.599991819370E+03,  9.302486871223E+04,  1.297339453831E+05,  9.918599818371E+02,  9.305196475748E-01,NaN,NaN,  3.226820239847E-03,  4.085163335670E+15,  6.612783444035E+19,  2.067845671549E+20,  6.117873903525E+17,  8.232902970616E+20,  6.739092864061E+19,  1.052179130410E+13,  1.821953710035E+02,  2.646561499435E+01,  1.457297540117E+02,NaN,  9.999999973701E+00,NaN,  2.023715994553E-06,  3.792892985629E-02,NaN,  3.504050000000E+06,  4.266452155038E-07
  5.140256104583E-02,  3.526479684639E+03,  3.599990740352E+03,  9.658353772099E+04,  1.292748636302E+05,  9.918599818371E+02,  9.305191922906E-01,NaN,NaN,  3.196677625220E-03,  4.085190717483E+15,  6.612780991806E+19,  2.067845916481E+20,  6.117917073696E+17,  8.232902829179E+20,  6.739093845462E+19,  1.052176848794E+13,  1.821954051473E+02,  2.646563187871E+01,  1.457297712731E+02,NaN,  9.999999971813E+00,NaN,  2.023711606192E-06,  3.792892858731E-02,NaN,  3.504050000000E+06,  4.266455287672E-07
  5.484604083644E-02,  3.524668176999E+03,  3.599989623007E+03,  9.976793525241E+04,  1.288687313759E+05,  9.918599818371E+02,  9.305187208344E-01,NaN,NaN,  3.170859178666E-03,  4.085219071931E+15,  6.612778452472E+19,  2.067846170114E+20,  6.117961777353E+17,  8.232902682718E+20,  6.739094861760E+19,  1.052174567179E+13,  1.821954405041E+02,  2.646564936283E+01,  1.457297891476E+02,NaN,  9.999999969925E+00,NaN,  2.023707217830E-06,  3.792892727324E-02,NaN,  3.504050000000E+06,  4.266458531585E-07
  5.828952062706E-02,  3.523062470806E+03,  3.599988471400E+03,  1.026116987755E+05,  1.285096217393E+05,  9.918599818371E+02,  9.305182349216E-01,NaN,NaN,  3.148658548195E-03,  4.085248295838E+15,  6.612775835274E+19,  2.067846431524E+20,  6.118007851836E+17,  8.232902531767E+20,  6.739095909253E+19,  1.052172151350E+13,  1.821954769452E+02,  2.646566738311E+01,  1.457298075703E+02,NaN,  9.999999968037E+00,NaN,  2.023702571330E-06,  3.792892591887E-02,NaN,  3.504050000000E+06,  4.266461874974E-07
  6.173300041768E-02,  3.521640201120E+03,  3.599987289222E+03,  1.051468747999E+05,  1.281922261270E+05,  9.918599818371E+02,  9.305177361098E-01,NaN,NaN,  3.129505947328E-03,  4.085278295526E+15,  6.612773148600E+19,  2.067846699875E+20,  6.118055149452E+17,  8.232902376809E+20,  6.739096984580E+19,  1.052169708679E+13,  1.821955143537E+02,  2.646568588177E+01,  1.457298264821E+02,NaN,  9.999999966149E+00,NaN,  2.023697873202E-06,  3.792892452853E-02,NaN,  3.504050000000E+06,  4.266465307121E-07
  6.691373491227E-02,  3.519802154482E+03,  3.599985460288E+03,  1.084453627027E+05,  1.277829973019E+05,  9.918599818371E+02,  9.305169644034E-01,NaN,NaN,  3.105433704036E-03,  4.085324707741E+15,  6.612768992076E+19,  2.067847115037E+20,  6.118128323188E+17,  8.232902137077E+20,  6.739098648251E+19,  1.052165923881E+13,  1.821955722282E+02,  2.646571450091E+01,  1.457298557403E+02,NaN,  9.999999963309E+00,NaN,  2.023690593684E-06,  3.792892237754E-02,NaN,  3.504050000000E+06,  4.266470616972E-07
  7.209446940686E-02,  3.518273941047E+03,  3.599983579616E+03,  1.112064327377E+05,  1.274435597957E+05,  9.918599818371E+02,  9.305161708666E-01,NaN,NaN,  3.085976894865E-03,  4.085372432905E+15,  6.612764717971E+19,  2.067847541945E+20,  6.118203567016E+17,  8.232901890564E+20,  6.739100359031E+19,  1.052162004870E+13,  1.821956317401E+02,  2.646574392970E+01,  1.457298858263E+02,NaN,  9.999999960468E+00,NaN,  2.023683056028E-06,  3.792892016568E-02,NaN,  3.504050000000E+06,  4.266476077044E-07
  7.727520390145E-02,  3.517004547153E+03,  3.599981655686E+03,  1.135123366501E+05,  1.271621595964E+05,  9.918599818371E+02,  9.305153590773E-01,NaN,NaN,  3.070184846170E-03,  4.085421255840E+15,  6.612760345554E+19,  2.067847978672E+20,  6.118280541694E+17,  8.232901638381E+20,  6.739102109198E+19,  1.052158005332E+13,  1.821956926211E+02,  2.646577403546E+01,  1.457299166043E+02,NaN,  9.999999957628E+00,NaN,  2.023675363488E-06,  3.792891790292E-02,NaN,  3.504050000000E+06,  4.266481662722E-07
  8.245593839604E-02,  3.515950946915E+03,  3.599979695662E+03,  1.154345116542E+05,  1.269289674616E+05,  9.918599818371E+02,  9.305145320588E-01,NaN,NaN,  3.057324362359E-03,  4.085470994719E+15,  6.612755891110E+19,  2.067848423593E+20,  6.118358960556E+17,  8.232901381467E+20,  6.739103892230E+19,  1.052153952109E+13,  1.821957546443E+02,  2.646580470607E+01,  1.457299479598E+02,NaN,  9.999999954788E+00,NaN,  2.023667567693E-06,  3.792891559770E-02,NaN,  3.504050000000E+06,  4.266487353203E-07
  8.763667289063E-02,  3.515076989209E+03,  3.599977705575E+03,  1.170343690354E+05,  1.267357826045E+05,  9.918599818371E+02,  9.305136923551E-01,NaN,NaN,  3.046823011691E-03,  4.085521496538E+15,  6.612751368341E+19,  2.067848875340E+20,  6.118438582380E+17,  8.232901120613E+20,  6.739105702638E+19,  1.052149818358E+13,  1.821958176190E+02,  2.646583584718E+01,  1.457299797962E+02,NaN,  9.999999951947E+00,NaN,  2.023659617015E-06,  3.792891325711E-02,NaN,  3.504050000000E+06,  4.266493130985E-07
  9.281740738522E-02,  3.514352390109E+03,  3.599975690481E+03,  1.183642902797E+05,  1.265757749667E+05,  9.918599818371E+02,  9.305128420999E-01,NaN,NaN,  3.038229357130E-03,  4.085572632971E+15,  6.612746788739E+19,  2.067849332763E+20,  6.118519204851E+17,  8.232900856482E+20,  6.739107535818E+19,  1.052145630922E+13,  1.821958813852E+02,  2.646586737968E+01,  1.457300120328E+02,NaN,  9.999999949107E+00,NaN,  2.023651563081E-06,  3.792891088710E-02,NaN,  3.504050000000E+06,  4.266498981385E-07
  9.799814187981E-02,  3.513751842496E+03,  3.599973654610E+03,  1.194686824823E+05,  1.264432642157E+05,  9.918599818371E+02,  9.305119830781E-01,NaN,NaN,  3.031184435590E-03,  4.085624296675E+15,  6.612742161916E+19,  2.067849794902E+20,  6.118600658732E+17,  8.232900589626E+20,  6.739109387917E+19,  1.052141389800E+13,  1.821959458089E+02,  2.646589923736E+01,  1.457300446017E+02,NaN,  9.999999946266E+00,NaN,  2.023643405891E-06,  3.792890849264E-02,NaN,  3.504050000000E+06,  4.266504892123E-07
  1.031788763744E-01,  3.513254239915E+03,  3.599971601493E+03,  1.203850113854E+05,  1.263335315928E+05,  9.918599818371E+02,  9.305111167794E-01,NaN,NaN,  3.025400873741E-03,  4.085676398052E+15,  6.612737495898E+19,  2.067850260957E+20,  6.118682802767E+17,  8.232900320510E+20,  6.739111255723E+19,  1.052137148679E+13,  1.821960107786E+02,  2.646593136497E+01,  1.457300774465E+02,NaN,  9.999999943426E+00,NaN,  2.023635248701E-06,  3.792890607789E-02,NaN,  3.504050000000E+06,  4.266510852950E-07
  1.083596108690E-01,  3.512842007494E+03,  3.599969534072E+03,  1.211447655545E+05,  1.262426607167E+05,  9.918599818371E+02,  9.305102444451E-01,NaN,NaN,  3.020647321851E-03,  4.085728862450E+15,  6.612732797369E+19,  2.067850730260E+20,  6.118765519258E+17,  8.232900049519E+20,  6.739113136556E+19,  1.052132853873E+13,  1.821960762010E+02,  2.646596371650E+01,  1.457301105202E+02,NaN,  9.999999940585E+00,NaN,  2.023626988256E-06,  3.792890364630E-02,NaN,  3.504050000000E+06,  4.266516855325E-07
  1.161307126109E-01,  3.512352445897E+03,  3.599966411359E+03,  1.220473297925E+05,  1.261347698346E+05,  9.918599818371E+02,  9.305089268376E-01,NaN,NaN,  3.015048797611E-03,  4.085808106754E+15,  6.612725700526E+19,  2.067851439113E+20,  6.118890457734E+17,  8.232899640203E+20,  6.739115977462E+19,  1.052126384821E+13,  1.821961750177E+02,  2.646601258163E+01,  1.457301604761E+02,NaN,  9.999999936325E+00,NaN,  2.023614545960E-06,  3.792889997353E-02,NaN,  3.504050000000E+06,  4.266525921578E-07
  1.239018143528E-01,  3.511983343171E+03,  3.599963268460E+03,  1.227274304282E+05,  1.260534239496E+05,  9.918599818371E+02,  9.305076007128E-01,NaN,NaN,  3.010864685471E-03,  4.085887863363E+15,  6.612718557804E+19,  2.067852152549E+20,  6.119016204180E+17,  8.232899228240E+20,  6.739118836756E+19,  1.052119862084E+13,  1.821962744734E+02,  2.646606176279E+01,  1.457302107549E+02,NaN,  9.999999932064E+00,NaN,  2.023602000409E-06,  3.792889627699E-02,NaN,  3.504050000000E+06,  4.266535046478E-07
  1.316729160946E-01,  3.511704983001E+03,  3.599960110358E+03,  1.232394656122E+05,  1.259920526657E+05,  9.918599818371E+02,  9.305062681728E-01,NaN,NaN,  3.007734032717E-03,  4.085968005856E+15,  6.612711380523E+19,  2.067852869437E+20,  6.119142559282E+17,  8.232898814283E+20,  6.739121709902E+19,  1.052113312505E+13,  1.821963744104E+02,  2.646611118203E+01,  1.457302612770E+02,NaN,  9.999999927803E+00,NaN,  2.023589403230E-06,  3.792889256255E-02,NaN,  3.504050000000E+06,  4.266544215563E-07
  1.394440178365E-01,  3.511494938719E+03,  3.599956940812E+03,  1.236247003263E+05,  1.259457069036E+05,  9.918599818371E+02,  9.305049308046E-01,NaN,NaN,  3.005389762811E-03,  4.086048438789E+15,  6.612704177232E+19,  2.067853588923E+20,  6.119269372563E+17,  8.232898398825E+20,  6.739124593476E+19,  1.052106736083E+13,  1.821964747098E+02,  2.646616078049E+01,  1.457303119822E+02,NaN,  9.999999923542E+00,NaN,  2.023576754424E-06,  3.792888883465E-02,NaN,  3.504050000000E+06,  4.266553417913E-07
  1.472151195784E-01,  3.511336303131E+03,  3.599953762659E+03,  1.239143626025E+05,  1.259106610174E+05,  9.918599818371E+02,  9.305035898048E-01,NaN,NaN,  3.003633494942E-03,  4.086129090188E+15,  6.612696954377E+19,  2.067854310364E+20,  6.119396530551E+17,  8.232897982238E+20,  6.739127484896E+19,  1.052100132818E+13,  1.821965752818E+02,  2.646621051380E+01,  1.457303628252E+02,NaN,  9.999999919282E+00,NaN,  2.023564053989E-06,  3.792888509660E-02,NaN,  3.504050000000E+06,  4.266562645293E-07
  1.549862213203E-01,  3.511216340264E+03,  3.599950578037E+03,  1.241320430960E+05,  1.258841115836E+05,  9.918599818371E+02,  9.305022460751E-01,NaN,NaN,  3.002317446410E-03,  4.086209905827E+15,  6.612689716812E+19,  2.067855033273E+20,  6.119523947750E+17,  8.232897564802E+20,  6.739130382216E+19,  1.052093529553E+13,  1.821966760587E+02,  2.646626034851E+01,  1.457304137716E+02,NaN,  9.999999915021E+00,NaN,  2.023551353554E-06,  3.792888135093E-02,NaN,  3.504050000000E+06,  4.266571891501E-07
  1.627573230622E-01,  3.511125461983E+03,  3.599947388554E+03,  1.242955395133E+05,  1.258639498086E+05,  9.918599818371E+02,  9.305009002945E-01,NaN,NaN,  3.001331287180E-03,  4.086290844872E+15,  6.612682468196E+19,  2.067855757287E+20,  6.119651559782E+17,  8.232897146727E+20,  6.739133283971E+19,  1.052086899446E+13,  1.821967769896E+02,  2.646631025945E+01,  1.457304647959E+02,NaN,  9.999999910760E+00,NaN,  2.023538601492E-06,  3.792887759953E-02,NaN,  3.504050000000E+06,  4.266581151864E-07
  1.744620689119E-01,  3.511028072906E+03,  3.599942578002E+03,  1.244681702873E+05,  1.258422528903E+05,  9.918599818371E+02,  9.304988705148E-01,NaN,NaN,  3.000292528946E-03,  4.086412921663E+15,  6.612671535429E+19,  2.067856849284E+20,  6.119844031887E+17,  8.232896516162E+20,  6.739137660578E+19,  1.052076914022E+13,  1.821969292196E+02,  2.646638553817E+01,  1.457305417535E+02,NaN,  9.999999904343E+00,NaN,  2.023519395957E-06,  3.792887194144E-02,NaN,  3.504050000000E+06,  4.266595118929E-07
  1.862630012355E-01,  3.510962813865E+03,  3.599937722439E+03,  1.245807880009E+05,  1.258276060443E+05,  9.918599818371E+02,  9.304968217429E-01,NaN,NaN,  2.999616730701E-03,  4.086536140824E+15,  6.612660500355E+19,  2.067857951501E+20,  6.120038305720E+17,  8.232895879694E+20,  6.739142078162E+19,  1.052066821227E+13,  1.821970828744E+02,  2.646646152162E+01,  1.457306194314E+02,NaN,  9.999999897873E+00,NaN,  2.023499983911E-06,  3.792886623038E-02,NaN,  3.504050000000E+06,  4.266609216779E-07
  1.980639335590E-01,  3.510919017084E+03,  3.599932863322E+03,  1.246533488329E+05,  1.258176693565E+05,  9.918599818371E+02,  9.304947714716E-01,NaN,NaN,  2.999182594771E-03,  4.086659450303E+15,  6.612649457192E+19,  2.067859054525E+20,  6.120232722573E+17,  8.232895242757E+20,  6.739146499004E+19,  1.052056755275E+13,  1.821972366421E+02,  2.646653756106E+01,  1.457306971661E+02,NaN,  9.999999891403E+00,NaN,  2.023480623492E-06,  3.792886051510E-02,NaN,  3.504050000000E+06,  4.266623325047E-07
  2.098648658826E-01,  3.510889132415E+03,  3.599928001918E+03,  1.246999363356E+05,  1.258107854622E+05,  9.918599818371E+02,  9.304927202354E-01,NaN,NaN,  2.998904914497E-03,  4.086782817936E+15,  6.612638408822E+19,  2.067860158070E+20,  6.120427231734E+17,  8.232894605517E+20,  6.739150921949E+19,  1.052046662480E+13,  1.821973904826E+02,  2.646661363666E+01,  1.457307749375E+02,NaN,  9.999999884933E+00,NaN,  2.023461211446E-06,  3.792885479711E-02,NaN,  3.504050000000E+06,  4.266637440053E-07
  2.216657982061E-01,  3.510868264594E+03,  3.599923139050E+03,  1.247296864650E+05,  1.258058800054E+05,  9.918599818371E+02,  9.304906683814E-01,NaN,NaN,  2.998728557056E-03,  4.086906222868E+15,  6.612627357111E+19,  2.067861261948E+20,  6.120621800322E+17,  8.232893968082E+20,  6.739155346251E+19,  1.052036569686E+13,  1.821975443699E+02,  2.646668973557E+01,  1.457308527325E+02,NaN,  9.999999878463E+00,NaN,  2.023441799400E-06,  3.792884907737E-02,NaN,  3.504050000000E+06,  4.266651559411E-07
  2.334667305297E-01,  3.510853240598E+03,  3.599918275250E+03,  1.247485229313E+05,  1.258022567037E+05,  9.918599818371E+02,  9.304886161341E-01,NaN,NaN,  2.998617833283E-03,  4.087029651580E+15,  6.612616303271E+19,  2.067862366039E+20,  6.120816407025E+17,  8.232893330522E+20,  6.739159771422E+19,  1.052026476891E+13,  1.821976982872E+02,  2.646676584943E+01,  1.457309305424E+02,NaN,  9.999999871992E+00,NaN,  2.023422387353E-06,  3.792884335650E-02,NaN,  3.504050000000E+06,  4.266665681574E-07
  2.452676628532E-01,  3.510842003847E+03,  3.599913410864E+03,  1.247602859715E+05,  1.257994643066E+05,  9.918599818371E+02,  9.304865636393E-01,NaN,NaN,  2.998549631037E-03,  4.087153095311E+15,  6.612605248086E+19,  2.067863470264E+20,  6.121011038027E+17,  8.232892692882E+20,  6.739164197150E+19,  1.052016357254E+13,  1.821978522236E+02,  2.646684197286E+01,  1.457310083618E+02,NaN,  9.999999865522E+00,NaN,  2.023402923679E-06,  3.792883763491E-02,NaN,  3.504050000000E+06,  4.266679805541E-07
  2.633565099726E-01,  3.510829233304E+03,  3.599905953924E+03,  1.247699985414E+05,  1.257961610890E+05,  9.918599818371E+02,  9.304834172343E-01,NaN,NaN,  2.998495078754E-03,  4.087342330621E+15,  6.612588300838E+19,  2.067865163007E+20,  6.121309402363E+17,  8.232891715396E+20,  6.739170981685E+19,  1.052000922794E+13,  1.821980882036E+02,  2.646695866822E+01,  1.457311276564E+02,NaN,  9.999999855605E+00,NaN,  2.023373237704E-06,  3.792882886385E-02,NaN,  3.504050000000E+06,  4.266701457295E-07
  2.814453570919E-01,  3.510819491128E+03,  3.599898496591E+03,  1.247740546693E+05,  1.257935222631E+05,  9.918599818371E+02,  9.304802706636E-01,NaN,NaN,  2.998474514086E-03,  4.087531576208E+15,  6.612571352671E+19,  2.067866855841E+20,  6.121607784361E+17,  8.232890737851E+20,  6.739177766628E+19,  1.051985434649E+13,  1.821983241972E+02,  2.646707537063E+01,  1.457312469576E+02,NaN,  9.999999845687E+00,NaN,  2.023343448474E-06,  3.792882009226E-02,NaN,  3.504050000000E+06,  4.266723110424E-07
  2.995342042113E-01,  3.510811306737E+03,  3.599891039113E+03,  1.247752011863E+05,  1.257912252065E+05,  9.918599818371E+02,  9.304771240313E-01,NaN,NaN,  2.998471430398E-03,  4.087720825808E+15,  6.612554404144E+19,  2.067868548711E+20,  6.121906174143E+17,  8.232889760280E+20,  6.739184551757E+19,  1.051969946504E+13,  1.821985601965E+02,  2.646719207620E+01,  1.457313662612E+02,NaN,  9.999999835770E+00,NaN,  2.023313659243E-06,  3.792881132044E-02,NaN,  3.504050000000E+06,  4.266744764211E-07
  3.207958358436E-01,  3.510802678592E+03,  3.599882273574E+03,  1.247746964822E+05,  1.257887428558E+05,  9.918599818371E+02,  9.304734254718E-01,NaN,NaN,  2.998478934196E-03,  4.087943270664E+15,  6.612534482767E+19,  2.067870538519E+20,  6.122256904740E+17,  8.232888611232E+20,  6.739192527081E+19,  1.051951747263E+13,  1.821988375921E+02,  2.646732925338E+01,  1.457315064913E+02,NaN,  9.999999824113E+00,NaN,  2.023278655607E-06,  3.792880100992E-02,NaN,  3.504050000000E+06,  4.266770216427E-07
  3.392006362824E-01,  3.510795637361E+03,  3.599874685879E+03,  1.247734611353E+05,  1.257866878821E+05,  9.918599818371E+02,  9.304702238954E-01,NaN,NaN,  2.998490226771E-03,  4.088135825484E+15,  6.612517238236E+19,  2.067872260955E+20,  6.122560509103E+17,  8.232887616575E+20,  6.739199430801E+19,  1.051936017535E+13,  1.821990777146E+02,  2.646744799877E+01,  1.457316278786E+02,NaN,  9.999999814022E+00,NaN,  2.023248401726E-06,  3.792879208477E-02,NaN,  3.504050000000E+06,  4.266792248836E-07
  3.576054367212E-01,  3.510788788764E+03,  3.599867098271E+03,  1.247718661951E+05,  1.257846751990E+05,  9.918599818371E+02,  9.304670223560E-01,NaN,NaN,  2.998503679863E-03,  4.088328378408E+15,  6.612499993875E+19,  2.067873983373E+20,  6.122864111985E+17,  8.232886621923E+20,  6.739206334496E+19,  1.051920260964E+13,  1.821993178355E+02,  2.646756674371E+01,  1.457317492646E+02,NaN,  9.999999803931E+00,NaN,  2.023218096218E-06,  3.792878315966E-02,NaN,  3.504050000000E+06,  4.266814281234E-07
  3.760102371601E-01,  3.510782038455E+03,  3.599859510766E+03,  1.247700878955E+05,  1.257826841104E+05,  9.918599818371E+02,  9.304638208601E-01,NaN,NaN,  2.998518234746E-03,  4.088520929032E+15,  6.612482749720E+19,  2.067875705772E+20,  6.123167712751E+17,  8.232885627277E+20,  6.739213238151E+19,  1.051904531237E+13,  1.821995579543E+02,  2.646768548796E+01,  1.457318706493E+02,NaN,  9.999999793841E+00,NaN,  2.023187842337E-06,  3.792877423459E-02,NaN,  3.504050000000E+06,  4.266836313574E-07
  4.036174378183E-01,  3.510771998725E+03,  3.599848129719E+03,  1.247672607499E+05,  1.257797163470E+05,  9.918599818371E+02,  9.304590187048E-01,NaN,NaN,  2.998541026921E-03,  4.088809750239E+15,  6.612456883911E+19,  2.067878289327E+20,  6.123623109274E+17,  8.232884135321E+20,  6.739223593542E+19,  1.051880909802E+13,  1.821999181279E+02,  2.646786360278E+01,  1.457320527233E+02,NaN,  9.999999778705E+00,NaN,  2.023142409888E-06,  3.792876084711E-02,NaN,  3.504050000000E+06,  4.266869361929E-07
  4.451695028816E-01,  3.510756960670E+03,  3.599831000409E+03,  1.247628703807E+05,  1.257752656538E+05,  9.918599818371E+02,  9.304517911088E-01,NaN,NaN,  2.998576144966E-03,  4.089244448711E+15,  6.612417953848E+19,  2.067882177780E+20,  6.124308523007E+17,  8.232881889787E+20,  6.739239179394E+19,  1.051845370281E+13,  1.822004602204E+02,  2.646813168257E+01,  1.457323267588E+02,NaN,  9.999999755923E+00,NaN,  2.023074054704E-06,  3.792874069767E-02,NaN,  3.504050000000E+06,  4.266919103156E-07
  4.791105195883E-01,  3.510744694373E+03,  3.599817009106E+03,  1.247592528655E+05,  1.257716341023E+05,  9.918599818371E+02,  9.304458875738E-01,NaN,NaN,  2.998605019553E-03,  4.089599513715E+15,  6.612386155478E+19,  2.067885353897E+20,  6.124868379844E+17,  8.232880055596E+20,  6.739251910195E+19,  1.051816326654E+13,  1.822009030084E+02,  2.646835065491E+01,  1.457325505931E+02,NaN,  9.999999737315E+00,NaN,  2.023018193443E-06,  3.792872423925E-02,NaN,  3.504050000000E+06,  4.266959732945E-07
  5.130515362950E-01,  3.510732432460E+03,  3.599803018209E+03,  1.247556279711E+05,  1.257680036280E+05,  9.918599818371E+02,  9.304399842102E-01,NaN,NaN,  2.998633939260E-03,  4.089954569497E+15,  6.612354357934E+19,  2.067888529932E+20,  6.125428227273E+17,  8.232878221433E+20,  6.739264640808E+19,  1.051787283026E+13,  1.822013457873E+02,  2.646856962404E+01,  1.457327744216E+02,NaN,  9.999999718706E+00,NaN,  2.022962332182E-06,  3.792870778106E-02,NaN,  3.504050000000E+06,  4.267000362379E-07
  5.469925530017E-01,  3.510720172996E+03,  3.599789027719E+03,  1.247519993125E+05,  1.257643738064E+05,  9.918599818371E+02,  9.304340810183E-01,NaN,NaN,  2.998662882367E-03,  4.090309616050E+15,  6.612322561216E+19,  2.067891705884E+20,  6.125988065282E+17,  8.232876387298E+20,  6.739277371235E+19,  1.051758266242E+13,  1.822017885572E+02,  2.646878858994E+01,  1.457329982443E+02,NaN,  9.999999700098E+00,NaN,  2.022906522549E-06,  3.792869132311E-02,NaN,  3.504050000000E+06,  4.267040991455E-07
  5.809335697084E-01,  3.510707913767E+03,  3.599775037637E+03,  1.247483710243E+05,  1.257607441519E+05,  9.918599818371E+02,  9.304281779981E-01,NaN,NaN,  2.998691824031E-03,  4.090664653364E+15,  6.612290765326E+19,  2.067894881754E+20,  6.126547893856E+17,  8.232874553192E+20,  6.739290101473E+19,  1.051729222615E+13,  1.822022313181E+02,  2.646900755262E+01,  1.457332220611E+02,NaN,  9.999999681489E+00,NaN,  2.022850661288E-06,  3.792867486539E-02,NaN,  3.504050000000E+06,  4.267081620173E-07
  6.253162278937E-01,  3.510691884475E+03,  3.599756744247E+03,  1.247436251791E+05,  1.257559983438E+05,  9.918599818371E+02,  9.304204592270E-01,NaN,NaN,  2.998729678612E-03,  4.091128900707E+15,  6.612249188971E+19,  2.067899034526E+20,  6.127279934313E+17,  8.232872154882E+20,  6.739306747768E+19,  1.051691294107E+13,  1.822028102766E+02,  2.646929387227E+01,  1.457335147244E+02,NaN,  9.999999657156E+00,NaN,  2.022777711232E-06,  3.792865334498E-02,NaN,  3.504050000000E+06,  4.267134747404E-07
  6.801405275577E-01,  3.510672084660E+03,  3.599734148043E+03,  1.247377636147E+05,  1.257501364204E+05,  9.918599818371E+02,  9.304109249124E-01,NaN,NaN,  2.998776436010E-03,  4.091702346929E+15,  6.612197833149E+19,  2.067904164101E+20,  6.128184175263E+17,  8.232869192403E+20,  6.739327309894E+19,  1.051644373349E+13,  1.822035254218E+02,  2.646964754501E+01,  1.457338762270E+02,NaN,  9.999999627099E+00,NaN,  2.022687465868E-06,  3.792862676215E-02,NaN,  3.504050000000E+06,  4.267200372714E-07
  7.349648272218E-01,  3.510652285004E+03,  3.599711552901E+03,  1.247319038658E+05,  1.257442748334E+05,  9.918599818371E+02,  9.304013910458E-01,NaN,NaN,  2.998823184538E-03,  4.092275769049E+15,  6.612146479485E+19,  2.067909293460E+20,  6.129088391597E+17,  8.232866229997E+20,  6.739347871530E+19,  1.051597506276E+13,  1.822042405434E+02,  2.647000120932E+01,  1.457342377145E+02,NaN,  9.999999597041E+00,NaN,  2.022597323759E-06,  3.792860017994E-02,NaN,  3.504050000000E+06,  4.267265997091E-07
  7.897891268858E-01,  3.510632486864E+03,  3.599688958820E+03,  1.247260433992E+05,  1.257384132422E+05,  9.918599818371E+02,  9.303918535587E-01,NaN,NaN,  2.998869939422E-03,  4.092849407808E+15,  6.612095106420E+19,  2.067914424757E+20,  6.129992962941E+17,  8.232863266422E+20,  6.739368441315E+19,  1.051550585518E+13,  1.822049559417E+02,  2.647035501368E+01,  1.457345993385E+02,NaN,  9.999999566984E+00,NaN,  2.022507078395E-06,  3.792857358719E-02,NaN,  3.504050000000E+06,  4.267331620534E-07
  8.446134265498E-01,  3.510612692298E+03,  3.599666365800E+03,  1.247201783713E+05,  1.257325428587E+05,  9.918599818371E+02,  9.303822546035E-01,NaN,NaN,  2.998916723769E-03,  4.093426750479E+15,  6.612043401650E+19,  2.067919589188E+20,  6.130903388515E+17,  8.232860283662E+20,  6.739389144396E+19,  1.051503745287E+13,  1.822056759660E+02,  2.647071110903E+01,  1.457349632976E+02,NaN,  9.999999536927E+00,NaN,  2.022416987914E-06,  3.792854682220E-02,NaN,  3.504050000000E+06,  4.267397243043E-07
  8.994377262138E-01,  3.510592900786E+03,  3.599643773844E+03,  1.247143097560E+05,  1.257266734474E+05,  9.918599818371E+02,  9.303726560998E-01,NaN,NaN,  2.998963531728E-03,  4.094004068873E+15,  6.611991699055E+19,  2.067924753401E+20,  6.131813789378E+17,  8.232857300977E+20,  6.739409846985E+19,  1.051456851372E+13,  1.822063959665E+02,  2.647106719593E+01,  1.457353272414E+02,NaN,  9.999999506870E+00,NaN,  2.022326794178E-06,  3.792852005783E-02,NaN,  3.504050000000E+06,  4.267462864614E-07
  9.788836183582E-01,  3.510564221528E+03,  3.599611037727E+03,  1.247058081394E+05,  1.257181687566E+05,  9.918599818371E+02,  9.303587477097E-01,NaN,NaN,  2.999031349181E-03,  4.094840617868E+15,  6.611916780683E+19,  2.067932236478E+20,  6.133133007402E+17,  8.232852978898E+20,  6.739439846236E+19,  1.051388939748E+13,  1.822074392771E+02,  2.647158318647E+01,  1.457358546051E+02,NaN,  9.999999463314E+00,NaN,  2.022196175888E-06,  3.792848127469E-02,NaN,  3.504050000000E+06,  4.267557955168E-07
  1.053660346033E+00,  3.510537231112E+03,  3.599580227603E+03,  1.246978040426E+05,  1.257101652075E+05,  9.918599818371E+02,  9.303456576045E-01,NaN,NaN,  2.999095197652E-03,  4.095627954945E+15,  6.611846269556E+19,  2.067939279345E+20,  6.134374645427E+17,  8.232848910977E+20,  6.739468081438E+19,  1.051325000820E+13,  1.822084212251E+02,  2.647206883519E+01,  1.457363509455E+02,NaN,  9.999999422319E+00,NaN,  2.022073198510E-06,  3.792844477210E-02,NaN,  3.504050000000E+06,  4.267647455296E-07
  1.128437073707E+00,  3.510510241527E+03,  3.599549419457E+03,  1.246898023307E+05,  1.257021624031E+05,  9.918599818371E+02,  9.303325683394E-01,NaN,NaN,  2.999159035594E-03,  4.096415246853E+15,  6.611775762474E+19,  2.067946321808E+20,  6.135616237464E+17,  8.232844843194E+20,  6.739496315726E+19,  1.051261088735E+13,  1.822094031288E+02,  2.647255446818E+01,  1.457368472574E+02,NaN,  9.999999381323E+00,NaN,  2.021950272759E-06,  3.792840827067E-02,NaN,  3.504050000000E+06,  4.267736953678E-07
  1.222376392072E+00,  3.510476337652E+03,  3.599510719091E+03,  1.246797515859E+05,  1.256921100406E+05,  9.918599818371E+02,  9.303161259559E-01,NaN,NaN,  2.999239229177E-03,  4.097404229418E+15,  6.611687192690E+19,  2.067955168429E+20,  6.137175939817E+17,  8.232839733178E+20,  6.739531784152E+19,  1.051180802701E+13,  1.822106365967E+02,  2.647316452920E+01,  1.457374707159E+02,NaN,  9.999999329823E+00,NaN,  2.021795854061E-06,  3.792836241688E-02,NaN,  3.504050000000E+06,  4.267849384809E-07
  1.335478301128E+00,  3.510435521445E+03,  3.599464128413E+03,  1.246676519542E+05,  1.256800090919E+05,  9.918599818371E+02,  9.302963312649E-01,NaN,NaN,  2.999335781200E-03,  4.098594859039E+15,  6.611580564108E+19,  2.067965818818E+20,  6.139053708094E+17,  8.232833581063E+20,  6.739574485833E+19,  1.051084142718E+13,  1.822121215859E+02,  2.647389900307E+01,  1.457382212934E+02,NaN,  9.999999267817E+00,NaN,  2.021609942416E-06,  3.792830721184E-02,NaN,  3.504050000000E+06,  4.267984747006E-07
  1.519615874471E+00,  3.510369077527E+03,  3.599388285304E+03,  1.246479579285E+05,  1.256603123520E+05,  9.918599818371E+02,  9.302641082758E-01,NaN,NaN,  2.999492963037E-03,  4.100533063813E+15,  6.611406985336E+19,  2.067983156396E+20,  6.142110617161E+17,  8.232823565674E+20,  6.739644002590E+19,  1.050926791755E+13,  1.822145390328E+02,  2.647509469939E+01,  1.457394431453E+02,NaN,  9.999999166869E+00,NaN,  2.021307300354E-06,  3.792821733999E-02,NaN,  3.504050000000E+06,  4.268205117296E-07
  1.647202493287E+00,  3.510323045125E+03,  3.599335741590E+03,  1.246343154177E+05,  1.256466679882E+05,  9.918599818371E+02,  9.302417843555E-01,NaN,NaN,  2.999601866458E-03,  4.101875861116E+15,  6.611286729153E+19,  2.067995167951E+20,  6.144228547744E+17,  8.232816626626E+20,  6.739692166630E+19,  1.050817784204E+13,  1.822162138945E+02,  2.647592312651E+01,  1.457402896499E+02,NaN,  9.999999096924E+00,NaN,  2.021097639929E-06,  3.792815507304E-02,NaN,  3.504050000000E+06,  4.268357802907E-07
  1.774789112103E+00,  3.510277017493E+03,  3.599283203626E+03,  1.246206754456E+05,  1.256330263051E+05,  9.918599818371E+02,  9.302194628784E-01,NaN,NaN,  2.999710765690E-03,  4.103218527056E+15,  6.611166484734E+19,  2.068007178332E+20,  6.146346344575E+17,  8.232809687977E+20,  6.739740328008E+19,  1.050708803496E+13,  1.822178886275E+02,  2.647675150791E+01,  1.457411360718E+02,NaN,  9.999999026980E+00,NaN,  2.020888031131E-06,  3.792809280947E-02,NaN,  3.504050000000E+06,  4.268510483442E-07
  2.077972911475E+00,  3.510167660883E+03,  3.599158380843E+03,  1.245882736905E+05,  1.256006202714E+05,  9.918599818371E+02,  9.301664302003E-01,NaN,NaN,  2.999969521676E-03,  4.106408574312E+15,  6.610880795371E+19,  2.068035713858E+20,  6.151378324031E+17,  8.232793201285E+20,  6.739854763115E+19,  1.050449907207E+13,  1.822218677765E+02,  2.647871980534E+01,  1.457431470900E+02,NaN,  9.999998860775E+00,NaN,  2.020390081168E-06,  3.792794486623E-02,NaN,  3.504050000000E+06,  4.268873277493E-07
  2.381156710848E+00,  3.510058330786E+03,  3.599033590510E+03,  1.245558870082E+05,  1.255682292730E+05,  9.918599818371E+02,  9.301134113094E-01,NaN,NaN,  3.000228249496E-03,  4.109597880235E+15,  6.610595172398E+19,  2.068064242753E+20,  6.156409548580E+17,  8.232776716850E+20,  6.739969183205E+19,  1.050191064604E+13,  1.822258461999E+02,  2.648068784465E+01,  1.457451576408E+02,NaN,  9.999998694573E+00,NaN,  2.019892234460E-06,  3.792779694205E-02,NaN,  3.504050000000E+06,  4.269236042888E-07
  2.855643871083E+00,  3.509887280779E+03,  3.598838356880E+03,  1.245052315258E+05,  1.255175670407E+05,  9.918599818371E+02,  9.300304636135E-01,NaN,NaN,  3.000633106305E-03,  4.114587704291E+15,  6.610148301378E+19,  2.068108877595E+20,  6.164281975337E+17,  8.232750922991E+20,  6.740148222221E+19,  1.049786198589E+13,  1.822320710364E+02,  2.648376733756E+01,  1.457483032453E+02,NaN,  9.999998434473E+00,NaN,  2.019113532614E-06,  3.792756547678E-02,NaN,  3.504050000000E+06,  4.269803718637E-07
  3.330131031319E+00,  3.509716295685E+03,  3.598643202636E+03,  1.244546128008E+05,  1.254669415826E+05,  9.918599818371E+02,  9.299475496460E-01,NaN,NaN,  3.001037894767E-03,  4.119575714630E+15,  6.609701592787E+19,  2.068153496213E+20,  6.172152554796E+17,  8.232725134654E+20,  6.740327224487E+19,  1.049381547314E+13,  1.822382940978E+02,  2.648684619878E+01,  1.457514477063E+02,NaN,  9.999998174383E+00,NaN,  2.018335243791E-06,  3.792733405818E-02,NaN,  3.504050000000E+06,  4.270371324256E-07
  4.465498853030E+00,  3.509307420235E+03,  3.598176553171E+03,  1.243336397285E+05,  1.253459523937E+05,  9.918599818371E+02,  9.297492871962E-01,NaN,NaN,  3.002006208019E-03,  4.131503831642E+15,  6.608633352742E+19,  2.068260195285E+20,  6.190978038661E+17,  8.232663449888E+20,  6.740755397830E+19,  1.048414195895E+13,  1.822531776408E+02,  2.649421083502E+01,  1.457589672372E+02,NaN,  9.999997552073E+00,NaN,  2.016474681760E-06,  3.792678050159E-02,NaN,  3.504050000000E+06,  4.271729224823E-07
  5.600866674742E+00,  3.508898915496E+03,  3.597710357054E+03,  1.242128764198E+05,  1.252251729924E+05,  9.918599818371E+02,  9.295512173574E-01,NaN,NaN,  3.002974130350E-03,  4.143421589592E+15,  6.607566040405E+19,  2.068366801690E+20,  6.209792968330E+17,  8.232601796675E+20,  6.741183361202E+19,  1.047448132917E+13,  1.822680510440E+02,  2.650157186199E+01,  1.457664802376E+02,NaN,  9.999996929815E+00,NaN,  2.014616597863E-06,  3.792622721170E-02,NaN,  3.504050000000E+06,  4.273086724739E-07
  6.151643348588E+00,  3.508700883474E+03,  3.597484364513E+03,  1.241543617050E+05,  1.251666493423E+05,  9.918599818371E+02,  9.294551460103E-01,NaN,NaN,  3.003443578175E-03,  4.149202590498E+15,  6.607048314369E+19,  2.068418513742E+20,  6.218921698744E+17,  8.232571882344E+20,  6.741391013730E+19,  1.046979918510E+13,  1.822752667568E+02,  2.650514351243E+01,  1.457701246027E+02,NaN,  9.999996627965E+00,NaN,  2.013716054451E-06,  3.792595874775E-02,NaN,  3.504050000000E+06,  4.273745115052E-07
  6.459635600370E+00,  3.508590206792E+03,  3.597358036771E+03,  1.241216170210E+05,  1.251338960774E+05,  9.918599818371E+02,  9.294011043589E-01,NaN,NaN,  3.003706323359E-03,  4.152454624175E+15,  6.606757073734E+19,  2.068447603752E+20,  6.224057557436E+17,  8.232555052129E+20,  6.741507843505E+19,  1.046718257440E+13,  1.822793261605E+02,  2.650715299045E+01,  1.457721746977E+02,NaN,  9.999996459177E+00,NaN,  2.013212786825E-06,  3.792580770420E-02,NaN,  3.504050000000E+06,  4.274113243284E-07
  6.941454555672E+00,  3.508417123558E+03,  3.597160478164E+03,  1.240704165302E+05,  1.250826889407E+05,  9.918599818371E+02,  9.293165909085E-01,NaN,NaN,  3.004117337313E-03,  4.157540525328E+15,  6.606301598413E+19,  2.068493098027E+20,  6.232090464418E+17,  8.232528727830E+20,  6.741690579410E+19,  1.046309069776E+13,  1.822856751351E+02,  2.651029605756E+01,  1.457753808700E+02,NaN,  9.999996195134E+00,NaN,  2.012425772907E-06,  3.792557145310E-02,NaN,  3.504050000000E+06,  4.274689078818E-07
  7.700305987070E+00,  3.508144657207E+03,  3.596849494046E+03,  1.239898538454E+05,  1.250021155119E+05,  9.918599818371E+02,  9.291835552426E-01,NaN,NaN,  3.004764528460E-03,  4.165546878769E+15,  6.605584577709E+19,  2.068564716257E+20,  6.244738208154E+17,  8.232487279328E+20,  6.741978306646E+19,  1.045665090424E+13,  1.822956708792E+02,  2.651524498184E+01,  1.457804281069E+02,NaN,  9.999995779295E+00,NaN,  2.011187170774E-06,  3.792519946167E-02,NaN,  3.504050000000E+06,  4.275595857010E-07
  8.981545997093E+00,  3.507685001094E+03,  3.596324888243E+03,  1.238540439785E+05,  1.248662875564E+05,  9.918599818371E+02,  9.289591345143E-01,NaN,NaN,  3.005856846251E-03,  4.179054225267E+15,  6.604374907505E+19,  2.068685541828E+20,  6.266081877980E+17,  8.232417329903E+20,  6.742463890865E+19,  1.044579121825E+13,  1.823125373371E+02,  2.652359705929E+01,  1.457889431914E+02,NaN,  9.999995077258E+00,NaN,  2.009098465571E-06,  3.792457166382E-02,NaN,  3.504050000000E+06,  4.277126449141E-07
  1.026278600712E+01,  3.507225814608E+03,  3.595800856726E+03,  1.237184994144E+05,  1.247307249328E+05,  9.918599818371E+02,  9.287349594593E-01,NaN,NaN,  3.006948667007E-03,  4.192548360706E+15,  6.603166420421E+19,  2.068806249218E+20,  6.287412115654E+17,  8.232347420607E+20,  6.742949208132E+19,  1.043494736936E+13,  1.823293908776E+02,  2.653194454802E+01,  1.457974499473E+02,NaN,  9.999994375287E+00,NaN,  2.007012806408E-06,  3.792394420517E-02,NaN,  3.504050000000E+06,  4.278656530736E-07
  1.087911476496E+01,  3.507005094309E+03,  3.595548980542E+03,  1.236533912660E+05,  1.246656081070E+05,  9.918599818371E+02,  9.286272095324E-01,NaN,NaN,  3.007473700237E-03,  4.199034888514E+15,  6.602585509908E+19,  2.068864272337E+20,  6.297668046704E+17,  8.232313805676E+20,  6.743182570447E+19,  1.042973669569E+13,  1.823374935196E+02,  2.653595839616E+01,  1.458015390798E+02,NaN,  9.999994037629E+00,NaN,  2.006010607892E-06,  3.792364249280E-02,NaN,  3.504050000000E+06,  4.279392380416E-07
  1.149544352279E+01,  3.506784485818E+03,  3.595297236903E+03,  1.235883379414E+05,  1.246005456434E+05,  9.918599818371E+02,  9.285194686665E-01,NaN,NaN,  3.007998657069E-03,  4.205521230705E+15,  6.602004616017E+19,  2.068922293796E+20,  6.307925404577E+17,  8.232280185171E+20,  6.743415974236E+19,  1.042452977998E+13,  1.823455967572E+02,  2.653997295699E+01,  1.458056280952E+02,NaN,  9.999993699986E+00,NaN,  2.005009132164E-06,  3.792334072552E-02,NaN,  3.504050000000E+06,  4.280128112071E-07
  1.229185318419E+01,  3.506499645656E+03,  3.594972134301E+03,  1.235042450481E+05,  1.245164368239E+05,  9.918599818371E+02,  9.283794405810E-01,NaN,NaN,  3.008677573507E-03,  4.213951914925E+15,  6.601249593784E+19,  2.068997707749E+20,  6.321260073616E+17,  8.232236476871E+20,  6.743719416334E+19,  1.041780733452E+13,  1.823561302575E+02,  2.654519215747E+01,  1.458109428327E+02,NaN,  9.999993263707E+00,NaN,  2.003716165976E-06,  3.792294840520E-02,NaN,  3.504050000000E+06,  4.281078636892E-07
  1.379377748307E+01,  3.505962970596E+03,  3.594359634888E+03,  1.233459264807E+05,  1.243580971961E+05,  9.918599818371E+02,  9.281156250362E-01,NaN,NaN,  3.009957447479E-03,  4.229837152315E+15,  6.599826968142E+19,  2.069139803987E+20,  6.346393384045E+17,  8.232154090922E+20,  6.744291387905E+19,  1.040514651417E+13,  1.823759814572E+02,  2.655503006458E+01,  1.458209569503E+02,NaN,  9.999992441020E+00,NaN,  2.001281038352E-06,  3.792220889694E-02,NaN,  3.504050000000E+06,  4.282870664586E-07
  1.469656920908E+01,  3.505640689434E+03,  3.593991845280E+03,  1.232509369736E+05,  1.242630950362E+05,  9.918599818371E+02,  9.279572108178E-01,NaN,NaN,  3.010726438815E-03,  4.239376863409E+15,  6.598972625368E+19,  2.069225138375E+20,  6.361491891609E+17,  8.232104596044E+20,  6.744635018120E+19,  1.039754685454E+13,  1.823879052725E+02,  2.656094050379E+01,  1.458269708224E+02,NaN,  9.999991946556E+00,NaN,  1.999819352570E-06,  3.792176460986E-02,NaN,  3.504050000000E+06,  4.283947496830E-07
  1.637643987567E+01,  3.505041620488E+03,  3.593308233601E+03,  1.230745322310E+05,  1.240866667914E+05,  9.918599818371E+02,  9.276627658213E-01,NaN,NaN,  3.012156685520E-03,  4.257110444491E+15,  6.597384468567E+19,  2.069383768360E+20,  6.389568747350E+17,  8.232012551266E+20,  6.745274076814E+19,  1.038342687376E+13,  1.824100754822E+02,  2.657193231604E+01,  1.458381501425E+02,NaN,  9.999991026584E+00,NaN,  1.997103576320E-06,  3.792093834917E-02,NaN,  3.504050000000E+06,  4.285950539547E-07
  1.729559486586E+01,  3.504714213212E+03,  3.592934604171E+03,  1.229781285983E+05,  1.239902455711E+05,  9.918599818371E+02,  9.275012890752E-01,NaN,NaN,  3.012939343358E-03,  4.266836878189E+15,  6.596513403594E+19,  2.069470773020E+20,  6.404973685209E+17,  8.231962046192E+20,  6.745624738662E+19,  1.037571313334E+13,  1.824222379327E+02,  2.657796368821E+01,  1.458442817256E+02,NaN,  9.999990523247E+00,NaN,  1.995619948730E-06,  3.792048496322E-02,NaN,  3.504050000000E+06,  4.287046149237E-07
  1.820795426866E+01,  3.504389506856E+03,  3.592564026610E+03,  1.228824901595E+05,  1.238945939772E+05,  9.918599818371E+02,  9.273405862647E-01,NaN,NaN,  3.013716457754E-03,  4.276517510444E+15,  6.595646440469E+19,  2.069557367986E+20,  6.420309932661E+17,  8.231911764330E+20,  6.745973857798E+19,  1.036806408344E+13,  1.824343449658E+02,  2.658396851203E+01,  1.458503844360E+02,NaN,  9.999990023663E+00,NaN,  1.994148763436E-06,  3.792003356982E-02,NaN,  3.504050000000E+06,  4.288133398496E-07
  1.922910426411E+01,  3.504026361940E+03,  3.592149602700E+03,  1.227756044743E+05,  1.237876941896E+05,  9.918599818371E+02,  9.271608692660E-01,NaN,NaN,  3.014585941359E-03,  4.287344504613E+15,  6.594676813222E+19,  2.069654217360E+20,  6.437466822105E+17,  8.231855510877E+20,  6.746364446242E+19,  1.035951258737E+13,  1.824478878811E+02,  2.659068660658E+01,  1.458572098174E+02,NaN,  9.999989464553E+00,NaN,  1.992504005537E-06,  3.791952855529E-02,NaN,  3.504050000000E+06,  4.289349984930E-07
  2.072132378357E+01,  3.503496223428E+03,  3.591544647644E+03,  1.226197094279E+05,  1.236317782458E+05,  9.918599818371E+02,  9.268985274842E-01,NaN,NaN,  3.015855961746E-03,  4.303151022283E+15,  6.593261237472E+19,  2.069795609446E+20,  6.462523100838E+17,  8.231773352646E+20,  6.746934914591E+19,  1.034703483313E+13,  1.824676635746E+02,  2.660049862642E+01,  1.458671743105E+02,NaN,  9.999988647594E+00,NaN,  1.990104088061E-06,  3.791879095712E-02,NaN,  3.504050000000E+06,  4.291127214883E-07
  2.185146201655E+01,  3.503095138924E+03,  3.591086993452E+03,  1.225018764886E+05,  1.235139296204E+05,  9.918599818371E+02,  9.267000634583E-01,NaN,NaN,  3.016817371389E-03,  4.315110236590E+15,  6.592190212574E+19,  2.069902586721E+20,  6.481487501695E+17,  8.231711165800E+20,  6.747366721621E+19,  1.033759914384E+13,  1.824826291475E+02,  2.660792568276E+01,  1.458747134476E+02,NaN,  9.999988028932E+00,NaN,  1.988289268245E-06,  3.791823263876E-02,NaN,  3.504050000000E+06,  4.292472746960E-07
  2.303493996720E+01,  3.502675578396E+03,  3.590608210653E+03,  1.223785717724E+05,  1.233906033581E+05,  9.918599818371E+02,  9.264915029663E-01,NaN,NaN,  3.017824527050E-03,  4.327679180652E+15,  6.591064582492E+19,  2.070015018152E+20,  6.501425116480E+17,  8.231645784386E+20,  6.747820722494E+19,  1.032773128966E+13,  1.824983607777E+02,  2.661573444833E+01,  1.458826369619E+02,NaN,  9.999987381112E+00,NaN,  1.986391327700E-06,  3.791764562095E-02,NaN,  3.504050000000E+06,  4.293881359125E-07
  2.510303453657E+01,  3.501943421044E+03,  3.589772707386E+03,  1.221635069536E+05,  1.231755098967E+05,  9.918599818371E+02,  9.261267262202E-01,NaN,NaN,  3.019584259126E-03,  4.349665821529E+15,  6.589095536891E+19,  2.070211692558E+20,  6.536317259902E+17,  8.231531354463E+20,  6.748615336463E+19,  1.031052012210E+13,  1.825258873687E+02,  2.662940170465E+01,  1.458964974318E+02,NaN,  9.999986249216E+00,NaN,  1.983081005905E-06,  3.791661818434E-02,NaN,  3.504050000000E+06,  4.296341823248E-07
  2.744041914297E+01,  3.501117372278E+03,  3.588830177020E+03,  1.219212485184E+05,  1.229332191950E+05,  9.918599818371E+02,  9.257152219524E-01,NaN,NaN,  3.021571583234E-03,  4.374473943749E+15,  6.586873809377E+19,  2.070433605601E+20,  6.575710882505E+17,  8.231402149303E+20,  6.749512588600E+19,  1.029111779809E+13,  1.825569578563E+02,  2.664483433243E+01,  1.459121365743E+02,NaN,  9.999984970177E+00,NaN,  1.979349246520E-06,  3.791545801937E-02,NaN,  3.504050000000E+06,  4.299121070787E-07
  2.925156220148E+01,  3.500478490883E+03,  3.588101135179E+03,  1.217338672140E+05,  1.227458078249E+05,  9.918599818371E+02,  9.253950796246E-01,NaN,NaN,  3.023111928228E-03,  4.393777855793E+15,  6.585145019520E+19,  2.070606282538E+20,  6.606381716790E+17,  8.231301544495E+20,  6.750211259445E+19,  1.027612006629E+13,  1.825811431392E+02,  2.665685134147E+01,  1.459243058421E+02,NaN,  9.999983979211E+00,NaN,  1.976464647421E-06,  3.791455461440E-02,NaN,  3.504050000000E+06,  4.301273425509E-07
  3.081836808940E+01,  3.499926560584E+03,  3.587471350275E+03,  1.215721387876E+05,  1.225840578666E+05,  9.918599818371E+02,  9.251182637209E-01,NaN,NaN,  3.024443925801E-03,  4.410471874567E+15,  6.583649962436E+19,  2.070755613513E+20,  6.632918225399E+17,  8.231214494415E+20,  6.750815816529E+19,  1.026317122549E+13,  1.826020645264E+02,  2.666724960842E+01,  1.459348298219E+02,NaN,  9.999983122050E+00,NaN,  1.973974123186E-06,  3.791377289347E-02,NaN,  3.504050000000E+06,  4.303134587947E-07
  3.257483864153E+01,  3.499308631534E+03,  3.586766322906E+03,  1.213912880665E+05,  1.224031830577E+05,  9.918599818371E+02,  9.248083757148E-01,NaN,NaN,  3.025936289281E-03,  4.429163239274E+15,  6.581976030111E+19,  2.070922811096E+20,  6.662643311560E+17,  8.231116977428E+20,  6.751493086890E+19,  1.024868269666E+13,  1.826254956038E+02,  2.667889853482E+01,  1.459466129366E+02,NaN,  9.999982161245E+00,NaN,  1.971187461991E-06,  3.791289714145E-02,NaN,  3.504050000000E+06,  4.305220140850E-07
  3.483764840500E+01,  3.498513982881E+03,  3.585859602249E+03,  1.211587390927E+05,  1.221705980263E+05,  9.918599818371E+02,  9.244078653636E-01,NaN,NaN,  3.027859187827E-03,  4.453325096078E+15,  6.579812180017E+19,  2.071138943233E+20,  6.701089540639E+17,  8.230990838521E+20,  6.752369178040E+19,  1.023006122210E+13,  1.826557946612E+02,  2.669396709551E+01,  1.459618446744E+02,NaN,  9.999980923638E+00,NaN,  1.967605887826E-06,  3.791176429046E-02,NaN,  3.504050000000E+06,  4.307905485135E-07
  3.750849009353E+01,  3.497577936053E+03,  3.584791614685E+03,  1.208851563559E+05,  1.218969788705E+05,  9.918599818371E+02,  9.239352910528E-01,NaN,NaN,  3.030127612831E-03,  4.481840895335E+15,  6.577258406298E+19,  2.071394022164E+20,  6.746494756145E+17,  8.230841851565E+20,  6.753404009190E+19,  1.020814482588E+13,  1.826915685172E+02,  2.671176593454E+01,  1.459798211561E+02,NaN,  9.999979463146E+00,NaN,  1.963390582629E-06,  3.791042615740E-02,NaN,  3.504050000000E+06,  4.311073004884E-07
  3.947854699544E+01,  3.496888825381E+03,  3.584005394298E+03,  1.206839358780E+05,  1.216957264681E+05,  9.918599818371E+02,  9.235864543319E-01,NaN,NaN,  3.031800270616E-03,  4.502894696701E+15,  6.575372902636E+19,  2.071582352195E+20,  6.780039929014E+17,  8.230731769418E+20,  6.754168651473E+19,  1.019202239170E+13,  1.827179914831E+02,  2.672491757370E+01,  1.459930935630E+02,NaN,  9.999978386039E+00,NaN,  1.960289663120E-06,  3.790943739099E-02,NaN,  3.504050000000E+06,  4.313408000903E-07
  4.184643753240E+01,  3.496062100759E+03,  3.583062135806E+03,  1.204426340885E+05,  1.214543926121E+05,  9.918599818371E+02,  9.231662841315E-01,NaN,NaN,  3.033810659852E-03,  4.528258869478E+15,  6.573101377495E+19,  2.071809239293E+20,  6.820477202615E+17,  8.230599057424E+20,  6.755090524350E+19,  1.017269334782E+13,  1.827498357952E+02,  2.674077349892E+01,  1.460090832481E+02,NaN,  9.999977091630E+00,NaN,  1.956571998120E-06,  3.790824529496E-02,NaN,  3.504050000000E+06,  4.316212930690E-07
  4.414487399983E+01,  3.495261100477E+03,  3.582148347096E+03,  1.202092319172E+05,  1.212209593590E+05,  9.918599818371E+02,  9.227592411114E-01,NaN,NaN,  3.035760481785E-03,  4.552835900135E+15,  6.570900345954E+19,  2.072029085249E+20,  6.859684974921E+17,  8.230470367260E+20,  6.755984499628E+19,  1.015398168233E+13,  1.827807041056E+02,  2.675614960293E+01,  1.460245767143E+02,NaN,  9.999975835412E+00,NaN,  1.952973077020E-06,  3.790708925791E-02,NaN,  3.504050000000E+06,  4.318933922879E-07
  4.685230421407E+01,  3.494319656465E+03,  3.581074226144E+03,  1.199349060297E+05,  1.209465919084E+05,  9.918599818371E+02,  9.222776892203E-01,NaN,NaN,  3.038057932535E-03,  4.581918467297E+15,  6.568295814732E+19,  2.072289234084E+20,  6.906112780606E+17,  8.230317962276E+20,  6.757043271786E+19,  1.013200435355E+13,  1.828172468873E+02,  2.677436008926E+01,  1.460429104934E+02,NaN,  9.999974355912E+00,NaN,  1.948746052317E-06,  3.790572009965E-02,NaN,  3.504050000000E+06,  4.322136996273E-07
  4.950083979906E+01,  3.493400639932E+03,  3.580025839841E+03,  1.196676092533E+05,  1.206792595406E+05,  9.918599818371E+02,  9.218075871994E-01,NaN,NaN,  3.040303402797E-03,  4.610316586681E+15,  6.565752580159E+19,  2.072543260393E+20,  6.951481792816E+17,  8.230169015191E+20,  6.758078074687E+19,  1.011057192831E+13,  1.828529459681E+02,  2.679215832222E+01,  1.460608127924E+02,NaN,  9.999972908911E+00,NaN,  1.944623832012E-06,  3.790438191695E-02,NaN,  3.504050000000E+06,  4.325268193437E-07
  5.292793731533E+01,  3.492214581378E+03,  3.578672737011E+03,  1.193228090137E+05,  1.203344083782E+05,  9.918599818371E+02,  9.211971825064E-01,NaN,NaN,  3.043209061690E-03,  4.647200555474E+15,  6.562449383259E+19,  2.072873194207E+20,  7.010457870468E+17,  8.229975369917E+20,  6.759423501435E+19,  1.008293699760E+13,  1.828993366760E+02,  2.681529908827E+01,  1.460840646115E+02,NaN,  9.999971036945E+00,NaN,  1.939308648534E-06,  3.790264201865E-02,NaN,  3.504050000000E+06,  4.329316604099E-07
  5.566031085001E+01,  3.491271281892E+03,  3.577596719863E+03,  1.190490948550E+05,  1.200606512123E+05,  9.918599818371E+02,  9.207112002814E-01,NaN,NaN,  3.045523696955E-03,  4.676574639520E+15,  6.559818744859E+19,  2.073135950725E+20,  7.057466405345E+17,  8.229820998365E+20,  6.760496122915E+19,  1.006098248498E+13,  1.829363013626E+02,  2.683374771782E+01,  1.461025821649E+02,NaN,  9.999969544800E+00,NaN,  1.935086012191E-06,  3.790125488804E-02,NaN,  3.504050000000E+06,  4.332541731578E-07
  5.852856789873E+01,  3.490283477501E+03,  3.576469846762E+03,  1.187625454780E+05,  1.197740652520E+05,  9.918599818371E+02,  9.201992168971E-01,NaN,NaN,  3.047953792513E-03,  4.707528364706E+15,  6.557046639565E+19,  2.073412837461E+20,  7.107041791720E+17,  8.229658177305E+20,  6.761627520838E+19,  1.003801117698E+13,  1.829752726502E+02,  2.685320720672E+01,  1.461220955341E+02,NaN,  9.999967978757E+00,NaN,  1.930667809809E-06,  3.789979172948E-02,NaN,  3.504050000000E+06,  4.335924755480E-07
  6.152195116117E+01,  3.489254985024E+03,  3.575296703992E+03,  1.184647335669E+05,  1.194762087038E+05,  9.918599818371E+02,  9.196656554580E-01,NaN,NaN,  3.050487759389E-03,  4.739795461403E+15,  6.554156913359E+19,  2.073701472534E+20,  7.158763202480E+17,  8.229488285793E+20,  6.762808116916E+19,  1.001411863304E+13,  1.830159180069E+02,  2.687351287831E+01,  1.461424368578E+02,NaN,  9.999966344775E+00,NaN,  1.926072420876E-06,  3.789826492386E-02,NaN,  3.504050000000E+06,  4.339452642928E-07
  6.487550559554E+01,  3.488105850563E+03,  3.573985898293E+03,  1.181322108918E+05,  1.191436417787E+05,  9.918599818371E+02,  9.190662049947E-01,NaN,NaN,  3.053326419151E-03,  4.776057915410E+15,  6.550909377325E+19,  2.074025846847E+20,  7.216940710661E+17,  8.229297160658E+20,  6.764136355356E+19,  9.987449496879E+12,  1.830616211640E+02,  2.689635785286E+01,  1.461652968756E+02,NaN,  9.999964514619E+00,NaN,  1.920942994160E-06,  3.789654715703E-02,NaN,  3.504050000000E+06,  4.343401716348E-07
  6.831517419227E+01,  3.486930471618E+03,  3.572645251828E+03,  1.177926245960E+05,  1.188040053356E+05,  9.918599818371E+02,  9.184512565245E-01,NaN,NaN,  3.056236144812E-03,  4.813269673940E+15,  6.547576824990E+19,  2.074358712872E+20,  7.276698388484E+17,  8.229100814503E+20,  6.765500970583E+19,  9.960203514551E+12,  1.831085483497E+02,  2.691982845620E+01,  1.461887553399E+02,NaN,  9.999962637931E+00,NaN,  1.915702619339E-06,  3.789478231853E-02,NaN,  3.504050000000E+06,  4.347448577215E-07
  7.222544942412E+01,  3.485598296048E+03,  3.571125859027E+03,  1.174083479783E+05,  1.184196775487E+05,  9.918599818371E+02,  9.177518890568E-01,NaN,NaN,  3.059541938041E-03,  4.855604318112E+15,  6.543785485336E+19,  2.074737404063E+20,  7.344753319341E+17,  8.228877169212E+20,  6.767055431031E+19,  9.929360632002E+12,  1.831619699557E+02,  2.694656424501E+01,  1.462154432958E+02,NaN,  9.999960505080E+00,NaN,  1.909770432230E-06,  3.789277192423E-02,NaN,  3.504050000000E+06,  4.352044667742E-07
  7.669880724364E+01,  3.484079628286E+03,  3.569393746439E+03,  1.169707988513E+05,  1.179820652457E+05,  9.918599818371E+02,  9.169496741535E-01,NaN,NaN,  3.063322639188E-03,  4.904183635582E+15,  6.539434895208E+19,  2.075171955059E+20,  7.422939476544E+17,  8.228620181941E+20,  6.768841791302E+19,  9.894247638353E+12,  1.832233163616E+02,  2.697728846631E+01,  1.462460679264E+02,NaN,  9.999958065861E+00,NaN,  1.903016950355E-06,  3.789046157533E-02,NaN,  3.504050000000E+06,  4.357296794758E-07
  8.061486106101E+01,  3.482754723244E+03,  3.567882720196E+03,  1.165897294860E+05,  1.176009402379E+05,  9.918599818371E+02,  9.162468330206E-01,NaN,NaN,  3.066630214971E-03,  4.946761953767E+15,  6.535621733203E+19,  2.075552826024E+20,  7.491548841271E+17,  8.228394629728E+20,  6.770409774688E+19,  9.863657880947E+12,  1.832771240205E+02,  2.700425669200E+01,  1.462729095001E+02,NaN,  9.999955931192E+00,NaN,  1.897133448246E-06,  3.788843362641E-02,NaN,  3.504050000000E+06,  4.361889514165E-07
  8.478737344815E+01,  3.481347692505E+03,  3.566278150640E+03,  1.161857556690E+05,  1.171969077429E+05,  9.918599818371E+02,  9.154977124167E-01,NaN,NaN,  3.070151948617E-03,  4.992161106288E+15,  6.531555947400E+19,  2.075958929889E+20,  7.564787664658E+17,  8.228153814351E+20,  6.772084000586E+19,  9.831216525202E+12,  1.833345370561E+02,  2.703305216567E+01,  1.463015293421E+02,NaN,  9.999953657422E+00,NaN,  1.890893817692E-06,  3.788626823630E-02,NaN,  3.504050000000E+06,  4.366777786211E-07
  8.916599357746E+01,  3.479876356775E+03,  3.564600295115E+03,  1.157639522390E+05,  1.167750481852E+05,  9.918599818371E+02,  9.147103583478E-01,NaN,NaN,  3.073845822884E-03,  5.039896488553E+15,  6.527280937329E+19,  2.076385931798E+20,  7.641889066259E+17,  8.227900249593E+20,  6.773847018580E+19,  9.797340167324E+12,  1.833949498316E+02,  2.706337471827E+01,  1.463316219568E+02,NaN,  9.999951272110E+00,NaN,  1.884378185011E-06,  3.788398797234E-02,NaN,  3.504050000000E+06,  4.371901734601E-07
  9.394432246737E+01,  3.478276752259E+03,  3.562776218089E+03,  1.153061051475E+05,  1.163171352841E+05,  9.918599818371E+02,  9.138496043059E-01,NaN,NaN,  3.077874810106E-03,  5.092104404349E+15,  6.522605383297E+19,  2.076852941395E+20,  7.726324638707E+17,  8.227622507311E+20,  6.775778322754E+19,  9.760566694215E+12,  1.834610761952E+02,  2.709659156683E+01,  1.463645340811E+02,NaN,  9.999948669944E+00,NaN,  1.877305333673E-06,  3.788149001304E-02,NaN,  3.504050000000E+06,  4.377486671543E-07
  9.974972183710E+01,  3.476341680616E+03,  3.560569760665E+03,  1.147534219573E+05,  1.157643736803E+05,  9.918599818371E+02,  9.128028612141E-01,NaN,NaN,  3.082765900767E-03,  5.155624898046E+15,  6.516916715404E+19,  2.077421144157E+20,  7.829211577178E+17,  8.227283989863E+20,  6.778132486166E+19,  9.716160545151E+12,  1.835416062336E+02,  2.713708114310E+01,  1.464045777120E+02,NaN,  9.999945509734E+00,NaN,  1.868764446336E-06,  3.787844507626E-02,NaN,  3.504050000000E+06,  4.384262568970E-07
  1.058258042956E+02,  3.474326171627E+03,  3.558271738658E+03,  1.141790756073E+05,  1.151899460551E+05,  9.918599818371E+02,  9.117057704741E-01,NaN,NaN,  3.087880854311E-03,  5.222238001175E+15,  6.510951084653E+19,  2.078017010940E+20,  7.937291668830E+17,  8.226928289912E+20,  6.780606443442E+19,  9.670001309867E+12,  1.836261459427E+02,  2.717963093675E+01,  1.464465709424E+02,NaN,  9.999942203659E+00,NaN,  1.859886377950E-06,  3.787524514267E-02,NaN,  3.504050000000E+06,  4.391343261690E-07
  1.118528476706E+02,  3.472336753953E+03,  3.556003614440E+03,  1.136134673791E+05,  1.146242577347E+05,  9.918599818371E+02,  9.106159604190E-01,NaN,NaN,  3.092950353084E-03,  5.288446880642E+15,  6.505021654892E+19,  2.078609261915E+20,  8.044902960124E+17,  8.226574035118E+20,  6.783070655439E+19,  9.624531927835E+12,  1.837102631136E+02,  2.722201298513E+01,  1.464883093516E+02,NaN,  9.999938925762E+00,NaN,  1.851140992965E-06,  3.787205776650E-02,NaN,  3.504050000000E+06,  4.398355560872E-07
  1.179562391238E+02,  3.470332031324E+03,  3.553718195550E+03,  1.130448253157E+05,  1.140555351972E+05,  9.918599818371E+02,  9.095108426960E-01,NaN,NaN,  3.098079799536E-03,  5.355624292224E+15,  6.499005487032E+19,  2.079210176641E+20,  8.154279529437E+17,  8.226213869227E+20,  6.785576297677E+19,  9.578807004831E+12,  1.837957032401E+02,  2.726510745820E+01,  1.465306583317E+02,NaN,  9.999935607878E+00,NaN,  1.842346458332E-06,  3.786881675874E-02,NaN,  3.504050000000E+06,  4.405445284893E-07
  1.242270185751E+02,  3.468282621596E+03,  3.551381997334E+03,  1.124648828548E+05,  1.134755107772E+05,  9.918599818371E+02,  9.083739393428E-01,NaN,NaN,  3.103345410928E-03,  5.424774420124E+15,  6.492812649944E+19,  2.079828737737E+20,  8.267069598991E+17,  8.225842357707E+20,  6.788161199706E+19,  9.532161114316E+12,  1.838837499386E+02,  2.730956497903E+01,  1.465742509255E+02,NaN,  9.999932200620E+00,NaN,  1.833374788776E-06,  3.786547319047E-02,NaN,  3.504050000000E+06,  4.412717506085E-07
  1.315185527938E+02,  3.465912598978E+03,  3.548680560770E+03,  1.117960059343E+05,  1.128065398852E+05,  9.918599818371E+02,  9.070505362283E-01,NaN,NaN,  3.109462065494E-03,  5.505319901357E+15,  6.485599286118E+19,  2.080549232497E+20,  8.398705056741E+17,  8.225408637507E+20,  6.791179358529E+19,  9.478342628963E+12,  1.839864311586E+02,  2.736147388278E+01,  1.466250272119E+02,NaN,  9.999928240807E+00,NaN,  1.823023573240E-06,  3.786156916243E-02,NaN,  3.504050000000E+06,  4.421158291764E-07
  1.381758766088E+02,  3.463760898704E+03,  3.546228110095E+03,  1.111902473309E+05,  1.122006914135E+05,  9.918599818371E+02,  9.058398484124E-01,NaN,NaN,  3.115041976768E-03,  5.579054156807E+15,  6.478995911436E+19,  2.081208799607E+20,  8.519453569505E+17,  8.225010660408E+20,  6.793949189887E+19,  9.429596578199E+12,  1.840805477652E+02,  2.740911165277E+01,  1.466715096715E+02,NaN,  9.999924627322E+00,NaN,  1.813647967913E-06,  3.785798631877E-02,NaN,  3.504050000000E+06,  4.428850641158E-07
  1.454459404004E+02,  3.461424277878E+03,  3.543565092366E+03,  1.105341502839E+05,  1.115445023285E+05,  9.918599818371E+02,  9.045159283118E-01,NaN,NaN,  3.121129713853E-03,  5.659738105342E+15,  6.471770147445E+19,  2.081930533120E+20,  8.651851782484E+17,  8.224574146355E+20,  6.796987668171E+19,  9.376786567035E+12,  1.841836653931E+02,  2.746136964823E+01,  1.467223732580E+02,NaN,  9.999920683367E+00,NaN,  1.803490717956E-06,  3.785405594872E-02,NaN,  3.504050000000E+06,  4.437235457304E-07
  1.533286785292E+02,  3.458906058026E+03,  3.540695379124E+03,  1.098291357915E+05,  1.108393893299E+05,  9.918599818371E+02,  9.030787905158E-01,NaN,NaN,  3.127723314388E-03,  5.747385271716E+15,  6.463920782940E+19,  2.082714554023E+20,  8.795995546392E+17,  8.224098740498E+20,  6.800297383461E+19,  9.320020234053E+12,  1.842958370800E+02,  2.751829237979E+01,  1.467776264981E+02,NaN,  9.999916409550E+00,NaN,  1.792572526112E-06,  3.784977470593E-02,NaN,  3.504050000000E+06,  4.446308584360E-07
  1.615793639981E+02,  3.456287179803E+03,  3.537711287947E+03,  1.090982803438E+05,  1.101084319411E+05,  9.918599818371E+02,  9.015732069524E-01,NaN,NaN,  3.134616358087E-03,  5.839277593318E+15,  6.455691237824E+19,  2.083536548721E+20,  8.947479092804E+17,  8.223598939615E+20,  6.803777515944E+19,  9.261149177591E+12,  1.844136154842E+02,  2.757814585318E+01,  1.468355559107E+02,NaN,  9.999911939041E+00,NaN,  1.781249520823E-06,  3.784527301418E-02,NaN,  3.504050000000E+06,  4.455784847230E-07
  1.697038479937E+02,  3.453725157829E+03,  3.534792218396E+03,  1.083854376645E+05,  1.093954851024E+05,  9.918599818371E+02,  9.000882582916E-01,NaN,NaN,  3.141396683157E-03,  5.929981551634E+15,  6.447568118514E+19,  2.084347913357E+20,  9.097364534137E+17,  8.223104222683E+20,  6.807222836860E+19,  9.203717686493E+12,  1.845300458676E+02,  2.763740037935E+01,  1.468927361783E+02,NaN,  9.999907539697E+00,NaN,  1.770203395333E-06,  3.784081636088E-02,NaN,  3.504050000000E+06,  4.465095824675E-07
  1.786741605696E+02,  3.450915561051E+03,  3.531591363515E+03,  1.076061921560E+05,  1.086161312729E+05,  9.918599818371E+02,  8.984464175773E-01,NaN,NaN,  3.148874275375E-03,  6.030351098386E+15,  6.438579384251E+19,  2.085245738654E+20,  9.263641508007E+17,  8.222555183803E+20,  6.811047150664E+19,  9.140921445557E+12,  1.846590869080E+02,  2.770317277314E+01,  1.469560096911E+02,NaN,  9.999902685596E+00,NaN,  1.758125436979E-06,  3.783586949266E-02,NaN,  3.504050000000E+06,  4.475352744689E-07
  1.878166635005E+02,  3.448072387361E+03,  3.528352703835E+03,  1.068205223731E+05,  1.078303523018E+05,  9.918599818371E+02,  8.967723141090E-01,NaN,NaN,  3.156484556543E-03,  6.132782014805E+15,  6.429406041346E+19,  2.086162003359E+20,  9.433789536846E+17,  8.221993124063E+20,  6.814962899538E+19,  9.077575737849E+12,  1.847909996698E+02,  2.777051747558E+01,  1.470205827064E+02,NaN,  9.999897741824E+00,NaN,  1.745941796554E-06,  3.783080439699E-02,NaN,  3.504050000000E+06,  4.485781312411E-07
  1.973205905247E+02,  3.445281271148E+03,  3.525196537991E+03,  1.060929219336E+05,  1.070999498701E+05,  9.918599818371E+02,  8.951245578589E-01,NaN,NaN,  3.163680617172E-03,  6.217340113907E+15,  6.421834037796E+19,  2.086918642746E+20,  9.574648595168E+17,  8.221577699501E+20,  6.818218003096E+19,  9.042987515838E+12,  1.849003098905E+02,  2.782650928880E+01,  1.470739062562E+02,NaN,  9.999892606195E+00,NaN,  1.739289246995E-06,  3.782658670331E-02,NaN,  3.507318075183E+06,  4.495993452920E-07
  2.078788017364E+02,  3.442475571612E+03,  3.521962899606E+03,  1.052541294794E+05,  1.062610780161E+05,  9.918599818371E+02,  8.934328128409E-01,NaN,NaN,  3.171816433466E-03,  6.349068942210E+15,  6.410035173268E+19,  2.088097976967E+20,  9.794581742883E+17,  8.220972983343E+20,  6.823321682772E+19,  9.046054544340E+12,  1.850711854220E+02,  2.791427789399E+01,  1.471570188832E+02,NaN,  9.999886904871E+00,NaN,  1.739879146039E-06,  3.781996909796E-02,NaN,  3.515307661774E+06,  4.506506978177E-07
  2.182811657192E+02,  3.439671004319E+03,  3.518797326635E+03,  1.045373301602E+05,  1.055442052727E+05,  9.918599818371E+02,  8.917714754844E-01,NaN,NaN,  3.179061041825E-03,  6.430060054989E+15,  6.402778819959E+19,  2.088823553558E+20,  9.930097672824E+17,  8.220644859103E+20,  6.826482719226E+19,  9.049048292711E+12,  1.851766935705E+02,  2.796865723087E+01,  1.472081533076E+02,NaN,  9.999881291605E+00,NaN,  1.740454950699E-06,  3.781586346966E-02,NaN,  3.523115314720E+06,  4.516849255071E-07
  2.292083518755E+02,  3.436747943871E+03,  3.515494037390E+03,  1.037850846359E+05,  1.047918904396E+05,  9.918599818371E+02,  8.900336442724E-01,NaN,NaN,  3.186716028958E-03,  6.518674663089E+15,  6.394837341975E+19,  2.089617601414E+20,  1.007859568537E+18,  8.220279053511E+20,  6.829950508551E+19,  9.052209538525E+12,  1.852923015923E+02,  2.802831126248E+01,  1.472641131891E+02,NaN,  9.999875399678E+00,NaN,  1.741062971095E-06,  3.781136043070E-02,NaN,  3.531248158967E+06,  4.527694625385E-07
  2.407042747857E+02,  3.433752739889E+03,  3.512042176374E+03,  1.028971567920E+05,  1.039038714476E+05,  9.918599818371E+02,  8.882178049740E-01,NaN,NaN,  3.195575499729E-03,  6.663272056762E+15,  6.381872122521E+19,  2.090913501484E+20,  1.032129539284E+18,  8.219605796355E+20,  6.835615394868E+19,  9.055594382689E+12,  1.854810414555E+02,  2.812572980810E+01,  1.473554407001E+02,NaN,  9.999869205602E+00,NaN,  1.741713997434E-06,  3.780401616059E-02,NaN,  3.539731040071E+06,  4.539086201261E-07
  2.531436607160E+02,  3.430482081863E+03,  3.508334165795E+03,  1.020393299329E+05,  1.030459620737E+05,  9.918599818371E+02,  8.862601602073E-01,NaN,NaN,  3.204438452612E-03,  6.774681537128E+15,  6.371879023312E+19,  2.091912585455E+20,  1.050875782964E+18,  8.219125586830E+20,  6.840010479161E+19,  9.059233694122E+12,  1.856270431684E+02,  2.820132858097E+01,  1.474258503363E+02,NaN,  9.999862508770E+00,NaN,  1.742413966911E-06,  3.779831204186E-02,NaN,  3.548825519196E+06,  4.551390102993E-07
  2.660234400287E+02,  3.427122787416E+03,  3.504524174735E+03,  1.011583503751E+05,  1.021648940726E+05,  9.918599818371E+02,  8.842442662293E-01,NaN,NaN,  3.213633135917E-03,  6.891882547762E+15,  6.361362365521E+19,  2.092963994904E+20,  1.070635861982E+18,  8.218615366266E+20,  6.844652680365E+19,  9.063019834243E+12,  1.857809815441E+02,  2.828117665192E+01,  1.474999475682E+02,NaN,  9.999855580840E+00,NaN,  1.743142176785E-06,  3.779228797343E-02,NaN,  3.558150883180E+06,  4.564105243479E-07
  2.795075932896E+02,  3.423636011679E+03,  3.500566859883E+03,  1.002420617253E+05,  1.012485137805E+05,  9.918599818371E+02,  8.821464830532E-01,NaN,NaN,  3.223293265246E-03,  7.017433057149E+15,  6.350091791065E+19,  2.094090751253E+20,  1.091848234720E+18,  8.218062161905E+20,  6.849646733003E+19,  9.067002461750E+12,  1.859462797796E+02,  2.836707488919E+01,  1.475793548121E+02,NaN,  9.999848334378E+00,NaN,  1.743908178196E-06,  3.778580836311E-02,NaN,  3.567816258871E+06,  4.577390860058E-07
  2.936646056830E+02,  3.420007963495E+03,  3.496446188843E+03,  9.928657283202E+04,  1.002929333313E+05,  9.918599818371E+02,  8.799567491844E-01,NaN,NaN,  3.233473946199E-03,  7.152376460401E+15,  6.337972575351E+19,  2.095302320780E+20,  1.114699089175E+18,  8.217460219062E+20,  6.855039033770E+19,  9.071203319098E+12,  1.861244027153E+02,  2.845982104094E+01,  1.476647391962E+02,NaN,  9.999840733390E+00,NaN,  1.744716152995E-06,  3.777881324156E-02,NaN,  3.577858402973E+06,  4.591310968444E-07
  3.088693516358E+02,  3.416150252307E+03,  3.492058907016E+03,  9.826416703350E+04,  9.927042610151E+04,  9.918599818371E+02,  8.776195904355E-01,NaN,NaN,  3.244482290949E-03,  7.302644341592E+15,  6.324470402961E+19,  2.096652101261E+20,  1.140207841007E+18,  8.216779259421E+20,  6.861073510871E+19,  9.075737023930E+12,  1.863233075316E+02,  2.856360932232E+01,  1.477598638858E+02,NaN,  9.999832577909E+00,NaN,  1.745588146243E-06,  3.777098684620E-02,NaN,  3.588525456773E+06,  4.606229090746E-07
  3.246852851218E+02,  3.412175097406E+03,  3.487536844807E+03,  9.721254099741E+04,  9.821869557684E+04,  9.918599818371E+02,  8.752046780578E-01,NaN,NaN,  3.255951709921E-03,  7.460864569167E+15,  6.310246218071E+19,  2.098074040518E+20,  1.167139478188E+18,  8.216055189103E+20,  6.867462786649E+19,  9.080472316229E+12,  1.865333981850E+02,  2.867349842831E+01,  1.478600739067E+02,NaN,  9.999824103492E+00,NaN,  1.746498911957E-06,  3.776270161067E-02,NaN,  3.599493509844E+06,  4.621711585048E-07
  3.410950643619E+02,  3.408090129931E+03,  3.482889151684E+03,  9.613491159347E+04,  9.714095959399E+04,  9.918599818371E+02,  8.727161720545E-01,NaN,NaN,  3.267864776244E-03,  7.626601412565E+15,  6.295338123112E+19,  2.099564330791E+20,  1.195431581952E+18,  8.215289547934E+20,  6.874195047434E+19,  9.085404095913E+12,  1.867542032014E+02,  2.878928522306E+01,  1.479651009104E+02,NaN,  9.999815320511E+00,NaN,  1.747447469207E-06,  3.775397305162E-02,NaN,  3.610738135628E+06,  4.637737511400E-07
  3.582293217180E+02,  3.403810312551E+03,  3.478083016545E+03,  9.512004625534E+04,  9.612599209848E+04,  9.918599818371E+02,  8.701346923673E-01,NaN,NaN,  3.279491222463E-03,  7.751737563088E+15,  6.284077066163E+19,  2.100690366861E+20,  1.216853132134E+18,  8.214761229752E+20,  6.879318920028E+19,  9.090526726050E+12,  1.869216971021E+02,  2.887743180077E+01,  1.480444573932E+02,NaN,  9.999806159698E+00,NaN,  1.748432733811E-06,  3.774732237845E-02,NaN,  3.622336209568E+06,  4.654431775433E-07
  3.762063033369E+02,  3.399425692680E+03,  3.473091429485E+03,  9.396758713502E+04,  9.497341902074E+04,  9.918599818371E+02,  8.674487854299E-01,NaN,NaN,  3.292583155669E-03,  7.937719487087E+15,  6.267330439904E+19,  2.102364402155E+20,  1.248769096409E+18,  8.213885632664E+20,  6.886956703785E+19,  9.095966903422E+12,  1.871710212353E+02,  2.900878924733E+01,  1.481624336789E+02,NaN,  9.999796559622E+00,NaN,  1.749479074082E-06,  3.773742330003E-02,NaN,  3.634349770137E+06,  4.671902903643E-07
  3.952377772932E+02,  3.394778223967E+03,  3.467862845003E+03,  9.285847363741E+04,  9.386419074405E+04,  9.918599818371E+02,  8.646244518383E-01,NaN,NaN,  3.305626253868E-03,  8.087231721570E+15,  6.253860846710E+19,  2.103711162956E+20,  1.274509924056E+18,  8.213227828409E+20,  6.893147921971E+19,  9.101698322343E+12,  1.873724230072E+02,  2.911528928890E+01,  1.482573455588E+02,NaN,  9.999786408936E+00,NaN,  1.750581430497E-06,  3.772939248514E-02,NaN,  3.646898858844E+06,  4.690350109126E-07
  4.157314899071E+02,  3.389893976761E+03,  3.462295293931E+03,  9.157396783935E+04,  9.257955844796E+04,  9.918599818371E+02,  8.616108941604E-01,NaN,NaN,  3.320654759102E-03,  8.307439982201E+15,  6.234008297690E+19,  2.105695602691E+20,  1.312536278500E+18,  8.212166198837E+20,  6.902307975424E+19,  9.107939749503E+12,  1.876697965513E+02,  2.927282196005E+01,  1.483971973468E+02,NaN,  9.999775492624E+00,NaN,  1.751781879699E-06,  3.771752619191E-02,NaN,  3.660222445424E+06,  4.710159981065E-07
  4.369931710871E+02,  3.384827648538E+03,  3.456586485491E+03,  9.036122577897E+04,  9.136669525022E+04,  9.918599818371E+02,  8.585107118257E-01,NaN,NaN,  3.335358862222E-03,  8.485132054806E+15,  6.217978480214E+19,  2.107298236279E+20,  1.343335946498E+18,  8.211354669183E+20,  6.909767853903E+19,  9.114381153579E+12,  1.879110445952E+02,  2.940113700477E+01,  1.485101416549E+02,NaN,  9.999764182487E+00,NaN,  1.753020791599E-06,  3.770785645568E-02,NaN,  3.673842432681E+06,  4.730653183682E-07
  4.589108183798E+02,  3.379666890737E+03,  3.450772204483E+03,  8.913355531338E+04,  9.013889847617E+04,  9.918599818371E+02,  8.553418553652E-01,NaN,NaN,  3.350503821876E-03,  8.669212234946E+15,  6.201362185590E+19,  2.108959486996E+20,  1.375347083216E+18,  8.210505454488E+20,  6.917547821264E+19,  9.121032734735E+12,  1.881619276847E+02,  2.953495643272E+01,  1.486272169578E+02,NaN,  9.999752539907E+00,NaN,  1.754300128052E-06,  3.769777434543E-02,NaN,  3.687670918153E+06,  4.751715443681E-07
  4.820191808545E+02,  3.374295786611E+03,  3.444717971303E+03,  8.785738021956E+04,  8.886259576946E+04,  9.918599818371E+02,  8.520334819157E-01,NaN,NaN,  3.366514855854E-03,  8.867453439053E+15,  6.183455820071E+19,  2.110749670876E+20,  1.409938986210E+18,  8.209577095001E+20,  6.925984948532E+19,  9.128058232459E+12,  1.884331968109E+02,  2.968007605112E+01,  1.487533787212E+02,NaN,  9.999740282845E+00,NaN,  1.755651382007E-06,  3.768684430177E-02,NaN,  3.702024053769E+06,  4.773853802655E-07
  5.061672003636E+02,  3.368756118694E+03,  3.438472728016E+03,  8.654652581709E+04,  8.755160681999E+04,  9.918599818371E+02,  8.486085556543E-01,NaN,NaN,  3.383264162128E-03,  9.077310187261E+15,  6.164486879516E+19,  2.112646052166E+20,  1.446692147767E+18,  8.208581419576E+20,  6.934984154723E+19,  9.135408256479E+12,  1.887216148656E+02,  2.983486095341E+01,  1.488870246614E+02,NaN,  9.999727493707E+00,NaN,  1.757065053952E-06,  3.767519004081E-02,NaN,  3.716781047135E+06,  4.796914715862E-07
  5.315485086316E+02,  3.363012592063E+03,  3.431996104208E+03,  8.519244976719E+04,  8.619739181582E+04,  9.918599818371E+02,  8.450464346903E-01,NaN,NaN,  3.400897048997E-03,  9.301157625504E+15,  6.144238089228E+19,  2.114670345579E+20,  1.486048849197E+18,  8.207504460006E+20,  6.944660915763E+19,  9.143139712978E+12,  1.890306976694E+02,  3.000129673304E+01,  1.490296851052E+02,NaN,  9.999714072613E+00,NaN,  1.758552088975E-06,  3.766266306905E-02,NaN,  3.732032497217E+06,  4.821073722191E-07
  5.582290494480E+02,  3.357059916061E+03,  3.425282487104E+03,  8.379539974774E+04,  8.480019849509E+04,  9.918599818371E+02,  8.413422021825E-01,NaN,NaN,  3.419457383641E-03,  9.539542651283E+15,  6.122656991736E+19,  2.116827793681E+20,  1.528137221758E+18,  8.206341443511E+20,  6.955055469551E+19,  9.151268170628E+12,  1.893615065118E+02,  3.018007524552E+01,  1.491817295181E+02,NaN,  9.999699988108E+00,NaN,  1.760115481489E-06,  3.764921244089E-02,NaN,  3.747786139458E+06,  4.846382456053E-07
  5.862083898618E+02,  3.350907824791E+03,  3.418343713132E+03,  8.236000507992E+04,  8.336465977392E+04,  9.918599818371E+02,  8.375001194469E-01,NaN,NaN,  3.438935327366E-03,  9.792003643670E+15,  6.099782261059E+19,  2.119114531510E+20,  1.572910764450E+18,  8.205092806656E+20,  6.966165842612E+19,  9.159789603048E+12,  1.897137350696E+02,  3.037116254435E+01,  1.493428855202E+02,NaN,  9.999685243334E+00,NaN,  1.761754457077E-06,  3.763484196654E-02,NaN,  3.764008649244E+06,  4.872828465893E-07
  6.156358700280E+02,  3.344534764440E+03,  3.411155433822E+03,  8.088214375632E+04,  8.188664660235E+04,  9.918599818371E+02,  8.335055100649E-01,NaN,NaN,  3.459438615360E-03,  1.006017348813E+16,  6.075462536307E+19,  2.121545686015E+20,  1.620698484587E+18,  8.203747467962E+20,  6.978084064130E+19,  9.168743200346E+12,  1.900900317139E+02,  3.057614101606E+01,  1.495142191709E+02,NaN,  9.999669763535E+00,NaN,  1.763476553394E-06,  3.761943427262E-02,NaN,  3.780751096812E+06,  4.900539493566E-07
  6.465855445365E+02,  3.337877428135E+03,  3.403712641362E+03,  7.945657296542E+04,  8.046092745401E+04,  9.918599818371E+02,  8.293536310990E-01,NaN,NaN,  3.479987686803E-03,  1.028949088452E+16,  6.054648864214E+19,  2.123626700384E+20,  1.661756320700E+18,  8.202645470937E+20,  6.988389574604E+19,  9.178090040840E+12,  1.904139407377E+02,  3.075340848080E+01,  1.496608769782E+02,NaN,  9.999653513389E+00,NaN,  1.765274284414E-06,  3.760610829042E-02,NaN,  3.798018750849E+06,  4.929573920277E-07
  6.790397207190E+02,  3.331068554476E+03,  3.396034722662E+03,  7.790178776132E+04,  7.890597871203E+04,  9.918599818371E+02,  8.250561450144E-01,NaN,NaN,  3.502588505644E-03,  1.058864290274E+16,  6.027471202489E+19,  2.126343487927E+20,  1.715571298027E+18,  8.201104956656E+20,  7.001947375446E+19,  9.187926220819E+12,  1.908385589337E+02,  3.098658027281E+01,  1.498523403866E+02,NaN,  9.999636507115E+00,NaN,  1.767166132881E-06,  3.758859916668E-02,NaN,  3.815760280053E+06,  4.959896585339E-07
  7.131452944681E+02,  3.323972691103E+03,  3.388100871439E+03,  7.640227828468E+04,  7.740631296737E+04,  9.918599818371E+02,  8.205974062339E-01,NaN,NaN,  3.525266045150E-03,  1.084845700027E+16,  6.003844967056E+19,  2.128705605172E+20,  1.762559174634E+18,  8.199812114198E+20,  7.013866919432E+19,  9.198174702196E+12,  1.912100316556E+02,  3.119160252251E+01,  1.500188086922E+02,NaN,  9.999618671841E+00,NaN,  1.769137281622E-06,  3.757320529612E-02,NaN,  3.834017244522E+06,  4.991632752072E-07
  7.497915581534E+02,  3.316487261369E+03,  3.379726170388E+03,  7.482365618151E+04,  7.582752616747E+04,  9.918599818371E+02,  8.158736567896E-01,NaN,NaN,  3.549725199676E-03,  1.113547654693E+16,  5.977720115114E+19,  2.131317441225E+20,  1.814732696592E+18,  8.198353675827E+20,  7.027171384500E+19,  9.209151153231E+12,  1.916229161571E+02,  3.142043910745E+01,  1.502028757290E+02,NaN,  9.999599549367E+00,NaN,  1.771248444909E-06,  3.755603517822E-02,NaN,  3.853205449263E+06,  5.025584561759E-07
  7.874450754951E+02,  3.308929821187E+03,  3.371278159081E+03,  7.325366220341E+04,  7.425736459078E+04,  9.918599818371E+02,  8.110897536738E-01,NaN,NaN,  3.574743040514E-03,  1.142747593188E+16,  5.951115370384E+19,  2.133977249553E+20,  1.868101382609E+18,  8.196852695356E+20,  7.040860716708E+19,  9.220373750348E+12,  1.920458000515E+02,  3.165589475932E+01,  1.503903235733E+02,NaN,  9.999579945531E+00,NaN,  1.773406950874E-06,  3.753837998262E-02,NaN,  3.872475593777E+06,  5.060313033533E-07
  8.268726387639E+02,  3.301161451436E+03,  3.362597053325E+03,  7.165686279340E+04,  7.266039717757E+04,  9.918599818371E+02,  8.061546460917E-01,NaN,NaN,  3.600904615070E-03,  1.173440905169E+16,  5.923120812266E+19,  2.136775965881E+20,  1.924516929009E+18,  8.195250143312E+20,  7.055418815502E+19,  9.232064481344E+12,  1.924934119407E+02,  3.190628985276E+01,  1.505875608467E+02,NaN,  9.999559465638E+00,NaN,  1.775655495691E-06,  3.751961868686E-02,NaN,  3.892188025958E+06,  5.096511220832E-07
  8.694493082137E+02,  3.292940549823E+03,  3.353405736000E+03,  6.997410465301E+04,  7.097745905772E+04,  9.918599818371E+02,  8.009095478108E-01,NaN,NaN,  3.629253753256E-03,  1.207372910900E+16,  5.892137254976E+19,  2.139873410265E+20,  1.987266566396E+18,  8.193440157076E+20,  7.071715420148E+19,  9.244619273669E+12,  1.929919689454E+02,  3.218657902482E+01,  1.508058507386E+02,NaN,  9.999537403963E+00,NaN,  1.778070230341E-06,  3.749863641899E-02,NaN,  3.912960923564E+06,  5.135413439583E-07
  9.129882406285E+02,  3.284694294524E+03,  3.344196897312E+03,  6.831769581806E+04,  6.932087181387E+04,  9.918599818371E+02,  7.956338943096E-01,NaN,NaN,  3.658070265951E-03,  1.241499937864E+16,  5.860938819738E+19,  2.142992343038E+20,  2.050789384719E+18,  8.191597036146E+20,  7.088329053338E+19,  9.257362232193E+12,  1.934974926421E+02,  3.247232095304E+01,  1.510256550074E+02,NaN,  9.999514901137E+00,NaN,  1.780521156066E-06,  3.747726502142E-02,NaN,  3.933672963403E+06,  5.174997070668E-07
  9.606017262066E+02,  3.275872279511E+03,  3.334338841567E+03,  6.655219033857E+04,  6.755517913407E+04,  9.918599818371E+02,  7.899624491199E-01,NaN,NaN,  3.689729209345E-03,  1.279818139041E+16,  5.825864700536E+19,  2.146498618306E+20,  2.122611261432E+18,  8.189478370808E+20,  7.107249047847E+19,  9.271199292605E+12,  1.940699699365E+02,  3.279772086964E+01,  1.512727569258E+02,NaN,  9.999490357908E+00,NaN,  1.783182516633E-06,  3.745295447419E-02,NaN,  3.955734576652E+06,  5.218059838709E-07
  1.008850334331E+03,  3.267054451646E+03,  3.324566720604E+03,  6.492825218219E+04,  6.593106296883E+04,  9.918599818371E+02,  7.843143841217E-01,NaN,NaN,  3.720283874968E-03,  1.311694800274E+16,  5.796651699093E+19,  2.149419419365E+20,  2.182776500252E+18,  8.187771632971E+20,  7.123235242065E+19,  9.285019173793E+12,  1.945507648258E+02,  3.307269946218E+01,  1.514785980219E+02,NaN,  9.999465555858E+00,NaN,  1.785840573022E-06,  3.743242269061E-02,NaN,  3.977491836808E+06,  5.261465852186E-07
  1.061018671861E+03,  3.257798759678E+03,  3.314238587644E+03,  6.313286173930E+04,  6.413547726484E+04,  9.918599818371E+02,  7.783235274969E-01,NaN,NaN,  3.754736771450E-03,  1.353207250444E+16,  5.758558250775E+19,  2.153227472569E+20,  2.261676804399E+18,  8.185401526974E+20,  7.144331393290E+19,  9.299899335269E+12,  1.951819290188E+02,  3.343552091726E+01,  1.517469674967E+02,NaN,  9.999438816134E+00,NaN,  1.788702559153E-06,  3.740537642010E-02,NaN,  4.000366734619E+06,  5.308137742004E-07
  1.114880551160E+03,  3.248395021384E+03,  3.303823594871E+03,  6.144482813426E+04,  6.244725706375E+04,  9.918599818371E+02,  7.722545522728E-01,NaN,NaN,  3.788764908526E-03,  1.389270125583E+16,  5.725421355987E+19,  2.156540457903E+20,  2.330753505447E+18,  8.183386889553E+20,  7.162971900688E+19,  9.315020542745E+12,  1.957360044410E+02,  3.375614389534E+01,  1.519804474630E+02,NaN,  9.999411291076E+00,NaN,  1.791610907032E-06,  3.738149718760E-02,NaN,  4.023309809497E+06,  5.356050850843E-07
  1.170640356678E+03,  3.238881312839E+03,  3.293297731404E+03,  5.977051298953E+04,  6.077275336169E+04,  9.918599818371E+02,  7.660939380168E-01,NaN,NaN,  3.823774408850E-03,  1.426079464799E+16,  5.691555879687E+19,  2.159926276211E+20,  2.401773271465E+18,  8.181298957820E+20,  7.182283510926E+19,  9.330489361101E+12,  1.963067540477E+02,  3.408830909492E+01,  1.522190602743E+02,NaN,  9.999382883872E+00,NaN,  1.794586112890E-06,  3.735678956182E-02,NaN,  4.046371424822E+06,  5.405361661798E-07
  1.230064040387E+03,  3.229047682914E+03,  3.282354221482E+03,  5.796449406025E+04,  5.896653397396E+04,  9.918599818371E+02,  7.596655823285E-01,NaN,NaN,  3.862493162622E-03,  1.471943528989E+16,  5.649296923395E+19,  2.164150673584E+20,  2.490975720375E+18,  8.178546042753E+20,  7.206726725261E+19,  9.346857136087E+12,  1.970248134864E+02,  3.450868771425E+01,  1.525167712682E+02,NaN,  9.999352706219E+00,NaN,  1.797734220192E-06,  3.732557961498E-02,NaN,  4.070215203652E+06,  5.457599580497E-07
  1.292583299923E+03,  3.218896614499E+03,  3.271133297036E+03,  5.623162823381E+04,  5.723347315262E+04,  9.918599818371E+02,  7.530439528395E-01,NaN,NaN,  3.901613265420E-03,  1.513435380022E+16,  5.611008817014E+19,  2.167978521668E+20,  2.572397857237E+18,  8.176084755609E+20,  7.229266016082E+19,  9.363767398786E+12,  1.976822150681E+02,  3.489635643337E+01,  1.527865357711E+02,NaN,  9.999321062572E+00,NaN,  1.800986667243E-06,  3.729683739875E-02,NaN,  4.094523941540E+06,  5.512216418862E-07
  1.357660507697E+03,  3.208595019854E+03,  3.259758162479E+03,  5.451050489409E+04,  5.551215458671E+04,  9.918599818371E+02,  7.463038095832E-01,NaN,NaN,  3.942087849743E-03,  1.556004700038E+16,  5.571668473002E+19,  2.171911550032E+20,  2.656649509941E+18,  8.173513161833E+20,  7.252799380215E+19,  9.381114658018E+12,  1.983641237933E+02,  3.530112098156E+01,  1.530637127693E+02,NaN,  9.999288238121E+00,NaN,  1.804323164324E-06,  3.726687851703E-02,NaN,  4.119023852975E+06,  5.568703854368E-07
  1.425570684478E+03,  3.198121089978E+03,  3.248204514428E+03,  5.279768373978E+04,  5.379913507375E+04,  9.918599818371E+02,  7.394272331352E-01,NaN,NaN,  3.984083539129E-03,  1.599842652438E+16,  5.531094152367E+19,  2.175967920874E+20,  2.744181672168E+18,  8.170813552971E+20,  7.277477417287E+19,  9.398941593423E+12,  1.990744090102E+02,  3.572557086711E+01,  1.533495822291E+02,NaN,  9.999254106251E+00,NaN,  1.807751920252E-06,  3.723552009591E-02,NaN,  4.143762253346E+06,  5.627264640435E-07
  1.497136275908E+03,  3.187377320447E+03,  3.236362847593E+03,  5.107536760513E+04,  5.207662066913E+04,  9.918599818371E+02,  7.323510455477E-01,NaN,NaN,  4.028149451656E-03,  1.645674406594E+16,  5.488607419157E+19,  2.180215437553E+20,  2.836544287729E+18,  8.167930229194E+20,  7.303770332020E+19,  9.417431002689E+12,  1.998259337384E+02,  3.617779112071E+01,  1.536489225374E+02,NaN,  9.999218269002E+00,NaN,  1.811308093548E-06,  3.720217691987E-02,NaN,  4.168966026756E+06,  5.688562405844E-07
  1.574774033698E+03,  3.176055406104E+03,  3.223885612174E+03,  4.928561074234E+04,  5.028665411772E+04,  9.918599818371E+02,  7.248626045254E-01,NaN,NaN,  4.075973949910E-03,  1.695874898609E+16,  5.441991968041E+19,  2.184875595664E+20,  2.938725670892E+18,  8.164686220161E+20,  7.333159285580E+19,  9.437161879382E+12,  2.006597740169E+02,  3.668324924137E+01,  1.539773434174E+02,NaN,  9.999179543026E+00,NaN,  1.815103045339E-06,  3.716499365152E-02,NaN,  4.195358312624E+06,  5.754591052154E-07
  1.653513724529E+03,  3.164829198010E+03,  3.211604115339E+03,  4.765827631535E+04,  4.865912583251E+04,  9.918599818371E+02,  7.174580551409E-01,NaN,NaN,  4.122151868906E-03,  1.738115405172E+16,  5.402705247457E+19,  2.188803641797E+20,  3.025563156117E+18,  8.162008620575E+20,  7.358419621802E+19,  9.456700563496E+12,  2.013710632873E+02,  3.711775174729E+01,  1.542541692969E+02,NaN,  9.999140424230E+00,NaN,  1.818861031637E-06,  3.713308973434E-02,NaN,  4.221173514033E+06,  5.821072492846E-07
  1.736207399349E+03,  3.153438447735E+03,  3.199089332795E+03,  4.595573218426E+04,  4.695637917419E+04,  9.918599818371E+02,  7.098843725927E-01,NaN,NaN,  4.172139320530E-03,  1.788760354404E+16,  5.355522610861E+19,  2.193520529338E+20,  3.130685742958E+18,  8.158613130753E+20,  7.389284060001E+19,  9.476942790556E+12,  2.022342782670E+02,  3.764858879820E+01,  1.545865881377E+02,NaN,  9.999099508358E+00,NaN,  1.822754334354E-06,  3.709421795870E-02,NaN,  4.247314239705E+06,  5.890384221343E-07
  1.825320990540E+03,  3.141537831773E+03,  3.186020927033E+03,  4.421033480057E+04,  4.521077131410E+04,  9.918599818371E+02,  7.019430475271E-01,NaN,NaN,  4.225912355918E-03,  1.843318749293E+16,  5.304599531597E+19,  2.198611255907E+20,  3.245215437879E+18,  8.154853968456E+20,  7.423302033938E+19,  9.498348373255E+12,  2.031780632186E+02,  3.823365280444E+01,  1.549453529821E+02,NaN,  9.999055605194E+00,NaN,  1.826871391880E-06,  3.705149702801E-02,NaN,  4.274435473989E+06,  5.964505880538E-07
  1.916606276662E+03,  3.129654011336E+03,  3.173060006664E+03,  4.261016332291E+04,  4.361040452722E+04,  9.918599818371E+02,  6.940303180752E-01,NaN,NaN,  4.278443595587E-03,  1.890285686176E+16,  5.260684835142E+19,  2.203001893905E+20,  3.344923764375E+18,  8.151653135212E+20,  7.453286803482E+19,  9.519713423721E+12,  2.040031976490E+02,  3.874940533627E+01,  1.552547796498E+02,NaN,  9.999010831963E+00,NaN,  1.830980653611E-06,  3.701393159524E-02,NaN,  4.301157870920E+06,  6.039836286739E-07
  2.012711684553E+03,  3.117591980923E+03,  3.159853894645E+03,  4.094228587711E+04,  4.194231939860E+04,  9.918599818371E+02,  6.859406470056E-01,NaN,NaN,  4.335371946941E-03,  1.946033537449E+16,  5.208462704362E+19,  2.208222492533E+20,  3.464584622496E+18,  8.147642693800E+20,  7.489660544929E+19,  9.541860397346E+12,  2.049966481128E+02,  3.937498524738E+01,  1.556226971227E+02,NaN,  9.998963907492E+00,NaN,  1.835240307074E-06,  3.696851716743E-02,NaN,  4.328207519227E+06,  6.118518299686E-07
  2.114550403329E+03,  3.105223178537E+03,  3.146326311537E+03,  3.927623897817E+04,  4.027606647474E+04,  9.918599818371E+02,  6.776188736484E-01,NaN,NaN,  4.395358697543E-03,  2.004189985152E+16,  5.153874889346E+19,  2.213679537536E+20,  3.591007898052E+18,  8.143344124094E+20,  7.528587708116E+19,  9.564839758105E+12,  2.060506683108E+02,  4.004447408938E+01,  1.560072779630E+02,NaN,  9.998914418848E+00,NaN,  1.839660058290E-06,  3.692008492432E-02,NaN,  4.355730902813E+06,  6.201202449674E-07
  2.220671694583E+03,  3.092695022526E+03,  3.132709553674E+03,  3.772298474505E+04,  3.872261420932E+04,  9.918599818371E+02,  6.692056811496E-01,NaN,NaN,  4.455136091648E-03,  2.055880567566E+16,  5.105261809206E+19,  2.218539804481E+20,  3.704785497256E+18,  8.139534459965E+20,  7.564100143584E+19,  9.588143645160E+12,  2.070039561878E+02,  4.065528989350E+01,  1.563498013514E+02,NaN,  9.998863098722E+00,NaN,  1.844142227495E-06,  3.687604064456E-02,NaN,  4.383248817833E+06,  6.286641175327E-07
  2.331762052914E+03,  3.080078501308E+03,  3.118951301557E+03,  3.612568942985E+04,  3.712511442515E+04,  9.918599818371E+02,  6.606740106470E-01,NaN,NaN,  4.519381183434E-03,  2.115942498202E+16,  5.048663118336E+19,  2.224197859712E+20,  3.838663769787E+18,  8.134870971987E+20,  7.606392430075E+19,  9.612129064280E+12,  2.081300107177E+02,  4.138265099691E+01,  1.567485482252E+02,NaN,  9.998809646855E+00,NaN,  1.848755479641E-06,  3.682380233570E-02,NaN,  4.410864155552E+06,  6.375301980477E-07
  2.450923563373E+03,  3.066959084085E+03,  3.104721822530E+03,  3.458716766301E+04,  3.558639174408E+04,  9.918599818371E+02,  6.518143885137E-01,NaN,NaN,  4.585616926343E-03,  2.172074386433E+16,  4.995658464146E+19,  2.229497069432E+20,  3.965480520904E+18,  8.130491352683E+20,  7.647033949951E+19,  9.637168053054E+12,  2.092024324083E+02,  4.208167219514E+01,  1.571220057514E+02,NaN,  9.998752608144E+00,NaN,  1.853571370833E-06,  3.677379287288E-02,NaN,  4.439228035905E+06,  6.469560982144E-07
  2.573555258869E+03,  3.053929022799E+03,  3.090616084369E+03,  3.311663309515E+04,  3.411566209105E+04,  9.918599818371E+02,  6.429963966734E-01,NaN,NaN,  4.652817759395E-03,  2.227368182698E+16,  4.943342142806E+19,  2.234727512339E+20,  4.092046972024E+18,  8.126077783033E+20,  7.688134467712E+19,  9.662337496567E+12,  2.102779073330E+02,  4.278859425634E+01,  1.574906169919E+02,NaN,  9.998694226331E+00,NaN,  1.858412353128E-06,  3.672342285591E-02,NaN,  4.467149302778E+06,  6.565670308720E-07
  2.702426355260E+03,  3.040785589214E+03,  3.076343684234E+03,  3.160511848558E+04,  3.260394598487E+04,  9.918599818371E+02,  6.340448594000E-01,NaN,NaN,  4.725310527021E-03,  2.291500780733E+16,  4.882532283134E+19,  2.240806496090E+20,  4.240905688579E+18,  8.120681933858E+20,  7.737125645483E+19,  9.688344964147E+12,  2.115488212596E+02,  4.363115772085E+01,  1.579190284632E+02,NaN,  9.998633212080E+00,NaN,  1.863414517360E-06,  3.666367613492E-02,NaN,  4.495203965450E+06,  6.665727607033E-07
  2.839597557929E+03,  3.027256407373E+03,  3.061732876342E+03,  3.017150696369E+04,  3.117013895835E+04,  9.918599818371E+02,  6.248443620704E-01,NaN,NaN,  4.799268722066E-03,  2.350558395249E+16,  4.826411867508E+19,  2.246417166641E+20,  4.380046106938E+18,  8.115674432309E+20,  7.783635709906E+19,  9.715272862388E+12,  2.127441162018E+02,  4.443110975550E+01,  1.583144359400E+02,NaN,  9.998568637728E+00,NaN,  1.868593713259E-06,  3.660721818438E-02,NaN,  4.523721231550E+06,  6.771205553337E-07
  2.982761733736E+03,  3.013668599873E+03,  3.047082233682E+03,  2.878414426532E+04,  2.978258403916E+04,  9.918599818371E+02,  6.155842188906E-01,NaN,NaN,  4.875505789025E-03,  2.409948019101E+16,  4.769856884978E+19,  2.252071291075E+20,  4.522006409676E+18,  8.110499059845E+20,  7.831774563666E+19,  9.742746201020E+12,  2.139704869551E+02,  4.525907764349E+01,  1.587129057940E+02,NaN,  9.998501643653E+00,NaN,  1.873877816812E-06,  3.654907120943E-02,NaN,  4.552112624658E+06,  6.880195091269E-07
  3.132321619990E+03,  3.000074681721E+03,  3.032386339562E+03,  2.737674601192E+04,  2.837498926016E+04,  9.918599818371E+02,  6.062664681754E-01,NaN,NaN,  4.957088869243E-03,  2.477588172136E+16,  4.705297411307E+19,  2.258525070307E+20,  4.686214911364E+18,  8.104288089445E+20,  7.888287184526E+19,  9.770989652096E+12,  2.153971542271E+02,  4.623098959241E+01,  1.591677306742E+02,NaN,  9.998432081112E+00,NaN,  1.879310040473E-06,  3.648120699804E-02,NaN,  4.580389049552E+06,  6.992900855744E-07
  3.293958399213E+03,  2.985915379799E+03,  3.017155992500E+03,  2.602485466647E+04,  2.702290460691E+04,  9.918599818371E+02,  5.965738416966E-01,NaN,NaN,  5.041740867541E-03,  2.541370263569E+16,  4.644277428770E+19,  2.264625469276E+20,  4.843652914416E+18,  8.098347590850E+20,  7.943393125846E+19,  9.800719911405E+12,  2.167747813196E+02,  4.717877069224E+01,  1.595976513658E+02,NaN,  9.998357376526E+00,NaN,  1.885028230423E-06,  3.641541221647E-02,NaN,  4.609481942720E+06,  7.113430925838E-07
  3.458757746487E+03,  2.972052875971E+03,  3.002278169759E+03,  2.476300262261E+04,  2.576086741551E+04,  9.918599818371E+02,  5.870712657960E-01,NaN,NaN,  5.126447541426E-03,  2.602620343314E+16,  4.585548831423E+19,  2.270496886226E+20,  4.997279319688E+18,  8.092489774448E+20,  7.998018423091E+19,  9.830373132627E+12,  2.181280178503E+02,  4.811829951816E+01,  1.600114347345E+02,NaN,  9.998281706946E+00,NaN,  1.890731603199E-06,  3.635057559667E-02,NaN,  4.637695464164E+06,  7.234992724938E-07
  3.631894258042E+03,  2.958138502762E+03,  2.987306235090E+03,  2.347869184972E+04,  2.447636745074E+04,  9.918599818371E+02,  5.774805254400E-01,NaN,NaN,  5.217687448769E-03,  2.672736051403E+16,  4.518160366824E+19,  2.277233445011E+20,  5.176131883055E+18,  8.085412617814E+20,  8.062622704489E+19,  9.861114281954E+12,  2.197137609661E+02,  4.922936805976E+01,  1.604861882753E+02,NaN,  9.998202734317E+00,NaN,  1.896644223377E-06,  3.627441684452E-02,NaN,  4.665884170003E+06,  7.361305840886E-07
  3.814073698347E+03,  2.944047336630E+03,  2.972227426683E+03,  2.229281542791E+04,  2.329031177228E+04,  9.918599818371E+02,  5.677878656932E-01,NaN,NaN,  5.309171405628E-03,  2.735607308306E+16,  4.457590183967E+19,  2.283288944050E+20,  5.339362358989E+18,  8.078983024822E+20,  8.122641960303E+19,  9.892669833913E+12,  2.211727317205E+02,  5.026166493534E+01,  1.609129446806E+02,NaN,  9.998120201772E+00,NaN,  1.902713482249E-06,  3.620413156513E-02,NaN,  4.694070194060E+06,  7.492739463934E-07
  4.004970249339E+03,  2.929906731508E+03,  2.957119209415E+03,  2.115076231463E+04,  2.214808456817E+04,  9.918599818371E+02,  5.580447887435E-01,NaN,NaN,  5.403701555054E-03,  2.798721243808E+16,  4.396649264502E+19,  2.289381510062E+20,  5.506022955329E+18,  8.072320853395E+20,  8.184922474481E+19,  9.925150916615E+12,  2.226732058272E+02,  5.133285624026E+01,  1.613423133508E+02,NaN,  9.998034327149E+00,NaN,  1.908960753715E-06,  3.613169539494E-02,NaN,  4.722108172063E+06,  7.628869213849E-07
  4.206092625453E+03,  2.915707212760E+03,  2.941910908922E+03,  1.998882371959E+04,  2.098596532045E+04,  9.918599818371E+02,  5.482118233741E-01,NaN,NaN,  5.505852941752E-03,  2.870993628876E+16,  4.326693801193E+19,  2.296374652445E+20,  5.700379876845E+18,  8.064257985480E+20,  8.258786779984E+19,  9.959047674823E+12,  2.244362709040E+02,  5.260317507042E+01,  1.618351494137E+02,NaN,  9.997944504479E+00,NaN,  1.915480310107E-06,  3.604646718815E-02,NaN,  4.750128857310E+06,  7.770597112452E-07
  4.416902773619E+03,  2.901421090128E+03,  2.926693117135E+03,  1.892846613867E+04,  1.992543794320E+04,  9.918599818371E+02,  5.383395169816E-01,NaN,NaN,  5.607560203497E-03,  2.935043595404E+16,  4.264545696815E+19,  2.302587887987E+20,  5.875950459481E+18,  8.056998929168E+20,  8.326773396141E+19,  9.993815741845E+12,  2.260433807917E+02,  5.377250564348E+01,  1.622730221715E+02,NaN,  9.997851054498E+00,NaN,  1.922167450281E-06,  3.596862974306E-02,NaN,  4.777965334939E+06,  7.917351507328E-07
  4.638388772745E+03,  2.887137938416E+03,  2.911443595204E+03,  1.785587129549E+04,  1.885266943744E+04,  9.918599818371E+02,  5.284216378208E-01,NaN,NaN,  5.717097576580E-03,  3.007890866730E+16,  4.193686742932E+19,  2.309671340085E+20,  6.079503867962E+18,  8.048269386605E+20,  8.406978117163E+19,  1.003010202287E+13,  2.279218443429E+02,  5.515186604912E+01,  1.627722227386E+02,NaN,  9.997753626076E+00,NaN,  1.929146597193E-06,  3.587760265704E-02,NaN,  4.805659642607E+06,  8.069603382866E-07
  4.874286535468E+03,  2.872570135024E+03,  2.895968125986E+03,  1.686160972941E+04,  1.785824204623E+04,  9.918599818371E+02,  5.183263273646E-01,NaN,NaN,  5.828124575098E-03,  3.073988152786E+16,  4.129232341873E+19,  2.316115082166E+20,  6.267959328873E+18,  8.040189126835E+20,  8.482695285758E+19,  1.006804851493E+13,  2.296781404823E+02,  5.645414761212E+01,  1.632263402587E+02,NaN,  9.997650675050E+00,NaN,  1.936445061942E-06,  3.579241527823E-02,NaN,  4.833561602223E+06,  8.229682155891E-07
  5.119023447139E+03,  2.858212405246E+03,  2.880686698955E+03,  1.587529436963E+04,  1.687175997122E+04,  9.918599818371E+02,  5.083328877047E-01,NaN,NaN,  5.945844617427E-03,  3.147313792028E+16,  4.057549625460E+19,  2.323280866973E+20,  6.481322834278E+18,  8.030715280297E+20,  8.569992521606E+19,  1.010725794845E+13,  2.316843739100E+02,  5.795548406768E+01,  1.637313431570E+02,NaN,  9.997544741346E+00,NaN,  1.943986435407E-06,  3.569514285485E-02,NaN,  4.860915510131E+06,  8.393531681977E-07
  5.376552886354E+03,  2.843762446588E+03,  2.865386555567E+03,  1.497914812237E+04,  1.597545732309E+04,  9.918599818371E+02,  4.982990033545E-01,NaN,NaN,  6.063179092015E-03,  3.212147304291E+16,  3.994010249409E+19,  2.329633165422E+20,  6.673953015752E+18,  8.022171501920E+20,  8.650393484841E+19,  1.014787097834E+13,  2.335147869470E+02,  5.933833453946E+01,  1.641790162609E+02,NaN,  9.997434194798E+00,NaN,  1.951797770548E-06,  3.560639891404E-02,NaN,  4.888107730820E+06,  8.563620749431E-07
  5.652207892298E+03,  2.829105230690E+03,  2.849828942448E+03,  1.405585212967E+04,  1.505199828861E+04,  9.918599818371E+02,  4.880742653865E-01,NaN,NaN,  6.192409295582E-03,  3.287792796836E+16,  3.919686599682E+19,  2.337062880440E+20,  6.903544561412E+18,  8.011592528462E+20,  8.748025877248E+19,  1.019136421265E+13,  2.357173426408E+02,  6.101740435925E+01,  1.647026194277E+02,NaN,  9.997316893654E+00,NaN,  1.960163071797E-06,  3.549977460231E-02,NaN,  4.915559417268E+06,  8.743081360777E-07
  5.935330102037E+03,  2.814732104424E+03,  2.834657368322E+03,  1.324734946330E+04,  1.424334769698E+04,  9.918599818371E+02,  4.780757826573E-01,NaN,NaN,  6.317196402396E-03,  3.351674692728E+16,  3.856762997740E+19,  2.343353630761E+20,  7.101749750903E+18,  8.002483081681E+20,  8.834070529056E+19,  1.023542382454E+13,  2.376404873281E+02,  6.249733289840E+01,  1.651459549770E+02,NaN,  9.997197484017E+00,NaN,  1.968637307667E-06,  3.540677941389E-02,NaN,  4.942139579291E+06,  8.924733060093E-07
  6.238040562940E+03,  2.800187952608E+03,  2.819268092243E+03,  1.241543485007E+04,  1.341127965856E+04,  9.918599818371E+02,  4.679135927373E-01,NaN,NaN,  6.454593611399E-03,  3.426203574365E+16,  3.783167105294E+19,  2.350710595612E+20,  7.338079994823E+18,  7.991197886926E+20,  8.938624671092E+19,  1.028271984134E+13,  2.399569542427E+02,  6.429545016475E+01,  1.656644311346E+02,NaN,  9.997070965637E+00,NaN,  1.977734019713E-06,  3.529506032090E-02,NaN,  4.968911164518E+06,  9.116041110335E-07
  6.553156714603E+03,  2.785815822245E+03,  2.804086436917E+03,  1.163528873305E+04,  1.263098514075E+04,  9.918599818371E+02,  4.578650036290E-01,NaN,NaN,  6.595159207694E-03,  3.499225742428E+16,  3.710867099893E+19,  2.357938035039E+20,  7.575273920797E+18,  7.979655005041E+20,  9.045823924298E+19,  1.033181699252E+13,  2.423097861495E+02,  6.613906456621E+01,  1.661737790923E+02,NaN,  9.996940503818E+00,NaN,  1.987177154180E-06,  3.518192171421E-02,NaN,  4.995136055154E+06,  9.312087007331E-07
  6.880999343505E+03,  2.771626167350E+03,  2.789122302635E+03,  1.090456931948E+04,  1.190012284708E+04,  9.918599818371E+02,  4.479412020501E-01,NaN,NaN,  6.738805178170E-03,  3.570623175168E+16,  3.639990932824E+19,  2.365023159230E+20,  7.812840080384E+18,  7.967875652133E+20,  9.155492955981E+19,  1.038282425877E+13,  2.446950685036E+02,  6.802516294387E+01,  1.666730974988E+02,NaN,  9.996806064020E+00,NaN,  1.996987671948E-06,  3.506763202926E-02,NaN,  5.020806767854E+06,  9.512810508097E-07
  7.225184882949E+03,  2.757450570590E+03,  2.774246244916E+03,  1.025246321928E+04,  1.124788533938E+04,  9.918599818371E+02,  4.380475129580E-01,NaN,NaN,  6.880476492585E-03,  3.632289524110E+16,  3.578627914261E+19,  2.371157884275E+20,  8.022793579330E+18,  7.957472517983E+20,  9.254440894199E+19,  1.043596174890E+13,  2.468291495905E+02,  6.972704399402E+01,  1.671054372928E+02,NaN,  9.996666296469E+00,NaN,  2.007207907799E-06,  3.496573613579E-02,NaN,  5.046152608928E+06,  9.720106114474E-07
  7.586598036812E+03,  2.743396935285E+03,  2.759467449029E+03,  9.596629692336E+03,  1.059191730430E+04,  9.918599818371E+02,  4.282076594736E-01,NaN,NaN,  7.033318976070E-03,  3.702321438573E+16,  3.508772898882E+19,  2.378140907938E+20,  8.266675441999E+18,  7.944938743215E+20,  9.371580242464E+19,  1.049225431107E+13,  2.493357160597E+02,  7.174163279836E+01,  1.675975602470E+02,NaN,  9.996520996307E+00,NaN,  2.018034976607E-06,  3.484664696270E-02,NaN,  5.071162905478E+06,  9.934104351261E-07
  7.967530498386E+03,  2.729425035486E+03,  2.744743917520E+03,  8.936921200040E+03,  9.932071040948E+03,  9.918599818371E+02,  4.183888310339E-01,NaN,NaN,  7.199269536092E-03,  3.781230500172E+16,  3.429849550432E+19,  2.386029820886E+20,  8.548772585513E+18,  7.929919461486E+20,  9.510086337549E+19,  1.055221490619E+13,  2.522734074431E+02,  7.412351097855E+01,  1.681535250171E+02,NaN,  9.996369417861E+00,NaN,  2.029567539065E-06,  3.470794203008E-02,NaN,  5.095913047396E+06,  1.015571225874E-06
  8.366391518150E+03,  2.715540378489E+03,  2.730183717675E+03,  8.353338465519E+03,  9.348361759007E+03,  9.918599818371E+02,  4.086580530282E-01,NaN,NaN,  7.362568251872E-03,  3.849704137202E+16,  3.361180732131E+19,  2.392894230653E+20,  8.800288975520E+18,  7.916435525549E+20,  9.636515267676E+19,  1.061471668448E+13,  2.549313692118E+02,  7.629786604004E+01,  1.686372887527E+02,NaN,  9.996212377408E+00,NaN,  2.041588861742E-06,  3.458323651578E-02,NaN,  5.120226697253E+06,  1.038355669331E-06
  8.792589846748E+03,  2.701531835517E+03,  2.715509393017E+03,  7.791529318214E+03,  8.786427331532E+03,  9.918599818371E+02,  3.988357944125E-01,NaN,NaN,  7.534559532418E-03,  3.919112197349E+16,  3.291400670711E+19,  2.399869655048E+20,  9.061885760008E+18,  7.902112844355E+20,  9.770876418653E+19,  1.068180719480E+13,  2.577335578535E+02,  7.860863325582E+01,  1.691288761546E+02,NaN,  9.996046388612E+00,NaN,  2.054492761362E-06,  3.445269103141E-02,NaN,  5.144569605403E+06,  1.062240629236E-06
  9.237588907373E+03,  2.687732635288E+03,  2.701075122948E+03,  7.267799280200E+03,  8.262576406276E+03,  9.918599818371E+02,  3.891552349843E-01,NaN,NaN,  7.710511258393E-03,  3.986683673192E+16,  3.223298173219E+19,  2.406677379389E+20,  9.323326285767E+18,  7.887518535002E+20,  9.908116905681E+19,  1.075215316824E+13,  2.605734581613E+02,  8.096893603575E+01,  1.696086450306E+02,NaN,  9.995875026971E+00,NaN,  2.068022802731E-06,  3.432141455268E-02,NaN,  5.168357848132E+06,  1.086686699902E-06
  9.701225520549E+03,  2.674176045570E+03,  2.686914944365E+03,  6.781258823070E+03,  7.775920597450E+03,  9.918599818371E+02,  3.796428097642E-01,NaN,NaN,  7.889888343179E-03,  4.052116678366E+16,  3.157192450984E+19,  2.413285498672E+20,  9.583195609657E+18,  7.872737405678E+20,  1.004748503946E+20,  1.082576346285E+13,  2.634359004920E+02,  8.336585299236E+01,  1.700743469013E+02,NaN,  9.995698516096E+00,NaN,  2.082180689564E-06,  3.419019659785E-02,NaN,  5.191545075003E+06,  1.111635669842E-06
  1.019759673152E+04,  2.660555418556E+03,  2.672655087974E+03,  6.282518059752E+03,  7.277059296879E+03,  9.918599818371E+02,  3.700568753395E-01,NaN,NaN,  8.088892235281E-03,  4.127774363545E+16,  3.080558814819E+19,  2.420945347394E+20,  9.892169745895E+18,  7.854514974238E+20,  1.021692944838E+20,  1.090568846475E+13,  2.668894689566E+02,  8.627978652977E+01,  1.706141685550E+02,NaN,  9.995511774284E+00,NaN,  2.097553119983E-06,  3.403347776880E-02,NaN,  5.214747514510E+06,  1.137780977257E-06
  1.071529142958E+04,  2.647149508501E+03,  2.658685598601E+03,  5.850068416054E+03,  6.844500295582E+03,  9.918599818371E+02,  3.606464639711E-01,NaN,NaN,  8.282224236533E-03,  4.191781380229E+16,  3.015562608425E+19,  2.427442460885E+20,  1.016128862789E+19,  7.838528935873E+20,  1.036808584955E+20,  1.098879350224E+13,  2.699468212266E+02,  8.887945239201E+01,  1.710720473822E+02,NaN,  9.995319338918E+00,NaN,  2.113537184744E-06,  3.389615967901E-02,NaN,  5.237334828642E+06,  1.164441320664E-06
  1.125534771978E+04,  2.634044969835E+03,  2.645003278545E+03,  5.420860241480E+03,  6.415181189170E+03,  9.918599818371E+02,  3.514228948848E-01,NaN,NaN,  8.490330783143E-03,  4.262972932075E+16,  2.943092163488E+19,  2.434686119582E+20,  1.046917387281E+19,  7.819601892046E+20,  1.054486113540E+20,  1.107662443715E+13,  2.734971473674E+02,  9.191948579226E+01,  1.715825383800E+02,NaN,  9.995121064767E+00,NaN,  2.130430208246E-06,  3.373853458875E-02,NaN,  5.259322216692E+06,  1.191613398898E-06
  1.181954792289E+04,  2.621183588086E+03,  2.631592178586E+03,  5.022716338357E+03,  6.016930689476E+03,  9.918599818371E+02,  3.423699708831E-01,NaN,NaN,  8.703672903910E-03,  4.332059382107E+16,  2.872586068212E+19,  2.441733393558E+20,  1.077719652404E+19,  7.800248704180E+20,  1.072598438796E+20,  1.116881406353E+13,  2.771084123814E+02,  9.503430439656E+01,  1.720791893230E+02,NaN,  9.994916513689E+00,NaN,  2.148161563682E-06,  3.358022746561E-02,NaN,  5.280744708457E+06,  1.219319786674E-06
  1.241396546332E+04,  2.608421979295E+03,  2.618343704035E+03,  4.675819873064E+03,  5.669937225159E+03,  9.918599818371E+02,  3.334110211025E-01,NaN,NaN,  8.912072116171E-03,  4.390450768596E+16,  2.812856286985E+19,  2.447703969254E+20,  1.104511432433E+19,  7.783312140864E+20,  1.088719575835E+20,  1.126555833192E+13,  2.803016347573E+02,  9.780696800845E+01,  1.724999608242E+02,NaN,  9.994703757830E+00,NaN,  2.166768939334E-06,  3.344194087480E-02,NaN,  5.301783100387E+06,  1.247789324257E-06
  1.304422311668E+04,  2.595783444969E+03,  2.605192770520E+03,  4.322964862057E+03,  5.316981004888E+03,  9.918599818371E+02,  3.245125939194E-01,NaN,NaN,  9.141681363556E-03,  4.457573238338E+16,  2.744037639528E+19,  2.454582430781E+20,  1.136189619230E+19,  7.762573334608E+20,  1.108188752132E+20,  1.136941050463E+13,  2.841343505280E+02,  1.011551524062E+02,  1.729847148463E+02,NaN,  9.994481088725E+00,NaN,  2.186743418670E-06,  3.327820694794E-02,NaN,  5.322545461458E+06,  1.277187763645E-06
  1.370007924553E+04,  2.583468724460E+03,  2.592394768910E+03,  3.998664399989E+03,  4.992583931988E+03,  9.918599818371E+02,  3.158449985521E-01,NaN,NaN,  9.375477144484E-03,  4.521912490218E+16,  2.677915011707E+19,  2.461191370806E+20,  1.167503898332E+19,  7.741635998012E+20,  1.127890144634E+20,  1.147776524483E+13,  2.879880302804E+02,  1.045433010132E+02,  1.734504745582E+02,NaN,  9.994252501479E+00,NaN,  2.207583902432E-06,  3.311601783365E-02,NaN,  5.342635742473E+06,  1.306944659661E-06
  1.439526944409E+04,  2.571262410109E+03,  2.579721569911E+03,  3.693609657493E+03,  4.687435132039E+03,  9.918599818371E+02,  3.072511628644E-01,NaN,NaN,  9.618902499891E-03,  4.585318665785E+16,  2.612599815334E+19,  2.467719512145E+20,  1.199325773733E+19,  7.719892063042E+20,  1.148377895551E+20,  1.159288135217E+13,  2.919712511586E+02,  1.080666954032E+02,  1.739105400479E+02,NaN,  9.994013477825E+00,NaN,  2.229724838412E-06,  3.295097571226E-02,NaN,  5.362419386091E+06,  1.337586300619E-06
  1.511579308492E+04,  2.559441072280E+03,  2.567463120842E+03,  3.415322456510E+03,  4.409058377028E+03,  9.918599818371E+02,  2.989319868973E-01,NaN,NaN,  9.865131152409E-03,  4.645445327839E+16,  2.550524024600E+19,  2.473923818689E+20,  1.230437661917E+19,  7.698202683760E+20,  1.168867664078E+20,  1.171221818033E+13,  2.959320384904E+02,  1.115904834935E+02,  1.743477835419E+02,NaN,  9.993769202315E+00,NaN,  2.252677569645E-06,  3.278949181897E-02,NaN,  5.381451610514E+06,  1.368396301818E-06
  1.588141221728E+04,  2.547756717469E+03,  2.555317071844E+03,  3.131769682724E+03,  4.125412055043E+03,  9.918599818371E+02,  2.906857853667E-01,NaN,NaN,  1.013915185156E-02,  4.714160156490E+16,  2.479413661244E+19,  2.481030563216E+20,  1.267154295357E+19,  7.671723459121E+20,  1.193618324190E+20,  1.184019991660E+13,  3.006888424923E+02,  1.158467013414E+02,  1.748486256240E+02,NaN,  9.993513249594E+00,NaN,  2.277293025246E-06,  3.259907578542E-02,NaN,  5.400209300478E+06,  1.400119324743E-06
  1.668115616089E+04,  2.536342570957E+03,  2.543503895026E+03,  2.891442090775E+03,  3.885000716800E+03,  9.918599818371E+02,  2.826541481626E-01,NaN,NaN,  1.040226992184E-02,  4.770838347627E+16,  2.420625674386E+19,  2.486906058441E+20,  1.298457527930E+19,  7.648907261481E+20,  1.215243106022E+20,  1.197244505333E+13,  3.048216862685E+02,  1.195657378432E+02,  1.752626964058E+02,NaN,  9.993249716767E+00,NaN,  2.302728484919E-06,  3.243666672695E-02,NaN,  5.418358162627E+06,  1.432173714512E-06
  1.752022351396E+04,  2.525234831042E+03,  2.531980368616E+03,  2.649925032790E+03,  3.643396944498E+03,  9.918599818371E+02,  2.748174443514E-01,NaN,NaN,  1.069134313676E-02,  4.834623765461E+16,  2.354321853956E+19,  2.493532213665E+20,  1.334828426356E+19,  7.621522257254E+20,  1.240931577653E+20,  1.211195217055E+13,  3.097059347097E+02,  1.239832857278E+02,  1.757296693449E+02,NaN,  9.992977307455E+00,NaN,  2.329560682623E-06,  3.224843728125E-02,NaN,  5.435972685263E+06,  1.464641669793E-06
  1.841389501102E+04,  2.514199717165E+03,  2.520579206656E+03,  2.441557142319E+03,  3.434949971815E+03,  9.918599818371E+02,  2.670549171567E-01,NaN,NaN,  1.097408510205E-02,  4.888122370189E+16,  2.298590398834E+19,  2.499101970860E+20,  1.366341970535E+19,  7.597544621057E+20,  1.263726875140E+20,  1.225852370717E+13,  3.140185878138E+02,  1.279037005996E+02,  1.761221934859E+02,NaN,  9.992691370493E+00,NaN,  2.357751620311E-06,  3.208546694185E-02,NaN,  5.453313983046E+06,  1.497989994420E-06
  1.933523651211E+04,  2.503676377825E+03,  2.509682301083E+03,  2.236476434782E+03,  3.229789104862E+03,  9.918599818371E+02,  2.596458269097E-01,NaN,NaN,  1.127884796360E-02,  4.946885882476E+16,  2.237250096574E+19,  2.505231823081E+20,  1.402058756427E+19,  7.569512935289E+20,  1.290117303442E+20,  1.240982704657E+13,  3.189886479474E+02,  1.324420546166E+02,  1.765541898716E+02,NaN,  9.992401072326E+00,NaN,  2.386852652551E-06,  3.190145800407E-02,NaN,  5.469808764794E+06,  1.531059332566E-06
  2.031468800783E+04,  2.493300890210E+03,  2.498949423487E+03,  2.045881598811E+03,  3.039116401820E+03,  9.918599818371E+02,  2.524456383784E-01,NaN,NaN,  1.159590065096E-02,  5.003582755854E+16,  2.177941853572E+19,  2.511158461783E+20,  1.437691072570E+19,  7.540951952151E+20,  1.317064224013E+20,  1.256918690561E+13,  3.240401402549E+02,  1.370761757708E+02,  1.769718649486E+02,NaN,  9.992097118066E+00,NaN,  2.417503241059E-06,  3.171850199048E-02,NaN,  5.485979802922E+06,  1.564830002108E-06
  2.133330636473E+04,  2.483260654901E+03,  2.488611922179E+03,  1.890122739387E+03,  2.883290194159E+03,  9.918599818371E+02,  2.456039871054E-01,NaN,NaN,  1.189093284680E-02,  5.047199475652E+16,  2.132230060051E+19,  2.515726511254E+20,  1.465945241122E+19,  7.518206881068E+20,  1.338906917105E+20,  1.273134080453E+13,  3.281186754197E+02,  1.408330927036E+02,  1.772937945466E+02,NaN,  9.991785720781E+00,NaN,  2.448691223157E-06,  3.157368628716E-02,NaN,  5.501484826305E+06,  1.598536059503E-06
  2.240585876882E+04,  2.473502622089E+03,  2.478540041242E+03,  1.731588222579E+03,  2.724684762377E+03,  9.918599818371E+02,  2.390510357165E-01,NaN,NaN,  1.221835547725E-02,  5.097165608533E+16,  2.079770891722E+19,  2.520968421729E+20,  1.499214561945E+19,  7.490590239216E+20,  1.365114749360E+20,  1.290156786547E+13,  3.329950356152E+02,  1.453403565278E+02,  1.776632139548E+02,NaN,  9.991462651167E+00,NaN,  2.481431962445E-06,  3.140398740523E-02,NaN,  5.516525539659E+06,  1.632542036356E-06
  2.352626913362E+04,  2.464103437506E+03,  2.468813589290E+03,  1.572405573982E+03,  2.565428338149E+03,  9.918599818371E+02,  2.328138639058E-01,NaN,NaN,  1.258112908083E-02,  5.152943641330E+16,  2.021090827207E+19,  2.526831585054E+20,  1.537556237927E+19,  7.457774267595E+20,  1.395991651310E+20,  1.307868594302E+13,  3.387177323253E+02,  1.506501839809E+02,  1.780764156558E+02,NaN,  9.991130173029E+00,NaN,  2.515498090169E-06,  3.120950482426E-02,NaN,  5.530989063349E+06,  1.666524765820E-06
  2.473702919722E+04,  2.454685250124E+03,  2.459109787424E+03,  1.436569718246E+03,  2.429525422615E+03,  9.918599818371E+02,  2.266883939519E-01,NaN,NaN,  1.293571514414E-02,  5.198600518081E+16,  1.972962145953E+19,  2.531640377666E+20,  1.569966973828E+19,  7.429744956673E+20,  1.422712837384E+20,  1.326512133427E+13,  3.436520464705E+02,  1.552459564744E+02,  1.784153114323E+02,NaN,  9.990776012526E+00,NaN,  2.551356269857E-06,  3.104570356736E-02,NaN,  5.545359215761E+06,  1.701598938715E-06
  2.600083040651E+04,  2.445621415912E+03,  2.449780102703E+03,  1.313734341388E+03,  2.306626588907E+03,  9.918599818371E+02,  2.208711518314E-01,NaN,NaN,  1.329529416549E-02,  5.240892573013E+16,  1.928302222512E+19,  2.536102352152E+20,  1.600843865764E+19,  7.402582095023E+20,  1.448687299121E+20,  1.345596641781E+13,  3.484336583546E+02,  1.597134785169E+02,  1.787297654813E+02,NaN,  9.990411768356E+00,NaN,  2.588062590757E-06,  3.089035758522E-02,NaN,  5.559119472970E+06,  1.736473181368E-06
  2.732737538845E+04,  2.436860167093E+03,  2.440770567842E+03,  1.202233102096E+03,  2.195064984986E+03,  9.918599818371E+02,  2.153503845442E-01,NaN,NaN,  1.366098064920E-02,  5.280056507280E+16,  1.886878024322E+19,  2.540240783707E+20,  1.630207625781E+19,  7.376343787155E+20,  1.473862220141E+20,  1.365186434090E+13,  3.530551501729E+02,  1.640436944627E+02,  1.790214181036E+02,NaN,  9.990034980878E+00,NaN,  2.625740753038E-06,  3.074331007897E-02,NaN,  5.572355865778E+06,  1.771270586359E-06
  2.872989630341E+04,  2.428375814493E+03,  2.432018494526E+03,  1.086668023522E+03,  2.079434907420E+03,  9.918599818371E+02,  2.100463736974E-01,NaN,NaN,  1.407905248544E-02,  5.325901936264E+16,  1.838302091132E+19,  2.545093427235E+20,  1.665526981649E+19,  7.343800989467E+20,  1.504729452404E+20,  1.385653547942E+13,  3.587054478491E+02,  1.693523987344E+02,  1.793634042380E+02,NaN,  9.989642211706E+00,NaN,  2.665106317767E-06,  3.056761552064E-02,NaN,  5.585165666240E+06,  1.806172909189E-06
  3.018894059706E+04,  2.420234559582E+03,  2.423661056436E+03,  9.952666545230E+02,  1.987979029854E+03,  9.918599818371E+02,  2.050593239322E-01,NaN,NaN,  1.445972968273E-02,  5.359245024011E+16,  1.802914134613E+19,  2.548628229599E+20,  1.691930948279E+19,  7.319409781036E+20,  1.528287029791E+20,  1.406127184530E+13,  3.630066318877E+02,  1.734048733399E+02,  1.796125165803E+02,NaN,  9.989239262961E+00,NaN,  2.704484428047E-06,  3.043673902280E-02,NaN,  5.597353644669E+06,  1.840555318140E-06
  3.172751796832E+04,  2.412392411471E+03,  2.415583606203E+03,  8.996516583905E+02,  1.892304952792E+03,  9.918599818371E+02,  2.003044459352E-01,NaN,NaN,  1.489800830216E-02,  5.399033686763E+16,  1.760620099633E+19,  2.552852685492E+20,  1.724199380385E+19,  7.288678878220E+20,  1.557569303986E+20,  1.427356438591E+13,  3.683404591825E+02,  1.784414046561E+02,  1.799102316983E+02,NaN,  9.988820082738E+00,NaN,  2.745315860408E-06,  3.027789234385E-02,NaN,  5.609092468818E+06,  1.874804370536E-06
  3.341819934151E+04,  2.404528859098E+03,  2.407486661004E+03,  8.079587848085E+02,  1.800552689507E+03,  9.918599818371E+02,  1.955969893891E-01,NaN,NaN,  1.537549716335E-02,  5.438449869232E+16,  1.718651895629E+19,  2.557044211001E+20,  1.757056910015E+19,  7.256794165105E+20,  1.587982827091E+20,  1.449930879650E+13,  3.738666730584E+02,  1.836726783212E+02,  1.802056260741E+02,NaN,  9.988365874251E+00,NaN,  2.788734567469E-06,  3.011718965235E-02,NaN,  5.620819545969E+06,  1.910181355973E-06
  3.509421056514E+04,  2.397375103969E+03,  2.400162076172E+03,  7.421053733167E+02,  1.734654004978E+03,  9.918599818371E+02,  1.913987604152E-01,NaN,NaN,  1.577307438212E-02,  5.463061539766E+16,  1.692408692214E+19,  2.559664468706E+20,  1.778072596079E+19,  7.236537934055E+20,  1.607805690616E+20,  1.471174736052E+13,  3.774618443256E+02,  1.870836334737E+02,  1.803902866202E+02,NaN,  9.987921402072E+00,NaN,  2.829594085344E-06,  3.001465711974E-02,NaN,  5.631393590663E+06,  1.943120377212E-06
  3.685645915388E+04,  2.390538981816E+03,  2.393134972800E+03,  6.713680320755E+02,  1.663866595462E+03,  9.918599818371E+02,  1.874089795626E-01,NaN,NaN,  1.624021640996E-02,  5.494175662328E+16,  1.659191639318E+19,  2.562981129820E+20,  1.805130279964E+19,  7.209600869659E+20,  1.633661347877E+20,  1.492956758518E+13,  3.821430946502E+02,  1.915316063357E+02,  1.806240256341E+02,NaN,  9.987459808959E+00,NaN,  2.871488688633E-06,  2.988358052839E-02,NaN,  5.641507613842E+06,  1.975589144972E-06
  3.870004917408E+04,  2.384025372186E+03,  2.386443764370E+03,  6.076010085425E+02,  1.600052530131E+03,  9.918599818371E+02,  1.836587198406E-01,NaN,NaN,  1.671696891974E-02,  5.522563172542E+16,  1.628845424692E+19,  2.566010648418E+20,  1.830356220834E+19,  7.184153209377E+20,  1.658154611972E+20,  1.514768951997E+13,  3.865700743116E+02,  1.957455600312E+02,  1.808375285111E+02,NaN,  9.986982855876E+00,NaN,  2.913441321550E-06,  2.976203886807E-02,NaN,  5.651110489583E+06,  2.007323415708E-06
  4.070214547976E+04,  2.377633572326E+03,  2.379846944648E+03,  5.370637974618E+02,  1.529461403454E+03,  9.918599818371E+02,  1.800213139642E-01,NaN,NaN,  1.730923550975E-02,  5.558592185150E+16,  1.590274056629E+19,  2.569861477622E+20,  1.863087699485E+19,  7.150134902138E+20,  1.690465224886E+20,  1.537744608486E+13,  3.923987913912E+02,  2.013034049098E+02,  1.811089125899E+02,NaN,  9.986470933901E+00,NaN,  2.957631709077E-06,  2.960554654005E-02,NaN,  5.660551565355E+06,  2.039417543397E-06
  4.283465464847E+04,  2.371450900711E+03,  2.373499935716E+03,  4.820835185880E+02,  1.474436662574E+03,  9.918599818371E+02,  1.765404511314E-01,NaN,NaN,  1.785156863566E-02,  5.583988480513E+16,  1.563045895016E+19,  2.572578624470E+20,  1.886716209875E+19,  7.125533523819E+20,  1.714227225757E+20,  1.560617323837E+13,  3.966785662310E+02,  2.053922299948E+02,  1.813004013200E+02,NaN,  9.985931914534E+00,NaN,  3.001624104058E-06,  2.949306606434E-02,NaN,  5.669610540051E+06,  2.071078426463E-06
  4.498499150911E+04,  2.365826450461E+03,  2.367732027728E+03,  4.355592678193E+02,  1.427873340272E+03,  9.918599818371E+02,  1.734105500157E-01,NaN,NaN,  1.837505275022E-02,  5.605216055619E+16,  1.540262265220E+19,  2.574851478956E+20,  1.906823193253E+19,  7.104426578776E+20,  1.734721811418E+20,  1.582343755405E+13,  4.003654423880E+02,  2.089194659945E+02,  1.814605789047E+02,NaN,  9.985394445372E+00,NaN,  3.043411786210E-06,  2.939778854977E-02,NaN,  5.677822146517E+06,  2.100537125134E-06
  4.733690809731E+04,  2.360336293831E+03,  2.362069946134E+03,  3.821823040420E+02,  1.374450205241E+03,  9.918599818371E+02,  1.703816864882E-01,NaN,NaN,  1.905200632576E-02,  5.634053890273E+16,  1.509276361510E+19,  2.577943248162E+20,  1.934619880817E+19,  7.074344035090E+20,  1.763408982178E+20,  1.605056650279E+13,  4.055184509556E+02,  2.138551660220E+02,  1.816784688430E+02,NaN,  9.984813003398E+00,NaN,  3.087096789373E-06,  2.926713531236E-02,NaN,  5.685863872714E+06,  2.130110666229E-06
  4.982739573270E+04,  2.355087422881E+03,  2.356691002339E+03,  3.429021264891E+02,  1.335134308479E+03,  9.918599818371E+02,  1.675305347222E-01,NaN,NaN,  1.964127138649E-02,  5.652158653493E+16,  1.489797629782E+19,  2.579884916757E+20,  1.952410601598E+19,  7.055223321785E+20,  1.782073579766E+20,  1.627173506576E+13,  4.088680378455E+02,  2.170685250659E+02,  1.818153063694E+02,NaN,  9.984203280556E+00,NaN,  3.129635397623E-06,  2.918367761431E-02,NaN,  5.693485890734E+06,  2.158824253595E-06
  5.234772816751E+04,  2.350390280000E+03,  2.351849429929E+03,  3.011328777747E+02,  1.293326140059E+03,  9.918599818371E+02,  1.649781527067E-01,NaN,NaN,  2.035124741606E-02,  5.675226721579E+16,  1.464957773478E+19,  2.582361932837E+20,  1.975409617165E+19,  7.029756389064E+20,  1.806437030522E+20,  1.648286532443E+13,  4.132348315266E+02,  2.212613638208E+02,  1.819898720776E+02,NaN,  9.983592457911E+00,NaN,  3.170243281685E-06,  2.907665919846E-02,NaN,  5.700331853577E+06,  2.185199214632E-06
  5.497130789519E+04,  2.345991017176E+03,  2.347350337970E+03,  2.729455432821E+02,  1.265111392020E+03,  9.918599818371E+02,  1.626241155329E-01,NaN,NaN,  2.091679998598E-02,  5.687317378648E+16,  1.451924428330E+19,  2.583659009121E+20,  1.987669391163E+19,  7.016478470036E+20,  1.819602770028E+20,  1.668185201847E+13,  4.155940583448E+02,  2.235298105225E+02,  1.820812824814E+02,NaN,  9.982962132452E+00,NaN,  3.208515524861E-06,  2.901960669186E-02,NaN,  5.706681193813E+06,  2.210170135075E-06
  5.774826082942E+04,  2.341879038636E+03,  2.343114014349E+03,  2.393126861361E+02,  1.231445235196E+03,  9.918599818371E+02,  1.604367077173E-01,NaN,NaN,  2.167414555422E-02,  5.706062855858E+16,  1.431704220068E+19,  2.585673621573E+20,  2.006841573953E+19,  6.994880116452E+20,  1.840331969802E+20,  1.688028119298E+13,  4.193040446211E+02,  2.270984802959E+02,  1.822232606672E+02,NaN,  9.982300411323E+00,NaN,  3.246680537132E-06,  2.893106555250E-02,NaN,  5.712648852130E+06,  2.234098867338E-06
  6.077434120244E+04,  2.337929455459E+03,  2.339044709093E+03,  2.081673624185E+02,  1.200268089973E+03,  9.918599818371E+02,  1.583546519722E-01,NaN,NaN,  2.250143925798E-02,  5.723562897684E+16,  1.412809978142E+19,  2.587555069526E+20,  2.024999992070E+19,  6.974218546302E+20,  1.860180864708E+20,  1.707749896371E+13,  4.228537713516E+02,  2.305163286552E+02,  1.823558541926E+02,NaN,  9.981585219156E+00,NaN,  3.284612553220E-06,  2.884760676128E-02,NaN,  5.718371350297E+06,  2.257472949944E-06
  6.389670329453E+04,  2.334353758009E+03,  2.335362013272E+03,  1.813998614195E+02,  1.173472392922E+03,  9.918599818371E+02,  1.564798677688E-01,NaN,NaN,  2.334440651754E-02,  5.738503622324E+16,  1.396664855027E+19,  2.589161479409E+20,  2.040707192790E+19,  6.956206346166E+20,  1.877523601971E+20,  1.726151503692E+13,  4.259535150039E+02,  2.335035942676E+02,  1.824690646320E+02,NaN,  9.980852784348E+00,NaN,  3.320005411703E-06,  2.877571229036E-02,NaN,  5.723541847961E+06,  2.278961692322E-06
  6.726720502298E+04,  2.330986514128E+03,  2.331893899791E+03,  1.571449129634E+02,  1.149191252244E+03,  9.918599818371E+02,  1.547184365265E-01,NaN,NaN,  2.425162680369E-02,  5.752039442947E+16,  1.382026262421E+19,  2.590616670367E+20,  2.055101823415E+19,  6.939571898317E+20,  1.893557373291E+20,  1.743994839887E+13,  4.288180447508E+02,  2.362663555449E+02,  1.825716180397E+02,NaN,  9.980067811917E+00,NaN,  3.354324515562E-06,  2.871007613950E-02,NaN,  5.728403855176E+06,  2.299495464107E-06
  7.069310639696E+04,  2.328014710394E+03,  2.328835644658E+03,  1.371423567125E+02,  1.129166576849E+03,  9.918599818371E+02,  1.531758336805E-01,NaN,NaN,  2.514120355865E-02,  5.762884773682E+16,  1.370288637585E+19,  2.591781747594E+20,  2.066755098914E+19,  6.926054672655E+20,  1.906636261679E+20,  1.760115368247E+13,  4.311543304781E+02,  2.385213260718E+02,  1.826537259166E+02,NaN,  9.979275104334E+00,NaN,  3.385330045076E-06,  2.865710278096E-02,NaN,  5.732685478835E+06,  2.317846068099E-06
  7.427984470708E+04,  2.325331536231E+03,  2.326076489663E+03,  1.201959693939E+02,  1.112201071271E+03,  9.918599818371E+02,  1.517920242462E-01,NaN,NaN,  2.603085969292E-02,  5.771773726843E+16,  1.360662268211E+19,  2.592735382452E+20,  2.076391640410E+19,  6.914855143016E+20,  1.917512277615E+20,  1.774977088899E+13,  4.330973589377E+02,  2.403979726634E+02,  1.827209325632E+02,NaN,  9.978450297292E+00,NaN,  3.413914438095E-06,  2.861342278993E-02,NaN,  5.736543703448E+06,  2.334601038147E-06
  7.825586096702E+04,  2.322803334554E+03,  2.323437022809E+03,  9.665338792856E+01,  1.088631499306E+03,  9.918599818371E+02,  1.504850148414E-01,NaN,NaN,  2.753644470302E-02,  5.788236310270E+16,  1.342827108233E+19,  2.594508108157E+20,  2.094352851866E+19,  6.893238152777E+20,  1.937926225059E+20,  1.790070084866E+13,  4.367380832984E+02,  2.439146752526E+02,  1.828458639758E+02,NaN,  9.977540627109E+00,NaN,  3.442943656090E-06,  2.853254178578E-02,NaN,  5.740230440969E+06,  2.350808612736E-06
  8.243981065467E+04,  2.320492586374E+03,  2.321062257004E+03,  8.368419896915E+01,  1.075647043617E+03,  9.918599818371E+02,  1.493092072455E-01,NaN,NaN,  2.859102047344E-02,  5.794598650724E+16,  1.335923561753E+19,  2.595188059949E+20,  2.101384941463E+19,  6.884982876203E+20,  1.945989130740E+20,  1.803385863172E+13,  4.381793480723E+02,  2.453089739188E+02,  1.828937830293E+02,NaN,  9.976587655744E+00,NaN,  3.468554650223E-06,  2.850082493425E-02,NaN,  5.743544011258E+06,  2.365542820988E-06
  8.657169382404E+04,  2.318604889050E+03,  2.319128725644E+03,  7.470229492280E+01,  1.066654423316E+03,  9.918599818371E+02,  1.483530610680E-01,NaN,NaN,  2.945175511306E-02,  5.798190361767E+16,  1.332022527634E+19,  2.595568019361E+20,  2.105394584351E+19,  6.880378263533E+20,  1.950580422130E+20,  1.814326345204E+13,  4.390026628300E+02,  2.461064470213E+02,  1.829205603621E+02,NaN,  9.975651957034E+00,NaN,  3.489597101871E-06,  2.848277927499E-02,NaN,  5.746239513169E+06,  2.377647078750E-06
  9.112945077475E+04,  2.316820152158E+03,  2.317257579117E+03,  5.864484021127E+01,  1.050577683168E+03,  9.918599818371E+02,  1.474423012814E-01,NaN,NaN,  3.132744879787E-02,  5.809722083842E+16,  1.319508751780E+19,  2.596807349103E+20,  2.118213307316E+19,  6.864662034911E+20,  1.965366585778E+20,  1.825663828388E+13,  4.416394957908E+02,  2.486569691229E+02,  1.830079011250E+02,NaN,  9.974622031503E+00,NaN,  3.511403128424E-06,  2.842545899020E-02,NaN,  5.748845994498E+06,  2.389453851633E-06
  9.570819595950E+04,  2.315413151612E+03,  2.315778806882E+03,  4.611937073571E+01,  1.038036895752E+03,  9.918599818371E+02,  1.467220837881E-01,NaN,NaN,  3.329950328577E-02,  5.818805018981E+16,  1.309646603832E+19,  2.597781579297E+20,  2.128409533153E+19,  6.852073012964E+20,  1.977173468940E+20,  1.834763878578E+13,  4.437455846771E+02,  2.506954287876E+02,  1.830765592112E+02,NaN,  9.973593149302E+00,NaN,  3.528905772784E-06,  2.838010837011E-02,NaN,  5.750904478326E+06,  2.398850147608E-06
  1.008829702972E+05,  2.313941018059E+03,  2.314276456681E+03,  4.105441024444E+01,  1.032965663838E+03,  9.918599818371E+02,  1.459822928615E-01,NaN,NaN,  3.431646454368E-02,  5.819723197108E+16,  1.308636882166E+19,  2.597869869112E+20,  2.129462516410E+19,  6.850974686428E+20,  1.978384899662E+20,  1.843530544434E+13,  4.439692403774E+02,  2.509140245178E+02,  1.830827813647E+02,NaN,  9.972430949226E+00,NaN,  3.545767200082E-06,  2.837529299673E-02,NaN,  5.752994495619E+06,  2.408455882410E-06
  1.064682956806E+05,  2.312770912533E+03,  2.313041103573E+03,  3.073455662001E+01,  1.022632992273E+03,  9.918599818371E+02,  1.453804666572E-01,NaN,NaN,  3.692268550282E-02,  5.827312877051E+16,  1.300387105665E+19,  2.598680371433E+20,  2.138038796300E+19,  6.840264682226E+20,  1.988359518593E+20,  1.851331872062E+13,  4.457506216338E+02,  2.526395350013E+02,  1.831399008612E+02,NaN,  9.971182210480E+00,NaN,  3.560771937434E-06,  2.833726535916E-02,NaN,  5.754712104434E+06,  2.416399856859E-06
  1.120365580917E+05,  2.311899663349E+03,  2.312117887504E+03,  2.309826093595E+01,  1.014987125795E+03,  9.918599818371E+02,  1.449307040596E-01,NaN,NaN,  3.968010640786E-02,  5.832969821042E+16,  1.294233395126E+19,  2.599281401546E+20,  2.144470330139E+19,  6.832167995724E+20,  1.995843418719E+20,  1.857220776158E+13,  4.470890918142E+02,  2.539368885620E+02,  1.831822579732E+02,NaN,  9.969941706939E+00,NaN,  3.572098401784E-06,  2.830887027420E-02,NaN,  5.755995152546E+06,  2.422363534770E-06
  1.179197046604E+05,  2.310939598263E+03,  2.311154595905E+03,  2.262460041857E+01,  1.014512845658E+03,  9.918599818371E+02,  1.444578579017E-01,NaN,NaN,  3.991186926885E-02,  5.830547892415E+16,  1.296847657367E+19,  2.599005638335E+20,  2.141731272478E+19,  6.835733713889E+20,  1.992579641219E+20,  1.862793206720E+13,  4.465191233024E+02,  2.533876666870E+02,  1.831628237835E+02,NaN,  9.968629249043E+00,NaN,  3.582816174576E-06,  2.832092573147E-02,NaN,  5.757333374695E+06,  2.428610766059E-06
  1.241495488706E+05,  2.310235964204E+03,  2.310405673232E+03,  1.649373396227E+01,  1.008374251913E+03,  9.918599818371E+02,  1.440961742044E-01,NaN,NaN,  4.321507310674E-02,  5.835122314662E+16,  1.291865520171E+19,  2.599487867949E+20,  2.146932101446E+19,  6.829113855494E+20,  1.998628123828E+20,  1.867645881442E+13,  4.476036662497E+02,  2.544396105921E+02,  1.831968085262E+02,NaN,  9.967243539188E+00,NaN,  3.592149600005E-06,  2.829797770144E-02,NaN,  5.758373424065E+06,  2.433485248762E-06
  1.312930566792E+05,  2.309664196646E+03,  2.309793984841E+03,  1.152892087992E+01,  1.003403159033E+03,  9.918599818371E+02,  1.438007662446E-01,NaN,NaN,  4.728199872625E-02,  5.838850492213E+16,  1.287799433780E+19,  2.599876219004E+20,  2.151184713100E+19,  6.823630902382E+20,  2.003552724670E+20,  1.871634360623E+13,  4.484900134667E+02,  2.553001743079E+02,  1.832241772533E+02,NaN,  9.965658305692E+00,NaN,  3.599820868972E-06,  2.827929839627E-02,NaN,  5.759222653973E+06,  2.437477924739E-06
  1.392662691379E+05,  2.309230848133E+03,  2.309327482567E+03,  7.776839345191E+00,  9.996463164618E+02,  9.918599818371E+02,  1.435754742703E-01,NaN,NaN,  5.218889091751E-02,  5.841687423272E+16,  1.284698815308E+19,  2.600165964874E+20,  2.154426991526E+19,  6.819370811244E+20,  2.007274714898E+20,  1.874690974220E+13,  4.491641522447E+02,  2.559556595356E+02,  1.832445968595E+02,NaN,  9.963892243892E+00,NaN,  3.605699827837E-06,  2.826513764310E-02,NaN,  5.759870172470E+06,  2.440529842012E-06
  1.472394815966E+05,  2.308942353066E+03,  2.309014713444E+03,  5.286564045892E+00,  9.971528252907E+02,  9.918599818371E+02,  1.434244259753E-01,NaN,NaN,  5.748792269321E-02,  5.843584737012E+16,  1.282618508629E+19,  2.600353723790E+20,  2.156596102677E+19,  6.816441002281E+20,  2.009727122390E+20,  1.876747139547E+13,  4.496128799052E+02,  2.563929187393E+02,  1.832578290175E+02,NaN,  9.962128538758E+00,NaN,  3.609654567614E-06,  2.825573547604E-02,NaN,  5.760304235155E+06,  2.442579376870E-06
  1.546220798441E+05,  2.308761374964E+03,  2.308817095043E+03,  3.730593056262E+00,  9.955950708560E+02,  9.918599818371E+02,  1.433289884134E-01,NaN,NaN,  6.273113269586E-02,  5.844780099330E+16,  1.281301998257E+19,  2.600466630387E+20,  2.157960895237E+19,  6.814527540216E+20,  2.011234937664E+20,  1.878048761104E+13,  4.498929356252E+02,  2.566666490548E+02,  1.832657860188E+02,NaN,  9.960496939480E+00,NaN,  3.612158050422E-06,  2.824987845609E-02,NaN,  5.760578462186E+06,  2.443875736904E-06
  1.624813240550E+05,  2.308629654659E+03,  2.308672233548E+03,  2.605943713949E+00,  9.944689160428E+02,  9.918599818371E+02,  1.432590292000E-01,NaN,NaN,  6.862440328594E-02,  5.845653144649E+16,  1.280334382515E+19,  2.600543455515E+20,  2.158954629389E+19,  6.813061482126E+20,  2.012295122154E+20,  1.879003818641E+13,  4.500943404671E+02,  2.568643754969E+02,  1.832712002076E+02,NaN,  9.958761148652E+00,NaN,  3.613994966929E-06,  2.824567302134E-02,NaN,  5.760779466388E+06,  2.444826701942E-06
  1.706606028794E+05,  2.308537206481E+03,  2.308569816768E+03,  1.825880225163E+00,  9.936878797224E+02,  9.918599818371E+02,  1.432095681799E-01,NaN,NaN,  7.501215406879E-02,  5.846267147577E+16,  1.279647343500E+19,  2.600591424925E+20,  2.159649645270E+19,  6.811957828570E+20,  2.012995564117E+20,  1.879679069551E+13,  4.502324353109E+02,  2.570008952119E+02,  1.832745808130E+02,NaN,  9.956955670659E+00,NaN,  3.615293715429E-06,  2.824279442116E-02,NaN,  5.760921568697E+06,  2.445499382660E-06
  1.793759965009E+05,  2.308298755260E+03,  2.308395151874E+03,  7.744865433070E+00,  9.996143052064E+02,  9.918599818371E+02,  1.431180764777E-01,NaN,NaN,  5.227537898840E-02,  5.839023618183E+16,  1.287494721133E+19,  2.599785397704E+20,  2.151349749439E+19,  6.822403705561E+20,  2.003044014894E+20,  1.880193426283E+13,  4.484805228211E+02,  2.553077120302E+02,  1.832177766955E+02,NaN,  9.955030479145E+00,NaN,  3.616283007000E-06,  2.827952375372E-02,NaN,  5.761163900729E+06,  2.446647264267E-06
  1.887479158816E+05,  2.307971646934E+03,  2.308040309750E+03,  4.925181686598E+00,  9.967910616187E+02,  9.918599818371E+02,  1.429482122393E-01,NaN,NaN,  5.855293198600E-02,  5.841173859998E+16,  1.285135831957E+19,  2.599997428652E+20,  2.153796071929E+19,  6.819085707471E+20,  2.005807337967E+20,  1.882544591113E+13,  4.489868638336E+02,  2.558011846810E+02,  1.832327194053E+02,NaN,  9.952956126454E+00,NaN,  3.620805136109E-06,  2.826888707512E-02,NaN,  5.761656158897E+06,  2.448981858607E-06
  1.994717414281E+05,  2.307745527129E+03,  2.307792733918E+03,  2.987924942067E+00,  9.948513717166E+02,  9.918599818371E+02,  1.428296967720E-01,NaN,NaN,  6.635659183653E-02,  5.842668215409E+16,  1.283486043451E+19,  2.600135152877E+20,  2.155492344269E+19,  6.816660472996E+20,  2.007660079925E+20,  1.884188535570E+13,  4.493338182983E+02,  2.561408039899E+02,  1.832424254089E+02,NaN,  9.950585275622E+00,NaN,  3.623967028029E-06,  2.826161543239E-02,NaN,  5.761999568199E+06,  2.450612791796E-06
  2.101000792541E+05,  2.307613520792E+03,  2.307646761244E+03,  1.871527082038E+00,  9.937335868782E+02,  9.918599818371E+02,  1.427598191126E-01,NaN,NaN,  7.459678230045E-02,  5.843543896928E+16,  1.282508581856E+19,  2.600205914793E+20,  2.156480386332E+19,  6.815119876299E+20,  2.008672366562E+20,  1.885158437030E+13,  4.495314207738E+02,  2.563357674114E+02,  1.832474122978E+02,NaN,  9.948237438765E+00,NaN,  3.625832494699E-06,  2.825748321773E-02,NaN,  5.762202028613E+06,  2.451575201499E-06
  2.207284170801E+05,  2.307534370479E+03,  2.307558469311E+03,  1.218803892832E+00,  9.930801142902E+02,  9.918599818371E+02,  1.427175534371E-01,NaN,NaN,  8.304461109804E-02,  5.844068526654E+16,  1.281912506642E+19,  2.600238554632E+20,  2.157065756208E+19,  6.814081117570E+20,  2.009205535647E+20,  1.885744597554E+13,  4.496439798971E+02,  2.564483728285E+02,  1.832497125640E+02,NaN,  9.945890877542E+00,NaN,  3.626959890588E-06,  2.825513569976E-02,NaN,  5.762324481377E+06,  2.452157605165E-06
  2.319565815743E+05,  2.307483650970E+03,  2.307501556775E+03,  8.201792700420E-01,  9.926809466057E+02,  9.918599818371E+02,  1.426903091953E-01,NaN,NaN,  9.169261162726E-02,  5.844401550624E+16,  1.281523128627E+19,  2.600249012673E+20,  2.157430147137E+19,  6.813300467758E+20,  2.009466400867E+20,  1.886121466801E+13,  4.497092171539E+02,  2.565153510028E+02,  1.832504495861E+02,NaN,  9.943412937327E+00,NaN,  3.627684744657E-06,  2.825378096870E-02,NaN,  5.762403411447E+06,  2.452533134675E-06
  2.438089252591E+05,  2.307450754859E+03,  2.307464625774E+03,  5.835025572415E-01,  9.924439866136E+02,  9.918599818371E+02,  1.426726301883E-01,NaN,NaN,  9.984162441064E-02,  5.844612316173E+16,  1.281265049151E+19,  2.600244763813E+20,  2.157653045549E+19,  6.812678171125E+20,  2.009549161477E+20,  1.886364848102E+13,  4.497438926588E+02,  2.565529407011E+02,  1.832501501511E+02,NaN,  9.940798178485E+00,NaN,  3.628152853762E-06,  2.825306726225E-02,NaN,  5.762454628812E+06,  2.452776867045E-06
  2.578485711010E+05,  2.307426450653E+03,  2.307437586877E+03,  4.353875314605E-01,  9.922956967748E+02,  9.918599818371E+02,  1.426596865682E-01,NaN,NaN,  1.074264519472E-01,  5.844760377577E+16,  1.281069729414E+19,  2.600228696344E+20,  2.157800291536E+19,  6.812086729866E+20,  2.009508117215E+20,  1.886541633063E+13,  4.497602780987E+02,  2.565735547627E+02,  1.832490178092E+02,NaN,  9.937701898318E+00,NaN,  3.628492874338E-06,  2.825273896992E-02,NaN,  5.762492126924E+06,  2.452955338898E-06
  2.712965242855E+05,  2.307410863120E+03,  2.307420593093E+03,  3.636645672057E-01,  9.922238770255E+02,  9.918599818371E+02,  1.426515515811E-01,NaN,NaN,  1.123724752198E-01,  5.844848048685E+16,  1.280941475490E+19,  2.600207424603E+20,  2.157879072050E+19,  6.811597895467E+20,  2.009394669819E+20,  1.886651553260E+13,  4.497628098464E+02,  2.565805504859E+02,  1.832475187004E+02,NaN,  9.934737031386E+00,NaN,  3.628704290108E-06,  2.825270016392E-02,NaN,  5.762515694047E+06,  2.453067517803E-06
  2.866361478845E+05,  2.307397575914E+03,  2.307406482063E+03,  3.231964590045E-01,  9.921833612915E+02,  9.918599818371E+02,  1.426447965787E-01,NaN,NaN,  1.157371193744E-01,  5.844915989889E+16,  1.280830016347E+19,  2.600179677990E+20,  2.157932064884E+19,  6.811086303855E+20,  2.009221387252E+20,  1.886741609979E+13,  4.497579026400E+02,  2.565809795577E+02,  1.832455632802E+02,NaN,  9.931356173145E+00,NaN,  3.628877501319E-06,  2.825281911260E-02,NaN,  5.762535263217E+06,  2.453160673269E-06
  3.015550362575E+05,  2.307386884158E+03,  2.307395401410E+03,  3.045147132682E-01,  9.921646552657E+02,  9.918599818371E+02,  1.426394922289E-01,NaN,NaN,  1.174736558972E-01,  5.844965995390E+16,  1.280739077112E+19,  2.600150946541E+20,  2.157965120634E+19,  6.810611811679E+20,  2.009030889832E+20,  1.886811561635E+13,  4.497492225976E+02,  2.565776113624E+02,  1.832435384546E+02,NaN,  9.928069151625E+00,NaN,  3.629012043320E-06,  2.825301659782E-02,NaN,  5.762550629783E+06,  2.453233827270E-06
  3.167058792919E+05,  2.307377090054E+03,  2.307385415875E+03,  2.954208908171E-01,  9.921555685119E+02,  9.918599818371E+02,  1.426347121166E-01,NaN,NaN,  1.183682349962E-01,  5.845009071408E+16,  1.280655097706E+19,  2.600120930844E+20,  2.157989826222E+19,  6.810141004426E+20,  2.008826923452E+20,  1.886874158436E+13,  4.497385341547E+02,  2.565723753023E+02,  1.832414231226E+02,NaN,  9.924732100619E+00,NaN,  3.629132439310E-06,  2.825325636003E-02,NaN,  5.762564477586E+06,  2.453299754274E-06
  3.360772336029E+05,  2.307365269861E+03,  2.307373488828E+03,  2.903733549124E-01,  9.921505152795E+02,  9.918599818371E+02,  1.426290025948E-01,NaN,NaN,  1.188802657260E-01,  5.845059036412E+16,  1.280553276607E+19,  2.600081997440E+20,  2.158015534961E+19,  6.809546377069E+20,  2.008559201496E+20,  1.886948592797E+13,  4.497236260772E+02,  2.565644763249E+02,  1.832386793223E+02,NaN,  9.920466800735E+00,NaN,  3.629275603151E-06,  2.825358889474E-02,NaN,  5.762581017777E+06,  2.453378503275E-06
  3.577144340827E+05,  2.307352446961E+03,  2.307360621737E+03,  2.882902309197E-01,  9.921484297517E+02,  9.918599818371E+02,  1.426228430709E-01,NaN,NaN,  1.190954681940E-01,  5.845112075165E+16,  1.280442555497E+19,  2.600038207668E+20,  2.158041062617E+19,  6.808886171769E+20,  2.008256463179E+20,  1.887028610405E+13,  4.497063015950E+02,  2.565550001858E+02,  1.832355932735E+02,NaN,  9.915704506286E+00,NaN,  3.629429505571E-06,  2.825397436628E-02,NaN,  5.762598861511E+06,  2.453463463410E-06
  3.760025872834E+05,  2.307341726750E+03,  2.307349887709E+03,  2.876379231787E-01,  9.921477766788E+02,  9.918599818371E+02,  1.426177046518E-01,NaN,NaN,  1.191637929072E-01,  5.845156040906E+16,  1.280349910031E+19,  2.600001100833E+20,  2.158061644477E+19,  6.808329393360E+20,  2.007999475987E+20,  1.887095340957E+13,  4.496914495784E+02,  2.565467869023E+02,  1.832329781993E+02,NaN,  9.911680847219E+00,NaN,  3.629557852238E-06,  2.825430451623E-02,NaN,  5.762613747099E+06,  2.453534342675E-06
  4.003867915511E+05,  2.307327492008E+03,  2.307335646440E+03,  2.873275797094E-01,  9.921474660290E+02,  9.918599818371E+02,  1.426108873038E-01,NaN,NaN,  1.191970993552E-01,  5.845214226589E+16,  1.280226855455E+19,  2.599951576273E+20,  2.158088584448E+19,  6.807587647775E+20,  2.007656347577E+20,  1.887183867651E+13,  4.496715426505E+02,  2.565357327245E+02,  1.832294879959E+02,NaN,  9.906318300292E+00,NaN,  3.629728120666E-06,  2.825474684208E-02,NaN,  5.762633496307E+06,  2.453628386013E-06
  4.227820779836E+05,  2.307314438416E+03,  2.307322591051E+03,  2.872398157591E-01,  9.921473781518E+02,  9.918599818371E+02,  1.426046376408E-01,NaN,NaN,  1.192072504282E-01,  5.845267513545E+16,  1.280114003637E+19,  2.599906073105E+20,  2.158113149468E+19,  6.806906623216E+20,  2.007341110336E+20,  1.887265039488E+13,  4.496532238259E+02,  2.565255436049E+02,  1.832262811969E+02,NaN,  9.901395394263E+00,NaN,  3.629884243080E-06,  2.825515378145E-02,NaN,  5.762651600885E+06,  2.453714603269E-06
  4.533916308797E+05,  2.307296604781E+03,  2.307304756852E+03,  2.872087074096E-01,  9.921473469978E+02,  9.918599818371E+02,  1.425961003436E-01,NaN,NaN,  1.192119087810E-01,  5.845340278080E+16,  1.279959831711E+19,  2.599843869983E+20,  2.158146644014E+19,  6.805975901939E+20,  2.006910322417E+20,  1.887375926017E+13,  4.496281715832E+02,  2.565116003180E+02,  1.832218974821E+02,NaN,  9.894670152917E+00,NaN,  3.630097517450E-06,  2.825571020159E-02,NaN,  5.762676332326E+06,  2.453832387272E-06
  4.840011837757E+05,  2.307278772485E+03,  2.307286924562E+03,  2.872043582108E-01,  9.921473427037E+02,  9.918599818371E+02,  1.425875639602E-01,NaN,NaN,  1.192137905692E-01,  5.845413022310E+16,  1.279805682635E+19,  2.599781663111E+20,  2.158180112719E+19,  6.805045224980E+20,  2.006479721514E+20,  1.887486785703E+13,  4.496031179444E+02,  2.564976517067E+02,  1.832175135030E+02,NaN,  9.887949104401E+00,NaN,  3.630310740193E-06,  2.825626655105E-02,NaN,  5.762701060937E+06,  2.453950167533E-06
  5.083738983398E+05,  2.306303297945E+03,  2.306463611749E+03,  1.523375372063E+01,  9.850764239189E+02,  9.698210457448E+02,  1.421934410683E-01,NaN,NaN,  4.419908492532E-02,  5.850382684855E+16,  1.274345940220E+19,  2.600265758227E+20,  2.163870535611E+19,  6.797225835132E+20,  2.012895556364E+20,  1.893010389686E+13,  4.507823469939E+02,  2.576481090684E+02,  1.832516297155E+02,NaN,  9.882604569038E+00,NaN,  3.640934602049E-06,  2.823163282791E-02,NaN,  5.763842577339E+06,  2.459397724902E-06
  5.345983082072E+05,  2.302452526284E+03,  2.302695028830E+03,  2.636288259276E+01,  9.617891678814E+02,  9.353902908836E+02,  1.403911240219E-01,NaN,NaN,  3.863426884751E-02,  5.864856520285E+16,  1.258547987413E+19,  2.601779767228E+20,  2.180692791519E+19,  6.775676380363E+20,  2.032749549499E+20,  1.918203642532E+13,  4.543467381653E+02,  2.611115172116E+02,  1.833583282773E+02,NaN,  9.876888986926E+00,NaN,  3.689390218839E-06,  2.815778829249E-02,NaN,  5.769062743040E+06,  2.484576714554E-06
  5.620273359644E+05,  2.297486492321E+03,  2.297740144214E+03,  2.786571684643E+01,  9.299769169615E+02,  9.020723178696E+02,  1.380476136415E-01,NaN,NaN,  3.823113383489E-02,  5.886271679935E+16,  1.235180896802E+19,  2.604048131568E+20,  2.205970240809E+19,  6.743094188909E+20,  2.063116393199E+20,  1.952929486240E+13,  4.597727502296E+02,  2.663835852493E+02,  1.835181894226E+02,NaN,  9.870971801450E+00,NaN,  3.756180410078E-06,  2.804733228323E-02,NaN,  5.775913827013E+06,  2.518301112505E-06
  5.916613747913E+05,  2.291532183729E+03,  2.291802549052E+03,  3.017603412481E+01,  8.986183704987E+02,  8.683995499641E+02,  1.352600252575E-01,NaN,NaN,  3.763033766497E-02,  5.905141887231E+16,  1.214555270460E+19,  2.606038292706E+20,  2.228641257067E+19,  6.713720667949E+20,  2.090763300486E+20,  1.996174534439E+13,  4.647148832401E+02,  2.711917843896E+02,  1.836584444218E+02,NaN,  9.864650589341E+00,NaN,  3.839356072087E-06,  2.794870388265E-02,NaN,  5.784105314654E+06,  2.559666285453E-06
  6.213385409246E+05,  2.285769983457E+03,  2.286053457215E+03,  3.197227616977E+01,  8.696641909748E+02,  8.376458076995E+02,  1.325850269877E-01,NaN,NaN,  3.723819272486E-02,  5.922689202131E+16,  1.195354789400E+19,  2.607886734632E+20,  2.250068539865E+19,  6.685632450796E+20,  2.117213049834E+20,  2.040411011814E+13,  4.694406799819E+02,  2.757935602712E+02,  1.837887118740E+02,NaN,  9.858403912200E+00,NaN,  3.924438606248E-06,  2.785612893303E-02,NaN,  5.792017711447E+06,  2.600738347708E-06
  6.524062908473E+05,  2.279997332419E+03,  2.280245318106E+03,  2.660578678452E+01,  8.348311574908E+02,  8.081858275925E+02,  1.299303068223E-01,NaN,NaN,  3.914711841509E-02,  5.948409978677E+16,  1.167205552624E+19,  2.610626718551E+20,  2.282004646085E+19,  6.642755880698E+20,  2.157380925514E+20,  2.088518773844E+13,  4.765887280830E+02,  2.827549668636E+02,  1.839818100283E+02,NaN,  9.851947174169E+00,NaN,  4.016967002477E-06,  2.771927716001E-02,NaN,  5.799992427649E+06,  2.643285229220E-06
  6.852106454699E+05,  2.274327071181E+03,  2.274578765970E+03,  2.699357633694E+01,  8.085826711960E+02,  7.815483171165E+02,  1.273708682878E-01,NaN,NaN,  3.916183983918E-02,  5.964856100807E+16,  1.149158609121E+19,  2.612354019752E+20,  2.302831550954E+19,  6.614540482619E+20,  2.183897835605E+20,  2.137339876347E+13,  4.813213809078E+02,  2.873726212896E+02,  1.841035401857E+02,NaN,  9.845215321595E+00,NaN,  4.110867407030E-06,  2.763065670581E-02,NaN,  5.807754453594E+06,  2.685848424851E-06
  7.200577410099E+05,  2.268638018404E+03,  2.268860050369E+03,  2.271402393978E+01,  7.766013765218E+02,  7.538520198960E+02,  1.248081125796E-01,NaN,NaN,  4.105544017953E-02,  5.989557941279E+16,  1.122054135145E+19,  2.614982360201E+20,  2.334633218254E+19,  6.570457015450E+20,  2.225134893605E+20,  2.190461207278E+13,  4.886500845890E+02,  2.945231514462E+02,  1.842887703566E+02,NaN,  9.838158573160E+00,NaN,  4.213038685616E-06,  2.749652723940E-02,NaN,  5.815569684896E+06,  2.729893189412E-06
  7.567581558074E+05,  2.262726277893E+03,  2.262953462697E+03,  2.328759571782E+01,  7.505692040367E+02,  7.272446651836E+02,  1.221934927286E-01,NaN,NaN,  4.097358048637E-02,  6.006961222052E+16,  1.102910295587E+19,  2.616812055487E+20,  2.357478302191E+19,  6.538459342479E+20,  2.255185529348E+20,  2.247798749489E+13,  4.940021051273E+02,  2.997535629188E+02,  1.844177166544E+02,NaN,  9.830821230721E+00,NaN,  4.323319243278E-06,  2.740082723505E-02,NaN,  5.823622486474E+06,  2.776572664695E-06
  7.947854327900E+05,  2.257058390241E+03,  2.257299362448E+03,  2.505361549698E+01,  7.270108704714E+02,  7.019168243298E+02,  1.197252613258E-01,NaN,NaN,  4.039669520096E-02,  6.022639724852E+16,  1.085640668202E+19,  2.618452372229E+20,  2.378382788456E+19,  6.508794909597E+20,  2.282976630718E+20,  2.306001480416E+13,  4.989536979812E+02,  3.045970527775E+02,  1.845333166524E+02,NaN,  9.823324116036E+00,NaN,  4.435263867629E-06,  2.731394572979E-02,NaN,  5.831312866321E+06,  2.822425469942E-06
  8.351651159195E+05,  2.251227290138E+03,  2.251431810973E+03,  2.001771777361E+01,  6.973337571181E+02,  6.772827196582E+02,  1.172071400988E-01,NaN,NaN,  4.291136066678E-02,  6.047223035827E+16,  1.058567718483E+19,  2.621067847874E+20,  2.411666650273E+19,  6.460479379029E+20,  2.328171820030E+20,  2.371376269330E+13,  5.069681599478E+02,  3.124350511733E+02,  1.847176401866E+02,NaN,  9.815464026963E+00,NaN,  4.561002919224E-06,  2.717664156821E-02,NaN,  5.839274823332E+06,  2.871259395297E-06
  8.770179592057E+05,  2.245572094476E+03,  2.245788933662E+03,  2.152143459237E+01,  6.754552899104E+02,  6.538974093601E+02,  1.147939909712E-01,NaN,NaN,  4.231709452294E-02,  6.062436595451E+16,  1.041763819138E+19,  2.622655056461E+20,  2.432678759259E+19,  6.429617897343E+20,  2.357019843093E+20,  2.437162930162E+13,  5.121019233541E+02,  3.174649909512E+02,  1.848294974302E+02,NaN,  9.807430285184E+00,NaN,  4.687534147516E-06,  2.709072613236E-02,NaN,  5.846913960975E+06,  2.919465236463E-06
  9.212972721323E+05,  2.239885241227E+03,  2.240070253217E+03,  1.731765061920E+01,  6.485989164260E+02,  6.312510679318E+02,  1.123954059009E-01,NaN,NaN,  4.487042581806E-02,  6.085659763153E+16,  1.016121286082E+19,  2.625121057255E+20,  2.465248110145E+19,  6.380749245383E+20,  2.402659739725E+20,  2.509384177065E+13,  5.201864701863E+02,  3.253841358510E+02,  1.850032868449E+02,NaN,  9.799042663955E+00,NaN,  4.826441381351E-06,  2.695861712853E-02,NaN,  5.854637826969E+06,  2.969603470639E-06
  9.676533383770E+05,  2.234220087451E+03,  2.234417313164E+03,  1.875201865282E+01,  6.282870704205E+02,  6.095017786406E+02,  1.100531934413E-01,NaN,NaN,  4.417380387009E-02,  6.100326152941E+16,  9.998764318978E+18,  2.626644727604E+20,  2.486207950480E+19,  6.348890317966E+20,  2.432356823746E+20,  2.584230758491E+13,  5.254666677287E+02,  3.305656154039E+02,  1.851106662825E+02,NaN,  9.790381071883E+00,NaN,  4.970398070466E-06,  2.687432219210E-02,NaN,  5.862255261353E+06,  3.020479867126E-06
  1.016324538570E+06,  2.228626450037E+03,  2.228795236234E+03,  1.514994446044E+01,  6.037416800493E+02,  5.885640593476E+02,  1.077534577978E-01,NaN,NaN,  4.679238450725E-02,  6.122476680904E+16,  9.753542306579E+18,  2.628991548337E+20,  2.518342875986E+19,  6.299046625082E+20,  2.478827843989E+20,  2.665004870428E+13,  5.336902909590E+02,  3.386328191095E+02,  1.852760565787E+02,NaN,  9.781410145065E+00,NaN,  5.125755516311E-06,  2.674613377788E-02,NaN,  5.869813772306E+06,  3.072419223313E-06
  1.067419190699E+06,  2.223002074302E+03,  2.223183943059E+03,  1.663999548659E+01,  5.850096860471E+02,  5.683387505894E+02,  1.054756463657E-01,NaN,NaN,  4.590438626662E-02,  6.136536380881E+16,  9.597379072428E+18,  2.630444644115E+20,  2.539110262196E+19,  6.266367106082E+20,  2.509180145920E+20,  2.749708381116E+13,  5.390831145631E+02,  3.439325267304E+02,  1.853784623304E+02,NaN,  9.772120213709E+00,NaN,  5.288670598373E-06,  2.666400392775E-02,NaN,  5.877340606541E+06,  3.125637941478E-06
  1.122085870440E+06,  2.217374799366E+03,  2.217529838742E+03,  1.337222086219E+01,  5.619716776611E+02,  5.485738481401E+02,  1.032252580970E-01,NaN,NaN,  4.869538001488E-02,  6.158281789758E+16,  9.356016615131E+18,  2.632742736362E+20,  2.571713784351E+19,  6.214071341766E+20,  2.557840924725E+20,  2.842556454978E+13,  5.476862526331E+02,  3.523835100024E+02,  1.855404185259E+02,NaN,  9.762318637551E+00,NaN,  5.467250582243E-06,  2.653611731786E-02,NaN,  5.884907566705E+06,  3.180704352164E-06
  1.178478259042E+06,  2.211779358450E+03,  2.211947850519E+03,  1.485483072365E+01,  5.447755221817E+02,  5.298917540814E+02,  1.010320990454E-01,NaN,NaN,  4.763882558684E-02,  6.171600091196E+16,  9.207658469304E+18,  2.634109369675E+20,  2.592032634123E+19,  6.180949387418E+20,  2.588473148303E+20,  2.939104182300E+13,  5.531265110396E+02,  3.577374284389E+02,  1.856367309051E+02,NaN,  9.752346042620E+00,NaN,  5.652946320139E-06,  2.645712290326E-02,NaN,  5.892361036370E+06,  3.236537310683E-06
  1.239183648436E+06,  2.205939698663E+03,  2.206083756914E+03,  1.198048520957E+01,  5.222941447188E+02,  5.102895911585E+02,  9.875231492263E-02,NaN,NaN,  5.050251665051E-02,  6.193926921584E+16,  8.959243381441E+18,  2.636468363137E+20,  2.626620486806E+19,  6.123604362665E+20,  2.641837506575E+20,  3.049996965084E+13,  5.625485401393E+02,  3.670037905083E+02,  1.858029790645E+02,NaN,  9.741764700214E+00,NaN,  5.866232719493E-06,  2.632371033391E-02,NaN,  5.900173088217E+06,  3.296819831246E-06
  1.301353487586E+06,  2.200288118405E+03,  2.200441749668E+03,  1.297581661187E+01,  5.060400190601E+02,  4.930376583958E+02,  9.658470741773E-02,NaN,NaN,  4.972722122010E-02,  6.207157568932E+16,  8.811461330375E+18,  2.637820393184E+20,  2.647473565549E+19,  6.088353654870E+20,  2.674350480239E+20,  3.162921110690E+13,  5.683166580480E+02,  3.726873084385E+02,  1.858982622904E+02,NaN,  9.731081235629E+00,NaN,  6.083426154555E-06,  2.624404026961E-02,NaN,  5.907671829741E+06,  3.356450053429E-06
  1.367191687665E+06,  2.194806086071E+03,  2.194936176432E+03,  1.033394615911E+01,  4.866971507443E+02,  4.763414804121E+02,  9.451161432236E-02,NaN,NaN,  5.287230144884E-02,  6.227032209889E+16,  8.589682310012E+18,  2.639905840016E+20,  2.679253442328E+19,  6.033711194527E+20,  2.724960901800E+20,  3.283307294231E+13,  5.772506208227E+02,  3.814854535375E+02,  1.860452324720E+02,NaN,  9.719928498192E+00,NaN,  6.314971751795E-06,  2.612360896894E-02,NaN,  5.914972796773E+06,  3.416235324071E-06
  1.436024469540E+06,  2.189267585887E+03,  2.189412355450E+03,  1.184643312614E+01,  4.721325607827E+02,  4.602607964631E+02,  9.245705369987E-02,NaN,NaN,  5.132618050865E-02,  6.239111686326E+16,  8.454325508104E+18,  2.641123478589E+20,  2.698871199866E+19,  5.999289577958E+20,  2.756457487835E+20,  3.411224849985E+13,  5.828410524883E+02,  3.870015719535E+02,  1.861310445672E+02,NaN,  9.708429406621E+00,NaN,  6.561002865778E-06,  2.604997658065E-02,NaN,  5.922281696132E+06,  3.477860192507E-06
  1.509379385121E+06,  2.183739859921E+03,  2.183861705203E+03,  9.357026638532E+00,  4.538493982718E+02,  4.444717865606E+02,  9.041245978400E-02,NaN,NaN,  5.469153862873E-02,  6.258783613912E+16,  8.234249405676E+18,  2.643180340027E+20,  2.731262756103E+19,  5.941652013037E+20,  2.809715416362E+20,  3.552195664014E+13,  5.922354009089E+02,  3.962630457945E+02,  1.862760002162E+02,NaN,  9.696348066073E+00,NaN,  6.832140054180E-06,  2.592921044074E-02,NaN,  5.929609737706E+06,  3.541499268357E-06
  1.585672022889E+06,  2.178301303659E+03,  2.178441167225E+03,  1.117922489538E+01,  4.406810482405E+02,  4.294768088627E+02,  8.844086450651E-02,NaN,NaN,  5.254630637858E-02,  6.269982461310E+16,  8.108362277036E+18,  2.644292188490E+20,  2.749985019164E+19,  5.907531972831E+20,  2.840653547600E+20,  3.698353154477E+13,  5.977294231226E+02,  4.016910958289E+02,  1.863543568389E+02,NaN,  9.683963341493E+00,NaN,  7.113253072510E-06,  2.586020624839E-02,NaN,  5.936750231020E+06,  3.605364618855E-06
  1.666497866612E+06,  2.172667422649E+03,  2.172789200268E+03,  9.236460737255E+00,  4.232879149328E+02,  4.140300947170E+02,  8.643165385753E-02,NaN,NaN,  5.537467387161E-02,  6.289509339180E+16,  7.889366586147E+18,  2.646327459985E+20,  2.783065600258E+19,  5.846635521396E+20,  2.896840759426E+20,  3.866141704966E+13,  6.076325118232E+02,  4.114636885043E+02,  1.864977909542E+02,NaN,  9.671024928763E+00,NaN,  7.435970339479E-06,  2.573882329965E-02,NaN,  5.944179044290E+06,  3.673829853604E-06
  1.750790498793E+06,  2.167063594435E+03,  2.167197794144E+03,  1.044794777611E+01,  4.104830482323E+02,  4.000105963353E+02,  8.446224337225E-02,NaN,NaN,  5.394731951457E-02,  6.301012511637E+16,  7.759751654345E+18,  2.647465182806E+20,  2.802857015803E+19,  5.809285846336E+20,  2.930645497124E+20,  4.043594079492E+13,  6.136282161578E+02,  4.173925007169E+02,  1.865779710513E+02,NaN,  9.657736612355E+00,NaN,  7.777274589127E-06,  2.566709763655E-02,NaN,  5.951511695773E+06,  3.743511750017E-06
  1.838919036002E+06,  2.161504140649E+03,  2.161612829941E+03,  7.837932394846E+00,  3.944824344023E+02,  3.866256129241E+02,  8.252304005464E-02,NaN,NaN,  5.824176615106E-02,  6.319781260856E+16,  7.548699872575E+18,  2.649411268891E+20,  2.835561349870E+19,  5.746863642621E+20,  2.988070340445E+20,  4.239451416656E+13,  6.237437699370E+02,  4.273846043753E+02,  1.867151198968E+02,NaN,  9.644037510971E+00,NaN,  8.153978150729E-06,  2.554906700487E-02,NaN,  5.958819510281E+06,  3.815121582204E-06
  1.932543702014E+06,  2.156202335822E+03,  2.156296206594E+03,  6.407527320009E+00,  3.800196616258E+02,  3.735963126499E+02,  8.070697722043E-02,NaN,NaN,  6.153032526092E-02,  6.336969893269E+16,  7.355037852157E+18,  2.651175493730E+20,  2.866030798209E+19,  5.687308277581E+20,  3.042494629015E+20,  4.442183396475E+13,  6.333358253044E+02,  4.368666596568E+02,  1.868394522177E+02,NaN,  9.629704885964E+00,NaN,  8.543904103744E-06,  2.544042656774E-02,NaN,  5.965761038375E+06,  3.885223747538E-06
  2.029719116206E+06,  2.150592307686E+03,  2.150698387919E+03,  7.493665195419E+00,  3.685955816692E+02,  3.610830477141E+02,  7.882534142686E-02,NaN,NaN,  5.945514881982E-02,  6.347784206895E+16,  7.232595079299E+18,  2.652223803477E+20,  2.885418205526E+19,  5.648361783533E+20,  3.077398196095E+20,  4.671562474735E+13,  6.395250878383E+02,  4.429967176301E+02,  1.869133310007E+02,NaN,  9.615030222439E+00,NaN,  8.985081937512E-06,  2.537193408013E-02,NaN,  5.973053766674E+06,  3.961146386237E-06
  2.133586047400E+06,  2.145200074281E+03,  2.145290460055E+03,  6.015187670670E+00,  3.548268026799E+02,  3.487960730971E+02,  7.703619460301E-02,NaN,NaN,  6.311029202368E-02,  6.364878899127E+16,  7.039500547527E+18,  2.653968136126E+20,  2.916491501450E+19,  5.585414084804E+20,  3.134751317786E+20,  4.917458599339E+13,  6.496279827202E+02,  4.529921304904E+02,  1.870362614357E+02,NaN,  9.599581336139E+00,NaN,  9.458027946398E-06,  2.526281992844E-02,NaN,  5.980083635217E+06,  4.036627413142E-06
  2.241695922523E+06,  2.139592723979E+03,  2.139697677904E+03,  7.293355400992E+00,  3.442055790493E+02,  3.368930119652E+02,  7.519922104882E-02,NaN,NaN,  6.043946291995E-02,  6.375300905173E+16,  6.921145344826E+18,  2.654960586851E+20,  2.935648785383E+19,  5.545385893981E+20,  3.170282325528E+20,  5.192288833548E+13,  6.559304500694E+02,  4.592405019666E+02,  1.871062035992E+02,NaN,  9.583734516958E+00,NaN,  9.986624574748E-06,  2.519633807012E-02,NaN,  5.987337856954E+06,  4.116977441457E-06
  2.354079954126E+06,  2.134129635226E+03,  2.134217610537E+03,  5.726911598530E+00,  3.311559309771E+02,  3.254135397235E+02,  7.344194620648E-02,NaN,NaN,  6.451929584519E-02,  6.392223994959E+16,  6.729523675837E+18,  2.656679902226E+20,  2.967176393562E+19,  5.479206856489E+20,  3.230492683184E+20,  5.492718126105E+13,  6.665288540085E+02,  4.697339674543E+02,  1.872273709620E+02,NaN,  9.567505027778E+00,NaN,  1.056445732870E-05,  2.508726351736E-02,NaN,  5.994430207960E+06,  4.198050702933E-06
  2.472475534459E+06,  2.128690501462E+03,  2.128796546279E+03,  7.299151208582E+00,  3.218565214682E+02,  3.145372529044E+02,  7.172735992124E-02,NaN,NaN,  6.101918142350E-02,  6.401317026900E+16,  6.625844845282E+18,  2.657512681985E+20,  2.984284019066E+19,  5.441833935406E+20,  3.263043883703E+20,  5.814943667674E+13,  6.723157833458E+02,  4.754790437080E+02,  1.872860604430E+02,NaN,  9.550668010485E+00,NaN,  1.118421204868E-05,  2.502905919616E-02,NaN,  6.001430983906E+06,  4.280619190680E-06
  2.598831767289E+06,  2.123018772657E+03,  2.123102171425E+03,  5.262290751265E+00,  3.090981935583E+02,  3.038210526627E+02,  6.995894065448E-02,NaN,NaN,  6.656318399853E-02,  6.418676706831E+16,  6.428797954566E+18,  2.659267209005E+20,  3.017368226162E+19,  5.369804598647E+20,  3.328424434082E+20,  6.195375134433E+13,  6.838170757895E+02,  4.868744027466E+02,  1.874097093180E+02,NaN,  9.532951808911E+00,NaN,  1.191591753670E-05,  2.491620289402E-02,NaN,  6.008768473727E+06,  4.369984698183E-06
  2.730681524281E+06,  2.117591651626E+03,  2.117663853424E+03,  4.313279596956E+00,  2.975112558516E+02,  2.931855420086E+02,  6.829054784662E-02,NaN,NaN,  7.030556309718E-02,  6.434681676854E+16,  6.246769956129E+18,  2.660865211470E+20,  3.048342320385E+19,  5.300629299216E+20,  3.390795044848E+20,  6.598591863551E+13,  6.947937767286E+02,  4.977566752117E+02,  1.875223272515E+02,NaN,  9.514761574035E+00,NaN,  1.269144721640E-05,  2.481180655996E-02,NaN,  6.015760538489E+06,  4.457949039142E-06
  2.869381010171E+06,  2.111822981325E+03,  2.111906196386E+03,  5.175205692288E+00,  2.883899999177E+02,  2.831994878952E+02,  6.655634316932E-02,NaN,NaN,  6.753417690192E-02,  6.444548358273E+16,  6.133858731502E+18,  2.661764009991E+20,  3.067566278719E+19,  5.255965614405E+20,  3.429678275872E+20,  7.068154839911E+13,  7.016897243994E+02,  5.046081419025E+02,  1.875856693515E+02,NaN,  9.495899550771E+00,NaN,  1.359458440877E-05,  2.474778670981E-02,NaN,  6.023146748552E+06,  4.553976496338E-06
  3.014281708956E+06,  2.106448004881E+03,  2.106516160674E+03,  3.939230477552E+00,  2.777834509366E+02,  2.738323426022E+02,  6.497224293225E-02,NaN,NaN,  7.266757542374E-02,  6.459740467543E+16,  5.960567500327E+18,  2.663258735866E+20,  3.097581410622E+19,  5.186120372896E+20,  3.492200485661E+20,  7.565493831373E+13,  7.126947654754E+02,  5.155272376401E+02,  1.876910089506E+02,NaN,  9.476504333617E+00,NaN,  1.455114479155E-05,  2.464810028237E-02,NaN,  6.030046091273E+06,  4.646680331663E-06
  3.167056107815E+06,  2.099730960193E+03,  2.099851379618E+03,  8.343653675200E+00,  2.732077158910E+02,  2.648371089472E+02,  6.302914183397E-02,NaN,NaN,  6.061632041161E-02,  6.472887939834E+16,  5.810179326385E+18,  2.664515385457E+20,  3.123875634233E+19,  5.123629545053E+20,  3.548040642951E+20,  8.256371286742E+13,  7.225405132199E+02,  5.253045661752E+02,  1.877795703159E+02,NaN,  9.456360848884E+00,NaN,  1.587994871504E-05,  2.456134611173E-02,NaN,  6.038556792380E+06,  4.765223483998E-06
  3.327153630641E+06,  2.082282720523E+03,  2.082496383557E+03,  1.752641376964E+01,  2.736489744837E+02,  2.560606371777E+02,  5.819015880023E-02,NaN,NaN,  5.120184620102E-02,  6.513993176413E+16,  5.341947769257E+18,  2.668947839064E+20,  3.208935433543E+19,  4.922850130911E+20,  3.741712314752E+20,  1.062390797246E+14,  7.563020772412E+02,  5.587742364157E+02,  1.880919439048E+02,NaN,  9.435876487173E+00,NaN,  2.043356674461E-05,  2.428028513385E-02,NaN,  6.060613623151E+06,  5.095704884087E-06
  3.493547628412E+06,  2.049498337338E+03,  2.049802506013E+03,  2.685643630469E+01,  2.743047698327E+02,  2.473386994750E+02,  4.978980230069E-02,NaN,NaN,  4.756805480299E-02,  6.574766214192E+16,  4.646982221080E+18,  2.675658172746E+20,  3.340546189112E+19,  4.589709533534E+20,  4.071989611948E+20,  1.911629749052E+14,  8.136989601523E+02,  6.157182000273E+02,  1.885648492527E+02,NaN,  9.415874104773E+00,NaN,  3.676746275429E-05,  2.385384424138E-02,NaN,  6.101757718771E+06,  5.816726945493E-06
  3.668238733672E+06,  1.997316671162E+03,  1.997731095630E+03,  3.564029497233E+01,  2.752476718393E+02,  2.394231137938E+02,  3.849787567361E-02,NaN,NaN,  4.883749603103E-02,  6.662655292582E+16,  3.634251545009E+18,  2.685564789794E+20,  3.540332606724E+19,  4.003820296858E+20,  4.661705761544E+20,  8.013167342636E+14,  9.159030847830E+02,  7.172430112925E+02,  1.892630100901E+02,NaN,  9.396909278654E+00,NaN,  1.541218073010E-04,  2.322244517361E-02,NaN,  6.166210976645E+06,  8.576766172396E-06
  3.851945558127E+06,  1.904643866622E+03,  1.905306821777E+03,  4.366523759149E+01,  2.763416359972E+02,  2.318336319620E+02,  2.549795797664E-02,NaN,NaN,  6.376723926465E-02,  6.765999152065E+16,  2.426718967924E+18,  2.697448324694E+20,  3.772574481246E+19,  3.091165814221E+20,  5.595623647265E+20,  1.981126201479E+17,  1.077430318284E+03,  8.779122044598E+02,  1.901004926167E+02,NaN,  9.379517080414E+00,NaN,  3.810412756997E-02,  2.246270687336E-02,NaN,  6.257977460517E+06,  3.054182697529E-05
  4.000293921217E+06,  1.418798774435E+03,  1.660000062934E+03,  1.944985538133E-01,  2.778634364768E+02,  2.260502950543E+02,  6.219811594283E-03,NaN,NaN,  5.208498427554E+03,  6.921704022504E+16,  5.842458945673E+17,  2.715743199060E+20,  4.150509090156E+19,  9.569390700342E+19,  7.727500368042E+20,  5.443343564032E+20,  1.549871792600E+03,  1.244418466674E+03,  1.913898091154E+02,NaN,  9.368592571694E+00,NaN,  1.046949242387E+02,  2.207293860436E-02,NaN,  6.315623905201E+06,  6.055294230392E+12
