t(yr),T_surf(K),T_pot(K),flux_surf(W/m2),flux_OLR(W/m2),flux_ASR(W/m2),phi(vol_frac),fO2_solid(bar),fO2_melt(bar),thick_surf_bl(m),massC_solid(kg),massC_melt(kg),massC_atm(kg),massH_solid(kg),massH_melt(kg),massH_atm(kg),massO_atm(kg),p_surf(bar),p_H2O(bar),p_CO2(bar),p_CO(bar),p_H2(bar),p_CH4(bar),p_O2(bar),mmw(kg/mol),R_trans(m),R_solid(m),viscosity(Pa.s)
  1.998401444325E-05,  3.598872304603E+03,  3.599999999976E+03,  3.681483621620E+02,  3.050659029608E+05,  9.918599818371E+02,  9.305230993257E-01,NaN,NaN,  1.286524959376E-02,  4.084955739974E+15,  6.612802035931E+19,  2.067843814674E+20,  3.437388603324E+17,  4.625986909267E+20,  5.905832702980E+19,  1.050067749980E+13,  1.678738807258E+02,  1.214425555625E+01,  1.457296231499E+02,NaN,  1.000000000000E+01,NaN,  2.019655056426E-06,  3.962778705426E-02,NaN,  3.504050000000E+06,  4.266428405037E-07
  3.996802888651E-05,  3.598744660801E+03,  3.599999999948E+03,  4.247322492355E+02,  3.049994453232E+05,  9.918599818371E+02,  9.305230993139E-01,NaN,NaN,  1.241352505126E-02,  4.084955740685E+15,  6.612802035867E+19,  2.067843814681E+20,  3.437388603955E+17,  4.625986909265E+20,  5.905832702979E+19,  1.050067749980E+13,  1.678738807264E+02,  1.214425555645E+01,  1.457296231504E+02,NaN,  9.999999999976E+00,NaN,  2.019655056426E-06,  3.962778705425E-02,NaN,  3.504050000000E+06,  4.266428405118E-07
  5.995204332976E-05,  3.598617069407E+03,  3.599999999916E+03,  4.832452769780E+02,  3.049330270931E+05,  9.918599818371E+02,  9.305230993004E-01,NaN,NaN,  1.201937900319E-02,  4.084955741494E+15,  6.612802035795E+19,  2.067843814688E+20,  3.437388604672E+17,  4.625986909263E+20,  5.905832702974E+19,  1.050067749980E+13,  1.678738807271E+02,  1.214425555668E+01,  1.457296231509E+02,NaN,  9.999999999941E+00,NaN,  2.019655056426E-06,  3.962778705425E-02,NaN,  3.504050000000E+06,  4.266428405211E-07
  1.000905685107E-04,  3.598360942008E+03,  3.599999999841E+03,  6.061212518268E+02,  3.047997354856E+05,  9.918599818371E+02,  9.305230992688E-01,NaN,NaN,  1.135753428559E-02,  4.084955743395E+15,  6.612802035624E+19,  2.067843814705E+20,  3.437388606357E+17,  4.625986909258E+20,  5.905832702993E+19,  1.050067749980E+13,  1.678738807289E+02,  1.214425555722E+01,  1.457296231521E+02,NaN,  9.999999999917E+00,NaN,  2.019655056426E-06,  3.962778705421E-02,NaN,  3.504050000000E+06,  4.266428405429E-07
  1.402290936916E-04,  3.598105010168E+03,  3.599999999751E+03,  7.354891050290E+02,  3.046665944074E+05,  9.918599818371E+02,  9.305230992308E-01,NaN,NaN,  1.082131087015E-02,  4.084955745678E+15,  6.612802035419E+19,  2.067843814725E+20,  3.437388608380E+17,  4.625986909252E+20,  5.905832703018E+19,  1.050067749980E+13,  1.678738807309E+02,  1.214425555787E+01,  1.457296231535E+02,NaN,  9.999999999893E+00,NaN,  2.019655056426E-06,  3.962778705417E-02,NaN,  3.504050000000E+06,  4.266428405690E-07
  1.803676188725E-04,  3.597849294331E+03,  3.599999999644E+03,  8.707129797346E+02,  3.045336143611E+05,  9.918599818371E+02,  9.305230991857E-01,NaN,NaN,  1.037421345935E-02,  4.084955748392E+15,  6.612802035175E+19,  2.067843814749E+20,  3.437388610785E+17,  4.625986909245E+20,  5.905832703051E+19,  1.050067749980E+13,  1.678738807333E+02,  1.214425555864E+01,  1.457296231552E+02,NaN,  9.999999999869E+00,NaN,  2.019655056426E-06,  3.962778705412E-02,NaN,  3.504050000000E+06,  4.266428406000E-07
  2.438722219091E-04,  3.597445184760E+03,  3.599999999437E+03,  1.095417508017E+03,  3.043235641784E+05,  9.918599818371E+02,  9.305230990983E-01,NaN,NaN,  9.795554266890E-03,  4.084955753645E+15,  6.612802034704E+19,  2.067843814796E+20,  3.437388615440E+17,  4.625986909231E+20,  5.905832703118E+19,  1.050067749980E+13,  1.678738807381E+02,  1.214425556013E+01,  1.457296231585E+02,NaN,  9.999999999831E+00,NaN,  2.019655056426E-06,  3.962778705402E-02,NaN,  3.504050000000E+06,  4.266428406601E-07
  3.073768249456E-04,  3.597041661365E+03,  3.599999999182E+03,  1.331979358842E+03,  3.041139398025E+05,  9.918599818371E+02,  9.305230989906E-01,NaN,NaN,  9.328236767735E-03,  4.084955760123E+15,  6.612802034123E+19,  2.067843814853E+20,  3.437388621181E+17,  4.625986909215E+20,  5.905832703205E+19,  1.050067749980E+13,  1.678738807440E+02,  1.214425556197E+01,  1.457296231625E+02,NaN,  9.999999999793E+00,NaN,  2.019655056426E-06,  3.962778705390E-02,NaN,  3.504050000000E+06,  4.266428407343E-07
  4.134855572092E-04,  3.596368771000E+03,  3.599999998641E+03,  1.750538937572E+03,  3.037646523446E+05,  9.918599818371E+02,  9.305230987624E-01,NaN,NaN,  8.712263271198E-03,  4.084955773847E+15,  6.612802032892E+19,  2.067843814976E+20,  3.437388633342E+17,  4.625986909179E+20,  5.905832703400E+19,  1.050067749980E+13,  1.678738807564E+02,  1.214425556587E+01,  1.457296231712E+02,NaN,  9.999999999730E+00,NaN,  2.019655056426E-06,  3.962778705364E-02,NaN,  3.504050000000E+06,  4.266428408913E-07
  5.195942894728E-04,  3.595697616562E+03,  3.599999997949E+03,  2.194719467244E+03,  3.034166008144E+05,  9.918599818371E+02,  9.305230984707E-01,NaN,NaN,  8.233399345690E-03,  4.084955791391E+15,  6.612802031320E+19,  2.067843815132E+20,  3.437388648889E+17,  4.625986909134E+20,  5.905832703657E+19,  1.050067749980E+13,  1.678738807724E+02,  1.214425557085E+01,  1.457296231822E+02,NaN,  9.999999999667E+00,NaN,  2.019655056426E-06,  3.962778705330E-02,NaN,  3.504050000000E+06,  4.266428410920E-07
  6.917995222643E-04,  3.594612217847E+03,  3.599999996485E+03,  2.962421150451E+03,  3.028544348824E+05,  9.918599818371E+02,  9.305230978529E-01,NaN,NaN,  7.638573022490E-03,  4.084955828545E+15,  6.612802027990E+19,  2.067843815464E+20,  3.437388681813E+17,  4.625986909039E+20,  5.905832704218E+19,  1.050067749980E+13,  1.678738808062E+02,  1.214425558141E+01,  1.457296232056E+02,NaN,  9.999999999564E+00,NaN,  2.019655056426E-06,  3.962778705257E-02,NaN,  3.504050000000E+06,  4.266428415171E-07
  1.056629169161E-03,  3.592329034479E+03,  3.599999991871E+03,  4.744967417005E+03,  3.016747421176E+05,  9.918599818371E+02,  9.305230959060E-01,NaN,NaN,  6.789935149258E-03,  4.084955945632E+15,  6.612802017499E+19,  2.067843816510E+20,  3.437388785570E+17,  4.625986908740E+20,  5.905832706041E+19,  1.050067749980E+13,  1.678738809130E+02,  1.214425561469E+01,  1.457296232793E+02,NaN,  9.999999999347E+00,NaN,  2.019655056426E-06,  3.962778705026E-02,NaN,  3.504050000000E+06,  4.266428428566E-07
  1.421458816057E-03,  3.590069160409E+03,  3.599999985009E+03,  6.694953346823E+03,  3.005108860834E+05,  9.918599818371E+02,  9.305230930104E-01,NaN,NaN,  6.229985656017E-03,  4.084956119777E+15,  6.612802001898E+19,  2.067843818066E+20,  3.437388939889E+17,  4.625986908296E+20,  5.905832708808E+19,  1.050067749980E+13,  1.678738810719E+02,  1.214425566418E+01,  1.457296233890E+02,NaN,  9.999999999130E+00,NaN,  2.019655056426E-06,  3.962778704680E-02,NaN,  3.504050000000E+06,  4.266428448490E-07
  1.786288462953E-03,  3.587833668676E+03,  3.599999975710E+03,  8.776314315924E+03,  2.993632902512E+05,  9.918599818371E+02,  9.305230890870E-01,NaN,NaN,  5.822317627335E-03,  4.084956355737E+15,  6.612801980762E+19,  2.067843820175E+20,  3.437389148983E+17,  4.625986907696E+20,  5.905832712597E+19,  1.050067696295E+13,  1.678738812874E+02,  1.214425573125E+01,  1.457296235376E+02,NaN,  9.999999998913E+00,NaN,  2.019654953171E-06,  3.962778704210E-02,NaN,  3.504050000000E+06,  4.266428475485E-07
  2.151118109849E-03,  3.585623350316E+03,  3.599999963832E+03,  1.096417439837E+04,  2.982322288749E+05,  9.918599818371E+02,  9.305230840750E-01,NaN,NaN,  5.507188646680E-03,  4.084956657164E+15,  6.612801953763E+19,  2.067843822870E+20,  3.437389416091E+17,  4.625986906928E+20,  5.905832717469E+19,  1.050067696295E+13,  1.678738815628E+02,  1.214425581692E+01,  1.457296237275E+02,NaN,  9.999999998696E+00,NaN,  2.019654953171E-06,  3.962778703607E-02,NaN,  3.504050000000E+06,  4.266428509970E-07
  2.515947756746E-03,  3.583438812047E+03,  3.599999949258E+03,  1.323998044056E+04,  2.971178792177E+05,  9.918599818371E+02,  9.305230779258E-01,NaN,NaN,  5.253540713281E-03,  4.084957026987E+15,  6.612801920638E+19,  2.067843826177E+20,  3.437389743808E+17,  4.625986905988E+20,  5.905832723471E+19,  1.050067642610E+13,  1.678738819008E+02,  1.214425592203E+01,  1.457296239606E+02,NaN,  9.999999998479E+00,NaN,  2.019654849915E-06,  3.962778702867E-02,NaN,  3.504050000000E+06,  4.266428552279E-07
  2.880777403642E-03,  3.581280533022E+03,  3.599999931894E+03,  1.558917021565E+04,  2.960203519801E+05,  9.918599818371E+02,  9.305230705991E-01,NaN,NaN,  5.043339329494E-03,  4.084957467630E+15,  6.612801881171E+19,  2.067843830118E+20,  3.437390134280E+17,  4.625986904867E+20,  5.905832730645E+19,  1.050067642610E+13,  1.678738823035E+02,  1.214425604727E+01,  1.457296242383E+02,NaN,  9.999999998261E+00,NaN,  2.019654849915E-06,  3.962778701985E-02,NaN,  3.504050000000E+06,  4.266428602691E-07
  3.245607050538E-03,  3.579148894872E+03,  3.599999911659E+03,  1.799990100330E+04,  2.949397076166E+05,  9.918599818371E+02,  9.305230620610E-01,NaN,NaN,  4.865264008360E-03,  4.084957981128E+15,  6.612801835180E+19,  2.067843834710E+20,  3.437390589312E+17,  4.625986903561E+20,  5.905832739024E+19,  1.050067562082E+13,  1.678738827728E+02,  1.214425619322E+01,  1.457296245619E+02,NaN,  9.999999998044E+00,NaN,  2.019654695032E-06,  3.962778700955E-02,NaN,  3.504050000000E+06,  4.266428661438E-07
  3.610436697434E-03,  3.577044198909E+03,  3.599999888485E+03,  2.046229091166E+04,  2.938759658524E+05,  9.918599818371E+02,  9.305230522829E-01,NaN,NaN,  4.711784063515E-03,  4.084958569198E+15,  6.612801782510E+19,  2.067843839969E+20,  3.437391110426E+17,  4.625986902066E+20,  5.905832748636E+19,  1.050067535240E+13,  1.678738833104E+02,  1.214425636037E+01,  1.457296249325E+02,NaN,  9.999999997827E+00,NaN,  2.019654643404E-06,  3.962778699776E-02,NaN,  3.504050000000E+06,  4.266428728716E-07
  3.975266344331E-03,  3.574966677928E+03,  3.599999862316E+03,  2.296793368068E+04,  2.928291122950E+05,  9.918599818371E+02,  9.305230412409E-01,NaN,NaN,  4.577659265667E-03,  4.084959233285E+15,  6.612801723032E+19,  2.067843845908E+20,  3.437391698901E+17,  4.625986900378E+20,  5.905832759506E+19,  1.050067481555E+13,  1.678738839175E+02,  1.214425654912E+01,  1.457296253511E+02,NaN,  9.999999997610E+00,NaN,  2.019654540149E-06,  3.962778698443E-02,NaN,  3.504050000000E+06,  4.266428804691E-07
  4.547232069777E-03,  3.571764706514E+03,  3.599999815149E+03,  2.696619933574E+04,  2.912217713370E+05,  9.918599818371E+02,  9.305230213395E-01,NaN,NaN,  4.397633303540E-03,  4.084960430197E+15,  6.612801615835E+19,  2.067843856613E+20,  3.437392759535E+17,  4.625986897335E+20,  5.905832779123E+19,  1.050067374185E+13,  1.678738850117E+02,  1.214425688932E+01,  1.457296261055E+02,NaN,  9.999999997269E+00,NaN,  2.019654333638E-06,  3.962778696040E-02,NaN,  3.504050000000E+06,  4.266428941623E-07
  5.119197795223E-03,  3.568630364253E+03,  3.599999760361E+03,  3.102953937536E+04,  2.896555435151E+05,  9.918599818371E+02,  9.305229982221E-01,NaN,NaN,  4.246001271901E-03,  4.084961820526E+15,  6.612801491315E+19,  2.067843869047E+20,  3.437393991562E+17,  4.625986893802E+20,  5.905832801938E+19,  1.050067239972E+13,  1.678738862829E+02,  1.214425728449E+01,  1.457296269818E+02,NaN,  9.999999996929E+00,NaN,  2.019654075499E-06,  3.962778693247E-02,NaN,  3.504050000000E+06,  4.266429100683E-07
  5.691163520669E-03,  3.565563834233E+03,  3.599999697845E+03,  3.513838122949E+04,  2.881300358836E+05,  9.918599818371E+02,  9.305229718439E-01,NaN,NaN,  4.116029882749E-03,  4.084963406963E+15,  6.612801349234E+19,  2.067843883237E+20,  3.437395397369E+17,  4.625986889770E+20,  5.905832827997E+19,  1.050067132602E+13,  1.678738877335E+02,  1.214425773541E+01,  1.457296279818E+02,NaN,  9.999999996588E+00,NaN,  2.019653868987E-06,  3.962778690060E-02,NaN,  3.504050000000E+06,  4.266429282179E-07
  6.263129246116E-03,  3.562565070322E+03,  3.599999627532E+03,  3.927631236658E+04,  2.866447538407E+05,  9.918599818371E+02,  9.305229421757E-01,NaN,NaN,  4.003052496832E-03,  4.084965191266E+15,  6.612801189432E+19,  2.067843899196E+20,  3.437396978513E+17,  4.625986885236E+20,  5.905832857327E+19,  1.050066971547E+13,  1.678738893650E+02,  1.214425824257E+01,  1.457296291065E+02,NaN,  9.999999996248E+00,NaN,  2.019653559221E-06,  3.962778686474E-02,NaN,  3.504050000000E+06,  4.266429486312E-07
  7.172645381374E-03,  3.557935536293E+03,  3.599999499572E+03,  4.588252869629E+04,  2.843643497315E+05,  9.918599818371E+02,  9.305228881836E-01,NaN,NaN,  3.850455735371E-03,  4.084968438465E+15,  6.612800898616E+19,  2.067843928240E+20,  3.437399855989E+17,  4.625986876984E+20,  5.905832910746E+19,  1.050066729964E+13,  1.678738923343E+02,  1.214425916553E+01,  1.457296311534E+02,NaN,  9.999999995706E+00,NaN,  2.019653094571E-06,  3.962778679947E-02,NaN,  3.504050000000E+06,  4.266429857806E-07
  8.082161516631E-03,  3.553475142695E+03,  3.599999351755E+03,  5.248143993479E+04,  2.821816526286E+05,  9.918599818371E+02,  9.305228258132E-01,NaN,NaN,  3.723252987966E-03,  4.084972189548E+15,  6.612800562674E+19,  2.067843961792E+20,  3.437403179976E+17,  4.625986867453E+20,  5.905832972499E+19,  1.050066434696E+13,  1.678738957645E+02,  1.214426023171E+01,  1.457296335179E+02,NaN,  9.999999995165E+00,NaN,  2.019652526665E-06,  3.962778672404E-02,NaN,  3.504050000000E+06,  4.266430286947E-07
  8.991677651889E-03,  3.549181506251E+03,  3.599999184166E+03,  5.903643844199E+04,  2.800938309169E+05,  9.918599818371E+02,  9.305227551004E-01,NaN,NaN,  3.615296804455E-03,  4.084976442364E+15,  6.612800181799E+19,  2.067843999832E+20,  3.437406948569E+17,  4.625986856648E+20,  5.905833042548E+19,  1.050066085743E+13,  1.678738996535E+02,  1.214426144050E+01,  1.457296361988E+02,NaN,  9.999999994624E+00,NaN,  2.019651855504E-06,  3.962778663852E-02,NaN,  3.504050000000E+06,  4.266430773489E-07
  9.901193787147E-03,  3.545051693853E+03,  3.599998996986E+03,  6.551823933228E+04,  2.780978925654E+05,  9.918599818371E+02,  9.305226761211E-01,NaN,NaN,  3.522357674959E-03,  4.084981192346E+15,  6.612799756401E+19,  2.067844042319E+20,  3.437411157722E+17,  4.625986844579E+20,  5.905833120820E+19,  1.050065683105E+13,  1.678739039974E+02,  1.214426279060E+01,  1.457296391930E+02,NaN,  9.999999994082E+00,NaN,  2.019651081087E-06,  3.962778654298E-02,NaN,  3.504050000000E+06,  4.266431316909E-07
  1.081070992241E-02,  3.541082349433E+03,  3.599998790470E+03,  7.190333402375E+04,  2.761907488233E+05,  9.918599818371E+02,  9.305225889831E-01,NaN,NaN,  3.441412776125E-03,  4.084986433009E+15,  6.612799287059E+19,  2.067844089196E+20,  3.437415801687E+17,  4.625986831265E+20,  5.905833207207E+19,  1.050065226781E+13,  1.678739087900E+02,  1.214426428018E+01,  1.457296424966E+02,NaN,  9.999999993541E+00,NaN,  2.019650203415E-06,  3.962778643756E-02,NaN,  3.504050000000E+06,  4.266431916465E-07
  1.172022605766E-02,  3.537269777262E+03,  3.599998564937E+03,  7.817289440717E+04,  2.743692543285E+05,  9.918599818371E+02,  9.305224938208E-01,NaN,NaN,  3.370233509120E-03,  4.084992156275E+15,  6.612798774498E+19,  2.067844140390E+20,  3.437420873306E+17,  4.625986816724E+20,  5.905833301574E+19,  1.050064770458E+13,  1.678739140241E+02,  1.214426590693E+01,  1.457296461045E+02,NaN,  9.999999992999E+00,NaN,  2.019649325743E-06,  3.962778632243E-02,NaN,  3.504050000000E+06,  4.266432571233E-07
  1.262974219292E-02,  3.533610014408E+03,  3.599998320755E+03,  8.431194245635E+04,  2.726302402927E+05,  9.918599818371E+02,  9.305223907901E-01,NaN,NaN,  3.307133942565E-03,  4.084998352761E+15,  6.612798219558E+19,  2.067844195817E+20,  3.437426364265E+17,  4.625986800982E+20,  5.905833403768E+19,  1.050064287293E+13,  1.678739196910E+02,  1.214426766818E+01,  1.457296500107E+02,NaN,  9.999999992458E+00,NaN,  2.019648396443E-06,  3.962778619776E-02,NaN,  3.504050000000E+06,  4.266433280140E-07
  1.403186438330E-02,  3.528257790896E+03,  3.599997908746E+03,  9.349385121907E+04,  2.701036439086E+05,  9.918599818371E+02,  9.305222169454E-01,NaN,NaN,  3.222762684796E-03,  4.085008808157E+15,  6.612797283203E+19,  2.067844289341E+20,  3.437435629220E+17,  4.625986774420E+20,  5.905833576241E+19,  1.050063428331E+13,  1.678739292529E+02,  1.214427063997E+01,  1.457296566017E+02,NaN,  9.999999991623E+00,NaN,  2.019646744353E-06,  3.962778598739E-02,NaN,  3.504050000000E+06,  4.266434476286E-07
  1.543398657367E-02,  3.523242981028E+03,  3.599997455039E+03,  1.023069546141E+05,  2.677541499425E+05,  9.918599818371E+02,  9.305220255071E-01,NaN,NaN,  3.150995864010E-03,  4.085020321669E+15,  6.612796252088E+19,  2.067844392329E+20,  3.437445831818E+17,  4.625986745171E+20,  5.905833766214E+19,  1.050062488843E+13,  1.678739397827E+02,  1.214427391251E+01,  1.457296638597E+02,NaN,  9.999999990789E+00,NaN,  2.019644937381E-06,  3.962778575571E-02,NaN,  3.504050000000E+06,  4.266435793487E-07
  1.683610876405E-02,  3.518549291467E+03,  3.599996961401E+03,  1.107316389451E+05,  2.655706318684E+05,  9.918599818371E+02,  9.305218172197E-01,NaN,NaN,  3.089272560047E-03,  4.085032848530E+15,  6.612795130222E+19,  2.067844504383E+20,  3.437456932389E+17,  4.625986713348E+20,  5.905833972945E+19,  1.050061441983E+13,  1.678739512393E+02,  1.214427747308E+01,  1.457296717566E+02,NaN,  9.999999989954E+00,NaN,  2.019642923898E-06,  3.962778550363E-02,NaN,  3.504050000000E+06,  4.266437226620E-07
  1.823823095442E-02,  3.514160325435E+03,  3.599996429661E+03,  1.187572468767E+05,  2.635423793737E+05,  9.918599818371E+02,  9.305215928556E-01,NaN,NaN,  3.035702218018E-03,  4.085046342274E+15,  6.612793921767E+19,  2.067844625086E+20,  3.437468889758E+17,  4.625986679069E+20,  5.905834195666E+19,  1.050060341439E+13,  1.678739635803E+02,  1.214428130848E+01,  1.457296802631E+02,NaN,  9.999999989119E+00,NaN,  2.019640807158E-06,  3.962778523208E-02,NaN,  3.504050000000E+06,  4.266438770370E-07
  1.964035314480E-02,  3.510059827216E+03,  3.599995861677E+03,  1.263800082858E+05,  2.616591683865E+05,  9.918599818371E+02,  9.305213531988E-01,NaN,NaN,  2.988853615839E-03,  4.085060755763E+15,  6.612792630944E+19,  2.067844754017E+20,  3.437481662157E+17,  4.625986642455E+20,  5.905834433598E+19,  1.050059187210E+13,  1.678739767626E+02,  1.214428540531E+01,  1.457296893493E+02,NaN,  9.999999988285E+00,NaN,  2.019638587164E-06,  3.962778494200E-02,NaN,  3.504050000000E+06,  4.266440419344E-07
  2.104247533518E-02,  3.506231818314E+03,  3.599995259310E+03,  1.336015172858E+05,  2.599112810184E+05,  9.918599818371E+02,  9.305210990339E-01,NaN,NaN,  2.947619609293E-03,  4.085076041799E+15,  6.612791261980E+19,  2.067844890753E+20,  3.437495207760E+17,  4.625986603624E+20,  5.905834685960E+19,  1.050057925611E+13,  1.678739907429E+02,  1.214428975015E+01,  1.457296989857E+02,NaN,  9.999999987450E+00,NaN,  2.019636160658E-06,  3.962778463435E-02,NaN,  3.504050000000E+06,  4.266442168143E-07
  2.244459752555E-02,  3.502660692874E+03,  3.599994624404E+03,  1.404275437541E+05,  2.582895086321E+05,  9.918599818371E+02,  9.305208311396E-01,NaN,NaN,  2.911127699705E-03,  4.085092153555E+15,  6.612789819068E+19,  2.067845034875E+20,  3.437509485075E+17,  4.625986562695E+20,  5.905834951977E+19,  1.050056610326E+13,  1.678740054785E+02,  1.214429432969E+01,  1.457297091426E+02,NaN,  9.999999986615E+00,NaN,  2.019633630897E-06,  3.962778431008E-02,NaN,  3.504050000000E+06,  4.266444011410E-07
  2.384671971593E-02,  3.499331311244E+03,  3.599993958773E+03,  1.468670407758E+05,  2.567851564084E+05,  9.918599818371E+02,  9.305205502811E-01,NaN,NaN,  2.878679364581E-03,  4.085109045011E+15,  6.612788306330E+19,  2.067845185973E+20,  3.437524453321E+17,  4.625986519786E+20,  5.905835230890E+19,  1.050055241357E+13,  1.678740209273E+02,  1.214429913085E+01,  1.457297197911E+02,NaN,  9.999999985781E+00,NaN,  2.019630997880E-06,  3.962778397010E-02,NaN,  3.504050000000E+06,  4.266445943880E-07
  2.699402151366E-02,  3.492663994450E+03,  3.599992361783E+03,  1.599751107666E+05,  2.537946155166E+05,  9.918599818371E+02,  9.305198764421E-01,NaN,NaN,  2.817807974223E-03,  4.085149571202E+15,  6.612784676953E+19,  2.067845548488E+20,  3.437560365349E+17,  4.625986416840E+20,  5.905835900127E+19,  1.050051912882E+13,  1.678740579925E+02,  1.214431064987E+01,  1.457297453391E+02,NaN,  9.999999983907E+00,NaN,  2.019624596035E-06,  3.962778315439E-02,NaN,  3.504050000000E+06,  4.266450580293E-07
  2.924091430056E-02,  3.488519195702E+03,  3.599991142857E+03,  1.682623894475E+05,  2.519502413289E+05,  9.918599818371E+02,  9.305193621247E-01,NaN,NaN,  2.782452927161E-03,  4.085180503417E+15,  6.612781906779E+19,  2.067845825184E+20,  3.437587775760E+17,  4.625986338265E+20,  5.905836410982E+19,  1.050049389683E+13,  1.678740862831E+02,  1.214431944195E+01,  1.457297648390E+02,NaN,  9.999999982570E+00,NaN,  2.019619743023E-06,  3.962778253177E-02,NaN,  3.504050000000E+06,  4.266454119109E-07
  3.148780708746E-02,  3.484828648114E+03,  3.599989865488E+03,  1.757280699983E+05,  2.503174427183E+05,  9.918599818371E+02,  9.305188231477E-01,NaN,NaN,  2.752418056940E-03,  4.085212918721E+15,  6.612779003787E+19,  2.067846115147E+20,  3.437616500427E+17,  4.625986255923E+20,  5.905836946363E+19,  1.050046759115E+13,  1.678741159303E+02,  1.214432865558E+01,  1.457297852739E+02,NaN,  9.999999981232E+00,NaN,  2.019614683500E-06,  3.962778187929E-02,NaN,  3.504050000000E+06,  4.266457827605E-07
  3.373469987436E-02,  3.481545598260E+03,  3.599988535539E+03,  1.824364322859E+05,  2.488723690625E+05,  9.918599818371E+02,  9.305182619845E-01,NaN,NaN,  2.726759838137E-03,  4.085246668373E+15,  6.612775981298E+19,  2.067846417046E+20,  3.437646407544E+17,  4.625986170192E+20,  5.905837503813E+19,  1.050043994333E+13,  1.678741467980E+02,  1.214433824850E+01,  1.457298065500E+02,NaN,  9.999999979895E+00,NaN,  2.019609365839E-06,  3.962778119993E-02,NaN,  3.504050000000E+06,  4.266461688764E-07
  3.598159266127E-02,  3.478627356189E+03,  3.599987158398E+03,  1.884512502114E+05,  2.475937205150E+05,  9.918599818371E+02,  9.305176809093E-01,NaN,NaN,  2.704737531348E-03,  4.085281615579E+15,  6.612772851561E+19,  2.067846729658E+20,  3.437677375896E+17,  4.625986081419E+20,  5.905838081068E+19,  1.050041122181E+13,  1.678741787611E+02,  1.214434818182E+01,  1.457298285811E+02,NaN,  9.999999978557E+00,NaN,  2.019603841666E-06,  3.962778049645E-02,NaN,  3.504050000000E+06,  4.266465686936E-07
  3.822848544817E-02,  3.476035170218E+03,  3.599985738988E+03,  1.938342129230E+05,  2.464625327959E+05,  9.918599818371E+02,  9.305170819991E-01,NaN,NaN,  2.685761099564E-03,  4.085317635446E+15,  6.612769625761E+19,  2.067847051866E+20,  3.437709294813E+17,  4.625985989922E+20,  5.905838676064E+19,  1.050038196345E+13,  1.678742117053E+02,  1.214435842004E+01,  1.457298512884E+02,NaN,  9.999999977219E+00,NaN,  2.019598214238E-06,  3.962777977137E-02,NaN,  3.504050000000E+06,  4.266469807835E-07
  4.047537823507E-02,  3.473734011236E+03,  3.599984281779E+03,  1.986439532280E+05,  2.454619523424E+05,  9.918599818371E+02,  9.305164671397E-01,NaN,NaN,  2.669354529371E-03,  4.085354614539E+15,  6.612766314058E+19,  2.067847382654E+20,  3.437742063776E+17,  4.625985895988E+20,  5.905839286924E+19,  1.050035189980E+13,  1.678742455268E+02,  1.214436893093E+01,  1.457298746004E+02,NaN,  9.999999975882E+00,NaN,  2.019592431926E-06,  3.962777902697E-02,NaN,  3.504050000000E+06,  4.266474038482E-07
  4.272227102197E-02,  3.471692297206E+03,  3.599982790818E+03,  2.029355257323E+05,  2.445770109289E+05,  9.918599818371E+02,  9.305158380388E-01,NaN,NaN,  2.655129363016E-03,  4.085392450168E+15,  6.612762925647E+19,  2.067847721105E+20,  3.437775591789E+17,  4.625985799878E+20,  5.905839911949E+19,  1.050032076246E+13,  1.678742801319E+02,  1.214437968528E+01,  1.457298984525E+02,NaN,  9.999999974544E+00,NaN,  2.019586443103E-06,  3.962777826532E-02,NaN,  3.504050000000E+06,  4.266478367131E-07
  4.496916380888E-02,  3.469881614403E+03,  3.599981269758E+03,  2.067601432344E+05,  2.437944201272E+05,  9.918599818371E+02,  9.305151962379E-01,NaN,NaN,  2.642765399280E-03,  4.085431049612E+15,  6.612759468833E+19,  2.067848066388E+20,  3.437809796690E+17,  4.625985701829E+20,  5.905840549608E+19,  1.050028935669E+13,  1.678743154356E+02,  1.214439065676E+01,  1.457299227860E+02,NaN,  9.999999973207E+00,NaN,  2.019580402653E-06,  3.962777748829E-02,NaN,  3.504050000000E+06,  4.266482783173E-07
  4.956111578603E-02,  3.466795731348E+03,  3.599978080993E+03,  2.133178570700E+05,  2.424654432295E+05,  9.918599818371E+02,  9.305138507599E-01,NaN,NaN,  2.622217737373E-03,  4.085511969930E+15,  6.612752221930E+19,  2.067848790244E+20,  3.437881504349E+17,  4.625985496276E+20,  5.905841886442E+19,  1.050022332404E+13,  1.678743894468E+02,  1.214441365754E+01,  1.457299737992E+02,NaN,  9.999999970473E+00,NaN,  2.019567702218E-06,  3.962777585929E-02,NaN,  3.504050000000E+06,  4.266492041041E-07
  5.415306776318E-02,  3.464386642675E+03,  3.599974803784E+03,  2.184709448470E+05,  2.414320691255E+05,  9.918599818371E+02,  9.305124679643E-01,NaN,NaN,  2.606617905462E-03,  4.085595134685E+15,  6.612744774025E+19,  2.067849534178E+20,  3.437955201076E+17,  4.625985285022E+20,  5.905843260398E+19,  1.050015541242E+13,  1.678744655110E+02,  1.214443729634E+01,  1.457300262274E+02,NaN,  9.999999967740E+00,NaN,  2.019554640389E-06,  3.962777418509E-02,NaN,  3.504050000000E+06,  4.266501555727E-07
  5.749461294386E-02,  3.462973880672E+03,  3.599972374427E+03,  2.215059906984E+05,  2.408277270037E+05,  9.918599818371E+02,  9.305114429136E-01,NaN,NaN,  2.597643846820E-03,  4.085656783811E+15,  6.612739252976E+19,  2.067850085649E+20,  3.438009831758E+17,  4.625985128422E+20,  5.905844278918E+19,  1.050010494845E+13,  1.678745218967E+02,  1.214445481957E+01,  1.457300650918E+02,NaN,  9.999999965751E+00,NaN,  2.019544934366E-06,  3.962777294401E-02,NaN,  3.504050000000E+06,  4.266508608884E-07
  6.083615812454E-02,  3.461795324582E+03,  3.599969914381E+03,  2.240449140219E+05,  2.403244920138E+05,  9.918599818371E+02,  9.305104049137E-01,NaN,NaN,  2.590254189372E-03,  4.085719211771E+15,  6.612733662177E+19,  2.067850644086E+20,  3.438065152696E+17,  4.625984969843E+20,  5.905845310321E+19,  1.050005394762E+13,  1.678745789947E+02,  1.214447256421E+01,  1.457301044472E+02,NaN,  9.999999963762E+00,NaN,  2.019535125087E-06,  3.962777168724E-02,NaN,  3.504050000000E+06,  4.266515751168E-07
  6.417770330522E-02,  3.460812507597E+03,  3.599967428671E+03,  2.261667159251E+05,  2.399054600629E+05,  9.918599818371E+02,  9.305093560856E-01,NaN,NaN,  2.584158619986E-03,  4.085782290998E+15,  6.612728013055E+19,  2.067851208350E+20,  3.438121050851E+17,  4.625984809610E+20,  5.905846352496E+19,  1.050000267837E+13,  1.678746366885E+02,  1.214449049400E+01,  1.457301442132E+02,NaN,  9.999999961772E+00,NaN,  2.019525264181E-06,  3.962777041736E-02,NaN,  3.504050000000E+06,  4.266522967984E-07
  6.751924848590E-02,  3.459993154731E+03,  3.599964921522E+03,  2.279384610639E+05,  2.395565402716E+05,  9.918599818371E+02,  9.305082982111E-01,NaN,NaN,  2.579123408045E-03,  4.085845914337E+15,  6.612722315204E+19,  2.067851777481E+20,  3.438177431268E+17,  4.625984647995E+20,  5.905847403673E+19,  1.049995060385E+13,  1.678746948801E+02,  1.214450857849E+01,  1.457301843223E+02,NaN,  9.999999959783E+00,NaN,  2.019515248391E-06,  3.962776913651E-02,NaN,  3.504050000000E+06,  4.266530247074E-07
  7.420233884726E-02,  3.458740957227E+03,  3.599959856501E+03,  2.306500835432E+05,  2.390239739723E+05,  9.918599818371E+02,  9.305061610599E-01,NaN,NaN,  2.571511650197E-03,  4.085974448302E+15,  6.612710804219E+19,  2.067852927258E+20,  3.438291333125E+17,  4.625984321493E+20,  5.905849527321E+19,  1.049984564952E+13,  1.678748124407E+02,  1.214454511349E+01,  1.457302653519E+02,NaN,  9.999999955805E+00,NaN,  2.019495061928E-06,  3.962776654888E-02,NaN,  3.504050000000E+06,  4.266544952599E-07
  8.088542920862E-02,  3.457871114015E+03,  3.599954741282E+03,  2.325348575200E+05,  2.386544256241E+05,  9.918599818371E+02,  9.305040027280E-01,NaN,NaN,  2.566287226293E-03,  4.086104256273E+15,  6.612699179141E+19,  2.067854088431E+20,  3.438406364343E+17,  4.625983991754E+20,  5.905851672048E+19,  1.049973962149E+13,  1.678749311667E+02,  1.214458201076E+01,  1.457303471847E+02,NaN,  9.999999951827E+00,NaN,  2.019474668954E-06,  3.962776393557E-02,NaN,  3.504050000000E+06,  4.266559803976E-07
  8.756851956998E-02,  3.457266835904E+03,  3.599949591198E+03,  2.338428839916E+05,  2.383977997354E+05,  9.918599818371E+02,  9.305018296849E-01,NaN,NaN,  2.562693215215E-03,  4.086234949167E+15,  6.612687474813E+19,  2.067855257521E+20,  3.438522180141E+17,  4.625983659766E+20,  5.905853831419E+19,  1.049963278818E+13,  1.678750507023E+02,  1.214461915973E+01,  1.457304295753E+02,NaN,  9.999999947848E+00,NaN,  2.019454121096E-06,  3.962776130443E-02,NaN,  3.504050000000E+06,  4.266574756691E-07
  9.425160993134E-02,  3.456846805862E+03,  3.599944416929E+03,  2.347495907731E+05,  2.382193738420E+05,  9.918599818371E+02,  9.304996464375E-01,NaN,NaN,  2.560217312855E-03,  4.086366255929E+15,  6.612675715509E+19,  2.067856432102E+20,  3.438638540325E+17,  4.625983326218E+20,  5.905856000952E+19,  1.049952568645E+13,  1.678751707996E+02,  1.214465648334E+01,  1.457305123530E+02,NaN,  9.999999943870E+00,NaN,  2.019433521611E-06,  3.962775866091E-02,NaN,  3.504050000000E+06,  4.266589779736E-07
  1.009347002927E-01,  3.456554512949E+03,  3.599939225906E+03,  2.353775055867E+05,  2.380950933448E+05,  9.918599818371E+02,  9.304974561207E-01,NaN,NaN,  2.558510393407E-03,  4.086497988014E+15,  6.612663918116E+19,  2.067857610488E+20,  3.438755277815E+17,  4.625982991588E+20,  5.905858177528E+19,  1.049941804787E+13,  1.678752912861E+02,  1.214469392801E+01,  1.457305953988E+02,NaN,  9.999999939892E+00,NaN,  2.019412818870E-06,  3.962775600880E-02,NaN,  3.504050000000E+06,  4.266604851538E-07
  1.076177906541E-01,  3.456350754517E+03,  3.599934023285E+03,  2.358119212852E+05,  2.380083073845E+05,  9.918599818371E+02,  9.304952609100E-01,NaN,NaN,  2.557333511975E-03,  4.086630014577E+15,  6.612652094351E+19,  2.067858791508E+20,  3.438872276666E+17,  4.625982656209E+20,  5.905860358984E+19,  1.049931014087E+13,  1.678754120420E+02,  1.214473145654E+01,  1.457306786302E+02,NaN,  9.999999935913E+00,NaN,  2.019392064502E-06,  3.962775335075E-02,NaN,  3.504050000000E+06,  4.266619957128E-07
  1.143008810154E-01,  3.456208332616E+03,  3.599928812643E+03,  2.361121526443E+05,  2.379474814046E+05,  9.918599818371E+02,  9.304930623153E-01,NaN,NaN,  2.556522437979E-03,  4.086762244821E+15,  6.612640252345E+19,  2.067859974350E+20,  3.438989456416E+17,  4.625982320311E+20,  5.905862543817E+19,  1.049920223386E+13,  1.678755329845E+02,  1.214476904312E+01,  1.457307619901E+02,NaN,  9.999999931935E+00,NaN,  2.019371310133E-06,  3.962775068858E-02,NaN,  3.504050000000E+06,  4.266635086120E-07
  1.243706994029E-01,  3.456069662070E+03,  3.599920951559E+03,  2.363983094917E+05,  2.378879503657E+05,  9.918599818371E+02,  9.304897453844E-01,NaN,NaN,  2.555751845918E-03,  4.086961735525E+15,  6.612622386764E+19,  2.067861758859E+20,  3.439166241777E+17,  4.625981813552E+20,  5.905865840012E+19,  1.049903903122E+13,  1.678757154460E+02,  1.214482574886E+01,  1.457308877519E+02,NaN,  9.999999925941E+00,NaN,  2.019339920441E-06,  3.962774667224E-02,NaN,  3.504050000000E+06,  4.266657910833E-07
  1.344405177903E-01,  3.455987240016E+03,  3.599913083191E+03,  2.365612586418E+05,  2.378522061244E+05,  9.918599818371E+02,  9.304864253799E-01,NaN,NaN,  2.555315036817E-03,  4.087161411429E+15,  6.612604504598E+19,  2.067863545025E+20,  3.439343192178E+17,  4.625981306319E+20,  5.905869139292E+19,  1.049887609701E+13,  1.678758980773E+02,  1.214488250761E+01,  1.457310136304E+02,NaN,  9.999999919946E+00,NaN,  2.019308582377E-06,  3.962774265212E-02,NaN,  3.504050000000E+06,  4.266680756957E-07
  1.445103361778E-01,  3.455937108047E+03,  3.599905210692E+03,  2.366534526323E+05,  2.378301134803E+05,  9.918599818371E+02,  9.304831036325E-01,NaN,NaN,  2.555069551619E-03,  4.087361192505E+15,  6.612586613013E+19,  2.067865332131E+20,  3.439520236700E+17,  4.625980798817E+20,  5.905872440332E+19,  1.049871262595E+13,  1.678760808052E+02,  1.214493929662E+01,  1.457311395753E+02,NaN,  9.999999913952E+00,NaN,  2.019277141058E-06,  3.962773862985E-02,NaN,  3.504050000000E+06,  4.266703615336E-07
  1.545801545652E-01,  3.455905568506E+03,  3.599897335865E+03,  2.367048976744E+05,  2.378158801551E+05,  9.918599818371E+02,  9.304797809030E-01,NaN,NaN,  2.554934134660E-03,  4.087561032990E+15,  6.612568716108E+19,  2.067867119769E+20,  3.439697334788E+17,  4.625980291160E+20,  5.905875742376E+19,  1.049854969174E+13,  1.678762635877E+02,  1.214499610287E+01,  1.457312655576E+02,NaN,  9.999999907958E+00,NaN,  2.019245802994E-06,  3.962773460635E-02,NaN,  3.504050000000E+06,  4.266726480733E-07
  1.646499729527E-01,  3.455884706161E+03,  3.599889459753E+03,  2.367329388554E+05,  2.378061598547E+05,  9.918599818371E+02,  9.304764576312E-01,NaN,NaN,  2.554861896333E-03,  4.087760906440E+15,  6.612550816251E+19,  2.067868907701E+20,  3.439874463009E+17,  4.625979783417E+20,  5.905879044986E+19,  1.049838622068E+13,  1.678764464008E+02,  1.214505291886E+01,  1.457313915607E+02,NaN,  9.999999901963E+00,NaN,  2.019214361674E-06,  3.962773058214E-02,NaN,  3.504050000000E+06,  4.266749350124E-07
  1.802286441224E-01,  3.455863563436E+03,  3.599877273661E+03,  2.367519166288E+05,  2.377958272139E+05,  9.918599818371E+02,  9.304713157927E-01,NaN,NaN,  2.554815992865E-03,  4.088070155669E+15,  6.612523121141E+19,  2.067871674036E+20,  3.440148522062E+17,  4.625978997818E+20,  5.905884154910E+19,  1.049813390081E+13,  1.678767292545E+02,  1.214514082670E+01,  1.457315865159E+02,NaN,  9.999999892690E+00,NaN,  2.019165831558E-06,  3.962772435572E-02,NaN,  3.504050000000E+06,  4.266784734658E-07
  1.958073152922E-01,  3.455848877776E+03,  3.599865087007E+03,  2.367567397979E+05,  2.377882236381E+05,  9.918599818371E+02,  9.304661737171E-01,NaN,NaN,  2.554808278274E-03,  4.088379419991E+15,  6.612495424680E+19,  2.067874440505E+20,  3.440422596691E+17,  4.625978212173E+20,  5.905889265134E+19,  1.049788131252E+13,  1.678770121228E+02,  1.214522873970E+01,  1.457317814806E+02,NaN,  9.999999883416E+00,NaN,  2.019117249815E-06,  3.962771812890E-02,NaN,  3.504050000000E+06,  4.266820121449E-07
  2.113859864619E-01,  3.455836898082E+03,  3.599852900285E+03,  2.367556314809E+05,  2.377817637746E+05,  9.918599818371E+02,  9.304610316127E-01,NaN,NaN,  2.554816565382E-03,  4.088688686873E+15,  6.612467727989E+19,  2.067877206997E+20,  3.440696675791E+17,  4.625977426515E+20,  5.905894375450E+19,  1.049762872423E+13,  1.678772949944E+02,  1.214531665430E+01,  1.457319764469E+02,NaN,  9.999999874143E+00,NaN,  2.019068668071E-06,  3.962771190193E-02,NaN,  3.504050000000E+06,  4.266855509063E-07
  2.260423632270E-01,  3.455826753347E+03,  3.599841435161E+03,  2.367521215081E+05,  2.377761622126E+05,  9.918599818371E+02,  9.304561939815E-01,NaN,NaN,  2.554831018043E-03,  4.088979642264E+15,  6.612441671201E+19,  2.067879809687E+20,  3.440954528857E+17,  4.625976687368E+20,  5.905899183235E+19,  1.049739116776E+13,  1.678775611182E+02,  1.214539936433E+01,  1.457321598694E+02,NaN,  9.999999865418E+00,NaN,  2.019022977484E-06,  3.962770604358E-02,NaN,  3.504050000000E+06,  4.266888801884E-07
  2.406987399921E-01,  3.455817126770E+03,  3.599829970223E+03,  2.367474762199E+05,  2.377707797418E+05,  9.918599818371E+02,  9.304513564290E-01,NaN,NaN,  2.554848533806E-03,  4.089270593650E+15,  6.612415614773E+19,  2.067882412341E+20,  3.441212380323E+17,  4.625975948225E+20,  5.905903990997E+19,  1.049715361129E+13,  1.678778272390E+02,  1.214548207398E+01,  1.457323432893E+02,NaN,  9.999999856694E+00,NaN,  2.018977286896E-06,  3.962770018523E-02,NaN,  3.504050000000E+06,  4.266922094717E-07
  2.553551167572E-01,  3.455807666314E+03,  3.599818505518E+03,  2.367424673687E+05,  2.377654675964E+05,  9.918599818371E+02,  9.304465189749E-01,NaN,NaN,  2.554867030747E-03,  4.089561539856E+15,  6.612389558808E+19,  2.067885014949E+20,  3.441470229146E+17,  4.625975209089E+20,  5.905908798719E+19,  1.049691578639E+13,  1.678780933559E+02,  1.214556478293E+01,  1.457325267060E+02,NaN,  9.999999847969E+00,NaN,  2.018931544681E-06,  3.962769432690E-02,NaN,  3.504050000000E+06,  4.266955387426E-07
  2.700114935223E-01,  3.455798198106E+03,  3.599807041070E+03,  2.367374761233E+05,  2.377601523034E+05,  9.918599818371E+02,  9.304416816287E-01,NaN,NaN,  2.554885480540E-03,  4.089852480300E+15,  6.612363503359E+19,  2.067887617505E+20,  3.441728074812E+17,  4.625974469961E+20,  5.905913606390E+19,  1.049667849835E+13,  1.678783594682E+02,  1.214564749102E+01,  1.457327101191E+02,NaN,  9.999999839245E+00,NaN,  2.018885905721E-06,  3.962768846860E-02,NaN,  3.504050000000E+06,  4.266988679946E-07
  2.846678702874E-01,  3.455788736191E+03,  3.599795576875E+03,  2.367324716931E+05,  2.377548397978E+05,  9.918599818371E+02,  9.304368443897E-01,NaN,NaN,  2.554903966257E-03,  4.090143415030E+15,  6.612337448421E+19,  2.067890220011E+20,  3.441985917363E+17,  4.625973730841E+20,  5.905918414012E+19,  1.049644067345E+13,  1.678786255761E+02,  1.214573019824E+01,  1.457328935285E+02,NaN,  9.999999830520E+00,NaN,  2.018840163505E-06,  3.962768261035E-02,NaN,  3.504050000000E+06,  4.267021972281E-07
  3.109231464294E-01,  3.455771818235E+03,  3.599775040672E+03,  2.367234381549E+05,  2.377453368799E+05,  9.918599818371E+02,  9.304281792788E-01,NaN,NaN,  2.554937267504E-03,  4.090664578151E+15,  6.612290775161E+19,  2.067894881983E+20,  3.442447806002E+17,  4.625972406809E+20,  5.905927026210E+19,  1.049601521921E+13,  1.678791022679E+02,  1.214587835696E+01,  1.457332220773E+02,NaN,  9.999999814891E+00,NaN,  2.018758333470E-06,  3.962767211601E-02,NaN,  3.504050000000E+06,  4.267081611359E-07
  3.282674483031E-01,  3.455760788147E+03,  3.599761474834E+03,  2.367171517011E+05,  2.377391211212E+05,  9.918599818371E+02,  9.304224552657E-01,NaN,NaN,  2.554960127461E-03,  4.091008850222E+15,  6.612259943547E+19,  2.067897961608E+20,  3.442752925722E+17,  4.625971532164E+20,  5.905932715370E+19,  1.049573390940E+13,  1.678794171642E+02,  1.214597622960E+01,  1.457334391114E+02,NaN,  9.999999804567E+00,NaN,  2.018704227554E-06,  3.962766518348E-02,NaN,  3.504050000000E+06,  4.267121008811E-07
  3.456117501768E-01,  3.455749793000E+03,  3.599747909348E+03,  2.367107895169E+05,  2.377329203009E+05,  9.918599818371E+02,  9.304167314013E-01,NaN,NaN,  2.554983192334E-03,  4.091353114378E+15,  6.612229112642E+19,  2.067901041162E+20,  3.443058041157E+17,  4.625970657529E+20,  5.905938404461E+19,  1.049545286802E+13,  1.678797320544E+02,  1.214607410107E+01,  1.457336561405E+02,NaN,  9.999999794242E+00,NaN,  2.018650173265E-06,  3.962765825099E-02,NaN,  3.504050000000E+06,  4.267160406016E-07
  3.700572931402E-01,  3.455734267970E+03,  3.599728790383E+03,  2.367018856792E+05,  2.377241690912E+05,  9.918599818371E+02,  9.304086642843E-01,NaN,NaN,  2.555015531031E-03,  4.091838316154E+15,  6.612185659934E+19,  2.067905381449E+20,  3.443488071829E+17,  4.625969424815E+20,  5.905946422704E+19,  1.049505667214E+13,  1.678801758587E+02,  1.214621204178E+01,  1.457339620187E+02,NaN,  9.999999779691E+00,NaN,  2.018573970658E-06,  3.962764848024E-02,NaN,  3.504050000000E+06,  4.267215933081E-07
  3.945028361037E-01,  3.455718679709E+03,  3.599709672136E+03,  2.366931221616E+05,  2.377153915171E+05,  9.918599818371E+02,  9.304005974699E-01,NaN,NaN,  2.555047492170E-03,  4.092323501768E+15,  6.612142208674E+19,  2.067909721591E+20,  3.443918093596E+17,  4.625968192124E+20,  5.905954440805E+19,  1.049466020784E+13,  1.678806196503E+02,  1.214634998003E+01,  1.457342678867E+02,NaN,  9.999999765139E+00,NaN,  2.018497716423E-06,  3.962763870959E-02,NaN,  3.504050000000E+06,  4.267271459602E-07
  4.189483790672E-01,  3.455703066779E+03,  3.599690554600E+03,  2.366844144277E+05,  2.377066038725E+05,  9.918599818371E+02,  9.303925309559E-01,NaN,NaN,  2.555079303848E-03,  4.092808671348E+15,  6.612098758849E+19,  2.067914061590E+20,  3.444348106574E+17,  4.625966959455E+20,  5.905962458765E+19,  1.049426401197E+13,  1.678810634294E+02,  1.214648791586E+01,  1.457345737446E+02,NaN,  9.999999750588E+00,NaN,  2.018421513816E-06,  3.962762893903E-02,NaN,  3.504050000000E+06,  4.267326985594E-07
  4.433939220306E-01,  3.455687472208E+03,  3.599671437771E+03,  2.366756681639E+05,  2.376978093459E+05,  9.918599818371E+02,  9.303844095002E-01,NaN,NaN,  2.555111220591E-03,  4.093297143553E+15,  6.612055013257E+19,  2.067918431132E+20,  3.444781052192E+17,  4.625965718379E+20,  5.905970531481E+19,  1.049386808452E+13,  1.678815102317E+02,  1.214662679280E+01,  1.457348816845E+02,NaN,  9.999999736037E+00,NaN,  2.018345362837E-06,  3.962761910173E-02,NaN,  3.504050000000E+06,  4.267382511072E-07
  4.678394649941E-01,  3.455671898576E+03,  3.599652321650E+03,  2.366668777152E+05,  2.376890238383E+05,  9.918599818371E+02,  9.303762877527E-01,NaN,NaN,  2.555143257680E-03,  4.093785639342E+15,  6.612011265553E+19,  2.067922800886E+20,  3.445214024209E+17,  4.625964477224E+20,  5.905978604714E+19,  1.049347215707E+13,  1.678819570578E+02,  1.214676567861E+01,  1.457351896394E+02,NaN,  9.999999721485E+00,NaN,  2.018269211857E-06,  3.962760926371E-02,NaN,  3.504050000000E+06,  4.267438036036E-07
  4.922850079575E-01,  3.455656328533E+03,  3.599633206237E+03,  2.366580811123E+05,  2.376802401988E+05,  9.918599818371E+02,  9.303681663065E-01,NaN,NaN,  2.555175312477E-03,  4.094274119072E+15,  6.611967519287E+19,  2.067927170495E+20,  3.445646987486E+17,  4.625963236092E+20,  5.905986677807E+19,  1.049307569277E+13,  1.678824038713E+02,  1.214690456203E+01,  1.457354975841E+02,NaN,  9.999999706934E+00,NaN,  2.018192957622E-06,  3.962759942580E-02,NaN,  3.504050000000E+06,  4.267493560480E-07
  5.300278294023E-01,  3.455632286669E+03,  3.599603694292E+03,  2.366445082152E+05,  2.376666783234E+05,  9.918599818371E+02,  9.303556277502E-01,NaN,NaN,  2.555224782416E-03,  4.095028278285E+15,  6.611899979843E+19,  2.067933916694E+20,  3.446315446168E+17,  4.625961319885E+20,  5.905999142027E+19,  1.049246421973E+13,  1.678830937066E+02,  1.214711898708E+01,  1.457359730170E+02,NaN,  9.999999684467E+00,NaN,  2.018075349533E-06,  3.962758423669E-02,NaN,  3.504050000000E+06,  4.267579286701E-07
  5.677706508470E-01,  3.455608239035E+03,  3.599574184039E+03,  2.366309520515E+05,  2.376531148491E+05,  9.918599818371E+02,  9.303430899129E-01,NaN,NaN,  2.555274209797E-03,  4.095782399175E+15,  6.611832443831E+19,  2.067940662550E+20,  3.446983883979E+17,  4.625959403731E+20,  5.906011605913E+19,  1.049185301512E+13,  1.678837835121E+02,  1.214733340639E+01,  1.457364484258E+02,NaN,  9.999999662001E+00,NaN,  2.017957793072E-06,  3.962756904782E-02,NaN,  3.504050000000E+06,  4.267665011676E-07
  6.055134722918E-01,  3.455584190544E+03,  3.599544675477E+03,  2.366174018469E+05,  2.376395518520E+05,  9.918599818371E+02,  9.303305527942E-01,NaN,NaN,  2.555323623697E-03,  4.096536481766E+15,  6.611764911249E+19,  2.067947408064E+20,  3.447652300938E+17,  4.625957487632E+20,  5.906024069466E+19,  1.049124127365E+13,  1.678844732878E+02,  1.214754781999E+01,  1.457369238104E+02,NaN,  9.999999639535E+00,NaN,  2.017840133356E-06,  3.962755385917E-02,NaN,  3.504050000000E+06,  4.267750735405E-07
  6.851850704956E-01,  3.455533435027E+03,  3.599482391189E+03,  2.365887931393E+05,  2.376109280145E+05,  9.918599818371E+02,  9.303040904569E-01,NaN,NaN,  2.555427955221E-03,  4.098128154521E+15,  6.611622367484E+19,  2.067961646093E+20,  3.449063198762E+17,  4.625953443102E+20,  5.906050377778E+19,  1.048995095280E+13,  1.678859292422E+02,  1.214800040843E+01,  1.457379272240E+02,NaN,  9.999999592110E+00,NaN,  2.017591958604E-06,  3.962752179811E-02,NaN,  3.504050000000E+06,  4.267931686170E-07
  7.648566686995E-01,  3.455482691294E+03,  3.599420114433E+03,  2.365601767945E+05,  2.375823128883E+05,  9.918599818371E+02,  9.302776313197E-01,NaN,NaN,  2.555532318996E-03,  4.099719656708E+15,  6.611479838995E+19,  2.067975882597E+20,  3.450474003733E+17,  4.625949398813E+20,  5.906076684609E+19,  1.048866063196E+13,  1.678873850635E+02,  1.214845297138E+01,  1.457389305301E+02,NaN,  9.999999544687E+00,NaN,  2.017343783853E-06,  3.962748973808E-02,NaN,  3.504050000000E+06,  4.268112631394E-07
  8.445282669034E-01,  3.455431953477E+03,  3.599357845208E+03,  2.365315656689E+05,  2.375537039937E+05,  9.918599818371E+02,  9.302511753823E-01,NaN,NaN,  2.555636680306E-03,  4.101310988341E+15,  6.611337325779E+19,  2.067990117574E+20,  3.451884715849E+17,  4.625945354766E+20,  5.906102989956E+19,  1.048737031111E+13,  1.678888407519E+02,  1.214890550886E+01,  1.457399337287E+02,NaN,  9.999999497264E+00,NaN,  2.017095609102E-06,  3.962745767908E-02,NaN,  3.504050000000E+06,  4.268293571075E-07
  9.735854895015E-01,  3.455349774339E+03,  3.599256993456E+03,  2.364852377741E+05,  2.375073732834E+05,  9.918599818371E+02,  9.302083271269E-01,NaN,NaN,  2.555805706868E-03,  4.103888368710E+15,  6.611106506033E+19,  2.068013173078E+20,  3.454169681831E+17,  4.625938804466E+20,  5.906145597919E+19,  1.048528088788E+13,  1.678911984881E+02,  1.214963850433E+01,  1.457415585467E+02,NaN,  9.999999420445E+00,NaN,  2.016693738442E-06,  3.962740575002E-02,NaN,  3.504050000000E+06,  4.268586657146E-07
  1.204702700431E+00,  3.455202642222E+03,  3.599076436290E+03,  2.364023151075E+05,  2.374244430390E+05,  9.918599818371E+02,  9.301316149286E-01,NaN,NaN,  2.556108364704E-03,  4.108502854477E+15,  6.610693251377E+19,  2.068054451150E+20,  3.458261017526E+17,  4.625927075693E+20,  5.906221891047E+19,  1.048154064850E+13,  1.678954198786E+02,  1.215095099431E+01,  1.457444675855E+02,NaN,  9.999999282881E+00,NaN,  2.015974356919E-06,  3.962731276159E-02,NaN,  3.504050000000E+06,  4.269111482841E-07
  1.435819911361E+00,  3.455055555440E+03,  3.598895942426E+03,  2.363194459226E+05,  2.373415632926E+05,  9.918599818371E+02,  9.300549296255E-01,NaN,NaN,  2.556410975744E-03,  4.113115906534E+15,  6.610280125118E+19,  2.068095716397E+20,  3.462351572473E+17,  4.625915348947E+20,  5.906298171709E+19,  1.047780228809E+13,  1.678996401510E+02,  1.215226326998E+01,  1.457473757204E+02,NaN,  9.999999145320E+00,NaN,  2.015255336790E-06,  3.962721978183E-02,NaN,  3.504050000000E+06,  4.269636261927E-07
  1.938292397691E+00,  3.454735935417E+03,  3.598503748437E+03,  2.361394521277E+05,  2.371615505340E+05,  9.918599818371E+02,  9.298883006098E-01,NaN,NaN,  2.557068754272E-03,  4.123140213138E+15,  6.609382388813E+19,  2.068185387069E+20,  3.471242167395E+17,  4.625889860788E+20,  5.906463970720E+19,  1.046968107793E+13,  1.679088116018E+02,  1.215511555322E+01,  1.457536951887E+02,NaN,  9.999998846260E+00,NaN,  2.013693338226E-06,  3.962701766417E-02,NaN,  3.504050000000E+06,  4.270777024895E-07
  2.440764884020E+00,  3.454416534733E+03,  3.598111853043E+03,  2.359596984389E+05,  2.369817780941E+05,  9.918599818371E+02,  9.297217984559E-01,NaN,NaN,  2.557726344353E-03,  4.133157756138E+15,  6.608485258225E+19,  2.068274997238E+20,  3.480129078055E+17,  4.625864382196E+20,  5.906629710896E+19,  1.046156818895E+13,  1.679179777774E+02,  1.215796682512E+01,  1.457600103929E+02,NaN,  9.999998547217E+00,NaN,  2.012132940124E-06,  3.962681558745E-02,NaN,  3.504050000000E+06,  4.271917567942E-07
  3.606845006916E+00,  3.453676238848E+03,  3.597203535535E+03,  2.355432748915E+05,  2.365653063101E+05,  9.918599818371E+02,  9.293350103896E-01,NaN,NaN,  2.559252206904E-03,  4.156432069815E+15,  6.606400904953E+19,  2.068483193522E+20,  3.500785467978E+17,  4.625805156920E+20,  5.907014989874E+19,  1.044277384844E+13,  1.679392775896E+02,  1.216459486982E+01,  1.457746828580E+02,NaN,  9.999997853295E+00,NaN,  2.008518117667E-06,  3.962634572257E-02,NaN,  3.504050000000E+06,  4.274563562921E-07
  4.772925129812E+00,  3.452937302640E+03,  3.596296820578E+03,  2.351277394934E+05,  2.361497180491E+05,  9.918599818371E+02,  9.289471274687E-01,NaN,NaN,  2.560778139747E-03,  4.179776974567E+15,  6.604310229879E+19,  2.068692021281E+20,  3.521517070755E+17,  4.625745710621E+20,  5.907401726972E+19,  1.042402567710E+13,  1.679606469647E+02,  1.217124797464E+01,  1.457893998256E+02,NaN,  9.999997159462E+00,NaN,  2.004912175188E-06,  3.962587391402E-02,NaN,  3.504050000000E+06,  4.277208372356E-07
  5.939005252708E+00,  3.452199545768E+03,  3.595391703871E+03,  2.347134756487E+05,  2.357354158218E+05,  9.918599818371E+02,  9.285599282619E-01,NaN,NaN,  2.562303090492E-03,  4.203085431349E+15,  6.602222818914E+19,  2.068900522993E+20,  3.542228868559E+17,  4.625686315714E+20,  5.907788148226E+19,  1.040532367493E+13,  1.679819879327E+02,  1.217789565022E+01,  1.458040938155E+02,NaN,  9.999996465717E+00,NaN,  2.001315112689E-06,  3.962540232420E-02,NaN,  3.504050000000E+06,  4.279851996721E-07
  7.105085375604E+00,  3.451463202834E+03,  3.594488182059E+03,  2.342999616331E+05,  2.353218414057E+05,  9.918599818371E+02,  9.281709928313E-01,NaN,NaN,  2.563828472515E-03,  4.226503131296E+15,  6.600125624648E+19,  2.069110001943E+20,  3.563050392280E+17,  4.625626600742E+20,  5.908176672901E+19,  1.038666730507E+13,  1.680034339219E+02,  1.218457947680E+01,  1.458188566753E+02,NaN,  9.999995772061E+00,NaN,  1.997726826912E-06,  3.962492800165E-02,NaN,  3.504050000000E+06,  4.282494433771E-07
  8.271165498500E+00,  3.450728062453E+03,  3.593586250927E+03,  2.338876486037E+05,  2.349094953175E+05,  9.918599818371E+02,  9.277825133521E-01,NaN,NaN,  2.565353045256E-03,  4.249898116773E+15,  6.598030464583E+19,  2.069319277701E+20,  3.583864395288E+17,  4.625566901895E+20,  5.908565111552E+19,  1.036805683595E+13,  1.680248641121E+02,  1.219126182408E+01,  1.458336052153E+02,NaN,  9.999995078493E+00,NaN,  1.994147369486E-06,  3.962445361667E-02,NaN,  3.504050000000E+06,  4.285135683812E-07
  9.437245621396E+00,  3.449994211964E+03,  3.592685906516E+03,  2.334763354977E+05,  2.344981280993E+05,  9.918599818371E+02,  9.273934400950E-01,NaN,NaN,  2.566877349007E-03,  4.273333600569E+15,  6.595931677681E+19,  2.069528915737E+20,  3.604727142602E+17,  4.625507057792E+20,  5.908954515342E+19,  1.034949146230E+13,  1.680463364208E+02,  1.219796075854E+01,  1.458483792867E+02,NaN,  9.999994385013E+00,NaN,  1.990576585527E-06,  3.962397788606E-02,NaN,  3.504050000000E+06,  4.287775746443E-07
  1.060332574429E+01,  3.449261668230E+03,  3.591787145050E+03,  2.330659758091E+05,  2.340877212083E+05,  9.918599818371E+02,  9.270036876958E-01,NaN,NaN,  2.568401503327E-03,  4.296814757190E+15,  6.593828800538E+19,  2.069738962341E+20,  3.625643322475E+17,  4.625447054948E+20,  5.909344972244E+19,  1.033097172097E+13,  1.680678556223E+02,  1.220467779221E+01,  1.458631821515E+02,NaN,  9.999993691623E+00,NaN,  1.987014578292E-06,  3.962350070144E-02,NaN,  3.504050000000E+06,  4.290414620770E-07
  1.252863473212E+01,  3.448054894243E+03,  3.590306655601E+03,  2.323907799489E+05,  2.334124513405E+05,  9.918599818371E+02,  9.263598454670E-01,NaN,NaN,  2.570916960792E-03,  4.335614334939E+15,  6.590354067756E+19,  2.070086037223E+20,  3.660232657479E+17,  4.625347815501E+20,  5.909990796911E+19,  1.030049336010E+13,  1.681034244017E+02,  1.221578789996E+01,  1.458876419736E+02,NaN,  9.999992546965E+00,NaN,  1.981152501712E-06,  3.962271105912E-02,NaN,  3.504050000000E+06,  4.294769059597E-07
  1.445394371995E+01,  3.446851529898E+03,  3.588830451490E+03,  2.317184394116E+05,  2.327400354523E+05,  9.918599818371E+02,  9.257153417847E-01,NaN,NaN,  2.573431239215E-03,  4.374466812421E+15,  6.586874597524E+19,  2.070433585322E+20,  3.694904218382E+17,  4.625248325100E+20,  5.910638308919E+19,  1.027013793805E+13,  1.681390555292E+02,  1.222692700613E+01,  1.459121351452E+02,NaN,  9.999991402551E+00,NaN,  1.975314070657E-06,  3.962191889467E-02,NaN,  3.504050000000E+06,  4.299120260899E-07
  1.637925270777E+01,  3.445651715861E+03,  3.587358516571E+03,  2.310486061663E+05,  2.320701161652E+05,  9.918599818371E+02,  9.250686687504E-01,NaN,NaN,  2.575945264754E-03,  4.413463174670E+15,  6.583382241655E+19,  2.070782420546E+20,  3.729739519452E+17,  4.625148349706E+20,  5.911289033535E+19,  1.023990518642E+13,  1.681748325795E+02,  1.223812132566E+01,  1.459367190260E+02,NaN,  9.999990258379E+00,NaN,  1.969499233498E-06,  3.962112233947E-02,NaN,  3.504050000000E+06,  4.303468218858E-07
  1.830456169560E+01,  3.444455258851E+03,  3.585890833216E+03,  2.303816555065E+05,  2.314030985106E+05,  9.918599818371E+02,  9.244216847686E-01,NaN,NaN,  2.578457955031E-03,  4.452491440259E+15,  6.579887028677E+19,  2.071131541163E+20,  3.764638821030E+17,  4.625048175399E+20,  5.911941107333E+19,  1.020979429990E+13,  1.682106529293E+02,  1.224933883160E+01,  1.459613230195E+02,NaN,  9.999989114452E+00,NaN,  1.963707835353E-06,  3.962032366980E-02,NaN,  3.504050000000E+06,  4.307812932320E-07
  2.022987068343E+01,  3.443262163016E+03,  3.584427383570E+03,  2.297175323865E+05,  2.307388999489E+05,  9.918599818371E+02,  9.237741222580E-01,NaN,NaN,  2.580969419996E-03,  4.491567788361E+15,  6.576387509657E+19,  2.071481091903E+20,  3.799616753885E+17,  4.624947760102E+20,  5.912594804797E+19,  1.017980501009E+13,  1.682465314959E+02,  1.226058424151E+01,  1.459859573257E+02,NaN,  9.999987970768E+00,NaN,  1.957939824593E-06,  3.961952254799E-02,NaN,  3.504050000000E+06,  4.312154401103E-07
  2.338293928270E+01,  3.441315637361E+03,  3.582039788599E+03,  2.286355629449E+05,  2.296568058435E+05,  9.918599818371E+02,  9.227106525847E-01,NaN,NaN,  2.585080936597E-03,  4.555770150859E+15,  6.570637806988E+19,  2.072055403119E+20,  3.857162991707E+17,  4.624782522031E+20,  5.913670615912E+19,  1.013095293130E+13,  1.683055105821E+02,  1.227909109040E+01,  1.460264314449E+02,NaN,  9.999986098297E+00,NaN,  1.948543826292E-06,  3.961820311087E-02,NaN,  3.504050000000E+06,  4.319257419954E-07
  2.653600788197E+01,  3.439378178705E+03,  3.579663425208E+03,  2.275607483876E+05,  2.285818691493E+05,  9.918599818371E+02,  9.216443495905E-01,NaN,NaN,  2.589190093153E-03,  4.620179318981E+15,  6.564869583772E+19,  2.072631564315E+20,  3.914991705776E+17,  4.624616431182E+20,  5.914752130167E+19,  1.008242296298E+13,  1.683647180597E+02,  1.229769595405E+01,  1.460670359400E+02,NaN,  9.999984226484E+00,NaN,  1.939209781330E-06,  3.961687542405E-02,NaN,  3.504050000000E+06,  4.326351730791E-07
  2.968907648125E+01,  3.437449696583E+03,  3.577298220930E+03,  2.264930985397E+05,  2.275140984362E+05,  9.918599818371E+02,  9.205755803134E-01,NaN,NaN,  2.593296687835E-03,  4.684773414971E+15,  6.559084799290E+19,  2.073209379788E+20,  3.973084386277E+17,  4.624449540157E+20,  5.915839006690E+19,  1.003421322614E+13,  1.684241342780E+02,  1.231639297387E+01,  1.461077570188E+02,NaN,  9.999982355331E+00,NaN,  1.929937328312E-06,  3.961553989314E-02,NaN,  3.504050000000E+06,  4.333437320284E-07
  3.613982699272E+01,  3.433531982231E+03,  3.572493763424E+03,  2.243308821940E+05,  2.253516360127E+05,  9.918599818371E+02,  9.183815273134E-01,NaN,NaN,  2.601690303643E-03,  4.817490140600E+15,  6.547199229625E+19,  2.074396574751E+20,  4.092751939202E+17,  4.624105621690E+20,  5.918079251896E+19,  9.936569732692E+12,  1.685463346374E+02,  1.235493057171E+01,  1.461914236252E+02,NaN,  9.999978529304E+00,NaN,  1.911156999588E-06,  3.961278316698E-02,NaN,  3.504050000000E+06,  4.347906360893E-07
  4.259057750420E+01,  3.429651096573E+03,  3.567735103662E+03,  2.221979299688E+05,  2.232184417631E+05,  9.918599818371E+02,  9.161780041743E-01,NaN,NaN,  2.610073054480E-03,  4.950932779083E+15,  6.535248650682E+19,  2.075590263396E+20,  4.213494676742E+17,  4.623758432425E+20,  5.920341454091E+19,  9.840238034123E+12,  1.686693699898E+02,  1.239384552246E+01,  1.462755478687E+02,NaN,  9.999974706067E+00,NaN,  1.892628975838E-06,  3.960999405909E-02,NaN,  3.504050000000E+06,  4.362338739722E-07
  4.904132801567E+01,  3.425806549574E+03,  3.563021634524E+03,  2.200937501281E+05,  2.211140225124E+05,  9.918599818371E+02,  9.139655049943E-01,NaN,NaN,  2.618444896577E-03,  5.085073601054E+15,  6.523235545710E+19,  2.076790197651E+20,  4.335296485198E+17,  4.623408014141E+20,  5.922625356438E+19,  9.745199340656E+12,  1.687932184381E+02,  1.243313341171E+01,  1.463601122664E+02,NaN,  9.999970885634E+00,NaN,  1.874349643117E-06,  3.960717279035E-02,NaN,  3.504050000000E+06,  4.376734380258E-07
  5.549207852715E+01,  3.421997836478E+03,  3.558352730266E+03,  2.180178469232E+05,  2.190378843888E+05,  9.918599818371E+02,  9.117445066863E-01,NaN,NaN,  2.626805841793E-03,  5.219885797636E+15,  6.511162315621E+19,  2.077996137709E+20,  4.458141858008E+17,  4.623054406967E+20,  5.924930712823E+19,  9.651434862515E+12,  1.689178588519E+02,  1.247279000933E+01,  1.464450999183E+02,NaN,  9.999967068019E+00,NaN,  1.856315387480E-06,  3.960431957212E-02,NaN,  3.504050000000E+06,  4.391093298656E-07
  6.533450557200E+01,  3.416254506076E+03,  3.551313511337E+03,  2.149039062441E+05,  2.159235918827E+05,  9.918599818371E+02,  9.083405640079E-01,NaN,NaN,  2.639541700328E-03,  5.426805565192E+15,  6.492631426630E+19,  2.079847104283E+20,  4.647545632960E+17,  4.622508846643E+20,  5.928488829149E+19,  9.510783179432E+12,  1.691095042258E+02,  1.253399585486E+01,  1.465755452930E+02,NaN,  9.999961248709E+00,NaN,  1.829263048911E-06,  3.959990527812E-02,NaN,  3.504050000000E+06,  4.412931074454E-07
  7.517693261685E+01,  3.410591750516E+03,  3.544374532846E+03,  2.118530513461E+05,  2.128723899698E+05,  9.918599818371E+02,  9.049196746214E-01,NaN,NaN,  2.652252031372E-03,  5.635127210642E+15,  6.473974992174E+19,  2.081710611412E+20,  4.839281929963E+17,  4.621956115740E+20,  5.932095328014E+19,  9.372988347772E+12,  1.693028648905E+02,  1.259603319850E+01,  1.467068744532E+02,NaN,  9.999955436044E+00,NaN,  1.802760184832E-06,  3.959541803124E-02,NaN,  3.504050000000E+06,  4.434683306082E-07
  8.501935966170E+01,  3.405007926287E+03,  3.537533762467E+03,  2.088636856437E+05,  2.098826858945E+05,  9.918599818371E+02,  9.014834543406E-01,NaN,NaN,  2.664936751637E-03,  5.844758618230E+15,  6.455201261679E+19,  2.083585835066E+20,  5.033295290132E+17,  4.621396358832E+20,  5.935749318196E+19,  9.237987555992E+12,  1.694978674552E+02,  1.265888672230E+01,  1.468390293261E+02,NaN,  9.999949630066E+00,NaN,  1.776794714343E-06,  3.959085865324E-02,NaN,  3.504050000000E+06,  4.456349935428E-07
  9.486178670655E+01,  3.399501430912E+03,  3.530789225804E+03,  2.059342764036E+05,  2.069529454143E+05,  9.918599818371E+02,  8.980335054444E-01,NaN,NaN,  2.677595727023E-03,  6.055607845962E+15,  6.436318469017E+19,  2.085471952770E+20,  5.229529087377E+17,  4.620829724274E+20,  5.939449882338E+19,  9.105717724128E+12,  1.696944381897E+02,  1.272254065916E+01,  1.469719519483E+02,NaN,  9.999943830815E+00,NaN,  1.751354504914E-06,  3.958622801843E-02,NaN,  3.504050000000E+06,  4.477930902632E-07
  9.978300022898E+01,  3.396776737900E+03,  3.527452437264E+03,  2.044914835077E+05,  2.055099896839E+05,  9.918599818371E+02,  8.963033797710E-01,NaN,NaN,  2.683915867373E-03,  6.161491379378E+15,  6.426836325441E+19,  2.086419219187E+20,  5.328489397625E+17,  4.620543900999E+20,  5.941317900421E+19,  9.040587792854E+12,  1.697933248938E+02,  1.275467243720E+01,  1.470387097841E+02,NaN,  9.999940933621E+00,NaN,  1.738827694618E-06,  3.958388573038E-02,NaN,  3.504050000000E+06,  4.488689263742E-07
  1.048689825933E+02,  3.394235456527E+03,  3.524334388105E+03,  2.031366623698E+05,  2.041506725142E+05,  9.918599818371E+02,  8.946746003574E-01,NaN,NaN,  2.689891161226E-03,  6.264932973681E+15,  6.417572970018E+19,  2.087345028767E+20,  5.425464476122E+17,  4.620310258292E+20,  5.943159312478E+19,  9.024370604512E+12,  1.698902429295E+02,  1.278634778596E+01,  1.471039554668E+02,NaN,  9.999937941056E+00,NaN,  1.735708550502E-06,  3.958156471579E-02,NaN,  3.509448730390E+06,  4.498791527683E-07
  1.104826206158E+02,  3.391516216384E+03,  3.521039786655E+03,  2.017794826842E+05,  2.027933872187E+05,  9.918599818371E+02,  8.929478975086E-01,NaN,NaN,  2.696007482547E-03,  6.353015010498E+15,  6.409683532638E+19,  2.088133894892E+20,  5.508214891544E+17,  4.620141553352E+20,  5.944739107263E+19,  9.027409716774E+12,  1.699730159862E+02,  1.281352944010E+01,  1.471595501699E+02,NaN,  9.999934639842E+00,NaN,  1.736293080257E-06,  3.957956496032E-02,NaN,  3.517584948673E+06,  4.509517760553E-07
  1.162141787681E+02,  3.388834559804E+03,  3.517696815238E+03,  2.002452261803E+05,  2.012590194915E+05,  9.918599818371E+02,  8.911938582290E-01,NaN,NaN,  2.702793385615E-03,  6.491189004460E+15,  6.397301680779E+19,  2.089371515943E+20,  5.638241896053E+17,  4.619836864904E+20,  5.947220042037E+19,  9.030547609579E+12,  1.701029032374E+02,  1.285619971496E+01,  1.472467705142E+02,NaN,  9.999931271324E+00,NaN,  1.736896609036E-06,  3.957642784302E-02,NaN,  3.525825556179E+06,  4.520456408995E-07
  1.223858295967E+02,  3.385891777007E+03,  3.514120000538E+03,  1.987603440335E+05,  1.997740193759E+05,  9.918599818371E+02,  8.893123850420E-01,NaN,NaN,  2.709587475550E-03,  6.595134071032E+15,  6.387983708115E+19,  2.090303151432E+20,  5.736284927835E+17,  4.619629851601E+20,  5.949099235212E+19,  9.033926279959E+12,  1.702008862217E+02,  1.288853006485E+01,  1.473124267730E+02,NaN,  9.999927646292E+00,NaN,  1.737546447936E-06,  3.957404316846E-02,NaN,  3.534625847512E+06,  4.532221944251E-07
  1.297676105855E+02,  3.382424097529E+03,  3.509873168306E+03,  1.969483263580E+05,  1.979618738566E+05,  9.918599818371E+02,  8.870737215694E-01,NaN,NaN,  2.717901223957E-03,  6.736554309250E+15,  6.375300904377E+19,  2.091571063565E+20,  5.869953996231E+17,  4.619333880288E+20,  5.951664895193E+19,  9.037996145717E+12,  1.703343720485E+02,  1.293266513976E+01,  1.474017818568E+02,NaN,  9.999923313582E+00,NaN,  1.738329228376E-06,  3.957078493095E-02,NaN,  3.545052214368E+06,  4.546274935112E-07
  1.363468842139E+02,  3.379336240165E+03,  3.506116163711E+03,  1.953917823841E+05,  1.964052145002E+05,  9.918599818371E+02,  8.850875202859E-01,NaN,NaN,  2.725169259399E-03,  6.850806467912E+15,  6.365050261553E+19,  2.092595914140E+20,  5.978192778480E+17,  4.619101102031E+20,  5.953748913883E+19,  9.041638678255E+12,  1.704424465120E+02,  1.296851794471E+01,  1.474740073736E+02,NaN,  9.999919454639E+00,NaN,  1.739029817387E-06,  3.956813253838E-02,NaN,  3.554255781633E+06,  4.558783256788E-07
  1.431854682754E+02,  3.376152200484E+03,  3.502238969493E+03,  1.937849041113E+05,  1.947982180951E+05,  9.918599818371E+02,  8.830335530466E-01,NaN,NaN,  2.732743462464E-03,  6.971880740040E+15,  6.354183191984E+19,  2.093682372308E+20,  6.093131576146E+17,  4.618851409681E+20,  5.955966583828E+19,  9.045443608153E+12,  1.705571609887E+02,  1.300666916689E+01,  1.475505746357E+02,NaN,  9.999915446369E+00,NaN,  1.739761641206E-06,  3.956530626293E-02,NaN,  3.563733935140E+06,  4.571767363834E-07
  1.518929148679E+02,  3.372169153267E+03,  3.497342908073E+03,  1.916857725470E+05,  1.926989188101E+05,  9.918599818371E+02,  8.804340096975E-01,NaN,NaN,  2.742664534766E-03,  7.150574004341E+15,  6.338136009586E+19,  2.095286523323E+20,  6.263203308461E+17,  4.618463131846E+20,  5.959254282036E+19,  9.050323044887E+12,  1.707267588370E+02,  1.306322086618E+01,  1.476636258832E+02,NaN,  9.999910346859E+00,NaN,  1.740700131039E-06,  3.956111207915E-02,NaN,  3.575674107199E+06,  4.588274232903E-07
  1.594892164236E+02,  3.368700032955E+03,  3.493108104099E+03,  1.899258074170E+05,  1.909388230637E+05,  9.918599818371E+02,  8.781793762384E-01,NaN,NaN,  2.751147439682E-03,  7.292294569607E+15,  6.325402312904E+19,  2.096559535207E+20,  6.398476155721E+17,  4.618161642755E+20,  5.961878879517E+19,  9.054595303389E+12,  1.708616179238E+02,  1.310836991268E+01,  1.477533403678E+02,NaN,  9.999905901737E+00,NaN,  1.741521838827E-06,  3.955775551615E-02,NaN,  3.585975905919E+06,  4.602652309710E-07
  1.675513986419E+02,  3.364974756045E+03,  3.488650154640E+03,  1.882284205635E+05,  1.892413100614E+05,  9.918599818371E+02,  8.757984505092E-01,NaN,NaN,  2.759608100321E-03,  7.397578411041E+15,  6.315939197290E+19,  2.097505913609E+20,  6.499221345833E+17,  4.617966357387E+20,  5.963843571667E+19,  9.059131155623E+12,  1.709621180285E+02,  1.314217947680E+01,  1.478200356216E+02,NaN,  9.999901187698E+00,NaN,  1.742394245098E-06,  3.955523306278E-02,NaN,  3.596794836538E+06,  4.617889822319E-07
  1.761985429346E+02,  3.361103909998E+03,  3.483910194693E+03,  1.862477117501E+05,  1.872604494604E+05,  9.918599818371E+02,  8.732627324672E-01,NaN,NaN,  2.769356954074E-03,  7.568325073500E+15,  6.300583454045E+19,  2.099040975962E+20,  6.662944495561E+17,  4.617592544031E+20,  5.967035227122E+19,  9.064040656000E+12,  1.711251958302E+02,  1.319708004953E+01,  1.479282179014E+02,NaN,  9.999896135894E+00,NaN,  1.743338517243E-06,  3.955113970710E-02,NaN,  3.608269362992E+06,  4.634206903820E-07
  1.852986508113E+02,  3.357070944944E+03,  3.478967759091E+03,  1.841840930472E+05,  1.851966751777E+05,  9.918599818371E+02,  8.706110911876E-01,NaN,NaN,  2.779646227566E-03,  7.751113105215E+15,  6.284135031171E+19,  2.100685242394E+20,  6.838769512424E+17,  4.617187350477E+20,  5.970473998419E+19,  9.069229318783E+12,  1.713002189776E+02,  1.325623015844E+01,  1.480440962505E+02,NaN,  9.999890824292E+00,NaN,  1.744336482281E-06,  3.954672054491E-02,NaN,  3.620202541548E+06,  4.651349220462E-07
  1.947024497993E+02,  3.352863291116E+03,  3.473908592973E+03,  1.822399348704E+05,  1.832523675607E+05,  9.918599818371E+02,  8.678875963814E-01,NaN,NaN,  2.789675425206E-03,  7.890787039041E+15,  6.271560064594E+19,  2.101942629636E+20,  6.973542209346E+17,  4.616905648351E+20,  5.973123547424E+19,  9.074591652792E+12,  1.714344140191E+02,  1.330181733215E+01,  1.481327096011E+02,NaN,  9.999885340466E+00,NaN,  1.745367850495E-06,  3.954330305106E-02,NaN,  3.632384381792E+06,  4.669033422559E-07
  2.046909329182E+02,  3.348525583334E+03,  3.468587931276E+03,  1.800287676770E+05,  1.810410343674E+05,  9.918599818371E+02,  8.650179053873E-01,NaN,NaN,  2.801007127160E-03,  8.096096831114E+15,  6.253063766514E+19,  2.103791566840E+20,  7.172206185660E+17,  4.616440988280E+20,  5.977033747991E+19,  9.080331661325E+12,  1.716319677225E+02,  1.336907449704E+01,  1.482630119577E+02,NaN,  9.999879521363E+00,NaN,  1.746471858999E-06,  3.953825900714E-02,NaN,  3.645159809828E+06,  4.687782882105E-07
  2.150910216255E+02,  3.343976080799E+03,  3.463104839429E+03,  1.779185039935E+05,  1.789306072722E+05,  9.918599818371E+02,  8.620495547388E-01,NaN,NaN,  2.812190834656E-03,  8.260490441722E+15,  6.238244889275E+19,  2.105273218905E+20,  7.331838489689E+17,  4.616095293767E+20,  5.980192376043E+19,  9.086306810499E+12,  1.717907217749E+02,  1.342341636819E+01,  1.483674301906E+02,NaN,  9.999873468550E+00,NaN,  1.747621093440E-06,  3.953416986516E-02,NaN,  3.658286735590E+06,  4.707268779336E-07
  2.258626957842E+02,  3.339315079065E+03,  3.457486255329E+03,  1.757638619066E+05,  1.767758130622E+05,  9.918599818371E+02,  8.589979840947E-01,NaN,NaN,  2.823782630424E-03,  8.432834928775E+15,  6.222700512741E+19,  2.106827383204E+20,  7.499704194602E+17,  4.615728265951E+20,  5.983524332419E+19,  9.092513342359E+12,  1.719575667502E+02,  1.348073913062E+01,  1.484769586646E+02,NaN,  9.999867206127E+00,NaN,  1.748814831030E-06,  3.952984848291E-02,NaN,  3.671697667380E+06,  4.727410994512E-07
  2.371771514203E+02,  3.334557254430E+03,  3.451649199145E+03,  1.733691062140E+05,  1.743808581681E+05,  9.918599818371E+02,  8.558221281958E-01,NaN,NaN,  2.836642459222E-03,  8.669762714764E+15,  6.201314836166E+19,  2.108965095513E+20,  7.731271068005E+17,  4.615176319050E+20,  5.988131552162E+19,  9.099074464159E+12,  1.721874573784E+02,  1.355998277955E+01,  1.486276122135E+02,NaN,  9.999860635262E+00,NaN,  1.750076768921E-06,  3.952386809367E-02,NaN,  3.685586985509E+06,  4.748526123332E-07
  2.491014105925E+02,  3.329521190102E+03,  3.445567855734E+03,  1.710424099091E+05,  1.720539884760E+05,  9.918599818371E+02,  8.524992823821E-01,NaN,NaN,  2.849562257194E-03,  8.869873602595E+15,  6.183239459829E+19,  2.110772217374E+20,  7.927662138484E+17,  4.614734396011E+20,  5.992060964557E+19,  9.105982391562E+12,  1.723824030902E+02,  1.362757995326E+01,  1.487549676675E+02,NaN,  9.999853718082E+00,NaN,  1.751405409908E-06,  3.951874940787E-02,NaN,  3.700011109082E+06,  4.770733215234E-07
  2.619829003669E+02,  3.324156657313E+03,  3.439078033847E+03,  1.685531323450E+05,  1.695645147044E+05,  9.918599818371E+02,  8.489427292378E-01,NaN,NaN,  2.863606120676E-03,  9.094294454027E+15,  6.162953419926E+19,  2.112800277992E+20,  8.148759264333E+17,  4.614227866259E+20,  5.996501975703E+19,  9.113461528194E+12,  1.726017165368E+02,  1.370397492726E+01,  1.488978936020E+02,NaN,  9.999846254703E+00,NaN,  1.752843914815E-06,  3.951295218344E-02,NaN,  3.715352032360E+06,  4.794669544809E-07
  2.751303673565E+02,  3.318745567971E+03,  3.432537677353E+03,  1.660674550026E+05,  1.670786511276E+05,  9.918599818371E+02,  8.453469423465E-01,NaN,NaN,  2.877908012713E-03,  9.322159634549E+15,  6.142340047644E+19,  2.114861060015E+20,  8.374179396170E+17,  4.613708955365E+20,  6.001050159584E+19,  9.121104672740E+12,  1.728251791373E+02,  1.378221318514E+01,  1.490431255510E+02,NaN,  9.999838646845E+00,NaN,  1.754313964298E-06,  3.950700055591E-02,NaN,  3.730758314017E+06,  4.819043961511E-07
  2.889239816367E+02,  3.313061775963E+03,  3.425764406318E+03,  1.636625645888E+05,  1.646735590869E+05,  9.918599818371E+02,  8.416075161737E-01,NaN,NaN,  2.892237749552E-03,  9.510890954149E+15,  6.125255397681E+19,  2.116569432369E+20,  8.561640545579E+17,  4.613309641520E+20,  6.004854527305E+19,  9.129107238882E+12,  1.730110247642E+02,  1.384767061970E+01,  1.491635217133E+02,NaN,  9.999830675367E+00,NaN,  1.755853143382E-06,  3.950200438528E-02,NaN,  3.746656300969E+06,  4.844556640145E-07
  3.034774771994E+02,  3.307232882823E+03,  3.418714134722E+03,  1.610050660363E+05,  1.620158691717E+05,  9.918599818371E+02,  8.377047281787E-01,NaN,NaN,  2.908115064323E-03,  9.769878768220E+15,  6.101791316636E+19,  2.118915129251E+20,  8.819875535175E+17,  4.612703094348E+20,  6.010108890077E+19,  9.137580623158E+12,  1.732667099857E+02,  1.393805314506E+01,  1.493288328070E+02,NaN,  9.999822276119E+00,NaN,  1.757482877597E-06,  3.949509857947E-02,NaN,  3.763143251255E+06,  4.871409181515E-07
  3.188986064560E+02,  3.301146627300E+03,  3.411349101967E+03,  1.582406197512E+05,  1.592512053395E+05,  9.918599818371E+02,  8.336130428170E-01,NaN,NaN,  2.924978392578E-03,  1.004853765986E+16,  6.076521829269E+19,  2.121441265411E+20,  9.099111623654E+17,  4.612039567694E+20,  6.015820246415E+19,  9.146558378740E+12,  1.735429698042E+02,  1.403629444291E+01,  1.495068602131E+02,NaN,  9.999813388957E+00,NaN,  1.759209620415E-06,  3.948757214892E-02,NaN,  3.780299972817E+06,  4.899788664030E-07
  3.365984335353E+02,  3.294208037277E+03,  3.403025761277E+03,  1.552527006178E+05,  1.562630464860E+05,  9.918599818371E+02,  8.289697804105E-01,NaN,NaN,  2.943809923966E-03,  1.033102623754E+16,  6.050880716953E+19,  2.124004796631E+20,  9.383688018789E+17,  4.611382580395E+20,  6.021678244195E+19,  9.156836118486E+12,  1.738243956529E+02,  1.413706768144E+01,  1.496875230059E+02,NaN,  9.999803204384E+00,NaN,  1.761186396584E-06,  3.947982593643E-02,NaN,  3.799607984287E+06,  4.932271199791E-07
  3.535975370814E+02,  3.287622083783E+03,  3.395159484531E+03,  1.525020127893E+05,  1.535121443904E+05,  9.918599818371E+02,  8.245635523244E-01,NaN,NaN,  2.961646701441E-03,  1.058624976244E+16,  6.027693143745E+19,  2.126323136896E+20,  9.642106553146E+17,  4.610792988150E+20,  6.027028678973E+19,  9.166683303906E+12,  1.740798149846E+02,  1.422911361848E+01,  1.498509061641E+02,NaN,  9.999793438905E+00,NaN,  1.763080361790E-06,  3.947272998042E-02,NaN,  3.817777202560E+06,  4.963377404711E-07
  3.713084607550E+02,  3.280866895686E+03,  3.387093420255E+03,  1.497042162128E+05,  1.507141028183E+05,  9.918599818371E+02,  8.200285169939E-01,NaN,NaN,  2.980219358377E-03,  1.085382782463E+16,  6.003361377679E+19,  2.128755840752E+20,  9.914369759272E+17,  4.610165388663E+20,  6.032694944440E+19,  9.176920511417E+12,  1.743487253386E+02,  1.432659128837E+01,  1.500223490041E+02,NaN,  9.999783281023E+00,NaN,  1.765049342165E-06,  3.946519668253E-02,NaN,  3.836329107660E+06,  4.995692311713E-07
  3.900139573663E+02,  3.273934695866E+03,  3.378713571272E+03,  1.466579543413E+05,  1.476676187493E+05,  9.918599818371E+02,  8.153021820549E-01,NaN,NaN,  3.000664223646E-03,  1.119763302957E+16,  5.972063361081E+19,  2.131884507569E+20,  1.026613768933E+18,  4.609299788885E+20,  6.040052470497E+19,  9.187731075560E+12,  1.746957554380E+02,  1.445314182848E+01,  1.502428392718E+02,NaN,  9.999772570617E+00,NaN,  1.767128599483E-06,  3.945539626072E-02,NaN,  3.855518806942E+06,  5.029721618883E-07
  4.097407595036E+02,  3.266662679420E+03,  3.370026918848E+03,  1.436839718974E+05,  1.446934022046E+05,  9.918599818371E+02,  8.103807681506E-01,NaN,NaN,  3.021421247368E-03,  1.150471310584E+16,  5.944077809524E+19,  2.134682394921E+20,  1.058231935615E+18,  4.608549903661E+20,  6.046716166148E+19,  9.199064263938E+12,  1.750075536447E+02,  1.456777245640E+01,  1.504400181237E+02,NaN,  9.999761295276E+00,NaN,  1.769308376093E-06,  3.944648652038E-02,NaN,  3.875321444325E+06,  5.065498198108E-07
  4.305766297096E+02,  3.259118509835E+03,  3.361015205308E+03,  1.406227518534E+05,  1.416319328499E+05,  9.918599818371E+02,  8.052549417752E-01,NaN,NaN,  3.043363291818E-03,  1.183259090174E+16,  5.914164019406E+19,  2.137673004596E+20,  1.092196262030E+18,  4.607734091943E+20,  6.053920071539E+19,  9.210982619665E+12,  1.753422233193E+02,  1.469169321401E+01,  1.506507789258E+02,NaN,  9.999749407901E+00,NaN,  1.771600701270E-06,  3.943682773157E-02,NaN,  3.895769287344E+06,  5.103163805672E-07
  4.521330099238E+02,  3.251363775664E+03,  3.351862720175E+03,  1.377082144195E+05,  1.387171638760E+05,  9.918599818371E+02,  8.000265646324E-01,NaN,NaN,  3.065144434011E-03,  1.211151403707E+16,  5.888690615054E+19,  2.140220121504E+20,  1.121263677966E+18,  4.607073224559E+20,  6.060132259749E+19,  9.223218254202E+12,  1.756285964938E+02,  1.479857265378E+01,  1.508302849332E+02,NaN,  9.999737132836E+00,NaN,  1.773954050486E-06,  3.942846794475E-02,NaN,  3.916437415943E+06,  5.142003256457E-07
  4.748126029875E+02,  3.243443433575E+03,  3.342415052284E+03,  1.345705625677E+05,  1.355792565912E+05,  9.918599818371E+02,  7.946092403067E-01,NaN,NaN,  3.088943009884E-03,  1.246781794128E+16,  5.856112650660E+19,  2.143477021234E+20,  1.158614398875E+18,  4.606159627550E+20,  6.068156278174E+19,  9.236046840425E+12,  1.759961360942E+02,  1.493659776244E+01,  1.510598123118E+02,NaN,  9.999724243517E+00,NaN,  1.776421445474E-06,  3.941765195218E-02,NaN,  3.937668077878E+06,  5.182727508759E-07
  4.992312299900E+02,  3.235088735642E+03,  3.332444881636E+03,  1.312819845622E+05,  1.322904083237E+05,  9.918599818371E+02,  7.888690873394E-01,NaN,NaN,  3.114637659849E-03,  1.285815415466E+16,  5.820376669751E+19,  2.147049549295E+20,  1.199830004253E+18,  4.605135697677E+20,  6.077077828830E+19,  9.249766867367E+12,  1.764013529726E+02,  1.509005745634E+01,  1.513115833423E+02,NaN,  9.999710394825E+00,NaN,  1.779060296328E-06,  3.940558993230E-02,NaN,  3.959959129100E+06,  5.226416059298E-07
  5.242396259062E+02,  3.226607390138E+03,  3.322443238883E+03,  1.281922508256E+05,  1.292004211734E+05,  9.918599818371E+02,  7.830838051765E-01,NaN,NaN,  3.139897787393E-03,  1.319145483039E+16,  5.789824862333E+19,  2.150104259264E+20,  1.235279268800E+18,  4.604292134096E+20,  6.084818242560E+19,  9.263673718381E+12,  1.767497790857E+02,  1.522321950092E+01,  1.515268615609E+02,NaN,  9.999696242129E+00,NaN,  1.781735080119E-06,  3.939508525492E-02,NaN,  3.982204056288E+06,  5.270994229397E-07
  5.506363507692E+02,  3.217926783169E+03,  3.312108256426E+03,  1.248811093654E+05,  1.258890038159E+05,  9.918599818371E+02,  7.770838234428E-01,NaN,NaN,  3.167510199824E-03,  1.360723537058E+16,  5.751661415590E+19,  2.153919424561E+20,  1.279819715413E+18,  4.603166049435E+20,  6.094609183469E+19,  9.278260759331E+12,  1.771870463440E+02,  1.539163096802E+01,  1.517957322546E+02,NaN,  9.999681336922E+00,NaN,  1.784540688711E-06,  3.938176976208E-02,NaN,  4.005068771224E+06,  5.317868095119E-07
  5.782027110381E+02,  3.208962199510E+03,  3.301549629510E+03,  1.217000768384E+05,  1.227077065586E+05,  9.918599818371E+02,  7.709257805664E-01,NaN,NaN,  3.195291376164E-03,  1.397717727866E+16,  5.717659543888E+19,  2.157318976786E+20,  1.319765401239E+18,  4.602189376353E+20,  6.103471883709E+19,  9.293314055184E+12,  1.775790747618E+02,  1.554409421465E+01,  1.520353129527E+02,NaN,  9.999665807046E+00,NaN,  1.787435974761E-06,  3.936967216493E-02,NaN,  4.028301655972E+06,  5.366627430623E-07
  6.076110867378E+02,  3.199614111164E+03,  3.290539924806E+03,  1.184169012806E+05,  1.194242420964E+05,  9.918599818371E+02,  7.644768398998E-01,NaN,NaN,  3.224948577149E-03,  1.437668455761E+16,  5.680890833884E+19,  2.160995071117E+20,  1.363235969188E+18,  4.601109283800E+20,  6.113194005728E+19,  9.309207790932E+12,  1.780053711823E+02,  1.571133738002E+01,  1.522943827324E+02,NaN,  9.999649279395E+00,NaN,  1.790492907399E-06,  3.935636532643E-02,NaN,  4.052391917638E+06,  5.418431572224E-07
  6.380655837774E+02,  3.190144769395E+03,  3.279404662119E+03,  1.151557612735E+05,  1.161628427385E+05,  9.918599818371E+02,  7.579253817015E-01,NaN,NaN,  3.255517095255E-03,  1.478504461439E+16,  5.643254199726E+19,  2.164757929663E+20,  1.408032964283E+18,  4.599986109540E+20,  6.123299577357E+19,  9.325475443248E+12,  1.784443769700E+02,  1.588517581985E+01,  1.525595671500E+02,NaN,  9.999632206506E+00,NaN,  1.793621757538E-06,  3.934249381171E-02,NaN,  4.076617738275E+06,  5.471851672206E-07
  6.699926903225E+02,  3.180444424433E+03,  3.268009989794E+03,  1.118717848299E+05,  1.128785680413E+05,  9.918599818371E+02,  7.511938007665E-01,NaN,NaN,  3.287472127817E-03,  1.521099992164E+16,  5.603938278124E+19,  2.168688641674E+20,  1.455156870524E+18,  4.598790524940E+20,  6.134025290196E+19,  9.342320210151E+12,  1.789058767356E+02,  1.606967967947E+01,  1.528365809052E+02,NaN,  9.999614354087E+00,NaN,  1.796861607410E-06,  3.932772945284E-02,NaN,  4.101264288635E+06,  5.527612742362E-07
  7.035107506024E+02,  3.170500816400E+03,  3.256342265550E+03,  1.085643362657E+05,  1.095708741963E+05,  9.918599818371E+02,  7.442710936936E-01,NaN,NaN,  3.320925626546E-03,  1.565579568996E+16,  5.562820353227E+19,  2.172799471736E+20,  1.504804722272E+18,  4.597515336343E+20,  6.145431851761E+19,  9.359771081584E+12,  1.793917786821E+02,  1.626589288551E+01,  1.531262883345E+02,NaN,  9.999595661932E+00,NaN,  1.800218032815E-06,  3.931198340828E-02,NaN,  4.126352208454E+06,  5.585891608490E-07
  7.387622964547E+02,  3.160297437948E+03,  3.244383205742E+03,  1.052321704440E+05,  1.062383893346E+05,  9.918599818371E+02,  7.371456453855E-01,NaN,NaN,  3.356010079846E-03,  1.612086031160E+16,  5.519759718902E+19,  2.177104483145E+20,  1.557204091471E+18,  4.596152260543E+20,  6.157589776636E+19,  9.377866442378E+12,  1.799042864315E+02,  1.647502803327E+01,  1.534296805374E+02,NaN,  9.999576057155E+00,NaN,  1.803698416526E-06,  3.929515259367E-02,NaN,  4.151911249284E+06,  5.646902364632E-07
  7.759369385814E+02,  3.149808797990E+03,  3.232103449828E+03,  1.018704883242E+05,  1.028764108860E+05,  9.918599818371E+02,  7.297972424811E-01,NaN,NaN,  3.392911366227E-03,  1.660850562162E+16,  5.474532429142E+19,  2.181626057875E+20,  1.612695436985E+18,  4.594689327491E+20,  6.170599364512E+19,  9.396662393439E+12,  1.804467019730E+02,  1.669880985773E+01,  1.537483348655E+02,NaN,  9.999555442384E+00,NaN,  1.807313548750E-06,  3.927709185850E-02,NaN,  4.177993583906E+06,  5.710934393479E-07
  8.169579732543E+02,  3.138563256698E+03,  3.218930897155E+03,  9.830074390810E+04,  9.930634900242E+04,  9.918599818371E+02,  7.218801465824E-01,NaN,NaN,  3.433789781262E-03,  1.715751258524E+16,  5.423521125700E+19,  2.186725721063E+20,  1.675854722592E+18,  4.592988919929E+20,  6.185572878034E+19,  9.417074533771E+12,  1.810636284708E+02,  1.695636438419E+01,  1.541077295110E+02,NaN,  9.999532764437E+00,NaN,  1.811239531853E-06,  3.925624618623E-02,NaN,  4.205791369825E+06,  5.781231288931E-07
  8.580377084640E+02,  3.127497116330E+03,  3.206116955894E+03,  9.507833812360E+04,  9.608365195756E+04,  9.918599818371E+02,  7.141423744987E-01,NaN,NaN,  3.472960641563E-03,  1.761612404378E+16,  5.380833875917E+19,  2.190993802685E+20,  1.729192324408E+18,  4.591599296800E+20,  6.198374678114E+19,  9.437108731154E+12,  1.815846240775E+02,  1.717659302010E+01,  1.544085191170E+02,NaN,  9.999510125337E+00,NaN,  1.815092823038E-06,  3.923836324018E-02,NaN,  4.232654491941E+06,  5.851264803710E-07
  9.010179702704E+02,  3.116322898293E+03,  3.193096144313E+03,  9.173317785179E+04,  9.273819351368E+04,  9.918599818371E+02,  7.062484035427E-01,NaN,NaN,  3.515060099672E-03,  1.815774193661E+16,  5.330330344766E+19,  2.196042775262E+20,  1.792855878258E+18,  4.589856973919E+20,  6.213812250717E+19,  9.457745811963E+12,  1.822059614464E+02,  1.744213173011E+01,  1.547643413826E+02,NaN,  9.999486514639E+00,NaN,  1.819062070223E-06,  3.921675603145E-02,NaN,  4.259773359339E+06,  5.924151862142E-07
  9.463253106399E+02,  3.104786011733E+03,  3.179776387198E+03,  8.852484241526E+04,  8.952956344679E+04,  9.918599818371E+02,  6.981350629599E-01,NaN,NaN,  3.557866564467E-03,  1.865183914781E+16,  5.284174443727E+19,  2.200657582638E+20,  1.851601162358E+18,  4.588282963529E+20,  6.228236379156E+19,  9.479053956246E+12,  1.827792926617E+02,  1.769026292491E+01,  1.550895662061E+02,NaN,  9.999461707464E+00,NaN,  1.823160386864E-06,  3.919650714380E-02,NaN,  4.287331090383E+06,  6.000570068845E-07
  9.939386221877E+02,  3.093101898835E+03,  3.166205554208E+03,  8.519145413864E+04,  8.619586559624E+04,  9.918599818371E+02,  6.898374614541E-01,NaN,NaN,  3.604062821455E-03,  1.923406766855E+16,  5.229680768626E+19,  2.206105395096E+20,  1.921637821919E+18,  4.586315940082E+20,  6.245629390089E+19,  9.501071011983E+12,  1.834623651455E+02,  1.798943120050E+01,  1.554734963902E+02,NaN,  9.999435727378E+00,NaN,  1.827395052479E-06,  3.917204490258E-02,NaN,  4.315219067252E+06,  6.080428216106E-07
  1.043682740276E+03,  3.081163096563E+03,  3.152470180329E+03,  8.204002999433E+04,  8.304414559133E+04,  9.918599818371E+02,  6.814012944136E-01,NaN,NaN,  3.650531963917E-03,  1.975821284366E+16,  5.180527899832E+19,  2.211019790340E+20,  1.985478638915E+18,  4.584557473464E+20,  6.261699440746E+19,  9.523569622869E+12,  1.840851160516E+02,  1.826587111338E+01,  1.558198344269E+02,NaN,  9.999408679587E+00,NaN,  1.831722338337E-06,  3.914938066889E-02,NaN,  4.343252669277E+06,  6.163383010755E-07
  1.096091769800E+03,  3.068968652145E+03,  3.138463579641E+03,  7.890297296050E+04,  7.990679185265E+04,  9.918599818371E+02,  6.727623625362E-01,NaN,NaN,  3.699210365995E-03,  2.030163761982E+16,  5.129470856145E+19,  2.216124527527E+20,  2.052471002886E+18,  4.582686083775E+20,  6.278770627888E+19,  9.546797008688E+12,  1.847384985042E+02,  1.855952972339E+01,  1.561795866583E+02,NaN,  9.999380286228E+00,NaN,  1.836189793624E-06,  3.912525634246E-02,NaN,  4.371642448026E+06,  6.250261809249E-07
  1.152092439648E+03,  3.056446396169E+03,  3.123994606344E+03,  7.559963770066E+04,  7.660313771092E+04,  9.918599818371E+02,  6.638063674583E-01,NaN,NaN,  3.752696327158E-03,  2.095126824720E+16,  5.068304115764E+19,  2.222239352300E+20,  2.133638746723E+18,  4.580311038480E+20,  6.299725957338E+19,  9.571167081391E+12,  1.855298378893E+02,  1.891996198924E+01,  1.566105239968E+02,NaN,  9.999350062357E+00,NaN,  1.840877028382E-06,  3.909559661875E-02,NaN,  4.400762305987E+06,  6.342524121189E-07
  1.211183594915E+03,  3.043574027928E+03,  3.109253055345E+03,  7.245677565019E+04,  7.345996633458E+04,  9.918599818371E+02,  6.546397429704E-01,NaN,NaN,  3.807123801418E-03,  2.154859348776E+16,  5.011938149988E+19,  2.227874743406E+20,  2.209366306647E+18,  4.578121086442E+20,  6.319579478489E+19,  9.596280423997E+12,  1.862684648794E+02,  1.926147110275E+01,  1.570076736347E+02,NaN,  9.999318296260E+00,NaN,  1.845707220470E-06,  3.906743101416E-02,NaN,  4.430216606319E+06,  6.439256526631E-07
  1.272603188841E+03,  3.030633411291E+03,  3.094470366957E+03,  6.940295919713E+04,  7.040584746387E+04,  9.918599818371E+02,  6.454103016632E-01,NaN,NaN,  3.863166886479E-03,  2.214969596486E+16,  4.955094617380E+19,  2.233557899544E+20,  2.286653442420E+18,  4.575857982906E+20,  6.340132840469E+19,  9.621823784078E+12,  1.870224951992E+02,  1.961501846087E+01,  1.574081894746E+02,NaN,  9.999285413091E+00,NaN,  1.850620120266E-06,  3.903822428177E-02,NaN,  4.459538414560E+06,  6.539139346248E-07
  1.339520983436E+03,  3.017040449551E+03,  3.078953593882E+03,  6.626525629557E+04,  6.726783073933E+04,  9.918599818371E+02,  6.356848887942E-01,NaN,NaN,  3.924156046873E-03,  2.280410105767E+16,  4.893071866931E+19,  2.239758717984E+20,  2.372060001075E+18,  4.573303887485E+20,  6.363185034193E+19,  9.649067350578E+12,  1.878559772792E+02,  2.001153853801E+01,  1.578451871472E+02,NaN,  9.999249738124E+00,NaN,  1.855860030437E-06,  3.900542126504E-02,NaN,  4.490087576728E+06,  6.647214341480E-07
  1.406760686390E+03,  3.003838187601E+03,  3.063942969685E+03,  6.335650223348E+04,  6.435877969541E+04,  9.918599818371E+02,  6.262394232186E-01,NaN,NaN,  3.984438468861E-03,  2.342330172287E+16,  4.834252190363E+19,  2.245639447749E+20,  2.454128394284E+18,  4.570830662541E+20,  6.385684834181E+19,  9.675840904220E+12,  1.886574074219E+02,  2.039856468414E+01,  1.582596268290E+02,NaN,  9.999214047762E+00,NaN,  1.861009540361E-06,  3.897336045879E-02,NaN,  4.519419791381E+06,  6.755047625326E-07
  1.478611808135E+03,  2.990241076889E+03,  3.048506835420E+03,  6.044575541369E+04,  6.144772954763E+04,  9.918599818371E+02,  6.164875242601E-01,NaN,NaN,  4.048525560711E-03,  2.407421618244E+16,  4.772279452009E+19,  2.251835339453E+20,  2.541755011474E+18,  4.568141725375E+20,  6.410081638532E+19,  9.703865857028E+12,  1.895136705047E+02,  2.081821526480E+01,  1.586962772940E+02,NaN,  9.999176079585E+00,NaN,  1.866399739007E-06,  3.893856285666E-02,NaN,  4.549359929773E+06,  6.869451733123E-07
  1.552853069261E+03,  2.976693258491E+03,  3.033171444683E+03,  5.765943054093E+04,  5.866111185531E+04,  9.918599818371E+02,  6.067638753433E-01,NaN,NaN,  4.113956377693E-03,  2.471870402586E+16,  4.710776371231E+19,  2.257984327750E+20,  2.629930807015E+18,  4.565401208407E+20,  6.435028567769E+19,  9.732229562678E+12,  1.903760917890E+02,  2.124733061117E+01,  1.591296222792E+02,NaN,  9.999137026786E+00,NaN,  1.871855091916E-06,  3.890295132172E-02,NaN,  4.578882672164E+06,  6.986791815669E-07
  1.631386985947E+03,  2.962896194725E+03,  3.017585370022E+03,  5.491626749912E+04,  5.591765592169E+04,  9.918599818371E+02,  5.968463872368E-01,NaN,NaN,  4.182631972429E-03,  2.538229842787E+16,  4.647301510025E+19,  2.264330417907E+20,  2.722237867260E+18,  4.562483740473E+20,  6.461572478485E+19,  9.761651401215E+12,  1.912798675959E+02,  2.170391195005E+01,  1.595768578588E+02,NaN,  9.999095909539E+00,NaN,  1.877513961543E-06,  3.886504054840E-02,NaN,  4.608663839092E+06,  7.109979492657E-07
  1.713334457299E+03,  2.949040662468E+03,  3.001973558850E+03,  5.226683509254E+04,  5.326793126505E+04,  9.918599818371E+02,  5.868764677914E-01,NaN,NaN,  4.253522609734E-03,  2.604871426884E+16,  4.583404774523E+19,  2.270718706184E+20,  2.816540517106E+18,  4.559458355736E+20,  6.489148900593E+19,  9.791775977421E+12,  1.922043757454E+02,  2.217825333379E+01,  1.600270673169E+02,NaN,  9.999053211405E+00,NaN,  1.883307992705E-06,  3.882564371185E-02,NaN,  4.638270163479E+06,  7.237522224114E-07
  1.800634666125E+03,  2.934860475628E+03,  2.986025339478E+03,  4.964589260517E+04,  5.064670071964E+04,  9.918599818371E+02,  5.766557535143E-01,NaN,NaN,  4.328503666527E-03,  2.674090986006E+16,  4.516874247899E+19,  2.277370259499E+20,  2.916249587739E+18,  4.556199799290E+20,  6.518812980571E+19,  9.823306834244E+12,  1.931833384887E+02,  2.268849848231E+01,  1.604958301660E+02,NaN,  9.999007951020E+00,NaN,  1.889372501821E-06,  3.878326570862E-02,NaN,  4.668285573156E+06,  7.372303520506E-07
  1.895054682444E+03,  2.920159496364E+03,  2.969515401990E+03,  4.701419204703E+04,  4.801470444804E+04,  9.918599818371E+02,  5.660411565392E-01,NaN,NaN,  4.409196342686E-03,  2.747576291785E+16,  4.446062405538E+19,  2.284449739265E+20,  3.024135607791E+18,  4.552598515269E+20,  6.551500757809E+19,  9.856850344639E+12,  1.942444549746E+02,  2.325074303734E+01,  1.609947507861E+02,NaN,  9.998959255342E+00,NaN,  1.895824116050E-06,  3.873658520893E-02,NaN,  4.699117274266E+06,  7.516842587431E-07
  1.991428335851E+03,  2.905758387839E+03,  2.953399855522E+03,  4.456229578886E+04,  4.556252484799E+04,  9.918599818371E+02,  5.556430805378E-01,NaN,NaN,  4.490212201277E-03,  2.818245495168E+16,  4.377787819937E+19,  2.291275668500E+20,  3.129944423676E+18,  4.549018749275E+20,  6.584170644306E+19,  9.890543636401E+12,  1.952874010754E+02,  2.381268671638E+01,  1.614758026373E+02,NaN,  9.998909819438E+00,NaN,  1.902304538583E-06,  3.868995721978E-02,NaN,  4.728978851007E+06,  7.663086788484E-07
  2.091971909832E+03,  2.891352621234E+03,  2.937322859325E+03,  4.221440963388E+04,  4.321436332876E+04,  9.918599818371E+02,  5.452366161715E-01,NaN,NaN,  4.573675236833E-03,  2.888708468749E+16,  4.309539592236E+19,  2.298098995674E+20,  3.237529720558E+18,  4.545319194024E+20,  6.618013642361E+19,  9.925211849179E+12,  1.963503409802E+02,  2.439480943586E+01,  1.619566711104E+02,NaN,  9.998858525028E+00,NaN,  1.908972473222E-06,  3.864169992379E-02,NaN,  4.758541685903E+06,  7.814311839007E-07
  2.198185356317E+03,  2.876779928317E+03,  2.921096626566E+03,  3.993419873643E+04,  4.093388064442E+04,  9.918599818371E+02,  5.347018871070E-01,NaN,NaN,  4.660920677964E-03,  2.960365790871E+16,  4.239956908234E+19,  2.305055725610E+20,  3.349157837779E+18,  4.541409881351E+20,  6.653799240996E+19,  9.961400691789E+12,  1.974560906524E+02,  2.501034306202E+01,  1.624469410354E+02,NaN,  9.998804639061E+00,NaN,  1.915932879249E-06,  3.859073853901E-02,NaN,  4.788151357718E+06,  7.972610500155E-07
  2.308506133206E+03,  2.862287889015E+03,  2.905006671528E+03,  3.777048360923E+04,  3.876990150864E+04,  9.918599818371E+02,  5.242241999234E-01,NaN,NaN,  4.750240648479E-03,  3.031058026894E+16,  4.171135436554E+19,  2.311936406665E+20,  3.461567948318E+18,  4.537409379083E+20,  6.690535986696E+19,  9.998600961267E+12,  1.985728423272E+02,  2.564223993671E+01,  1.629318514769E+02,NaN,  9.998748990497E+00,NaN,  1.923087818762E-06,  3.853850606862E-02,NaN,  4.817289169053E+06,  8.135490021768E-07
  2.423957503705E+03,  2.847779664927E+03,  2.888940315224E+03,  3.569963949664E+04,  3.669879951664E+04,  9.918599818371E+02,  5.137310309019E-01,NaN,NaN,  4.842478346742E-03,  3.101626226102E+16,  4.102260056116E+19,  2.318822503928E+20,  3.576138984468E+18,  4.533261431892E+20,  6.728708195238E+19,  1.003720777979E+13,  1.997146650419E+02,  2.629882839560E+01,  1.634171436213E+02,NaN,  9.998691094501E+00,NaN,  1.930513287855E-06,  3.848433775406E-02,NaN,  4.846164998064E+06,  8.304305254892E-07
  2.548761318723E+03,  2.832898900789E+03,  2.872391966454E+03,  3.354282128452E+04,  3.454170660344E+04,  9.918599818371E+02,  5.028975194514E-01,NaN,NaN,  4.945048431877E-03,  3.184676197863E+16,  4.020975291611E+19,  2.326948479945E+20,  3.714082439241E+18,  4.528050617660E+20,  6.775620254764E+19,  1.007883921560E+13,  2.010941144632E+02,  2.710566841689E+01,  1.639898152197E+02,NaN,  9.998628888045E+00,NaN,  1.938520498804E-06,  3.841795621358E-02,NaN,  4.875680673722E+06,  8.484973897801E-07
  2.677063911794E+03,  2.818205932935E+03,  2.856199190304E+03,  3.162845175092E+04,  3.262708901476E+04,  9.918599818371E+02,  4.922641650250E-01,NaN,NaN,  5.045194188041E-03,  3.256390911565E+16,  3.950589401462E+19,  2.333985594906E+20,  3.836087342315E+18,  4.523449338743E+20,  6.818053958642E+19,  1.012130384382E+13,  2.023198678355E+02,  2.783555033865E+01,  1.644857502145E+02,NaN,  9.998565335709E+00,NaN,  1.946687962389E-06,  3.835806963584E-02,NaN,  4.904342243975E+06,  8.668784460802E-07
  2.811924723599E+03,  2.803476040663E+03,  2.840005438534E+03,  2.979672602519E+04,  3.079512042164E+04,  9.918599818371E+02,  4.816019702743E-01,NaN,NaN,  5.149004321039E-03,  3.328149775616E+16,  3.879978063813E+19,  2.341045265725E+20,  3.960952267881E+18,  4.518652144709E+20,  6.862375461864E+19,  1.016583588439E+13,  2.035796791073E+02,  2.859790337892E+01,  1.649832748150E+02,NaN,  9.998498958115E+00,NaN,  1.955253063157E-06,  3.829571413010E-02,NaN,  4.932790465827E+06,  8.859930138945E-07
  2.953061719619E+03,  2.788866580418E+03,  2.823894181478E+03,  2.796804677942E+04,  2.896619334074E+04,  9.918599818371E+02,  4.709715775889E-01,NaN,NaN,  5.260142962783E-03,  3.408250007567E+16,  3.800941686485E+19,  2.348946589987E+20,  4.103743193022E+18,  4.512948758271E+20,  6.914142285557E+19,  1.021258243443E+13,  2.050267898505E+02,  2.948824367145E+01,  1.655401142625E+02,NaN,  9.998429952327E+00,NaN,  1.964244093131E-06,  3.822317529217E-02,NaN,  4.960882735201E+06,  9.057765087419E-07
  3.101211784107E+03,  2.774176385978E+03,  2.807825902918E+03,  2.631327546347E+04,  2.731119235822E+04,  9.918599818371E+02,  4.603414472413E-01,NaN,NaN,  5.370976005675E-03,  3.479150720067E+16,  3.730791167426E+19,  2.355960243263E+20,  4.233328732729E+18,  4.507767933086E+20,  6.962207062407E+19,  1.026157463127E+13,  2.063477385168E+02,  3.031498273344E+01,  1.660343958139E+02,NaN,  9.998357995836E+00,NaN,  1.973667041135E-06,  3.815608436661E-02,NaN,  4.988692724411E+06,  9.263102839643E-07
  3.256311841534E+03,  2.759541998074E+03,  2.791858971581E+03,  2.474543250779E+04,  2.574311606812E+04,  9.918599818371E+02,  4.497520170253E-01,NaN,NaN,  5.485104723370E-03,  3.549276671522E+16,  3.661231668121E+19,  2.362914843539E+20,  4.364588110841E+18,  4.502423832627E+20,  7.011914846968E+19,  1.031303177847E+13,  2.076927867146E+02,  3.116998589167E+01,  1.665245156528E+02,NaN,  9.998283186572E+00,NaN,  1.983564087067E-06,  3.808699691656E-02,NaN,  5.016124474551E+06,  9.475529068250E-07
  3.421516917829E+03,  2.744811688909E+03,  2.775730272463E+03,  2.314753497365E+04,  2.414499682573E+04,  9.918599818371E+02,  4.390398572405E-01,NaN,NaN,  5.610016404635E-03,  3.629805170745E+16,  3.581132440663E+19,  2.370922438394E+20,  4.519216876839E+18,  4.495865229527E+20,  7.071772489246E+19,  1.036834780907E+13,  2.092865251221E+02,  3.219947463049E+01,  1.670888444345E+02,NaN,  9.998204062959E+00,NaN,  1.994203334002E-06,  3.800424609192E-02,NaN,  5.043631125000E+06,  9.699067870456E-07
  3.592688004687E+03,  2.730312407388E+03,  2.759899805366E+03,  2.165946548929E+04,  2.265670783519E+04,  9.918599818371E+02,  4.285000576639E-01,NaN,NaN,  5.737310164476E-03,  3.708128565954E+16,  3.503003638248E+19,  2.378733106865E+20,  4.673897586865E+18,  4.489165418016E+20,  7.133110413932E+19,  1.042604906769E+13,  2.108918449868E+02,  3.325442530494E+01,  1.676392949882E+02,NaN,  9.998122688413E+00,NaN,  2.005301345414E-06,  3.791994231188E-02,NaN,  5.070432907202E+06,  9.927725833999E-07
  3.772732976732E+03,  2.715756186836E+03,  2.744131445568E+03,  2.032376876107E+04,  2.132080674700E+04,  9.918599818371E+02,  4.179760897328E-01,NaN,NaN,  5.863877318992E-03,  3.776829029579E+16,  3.434291591672E+19,  2.385603038302E+20,  4.813265699771E+18,  4.483116583226E+20,  7.189690523543E+19,  1.048704175843E+13,  2.123491224525E+02,  3.422763485603E+01,  1.681234478591E+02,NaN,  9.998037720392E+00,NaN,  2.017032416696E-06,  3.784261584553E-02,NaN,  5.096938333820E+06,  1.016511911649E-06
  3.964895551337E+03,  2.701115804349E+03,  2.728215915765E+03,  1.896108176683E+04,  1.995790714021E+04,  9.918599818371E+02,  4.073407518220E-01,NaN,NaN,  6.002846744065E-03,  3.855961599035E+16,  3.354931835239E+19,  2.393536744562E+20,  4.978205360444E+18,  4.475659059579E+20,  7.258168496712E+19,  1.055303682474E+13,  2.140858986448E+02,  3.540537947684E+01,  1.686825694017E+02,NaN,  9.997947736621E+00,NaN,  2.029725623336E-06,  3.774966045345E-02,NaN,  5.123499725733E+06,  1.041503799294E-06
  4.176813639859E+03,  2.685871310881E+03,  2.711664418171E+03,  1.760005019842E+04,  1.859665780694E+04,  9.918599818371E+02,  3.962590496361E-01,NaN,NaN,  6.155155775115E-03,  3.940218474181E+16,  3.270183521450E+19,  2.402009009997E+20,  5.159380614876E+18,  4.467241206915E+20,  7.335349199242E+19,  1.062671073616E+13,  2.160102713377E+02,  3.673277450956E+01,  1.692796454672E+02,NaN,  9.997849317059E+00,NaN,  2.043895745953E-06,  3.764570986897E-02,NaN,  5.150920708055E+06,  1.068658206928E-06
  4.385722221492E+03,  2.671566922372E+03,  2.696280045556E+03,  1.648987681041E+04,  1.748630099446E+04,  9.918599818371E+02,  3.859325632019E-01,NaN,NaN,  6.294475002362E-03,  4.005984485999E+16,  3.203854268347E+19,  2.408640792425E+20,  5.305065339885E+18,  4.460481915068E+20,  7.399002299515E+19,  1.069989638181E+13,  2.175724192037E+02,  3.782764906716E+01,  1.697470149789E+02,NaN,  9.997753099674E+00,NaN,  2.057971957634E-06,  3.756061013512E-02,NaN,  5.176225598334E+06,  1.095025388074E-06
  4.605073576126E+03,  2.657436527499E+03,  2.681035109694E+03,  1.537924206805E+04,  1.637547059495E+04,  9.918599818371E+02,  3.756908326973E-01,NaN,NaN,  6.444663838699E-03,  4.080014419323E+16,  3.128999687039E+19,  2.416124215651E+20,  5.473675225917E+18,  4.452346289075E+20,  7.474322869286E+19,  1.077800280169E+13,  2.193951477577E+02,  3.912308959039E+01,  1.702744031883E+02,NaN,  9.997652906053E+00,NaN,  2.072994609827E-06,  3.746072010706E-02,NaN,  5.201129519197E+06,  1.122289069663E-06
  4.837099932575E+03,  2.643390203853E+03,  2.665831585030E+03,  1.426278776464E+04,  1.525883141692E+04,  9.918599818371E+02,  3.654636315402E-01,NaN,NaN,  6.608371553768E-03,  4.163213844349E+16,  3.044631805844E+19,  2.424558016699E+20,  5.669362963427E+18,  4.442531536183E+20,  7.564001873109E+19,  1.086207363374E+13,  2.215316725680E+02,  4.066535413903E+01,  1.708687685073E+02,NaN,  9.997547832575E+00,NaN,  2.089164431349E-06,  3.734293029276E-02,NaN,  5.225797390361E+06,  1.150670440596E-06
  5.088036172680E+03,  2.628997229047E+03,  2.650359667009E+03,  1.324113187272E+04,  1.423699376339E+04,  9.918599818371E+02,  3.550374660092E-01,NaN,NaN,  6.776024912427E-03,  4.239201545473E+16,  2.967354730313E+19,  2.432283526414E+20,  5.854289868553E+18,  4.433133642245E+20,  7.651112165429E+19,  1.095402194569E+13,  2.235741921865E+02,  4.216353729837E+01,  1.714132175664E+02,NaN,  9.997435214857E+00,NaN,  2.106849373409E-06,  3.722966574224E-02,NaN,  5.250729838995E+06,  1.180847492149E-06
  5.342780753233E+03,  2.615213924462E+03,  2.635588960708E+03,  1.232758352132E+04,  1.332327766427E+04,  9.918599818371E+02,  3.450697170680E-01,NaN,NaN,  6.941762113083E-03,  4.309659549335E+16,  2.895509894501E+19,  2.439466090716E+20,  6.031352997308E+18,  4.423949673873E+20,  7.736666467061E+19,  1.104867088549E+13,  2.255517104794E+02,  4.363498344457E+01,  1.719194029860E+02,NaN,  9.997321923804E+00,NaN,  2.125053742589E-06,  3.711954752854E-02,NaN,  5.274373069845E+06,  1.210948253884E-06
  5.612071059220E+03,  2.601487565941E+03,  2.620907646845E+03,  1.146552112639E+04,  1.246105202832E+04,  9.918599818371E+02,  3.351462395861E-01,NaN,NaN,  7.113879857725E-03,  4.379473165337E+16,  2.824141147927E+19,  2.446601045357E+20,  6.212440921939E+18,  4.414340062455E+20,  7.826336507611E+19,  1.115017379919E+13,  2.275966537854E+02,  4.517721520803E+01,  1.724222331532E+02,NaN,  9.997203279637E+00,NaN,  2.144576375572E-06,  3.700533298250E-02,NaN,  5.297720609708E+06,  1.242191716731E-06
  5.893924529862E+03,  2.588033020947E+03,  2.606473208814E+03,  1.061014922455E+04,  1.160551468502E+04,  9.918599818371E+02,  3.253829236138E-01,NaN,NaN,  7.299500450566E-03,  4.456824250766E+16,  2.744854961478E+19,  2.454526866277E+20,  6.419985079095E+18,  4.402904868751E+20,  7.931758774939E+19,  1.125834627855E+13,  2.299681029334E+02,  4.699022149053E+01,  1.729807989827E+02,NaN,  9.997080294705E+00,NaN,  2.165381804070E-06,  3.687265008593E-02,NaN,  5.320528653572E+06,  1.274273863533E-06
  6.189971455550E+03,  2.574667960740E+03,  2.592238754370E+03,  9.863940049492E+03,  1.085915601347E+04,  9.918599818371E+02,  3.157394178032E-01,NaN,NaN,  7.481526942955E-03,  4.523181019290E+16,  2.676659911589E+19,  2.461344560983E+20,  6.604301834481E+18,  4.392645305118E+20,  8.027927706829E+19,  1.137317597600E+13,  2.321024585647E+02,  4.864423348917E+01,  1.734612705122E+02,NaN,  9.996952375859E+00,NaN,  2.187467653205E-06,  3.675306012712E-02,NaN,  5.342879419544E+06,  1.307314643401E-06
  6.506336710579E+03,  2.561329343435E+03,  2.577982161998E+03,  9.103331550842E+03,  1.009839031901E+04,  9.918599818371E+02,  3.060751836859E-01,NaN,NaN,  7.683103440964E-03,  4.599221317275E+16,  2.598310633886E+19,  2.469176667474E+20,  6.822983553526E+18,  4.379994035329E+20,  8.144959447311E+19,  1.149810464188E+13,  2.346669346737E+02,  5.065688349721E+01,  1.740132318931E+02,NaN,  9.996817071907E+00,NaN,  2.211495894406E-06,  3.660943948110E-02,NaN,  5.365125641593E+06,  1.341886569695E-06
  6.832783084583E+03,  2.548341332217E+03,  2.564204511550E+03,  8.459667060859E+03,  9.454590212821E+03,  9.918599818371E+02,  2.967190992235E-01,NaN,NaN,  7.875647199755E-03,  4.662064131719E+16,  2.533396675863E+19,  2.475666346323E+20,  7.010278829481E+18,  4.369058872319E+20,  8.247915968046E+19,  1.162822384952E+13,  2.368949141713E+02,  5.242764625318E+01,  1.744705867698E+02,NaN,  9.996678911770E+00,NaN,  2.236522462041E-06,  3.648475562830E-02,NaN,  5.386493263925E+06,  1.376787797665E-06
  7.185644129417E+03,  2.535258701561E+03,  2.550272958076E+03,  7.792538661860E+03,  8.787315755532E+03,  9.918599818371E+02,  2.872559481618E-01,NaN,NaN,  8.092340647725E-03,  4.735632552919E+16,  2.457212810399E+19,  2.483281932093E+20,  7.237384419567E+18,  4.355269871609E+20,  8.375950035509E+19,  1.177133672500E+13,  2.396333284405E+02,  5.462950598335E+01,  1.750072890277E+02,NaN,  9.996531165368E+00,NaN,  2.264048175749E-06,  3.633192208646E-02,NaN,  5.407969591476E+06,  1.413657868488E-06
  7.548188679001E+03,  2.522671286261E+03,  2.536900716233E+03,  7.192056890278E+03,  8.186697996381E+03,  9.918599818371E+02,  2.781632936596E-01,NaN,NaN,  8.309668123389E-03,  4.804782875018E+16,  2.385418589093E+19,  2.490458745128E+20,  7.459251040109E+18,  4.341464901904E+20,  8.504535564549E+19,  1.192013485024E+13,  2.423503172049E+02,  5.684086470565E+01,  1.755130691314E+02,NaN,  9.996381075113E+00,NaN,  2.292667365894E-06,  3.618083164187E-02,NaN,  5.428461871616E+06,  1.450629665964E-06
  7.934072490041E+03,  2.510142150490E+03,  2.523611589925E+03,  6.626587891380E+03,  7.621097289504E+03,  9.918599818371E+02,  2.691213025949E-01,NaN,NaN,  8.537070141772E-03,  4.873308736630E+16,  2.314094352997E+19,  2.497588521510E+20,  7.687714774472E+18,  4.326879161845E+20,  8.640583323068E+19,  1.208034722832E+13,  2.451923078672E+02,  5.918054805444E+01,  1.760155343650E+02,NaN,  9.996223124270E+00,NaN,  2.323481924240E-06,  3.602355463145E-02,NaN,  5.448709572604E+06,  1.488997901964E-06
  8.340879817795E+03,  2.497806654047E+03,  2.510550948983E+03,  6.101913240075E+03,  7.096296072842E+03,  9.918599818371E+02,  2.602320168259E-01,NaN,NaN,  8.772009142771E-03,  4.940036943916E+16,  2.244469946232E+19,  2.504548341167E+20,  7.919019427590E+18,  4.311734688311E+20,  8.782114062240E+19,  1.225101692273E+13,  2.481166098438E+02,  6.161452684572E+01,  1.765060220356E+02,NaN,  9.996058606141E+00,NaN,  2.356307797741E-06,  3.586270409248E-02,NaN,  5.468496290424E+06,  1.528378977937E-06
  8.772210066891E+03,  2.485601188991E+03,  2.497655390303E+03,  5.616084570362E+03,  6.610347074254E+03,  9.918599818371E+02,  2.515803493345E-01,NaN,NaN,  9.014758392165E-03,  5.004511709412E+16,  2.177034865013E+19,  2.511289313603E+20,  8.151391567349E+18,  4.296149749507E+20,  8.928188559023E+19,  1.243366724755E+13,  2.511036451291E+02,  6.412666986096E+01,  1.769810866250E+02,NaN,  9.995886251751E+00,NaN,  2.391437974066E-06,  3.569958517444E-02,NaN,  5.487924062046E+06,  1.568984776498E-06
  9.211191523238E+03,  2.473994777231E+03,  2.485428937569E+03,  5.190329796913E+03,  6.184484076646E+03,  9.918599818371E+02,  2.435242970426E-01,NaN,NaN,  9.252489784098E-03,  5.062610015838E+16,  2.116131041100E+19,  2.517377503626E+20,  8.368788904206E+18,  4.281265794049E+20,  9.068447844173E+19,  1.262099756905E+13,  2.539447367610E+02,  6.653887448231E+01,  1.774101469010E+02,NaN,  9.995712950221E+00,NaN,  2.427468280781E-06,  3.554566421418E-02,NaN,  5.506244718529E+06,  1.609155950943E-06
  9.686427041962E+03,  2.462324954957E+03,  2.473093245817E+03,  4.750043109794E+03,  5.744079703928E+03,  9.918599818371E+02,  2.355461403034E-01,NaN,NaN,  9.521349715379E-03,  5.129650403251E+16,  2.045683285897E+19,  2.524419126678E+20,  8.629447539330E+18,  4.262754425816E+20,  9.241173232969E+19,  1.282651666337E+13,  2.574111161783E+02,  6.950918654512E+01,  1.779063995997E+02,NaN,  9.995527566489E+00,NaN,  2.466996937675E-06,  3.535971662127E-02,NaN,  5.524632115772E+06,  1.651430660280E-06
  1.017609388168E+04,  2.451045275138E+03,  2.461260882571E+03,  4.390631534821E+03,  5.384568638981E+03,  9.918599818371E+02,  2.280403274757E-01,NaN,NaN,  9.772068295543E-03,  5.182487237543E+16,  1.990033126077E+19,  2.529982159381E+20,  8.843060820898E+18,  4.247417116704E+20,  9.386700508464E+19,  1.303889375798E+13,  2.603058614315E+02,  7.201207018983E+01,  1.782984498375E+02,NaN,  9.995338896269E+00,NaN,  2.507844632788E-06,  3.520599649657E-02,NaN,  5.542178473323E+06,  1.693720293188E-06
  1.071820560702E+04,  2.439480962449E+03,  2.449082043418E+03,  4.006558705740E+03,  5.000385592164E+03,  9.918599818371E+02,  2.204409226192E-01,NaN,NaN,  1.006463227753E-02,  5.246095202126E+16,  1.922883090858E+19,  2.536694079969E+20,  9.110039621982E+18,  4.227511129939E+20,  9.573392387800E+19,  1.327698466279E+13,  2.639892152985E+02,  7.522261311907E+01,  1.787714670215E+02,NaN,  9.995132604379E+00,NaN,  2.553638011338E-06,  3.501272634661E-02,NaN,  5.560146495857E+06,  1.739129346395E-06
  1.125607632055E+04,  2.428727162976E+03,  2.437848242020E+03,  3.710928359298E+03,  4.704666232910E+03,  9.918599818371E+02,  2.135668405921E-01,NaN,NaN,  1.032316667847E-02,  5.292503970271E+16,  1.873781847694E+19,  2.541602467932E+20,  9.312327340687E+18,  4.212311176927E+20,  9.718770579967E+19,  1.351351172128E+13,  2.668353691885E+02,  7.772305437615E+01,  1.791173816998E+02,NaN,  9.994930513359E+00,NaN,  2.599130606427E-06,  3.486513373807E-02,NaN,  5.576638019050E+06,  1.782801755228E-06
  1.183443935766E+04,  2.418006076545E+03,  2.426606208432E+03,  3.402343294369E+03,  4.395985596660E+03,  9.918599818371E+02,  2.068073234939E-01,NaN,NaN,  1.061637547999E-02,  5.347099797176E+16,  1.815896981135E+19,  2.547388274940E+20,  9.558476916787E+18,  4.193130630340E+20,  9.899964359181E+19,  1.377068471861E+13,  2.703590250529E+02,  8.083917468694E+01,  1.795251317769E+02,NaN,  9.994715940467E+00,NaN,  2.648594152418E-06,  3.468473932658E-02,NaN,  5.593063208337E+06,  1.828318851203E-06
  1.245618969578E+04,  2.407289293588E+03,  2.415385815651E+03,  3.112687894118E+03,  4.106236207189E+03,  9.918599818371E+02,  2.001887849966E-01,NaN,NaN,  1.092476786087E-02,  5.400487186126E+16,  1.759165708121E+19,  2.553058697302E+20,  9.808484403359E+18,  4.173156950576E+20,  1.008907711918E+20,  1.404870658439E+13,  2.740107587505E+02,  8.409151767663E+01,  1.799247502143E+02,NaN,  9.994488157432E+00,NaN,  2.702067679914E-06,  3.450050640575E-02,NaN,  5.609379111023E+06,  1.875655915488E-06
  1.312004026860E+04,  2.396669484955E+03,  2.404284109408E+03,  2.843693309401E+03,  3.837150881600E+03,  9.918599818371E+02,  1.937561118826E-01,NaN,NaN,  1.124643877714E-02,  5.452068917803E+16,  1.704230584266E+19,  2.558549503573E+20,  1.005933189879E+19,  4.152611391673E+20,  1.028407959479E+20,  1.434696262446E+13,  2.777511589849E+02,  8.744519777958E+01,  1.803117103527E+02,NaN,  9.994248093155E+00,NaN,  2.759432961293E-06,  3.431473004674E-02,NaN,  5.625446588482E+06,  1.924471900951E-06
  1.377878658100E+04,  2.386864119967E+03,  2.394059708879E+03,  2.615945068223E+03,  3.609321907776E+03,  9.918599818371E+02,  1.879369152323E-01,NaN,NaN,  1.155279359577E-02,  5.496623782162E+16,  1.656678707287E+19,  2.563302343635E+20,  1.028380684631E+19,  4.133837151271E+20,  1.046321588120E+20,  1.464383922646E+13,  2.811668185050E+02,  9.052613986172E+01,  1.806466629184E+02,NaN,  9.994012908323E+00,NaN,  2.816532927497E-06,  3.414769917203E-02,NaN,  5.640178086004E+06,  1.971266772713E-06
  1.449038596061E+04,  2.377020800850E+03,  2.383806983558E+03,  2.399763114241E+03,  3.393060492280E+03,  9.918599818371E+02,  1.822024553235E-01,NaN,NaN,  1.187699202612E-02,  5.540566367070E+16,  1.609688003837E+19,  2.567998972148E+20,  1.051266797253E+19,  4.114256524916E+20,  1.065038127199E+20,  1.496547136002E+13,  2.847166388264E+02,  9.374521994468E+01,  1.809776540205E+02,NaN,  9.993761982866E+00,NaN,  2.878394265955E-06,  3.397679198290E-02,NaN,  5.654887001022E+06,  2.020053901080E-06
  1.524708301849E+04,  2.367310631098E+03,  2.373706320897E+03,  2.199441813277E+03,  3.192661997314E+03,  9.918599818371E+02,  1.766528247024E-01,NaN,NaN,  1.221305196332E-02,  5.582666800596E+16,  1.564579141324E+19,  2.572507397194E+20,  1.073927441547E+19,  4.094436679696E+20,  1.084032019871E+20,  1.530808496417E+13,  2.883009644854E+02,  9.701208140764E+01,  1.812953816352E+02,NaN,  9.993498498217E+00,NaN,  2.944291090043E-06,  3.380700837346E-02,NaN,  5.669316092393E+06,  2.070036586314E-06
  1.604097650209E+04,  2.357870414329E+03,  2.363900767774E+03,  2.017287834136E+03,  3.010434982296E+03,  9.918599818371E+02,  1.713556761703E-01,NaN,NaN,  1.255521598751E-02,  5.622050103231E+16,  1.522302221973E+19,  2.576732662121E+20,  1.095812904700E+19,  4.074893180369E+20,  1.102820949328E+20,  1.566758333060E+13,  2.918301816051E+02,  1.002437991652E+02,  1.815931537693E+02,NaN,  9.993225657082E+00,NaN,  3.013435456543E-06,  3.364256844878E-02,NaN,  5.683265438912E+06,  2.120475930357E-06
  1.684306824660E+04,  2.349023523688E+03,  2.354729922512E+03,  1.859895303370E+03,  2.852980186056E+03,  9.918599818371E+02,  1.664878722755E-01,NaN,NaN,  1.288614204043E-02,  5.656510592750E+16,  1.485246611683E+19,  2.580436001255E+20,  1.115542529822E+19,  4.056974571906E+20,  1.120140818736E+20,  1.602996619626E+13,  2.950701220102E+02,  1.032230218759E+02,  1.818541436045E+02,NaN,  9.992953446753E+00,NaN,  3.083134615194E-06,  3.349398120614E-02,NaN,  5.696260287179E+06,  2.169446171870E-06
  1.768837993417E+04,  2.340415859529E+03,  2.345767417748E+03,  1.694490195826E+03,  2.687499386799E+03,  9.918599818371E+02,  1.618077310345E-01,NaN,NaN,  1.326448779508E-02,  5.697604572068E+16,  1.440975606887E+19,  2.584859999552E+20,  1.139762285538E+19,  4.034179650137E+20,  1.141887643398E+20,  1.641348809822E+13,  2.991218070406E+02,  1.069632126432E+02,  1.821659213123E+02,NaN,  9.992669928120E+00,NaN,  3.156899564984E-06,  3.331142407073E-02,NaN,  5.708912047449E+06,  2.219063463286E-06
  1.857289831162E+04,  2.332028034360E+03,  2.337094711514E+03,  1.563700181512E+03,  2.556649015904E+03,  9.918599818371E+02,  1.573581488890E-01,NaN,NaN,  1.360877506976E-02,  5.727568964821E+16,  1.408640739704E+19,  2.588091254099E+20,  1.157981370567E+19,  4.016969409389E+20,  1.158636147215E+20,  1.681046455440E+13,  3.022304409727E+02,  1.098444194085E+02,  1.823936413674E+02,NaN,  9.992376963596E+00,NaN,  3.233252305751E-06,  3.317369222188E-02,NaN,  5.721109915781E+06,  2.268811187819E-06
  1.951021394329E+04,  2.323840531779E+03,  2.328588036397E+03,  1.423270882390E+03,  2.416153623230E+03,  9.918599818371E+02,  1.530521797963E-01,NaN,NaN,  1.400964471447E-02,  5.764539326745E+16,  1.368676500886E+19,  2.592084510007E+20,  1.181053003602E+19,  3.994366457274E+20,  1.180294746033E+20,  1.723186074199E+13,  3.062367908348E+02,  1.135696544767E+02,  1.826750628531E+02,NaN,  9.992070190708E+00,NaN,  3.314301832416E-06,  3.299928267456E-02,NaN,  5.733031705406E+06,  2.319341911210E-06
  2.062475667269E+04,  2.314912164847E+03,  2.319310746508E+03,  1.275144371970E+03,  2.267953899111E+03,  9.918599818371E+02,  1.484492835270E-01,NaN,NaN,  1.448780497648E-02,  5.805545470131E+16,  1.324264872511E+19,  2.596521862726E+20,  1.207511841734E+19,  3.967764541345E+20,  1.205771587466E+20,  1.772905381741E+13,  3.109311067105E+02,  1.179516113454E+02,  1.829877817030E+02,NaN,  9.991710252097E+00,NaN,  3.409929805831E-06,  3.279921863868E-02,NaN,  5.745985666150E+06,  2.376503443194E-06
  2.166328745422E+04,  2.307207733920E+03,  2.311372189240E+03,  1.177148369163E+03,  2.169905811221E+03,  9.918599818371E+02,  1.445629421311E-01,NaN,NaN,  1.485854527842E-02,  5.829370635766E+16,  1.298416276697E+19,  2.599104323458E+20,  1.223351624492E+19,  3.951870337728E+20,  1.221410889460E+20,  1.818458109857E+13,  3.138036825543E+02,  1.206425216879E+02,  1.831697785379E+02,NaN,  9.991378830861E+00,NaN,  3.497543959942E-06,  3.267897621811E-02,NaN,  5.757030962110E+06,  2.427197398681E-06
  2.276290530726E+04,  2.299740586471E+03,  2.303638233921E+03,  1.070231546525E+03,  2.062930904694E+03,  9.918599818371E+02,  1.408386414185E-01,NaN,NaN,  1.529586690428E-02,  5.859817573027E+16,  1.265337348164E+19,  2.602408884246E+20,  1.244045584144E+19,  3.930335857839E+20,  1.242196456294E+20,  1.866399689728E+13,  3.176117656203E+02,  1.242180652086E+02,  1.834026647911E+02,NaN,  9.991032030769E+00,NaN,  3.589752728568E-06,  3.252223687913E-02,NaN,  5.767756829511E+06,  2.478237114292E-06
  2.394167192775E+04,  2.292387236874E+03,  2.296028078469E+03,  9.705336469618E+02,  1.963176335393E+03,  9.918599818371E+02,  1.372418744534E-01,NaN,NaN,  1.575580068129E-02,  5.888932817515E+16,  1.233655150831E+19,  2.605573614443E+20,  1.264367691793E+19,  3.908771646248E+20,  1.263052595574E+20,  1.917045199077E+13,  3.214222870780E+02,  1.278059221596E+02,  1.836256965964E+02,NaN,  9.990664634802E+00,NaN,  3.687162118623E-06,  3.236830669784E-02,NaN,  5.778277685336E+06,  2.530120663044E-06
  2.515462719399E+04,  2.285444604863E+03,  2.288850686698E+03,  8.821727562329E+02,  1.874762800295E+03,  9.918599818371E+02,  1.338823021816E-01,NaN,NaN,  1.621626105092E-02,  5.915160748004E+16,  1.205071959086E+19,  2.608428450186E+20,  1.283140752574E+19,  3.888497679452E+20,  1.282720626772E+20,  1.968243181564E+13,  3.250068174352E+02,  1.311896339038E+02,  1.838268888403E+02,NaN,  9.990290905485E+00,NaN,  3.785634111701E-06,  3.222611297054E-02,NaN,  5.788170115035E+06,  2.580627223019E-06
  2.642208453834E+04,  2.278794178837E+03,  2.281982136762E+03,  8.025314982223E+02,  1.795072131366E+03,  9.918599818371E+02,  1.307181321794E-01,NaN,NaN,  1.668398475664E-02,  5.939128497387E+16,  1.178915885794E+19,  2.611040509728E+20,  1.300698716832E+19,  3.869228801933E+20,  1.301470915284E+20,  2.020644380859E+13,  3.284166038930E+02,  1.344157237127E+02,  1.840109716274E+02,NaN,  9.989904666497E+00,NaN,  3.886420320135E-06,  3.209315536742E-02,NaN,  5.797609594565E+06,  2.630449381538E-06
  2.778307064157E+04,  2.272267069961E+03,  2.275245210911E+03,  7.282740448266E+02,  1.720766685019E+03,  9.918599818371E+02,  1.276674773561E-01,NaN,NaN,  1.717511708634E-02,  5.961887694096E+16,  1.154046337561E+19,  2.613523698834E+20,  1.317738962285E+19,  3.850227461331E+20,  1.320001070558E+20,  2.075586253310E+13,  3.317796645644E+02,  1.376041938198E+02,  1.841859723745E+02,NaN,  9.989494378017E+00,NaN,  3.992093149824E-06,  3.196418418532E-02,NaN,  5.806842375526E+06,  2.680787455208E-06
  2.926536376725E+04,  2.265847804794E+03,  2.268575186716E+03,  6.436011888662E+02,  1.636036800453E+03,  9.918599818371E+02,  1.246812202960E-01,NaN,NaN,  1.779829539390E-02,  5.992095462062E+16,  1.120988380185E+19,  2.616824586137E+20,  1.340878446996E+19,  3.823499275619E+20,  1.345654475736E+20,  2.134223913896E+13,  3.364248856064E+02,  1.420172292724E+02,  1.844185997419E+02,NaN,  9.989052487238E+00,NaN,  4.104874299137E-06,  3.178957501361E-02,NaN,  5.815958394935E+06,  2.732116434673E-06
  3.078083240511E+04,  2.259834032151E+03,  2.262377685305E+03,  5.829826708739E+02,  1.575375322873E+03,  9.918599818371E+02,  1.219419451666E-01,NaN,NaN,  1.832531871461E-02,  6.011168018117E+16,  1.100084440943E+19,  2.618910896730E+20,  1.355859460778E+19,  3.806179214589E+20,  1.362643287438E+20,  2.191931748932E+13,  3.394953572443E+02,  1.449411170210E+02,  1.845656307964E+02,NaN,  9.988605211120E+00,NaN,  4.215867062060E-06,  3.167627378369E-02,NaN,  5.824406333008E+06,  2.781189087873E-06
  3.236002341309E+04,  2.254155757364E+03,  2.256532242005E+03,  5.294656636637E+02,  1.521819070909E+03,  9.918599818371E+02,  1.193967028972E-01,NaN,NaN,  1.885152556390E-02,  6.027925516257E+16,  1.081699259496E+19,  2.620745239956E+20,  1.369262885115E+19,  3.790528625552E+20,  1.378068119538E+20,  2.249831776548E+13,  3.422793799712E+02,  1.475963271239E+02,  1.846949046540E+02,NaN,  9.988143865946E+00,NaN,  4.327229479907E-06,  3.157499550628E-02,NaN,  5.832354789752E+06,  2.828736738382E-06
  3.406396746781E+04,  2.248664802616E+03,  2.250835779611E+03,  4.667144204891E+02,  1.459020086543E+03,  9.918599818371E+02,  1.169516384741E-01,NaN,NaN,  1.953679376371E-02,  6.051588681640E+16,  1.055707247765E+19,  2.623339128274E+20,  1.388509075658E+19,  3.767221641256E+20,  1.400548491454E+20,  2.310339073658E+13,  3.463298274756E+02,  1.514644652911E+02,  1.848777068388E+02,NaN,  9.987650902105E+00,NaN,  4.443606607537E-06,  3.143015018488E-02,NaN,  5.840082444512E+06,  2.876292920924E-06
  3.585309632513E+04,  2.243427085581E+03,  2.245450930834E+03,  4.227778200901E+02,  1.415048565680E+03,  9.918599818371E+02,  1.146520080561E-01,NaN,NaN,  2.010547776915E-02,  6.065401526522E+16,  1.040516260078E+19,  2.624853518216E+20,  1.399988432018E+19,  3.753454623727E+20,  1.414215199254E+20,  2.370501417300E+13,  3.487895393011E+02,  1.538179644537E+02,  1.849844322472E+02,NaN,  9.987138040923E+00,NaN,  4.559320266532E-06,  3.134352232591E-02,NaN,  5.847370887884E+06,  2.922392272058E-06
  3.768000355239E+04,  2.238661218241E+03,  2.240512050880E+03,  3.734535473653E+02,  1.365683952577E+03,  9.918599818371E+02,  1.125790852770E-01,NaN,NaN,  2.081516467495E-02,  6.084433045297E+16,  1.019566133443E+19,  2.626943011646E+20,  1.416009573851E+19,  3.733520590154E+20,  1.433515294347E+20,  2.429403718478E+13,  3.522580474132E+02,  1.571397360204E+02,  1.851316876095E+02,NaN,  9.986619110741E+00,NaN,  4.672610414155E-06,  3.122317330768E-02,NaN,  5.854041673662E+06,  2.965682933336E-06
  3.957245582095E+04,  2.234236255331E+03,  2.235929116566E+03,  3.300540000766E+02,  1.322247543286E+03,  9.918599818371E+02,  1.106792107934E-01,NaN,NaN,  2.154198156884E-02,  6.101293222927E+16,  1.000985997117E+19,  2.628795387198E+20,  1.430464344624E+19,  3.715290380637E+20,  1.451203625369E+20,  2.487025657390E+13,  3.554329406362E+02,  1.601846174986E+02,  1.852622322808E+02,NaN,  9.986086073373E+00,NaN,  4.783437968174E-06,  3.111476318785E-02,NaN,  5.860219710404E+06,  3.006743114002E-06
  4.155134213133E+04,  2.230093533058E+03,  2.231640464872E+03,  2.914127930343E+02,  1.283572354820E+03,  9.918599818371E+02,  1.089208848224E-01,NaN,NaN,  2.229522441901E-02,  6.116382897668E+16,  9.843399724521E+18,  2.630454153312E+20,  1.443611819672E+19,  3.698500636629E+20,  1.467527113858E+20,  2.543711033274E+13,  3.583597706108E+02,  1.629951001865E+02,  1.853791324834E+02,NaN,  9.985533048435E+00,NaN,  4.892464177228E-06,  3.101627799030E-02,NaN,  5.865990625398E+06,  3.045963752757E-06
  4.363799804367E+04,  2.226134548513E+03,  2.227591649362E+03,  2.679682181830E+02,  1.260106355957E+03,  9.918599818371E+02,  1.072563488017E-01,NaN,NaN,  2.283787087661E-02,  6.122346933184E+16,  9.777532693254E+18,  2.631107479587E+20,  1.448909053403E+19,  3.692082364770E+20,  1.474217430817E+20,  2.599157196505E+13,  3.595602823993E+02,  1.641501482185E+02,  1.854251751250E+02,NaN,  9.984954056687E+00,NaN,  4.999106938069E-06,  3.097622336204E-02,NaN,  5.871429597030E+06,  3.083716650288E-06
  4.583046421938E+04,  2.222485261723E+03,  2.223816979815E+03,  2.367593167007E+02,  1.228868586398E+03,  9.918599818371E+02,  1.057281113130E-01,NaN,NaN,  2.362405867167E-02,  6.134534330664E+16,  9.642903789064E+18,  2.632447377339E+20,  1.459739732634E+19,  3.678044362858E+20,  1.487918901844E+20,  2.653879658043E+13,  3.620143956249E+02,  1.665104371926E+02,  1.855196033372E+02,NaN,  9.984349990734E+00,NaN,  5.104357762263E-06,  3.089516580848E-02,NaN,  5.876492250516E+06,  3.119563660979E-06
  4.813192468800E+04,  2.219099830959E+03,  2.220317452778E+03,  2.093534661661E+02,  1.201436937017E+03,  9.918599818371E+02,  1.043249196059E-01,NaN,NaN,  2.442764256424E-02,  6.145140777623E+16,  9.525648990127E+18,  2.633613258733E+20,  1.469280940746E+19,  3.665582207700E+20,  1.500116039924E+20,  2.706804233163E+13,  3.641978962946E+02,  1.686124028465E+02,  1.856017678870E+02,NaN,  9.983720354931E+00,NaN,  5.206150609203E-06,  3.082383666318E-02,NaN,  5.881178958594E+06,  3.153371270995E-06
  5.060269909473E+04,  2.215942225934E+03,  2.217003073597E+03,  1.736126991437E+02,  1.165661049558E+03,  9.918599818371E+02,  1.030174591168E-01,NaN,NaN,  2.566379191531E-02,  6.162413913952E+16,  9.334539526019E+18,  2.635516438120E+20,  1.484979417862E+19,  3.644359150527E+20,  1.520416655119E+20,  2.759768991563E+13,  3.678264490325E+02,  1.721075023779E+02,  1.857358929176E+02,NaN,  9.983048428978E+00,NaN,  5.308020742934E-06,  3.070698744110E-02,NaN,  5.885611587532E+06,  3.185910086862E-06
  5.373157149986E+04,  2.212446438068E+03,  2.213382458286E+03,  1.463721218721E+02,  1.138392957808E+03,  9.918599818371E+02,  1.015955159517E-01,NaN,NaN,  2.685815349861E-02,  6.173394934891E+16,  9.212901025042E+18,  2.636723665383E+20,  1.495135945874E+19,  3.630706033752E+20,  1.533751424681E+20,  2.819347375770E+13,  3.702101021951E+02,  1.744069224642E+02,  1.858209712842E+02,NaN,  9.982203024129E+00,NaN,  5.422611239518E-06,  3.063127861122E-02,NaN,  5.890446979770E+06,  3.222045725713E-06
  5.661858285920E+04,  2.209664626637E+03,  2.210510020787E+03,  1.274054767568E+02,  1.119406820462E+03,  9.918599818371E+02,  1.004752041027E-01,NaN,NaN,  2.786893878522E-02,  6.180441474921E+16,  9.134773806376E+18,  2.637496616270E+20,  1.501720114082E+19,  3.621857881284E+20,  1.542483131128E+20,  2.868376239525E+13,  3.717714640752E+02,  1.759145871254E+02,  1.858754443738E+02,NaN,  9.981427059065E+00,NaN,  5.516911243108E-06,  3.058213513142E-02,NaN,  5.894278133020E+06,  3.251161537721E-06
  5.958007255945E+04,  2.207220825569E+03,  2.207991166818E+03,  1.122551416923E+02,  1.104240355315E+03,  9.918599818371E+02,  9.948882080249E-02,NaN,NaN,  2.882213854478E-02,  6.185690085688E+16,  9.076544873041E+18,  2.638070406196E+20,  1.506667619235E+19,  3.615231833217E+20,  1.549076476870E+20,  2.912741426875E+13,  3.729513925803E+02,  1.770548699291E+02,  1.859158817556E+02,NaN,  9.980635293351E+00,NaN,  5.602241332487E-06,  3.054522820215E-02,NaN,  5.897634028670E+06,  3.277025137480E-06
  6.304123172577E+04,  2.204894566578E+03,  2.205535738540E+03,  8.766076638299E+01,  1.079619714166E+03,  9.918599818371E+02,  9.854070925030E-02,NaN,NaN,  3.071981174208E-02,  6.198237097637E+16,  8.937350549298E+18,  2.639451591882E+20,  1.518530546250E+19,  3.598584583653E+20,  1.564968463169E+20,  2.958234510869E+13,  3.757874071363E+02,  1.797944661275E+02,  1.860132197015E+02,NaN,  9.979715617497E+00,NaN,  5.689740769664E-06,  3.045743677171E-02,NaN,  5.900902130539E+06,  3.302540768027E-06
  6.620115250125E+04,  2.202967280964E+03,  2.203557914372E+03,  7.840712030096E+01,  1.070355872198E+03,  9.918599818371E+02,  9.777711395349E-02,NaN,NaN,  3.163820202006E-02,  6.200625355692E+16,  8.910773490422E+18,  2.639708340940E+20,  1.520826613744E+19,  3.595565904883E+20,  1.568090873330E+20,  2.995023740548E+13,  3.763488050581E+02,  1.803386078312E+02,  1.860313138841E+02,NaN,  9.978877582372E+00,NaN,  5.760499588555E-06,  3.044016185363E-02,NaN,  5.903532201902E+06,  3.323314232773E-06
  6.969844180602E+04,  2.201321385236E+03,  2.201813891764E+03,  6.142491551293E+01,  1.053354940442E+03,  9.918599818371E+02,  9.711128425915E-02,NaN,NaN,  3.367570635757E-02,  6.209452746775E+16,  8.812738344668E+18,  2.640677931054E+20,  1.529287763628E+19,  3.583522857458E+20,  1.579555446552E+20,  3.029067112703E+13,  3.783948842241E+02,  1.823172776932E+02,  1.860996449645E+02,NaN,  9.977955740464E+00,NaN,  5.825977143420E-06,  3.037770894120E-02,NaN,  5.905849622901E+06,  3.341797641355E-06
  7.363970550424E+04,  2.199604694187E+03,  2.200055980033E+03,  5.456563242877E+01,  1.046487896763E+03,  9.918599818371E+02,  9.643910892623E-02,NaN,NaN,  3.473616025515E-02,  6.210670832041E+16,  8.799116225073E+18,  2.640802806469E+20,  1.530481629682E+19,  3.582023694554E+20,  1.581188260002E+20,  3.063220217158E+13,  3.786925587115E+02,  1.826071899245E+02,  1.861084454585E+02,NaN,  9.976917436721E+00,NaN,  5.891665752660E-06,  3.036863909510E-02,NaN,  5.908183854112E+06,  3.360587105386E-06
  7.773722875693E+04,  2.198287881927E+03,  2.198653947361E+03,  4.121729446387E+01,  1.033124606001E+03,  9.918599818371E+02,  9.590994897243E-02,NaN,NaN,  3.730169197397E-02,  6.217714416092E+16,  8.720808692544E+18,  2.641573357727E+20,  1.537290830761E+19,  3.572208011554E+20,  1.590487205533E+20,  3.091793885148E+13,  3.803536084720E+02,  1.842150096079E+02,  1.861627494362E+02,NaN,  9.975843481248E+00,NaN,  5.946623114257E-06,  3.031844578863E-02,NaN,  5.910044343077E+06,  3.375688245895E-06
  8.196615506856E+04,  2.197099230778E+03,  2.197456353018E+03,  3.982918580734E+01,  1.031734770715E+03,  9.918599818371E+02,  9.545180307300E-02,NaN,NaN,  3.765865100822E-02,  6.216080952660E+16,  8.738860571977E+18,  2.641380710424E+20,  1.535739638623E+19,  3.574642975158E+20,  1.588318022535E+20,  3.115638756734E+13,  3.799759913189E+02,  1.838520754196E+02,  1.861491727731E+02,NaN,  9.974737133742E+00,NaN,  5.992485312642E-06,  3.032979063863E-02,NaN,  5.911632711921E+06,  3.388669303636E-06
  8.637828021812E+04,  2.196075606331E+03,  2.196361438720E+03,  2.956322872890E+01,  1.021455482025E+03,  9.918599818371E+02,  9.504332927342E-02,NaN,NaN,  4.060774432050E-02,  6.221554542494E+16,  8.677949097003E+18,  2.641976384141E+20,  1.541044544804E+19,  3.566916822860E+20,  1.595592312254E+20,  3.138674996832E+13,  3.812773667141E+02,  1.851126245410E+02,  1.861911523973E+02,NaN,  9.973583738942E+00,NaN,  6.036792224075E-06,  3.029066830639E-02,NaN,  5.913084225968E+06,  3.400603926612E-06
  9.171243269250E+04,  2.195187208650E+03,  2.195406299306E+03,  2.071684774587E+01,  1.012589573686E+03,  9.918599818371E+02,  9.468700053929E-02,NaN,NaN,  4.441702544108E-02,  6.226313125868E+16,  8.624949152417E+18,  2.642490187870E+20,  1.545684702050E+19,  3.560098722115E+20,  1.601953851512E+20,  3.159047678632E+13,  3.824179723452E+02,  1.862184099732E+02,  1.862273623003E+02,NaN,  9.972193995760E+00,NaN,  6.075976162265E-06,  3.025657421797E-02,NaN,  5.914349918862E+06,  3.411067258243E-06
  9.640136410339E+04,  2.194632475356E+03,  2.194806230771E+03,  1.519835411061E+01,  1.007075645685E+03,  9.918599818371E+02,  9.446313619224E-02,NaN,NaN,  4.801656418073E-02,  6.229294199938E+16,  8.591710723270E+18,  2.642808371313E+20,  1.548603895017E+19,  3.555765341498E+20,  1.605944472119E+20,  3.171980762860E+13,  3.831359411160E+02,  1.869151736789E+02,  1.862497860215E+02,NaN,  9.970975314799E+00,NaN,  6.100851099101E-06,  3.023520668509E-02,NaN,  5.915144843683E+06,  3.417665917157E-06
  1.025595897101E+05,  2.194125701037E+03,  2.194254421658E+03,  1.018166347792E+01,  1.002053087504E+03,  9.918599818371E+02,  9.425727572842E-02,NaN,NaN,  5.309806294544E-02,  6.232028585988E+16,  8.561176872249E+18,  2.643095091027E+20,  1.551288139776E+19,  3.551727867624E+20,  1.609589735392E+20,  3.183965473343E+13,  3.837953427884E+02,  1.875559666166E+02,  1.862699923618E+02,NaN,  9.969377686152E+00,NaN,  6.123901974749E-06,  3.021564624927E-02,NaN,  5.915875668654E+06,  3.423751025464E-06
  1.078676697436E+05,  2.193514841996E+03,  2.193684016689E+03,  1.464879767445E+01,  1.006524868403E+03,  9.918599818371E+02,  9.403831117586E-02,NaN,NaN,  4.850457527006E-02,  6.227247593124E+16,  8.614203697472E+18,  2.642549509590E+20,  1.546615302331E+19,  3.558687040369E+20,  1.603013886178E+20,  3.195414755701E+13,  3.826376419554E+02,  1.864380948303E+02,  1.862315429506E+02,NaN,  9.967998028555E+00,NaN,  6.145923031017E-06,  3.025000587724E-02,NaN,  5.916630951587E+06,  3.430058518918E-06
  1.140536198860E+05,  2.193024397180E+03,  2.193149582834E+03,  9.798907501027E+00,  1.001671081629E+03,  9.918599818371E+02,  9.384126445164E-02,NaN,NaN,  5.365697640050E-02,  6.229893720366E+16,  8.584643717417E+18,  2.642826385898E+20,  1.549197264207E+19,  3.554790602060E+20,  1.606522873556E+20,  3.207189825955E+13,  3.832729987663E+02,  1.870555455311E+02,  1.862510555848E+02,NaN,  9.966391481790E+00,NaN,  6.168570693683E-06,  3.023111421554E-02,NaN,  5.917338447009E+06,  3.435984277083E-06
  1.207987374734E+05,  2.192676978155E+03,  2.192767832756E+03,  6.388352095773E+00,  9.982430673629E+02,  9.918599818371E+02,  9.370051251089E-02,NaN,NaN,  5.973204321348E-02,  6.231778482765E+16,  8.563533742445E+18,  2.643017098606E+20,  1.551037469089E+19,  3.551952482994E+20,  1.608987422453E+20,  3.215651963207E+13,  3.837239047223E+02,  1.874947601539E+02,  1.862644959089E+02,NaN,  9.964642474640E+00,NaN,  6.184846403788E-06,  3.021774273290E-02,NaN,  5.917843723249E+06,  3.440226615318E-06
  1.272098306102E+05,  2.192463887235E+03,  2.192531254426E+03,  4.286275746385E+00,  9.961472470316E+02,  9.918599818371E+02,  9.361328565485E-02,NaN,NaN,  6.601119921260E-02,  6.232942743774E+16,  8.550441718404E+18,  2.643128658992E+20,  1.552172327346E+19,  3.550145745793E+20,  1.610469859388E+20,  3.220916939327E+13,  3.839997347845E+02,  1.877643887872E+02,  1.862723580370E+02,NaN,  9.962981765223E+00,NaN,  6.194972831958E-06,  3.020957882359E-02,NaN,  5.918156814170E+06,  3.442859672570E-06
  1.336832002398E+05,  2.192322669034E+03,  2.192373065465E+03,  2.910322673974E+00,  9.947682582177E+02,  9.918599818371E+02,  9.355496110008E-02,NaN,NaN,  7.272905177369E-02,  6.233718140986E+16,  8.541671930953E+18,  2.643196820161E+20,  1.552925020874E+19,  3.548892739160E+20,  1.611415107390E+20,  3.224445605815E+13,  3.841802975446E+02,  1.879418235964E+02,  1.862771616404E+02,NaN,  9.961306106098E+00,NaN,  6.201759717008E-06,  3.020424224295E-02,NaN,  5.918366146836E+06,  3.444621983477E-06
  1.404208683213E+05,  2.192226532939E+03,  2.192264276153E+03,  1.979136031410E+00,  9.938409867115E+02,  9.918599818371E+02,  9.351485028492E-02,NaN,NaN,  8.009631189920E-02,  6.234248433939E+16,  8.535621532315E+18,  2.643236997787E+20,  1.553435942508E+19,  3.547984961882E+20,  1.612016211997E+20,  3.226875419285E+13,  3.843002752956E+02,  1.880607129956E+02,  1.862799931261E+02,NaN,  9.959562967436E+00,NaN,  6.206433115520E-06,  3.020070088347E-02,NaN,  5.918510100810E+06,  3.445834750512E-06
  1.489032509580E+05,  2.192150814969E+03,  2.192177864667E+03,  1.269209233022E+00,  9.931304949305E+02,  9.918599818371E+02,  9.348299021471E-02,NaN,NaN,  8.951142838081E-02,  6.234665761214E+16,  8.530787539038E+18,  2.643259754613E+20,  1.553832374523E+19,  3.547201387795E+20,  1.612426065763E+20,  3.228806229955E+13,  3.843897289084E+02,  1.881507563429E+02,  1.862815968951E+02,NaN,  9.957369460285E+00,NaN,  6.210146753553E-06,  3.019806483140E-02,NaN,  5.918624439139E+06,  3.446798514935E-06
  1.566138472232E+05,  2.192108235325E+03,  2.192128971839E+03,  8.904470326596E-01,  9.927514280662E+02,  9.918599818371E+02,  9.346496334095E-02,NaN,NaN,  9.780857958778E-02,  6.234898346098E+16,  8.528025512652E+18,  2.643264123169E+20,  1.554047872232E+19,  3.546700108417E+20,  1.612594889482E+20,  3.229898023385E+13,  3.844348709241E+02,  1.881975837006E+02,  1.862819047655E+02,NaN,  9.955376245799E+00,NaN,  6.212246661984E-06,  3.019673801210E-02,NaN,  5.918689131604E+06,  3.447344007651E-06
  1.670006730130E+05,  2.192072703346E+03,  2.192088225139E+03,  6.051511099404E-01,  9.924653976564E+02,  9.918599818371E+02,  9.344993995921E-02,NaN,NaN,  1.077276872169E-01,  6.235087397063E+16,  8.525686674838E+18,  2.643256192755E+20,  1.554215437479E+19,  3.546203668968E+20,  1.612649647636E+20,  3.230806160163E+13,  3.844650253106E+02,  1.882309811837E+02,  1.862813458760E+02,NaN,  9.952692036926E+00,NaN,  6.213993333127E-06,  3.019585648491E-02,NaN,  5.918743044580E+06,  3.447798714923E-06
  1.760573138208E+05,  2.192052942479E+03,  2.192065846692E+03,  4.730491103303E-01,  9.923329509988E+02,  9.918599818371E+02,  9.344168898565E-02,NaN,NaN,  1.145709732413E-01,  6.235187191131E+16,  8.524370723039E+18,  2.643242046414E+20,  1.554297274325E+19,  3.545864477428E+20,  1.612606965375E+20,  3.231303230300E+13,  3.844752614096E+02,  1.882445540625E+02,  1.862803489241E+02,NaN,  9.950352208032E+00,NaN,  6.214949376405E-06,  3.019556214846E-02,NaN,  5.918772653700E+06,  3.448048482902E-06
  1.851139546287E+05,  2.192038735318E+03,  2.192050118756E+03,  4.002100941059E-01,  9.922592900276E+02,  9.918599818371E+02,  9.343589006713E-02,NaN,NaN,  1.194633469833E-01,  6.235254093563E+16,  8.523420569375E+18,  2.643224244355E+20,  1.554346606148E+19,  3.545572681475E+20,  1.612518553768E+20,  3.231651109605E+13,  3.844773758237E+02,  1.882502623256E+02,  1.862790943383E+02,NaN,  9.948012944161E+00,NaN,  6.215618472468E-06,  3.019550768084E-02,NaN,  5.918793463253E+06,  3.448224040342E-06
  1.986989158406E+05,  2.192022565782E+03,  2.192032896947E+03,  3.516531187932E-01,  9.922046047362E+02,  9.918599818371E+02,  9.342954035532E-02,NaN,NaN,  1.233911814132E-01,  6.235322941764E+16,  8.522345679528E+18,  2.643194035157E+20,  1.554389458420E+19,  3.545180362964E+20,  1.612342138778E+20,  3.232029992042E+13,  3.844727648618E+02,  1.882512882270E+02,  1.862769653695E+02,NaN,  9.944505048984E+00,NaN,  6.216347198620E-06,  3.019565579162E-02,NaN,  5.918816249296E+06,  3.448416288158E-06
  2.088348209076E+05,  2.192012793672E+03,  2.192022556042E+03,  3.260750804569E-01,  9.921865348979E+02,  9.918599818371E+02,  9.342572764519E-02,NaN,NaN,  1.257439135822E-01,  6.235361905183E+16,  8.521681666133E+18,  2.643170116818E+20,  1.554409171864E+19,  3.544905536217E+20,  1.612193288428E+20,  3.232256408859E+13,  3.844662607433E+02,  1.882490862400E+02,  1.862752797439E+02,NaN,  9.941888542702E+00,NaN,  6.216782678967E-06,  3.019585676744E-02,NaN,  5.918829930963E+06,  3.448531731956E-06
  2.194568440919E+05,  2.192003230545E+03,  2.192012769443E+03,  3.161575923386E-01,  9.921763183985E+02,  9.918599818371E+02,  9.342211930853E-02,NaN,NaN,  1.267196344725E-01,  6.235397541747E+16,  8.521043574090E+18,  2.643144472862E+20,  1.554424690857E+19,  3.544625013309E+20,  1.612030113434E+20,  3.232470129154E+13,  3.844581617179E+02,  1.882455355417E+02,  1.862734725067E+02,NaN,  9.939147452265E+00,NaN,  6.217193739372E-06,  3.019610524444E-02,NaN,  5.918842879378E+06,  3.448640993001E-06
  2.311462619653E+05,  2.191993302482E+03,  2.192002732624E+03,  3.113572057303E-01,  9.921715140041E+02,  9.918599818371E+02,  9.341841871513E-02,NaN,NaN,  1.272062977835E-01,  6.235433132048E+16,  8.520381700388E+18,  2.643115847862E+20,  1.554438182524E+19,  3.544321529234E+20,  1.611845522919E+20,  3.232688869004E+13,  3.844483528304E+02,  1.882407598836E+02,  1.862714551830E+02,NaN,  9.936131546210E+00,NaN,  6.217614454173E-06,  3.019640514077E-02,NaN,  5.918856158814E+06,  3.448753053055E-06
  2.438272073456E+05,  2.191982739017E+03,  2.191992102188E+03,  3.084088880989E-01,  9.921685622760E+02,  9.918599818371E+02,  9.341449925421E-02,NaN,NaN,  1.275103267360E-01,  6.235470464201E+16,  8.519677883951E+18,  2.643084651756E+20,  1.554451555045E+19,  3.543994142256E+20,  1.611643539486E+20,  3.232920412745E+13,  3.844373967477E+02,  1.882352731845E+02,  1.862692566626E+02,NaN,  9.932860682529E+00,NaN,  6.218059795426E-06,  3.019673976206E-02,NaN,  5.918870223581E+06,  3.448871746806E-06
  2.625103472939E+05,  2.191967394773E+03,  2.191976713952E+03,  3.064732547878E-01,  9.921666196089E+02,  9.918599818371E+02,  9.340882558389E-02,NaN,NaN,  1.277127757206E-01,  6.235524107546E+16,  8.518656042110E+18,  2.643038536456E+20,  1.554469911368E+19,  3.543513750592E+20,  1.611344126181E+20,  3.233255461316E+13,  3.844209193807E+02,  1.882268634341E+02,  1.862660067241E+02,NaN,  9.928043003844E+00,NaN,  6.218704213409E-06,  3.019724264714E-02,NaN,  5.918890583113E+06,  3.449043574588E-06
  2.811934872421E+05,  2.191952185708E+03,  2.191961494526E+03,  3.060140070689E-01,  9.921661661572E+02,  9.918599818371E+02,  9.340321415407E-02,NaN,NaN,  1.277622385823E-01,  6.235576910628E+16,  8.517643544324E+18,  2.642992325748E+20,  1.554487434831E+19,  3.543034571642E+20,  1.611043644069E+20,  3.233586751932E+13,  3.844042354567E+02,  1.882182518172E+02,  1.862627500617E+02,NaN,  9.923227358409E+00,NaN,  6.219341403502E-06,  3.019775158234E-02,NaN,  5.918910719178E+06,  3.449213530194E-06
  2.971362801504E+05,  2.191939235396E+03,  2.191948542901E+03,  3.059521857350E-01,  9.921661035122E+02,  9.918599818371E+02,  9.339843886660E-02,NaN,NaN,  1.277700315271E-01,  6.235621788121E+16,  8.516781550316E+18,  2.642952869691E+20,  1.554502206608E+19,  3.542625925208E+20,  1.610787044285E+20,  3.233868705962E+13,  3.843899537655E+02,  1.882108587554E+02,  1.862599694280E+02,NaN,  9.919119362235E+00,NaN,  6.219883701731E-06,  3.019818716114E-02,NaN,  5.918927854732E+06,  3.449358171238E-06
  3.130790730587E+05,  2.191926287776E+03,  2.191935594546E+03,  3.059157093367E-01,  9.921660730090E+02,  9.918599818371E+02,  9.339366478495E-02,NaN,NaN,  1.277751792808E-01,  6.235666646329E+16,  8.515919790647E+18,  2.642913412529E+20,  1.554516959420E+19,  3.542217326856E+20,  1.610530489770E+20,  3.234150686834E+13,  3.843756691390E+02,  1.882034614957E+02,  1.862571887164E+02,NaN,  9.915012706501E+00,NaN,  6.220426051588E-06,  3.019862280429E-02,NaN,  5.918944985870E+06,  3.449502784964E-06
  3.290218659670E+05,  2.191913337977E+03,  2.191922644015E+03,  3.058793677203E-01,  9.921660346687E+02,  9.918599818371E+02,  9.338888990107E-02,NaN,NaN,  1.277803138740E-01,  6.235711510724E+16,  8.515057954658E+18,  2.642873953742E+20,  1.554531716222E+19,  3.541808713963E+20,  1.610274018817E+20,  3.234432721390E+13,  3.843613864789E+02,  1.881960647694E+02,  1.862544078902E+02,NaN,  9.910907598276E+00,NaN,  6.220968504700E-06,  3.019905834533E-02,NaN,  5.918962119799E+06,  3.449647432199E-06
  3.847776847744E+05,  2.191868048573E+03,  2.191877353919E+03,  3.058340390801E-01,  9.921659848382E+02,  9.918599818371E+02,  9.337219136085E-02,NaN,NaN,  1.277897332915E-01,  6.235868374086E+16,  8.512044325626E+18,  2.642735940970E+20,  1.554583274133E+19,  3.540379757754E+20,  1.609377457368E+20,  3.235419453123E+13,  3.843114303877E+02,  1.881701827151E+02,  1.862446815516E+02,NaN,  9.896559898198E+00,NaN,  6.222866341990E-06,  3.020058154380E-02,NaN,  5.919022039209E+06,  3.450153359363E-06
  4.245907106734E+05,  2.191835703013E+03,  2.191845009179E+03,  3.058593404566E-01,  9.921660105180E+02,  9.918599818371E+02,  9.336026579720E-02,NaN,NaN,  1.277904365756E-01,  6.235980371115E+16,  8.509892447155E+18,  2.642637366402E+20,  1.554620056660E+19,  3.539359323847E+20,  1.608737639456E+20,  3.236124526094E+13,  3.842757529349E+02,  1.881516885884E+02,  1.862377345885E+02,NaN,  9.886323533715E+00,NaN,  6.224222448956E-06,  3.020166914094E-02,NaN,  5.919064831066E+06,  3.450514745328E-06
  4.644037365724E+05,  2.191803354097E+03,  2.191812660535E+03,  3.058605382451E-01,  9.921660117122E+02,  9.918599818371E+02,  9.334833879374E-02,NaN,NaN,  1.277936582646E-01,  6.236092369623E+16,  8.507740708070E+18,  2.642538802435E+20,  1.554656843873E+19,  3.538339044720E+20,  1.608098349232E+20,  3.236829974861E+13,  3.842400904310E+02,  1.881331990251E+02,  1.862307883725E+02,NaN,  9.876096807903E+00,NaN,  6.225579278712E-06,  3.020275611509E-02,NaN,  5.919107627532E+06,  3.450876232407E-06
  4.884125845374E+05,  2.191783844644E+03,  2.191793151275E+03,  3.058625977446E-01,  9.921660137760E+02,  9.918599818371E+02,  9.334114569458E-02,NaN,NaN,  1.277954617026E-01,  6.236159907148E+16,  8.506443183569E+18,  2.642479364596E+20,  1.554679024468E+19,  3.537723818511E+20,  1.607713288747E+20,  3.237255536473E+13,  3.842185930091E+02,  1.881220487303E+02,  1.862265995387E+02,NaN,  9.869938513659E+00,NaN,  6.226397785578E-06,  3.020341106517E-02,NaN,  5.919133437534E+06,  3.451094270736E-06
  5.130305635152E+05,  2.190223301608E+03,  2.190402865688E+03,  1.580434130224E+01,  9.790087790166E+02,  9.631840671430E+02,  9.282854489651E-02,NaN,NaN,  4.771911222566E-02,  6.242982857858E+16,  8.429994383365E+18,  2.643169682937E+20,  1.561410829495E+19,  3.527281931773E+20,  1.616793237582E+20,  3.268862116099E+13,  3.858778318507E+02,  1.897389389850E+02,  1.862752491664E+02,NaN,  9.863637412015E+00,NaN,  6.287188518707E-06,  3.015454058343E-02,NaN,  5.920972209874E+06,  3.466686314862E-06
  5.393398352809E+05,  2.185644798833E+03,  2.185917532727E+03,  2.745913386520E+01,  9.572932437454E+02,  9.297998650385E+02,  9.116210220992E-02,NaN,NaN,  4.171589536136E-02,  6.249930060435E+16,  8.352085939878E+18,  2.643871359168E+20,  1.568373597277E+19,  3.516998943773E+20,  1.626381449841E+20,  3.372829899625E+13,  3.876283604747E+02,  1.914467132601E+02,  1.863246992322E+02,NaN,  9.856941495206E+00,NaN,  6.487155672930E-06,  3.010331100386E-02,NaN,  5.926897436884E+06,  3.517724605710E-06
  5.667739520356E+05,  2.180556247134E+03,  2.180813819497E+03,  2.530113616526E+01,  9.216888762391E+02,  8.963552406736E+02,  8.930148513249E-02,NaN,NaN,  4.275712821791E-02,  6.267275972886E+16,  8.158259131333E+18,  2.645728817393E+20,  1.585904274808E+19,  3.490448246516E+20,  1.651299362767E+20,  3.500739375775E+13,  3.920968029829E+02,  1.957911657943E+02,  1.864556021008E+02,NaN,  9.850028354543E+00,NaN,  6.733171246950E-06,  2.997450984636E-02,NaN,  5.933626563394E+06,  3.577197026114E-06
  5.952399063868E+05,  2.175368436931E+03,  2.175601332469E+03,  2.199490443548E+01,  8.865279521660E+02,  8.645015881839E+02,  8.743019938076E-02,NaN,NaN,  4.447217587592E-02,  6.284862006044E+16,  7.961518033914E+18,  2.647613206075E+20,  1.604017779486E+19,  3.462514042377E+20,  1.677542090410E+20,  3.641305431158E+13,  3.967962675462E+02,  2.003649221905E+02,  1.865884028716E+02,NaN,  9.842935480531E+00,NaN,  7.003529940017E-06,  2.984185315356E-02,NaN,  5.940484870805E+06,  3.639521742425E-06
  6.251495033575E+05,  2.169840635545E+03,  2.170099052472E+03,  2.511143083556E+01,  8.590336541530E+02,  8.338888175439E+02,  8.548339910818E-02,NaN,NaN,  4.322139582240E-02,  6.296063728296E+16,  7.835825615616E+18,  2.648784448694E+20,  1.615753812004E+19,  3.444288527561E+20,  1.694742287198E+20,  3.800344468174E+13,  3.998935594170E+02,  2.033870462723E+02,  1.866709452495E+02,NaN,  9.835560585817E+00,NaN,  7.309418769841E-06,  2.975591141357E-02,NaN,  5.947708916201E+06,  3.707108836616E-06
  6.564558162173E+05,  2.164525578123E+03,  2.164742914497E+03,  1.981540596424E+01,  8.251043426033E+02,  8.052619653598E+02,  8.360939403893E-02,NaN,NaN,  4.606581219856E-02,  6.313904817579E+16,  7.635779382234E+18,  2.650695347521E+20,  1.634684385358E+19,  3.414090330906E+20,  1.723116362399E+20,  3.969511517252E+13,  4.049654728936E+02,  2.083319204026E+02,  1.868056143014E+02,NaN,  9.827930554815E+00,NaN,  7.634787381588E-06,  2.961781046896E-02,NaN,  5.954725790078E+06,  3.774736406219E-06
  6.893672393731E+05,  2.159433542397E+03,  2.159691641779E+03,  2.477719202249E+01,  8.029428917123E+02,  7.781313788214E+02,  8.185672480649E-02,NaN,NaN,  4.375061563934E-02,  6.322657404306E+16,  7.537213885920E+18,  2.651588508327E+20,  1.644141099045E+19,  3.398884423878E+20,  1.737313265983E+20,  4.140473661123E+13,  4.075313968281E+02,  2.108428297916E+02,  1.868685590880E+02,NaN,  9.819999984875E+00,NaN,  7.963608601299E-06,  2.954908249761E-02,NaN,  5.961329487293E+06,  3.840232207033E-06
  7.251221471373E+05,  2.153867378383E+03,  2.154083104266E+03,  1.938274360206E+01,  7.694407475795E+02,  7.500300282879E+02,  7.995807378707E-02,NaN,NaN,  4.674512175748E-02,  6.341143688222E+16,  7.329466761039E+18,  2.653565609535E+20,  1.664301396841E+19,  3.365622348836E+20,  1.768538769198E+20,  4.348749886838E+13,  4.131051516432E+02,  2.162857738753E+02,  1.870078936992E+02,NaN,  9.811475704472E+00,NaN,  8.364198117934E-06,  2.940255857580E-02,NaN,  5.968646092495E+06,  3.914976475512E-06
  7.625155912787E+05,  2.148557141805E+03,  2.148744963778E+03,  1.601496923531E+01,  7.392364714208E+02,  7.231978909968E+02,  7.818109138075E-02,NaN,NaN,  4.925718378386E-02,  6.358061907654E+16,  7.139028744982E+18,  2.655366195986E+20,  1.683114489959E+19,  3.333886752768E+20,  1.798248245117E+20,  4.565008600476E+13,  4.184081287963E+02,  2.214706602322E+02,  1.871347885754E+02,NaN,  9.802671208477E+00,NaN,  8.780140807826E-06,  2.926645106937E-02,NaN,  5.975594728658E+06,  3.988165251910E-06
  8.019152665135E+05,  2.142924921154E+03,  2.143134549722E+03,  1.841986549918E+01,  7.157641526325E+02,  6.973167797201E+02,  7.632246135927E-02,NaN,NaN,  4.779839382464E-02,  6.368740317563E+16,  7.018408411904E+18,  2.656464772391E+20,  1.695176726346E+19,  3.313274166396E+20,  1.817514355725E+20,  4.811747741860E+13,  4.218696480325E+02,  2.248639315908E+02,  1.872122098605E+02,NaN,  9.793497326429E+00,NaN,  9.254708238854E-06,  2.917924929013E-02,NaN,  5.982881833491E+06,  4.067320466802E-06
  8.426769656275E+05,  2.137634557215E+03,  2.137813463308E+03,  1.481818638247E+01,  6.877082239791E+02,  6.728669813189E+02,  7.459392433076E-02,NaN,NaN,  5.070833706852E-02,  6.385190407437E+16,  6.832786964767E+18,  2.658210078701E+20,  1.713989732023E+19,  3.280354820896E+20,  1.848291168425E+20,  5.070213475872E+13,  4.273567045770E+02,  2.302373639555E+02,  1.873352089135E+02,NaN,  9.784121956182E+00,NaN,  9.751830092773E-06,  2.904373830544E-02,NaN,  5.989778088213E+06,  4.144586916009E-06
  8.849652236532E+05,  2.132379117959E+03,  2.132594977802E+03,  1.891591713185E+01,  6.685708400570E+02,  6.496255704633E+02,  7.292109057391E-02,NaN,NaN,  4.792848989538E-02,  6.393615896582E+16,  6.737264132187E+18,  2.659052163199E+20,  1.723783798173E+19,  3.262985197772E+20,  1.864341452223E+20,  5.345423505164E+13,  4.302509119553E+02,  2.330818370628E+02,  1.873945541385E+02,NaN,  9.774510472794E+00,NaN,  1.028115720262E-05,  2.897349323179E-02,NaN,  5.996527180836E+06,  4.222514116249E-06
  9.296841619164E+05,  2.126956808181E+03,  2.127134048352E+03,  1.444882397425E+01,  6.416519497741E+02,  6.271799953586E+02,  7.121536841395E-02,NaN,NaN,  5.152036720955E-02,  6.410110498401E+16,  6.550720591575E+18,  2.660798428415E+20,  1.743125606073E+19,  3.227940850077E+20,  1.897092885634E+20,  5.664848967281E+13,  4.360827766335E+02,  2.388006852187E+02,  1.875176207696E+02,NaN,  9.764459749690E+00,NaN,  1.089552637044E-05,  2.883464677814E-02,NaN,  6.003574829889E+06,  4.306426347799E-06
  9.773535070102E+05,  2.121730059055E+03,  2.121882308650E+03,  1.172354108154E+01,  6.169226043772E+02,  6.051795934092E+02,  6.958295492482E-02,NaN,NaN,  5.454395542997E-02,  6.425560523388E+16,  6.375695055969E+18,  2.662422898158E+20,  1.761556031785E+19,  3.193746504249E+20,  1.928912978741E+20,  6.003634959581E+13,  4.417501865155E+02,  2.443641911322E+02,  1.876321039631E+02,NaN,  9.753879873143E+00,NaN,  1.154713274766E-05,  2.870295667235E-02,NaN,  6.010338085310E+06,  4.389489861275E-06
  1.028342708665E+06,  2.116157925143E+03,  2.116336393124E+03,  1.439181320365E+01,  5.980669738251E+02,  5.836511418125E+02,  6.788370163427E-02,NaN,NaN,  5.208277142424E-02,  6.434798876194E+16,  6.270574287837E+18,  2.663341649007E+20,  1.772728510128E+19,  3.172635695825E+20,  1.948333989845E+20,  6.396731380445E+13,  4.452416105373E+02,  2.478020504609E+02,  1.876968521873E+02,NaN,  9.742695585896E+00,NaN,  1.230319746260E-05,  2.862332771875E-02,NaN,  6.017464883772E+06,  4.479820176017E-06
  1.081512278806E+06,  2.110776243311E+03,  2.110923915605E+03,  1.110522894640E+01,  5.742596593751E+02,  5.631355112228E+02,  6.626667718520E-02,NaN,NaN,  5.584969372156E-02,  6.450380714999E+16,  6.093633300299E+18,  2.664973627279E+20,  1.791777463897E+19,  3.135935284213E+20,  1.982438918498E+20,  6.826530061162E+13,  4.513096899249E+02,  2.537666343339E+02,  1.878118645383E+02,NaN,  9.731177922901E+00,NaN,  1.312985372242E-05,  2.848772644446E-02,NaN,  6.024405098839E+06,  4.570665344311E-06
  1.135932163185E+06,  2.105727806717E+03,  2.105858403939E+03,  9.367599722373E+00,  5.532826922312E+02,  5.438989610115E+02,  6.478120372576E-02,NaN,NaN,  5.855377548917E-02,  6.464220258154E+16,  5.936194568440E+18,  2.666408874437E+20,  1.808957425245E+19,  3.102032418924E+20,  2.013788824066E+20,  7.272987677885E+13,  4.568913714002E+02,  2.592588077381E+02,  1.879130124228E+02,NaN,  9.719537250756E+00,NaN,  1.398855106182E-05,  2.836594727216E-02,NaN,  6.030886937530E+06,  4.658184247381E-06
  1.193730959594E+06,  2.100131091038E+03,  2.100290059381E+03,  1.208972611016E+01,  5.364584741073E+02,  5.243470903221E+02,  6.315470087887E-02,NaN,NaN,  5.522598566399E-02,  6.472897779523E+16,  5.837027103781E+18,  2.667254920342E+20,  1.819844316711E+19,  3.080101228246E+20,  2.033818249174E+20,  7.817008421494E+13,  4.604905051647E+02,  2.628105417092E+02,  1.879726368248E+02,NaN,  9.707311595752E+00,NaN,  1.503489711487E-05,  2.828883622181E-02,NaN,  6.037997215996E+06,  4.757284124434E-06
  1.254629428154E+06,  2.094698014251E+03,  2.094826066427E+03,  8.998381203964E+00,  5.148845122211E+02,  5.058697693292E+02,  6.159590374251E-02,NaN,NaN,  5.976843286834E-02,  6.488007531933E+16,  5.664796823959E+18,  2.668824724424E+20,  1.839024778903E+19,  3.040841292010E+20,  2.070195665600E+20,  8.421677385543E+13,  4.669542477555E+02,  2.691763632788E+02,  1.880832675000E+02,NaN,  9.694600778866E+00,NaN,  1.619789134142E-05,  2.815321643857E-02,NaN,  6.044959038528E+06,  4.857586994575E-06
  1.318006869514E+06,  2.089419629149E+03,  2.089583077945E+03,  1.237553336809E+01,  5.010626935100E+02,  4.886640891182E+02,  6.012302257868E-02,NaN,NaN,  5.547113992459E-02,  6.494820704606E+16,  5.586573249492E+18,  2.669450624526E+20,  1.847771203436E+19,  3.022384346809E+20,  2.086649377217E+20,  9.069031194003E+13,  4.699299467383E+02,  2.721210138755E+02,  1.881273773043E+02,NaN,  9.681538115583E+00,NaN,  1.744298375815E-05,  2.809190379390E-02,NaN,  6.051625157875E+06,  4.956795624801E-06
  1.384837904222E+06,  2.084004309476E+03,  2.084134646411E+03,  9.086712936324E+00,  4.811530335206E+02,  4.720488693583E+02,  5.863670349372E-02,NaN,NaN,  6.024347094683E-02,  6.509293007239E+16,  5.421190754297E+18,  2.670940515062E+20,  1.866498947409E+19,  2.982508851971E+20,  2.123452143280E+20,  9.834808110601E+13,  4.764683313868E+02,  2.785680122791E+02,  1.882323761367E+02,NaN,  9.667924055084E+00,NaN,  1.891584607749E-05,  2.795980809452E-02,NaN,  6.058537883329E+06,  5.063088008537E-06
  1.454920572157E+06,  2.078884230594E+03,  2.078995025010E+03,  7.267998046871E+00,  4.633262717900E+02,  4.560439898925E+02,  5.723959958421E-02,NaN,NaN,  6.402540898031E-02,  6.522440580388E+16,  5.270659624800E+18,  2.672275743737E+20,  1.883739775966E+19,  2.944803435526E+20,  2.158004320980E+20,  1.065299503085E+14,  4.826127793614E+02,  2.846324492162E+02,  1.883264752995E+02,NaN,  9.653834356186E+00,NaN,  2.048951153918E-05,  2.783873002440E-02,NaN,  6.065045206368E+06,  5.166458816410E-06
  1.528632196746E+06,  2.073627915641E+03,  2.073775530704E+03,  1.058193863563E+01,  4.512283138909E+02,  4.406252799887E+02,  5.584234620257E-02,NaN,NaN,  5.858881670502E-02,  6.528568969544E+16,  5.199920555247E+18,  2.672806799280E+20,  1.891838911430E+19,  2.926437041024E+20,  2.174010161186E+20,  1.158866079240E+14,  4.855173326495E+02,  2.875142145366E+02,  1.883639010101E+02,NaN,  9.639194813735E+00,NaN,  2.228913074134E-05,  2.778244690444E-02,NaN,  6.071640187378E+06,  5.274640567489E-06
  1.606728367673E+06,  2.068169869312E+03,  2.068285417485E+03,  7.578000698670E+00,  4.332060820541E+02,  4.256125478635E+02,  5.441734463218E-02,NaN,NaN,  6.404094511618E-02,  6.542542555210E+16,  5.039614846768E+18,  2.674224175714E+20,  1.910466416817E+19,  2.884171191242E+20,  2.212772672049E+20,  1.272418600630E+14,  4.924010146798E+02,  2.943133315432E+02,  1.884637894698E+02,NaN,  9.623869193654E+00,NaN,  2.447315100099E-05,  2.765167098979E-02,NaN,  6.078562502227E+06,  5.392054783754E-06
  1.688758797128E+06,  2.062832079906E+03,  2.062933849887E+03,  6.351725498053E+00,  4.165143806258E+02,  4.101492870183E+02,  5.305853249261E-02,NaN,NaN,  6.729414242713E-02,  6.555681482834E+16,  4.888614645489E+18,  2.675541299157E+20,  1.928201598035E+19,  2.842826089568E+20,  2.250496610026E+20,  1.400023958866E+14,  4.991035594816E+02,  3.009389343542E+02,  1.885566126809E+02,NaN,  9.607985518997E+00,NaN,  2.692745746830E-05,  2.752760226731E-02,NaN,  6.085295765608E+06,  5.510227089916E-06
  1.775633254251E+06,  2.057207655934E+03,  2.057332334361E+03,  8.262945217374E+00,  4.043999022255E+02,  3.961192614083E+02,  5.163907645765E-02,NaN,NaN,  6.337321399345E-02,  6.562621330474E+16,  4.808280443241E+18,  2.676143214029E+20,  1.937615931587E+19,  2.819999191293E+20,  2.270417526330E+20,  1.554161545582E+14,  5.027016185525E+02,  3.045111789384E+02,  1.885990321455E+02,NaN,  9.591377576494E+00,NaN,  2.989207338381E-05,  2.746223850830E-02,NaN,  6.092328369789E+06,  5.638018937801E-06
  1.865377496866E+06,  2.051880221509E+03,  2.051979305168E+03,  6.037785715803E+00,  3.888642286683E+02,  3.828132420706E+02,  5.032246418174E-02,NaN,NaN,  6.892450126858E-02,  6.575397285798E+16,  4.661078485399E+18,  2.677408604378E+20,  1.955113045425E+19,  2.777398948960E+20,  2.309102816463E+20,  1.727304253843E+14,  5.095741210599E+02,  3.113114395838E+02,  1.886882095087E+02,NaN,  9.574438745286E+00,NaN,  3.322222561666E-05,  2.733990699830E-02,NaN,  6.099034581464E+06,  5.764225327065E-06
  1.959884121853E+06,  2.046782642804E+03,  2.046867885102E+03,  4.905211799148E+00,  3.748735574756E+02,  3.699574114679E+02,  4.909341567633E-02,NaN,NaN,  7.298719526469E-02,  6.587003457103E+16,  4.527075221557E+18,  2.678533366215E+20,  1.971156045089E+19,  2.737167998440E+20,  2.345277198218E+20,  1.920280844357E+14,  5.160104286698E+02,  3.176860795343E+02,  1.887674761909E+02,NaN,  9.556836010736E+00,NaN,  3.693385419310E-05,  2.722813450870E-02,NaN,  6.105424994695E+06,  5.888615379053E-06
  2.059051827478E+06,  2.041267104430E+03,  2.041381084180E+03,  7.170283720046E+00,  3.647681288471E+02,  3.575814358713E+02,  4.780057213382E-02,NaN,NaN,  6.676373918902E-02,  6.592662074294E+16,  4.461129828072E+18,  2.678969889986E+20,  1.978972658455E+19,  2.716552943137E+20,  2.362594678797E+20,  2.162780638876E+14,  5.191623950135E+02,  3.208255258068E+02,  1.887982398512E+02,NaN,  9.538587757501E+00,NaN,  4.159799073278E-05,  2.717430207411E-02,NaN,  6.112270503020E+06,  6.026534856308E-06
  2.164600006215E+06,  2.035798279169E+03,  2.035887368047E+03,  5.122391531015E+00,  3.503908869950E+02,  3.452569038044E+02,  4.652299656156E-02,NaN,NaN,  7.304660089807E-02,  6.605304469789E+16,  4.314899063038E+18,  2.680196614945E+20,  1.996641532364E+19,  2.670460005821E+20,  2.404132824851E+20,  2.454445321715E+14,  5.265402297339E+02,  3.281360754802E+02,  1.888846923021E+02,NaN,  9.519414743797E+00,NaN,  4.720774354625E-05,  2.705081355126E-02,NaN,  6.119109939786E+06,  6.169380290233E-06
  2.274823000390E+06,  2.030591106929E+03,  2.030666430438E+03,  4.064674438175E+00,  3.375487619040E+02,  3.334745580552E+02,  4.533788867213E-02,NaN,NaN,  7.783126124385E-02,  6.616685098928E+16,  4.182976299829E+18,  2.681272545809E+20,  2.012671246379E+19,  2.627292355755E+20,  2.442609721433E+20,  2.786456369918E+14,  5.333858759471E+02,  3.349256399585E+02,  1.889605176610E+02,NaN,  9.499664734069E+00,NaN,  5.359350096338E-05,  2.693913296359E-02,NaN,  6.125596191361E+06,  6.309729824513E-06
  2.388651699325E+06,  2.024843998380E+03,  2.024945991600E+03,  6.038662175636E+00,  3.279790405067E+02,  3.219255355536E+02,  4.406923623954E-02,NaN,NaN,  7.093815024878E-02,  6.622478889127E+16,  4.115206562808E+18,  2.681702199266E+20,  2.020796563689E+19,  2.604191157307E+20,  2.461845230635E+20,  3.225688436843E+14,  5.368821229820E+02,  3.384117508964E+02,  1.889907971415E+02,NaN,  9.479512902698E+00,NaN,  6.204150124646E-05,  2.688308465094E-02,NaN,  6.132687847781E+06,  6.468877069529E-06
  2.509371011615E+06,  2.019400658710E+03,  2.019477365706E+03,  4.092116882796E+00,  3.153740484814E+02,  3.112719497613E+02,  4.289646167176E-02,NaN,NaN,  7.872927219700E-02,  6.634174857043E+16,  3.979339016804E+18,  2.682799836630E+20,  2.037398401043E+19,  2.557470777801E+20,  2.503456593036E+20,  3.745267615331E+14,  5.442786352144E+02,  3.457519846830E+02,  1.890681522484E+02,NaN,  9.458426248173E+00,NaN,  7.203486324685E-05,  2.676688578359E-02,NaN,  6.139452564179E+06,  6.650613372494E-06
  2.636710580790E+06,  2.014228870513E+03,  2.014296678478E+03,  3.403708111358E+00,  3.041259404388E+02,  3.007132450508E+02,  4.180323627603E-02,NaN,NaN,  8.367152578156E-02,  6.644695441993E+16,  3.856837169325E+18,  2.683752410710E+20,  2.052397331822E+19,  2.513767263414E+20,  2.541809450560E+20,  4.351325672719E+14,  5.511116826334E+02,  3.525398321326E+02,  1.891352841375E+02,NaN,  9.436482671732E+00,NaN,  8.369152273491E-05,  2.666217791027E-02,NaN,  6.145847823628E+06,  7.057189650243E-06
  2.771081178588E+06,  2.008080349841E+03,  2.008162611913E+03,  4.300597764119E+00,  2.946799731554E+02,  2.903688406221E+02,  4.054417981346E-02,NaN,NaN,  8.033783174869E-02,  6.651033374687E+16,  3.782473758138E+18,  2.684212074159E+20,  2.061365218131E+19,  2.486225063898E+20,  2.564663004606E+20,  5.254794238258E+14,  5.552535213741E+02,  3.566721363929E+02,  1.891676785480E+02,NaN,  9.413605364705E+00,NaN,  1.010684477642E-04,  2.659985165410E-02,NaN,  6.153403335877E+06,  7.578407857959E-06
  2.913902139080E+06,  2.002574093119E+03,  2.002640514003E+03,  3.164060442581E+00,  2.834119989978E+02,  2.802395035009E+02,  3.945123500045E-02,NaN,NaN,  8.816763093365E-02,  6.662127642279E+16,  3.653010935359E+18,  2.685207392946E+20,  2.077246711016E+19,  2.437649140287E+20,  2.607244606694E+20,  6.308032824891E+14,  5.628325097687E+02,  3.642049350303E+02,  1.892378228358E+02,NaN,  9.389630576649E+00,NaN,  1.213259848342E-04,  2.648817145204E-02,NaN,  6.160189684185E+06,  8.088168337128E-06
  3.060210851630E+06,  1.996931653538E+03,  1.997031135979E+03,  5.302205955321E+00,  2.763544052633E+02,  2.710376439716E+02,  3.836811021754E-02,NaN,NaN,  7.880234270265E-02,  6.665998388021E+16,  3.607057387403E+18,  2.685364097806E+20,  2.082660942531E+19,  2.419169414158E+20,  2.620661651612E+20,  7.686801854808E+14,  5.653420008140E+02,  3.667276016582E+02,  1.892488664843E+02,NaN,  9.365384826903E+00,NaN,  1.478446341591E-04,  2.645175457193E-02,NaN,  6.167068421361E+06,  8.649317365660E-06
  3.213676077558E+06,  1.989626138070E+03,  1.989766266009E+03,  8.129030995669E+00,  2.703658348148E+02,  2.622125332031E+02,  3.703043700353E-02,NaN,NaN,  7.239944615664E-02,  6.682113770806E+16,  3.419068534920E+18,  2.686929049863E+20,  2.105900981989E+19,  2.345758767896E+20,  2.687583737475E+20,  1.016834052949E+15,  5.771535187568E+02,  3.784538824928E+02,  1.893591552168E+02,NaN,  9.340285473640E+00,NaN,  1.955734795801E-04,  2.628475964017E-02,NaN,  6.175955072660E+06,  9.448186989276E-06
  3.374675863622E+06,  1.968548422290E+03,  1.968812179145E+03,  1.729680209973E+01,  2.707612963122E+02,  2.534081607549E+02,  3.347712739680E-02,NaN,NaN,  6.404529505792E-02,  6.702944065097E+16,  3.175773453033E+18,  2.689045495755E+20,  2.136290292307E+19,  2.247949790416E+20,  2.783603564961E+20,  2.719951552793E+15,  5.940094296363E+02,  3.951859367211E+02,  1.895083100322E+02,NaN,  9.314659739182E+00,NaN,  5.231437597182E-04,  2.605731793916E-02,NaN,  6.201447436760E+06,  1.231072030082E-05
  3.543410237990E+06,  1.927161280428E+03,  1.927579474561E+03,  2.645102015689E+01,  2.715579556437E+02,  2.450064949405E+02,  2.789840858859E-02,NaN,NaN,  6.640255643286E-02,  6.744281812484E+16,  2.691514607662E+18,  2.693580889988E+20,  2.195389355268E+19,  2.034504691414E+20,  3.001423940076E+20,  9.402135217647E+16,  6.319854470081E+02,  4.328501855745E+02,  1.898279382786E+02,NaN,  9.289239493245E+00,NaN,  1.808366168172E-02,  2.558823392220E-02,NaN,  6.251013799916E+06,  2.175456228518E-05
  3.720602703425E+06,  1.740533082751E+03,  1.742044221131E+03,  3.622480172724E+01,  2.740375387199E+02,  2.371854979202E+02,  1.117081748249E-02,NaN,NaN,  1.752054089259E-01,  6.878514526013E+16,  1.106309838402E+18,  2.709141785034E+20,  2.396437699795E+19,  1.057909604402E+20,  3.969166987009E+20,  2.051378160153E+20,  8.390293190078E+02,  5.993831898957E+02,  1.909245797923E+02,NaN,  9.266225852534E+00,NaN,  3.945532346723E+01,  2.441111888416E-02,NaN,  6.296462853258E+06,  1.443991975634E-03
  3.777792836804E+06,  1.418138755847E+03,  1.660000062673E+03,  1.945330989434E-01,  2.748226875546E+02,  2.348067336065E+02,  6.219811580814E-03,NaN,NaN,  5.221823402735E+03,  6.922479751024E+16,  5.839330476080E+17,  2.714288453417E+20,  2.471650081892E+19,  6.094974923985E+19,  4.417120707356E+20,  5.436051321805E+20,  9.815277678310E+02,  6.764253781549E+02,  1.912872870909E+02,NaN,  9.260434190876E+00,NaN,  1.045546683944E+02,  2.441969771898E-02,NaN,  6.315623893907E+06,  6.118584342401E+12
