t(yr),T_surf(K),T_pot(K),flux_surf(W/m2),flux_OLR(W/m2),flux_ASR(W/m2),phi(vol_frac),fO2_solid(bar),fO2_melt(bar),thick_surf_bl(m),massC_solid(kg),massC_melt(kg),massC_atm(kg),massH_solid(kg),massH_melt(kg),massH_atm(kg),massO_atm(kg),p_surf(bar),p_H2O(bar),p_CO2(bar),p_CO(bar),p_H2(bar),p_CH4(bar),p_O2(bar),mmw(kg/mol),R_trans(m),R_solid(m),viscosity(Pa.s)
  1.998401444325E-06,  3.598976484592E+03,  3.599999999998E+03,  3.235139307417E+02,  9.562785916320E+05,  9.918599818371E+02,  9.305230993350E-01,NaN,NaN,  1.328772672273E-02,  8.169911478823E+15,  1.322560407196E+20,  4.135687629339E+20,  1.151318959354E+17,  1.549428083279E+20,  5.360393232985E+19,  1.048676769611E+13,  3.042289592365E+02,  2.769710920362E+00,  2.914592462992E+02,NaN,  1.000000000000E+01,NaN,  2.016979704730E-06,  4.239280697313E-02,NaN,  3.504050000000E+06,  4.266428404973E-07
  3.996802888651E-06,  3.598952970421E+03,  3.599999999996E+03,  3.334615312965E+02,  9.562382145053E+05,  9.918599818371E+02,  9.305230993341E-01,NaN,NaN,  1.318750081069E-02,  8.169911478934E+15,  1.322560407195E+20,  4.135687629340E+20,  1.151318959370E+17,  1.549428083279E+20,  5.360393232984E+19,  1.048676769611E+13,  3.042289592366E+02,  2.769710920366E+00,  2.914592462992E+02,NaN,  9.999999999999E+00,NaN,  2.016979704730E-06,  4.239280697313E-02,NaN,  3.504050000000E+06,  4.266428404979E-07
  5.995204332976E-06,  3.598929457487E+03,  3.599999999993E+03,  3.434833546748E+02,  9.561978409450E+05,  9.918599818371E+02,  9.305230993331E-01,NaN,NaN,  1.309023702586E-02,  8.169911479050E+15,  1.322560407194E+20,  4.135687629341E+20,  1.151318959388E+17,  1.549428083279E+20,  5.360393232983E+19,  1.048676769611E+13,  3.042289592366E+02,  2.769710920370E+00,  2.914592462993E+02,NaN,  9.999999999997E+00,NaN,  2.016979704730E-06,  4.239280697313E-02,NaN,  3.504050000000E+06,  4.266428404986E-07
  9.566729804611E-06,  3.598887438019E+03,  3.599999999989E+03,  3.615758552272E+02,  9.561256937968E+05,  9.918599818371E+02,  9.305230993314E-01,NaN,NaN,  1.292331942400E-02,  8.169911479262E+15,  1.322560407192E+20,  4.135687629343E+20,  1.151318959419E+17,  1.549428083279E+20,  5.360393232983E+19,  1.048676769611E+13,  3.042289592368E+02,  2.769710920377E+00,  2.914592462994E+02,NaN,  9.999999999996E+00,NaN,  2.016979704730E-06,  4.239280697313E-02,NaN,  3.504050000000E+06,  4.266428404998E-07
  1.313825527625E-05,  3.598845422080E+03,  3.599999999985E+03,  3.798960671722E+02,  9.560535573074E+05,  9.918599818371E+02,  9.305230993295E-01,NaN,NaN,  1.276461542977E-02,  8.169911479485E+15,  1.322560407190E+20,  4.135687629344E+20,  1.151318959452E+17,  1.549428083279E+20,  5.360393232983E+19,  1.048676769611E+13,  3.042289592369E+02,  2.769710920384E+00,  2.914592462996E+02,NaN,  9.999999999994E+00,NaN,  2.016979704730E-06,  4.239280697313E-02,NaN,  3.504050000000E+06,  4.266428405011E-07
  1.670978074788E-05,  3.598803409970E+03,  3.599999999980E+03,  3.984382018957E+02,  9.559814319941E+05,  9.918599818371E+02,  9.305230993276E-01,NaN,NaN,  1.261344423545E-02,  8.169911479718E+15,  1.322560407188E+20,  4.135687629347E+20,  1.151318959487E+17,  1.549428083279E+20,  5.360393232983E+19,  1.048676769611E+13,  3.042289592371E+02,  2.769710920392E+00,  2.914592462997E+02,NaN,  9.999999999993E+00,NaN,  2.016979704730E-06,  4.239280697313E-02,NaN,  3.504050000000E+06,  4.266428405024E-07
  2.028130621952E-05,  3.598761401798E+03,  3.599999999975E+03,  4.171968846266E+02,  9.559093180391E+05,  9.918599818371E+02,  9.305230993256E-01,NaN,NaN,  1.246920227782E-02,  8.169911479962E+15,  1.322560407186E+20,  4.135687629349E+20,  1.151318959523E+17,  1.549428083279E+20,  5.360393232983E+19,  1.048676769611E+13,  3.042289592372E+02,  2.769710920400E+00,  2.914592462999E+02,NaN,  9.999999999992E+00,NaN,  2.016979704730E-06,  4.239280697313E-02,NaN,  3.504050000000E+06,  4.266428405038E-07
  2.729364597696E-05,  3.598678934501E+03,  3.599999999965E+03,  4.546385526639E+02,  9.557677626984E+05,  9.918599818371E+02,  9.305230993213E-01,NaN,NaN,  1.220414529011E-02,  8.169911480475E+15,  1.322560407182E+20,  4.135687629353E+20,  1.151318959599E+17,  1.549428083279E+20,  5.360393232982E+19,  1.048676769611E+13,  3.042289592376E+02,  2.769710920416E+00,  2.914592463002E+02,NaN,  9.999999999990E+00,NaN,  2.016979704730E-06,  4.239280697313E-02,NaN,  3.504050000000E+06,  4.266428405067E-07
  3.885762963704E-05,  3.598542972296E+03,  3.599999999947E+03,  5.180728891888E+02,  9.555344218945E+05,  9.918599818371E+02,  9.305230993135E-01,NaN,NaN,  1.181207559862E-02,  8.169911481418E+15,  1.322560407173E+20,  4.135687629362E+20,  1.151318959739E+17,  1.549428083278E+20,  5.360393232982E+19,  1.048676769611E+13,  3.042289592382E+02,  2.769710920447E+00,  2.914592463008E+02,NaN,  9.999999999986E+00,NaN,  2.016979704730E-06,  4.239280697313E-02,NaN,  3.504050000000E+06,  4.266428405121E-07
  5.042161329711E-05,  3.598407052436E+03,  3.599999999926E+03,  5.834931401728E+02,  9.553012018990E+05,  9.918599818371E+02,  9.305230993046E-01,NaN,NaN,  1.146608074357E-02,  8.169911482487E+15,  1.322560407163E+20,  4.135687629371E+20,  1.151318959898E+17,  1.549428083278E+20,  5.360393232982E+19,  1.048676769611E+13,  3.042289592389E+02,  2.769710920482E+00,  2.914592463015E+02,NaN,  9.999999999982E+00,NaN,  2.016979704730E-06,  4.239280697313E-02,NaN,  3.504050000000E+06,  4.266428405182E-07
  7.189452688890E-05,  3.598154779019E+03,  3.599999999880E+03,  7.098473235319E+02,  9.548684625623E+05,  9.918599818371E+02,  9.305230992852E-01,NaN,NaN,  1.091773873025E-02,  8.169911484815E+15,  1.322560407143E+20,  4.135687629392E+20,  1.151318960244E+17,  1.549428083277E+20,  5.360393232983E+19,  1.048676769611E+13,  3.042289592404E+02,  2.769710920558E+00,  2.914592463029E+02,NaN,  9.999999999975E+00,NaN,  2.016979704730E-06,  4.239280697313E-02,NaN,  3.504050000000E+06,  4.266428405316E-07
  9.336744048068E-05,  3.597902653983E+03,  3.599999999825E+03,  8.420293061764E+02,  9.544361433271E+05,  9.918599818371E+02,  9.305230992620E-01,NaN,NaN,  1.046145599632E-02,  8.169911487608E+15,  1.322560407118E+20,  4.135687629417E+20,  1.151318960658E+17,  1.549428083276E+20,  5.360393232985E+19,  1.048676769611E+13,  3.042289592423E+02,  2.769710920649E+00,  2.914592463047E+02,NaN,  9.999999999968E+00,NaN,  2.016979704730E-06,  4.239280697314E-02,NaN,  3.504050000000E+06,  4.266428405475E-07
  1.148403540725E-04,  3.597650678726E+03,  3.599999999760E+03,  9.795432828136E+02,  9.540042462424E+05,  9.918599818371E+02,  9.305230992347E-01,NaN,NaN,  1.007321321830E-02,  8.169911490886E+15,  1.322560407088E+20,  4.135687629446E+20,  1.151318961145E+17,  1.549428083275E+20,  5.360393232987E+19,  1.048676769611E+13,  3.042289592444E+02,  2.769710920756E+00,  2.914592463067E+02,NaN,  9.999999999961E+00,NaN,  2.016979704730E-06,  4.239280697314E-02,NaN,  3.504050000000E+06,  4.266428405663E-07
  1.522613406765E-04,  3.597211921515E+03,  3.599999999624E+03,  1.230760992132E+03,  9.532525906742E+05,  9.918599818371E+02,  9.305230991772E-01,NaN,NaN,  9.514380233361E-03,  8.169911497810E+15,  1.322560407026E+20,  4.135687629508E+20,  1.151318962173E+17,  1.549428083273E+20,  5.360393232994E+19,  1.048676769611E+13,  3.042289592490E+02,  2.769710920982E+00,  2.914592463111E+02,NaN,  9.999999999949E+00,NaN,  2.016979704730E-06,  4.239280697315E-02,NaN,  3.504050000000E+06,  4.266428406059E-07
  1.896823272805E-04,  3.596773629174E+03,  3.599999999455E+03,  1.495269309441E+03,  9.525022313944E+05,  9.918599818371E+02,  9.305230991061E-01,NaN,NaN,  9.062417783237E-03,  8.169911506353E+15,  1.322560406950E+20,  4.135687629584E+20,  1.151318963441E+17,  1.549428083270E+20,  5.360393233004E+19,  1.048676769611E+13,  3.042289592546E+02,  2.769710921260E+00,  2.914592463165E+02,NaN,  9.999999999936E+00,NaN,  2.016979704730E-06,  4.239280697315E-02,NaN,  3.504050000000E+06,  4.266428406548E-07
  2.271033138845E-04,  3.596335807079E+03,  3.599999999254E+03,  1.771759616078E+03,  9.517531757354E+05,  9.918599818371E+02,  9.305230990210E-01,NaN,NaN,  8.686058196484E-03,  8.169911516593E+15,  1.322560406858E+20,  4.135687629675E+20,  1.151318964962E+17,  1.549428083266E+20,  5.360393233017E+19,  1.048676769611E+13,  3.042289592614E+02,  2.769710921594E+00,  2.914592463229E+02,NaN,  9.999999999924E+00,NaN,  2.016979704730E-06,  4.239280697316E-02,NaN,  3.504050000000E+06,  4.266428407133E-07
  2.843552823731E-04,  3.595666884948E+03,  3.599999998877E+03,  2.215647251850E+03,  9.506097001200E+05,  9.918599818371E+02,  9.305230988621E-01,NaN,NaN,  8.213888058141E-03,  8.169911535709E+15,  1.322560406686E+20,  4.135687629846E+20,  1.151318967800E+17,  1.549428083260E+20,  5.360393233043E+19,  1.048676769611E+13,  3.042289592740E+02,  2.769710922218E+00,  2.914592463349E+02,NaN,  9.999999999905E+00,NaN,  2.016979704730E-06,  4.239280697318E-02,NaN,  3.504050000000E+06,  4.266428408227E-07
  3.416072508616E-04,  3.594999089441E+03,  3.599999998414E+03,  2.682248888170E+03,  9.494693090158E+05,  9.918599818371E+02,  9.305230986668E-01,NaN,NaN,  7.830674393999E-03,  8.169911559199E+15,  1.322560406476E+20,  4.135687630056E+20,  1.151318971287E+17,  1.549428083252E+20,  5.360393233078E+19,  1.048676769611E+13,  3.042289592896E+02,  2.769710922984E+00,  2.914592463497E+02,NaN,  9.999999999886E+00,NaN,  2.016979704730E-06,  4.239280697320E-02,NaN,  3.504050000000E+06,  4.266428409571E-07
  3.988592193502E-04,  3.594332433689E+03,  3.599999997861E+03,  3.169293082336E+03,  9.483320179951E+05,  9.918599818371E+02,  9.305230984334E-01,NaN,NaN,  7.510750474005E-03,  8.169911587271E+15,  1.322560406225E+20,  4.135687630307E+20,  1.151318975455E+17,  1.549428083242E+20,  5.360393233121E+19,  1.048676769611E+13,  3.042289593081E+02,  2.769710923900E+00,  2.914592463674E+02,NaN,  9.999999999867E+00,NaN,  2.016979704730E-06,  4.239280697322E-02,NaN,  3.504050000000E+06,  4.266428411176E-07
  4.561111878388E-04,  3.593666929231E+03,  3.599999997214E+03,  3.674960491187E+03,  9.471978398473E+05,  9.918599818371E+02,  9.305230981604E-01,NaN,NaN,  7.237869792344E-03,  8.169911620110E+15,  1.322560405930E+20,  4.135687630600E+20,  1.151318980331E+17,  1.549428083231E+20,  5.360393233174E+19,  1.048676769611E+13,  3.042289593299E+02,  2.769710924971E+00,  2.914592463881E+02,NaN,  9.999999999848E+00,NaN,  2.016979704730E-06,  4.239280697325E-02,NaN,  3.504050000000E+06,  4.266428413055E-07
  5.133631563274E-04,  3.593002586413E+03,  3.599999996470E+03,  4.197753259092E+03,  9.460667852743E+05,  9.918599818371E+02,  9.305230978463E-01,NaN,NaN,  7.001155243117E-03,  8.169911657888E+15,  1.322560405592E+20,  4.135687630938E+20,  1.151318985939E+17,  1.549428083218E+20,  5.360393233236E+19,  1.048676769611E+13,  3.042289593549E+02,  2.769710926203E+00,  2.914592464119E+02,NaN,  9.999999999830E+00,NaN,  2.016979704730E-06,  4.239280697328E-02,NaN,  3.504050000000E+06,  4.266428415216E-07
  6.010021621218E-04,  3.591987908581E+03,  3.599999995135E+03,  5.028378767964E+03,  9.443414832308E+05,  9.918599818371E+02,  9.305230972831E-01,NaN,NaN,  6.692169599697E-03,  8.169911725639E+15,  1.322560404985E+20,  4.135687631544E+20,  1.151318995998E+17,  1.549428083196E+20,  5.360393233349E+19,  1.048676769611E+13,  3.042289593998E+02,  2.769710928414E+00,  2.914592464546E+02,NaN,  9.999999999801E+00,NaN,  2.016979704730E-06,  4.239280697333E-02,NaN,  3.504050000000E+06,  4.266428419091E-07
  6.886411679162E-04,  3.590976004926E+03,  3.599999993554E+03,  5.892485554931E+03,  9.426235478263E+05,  9.918599818371E+02,  9.305230966162E-01,NaN,NaN,  6.432048392316E-03,  8.169911805848E+15,  1.322560404267E+20,  4.135687632261E+20,  1.151319007907E+17,  1.549428083168E+20,  5.360393233487E+19,  1.048676769611E+13,  3.042289594529E+02,  2.769710931030E+00,  2.914592465051E+02,NaN,  9.999999999772E+00,NaN,  2.016979704730E-06,  4.239280697340E-02,NaN,  3.504050000000E+06,  4.266428423680E-07
  7.762801737107E-04,  3.589966901939E+03,  3.599999991719E+03,  6.787034735383E+03,  9.409129988567E+05,  9.918599818371E+02,  9.305230958419E-01,NaN,NaN,  6.208746340507E-03,  8.169911898982E+15,  1.322560403432E+20,  4.135687633094E+20,  1.151319021734E+17,  1.549428083137E+20,  5.360393233648E+19,  1.048676769611E+13,  3.042289595146E+02,  2.769710934068E+00,  2.914592465638E+02,NaN,  9.999999999743E+00,NaN,  2.016979704730E-06,  4.239280697347E-02,NaN,  3.504050000000E+06,  4.266428429007E-07
  8.639191795051E-04,  3.588960623107E+03,  3.599999989621E+03,  7.709496405002E+03,  9.392098508762E+05,  9.918599818371E+02,  9.305230949566E-01,NaN,NaN,  6.014055513384E-03,  8.169912005471E+15,  1.322560402479E+20,  4.135687634046E+20,  1.151319037544E+17,  1.549428083101E+20,  5.360393233835E+19,  1.048676769611E+13,  3.042289595851E+02,  2.769710937542E+00,  2.914592466309E+02,NaN,  9.999999999714E+00,NaN,  2.016979704730E-06,  4.239280697355E-02,NaN,  3.504050000000E+06,  4.266428435099E-07
  9.515581852996E-04,  3.587957189461E+03,  3.599999987252E+03,  8.657722583583E+03,  9.375141141733E+05,  9.918599818371E+02,  9.305230939570E-01,NaN,NaN,  5.842154242604E-03,  8.169912125707E+15,  1.322560401402E+20,  4.135687635121E+20,  1.151319055395E+17,  1.549428083060E+20,  5.360393234049E+19,  1.048676769611E+13,  3.042289596648E+02,  2.769710941465E+00,  2.914592467067E+02,NaN,  9.999999999685E+00,NaN,  2.016979704730E-06,  4.239280697364E-02,NaN,  3.504050000000E+06,  4.266428441976E-07
  1.084689971734E-03,  3.586438366159E+03,  3.599999983119E+03,  1.014337398363E+04,  9.349523267215E+05,  9.918599818371E+02,  9.305230922131E-01,NaN,NaN,  5.615369336005E-03,  8.169912335473E+15,  1.322560399523E+20,  4.135687636997E+20,  1.151319086539E+17,  1.549428082989E+20,  5.360393234424E+19,  1.048676742768E+13,  3.042289598038E+02,  2.769710948308E+00,  2.914592468389E+02,NaN,  9.999999999641E+00,NaN,  2.016979653102E-06,  4.239280697380E-02,NaN,  3.504050000000E+06,  4.266428453976E-07
  1.217821758168E-03,  3.584926209434E+03,  3.599999978321E+03,  1.167874768228E+04,  9.324076647919E+05,  9.918599818371E+02,  9.305230901887E-01,NaN,NaN,  5.420943327934E-03,  8.169912578970E+15,  1.322560397342E+20,  4.135687639175E+20,  1.151319122690E+17,  1.549428082907E+20,  5.360393234863E+19,  1.048676742768E+13,  3.042289599652E+02,  2.769710956251E+00,  2.914592469923E+02,NaN,  9.999999999597E+00,NaN,  2.016979653102E-06,  4.239280697399E-02,NaN,  3.504050000000E+06,  4.266428467904E-07
  1.350953544602E-03,  3.583420769084E+03,  3.599999972838E+03,  1.325924200246E+04,  9.298801233179E+05,  9.918599818371E+02,  9.305230878751E-01,NaN,NaN,  5.251631711081E-03,  8.169912857256E+15,  1.322560394850E+20,  4.135687641663E+20,  1.151319164006E+17,  1.549428082812E+20,  5.360393235369E+19,  1.048676715926E+13,  3.042289601496E+02,  2.769710965329E+00,  2.914592471677E+02,NaN,  9.999999999554E+00,NaN,  2.016979601475E-06,  4.239280697420E-02,NaN,  3.504050000000E+06,  4.266428483823E-07
  1.484085331037E-03,  3.581922087934E+03,  3.599999966650E+03,  1.488094218133E+04,  9.273696854467E+05,  9.918599818371E+02,  9.305230852643E-01,NaN,NaN,  5.102303986089E-03,  8.169913171296E+15,  1.322560392037E+20,  4.135687644472E+20,  1.151319210631E+17,  1.549428082706E+20,  5.360393235942E+19,  1.048676715926E+13,  3.042289603577E+02,  2.769710975574E+00,  2.914592473657E+02,NaN,  9.999999999510E+00,NaN,  2.016979601475E-06,  4.239280697444E-02,NaN,  3.504050000000E+06,  4.266428501787E-07
  1.617217117471E-03,  3.580430202719E+03,  3.599999959741E+03,  1.654046502817E+04,  9.248763241629E+05,  9.918599818371E+02,  9.305230823489E-01,NaN,NaN,  4.969206086679E-03,  8.169913521971E+15,  1.322560388896E+20,  4.135687647608E+20,  1.151319262694E+17,  1.549428082587E+20,  5.360393236585E+19,  1.048676689083E+13,  3.042289605902E+02,  2.769710987014E+00,  2.914592475867E+02,NaN,  9.999999999466E+00,NaN,  2.016979549847E-06,  4.239280697470E-02,NaN,  3.504050000000E+06,  4.266428521846E-07
  1.750348903905E-03,  3.578945144959E+03,  3.599999952094E+03,  1.823484852687E+04,  9.224000038647E+05,  9.918599818371E+02,  9.305230791222E-01,NaN,NaN,  4.849516015276E-03,  8.169913910090E+15,  1.322560385420E+20,  4.135687651080E+20,  1.151319320317E+17,  1.549428082456E+20,  5.360393237299E+19,  1.048676689083E+13,  3.042289608474E+02,  2.769710999676E+00,  2.914592478313E+02,NaN,  9.999999999422E+00,NaN,  2.016979549847E-06,  4.239280697499E-02,NaN,  3.504050000000E+06,  4.266428544047E-07
  2.059107968508E-03,  3.575527421406E+03,  3.599999931439E+03,  2.228461600049E+04,  9.167222647145E+05,  9.918599818371E+02,  9.305230704072E-01,NaN,NaN,  4.612354196982E-03,  8.169914958370E+15,  1.322560376032E+20,  4.135687660456E+20,  1.151319475952E+17,  1.549428082101E+20,  5.360393239235E+19,  1.048676608556E+13,  3.042289615423E+02,  2.769711033873E+00,  2.914592484921E+02,NaN,  9.999999999320E+00,NaN,  2.016979394963E-06,  4.239280697578E-02,NaN,  3.504050000000E+06,  4.266428604011E-07
  2.282968187602E-03,  3.573072664745E+03,  3.599999913841E+03,  2.531374786555E+04,  9.126625217248E+05,  9.918599818371E+02,  9.305230629817E-01,NaN,NaN,  4.467708488015E-03,  8.169915851544E+15,  1.322560368033E+20,  4.135687668445E+20,  1.151319608558E+17,  1.549428081799E+20,  5.360393240892E+19,  1.048676608556E+13,  3.042289621344E+02,  2.769711063011E+00,  2.914592490551E+02,NaN,  9.999999999246E+00,NaN,  2.016979394963E-06,  4.239280697644E-02,NaN,  3.504050000000E+06,  4.266428655103E-07
  2.506828406696E-03,  3.570637492998E+03,  3.599999893976E+03,  2.841117647953E+04,  9.086501956811E+05,  9.918599818371E+02,  9.305230545998E-01,NaN,NaN,  4.340618706820E-03,  8.169916859745E+15,  1.322560359004E+20,  4.135687677463E+20,  1.151319758243E+17,  1.549428081458E+20,  5.360393242768E+19,  1.048676554871E+13,  3.042289628027E+02,  2.769711095901E+00,  2.914592496907E+02,NaN,  9.999999999173E+00,NaN,  2.016979291708E-06,  4.239280697720E-02,NaN,  3.504050000000E+06,  4.266428712774E-07
  2.730688625790E-03,  3.568221953832E+03,  3.599999871797E+03,  3.156950081778E+04,  9.046849586316E+05,  9.918599818371E+02,  9.305230452416E-01,NaN,NaN,  4.227727775034E-03,  8.169917985395E+15,  1.322560348922E+20,  4.135687687531E+20,  1.151319925364E+17,  1.549428081077E+20,  5.360393244866E+19,  1.048676501185E+13,  3.042289635489E+02,  2.769711132623E+00,  2.914592504002E+02,NaN,  9.999999999099E+00,NaN,  2.016979188452E-06,  4.239280697803E-02,NaN,  3.504050000000E+06,  4.266428777164E-07
  2.954548844884E-03,  3.565826076313E+03,  3.599999847262E+03,  3.478224943859E+04,  9.007664562816E+05,  9.918599818371E+02,  9.305230348890E-01,NaN,NaN,  4.126525463483E-03,  8.169919230650E+15,  1.322560337770E+20,  4.135687698670E+20,  1.151320110243E+17,  1.549428080656E+20,  5.360393247191E+19,  1.048676447500E+13,  3.042289643745E+02,  2.769711173246E+00,  2.914592511852E+02,NaN,  9.999999999025E+00,NaN,  2.016979085197E-06,  4.239280697896E-02,NaN,  3.504050000000E+06,  4.266428848395E-07
  3.178409063978E-03,  3.563449873923E+03,  3.599999820331E+03,  3.804370303850E+04,  8.968943134521E+05,  9.918599818371E+02,  9.305230235260E-01,NaN,NaN,  4.035090242416E-03,  8.169920597441E+15,  1.322560325530E+20,  4.135687710895E+20,  1.151320313166E+17,  1.549428080193E+20,  5.360393249747E+19,  1.048676393815E+13,  3.042289652806E+02,  2.769711217835E+00,  2.914592520468E+02,NaN,  9.999999998951E+00,NaN,  2.016978981941E-06,  4.239280697998E-02,NaN,  3.504050000000E+06,  4.266428926579E-07
  3.514881202961E-03,  3.559915339910E+03,  3.599999775276E+03,  4.302638046054E+04,  8.911606458179E+05,  9.918599818371E+02,  9.305230045150E-01,NaN,NaN,  3.912823405861E-03,  8.169922884158E+15,  1.322560305050E+20,  4.135687731350E+20,  1.151320652667E+17,  1.549428079419E+20,  5.360393254030E+19,  1.048676313288E+13,  3.042289667966E+02,  2.769711292434E+00,  2.914592534883E+02,NaN,  9.999999998840E+00,NaN,  2.016978827058E-06,  4.239280698168E-02,NaN,  3.504050000000E+06,  4.266429057384E-07
  3.851353341945E-03,  3.556425200518E+03,  3.599999724633E+03,  4.809249604706E+04,  8.855294282667E+05,  9.918599818371E+02,  9.305229831467E-01,NaN,NaN,  3.805437777728E-03,  8.169925454430E+15,  1.322560282032E+20,  4.135687754341E+20,  1.151321034267E+17,  1.549428078550E+20,  5.360393258851E+19,  1.048676205918E+13,  3.042289685006E+02,  2.769711376283E+00,  2.914592551086E+02,NaN,  9.999999998730E+00,NaN,  2.016978620547E-06,  4.239280698358E-02,NaN,  3.504050000000E+06,  4.266429204410E-07
  4.187825480929E-03,  3.552979352998E+03,  3.599999668318E+03,  5.322894088281E+04,  8.799992126617E+05,  9.918599818371E+02,  9.305229593849E-01,NaN,NaN,  3.710111850171E-03,  8.169928312600E+15,  1.322560256435E+20,  4.135687779907E+20,  1.151321458610E+17,  1.549428077583E+20,  5.360393264218E+19,  1.048676098547E+13,  3.042289703955E+02,  2.769711469524E+00,  2.914592569103E+02,NaN,  9.999999998619E+00,NaN,  2.016978414036E-06,  4.239280698570E-02,NaN,  3.504050000000E+06,  4.266429367903E-07
  4.524297619913E-03,  3.549577649619E+03,  3.599999606258E+03,  5.842427906137E+04,  8.745685076668E+05,  9.918599818371E+02,  9.305229331993E-01,NaN,NaN,  3.624729672113E-03,  8.169931462312E+15,  1.322560228227E+20,  4.135687808081E+20,  1.151321926237E+17,  1.549428076517E+20,  5.360393270139E+19,  1.048675964335E+13,  3.042289724837E+02,  2.769711572276E+00,  2.914592588959E+02,NaN,  9.999999998508E+00,NaN,  2.016978155897E-06,  4.239280698804E-02,NaN,  3.504050000000E+06,  4.266429548074E-07
  4.860769758896E-03,  3.546219903653E+03,  3.599999538395E+03,  6.366844263613E+04,  8.692357895618E+05,  9.918599818371E+02,  9.305229045648E-01,NaN,NaN,  3.547667518881E-03,  8.169934906596E+15,  1.322560197381E+20,  4.135687838891E+20,  1.151322437598E+17,  1.549428075352E+20,  5.360393276619E+19,  1.048675830122E+13,  3.042289747672E+02,  2.769711684639E+00,  2.914592610672E+02,NaN,  9.999999998397E+00,NaN,  2.016977897758E-06,  4.239280699059E-02,NaN,  3.504050000000E+06,  4.266429745095E-07
  5.197241897880E-03,  3.542905895190E+03,  3.599999464678E+03,  6.895249993420E+04,  8.639995124043E+05,  9.918599818371E+02,  9.305228734606E-01,NaN,NaN,  3.477654792489E-03,  8.169938647945E+15,  1.322560163875E+20,  4.135687872358E+20,  1.151322993063E+17,  1.549428074086E+20,  5.360393283663E+19,  1.048675669067E+13,  3.042289772477E+02,  2.769711806692E+00,  2.914592634257E+02,NaN,  9.999999998286E+00,NaN,  2.016977587991E-06,  4.239280699336E-02,NaN,  3.504050000000E+06,  4.266429959108E-07
  5.717920490411E-03,  3.537863207624E+03,  3.599999338978E+03,  7.718970062408E+04,  8.560830121888E+05,  9.918599818371E+02,  9.305228204221E-01,NaN,NaN,  3.380914157925E-03,  8.169945027640E+15,  1.322560106740E+20,  4.135687929425E+20,  1.151323940235E+17,  1.549428071928E+20,  5.360393295683E+19,  1.048675400641E+13,  3.042289814774E+02,  2.769712014815E+00,  2.914592674475E+02,NaN,  9.999999998115E+00,NaN,  2.016977071713E-06,  4.239280699808E-02,NaN,  3.504050000000E+06,  4.266430324041E-07
  6.238599082942E-03,  3.532923621378E+03,  3.599999199059E+03,  8.547772562599E+04,  8.483879048427E+05,  9.918599818371E+02,  9.305227613845E-01,NaN,NaN,  3.295799276372E-03,  8.169952128940E+15,  1.322560043144E+20,  4.135687992948E+20,  1.151324994541E+17,  1.549428069525E+20,  5.360393309073E+19,  1.048675132216E+13,  3.042289861856E+02,  2.769712246479E+00,  2.914592719242E+02,NaN,  9.999999997943E+00,NaN,  2.016976555435E-06,  4.239280700334E-02,NaN,  3.504050000000E+06,  4.266430730251E-07
  6.617180103076E-03,  3.529396175255E+03,  3.599999088358E+03,  9.152306288225E+04,  8.429285488527E+05,  9.918599818371E+02,  9.305227146749E-01,NaN,NaN,  3.239972807908E-03,  8.169957747380E+15,  1.322559992827E+20,  4.135688043206E+20,  1.151325828692E+17,  1.549428067624E+20,  5.360393319672E+19,  1.048674863791E+13,  3.042289899107E+02,  2.769712429769E+00,  2.914592754661E+02,NaN,  9.999999997818E+00,NaN,  2.016976039158E-06,  4.239280700749E-02,NaN,  3.504050000000E+06,  4.266431051639E-07
  6.995761123211E-03,  3.525922157973E+03,  3.599998970089E+03,  9.757609169701E+04,  8.375809380018E+05,  9.918599818371E+02,  9.305226647720E-01,NaN,NaN,  3.188512733753E-03,  8.169963749908E+15,  1.322559939071E+20,  4.135688096900E+20,  1.151326719867E+17,  1.549428065594E+20,  5.360393331001E+19,  1.048674649050E+13,  3.042289938904E+02,  2.769712625588E+00,  2.914592792502E+02,NaN,  9.999999997693E+00,NaN,  2.016975626135E-06,  4.239280701193E-02,NaN,  3.504050000000E+06,  4.266431394997E-07
  7.576746137061E-03,  3.520693566031E+03,  3.599998773861E+03,  1.068651166178E+05,  8.295865555596E+05,  9.918599818371E+02,  9.305225819749E-01,NaN,NaN,  3.116843769315E-03,  8.169973709107E+15,  1.322559849880E+20,  4.135688185988E+20,  1.151328198475E+17,  1.549428062224E+20,  5.360393349805E+19,  1.048674219570E+13,  3.042290004935E+02,  2.769712950485E+00,  2.914592855285E+02,NaN,  9.999999997502E+00,NaN,  2.016974800091E-06,  4.239280701929E-02,NaN,  3.504050000000E+06,  4.266431964685E-07
  8.157731150911E-03,  3.515587750535E+03,  3.599998559816E+03,  1.161353460157E+05,  8.218422352153E+05,  9.918599818371E+02,  9.305224916602E-01,NaN,NaN,  3.052691632174E-03,  8.169984572557E+15,  1.322559752591E+20,  4.135688283164E+20,  1.151329811335E+17,  1.549428058549E+20,  5.360393370325E+19,  1.048673816932E+13,  3.042290076962E+02,  2.769713304882E+00,  2.914592923770E+02,NaN,  9.999999997311E+00,NaN,  2.016974025674E-06,  4.239280702732E-02,NaN,  3.504050000000E+06,  4.266432586099E-07
  8.738716164761E-03,  3.510602746828E+03,  3.599998328009E+03,  1.253684855283E+05,  8.143402043000E+05,  9.918599818371E+02,  9.305223938508E-01,NaN,NaN,  2.994863018243E-03,  8.169996337503E+15,  1.322559647229E+20,  4.135688388405E+20,  1.151331558038E+17,  1.549428054569E+20,  5.360393392556E+19,  1.048673333766E+13,  3.042290154966E+02,  2.769713688688E+00,  2.914592997938E+02,NaN,  9.999999997119E+00,NaN,  2.016973096374E-06,  4.239280703601E-02,NaN,  3.504050000000E+06,  4.266433259081E-07
  9.319701178611E-03,  3.505736524864E+03,  3.599998078526E+03,  1.345487736437E+05,  8.070728457130E+05,  9.918599818371E+02,  9.305222885832E-01,NaN,NaN,  2.942416453605E-03,  8.170008999550E+15,  1.322559533833E+20,  4.135688501671E+20,  1.151333437930E+17,  1.549428050285E+20,  5.360393416491E+19,  1.048672796915E+13,  3.042290238918E+02,  2.769714101760E+00,  2.914593077761E+02,NaN,  9.999999996928E+00,NaN,  2.016972063818E-06,  4.239280704536E-02,NaN,  3.504050000000E+06,  4.266433983379E-07
  9.900686192460E-03,  3.500987003913E+03,  3.599997811482E+03,  1.436626024747E+05,  8.000327126222E+05,  9.918599818371E+02,  9.305221759058E-01,NaN,NaN,  2.894597373493E-03,  8.170022552880E+15,  1.322559412455E+20,  4.135688622911E+20,  1.151335450148E+17,  1.549428045700E+20,  5.360393442117E+19,  1.048672233222E+13,  3.042290328779E+02,  2.769714543909E+00,  2.914593163203E+02,NaN,  9.999999996736E+00,NaN,  2.016970979635E-06,  4.239280705537E-02,NaN,  3.504050000000E+06,  4.266434758661E-07
  1.048167120631E-02,  3.496352064779E+03,  3.599997527016E+03,  1.526982130420E+05,  7.932125386975E+05,  9.918599818371E+02,  9.305220558773E-01,NaN,NaN,  2.850792636818E-03,  8.170036990435E+15,  1.322559283158E+20,  4.135688752059E+20,  1.151337593645E+17,  1.549428040816E+20,  5.360393469421E+19,  1.048671669528E+13,  3.042290424504E+02,  2.769715014903E+00,  2.914593254220E+02,NaN,  9.999999996545E+00,NaN,  2.016969895451E-06,  4.239280706603E-02,NaN,  3.504050000000E+06,  4.266435584523E-07
  1.106265622016E-02,  3.491829560841E+03,  3.599997225288E+03,  1.616454450931E+05,  7.866052460408E+05,  9.918599818371E+02,  9.305219285653E-01,NaN,NaN,  2.810497941461E-03,  8.170052304084E+15,  1.322559146015E+20,  4.135688889046E+20,  1.151339867213E+17,  1.549428035636E+20,  5.360393498388E+19,  1.048671025308E+13,  3.042290526038E+02,  2.769715514478E+00,  2.914593350760E+02,NaN,  9.999999996353E+00,NaN,  2.016968656385E-06,  4.239280707734E-02,NaN,  3.504050000000E+06,  4.266436460500E-07
  1.164364123401E-02,  3.487417327806E+03,  3.599996906477E+03,  1.704955292063E+05,  7.802039508476E+05,  9.918599818371E+02,  9.305217940450E-01,NaN,NaN,  2.773294013160E-03,  8.170068484777E+15,  1.322559001108E+20,  4.135689033788E+20,  1.151342269508E+17,  1.549428030162E+20,  5.360393529001E+19,  1.048670354244E+13,  3.042290633320E+02,  2.769716042340E+00,  2.914593452766E+02,NaN,  9.999999996162E+00,NaN,  2.016967365690E-06,  4.239280708928E-02,NaN,  3.504050000000E+06,  4.266437386074E-07
  1.280561126171E-02,  3.478914976158E+03,  3.599996218393E+03,  1.878751150053E+05,  7.679928039096E+05,  9.918599818371E+02,  9.305215037126E-01,NaN,NaN,  2.706804556696E-03,  8.170103407247E+15,  1.322558688357E+20,  4.135689346182E+20,  1.151347454337E+17,  1.549428018348E+20,  5.360393595088E+19,  1.048668958432E+13,  3.042290864867E+02,  2.769717181612E+00,  2.914593672923E+02,NaN,  9.999999995779E+00,NaN,  2.016964681045E-06,  4.239280711506E-02,NaN,  3.504050000000E+06,  4.266439383724E-07
  1.396758128941E-02,  3.470827617282E+03,  3.599995464465E+03,  2.047886688319E+05,  7.565279736554E+05,  9.918599818371E+02,  9.305211855979E-01,NaN,NaN,  2.649096560204E-03,  8.170141671500E+15,  1.322558345679E+20,  4.135689688471E+20,  1.151353135313E+17,  1.549428005403E+20,  5.360393667519E+19,  1.048667374722E+13,  3.042291118571E+02,  2.769718429904E+00,  2.914593914149E+02,NaN,  9.999999995396E+00,NaN,  2.016961635006E-06,  4.239280714330E-02,NaN,  3.504050000000E+06,  4.266441572533E-07
  1.512955131711E-02,  3.463137976713E+03,  3.599994646554E+03,  2.212014169907E+05,  7.457614593748E+05,  9.918599818371E+02,  9.305208404857E-01,NaN,NaN,  2.598527718081E-03,  8.170183183145E+15,  1.322557973918E+20,  4.135690059809E+20,  1.151359298421E+17,  1.549427991360E+20,  5.360393746113E+19,  1.048665710485E+13,  3.042291393807E+02,  2.769719784137E+00,  2.914594175846E+02,NaN,  9.999999995013E+00,NaN,  2.016958434084E-06,  4.239280717393E-02,NaN,  3.504050000000E+06,  4.266443947103E-07
  1.629152134481E-02,  3.455829027227E+03,  3.599993766630E+03,  2.370892861227E+05,  7.356482981585E+05,  9.918599818371E+02,  9.305204692081E-01,NaN,NaN,  2.553856040473E-03,  8.170227842097E+15,  1.322557573972E+20,  4.135690459302E+20,  1.151365928805E+17,  1.549427976252E+20,  5.360393830681E+19,  1.048663885192E+13,  3.042291689912E+02,  2.769721241045E+00,  2.914594457386E+02,NaN,  9.999999994630E+00,NaN,  2.016954923394E-06,  4.239280720688E-02,NaN,  3.504050000000E+06,  4.266446501710E-07
  1.745349137251E-02,  3.448884082989E+03,  3.599992826743E+03,  2.524367391200E+05,  7.261464421415E+05,  9.918599818371E+02,  9.305200726288E-01,NaN,NaN,  2.514121858726E-03,  8.170275544445E+15,  1.322557146771E+20,  4.135690886020E+20,  1.151373011037E+17,  1.549427960115E+20,  5.360393921026E+19,  1.048661925687E+13,  3.042292006196E+02,  2.769722797239E+00,  2.914594758111E+02,NaN,  9.999999994247E+00,NaN,  2.016951154566E-06,  4.239280724207E-02,NaN,  3.504050000000E+06,  4.266449230410E-07
  1.861546140021E-02,  3.442286868474E+03,  3.599991828984E+03,  2.672350847022E+05,  7.172166157763E+05,  9.918599818371E+02,  9.305196516314E-01,NaN,NaN,  2.478569888687E-03,  8.170326183942E+15,  1.322556693266E+20,  4.135691339011E+20,  1.151380529344E+17,  1.549427942984E+20,  5.360394016946E+19,  1.048659858811E+13,  3.042292341954E+02,  2.769724449253E+00,  2.914595077353E+02,NaN,  9.999999993864E+00,NaN,  2.016947179227E-06,  4.239280727942E-02,NaN,  3.504050000000E+06,  4.266452127126E-07
  1.977743142791E-02,  3.436021567981E+03,  3.599990775470E+03,  2.814811366742E+05,  7.088221629731E+05,  9.918599818371E+02,  9.305192071084E-01,NaN,NaN,  2.446596171914E-03,  8.170379653202E+15,  1.322556214418E+20,  4.135691817317E+20,  1.151388467783E+17,  1.549427924896E+20,  5.360394118238E+19,  1.048657684566E+13,  3.042292696475E+02,  2.769726193584E+00,  2.914595414435E+02,NaN,  9.999999993482E+00,NaN,  2.016942997377E-06,  4.239280731886E-02,NaN,  3.504050000000E+06,  4.266455185716E-07
  2.152714693292E-02,  3.427179734917E+03,  3.599989088550E+03,  3.018948660142E+05,  6.971169678704E+05,  9.918599818371E+02,  9.305184953237E-01,NaN,NaN,  2.404145836731E-03,  8.170465269963E+15,  1.322555447673E+20,  4.135692583196E+20,  1.151401179088E+17,  1.549427895933E+20,  5.360394280448E+19,  1.048654168193E+13,  3.042293264148E+02,  2.769728986668E+00,  2.914595954183E+02,NaN,  9.999999992905E+00,NaN,  2.016936234137E-06,  4.239280738201E-02,NaN,  3.504050000000E+06,  4.266460083241E-07
  2.327686243793E-02,  3.419005808191E+03,  3.599987287180E+03,  3.210786288267E+05,  6.864417051011E+05,  9.918599818371E+02,  9.305177352480E-01,NaN,NaN,  2.367402073843E-03,  8.170556695424E+15,  1.322554628907E+20,  4.135693401037E+20,  1.151414752812E+17,  1.549427865005E+20,  5.360394453684E+19,  1.048650437080E+13,  3.042293870335E+02,  2.769731969255E+00,  2.914596530549E+02,NaN,  9.999999992328E+00,NaN,  2.016929057875E-06,  4.239280744943E-02,NaN,  3.504050000000E+06,  4.266465313051E-07
  2.502657794295E-02,  3.411452444233E+03,  3.599985378385E+03,  3.390642512963E+05,  6.767000472442E+05,  9.918599818371E+02,  9.305169298449E-01,NaN,NaN,  2.335363638042E-03,  8.170653573109E+15,  1.322553761314E+20,  4.135694267651E+20,  1.151429136032E+17,  1.549427832232E+20,  5.360394637270E+19,  1.048646491227E+13,  3.042294512673E+02,  2.769735129715E+00,  2.914597141289E+02,NaN,  9.999999991752E+00,NaN,  2.016921468591E-06,  4.239280752087E-02,NaN,  3.504050000000E+06,  4.266470854757E-07
  2.677629344796E-02,  3.404475060785E+03,  3.599983368977E+03,  3.558927381854E+05,  6.678052951281E+05,  9.918599818371E+02,  9.305160819888E-01,NaN,NaN,  2.307253861353E-03,  8.170755557293E+15,  1.322552847989E+20,  4.135695179946E+20,  1.151444277422E+17,  1.549427797732E+20,  5.360394830548E+19,  1.048642330633E+13,  3.042295188869E+02,  2.769738456771E+00,  2.914597784221E+02,NaN,  9.999999991175E+00,NaN,  2.016913466285E-06,  4.239280759607E-02,NaN,  3.504050000000E+06,  4.266476688585E-07
  2.852600895297E-02,  3.398031805984E+03,  3.599981265511E+03,  3.716112810487E+05,  6.596793851656E+05,  9.918599818371E+02,  9.305151944458E-01,NaN,NaN,  2.282459584168E-03,  8.170862315261E+15,  1.322551891913E+20,  4.135696134944E+20,  1.151460127589E+17,  1.549427761617E+20,  5.360395032888E+19,  1.048637955300E+13,  3.042295896719E+02,  2.769741939569E+00,  2.914598457248E+02,NaN,  9.999999990599E+00,NaN,  2.016905050956E-06,  4.239280767479E-02,NaN,  3.504050000000E+06,  4.266482795504E-07
  3.027572445798E-02,  3.392083489365E+03,  3.599979074258E+03,  3.862709979806E+05,  6.522519853457E+05,  9.918599818371E+02,  9.305142698616E-01,NaN,NaN,  2.260489296671E-03,  8.170973528769E+15,  1.322550895935E+20,  4.135697129799E+20,  1.151476639286E+17,  1.549427723994E+20,  5.360395243686E+19,  1.048633445753E+13,  3.042296634111E+02,  2.769745567728E+00,  2.914599158365E+02,NaN,  9.999999990022E+00,NaN,  2.016896377489E-06,  4.239280775679E-02,NaN,  3.504050000000E+06,  4.266489157312E-07
  3.202543996299E-02,  3.386593489507E+03,  3.599976801186E+03,  3.999252185078E+05,  6.454596818746E+05,  9.918599818371E+02,  9.305133107544E-01,NaN,NaN,  2.240943725423E-03,  8.171088894931E+15,  1.322549862767E+20,  4.135698161803E+20,  1.151493767545E+17,  1.549427684967E+20,  5.360395462366E+19,  1.048628721466E+13,  3.042297399038E+02,  2.769749331367E+00,  2.914599885661E+02,NaN,  9.999999989446E+00,NaN,  2.016887290999E-06,  4.239280784185E-02,NaN,  3.504050000000E+06,  4.266495756684E-07
  3.429600770944E-02,  3.380096812824E+03,  3.599973738724E+03,  4.162338821714E+05,  6.374991831133E+05,  9.918599818371E+02,  9.305120185692E-01,NaN,NaN,  2.218663901081E-03,  8.171244325454E+15,  1.322548470802E+20,  4.135699552200E+20,  1.151516844148E+17,  1.549427632387E+20,  5.360395757005E+19,  1.048622386627E+13,  3.042298429608E+02,  2.769754402054E+00,  2.914600865532E+02,NaN,  9.999999988697E+00,NaN,  2.016875106843E-06,  4.239280795644E-02,NaN,  3.504050000000E+06,  4.266504647916E-07
  3.708742769732E-02,  3.372988001453E+03,  3.599969814951E+03,  4.342624216662E+05,  6.288837872043E+05,  9.918599818371E+02,  9.305103629598E-01,NaN,NaN,  2.195270806605E-03,  8.171443470620E+15,  1.322546687348E+20,  4.135701333646E+20,  1.151546411085E+17,  1.549427565018E+20,  5.360396134532E+19,  1.048614253338E+13,  3.042299750027E+02,  2.769760898885E+00,  2.914602120992E+02,NaN,  9.999999987778E+00,NaN,  2.016859463624E-06,  4.239280810326E-02,NaN,  3.504050000000E+06,  4.266516039845E-07
  3.987884768519E-02,  3.366740328679E+03,  3.599965734416E+03,  4.502615985650E+05,  6.213934030139E+05,  9.918599818371E+02,  9.305086412060E-01,NaN,NaN,  2.175505766460E-03,  8.171650572160E+15,  1.322544832640E+20,  4.135703186266E+20,  1.151577159381E+17,  1.549427494957E+20,  5.360396527163E+19,  1.048605824780E+13,  3.042301123201E+02,  2.769767655303E+00,  2.914603426610E+02,NaN,  9.999999986858E+00,NaN,  2.016843252501E-06,  4.239280825593E-02,NaN,  3.504050000000E+06,  4.266527886970E-07
  4.200361239854E-02,  3.362498414292E+03,  3.599962534365E+03,  4.612051153288E+05,  6.163507783432E+05,  9.918599818371E+02,  9.305072909661E-01,NaN,NaN,  2.162485347968E-03,  8.171812986197E+15,  1.322543378134E+20,  4.135704639135E+20,  1.151601272997E+17,  1.549427440014E+20,  5.360396835085E+19,  1.048599167831E+13,  3.042302200077E+02,  2.769772953866E+00,  2.914604450509E+02,NaN,  9.999999986158E+00,NaN,  2.016830448811E-06,  4.239280837566E-02,NaN,  3.504050000000E+06,  4.266537177813E-07
  4.412837711188E-02,  3.358655403059E+03,  3.599959260951E+03,  4.711749016608E+05,  6.118122079893E+05,  9.918599818371E+02,  9.305059097715E-01,NaN,NaN,  2.150955408652E-03,  8.171979123743E+15,  1.322541890282E+20,  4.135706125314E+20,  1.151625939496E+17,  1.549427383810E+20,  5.360397150076E+19,  1.048592403511E+13,  3.042303301643E+02,  2.769778373918E+00,  2.914605497881E+02,NaN,  9.999999985457E+00,NaN,  2.016817438609E-06,  4.239280849813E-02,NaN,  3.504050000000E+06,  4.266546681697E-07
  4.717165852973E-02,  3.353773022908E+03,  3.599954457625E+03,  4.839157078204E+05,  6.060868296190E+05,  9.918599818371E+02,  9.305038830409E-01,NaN,NaN,  2.136657291971E-03,  8.172222910069E+15,  1.322539707042E+20,  4.135708306097E+20,  1.151662134632E+17,  1.549427301339E+20,  5.360397612301E+19,  1.048582471771E+13,  3.042304918055E+02,  2.769786327201E+00,  2.914607034770E+02,NaN,  9.999999984455E+00,NaN,  2.016798336330E-06,  4.239280867783E-02,NaN,  3.504050000000E+06,  4.266560627541E-07
  5.123804447997E-02,  3.348242695658E+03,  3.599947855248E+03,  4.984460536851E+05,  5.996562309541E+05,  9.918599818371E+02,  9.305010972126E-01,NaN,NaN,  2.120914916390E-03,  8.172558005267E+15,  1.322536706082E+20,  4.135711303682E+20,  1.151711886653E+17,  1.549427187978E+20,  5.360398247672E+19,  1.048568782077E+13,  3.042307139887E+02,  2.769797259395E+00,  2.914609147294E+02,NaN,  9.999999983115E+00,NaN,  2.016772006161E-06,  4.239280892483E-02,NaN,  3.504050000000E+06,  4.266579796861E-07
  5.428333474182E-02,  3.344737608602E+03,  3.599942792223E+03,  5.077081802972E+05,  5.956103682244E+05,  9.918599818371E+02,  9.304989609041E-01,NaN,NaN,  2.111176878388E-03,  8.172814972887E+15,  1.322534404798E+20,  4.135713602379E+20,  1.151750039118E+17,  1.549427101047E+20,  5.360398734922E+19,  1.048558286644E+13,  3.042308843698E+02,  2.769805642784E+00,  2.914610767282E+02,NaN,  9.999999982111E+00,NaN,  2.016751819698E-06,  4.239280911423E-02,NaN,  3.504050000000E+06,  4.266594496952E-07
  5.732862500367E-02,  3.341698221012E+03,  3.599937642166E+03,  5.157719479701E+05,  5.921206487600E+05,  9.918599818371E+02,  9.304967878722E-01,NaN,NaN,  2.102878167599E-03,  8.173076358086E+15,  1.322532063951E+20,  4.135715940593E+20,  1.151788847602E+17,  1.549427012621E+20,  5.360399230558E+19,  1.048547630156E+13,  3.042310576801E+02,  2.769814170328E+00,  2.914612415120E+02,NaN,  9.999999981108E+00,NaN,  2.016731323468E-06,  4.239280930689E-02,NaN,  3.504050000000E+06,  4.266609449848E-07
  6.037391526553E-02,  3.339063060787E+03,  3.599932416366E+03,  5.227867486487E+05,  5.891089440380E+05,  9.918599818371E+02,  9.304945828815E-01,NaN,NaN,  2.095790102295E-03,  8.173341587800E+15,  1.322529688675E+20,  4.135718313199E+20,  1.151828227025E+17,  1.549426922894E+20,  5.360399733495E+19,  1.048536812613E+13,  3.042312335396E+02,  2.769822823335E+00,  2.914614087194E+02,NaN,  9.999999980104E+00,NaN,  2.016710517471E-06,  4.239280950237E-02,NaN,  3.504050000000E+06,  4.266624622773E-07
  6.341920552738E-02,  3.336778644684E+03,  3.599927124699E+03,  5.288848377807E+05,  5.865084815208E+05,  9.918599818371E+02,  9.304923500987E-01,NaN,NaN,  2.089724524340E-03,  8.173610160818E+15,  1.322527283458E+20,  4.135720715712E+20,  1.151868102978E+17,  1.549426832036E+20,  5.360400242780E+19,  1.048525834014E+13,  3.042314116159E+02,  2.769831585454E+00,  2.914615780346E+02,NaN,  9.999999979101E+00,NaN,  2.016689401708E-06,  4.239280970031E-02,NaN,  3.504050000000E+06,  4.266639987056E-07
  6.798714092016E-02,  3.333909646074E+03,  3.599919082260E+03,  5.365644480501E+05,  5.832561126978E+05,  9.918599818371E+02,  9.304889566463E-01,NaN,NaN,  2.082209576202E-03,  8.174018347004E+15,  1.322523627929E+20,  4.135724367132E+20,  1.151928708044E+17,  1.549426693946E+20,  5.360401016823E+19,  1.048509191640E+13,  3.042316822622E+02,  2.769844902485E+00,  2.914618353655E+02,NaN,  9.999999977595E+00,NaN,  2.016657392483E-06,  4.239281000115E-02,NaN,  3.504050000000E+06,  4.266663338395E-07
  7.255507631293E-02,  3.331594605524E+03,  3.599910935368E+03,  5.427766720026E+05,  5.806426154893E+05,  9.918599818371E+02,  9.304855191209E-01,NaN,NaN,  2.076228849682E-03,  8.174431835295E+15,  1.322519924917E+20,  4.135728065982E+20,  1.151990100665E+17,  1.549426554061E+20,  5.360401800935E+19,  1.048492334526E+13,  3.042319564242E+02,  2.769858392586E+00,  2.914620960389E+02,NaN,  9.999999976090E+00,NaN,  2.016624970236E-06,  4.239281030588E-02,NaN,  3.504050000000E+06,  4.266686993291E-07
  7.712301170571E-02,  3.329726701396E+03,  3.599902704022E+03,  5.477973398114E+05,  5.785408868616E+05,  9.918599818371E+02,  9.304820459601E-01,NaN,NaN,  2.071458053118E-03,  8.174849610813E+15,  1.322516183510E+20,  4.135731803183E+20,  1.152052130169E+17,  1.549426412726E+20,  5.360402593191E+19,  1.048475262671E+13,  3.042322334290E+02,  2.769872022650E+00,  2.914623594152E+02,NaN,  9.999999974585E+00,NaN,  2.016592134966E-06,  4.239281061375E-02,NaN,  3.504050000000E+06,  4.266710893691E-07
  8.169094709849E-02,  3.328219579894E+03,  3.599894404444E+03,  5.518519725079E+05,  5.768495596176E+05,  9.918599818371E+02,  9.304785440097E-01,NaN,NaN,  2.067645528061E-03,  8.175270850108E+15,  1.322512411084E+20,  4.135735571370E+20,  1.152114674304E+17,  1.549426270217E+20,  5.360403392027E+19,  1.048458110288E+13,  3.042325127306E+02,  2.769885765813E+00,  2.914626249751E+02,NaN,  9.999999973080E+00,NaN,  2.016559144813E-06,  4.239281092418E-02,NaN,  3.504050000000E+06,  4.266734992494E-07
  8.625888249127E-02,  3.327003480491E+03,  3.599886049780E+03,  5.551243909898E+05,  5.754876382818E+05,  9.918599818371E+02,  9.304750188163E-01,NaN,NaN,  2.064594547849E-03,  8.175694886002E+15,  1.322508613613E+20,  4.135739364574E+20,  1.152177634017E+17,  1.549426126762E+20,  5.360404196178E+19,  1.048440796851E+13,  3.042327938865E+02,  2.769899600312E+00,  2.914628922981E+02,NaN,  9.999999971575E+00,NaN,  2.016525844893E-06,  4.239281123665E-02,NaN,  3.504050000000E+06,  4.266759251538E-07
  9.082681788405E-02,  3.326022077467E+03,  3.599877650670E+03,  5.577640683066E+05,  5.743903041517E+05,  9.918599818371E+02,  9.304714748690E-01,NaN,NaN,  2.062150419524E-03,  8.176121178539E+15,  1.322504795932E+20,  4.135743177964E+20,  1.152240929142E+17,  1.549425982542E+20,  5.360405004618E+19,  1.048423402886E+13,  3.042330765388E+02,  2.769913508531E+00,  2.914631610437E+02,NaN,  9.999999970069E+00,NaN,  2.016492390090E-06,  4.239281155078E-02,NaN,  3.504050000000E+06,  4.266783639935E-07
  9.539475327682E-02,  3.325229911858E+03,  3.599869215716E+03,  5.598923196944E+05,  5.735056183156E+05,  9.918599818371E+02,  9.304679157976E-01,NaN,NaN,  2.060190925340E-03,  8.176549291114E+15,  1.322500961952E+20,  4.135747007636E+20,  1.152304494860E+17,  1.549425837705E+20,  5.360405816518E+19,  1.048405928393E+13,  3.042333603980E+02,  2.769927476226E+00,  2.914634309367E+02,NaN,  9.999999968564E+00,NaN,  2.016458780403E-06,  4.239281186624E-02,NaN,  3.504050000000E+06,  4.266808132711E-07
  1.014853338005E-01,  3.324405718722E+03,  3.599857925169E+03,  5.621015968320E+05,  5.725860323546E+05,  9.918599818371E+02,  9.304631518282E-01,NaN,NaN,  2.058167551205E-03,  8.177122339344E+15,  1.322495829994E+20,  4.135752133827E+20,  1.152389581033E+17,  1.549425643834E+20,  5.360406903296E+19,  1.048382548541E+13,  3.042337403566E+02,  2.769946172775E+00,  2.914637922009E+02,NaN,  9.999999966557E+00,NaN,  2.016413812605E-06,  4.239281228848E-02,NaN,  3.504050000000E+06,  4.266840917808E-07
  1.075759143242E-01,  3.323785604406E+03,  3.599846595999E+03,  5.637571811748E+05,  5.718945677584E+05,  9.918599818371E+02,  9.304583715621E-01,NaN,NaN,  2.056658794616E-03,  8.177697349310E+15,  1.322490680468E+20,  4.135757277566E+20,  1.152474959127E+17,  1.549425449297E+20,  5.360407993809E+19,  1.048359088162E+13,  3.042341216162E+02,  2.769964933503E+00,  2.914641547018E+02,NaN,  9.999999964550E+00,NaN,  2.016368689923E-06,  4.239281271215E-02,NaN,  3.504050000000E+06,  4.266873815596E-07
  1.136664948479E-01,  3.323318564937E+03,  3.599835237897E+03,  5.649968245178E+05,  5.713738586811E+05,  9.918599818371E+02,  9.304535790882E-01,NaN,NaN,  2.055533723437E-03,  8.178273829163E+15,  1.322485517779E+20,  4.135762434455E+20,  1.152560556117E+17,  1.549425254261E+20,  5.360409087122E+19,  1.048335600941E+13,  3.042345038505E+02,  2.769983742362E+00,  2.914645181293E+02,NaN,  9.999999962543E+00,NaN,  2.016323515613E-06,  4.239281313689E-02,NaN,  3.504050000000E+06,  4.266906797941E-07
  1.205411292157E-01,  3.322927757756E+03,  3.599822391925E+03,  5.660251093837E+05,  5.709379793750E+05,  9.918599818371E+02,  9.304481588178E-01,NaN,NaN,  2.054604017085E-03,  8.178925827503E+15,  1.322479678781E+20,  4.135768266892E+20,  1.152657367036E+17,  1.549425033674E+20,  5.360410323673E+19,  1.048308946299E+13,  3.042349361576E+02,  2.770005015381E+00,  2.914649291656E+02,NaN,  9.999999960278E+00,NaN,  2.016272249225E-06,  4.239281361725E-02,NaN,  3.504050000000E+06,  4.266944101508E-07
  1.274612261407E-01,  3.322641247090E+03,  3.599809440911E+03,  5.667691773097E+05,  5.706181062437E+05,  9.918599818371E+02,  9.304426942256E-01,NaN,NaN,  2.053933877586E-03,  8.179583159113E+15,  1.322473792020E+20,  4.135774147038E+20,  1.152754970695E+17,  1.549424811280E+20,  5.360411570354E+19,  1.048282157446E+13,  3.042353720010E+02,  2.770026462638E+00,  2.914653435642E+02,NaN,  9.999999957998E+00,NaN,  2.016220724698E-06,  4.239281410152E-02,NaN,  3.504050000000E+06,  4.266981710810E-07
  1.343813230657E-01,  3.322432114548E+03,  3.599796475426E+03,  5.673024163971E+05,  5.703842226780E+05,  9.918599818371E+02,  9.304372235272E-01,NaN,NaN,  2.053455585620E-03,  8.180241227106E+15,  1.322467898664E+20,  4.135780033772E+20,  1.152852684537E+17,  1.549424588634E+20,  5.360412818446E+19,  1.048255314907E+13,  3.042358083330E+02,  2.770047934148E+00,  2.914657584270E+02,NaN,  9.999999955717E+00,NaN,  2.016169096915E-06,  4.239281458631E-02,NaN,  3.504050000000E+06,  4.267019362844E-07
  1.413014199907E-01,  3.322278772106E+03,  3.599783499581E+03,  5.676835727817E+05,  5.702122952297E+05,  9.918599818371E+02,  9.304317484579E-01,NaN,NaN,  2.053115346785E-03,  8.180899822759E+15,  1.322462000583E+20,  4.135785925226E+20,  1.152950477573E+17,  1.549424365808E+20,  5.360414067553E+19,  1.048228445525E+13,  3.042362450151E+02,  2.770069423103E+00,  2.914661736224E+02,NaN,  9.999999953437E+00,NaN,  2.016117417505E-06,  4.239281507148E-02,NaN,  3.504050000000E+06,  4.267057045671E-07
  1.505282158907E-01,  3.322134844895E+03,  3.599766187343E+03,  5.680267183266E+05,  5.700502416360E+05,  9.918599818371E+02,  9.304244436771E-01,NaN,NaN,  2.052811251058E-03,  8.181778517176E+15,  1.322454131399E+20,  4.135793785568E+20,  1.153080953776E+17,  1.549424068512E+20,  5.360415734126E+19,  1.048192583893E+13,  3.042368276341E+02,  2.770098093895E+00,  2.914667275737E+02,NaN,  9.999999950397E+00,NaN,  2.016048442787E-06,  4.239281571875E-02,NaN,  3.504050000000E+06,  4.267107322811E-07
  1.597550117906E-01,  3.322037465477E+03,  3.599748866720E+03,  5.682428936216E+05,  5.699398312122E+05,  9.918599818371E+02,  9.304171353580E-01,NaN,NaN,  2.052622035956E-03,  8.182657640553E+15,  1.322446258373E+20,  4.135801649748E+20,  1.153211495179E+17,  1.549423771066E+20,  5.360417401537E+19,  1.048156722261E+13,  3.042374105379E+02,  2.770126779090E+00,  2.914672817954E+02,NaN,  9.999999947356E+00,NaN,  2.015979468069E-06,  4.239281636630E-02,NaN,  3.504050000000E+06,  4.267157625567E-07
  1.689818076906E-01,  3.321970176482E+03,  3.599731540849E+03,  5.683769738582E+05,  5.698627946261E+05,  9.918599818371E+02,  9.304098248245E-01,NaN,NaN,  2.052507022623E-03,  8.183537033658E+15,  1.322438382931E+20,  4.135809516341E+20,  1.153342078138E+17,  1.549423473526E+20,  5.360419069484E+19,  1.048120833786E+13,  3.042379936209E+02,  2.770155473493E+00,  2.914678361872E+02,NaN,  9.999999944316E+00,NaN,  2.015910441724E-06,  4.239281701401E-02,NaN,  3.504050000000E+06,  4.267207944829E-07
  1.805741323853E-01,  3.321912311622E+03,  3.599709768647E+03,  5.684726421475E+05,  5.697955874981E+05,  9.918599818371E+02,  9.304006381921E-01,NaN,NaN,  2.052428266553E-03,  8.184642109756E+15,  1.322428486376E+20,  4.135819401776E+20,  1.153506175380E+17,  1.549423099620E+20,  5.360421165518E+19,  1.048075765163E+13,  3.042387263441E+02,  2.770191532459E+00,  2.914685328553E+02,NaN,  9.999999940496E+00,NaN,  2.015823758677E-06,  4.239281782790E-02,NaN,  3.504050000000E+06,  4.267271179293E-07
  1.910425225024E-01,  3.321875686587E+03,  3.599690105053E+03,  5.685163852126E+05,  5.697522249822E+05,  9.918599818371E+02,  9.303923405518E-01,NaN,NaN,  2.052395652800E-03,  8.185640244043E+15,  1.322419547543E+20,  4.135828330566E+20,  1.153654394440E+17,  1.549422761894E+20,  5.360423058745E+19,  1.048035045032E+13,  3.042393881597E+02,  2.770224102435E+00,  2.914691621045E+02,NaN,  9.999999937047E+00,NaN,  2.015745439331E-06,  4.239281856298E-02,NaN,  3.504050000000E+06,  4.267328291301E-07
  2.015109126194E-01,  3.321847924414E+03,  3.599670440399E+03,  5.685359430129E+05,  5.697186690698E+05,  9.918599818371E+02,  9.303839857528E-01,NaN,NaN,  2.052384869380E-03,  8.186645266373E+15,  1.322410547023E+20,  4.135837320972E+20,  1.153803638307E+17,  1.549422421831E+20,  5.360424965080E+19,  1.047994324900E+13,  3.042400545431E+02,  2.770256897702E+00,  2.914697956962E+02,NaN,  9.999999933597E+00,NaN,  2.015667119984E-06,  4.239281930308E-02,NaN,  3.504050000000E+06,  4.267385408017E-07
  2.119793027364E-01,  3.321825566004E+03,  3.599650775344E+03,  5.685407552803E+05,  5.696911036365E+05,  9.918599818371E+02,  9.303756307836E-01,NaN,NaN,  2.052387394205E-03,  8.187650313541E+15,  1.322401546281E+20,  4.135846311601E+20,  1.153952887828E+17,  1.549422081756E+20,  5.360426871492E+19,  1.047953631611E+13,  3.042407209435E+02,  2.770289694312E+00,  2.914704293035E+02,NaN,  9.999999930148E+00,NaN,  2.015588852266E-06,  4.239282004316E-02,NaN,  3.504050000000E+06,  4.267442527524E-07
  2.259371562258E-01,  3.321800639975E+03,  3.599624555320E+03,  5.685338423608E+05,  5.696597653555E+05,  9.918599818371E+02,  9.303644908452E-01,NaN,NaN,  2.052402790316E-03,  8.188990380758E+15,  1.322389545254E+20,  4.135858299145E+20,  1.154151890890E+17,  1.549421628312E+20,  5.360429413433E+19,  1.047899329155E+13,  3.042416094811E+02,  2.770333424093E+00,  2.914712741160E+02,NaN,  9.999999925549E+00,NaN,  2.015484409262E-06,  4.239282102985E-02,NaN,  3.504050000000E+06,  4.267518689261E-07
  2.402157201868E-01,  3.321778310221E+03,  3.599597733391E+03,  5.685181256155E+05,  5.696312203978E+05,  9.918599818371E+02,  9.303530951794E-01,NaN,NaN,  2.052426342694E-03,  8.190361218485E+15,  1.322377268659E+20,  4.135870561946E+20,  1.154355467059E+17,  1.549421164447E+20,  5.360432013797E+19,  1.047843791942E+13,  3.042425184221E+02,  2.770378158972E+00,  2.914721383270E+02,NaN,  9.999999920844E+00,NaN,  2.015377591379E-06,  4.239282203913E-02,NaN,  3.504050000000E+06,  4.267596602356E-07
  2.563993710699E-01,  3.321754936597E+03,  3.599567333851E+03,  5.684950343903E+05,  5.696010131708E+05,  9.918599818371E+02,  9.303401795163E-01,NaN,NaN,  2.052457801532E-03,  8.191914913588E+15,  1.322363354478E+20,  4.135884460494E+20,  1.154586202873E+17,  1.549420638696E+20,  5.360434961097E+19,  1.047780873030E+13,  3.042435486089E+02,  2.770428862275E+00,  2.914731178159E+02,NaN,  9.999999915511E+00,NaN,  2.015256575857E-06,  4.239282318292E-02,NaN,  3.504050000000E+06,  4.267684911460E-07
  2.725830219529E-01,  3.321732554625E+03,  3.599536935627E+03,  5.684692416708E+05,  5.695719062756E+05,  9.918599818371E+02,  9.303272644124E-01,NaN,NaN,  2.052491699956E-03,  8.193468551863E+15,  1.322349440806E+20,  4.135898358533E+20,  1.154816934945E+17,  1.549420112951E+20,  5.360437908363E+19,  1.047717927276E+13,  3.042445787593E+02,  2.770479564994E+00,  2.914740972690E+02,NaN,  9.999999910179E+00,NaN,  2.015135508707E-06,  4.239282432657E-02,NaN,  3.504050000000E+06,  4.267773220633E-07
  2.887666728360E-01,  3.321710634721E+03,  3.599506538820E+03,  5.684421927657E+05,  5.695433127839E+05,  9.918599818371E+02,  9.303143499105E-01,NaN,NaN,  2.052526733704E-03,  8.195022128154E+15,  1.322335527688E+20,  4.135912256018E+20,  1.155047662509E+17,  1.549419587216E+20,  5.360440855584E+19,  1.047655008365E+13,  3.042456088698E+02,  2.770530266961E+00,  2.914750766830E+02,NaN,  9.999999904846E+00,NaN,  2.015014493184E-06,  4.239282547006E-02,NaN,  3.504050000000E+06,  4.267861529581E-07
  3.061864940310E-01,  3.321687278049E+03,  3.599473821824E+03,  5.684124348516E+05,  5.695127999617E+05,  9.918599818371E+02,  9.303004496441E-01,NaN,NaN,  2.052565025532E-03,  8.196694300675E+15,  1.322320552478E+20,  4.135927214403E+20,  1.155296008503E+17,  1.549419021333E+20,  5.360444027872E+19,  1.047587230954E+13,  3.042467176179E+02,  2.770584840812E+00,  2.914761308631E+02,NaN,  9.999999899106E+00,NaN,  2.014884133033E-06,  4.239282670071E-02,NaN,  3.504050000000E+06,  4.267956583507E-07
  3.236063152260E-01,  3.321664032195E+03,  3.599441106550E+03,  5.683823801103E+05,  5.694824114950E+05,  9.918599818371E+02,  9.302865501094E-01,NaN,NaN,  2.052603587150E-03,  8.198366397254E+15,  1.322305577947E+20,  4.135942172109E+20,  1.155544348660E+17,  1.549418455462E+20,  5.360447200102E+19,  1.047519534071E+13,  3.042478263171E+02,  2.770639413656E+00,  2.914771849954E+02,NaN,  9.999999893366E+00,NaN,  2.014753927765E-06,  4.239282793119E-02,NaN,  3.504050000000E+06,  4.268051636937E-07
  3.410261364209E-01,  3.321640835053E+03,  3.599408393010E+03,  5.683521980336E+05,  5.694520785604E+05,  9.918599818371E+02,  9.302726513115E-01,NaN,NaN,  2.052642265580E-03,  8.200038417292E+15,  1.322290604102E+20,  4.135957129130E+20,  1.155792682892E+17,  1.549417889603E+20,  5.360450372272E+19,  1.047451783503E+13,  3.042489349671E+02,  2.770693985474E+00,  2.914782390794E+02,NaN,  9.999999887626E+00,NaN,  2.014623619242E-06,  4.239282916148E-02,NaN,  3.504050000000E+06,  4.268146689838E-07
  3.585472608715E-01,  3.321617526427E+03,  3.599375490981E+03,  5.683217821735E+05,  5.694215967460E+05,  9.918599818371E+02,  9.302586724318E-01,NaN,NaN,  2.052681223421E-03,  8.201720083344E+15,  1.322275543872E+20,  4.135972172439E+20,  1.156042455271E+17,  1.549417320466E+20,  5.360453562828E+19,  1.047383710824E+13,  3.042500500144E+02,  2.770748873606E+00,  2.914792992444E+02,NaN,  9.999999881853E+00,NaN,  2.014492691185E-06,  4.239283039874E-02,NaN,  3.504050000000E+06,  4.268242294962E-07
  3.834836613307E-01,  3.321584368673E+03,  3.599328667221E+03,  5.682784611136E+05,  5.693782343677E+05,  9.918599818371E+02,  9.302387787127E-01,NaN,NaN,  2.052736701679E-03,  8.204113328552E+15,  1.322254111064E+20,  4.135993581165E+20,  1.156397925677E+17,  1.549416510479E+20,  5.360458103584E+19,  1.047286782416E+13,  3.042516368847E+02,  2.770826989635E+00,  2.914808080071E+02,NaN,  9.999999873637E+00,NaN,  2.014306263262E-06,  4.239283215932E-02,NaN,  3.504050000000E+06,  4.268378361046E-07
  4.148598646548E-01,  3.321542658045E+03,  3.599269756340E+03,  5.682239411859E+05,  5.693236894032E+05,  9.918599818371E+02,  9.302137496136E-01,NaN,NaN,  2.052806522734E-03,  8.207124403115E+15,  1.322227145261E+20,  4.136020516671E+20,  1.156845178553E+17,  1.549415491350E+20,  5.360463816810E+19,  1.047164836761E+13,  3.042536334185E+02,  2.770925276029E+00,  2.914827062651E+02,NaN,  9.999999863298E+00,NaN,  2.014071718245E-06,  4.239283437403E-02,NaN,  3.504050000000E+06,  4.268549564460E-07
  4.526758708437E-01,  3.321492395610E+03,  3.599198761817E+03,  5.681582306357E+05,  5.692579661472E+05,  9.918599818371E+02,  9.301835866132E-01,NaN,NaN,  2.052890682871E-03,  8.210753153289E+15,  1.322194647837E+20,  4.136052977582E+20,  1.157384201928E+17,  1.549414263101E+20,  5.360470702384E+19,  1.047017873860E+13,  3.042560395169E+02,  2.771043730706E+00,  2.914849939216E+02,NaN,  9.999999850838E+00,NaN,  2.013789056135E-06,  4.239283704250E-02,NaN,  3.504050000000E+06,  4.268755904094E-07
  4.904918770327E-01,  3.321442139307E+03,  3.599127775504E+03,  5.680925296904E+05,  5.691922570217E+05,  9.918599818371E+02,  9.301534271008E-01,NaN,NaN,  2.052974843134E-03,  8.214381540793E+15,  1.322162153662E+20,  4.136085435248E+20,  1.157923197064E+17,  1.549413034909E+20,  5.360477587673E+19,  1.046870964644E+13,  3.042584453818E+02,  2.771162180478E+00,  2.914872813494E+02,NaN,  9.999999838378E+00,NaN,  2.013506497281E-06,  4.239283971011E-02,NaN,  3.504050000000E+06,  4.268962241111E-07
  5.190337342808E-01,  3.321404211115E+03,  3.599074203595E+03,  5.680429506127E+05,  5.691426709060E+05,  9.918599818371E+02,  9.301306663375E-01,NaN,NaN,  2.053038361198E-03,  8.217119847866E+15,  1.322137630639E+20,  4.136109930718E+20,  1.158329988173E+17,  1.549412107961E+20,  5.360482784197E+19,  1.046760078116E+13,  3.042602610680E+02,  2.771251577904E+00,  2.914890076479E+02,NaN,  9.999999828974E+00,NaN,  2.013293222911E-06,  4.239284172293E-02,NaN,  3.504050000000E+06,  4.269117973478E-07
  5.475755915288E-01,  3.321366285652E+03,  3.599020636361E+03,  5.679933790814E+05,  5.690930919926E+05,  9.918599818371E+02,  9.301079075606E-01,NaN,NaN,  2.053101877455E-03,  8.219857948397E+15,  1.322113109465E+20,  4.136134424340E+20,  1.158736763198E+17,  1.549411181046E+20,  5.360487980559E+19,  1.046649218430E+13,  3.042620766213E+02,  2.771340972535E+00,  2.914907338161E+02,NaN,  9.999999819569E+00,NaN,  2.013080000169E-06,  4.239284373526E-02,NaN,  3.504050000000E+06,  4.269273704353E-07
  5.761174487769E-01,  3.321328362999E+03,  3.598967073801E+03,  5.679438148801E+05,  5.690435203675E+05,  9.918599818371E+02,  9.300851507697E-01,NaN,NaN,  2.053165392101E-03,  8.222595842413E+15,  1.322088590141E+20,  4.136158916115E+20,  1.159143522141E+17,  1.549410254163E+20,  5.360493176758E+19,  1.046538385587E+13,  3.042638920416E+02,  2.771430364372E+00,  2.914924598542E+02,NaN,  9.999999810165E+00,NaN,  2.012866829054E-06,  4.239284574710E-02,NaN,  3.504050000000E+06,  4.269429433738E-07
  6.495083871901E-01,  3.321230863758E+03,  3.598829367484E+03,  5.678164017410E+05,  5.689160881783E+05,  9.918599818371E+02,  9.300266443449E-01,NaN,NaN,  2.053328702862E-03,  8.229634962213E+15,  1.322025551011E+20,  4.136221884417E+20,  1.160189365546E+17,  1.549407870977E+20,  5.360506537228E+19,  1.046253425193E+13,  3.042685595014E+02,  2.771660208723E+00,  2.914968974944E+02,NaN,  9.999999785984E+00,NaN,  2.012318748514E-06,  4.239285091797E-02,NaN,  3.504050000000E+06,  4.269829860741E-07
  7.228993256032E-01,  3.321133383228E+03,  3.598691692058E+03,  5.676890366216E+05,  5.687887043078E+05,  9.918599818371E+02,  9.299681510446E-01,NaN,NaN,  2.053492003338E-03,  8.236672717225E+15,  1.321962524102E+20,  4.136284840510E+20,  1.161235102654E+17,  1.549405488004E+20,  5.360519896623E+19,  1.045968572169E+13,  3.042732260824E+02,  2.771890034603E+00,  2.915013342742E+02,NaN,  9.999999761803E+00,NaN,  2.011770874484E-06,  4.239285608559E-02,NaN,  3.504050000000E+06,  4.270230277891E-07
  7.962902640164E-01,  3.321035921348E+03,  3.598554047511E+03,  5.675617196480E+05,  5.686613686694E+05,  9.918599818371E+02,  9.299096708637E-01,NaN,NaN,  2.053655293393E-03,  8.243709107912E+15,  1.321899509412E+20,  4.136347784399E+20,  1.162280733491E+17,  1.549403105245E+20,  5.360533254944E+19,  1.045683799674E+13,  3.042778917848E+02,  2.772119842018E+00,  2.915057701940E+02,NaN,  9.999999737623E+00,NaN,  2.011223155338E-06,  4.239286124996E-02,NaN,  3.504050000000E+06,  4.270630685191E-07
  9.640096376435E-01,  3.320813262772E+03,  3.598239606015E+03,  5.672709447698E+05,  5.683705508983E+05,  9.918599818371E+02,  9.297760760649E-01,NaN,NaN,  2.054028418633E-03,  8.259784163909E+15,  1.321755548578E+20,  4.136491583482E+20,  1.164669901686E+17,  1.549397660757E+20,  5.360563778516E+19,  1.045033351269E+13,  3.042885509593E+02,  2.772644948712E+00,  2.915159043183E+02,NaN,  9.999999682365E+00,NaN,  2.009972110909E-06,  4.239287303983E-02,NaN,  3.504050000000E+06,  4.271545693989E-07
  1.325283507066E+00,  3.320333977617E+03,  3.597562833855E+03,  5.666454578133E+05,  5.677449715604E+05,  9.918599818371E+02,  9.294885400949E-01,NaN,NaN,  2.054831959108E-03,  8.294386284935E+15,  1.321445667840E+20,  4.136801116045E+20,  1.169814378767E+17,  1.549385936909E+20,  5.360629508427E+19,  1.043633942343E+13,  3.043114956678E+02,  2.773775721496E+00,  2.915377183757E+02,NaN,  9.999999563342E+00,NaN,  2.007280548089E-06,  4.239289837813E-02,NaN,  3.504050000000E+06,  4.273516483673E-07
  1.393201432927E+00,  3.320243933156E+03,  3.597435687013E+03,  5.665279751726E+05,  5.676274392754E+05,  9.918599818371E+02,  9.294343222987E-01,NaN,NaN,  2.054983014472E-03,  8.300911434898E+15,  1.321387231587E+20,  4.136859486641E+20,  1.170784768331E+17,  1.549383725392E+20,  5.360641907704E+19,  1.043371127044E+13,  3.043158225736E+02,  2.773989029541E+00,  2.915418319963E+02,NaN,  9.999999540967E+00,NaN,  2.006775060469E-06,  4.239290315024E-02,NaN,  3.504050000000E+06,  4.273886956833E-07
  1.488079371976E+00,  3.320118203733E+03,  3.597258113392E+03,  5.663638407006E+05,  5.674632752459E+05,  9.918599818371E+02,  9.293583582106E-01,NaN,NaN,  2.055194094188E-03,  8.310054087260E+15,  1.321305354184E+20,  4.136941272052E+20,  1.172144560215E+17,  1.549380626387E+20,  5.360659283081E+19,  1.043004082166E+13,  3.043218852148E+02,  2.774287941887E+00,  2.915475957571E+02,NaN,  9.999999509712E+00,NaN,  2.006069102169E-06,  4.239290983336E-02,NaN,  3.504050000000E+06,  4.274404475109E-07
  1.609656354440E+00,  3.319957140848E+03,  3.597030645012E+03,  5.661536300547E+05,  5.672530341938E+05,  9.918599818371E+02,  9.292610496803E-01,NaN,NaN,  2.055464551865E-03,  8.321766176579E+15,  1.321200466081E+20,  4.137046042309E+20,  1.173886744158E+17,  1.549376655829E+20,  5.360681545352E+19,  1.042534015623E+13,  3.043296517558E+02,  2.774670924549E+00,  2.915549793564E+02,NaN,  9.999999469662E+00,NaN,  2.005164996440E-06,  4.239291838914E-02,NaN,  3.504050000000E+06,  4.275067600998E-07
  1.731233336904E+00,  3.319796128297E+03,  3.596803261047E+03,  5.659435526660E+05,  5.670429240923E+05,  9.918599818371E+02,  9.291637772622E-01,NaN,NaN,  2.055734979347E-03,  8.333474512329E+15,  1.321095611592E+20,  4.137150778989E+20,  1.175628637276E+17,  1.549372685855E+20,  5.360703804694E+19,  1.042064190664E+13,  3.043374158801E+02,  2.775053856842E+00,  2.915623605894E+02,NaN,  9.999999429614E+00,NaN,  2.004261355360E-06,  4.239292693595E-02,NaN,  3.504050000000E+06,  4.275730699748E-07
  1.912856491485E+00,  3.319555688042E+03,  3.596463730586E+03,  5.656299624304E+05,  5.667292874603E+05,  9.918599818371E+02,  9.290185297776E-01,NaN,NaN,  2.056138917551E-03,  8.350958540149E+15,  1.320939032654E+20,  4.137307182005E+20,  1.178230299886E+17,  1.549366756220E+20,  5.360737052339E+19,  1.041362795121E+13,  3.043490101617E+02,  2.775625823406E+00,  2.915733829656E+02,NaN,  9.999999369787E+00,NaN,  2.002912321400E-06,  4.239293968728E-02,NaN,  3.504050000000E+06,  4.276721248628E-07
  2.033691154835E+00,  3.319395785047E+03,  3.596237943727E+03,  5.654214917659E+05,  5.665207861020E+05,  9.918599818371E+02,  9.289219405838E-01,NaN,NaN,  2.056407624021E-03,  8.362586104340E+15,  1.320834901518E+20,  4.137411196144E+20,  1.179960837964E+17,  1.549362811930E+20,  5.360759168521E+19,  1.040896459691E+13,  3.043567209030E+02,  2.776006292994E+00,  2.915807132781E+02,NaN,  9.999999329985E+00,NaN,  2.002015391932E-06,  4.239294815972E-02,NaN,  3.504050000000E+06,  4.277380231526E-07
  2.154525818184E+00,  3.319235932258E+03,  3.596012240073E+03,  5.652131507612E+05,  5.663124143474E+05,  9.918599818371E+02,  9.288253869849E-01,NaN,NaN,  2.056676302131E-03,  8.374209967912E+15,  1.320730803524E+20,  4.137515177179E+20,  1.181691089163E+17,  1.549358868216E+20,  5.360781281812E+19,  1.040430392687E+13,  3.043644292617E+02,  2.776386712890E+00,  2.915880412575E+02,NaN,  9.999999290184E+00,NaN,  2.001118978742E-06,  4.239295662331E-02,NaN,  3.504050000000E+06,  4.278039187653E-07
  2.463364134863E+00,  3.318827596508E+03,  3.595435747456E+03,  5.646812453906E+05,  5.657804304018E+05,  9.918599818371E+02,  9.285787696346E-01,NaN,NaN,  2.057362881212E-03,  8.403902310205E+15,  1.320464892516E+20,  4.137780789422E+20,  1.186112092408E+17,  1.549348791192E+20,  5.360837787495E+19,  1.039240301880E+13,  3.043841200461E+02,  2.777358792970E+00,  2.916067600659E+02,NaN,  9.999999188461E+00,NaN,  1.998830009371E-06,  4.239297821506E-02,NaN,  3.504050000000E+06,  4.279723275687E-07
  2.595897741243E+00,  3.318652486820E+03,  3.595188520148E+03,  5.644531864296E+05,  5.655522979381E+05,  9.918599818371E+02,  9.284726422218E-01,NaN,NaN,  2.057657513331E-03,  8.416681049679E+15,  1.320350451983E+20,  4.137895101377E+20,  1.188015296715E+17,  1.549344452962E+20,  5.360862114348E+19,  1.038730132584E+13,  3.043925945434E+02,  2.777777292068E+00,  2.916148161086E+02,NaN,  9.999999144811E+00,NaN,  1.997848771734E-06,  4.239298749517E-02,NaN,  3.504050000000E+06,  4.280445924727E-07
  2.736919103753E+00,  3.318466273440E+03,  3.594925569499E+03,  5.642105715375E+05,  5.653096485168E+05,  9.918599818371E+02,  9.283593842050E-01,NaN,NaN,  2.057971087437E-03,  8.430319168288E+15,  1.320228315245E+20,  4.138017100893E+20,  1.190046844976E+17,  1.549339822077E+20,  5.360888082817E+19,  1.038187564344E+13,  3.044016390520E+02,  2.778224030810E+00,  2.916234139260E+02,NaN,  9.999999098367E+00,NaN,  1.996805219364E-06,  4.239299739115E-02,NaN,  3.504050000000E+06,  4.281214818388E-07
  2.953657869122E+00,  3.318180210489E+03,  3.594521655268E+03,  5.638380358684E+05,  5.649370575877E+05,  9.918599818371E+02,  9.281854104010E-01,NaN,NaN,  2.058452949675E-03,  8.451270027753E+15,  1.320040688953E+20,  4.138204516385E+20,  1.193168415202E+17,  1.549332706294E+20,  5.360927986683E+19,  1.037354398777E+13,  3.044155334056E+02,  2.778910501998E+00,  2.916366218815E+02,NaN,  9.999999026988E+00,NaN,  1.995202744619E-06,  4.239301257685E-02,NaN,  3.504050000000E+06,  4.282396476195E-07
  3.153054105229E+00,  3.317917179363E+03,  3.594150296058E+03,  5.634956750638E+05,  5.645946462846E+05,  9.918599818371E+02,  9.280254586845E-01,NaN,NaN,  2.058896175181E-03,  8.470533946727E+15,  1.319868170126E+20,  4.138376841384E+20,  1.196039397675E+17,  1.549326161515E+20,  5.360964689447E+19,  1.036588607983E+13,  3.044283092060E+02,  2.779541904319E+00,  2.916487663466E+02,NaN,  9.999998961323E+00,NaN,  1.993729855608E-06,  4.239302652218E-02,NaN,  3.504050000000E+06,  4.283483506332E-07
  3.352450341336E+00,  3.317654284382E+03,  3.593779162289E+03,  5.631536647784E+05,  5.642525855845E+05,  9.918599818371E+02,  9.278656040700E-01,NaN,NaN,  2.059339323779E-03,  8.489787774144E+15,  1.319695741674E+20,  4.138549076108E+20,  1.198909601785E+17,  1.549319618296E+20,  5.361001384393E+19,  1.035823461409E+13,  3.044410785099E+02,  2.780173172255E+00,  2.916609044498E+02,NaN,  9.999998895662E+00,NaN,  1.992258205664E-06,  4.239304044330E-02,NaN,  3.504050000000E+06,  4.284570463344E-07
  3.627712132489E+00,  3.317291587488E+03,  3.593267190887E+03,  5.626821028451E+05,  5.637809539565E+05,  9.918599818371E+02,  9.276450879168E-01,NaN,NaN,  2.059950953502E-03,  8.516350663551E+15,  1.319457856613E+20,  4.138786693899E+20,  1.202870572745E+17,  1.549310588099E+20,  5.361052028062E+19,  1.034768361730E+13,  3.044586955690E+02,  2.781044402058E+00,  2.916776503717E+02,NaN,  9.999998805021E+00,NaN,  1.990228872411E-06,  4.239305962139E-02,NaN,  3.504050000000E+06,  4.286070861745E-07
  3.827503557672E+00,  3.317028543183E+03,  3.592895858597E+03,  5.623401205314E+05,  5.634388828477E+05,  9.918599818371E+02,  9.274844868634E-01,NaN,NaN,  2.060394914812E-03,  8.535698224054E+15,  1.319284588731E+20,  4.138959767113E+20,  1.205756487363E+17,  1.549304008552E+20,  5.361088929114E+19,  1.034003349370E+13,  3.044715275082E+02,  2.781679213468E+00,  2.916898475667E+02,NaN,  9.999998739236E+00,NaN,  1.988757480606E-06,  4.239307356982E-02,NaN,  3.504050000000E+06,  4.287159798654E-07
  4.108025780047E+00,  3.316659505478E+03,  3.592374860945E+03,  5.618603630531E+05,  5.629590540847E+05,  9.918599818371E+02,  9.272585536292E-01,NaN,NaN,  2.061018304743E-03,  8.562919083388E+15,  1.319040811196E+20,  4.139203270768E+20,  1.209818038410E+17,  1.549294748326E+20,  5.361140866345E+19,  1.032930345717E+13,  3.044895816150E+02,  2.782572691294E+00,  2.917070082901E+02,NaN,  9.999998646873E+00,NaN,  1.986693711623E-06,  4.239309316549E-02,NaN,  3.504050000000E+06,  4.288688623803E-07
  4.407308435750E+00,  3.316266083806E+03,  3.591819510539E+03,  5.613492811431E+05,  5.624478968712E+05,  9.918599818371E+02,  9.270177231516E-01,NaN,NaN,  2.061683217834E-03,  8.591938317409E+15,  1.318780928241E+20,  4.139462861746E+20,  1.214149519868E+17,  1.549284872194E+20,  5.361196260025E+19,  1.031787095140E+13,  3.045088289183E+02,  2.783525630734E+00,  2.917253027547E+02,NaN,  9.999998548339E+00,NaN,  1.984494832733E-06,  4.239311401855E-02,NaN,  3.504050000000E+06,  4.290319531751E-07
  4.765516861518E+00,  3.315795602352E+03,  3.591155481045E+03,  5.607386026454E+05,  5.618371281034E+05,  9.918599818371E+02,  9.267297634450E-01,NaN,NaN,  2.062478818218E-03,  8.626641237837E+15,  1.318470144796E+20,  4.139773296025E+20,  1.219331531092E+17,  1.549273056145E+20,  5.361262537185E+19,  1.030420783064E+13,  3.045318465716E+02,  2.784665799384E+00,  2.917471803599E+02,NaN,  9.999998430412E+00,NaN,  1.981866926968E-06,  4.239313890542E-02,NaN,  3.504050000000E+06,  4.292271332047E-07
  5.013709895363E+00,  3.315469923052E+03,  3.590695816380E+03,  5.603160044900E+05,  5.614144293684E+05,  9.918599818371E+02,  9.265297512092E-01,NaN,NaN,  2.063030045037E-03,  8.650748390324E+15,  1.318254252192E+20,  4.139988946078E+20,  1.222932721325E+17,  1.549264844281E+20,  5.361308600114E+19,  1.029475335156E+13,  3.045478366715E+02,  2.785458219494E+00,  2.917623781232E+02,NaN,  9.999998348710E+00,NaN,  1.980048493208E-06,  4.239315616124E-02,NaN,  3.504050000000E+06,  4.293623543539E-07
  5.322170709510E+00,  3.315065537165E+03,  3.590125015874E+03,  5.597913058031E+05,  5.608896526125E+05,  9.918599818371E+02,  9.262805424273E-01,NaN,NaN,  2.063715171349E-03,  8.680788647563E+15,  1.317985225423E+20,  4.140257670605E+20,  1.227421811677E+17,  1.549254607251E+20,  5.361366025075E+19,  1.028301806195E+13,  3.045677625899E+02,  2.786446097664E+00,  2.917813162673E+02,NaN,  9.999998247174E+00,NaN,  1.977791378179E-06,  4.239317762677E-02,NaN,  3.504050000000E+06,  4.295303948545E-07
  5.631756119434E+00,  3.314660001857E+03,  3.589552671595E+03,  5.592655261979E+05,  5.603637955611E+05,  9.918599818371E+02,  9.260306596422E-01,NaN,NaN,  2.064402611674E-03,  8.710914066746E+15,  1.317715435983E+20,  4.140527156945E+20,  1.231925409044E+17,  1.549244336613E+20,  5.361423640847E+19,  1.027125646665E+13,  3.045877454789E+02,  2.787437258604E+00,  2.918003080995E+02,NaN,  9.999998145274E+00,NaN,  1.975529203627E-06,  4.239319911175E-02,NaN,  3.504050000000E+06,  4.296990302913E-07
  5.968363451610E+00,  3.314219438208E+03,  3.588930980466E+03,  5.586947989500E+05,  5.597929838858E+05,  9.918599818371E+02,  9.257592322569E-01,NaN,NaN,  2.065149845059E-03,  8.743641307925E+15,  1.317422345817E+20,  4.140819917831E+20,  1.236819987799E+17,  1.549233173729E+20,  5.361486264501E+19,  1.025848666559E+13,  3.046094547642E+02,  2.788514570106E+00,  2.918209401866E+02,NaN,  9.999998034487E+00,NaN,  1.973073115124E-06,  4.239322240530E-02,NaN,  3.504050000000E+06,  4.298823648280E-07
  6.278447738670E+00,  3.313814012673E+03,  3.588358836939E+03,  5.581696821180E+05,  5.592677514910E+05,  9.918599818371E+02,  9.255083499568E-01,NaN,NaN,  2.065838218837E-03,  8.773895442417E+15,  1.317151403663E+20,  4.141090555595E+20,  1.241346571189E+17,  1.549222849566E+20,  5.361544185584E+19,  1.024673983369E+13,  3.046295240475E+02,  2.789510979802E+00,  2.918400131645E+02,NaN,  9.999997932438E+00,NaN,  1.970813780100E-06,  4.239324389499E-02,NaN,  3.504050000000E+06,  4.300512349359E-07
  6.753559349922E+00,  3.313193544193E+03,  3.587483240534E+03,  5.573664539885E+05,  5.584644042584E+05,  9.918599818371E+02,  9.251234899700E-01,NaN,NaN,  2.066892824977E-03,  8.820313772676E+15,  1.316735702385E+20,  4.141505789857E+20,  1.248295123506E+17,  1.549207000379E+20,  5.361633108104E+19,  1.022877278023E+13,  3.046603169080E+02,  2.791040700752E+00,  2.918692764638E+02,NaN,  9.999997776089E+00,NaN,  1.967358074469E-06,  4.239327678475E-02,NaN,  3.504050000000E+06,  4.303099433586E-07
  7.113544527333E+00,  3.312723931308E+03,  3.586820652347E+03,  5.567591561322E+05,  5.578570166043E+05,  9.918599818371E+02,  9.248322556983E-01,NaN,NaN,  2.067691596419E-03,  8.855446004009E+15,  1.316421074232E+20,  4.141820064540E+20,  1.253557035269E+17,  1.549194997474E+20,  5.361700454526E+19,  1.021518508700E+13,  3.046836235924E+02,  2.792199251660E+00,  2.918914247183E+02,NaN,  9.999997657635E+00,NaN,  1.964744676112E-06,  4.239330161215E-02,NaN,  3.504050000000E+06,  4.305059351678E-07
  7.470311815242E+00,  3.312259030025E+03,  3.586164699409E+03,  5.561581630531E+05,  5.572558964118E+05,  9.918599818371E+02,  9.245428679472E-01,NaN,NaN,  2.068483190282E-03,  8.890360759353E+15,  1.316108393697E+20,  4.142132393801E+20,  1.258788785770E+17,  1.549183062659E+20,  5.361767422239E+19,  1.020174046451E+13,  3.047067866573E+02,  2.793351284080E+00,  2.919134358708E+02,NaN,  9.999997540251E+00,NaN,  1.962158795363E-06,  4.239332622980E-02,NaN,  3.504050000000E+06,  4.307001512107E-07
  7.943046059329E+00,  3.311643785253E+03,  3.585296619798E+03,  5.553631959697E+05,  5.564608117437E+05,  9.918599818371E+02,  9.241587509984E-01,NaN,NaN,  2.069531998930E-03,  8.936712777489E+15,  1.315693286282E+20,  4.142547034877E+20,  1.265738052653E+17,  1.549167208700E+20,  5.361856385767E+19,  1.018395862457E+13,  3.047375384117E+02,  2.794881702487E+00,  2.919426573658E+02,NaN,  9.999997384724E+00,NaN,  1.958738712902E-06,  4.239335882525E-02,NaN,  3.504050000000E+06,  4.309574605505E-07
  8.419486454824E+00,  3.311024476122E+03,  3.584422989280E+03,  5.545639327113E+05,  5.556614302560E+05,  9.918599818371E+02,  9.237721778267E-01,NaN,NaN,  2.070588596791E-03,  8.983370562165E+15,  1.315275440562E+20,  4.142964411178E+20,  1.272737446320E+17,  1.549151239117E+20,  5.361946003618E+19,  1.016607531984E+13,  3.047684941845E+02,  2.796423377610E+00,  2.919720716236E+02,NaN,  9.999997227993E+00,NaN,  1.955299115139E-06,  4.239339153622E-02,NaN,  3.504050000000E+06,  4.312167451195E-07
  8.841704516559E+00,  3.310476447693E+03,  3.583649834992E+03,  5.538568107033E+05,  5.549541655816E+05,  9.918599818371E+02,  9.234280720577E-01,NaN,NaN,  2.071524994334E-03,  9.024910608928E+15,  1.314903426958E+20,  4.143336006864E+20,  1.278972720590E+17,  1.549137011856E+20,  5.362025849020E+19,  1.015025915903E+13,  3.047960555037E+02,  2.797796932763E+00,  2.919982595295E+02,NaN,  9.999997089113E+00,NaN,  1.952257102930E-06,  4.239342057507E-02,NaN,  3.504050000000E+06,  4.314464858692E-07
  9.477074655791E+00,  3.309652930008E+03,  3.582488218907E+03,  5.527954227927E+05,  5.538926205632E+05,  9.918599818371E+02,  9.229106354622E-01,NaN,NaN,  2.072933613643E-03,  9.087388991909E+15,  1.314343899220E+20,  4.143894906030E+20,  1.288357325506E+17,  1.549115596750E+20,  5.362146041985E+19,  1.012651451748E+13,  3.048375108983E+02,  2.799864573460E+00,  2.920376474970E+02,NaN,  9.999996880143E+00,NaN,  1.947690160906E-06,  4.239346410177E-02,NaN,  3.504050000000E+06,  4.317921460045E-07
  9.987093425872E+00,  3.308992991954E+03,  3.581557386874E+03,  5.519455514513E+05,  5.530425853534E+05,  9.918599818371E+02,  9.224943410735E-01,NaN,NaN,  2.074064109504E-03,  9.137667090068E+15,  1.313893631637E+20,  4.144344667790E+20,  1.295914993087E+17,  1.549098348948E+20,  5.362242853394E+19,  1.010750328926E+13,  3.048708727338E+02,  2.801529983463E+00,  2.920693440939E+02,NaN,  9.999996712424E+00,NaN,  1.944033623201E-06,  4.239349899857E-02,NaN,  3.504050000000E+06,  4.320695567184E-07
  1.059105129986E+01,  3.308212745841E+03,  3.580456956762E+03,  5.509416532795E+05,  5.520385386579E+05,  9.918599818371E+02,  9.220009023308E-01,NaN,NaN,  2.075402502354E-03,  9.197276470434E+15,  1.313359797374E+20,  4.144877902359E+20,  1.304881807815E+17,  1.549077883330E+20,  5.362357734932E+19,  1.008504655273E+13,  3.049104280662E+02,  2.803506243167E+00,  2.921069233695E+02,NaN,  9.999996513832E+00,NaN,  1.939714391277E-06,  4.239354022130E-02,NaN,  3.504050000000E+06,  4.323980001469E-07
  1.132106461007E+01,  3.307271457950E+03,  3.579129519708E+03,  5.497318138345E+05,  5.508284821719E+05,  9.918599818371E+02,  9.214033605825E-01,NaN,NaN,  2.077019795196E-03,  9.269482442033E+15,  1.312713153820E+20,  4.145523819500E+20,  1.315752927759E+17,  1.549053068588E+20,  5.362497042451E+19,  1.005798336810E+13,  3.049583447525E+02,  2.805902685711E+00,  2.921524438585E+02,NaN,  9.999996273827E+00,NaN,  1.934509174976E-06,  4.239358993599E-02,NaN,  3.504050000000E+06,  4.327949036384E-07
  1.193945614357E+01,  3.306475605339E+03,  3.578007332577E+03,  5.487101182157E+05,  5.498066352633E+05,  9.918599818371E+02,  9.208968388049E-01,NaN,NaN,  2.078389328975E-03,  9.330707341226E+15,  1.312164851713E+20,  4.146071505670E+20,  1.324978888667E+17,  1.549032006738E+20,  5.362615292338E+19,  1.003512721459E+13,  3.049989764794E+02,  2.807936879588E+00,  2.921910415991E+02,NaN,  9.999996070550E+00,NaN,  1.930113120912E-06,  4.239363190181E-02,NaN,  3.504050000000E+06,  4.331310408163E-07
  1.260215722428E+01,  3.305624349610E+03,  3.576807051673E+03,  5.476181713786E+05,  5.487144889915E+05,  9.918599818371E+02,  9.203524225344E-01,NaN,NaN,  2.079856747263E-03,  9.396530701217E+15,  1.311575367905E+20,  4.146660327293E+20,  1.334906112460E+17,  1.549009341525E+20,  5.362742555426E+19,  1.001070399366E+13,  3.050426622202E+02,  2.810126114487E+00,  2.922325383275E+02,NaN,  9.999995852739E+00,NaN,  1.925415663853E-06,  4.239367682661E-02,NaN,  3.504050000000E+06,  4.334911834043E-07
  1.327477037043E+01,  3.304761932184E+03,  3.575591259300E+03,  5.465133864455E+05,  5.476095402924E+05,  9.918599818371E+02,  9.198000395789E-01,NaN,NaN,  2.081345493264E-03,  9.463336403193E+15,  1.310977086693E+20,  4.147257936438E+20,  1.344990318001E+17,  1.548986315293E+20,  5.362871857149E+19,  9.985989262759E+12,  3.050870023184E+02,  2.812350416536E+00,  2.922746543495E+02,NaN,  9.999995631700E+00,NaN,  1.920662139022E-06,  4.239372221731E-02,NaN,  3.504050000000E+06,  4.338566281057E-07
  1.405461277148E+01,  3.303764212670E+03,  3.574184711825E+03,  5.452362939246E+05,  5.463322207829E+05,  9.918599818371E+02,  9.191571253070E-01,NaN,NaN,  2.083071338255E-03,  9.541115290179E+15,  1.310280534676E+20,  4.147953706016E+20,  1.356742127891E+17,  1.548959477947E+20,  5.363022575087E+19,  9.957427190745E+12,  3.051386285559E+02,  2.814943116577E+00,  2.923236881487E+02,NaN,  9.999995375465E+00,NaN,  1.915168633183E-06,  4.239377480364E-02,NaN,  3.504050000000E+06,  4.342802259496E-07
  1.481858184723E+01,  3.302788877698E+03,  3.572809978805E+03,  5.439896734759E+05,  5.450853778117E+05,  9.918599818371E+02,  9.185270793725E-01,NaN,NaN,  2.084761310645E-03,  9.617362706398E+15,  1.309597697809E+20,  4.148635775853E+20,  1.368274279387E+17,  1.548933138764E+20,  5.363170510801E+19,  9.929543161267E+12,  3.051892414552E+02,  2.817487951188E+00,  2.923717564697E+02,NaN,  9.999995124485E+00,NaN,  1.909805539122E-06,  4.239382608284E-02,NaN,  3.504050000000E+06,  4.346950903686E-07
  1.565687130392E+01,  3.301721124057E+03,  3.571305123527E+03,  5.426265676101E+05,  5.437220700250E+05,  9.918599818371E+02,  9.178344034396E-01,NaN,NaN,  2.086615114998E-03,  9.701218483506E+15,  1.308846723957E+20,  4.149385906149E+20,  1.380970605178E+17,  1.548904136663E+20,  5.363333420875E+19,  9.899055942359E+12,  3.052449084197E+02,  2.820290370001E+00,  2.924246212967E+02,NaN,  9.999994849136E+00,NaN,  1.903941758826E-06,  4.239388216790E-02,NaN,  3.504050000000E+06,  4.351501865750E-07
  1.649545417079E+01,  3.300655597218E+03,  3.569803512548E+03,  5.412678950209E+05,  5.423631581437E+05,  9.918599818371E+02,  9.171395099837E-01,NaN,NaN,  2.088469046078E-03,  9.785373183320E+15,  1.308093073094E+20,  4.150138710465E+20,  1.393726363208E+17,  1.548874994615E+20,  5.363497136070E+19,  9.868672335651E+12,  3.053007776717E+02,  2.823106626930E+00,  2.924776745730E+02,NaN,  9.999994573743E+00,NaN,  1.898097906853E-06,  4.239393812491E-02,NaN,  3.504050000000E+06,  4.356053086719E-07
  1.765213259489E+01,  3.299190008085E+03,  3.567738465237E+03,  5.394022103783E+05,  5.404971596052E+05,  9.918599818371E+02,  9.161795715686E-01,NaN,NaN,  2.091025024252E-03,  9.901676253616E+15,  1.307051516185E+20,  4.151179097446E+20,  1.411378428620E+17,  1.548834659451E+20,  5.363723763363E+19,  9.826950440484E+12,  3.053779961851E+02,  2.827005095651E+00,  2.925509950054E+02,NaN,  9.999994193968E+00,NaN,  1.890073297342E-06,  4.239401491689E-02,NaN,  3.504050000000E+06,  4.362328508712E-07
  1.882480093469E+01,  3.297709070863E+03,  3.565652130585E+03,  5.375204182189E+05,  5.386150508312E+05,  9.918599818371E+02,  9.152039449077E-01,NaN,NaN,  2.093615075236E-03,  1.001993982571E+16,  1.305992401928E+20,  4.152237022075E+20,  1.429355971117E+17,  1.548793572317E+20,  5.363954652811E+19,  9.784871539548E+12,  3.054565239451E+02,  2.830976864686E+00,  2.926255513894E+02,NaN,  9.999993809040E+00,NaN,  1.881980022880E-06,  4.239409235804E-02,NaN,  3.504050000000E+06,  4.368688082137E-07
  1.996681504919E+01,  3.296271574456E+03,  3.563627324053E+03,  5.356971321717E+05,  5.367914570920E+05,  9.918599818371E+02,  9.142515487276E-01,NaN,NaN,  2.096136195011E-03,  1.013544560118E+16,  1.304957985236E+20,  4.153270276900E+20,  1.446941532268E+17,  1.548753372993E+20,  5.364180589404E+19,  9.744104433492E+12,  3.055332279148E+02,  2.834863417544E+00,  2.926983691889E+02,NaN,  9.999993434269E+00,NaN,  1.874139053392E-06,  4.239416736415E-02,NaN,  3.504050000000E+06,  4.374878889270E-07
  2.098126996470E+01,  3.294998514884E+03,  3.561834438565E+03,  5.340852181606E+05,  5.351792659203E+05,  9.918599818371E+02,  9.134039188609E-01,NaN,NaN,  2.098374643878E-03,  1.023829376772E+16,  1.304036924282E+20,  4.154190303324E+20,  1.462622698074E+17,  1.548717520269E+20,  5.364382126449E+19,  9.708065372249E+12,  3.056015325140E+02,  2.838330237178E+00,  2.927632073082E+02,NaN,  9.999993101437E+00,NaN,  1.867207455667E-06,  4.239423362663E-02,NaN,  3.504050000000E+06,  4.380376110047E-07
  2.209109048127E+01,  3.293609973530E+03,  3.559879184415E+03,  5.323299328985E+05,  5.334237125613E+05,  9.918599818371E+02,  9.124745706130E-01,NaN,NaN,  2.100822472312E-03,  1.035110971031E+16,  1.303026596507E+20,  4.155199496322E+20,  1.479848293578E+17,  1.548678129141E+20,  5.364603586484E+19,  9.668825069810E+12,  3.056764637218E+02,  2.842139754873E+00,  2.928343293699E+02,NaN,  9.999992737402E+00,NaN,  1.859660145006E-06,  4.239430574231E-02,NaN,  3.504050000000E+06,  4.386387844226E-07
  2.328116377991E+01,  3.292125897130E+03,  3.557789676416E+03,  5.304570638291E+05,  5.315505359987E+05,  9.918599818371E+02,  9.114752124492E-01,NaN,NaN,  2.103446158194E-03,  1.047248552176E+16,  1.301939610483E+20,  4.156285261492E+20,  1.498409740204E+17,  1.548635674683E+20,  5.364842307234E+19,  9.626963593440E+12,  3.057570881615E+02,  2.846246169230E+00,  2.929108477935E+02,NaN,  9.999992347142E+00,NaN,  1.851608689048E-06,  4.239438266411E-02,NaN,  3.504050000000E+06,  4.392831664292E-07
  2.460669355791E+01,  3.290478736659E+03,  3.555470981432E+03,  5.283825104165E+05,  5.294756372403E+05,  9.918599818371E+02,  9.103596103914E-01,NaN,NaN,  2.106366895393E-03,  1.060805453402E+16,  1.300725516677E+20,  4.157497991704E+20,  1.519177147732E+17,  1.548588164180E+20,  5.365109505053E+19,  9.580599549584E+12,  3.058471501501E+02,  2.850842418838E+00,  2.929963139760E+02,NaN,  9.999991912583E+00,NaN,  1.842691228664E-06,  4.239446776369E-02,NaN,  3.504050000000E+06,  4.400005717932E-07
  2.589022572338E+01,  3.288889628219E+03,  3.553234385606E+03,  5.263850526418E+05,  5.274778455144E+05,  9.918599818371E+02,  9.092765301114E-01,NaN,NaN,  2.109193594025E-03,  1.073974717792E+16,  1.299546137851E+20,  4.158676045950E+20,  1.539386667365E+17,  1.548541919357E+20,  5.365369632391E+19,  9.535965507364E+12,  3.059346467467E+02,  2.855317022949E+00,  2.930793363977E+02,NaN,  9.999991491915E+00,NaN,  1.834106509339E-06,  4.239454960275E-02,NaN,  3.504050000000E+06,  4.406949233164E-07
  2.720084143001E+01,  3.287272895634E+03,  3.550959312353E+03,  5.243569367165E+05,  5.254493910574E+05,  9.918599818371E+02,  9.081679519373E-01,NaN,NaN,  2.112078381485E-03,  1.087461744303E+16,  1.298338301716E+20,  4.159882525568E+20,  1.560120613741E+17,  1.548494463621E+20,  5.365636619876E+19,  9.490653691035E+12,  3.060242645741E+02,  2.859909611597E+00,  2.931643620746E+02,NaN,  9.999991062494E+00,NaN,  1.825391429863E-06,  4.239463256985E-02,NaN,  3.504050000000E+06,  4.414035965080E-07
  2.858480277545E+01,  3.285572144049E+03,  3.548566425273E+03,  5.222277906242E+05,  5.233198547389E+05,  9.918599818371E+02,  9.069942225840E-01,NaN,NaN,  2.115122942460E-03,  1.101749934587E+16,  1.297058717041E+20,  4.161160673172E+20,  1.582126931156E+17,  1.548444083643E+20,  5.365920113249E+19,  9.443093543643E+12,  3.061192170232E+02,  2.864786102764E+00,  2.932544384950E+02,NaN,  9.999990609179E+00,NaN,  1.816243916079E-06,  4.239471952890E-02,NaN,  3.504050000000E+06,  4.421515664007E-07
  3.005782794952E+01,  3.283769201967E+03,  3.546030208015E+03,  5.199755452696E+05,  5.210672370854E+05,  9.918599818371E+02,  9.057416036226E-01,NaN,NaN,  2.118361594927E-03,  1.117008163186E+16,  1.295692260198E+20,  4.162525595409E+20,  1.605673669502E+17,  1.548390163386E+20,  5.366223589603E+19,  9.392795457275E+12,  3.062206285245E+02,  2.870006303573E+00,  2.933506302875E+02,NaN,  9.999990126843E+00,NaN,  1.806569798913E-06,  4.239481132556E-02,NaN,  3.504050000000E+06,  4.429472610328E-07
  3.159816572677E+01,  3.281891798429E+03,  3.543389779688E+03,  5.176356893519E+05,  5.187269958991E+05,  9.918599818371E+02,  9.044283640780E-01,NaN,NaN,  2.121746131269E-03,  1.133015566792E+16,  1.294258710692E+20,  4.163957534990E+20,  1.630428204409E+17,  1.548333462077E+20,  5.366542786766E+19,  9.340552628960E+12,  3.063270333880E+02,  2.875496895556E+00,  2.934515450733E+02,NaN,  9.999989622637E+00,NaN,  1.796521638461E-06,  4.239490644319E-02,NaN,  3.504050000000E+06,  4.437788622593E-07
  3.336175757647E+01,  3.279752151167E+03,  3.540381221027E+03,  5.149758002680E+05,  5.160666743823E+05,  9.918599818371E+02,  9.029209188984E-01,NaN,NaN,  2.125618510311E-03,  1.151403773480E+16,  1.292611947412E+20,  4.165602448935E+20,  1.658930013006E+17,  1.548268158088E+20,  5.366910498873E+19,  9.281178274892E+12,  3.064492818578E+02,  2.881821971786E+00,  2.935674690553E+02,NaN,  9.999989045566E+00,NaN,  1.785101831080E-06,  4.239501420506E-02,NaN,  3.504050000000E+06,  4.447304225468E-07
  3.507342380643E+01,  3.277685481008E+03,  3.537476010501E+03,  5.124135992781E+05,  5.135040550065E+05,  9.918599818371E+02,  9.014542563359E-01,NaN,NaN,  2.129374055270E-03,  1.169308452357E+16,  1.291008486668E+20,  4.167204109004E+20,  1.686749879476E+17,  1.548204396584E+20,  5.367269614771E+19,  9.223998029959E+12,  3.065683341653E+02,  2.887999149978E+00,  2.936803447555E+02,NaN,  9.999988485708E+00,NaN,  1.774104029195E-06,  4.239511758529E-02,NaN,  3.504050000000E+06,  4.456533800433E-07
  3.692911451493E+01,  3.275456113269E+03,  3.534342655842E+03,  5.096566943401E+05,  5.107466660498E+05,  9.918599818371E+02,  8.998582185503E-01,NaN,NaN,  2.133442944794E-03,  1.188808163964E+16,  1.289262182138E+20,  4.168948452499E+20,  1.717124149122E+17,  1.548134758004E+20,  5.367661932218E+19,  9.162499357357E+12,  3.066980129826E+02,  2.894747386565E+00,  2.938032759548E+02,NaN,  9.999987878990E+00,NaN,  1.762275639542E-06,  4.239522843265E-02,NaN,  3.504050000000E+06,  4.466533434232E-07
  3.891102941085E+01,  3.273087662678E+03,  3.531014759112E+03,  5.067365593736E+05,  5.078260592428E+05,  9.918599818371E+02,  8.981496020169E-01,NaN,NaN,  2.137784979161E-03,  1.209701416448E+16,  1.287391078502E+20,  4.170817454992E+20,  1.749757479149E+17,  1.548059913932E+20,  5.368083691961E+19,  9.097379089397E+12,  3.068369833957E+02,  2.902002018342E+00,  2.939349923964E+02,NaN,  9.999987231280E+00,NaN,  1.749750687846E-06,  4.239534517975E-02,NaN,  3.504050000000E+06,  4.477205698811E-07
  4.099358263256E+01,  3.270612943727E+03,  3.527538391493E+03,  5.036945335065E+05,  5.047835066747E+05,  9.918599818371E+02,  8.963481546113E-01,NaN,NaN,  2.142343839044E-03,  1.231750117319E+16,  1.285416498235E+20,  4.172789817972E+20,  1.784295072703E+17,  1.547980672953E+20,  5.368530360614E+19,  9.029570809586E+12,  3.069836664266E+02,  2.909685054101E+00,  2.940739930848E+02,NaN,  9.999986551000E+00,NaN,  1.736708735535E-06,  4.239546610759E-02,NaN,  3.504050000000E+06,  4.488411452107E-07
  4.309131256706E+01,  3.268350731544E+03,  3.524360370753E+03,  5.009193532447E+05,  5.019920350696E+05,  9.918599818371E+02,  8.946881607457E-01,NaN,NaN,  2.146534123133E-03,  1.252702127798E+16,  1.283540233307E+20,  4.174665063919E+20,  1.817218921233E+17,  1.547920665590E+20,  5.368958644311E+19,  9.011652609549E+12,  3.071231892747E+02,  2.917052146594E+00,  2.942061495287E+02,NaN,  9.999985866068E+00,NaN,  1.733262426161E-06,  4.239557602821E-02,NaN,  3.509385741204E+06,  4.498707148602E-07
  4.525202419991E+01,  3.266091913096E+03,  3.521231287337E+03,  4.982744739766E+05,  4.993468591054E+05,  9.918599818371E+02,  8.930482200327E-01,NaN,NaN,  2.150592550447E-03,  1.268482364402E+16,  1.282126880300E+20,  4.176078409008E+20,  1.842069445249E+17,  1.547886237102E+20,  5.369283814604E+19,  9.014501945061E+12,  3.072283879729E+02,  2.922647195632E+00,  2.943057538826E+02,NaN,  9.999985160873E+00,NaN,  1.733810455073E-06,  4.239565545344E-02,NaN,  3.517113574752E+06,  4.508892824220E-07
  4.759715458604E+01,  3.263728084799E+03,  3.517851424681E+03,  4.952260873958E+05,  4.962981553303E+05,  9.918599818371E+02,  8.912750069406E-01,NaN,NaN,  2.155213658301E-03,  1.296522065141E+16,  1.279614301485E+20,  4.178589885259E+20,  1.886293436868E+17,  1.547809100487E+20,  5.369861873724E+19,  9.017619705962E+12,  3.074153234889E+02,  2.932589215170E+00,  2.944827481435E+02,NaN,  9.999984395834E+00,NaN,  1.734410111769E-06,  4.239579641016E-02,NaN,  3.525445854256E+06,  4.519949280235E-07
  4.998790913387E+01,  3.261262155955E+03,  3.514423054107E+03,  4.923179455409E+05,  4.933896907706E+05,  9.918599818371E+02,  8.894720448399E-01,NaN,NaN,  2.159733931848E-03,  1.315648488795E+16,  1.277899851724E+20,  4.180304153966E+20,  1.916530248196E+17,  1.547764522931E+20,  5.370259003100E+19,  9.020814504949E+12,  3.075429668973E+02,  2.939421699564E+00,  2.946035598465E+02,NaN,  9.999983616276E+00,NaN,  1.735024585638E-06,  4.239588888694E-02,NaN,  3.533881978089E+06,  4.531222597588E-07
  5.254212511178E+01,  3.258647759861E+03,  3.510779479721E+03,  4.892180628300E+05,  4.902894970859E+05,  9.918599818371E+02,  8.875507390093E-01,NaN,NaN,  2.164583247984E-03,  1.337190470693E+16,  1.275968213311E+20,  4.182235484847E+20,  1.950646861730E+17,  1.547712631301E+20,  5.370707772428E+19,  9.024249813086E+12,  3.076867955500E+02,  2.947142199609E+00,  2.947396688308E+02,NaN,  9.999982783837E+00,NaN,  1.735685318000E-06,  4.239599116222E-02,NaN,  3.542830257323E+06,  4.543268256686E-07
  5.517449911730E+01,  3.255969065182E+03,  3.507044940431E+03,  4.860460301827E+05,  4.871171197966E+05,  9.918599818371E+02,  8.855775984588E-01,NaN,NaN,  2.169586027992E-03,  1.359756469785E+16,  1.273943997191E+20,  4.184259343934E+20,  1.986455126789E+17,  1.547657551628E+20,  5.371179734553E+19,  9.027813428560E+12,  3.078375438697E+02,  2.955261541145E+00,  2.948822986658E+02,NaN,  9.999981926371E+00,NaN,  1.736370728442E-06,  4.239609593928E-02,NaN,  3.551983394496E+06,  4.555684359870E-07
  5.794033491168E+01,  3.253174101656E+03,  3.503143264767E+03,  4.827311365827E+05,  4.838022181202E+05,  9.918599818371E+02,  8.835124905653E-01,NaN,NaN,  2.174855536561E-03,  1.384205642702E+16,  1.271749962215E+20,  4.186452925901E+20,  2.025331514809E+17,  1.547596661753E+20,  5.371693196175E+19,  9.031581584180E+12,  3.080009668713E+02,  2.964094524544E+00,  2.950368895837E+02,NaN,  9.999981025910E+00,NaN,  1.737095479255E-06,  4.239620679130E-02,NaN,  3.561526184167E+06,  4.568732120458E-07
  6.083811084383E+01,  3.250266299813E+03,  3.499079618831E+03,  4.792796381051E+05,  4.803509330287E+05,  9.918599818371E+02,  8.813555171303E-01,NaN,NaN,  2.180388768453E-03,  1.410521830421E+16,  1.269387340884E+20,  4.188814998150E+20,  2.067269731738E+17,  1.547529928589E+20,  5.372248369792E+19,  9.035554548372E+12,  3.081769813361E+02,  2.973644796976E+00,  2.952033547182E+02,NaN,  9.999980083025E+00,NaN,  1.737859622066E-06,  4.239632295153E-02,NaN,  3.571443476999E+06,  4.582404768248E-07
  6.388885817382E+01,  3.247226935347E+03,  3.494827884803E+03,  4.756707407785E+05,  4.767407335234E+05,  9.918599818371E+02,  8.790940687281E-01,NaN,NaN,  2.186226518818E-03,  1.438994381914E+16,  1.266829906459E+20,  4.191371772897E+20,  2.112753641219E+17,  1.547456415729E+20,  5.372851988168E+19,  9.039763995333E+12,  3.083675503195E+02,  2.984028135846E+00,  2.953835413540E+02,NaN,  9.999979090945E+00,NaN,  1.738669248953E-06,  4.239644490832E-02,NaN,  3.581796232179E+06,  4.596801968252E-07
  6.709462750110E+01,  3.244057068082E+03,  3.490389014141E+03,  4.719057367274E+05,  4.729753075598E+05,  9.918599818371E+02,  8.767276299118E-01,NaN,NaN,  2.192374647997E-03,  1.469636436283E+16,  1.264076201155E+20,  4.194124707278E+20,  2.161831418902E+17,  1.547375991242E+20,  5.373505081815E+19,  9.044215025145E+12,  3.085727942282E+02,  2.995262257916E+00,  2.955775521817E+02,NaN,  9.999978049094E+00,NaN,  1.739525340845E-06,  4.239657177073E-02,NaN,  3.592579032602E+06,  4.611933823127E-07
  7.050826743619E+01,  3.240709370184E+03,  3.485694556130E+03,  4.679244135201E+05,  4.689935538256E+05,  9.918599818371E+02,  8.742185811717E-01,NaN,NaN,  2.198940151963E-03,  1.503252080262E+16,  1.261053607222E+20,  4.197146375430E+20,  2.215826175749E+17,  1.547286082131E+20,  5.374225719227E+19,  9.048984675894E+12,  3.087981383471E+02,  3.007657861373E+00,  2.957905018048E+02,NaN,  9.999976940408E+00,NaN,  1.740442714914E-06,  4.239670569902E-02,NaN,  3.603954324958E+06,  4.628050263461E-07
  7.408567660120E+01,  3.237228369315E+03,  3.480810207209E+03,  4.637903282221E+05,  4.648590211975E+05,  9.918599818371E+02,  8.716007072446E-01,NaN,NaN,  2.205832370582E-03,  1.539124016274E+16,  1.257826253129E+20,  4.200372688034E+20,  2.273626271019E+17,  1.547188755500E+20,  5.374999644928E+19,  9.054013088718E+12,  3.090388209075E+02,  3.020969806250E+00,  2.960178735805E+02,NaN,  9.999975779336E+00,NaN,  1.741409858167E-06,  4.239684241670E-02,NaN,  3.615758903697E+06,  4.644943493755E-07
  7.783767242298E+01,  3.233535594902E+03,  3.475725607117E+03,  4.596763539075E+05,  4.607446129972E+05,  9.918599818371E+02,  8.688669218057E-01,NaN,NaN,  2.212857030079E-03,  1.567347019422E+16,  1.255285779146E+20,  4.202913002030E+20,  2.319241759143E+17,  1.547121436928E+20,  5.375613581598E+19,  9.059314221739E+12,  3.092284089590E+02,  3.031532495914E+00,  2.961969001582E+02,NaN,  9.999974562455E+00,NaN,  1.742429455246E-06,  4.239694355090E-02,NaN,  3.628014169023E+06,  4.662666044122E-07
  8.173435918407E+01,  3.229803247090E+03,  3.470486001013E+03,  4.552675351873E+05,  4.563352882828E+05,  9.918599818371E+02,  8.660435372064E-01,NaN,NaN,  2.220381398512E-03,  1.607449862010E+16,  1.251673667632E+20,  4.206523859850E+20,  2.384244157447E+17,  1.547010041785E+20,  5.376489489475E+19,  9.064856132334E+12,  3.094979456228E+02,  3.046598132285E+00,  2.964513724475E+02,NaN,  9.999973299600E+00,NaN,  1.743495362446E-06,  4.239708296624E-02,NaN,  3.640607666888E+06,  4.681076386518E-07
  8.606419503890E+01,  3.225628414196E+03,  3.464712102546E+03,  4.505834077251E+05,  4.516506679547E+05,  9.918599818371E+02,  8.629204550410E-01,NaN,NaN,  2.228558517370E-03,  1.643696052808E+16,  1.248406886195E+20,  4.209790069633E+20,  2.443206296913E+17,  1.546916966285E+20,  5.377288069991E+19,  9.071044948118E+12,  3.097418655638E+02,  3.060335977087E+00,  2.966815559446E+02,NaN,  9.999971897463E+00,NaN,  1.744685692603E-06,  4.239720022576E-02,NaN,  3.654443944547E+06,  4.701539496202E-07
  9.043178016275E+01,  3.221447989429E+03,  3.458938642748E+03,  4.459329784914E+05,  4.469997487079E+05,  9.918599818371E+02,  8.597890849902E-01,NaN,NaN,  2.236795195808E-03,  1.679953965401E+16,  1.245137045907E+20,  4.213059352884E+20,  2.502383582696E+17,  1.546823458689E+20,  5.378092460357E+19,  9.077321807430E+12,  3.099861020472E+02,  3.074173775158E+00,  2.969119560419E+02,NaN,  9.999970484295E+00,NaN,  1.745892956672E-06,  4.239731056695E-02,NaN,  3.668235961783E+06,  4.722187215171E-07
  9.497166233585E+01,  3.217141899847E+03,  3.452990663102E+03,  4.411595617525E+05,  4.422257978045E+05,  9.918599818371E+02,  8.565513834045E-01,NaN,NaN,  2.245366283652E-03,  1.718299936192E+16,  1.241676688906E+20,  4.216519053500E+20,  2.565181711359E+17,  1.546722884735E+20,  5.378949104214E+19,  9.083878902849E+12,  3.102446565612E+02,  3.088910148214E+00,  2.971557756492E+02,NaN,  9.999969016639E+00,NaN,  1.747154120146E-06,  4.239741986446E-02,NaN,  3.682399910639E+06,  4.743656238885E-07
  9.972321644331E+01,  3.212678074202E+03,  3.446822554950E+03,  4.362262358148E+05,  4.372919211345E+05,  9.918599818371E+02,  8.531848441060E-01,NaN,NaN,  2.254350468633E-03,  1.759253467688E+16,  1.237978491367E+20,  4.220216469341E+20,  2.632492335910E+17,  1.546613481124E+20,  5.379870795437E+19,  9.090774482685E+12,  3.105210823744E+02,  3.104765098866E+00,  2.974163480452E+02,NaN,  9.999967481905E+00,NaN,  1.748480386255E-06,  4.239752813940E-02,NaN,  3.697040077545E+06,  4.766133923386E-07
  1.047311854653E+02,  3.208021463481E+03,  3.440383882690E+03,  4.310917196066E+05,  4.321568622644E+05,  9.918599818371E+02,  8.496581635125E-01,NaN,NaN,  2.263838798780E-03,  1.803473060872E+16,  1.233982406487E+20,  4.224211610555E+20,  2.705453183580E+17,  1.546492930970E+20,  5.380873946791E+19,  9.098074579582E+12,  3.108198908549E+02,  3.122020842847E+00,  2.976979023963E+02,NaN,  9.999965865857E+00,NaN,  1.749884455431E-06,  4.239763517482E-02,NaN,  3.712270588010E+06,  4.789833320271E-07
  1.100635190272E+02,  3.203117879149E+03,  3.433597307770E+03,  4.256935680286E+05,  4.267581102737E+05,  9.918599818371E+02,  8.459289299163E-01,NaN,NaN,  2.273968114418E-03,  1.851896571586E+16,  1.229602900018E+20,  4.228589962154E+20,  2.785689464587E+17,  1.546357963943E+20,  5.381982044419E+19,  9.105879853063E+12,  3.111475103217E+02,  3.141081233544E+00,  2.980064631900E+02,NaN,  9.999964146810E+00,NaN,  1.751385688095E-06,  4.239774051942E-02,NaN,  3.728267022008E+06,  4.815077656941E-07
  1.156347872325E+02,  3.198048479500E+03,  3.426581550396E+03,  4.201410664728E+05,  4.212049904360E+05,  9.918599818371E+02,  8.420602670955E-01,NaN,NaN,  2.284563386823E-03,  1.903172708822E+16,  1.224961431207E+20,  4.233230138211E+20,  2.871045277757E+17,  1.546212672872E+20,  5.383166612440E+19,  9.114065216896E+12,  3.114948965599E+02,  3.161456603512E+00,  2.983334758508E+02,NaN,  9.999962352574E+00,NaN,  1.752960025699E-06,  4.239783820622E-02,NaN,  3.744742459299E+06,  4.841464007478E-07
  1.214240371924E+02,  3.192760378620E+03,  3.419370907577E+03,  4.146534444133E+05,  4.157168287813E+05,  9.918599818371E+02,  8.380675079542E-01,NaN,NaN,  2.295324528098E-03,  1.946135743769E+16,  1.221069496304E+20,  4.237121742291E+20,  2.942892156539E+17,  1.546101230302E+20,  5.384169883091E+19,  9.122593091525E+12,  3.117864123505E+02,  3.178716599710E+00,  2.986077335060E+02,NaN,  9.999960490124E+00,NaN,  1.754600240353E-06,  4.239790658751E-02,NaN,  3.761611091771E+06,  4.868894815277E-07
  1.275144992344E+02,  3.187338872363E+03,  3.411870904170E+03,  4.087837915500E+05,  4.098464605871E+05,  9.918599818371E+02,  8.339027694886E-01,NaN,NaN,  2.306927410243E-03,  2.003443886184E+16,  1.215873250602E+20,  4.242316407566E+20,  3.039152233528E+17,  1.545933879953E+20,  5.385518775364E+19,  9.131595273819E+12,  3.121757013260E+02,  3.201917689938E+00,  2.989738233468E+02,NaN,  9.999958532916E+00,NaN,  1.756331681299E-06,  4.239798496262E-02,NaN,  3.779087726087E+06,  4.897766868071E-07
  1.338966444379E+02,  3.181646401214E+03,  3.404104527172E+03,  4.029288451058E+05,  4.039908741084E+05,  9.918599818371E+02,  8.295714176525E-01,NaN,NaN,  2.318831576282E-03,  2.053175938911E+16,  1.211359998244E+20,  4.246829012144E+20,  3.123124009807E+17,  1.545798211419E+20,  5.386703254626E+19,  9.141044384386E+12,  3.125140975604E+02,  3.222293807116E+00,  2.992918455108E+02,NaN,  9.999956484346E+00,NaN,  1.758149082504E-06,  4.239803566451E-02,NaN,  3.797111437354E+06,  4.928036391961E-07
  1.405969661264E+02,  3.175821800795E+03,  3.396051011063E+03,  3.967036589485E+05,  3.977649604998E+05,  9.918599818371E+02,  8.250652982612E-01,NaN,NaN,  2.331621254963E-03,  2.117532830800E+16,  1.205513512604E+20,  4.252673576979E+20,  3.232353455255E+17,  1.545604180424E+20,  5.388250877628E+19,  9.150987934521E+12,  3.129526048108E+02,  3.248912216190E+00,  2.997037364983E+02,NaN,  9.999954336231E+00,NaN,  1.760061582084E-06,  4.239808334045E-02,NaN,  3.815722891115E+06,  4.959831853657E-07
  1.476857846534E+02,  3.169659498166E+03,  3.387639650827E+03,  3.904299797286E+05,  3.914905907488E+05,  9.918599818371E+02,  8.203380109306E-01,NaN,NaN,  2.344893293828E-03,  2.175326393994E+16,  1.200257849794E+20,  4.257928207840E+20,  3.331024459519E+17,  1.545438566317E+20,  5.389659099625E+19,  9.161514236177E+12,  3.133471420022E+02,  3.273135808344E+00,  3.000740523654E+02,NaN,  9.999952066397E+00,NaN,  1.762086165580E-06,  4.239810341412E-02,NaN,  3.835076388755E+06,  4.993490421849E-07
  1.551234608673E+02,  3.163278728967E+03,  3.378932480306E+03,  3.839804349833E+05,  3.850403067072E+05,  9.918599818371E+02,  8.154261328126E-01,NaN,NaN,  2.358833089145E-03,  2.236837113676E+16,  1.194658374698E+20,  4.263526480451E+20,  3.436639397244E+17,  1.545258672830E+20,  5.391175479516E+19,  9.172564772619E+12,  3.137677568551E+02,  3.299219295598E+00,  3.004685861073E+02,NaN,  9.999949687988E+00,NaN,  1.764211578136E-06,  4.239810331322E-02,NaN,  3.855019717861E+06,  5.028826661083E-07
  1.629783322133E+02,  3.156633818509E+03,  3.369865263909E+03,  3.773089224482E+05,  3.783680542684E+05,  9.918599818371E+02,  8.102891702237E-01,NaN,NaN,  2.373577769834E-03,  2.302941983541E+16,  1.188634023097E+20,  4.269549411592E+20,  3.550837358703E+17,  1.545060978076E+20,  5.392825654951E+19,  9.184234029584E+12,  3.142205997693E+02,  3.327603506989E+00,  3.008930473162E+02,NaN,  9.999947179615E+00,NaN,  1.766455992730E-06,  4.239807819976E-02,NaN,  3.875690224151E+06,  5.066168886499E-07
  1.711299149457E+02,  3.149749393030E+03,  3.360591542242E+03,  3.707388386537E+05,  3.717972292570E+05,  9.918599818371E+02,  8.050113384281E-01,NaN,NaN,  2.388573665237E-03,  2.360205973334E+16,  1.183409951973E+20,  4.274773103147E+20,  3.650369265362E+17,  1.544900917130E+20,  5.394274940788E+19,  9.196327935515E+12,  3.146136649240E+02,  3.352535814354E+00,  3.012611827606E+02,NaN,  9.999944580189E+00,NaN,  1.768782082477E-06,  4.239803214476E-02,NaN,  3.896729345394E+06,  5.104948542753E-07
  1.797705475162E+02,  3.142644635635E+03,  3.350909018216E+03,  3.637332356938E+05,  3.647908101880E+05,  9.918599818371E+02,  7.994813469242E-01,NaN,NaN,  2.404812981066E-03,  2.434228435356E+16,  1.176649017549E+20,  4.281532259291E+20,  3.779821382679E+17,  1.544671174682E+20,  5.396170195972E+19,  9.209134779282E+12,  3.151226068489E+02,  3.385134416593E+00,  3.017375288322E+02,NaN,  9.999941828882E+00,NaN,  1.771245295615E-06,  4.239794651967E-02,NaN,  3.918586484754E+06,  5.146084827609E-07
  1.887838506099E+02,  3.135342315687E+03,  3.340966892354E+03,  3.566098492896E+05,  3.576665975929E+05,  9.918599818371E+02,  7.937779012725E-01,NaN,NaN,  2.421759308438E-03,  2.511773689781E+16,  1.169557064610E+20,  4.288622276320E+20,  3.916444634019E+17,  1.544425789138E+20,  5.398186122370E+19,  9.222463442006E+12,  3.156569408270E+02,  3.419808032376E+00,  3.022371920574E+02,NaN,  9.999938963379E+00,NaN,  1.773808873162E-06,  4.239781997304E-02,NaN,  3.940914205484E+06,  5.189027463592E-07
  1.983463260323E+02,  3.127634309396E+03,  3.330590239944E+03,  3.494318061869E+05,  3.504877304196E+05,  9.918599818371E+02,  7.877979325542E-01,NaN,NaN,  2.439431366028E-03,  2.583123524440E+16,  1.163023324502E+20,  4.295155001341E+20,  4.043087030007E+17,  1.544208823279E+20,  5.400071268303E+19,  9.236554164411E+12,  3.161497537059E+02,  3.452235422921E+00,  3.026975805784E+02,NaN,  9.999935928120E+00,NaN,  1.776519021983E-06,  4.239766684439E-02,NaN,  3.964094005414E+06,  5.234624966717E-07
  2.082898381643E+02,  3.119744215501E+03,  3.319982413347E+03,  3.421760013664E+05,  3.432310883647E+05,  9.918599818371E+02,  7.816574137252E-01,NaN,NaN,  2.457800744631E-03,  2.657488842750E+16,  1.156204839477E+20,  4.301972355474E+20,  4.176039637210E+17,  1.543978231155E+20,  5.402065458389E+19,  9.251148989699E+12,  3.166645006668E+02,  3.486538003989E+00,  3.031780281063E+02,NaN,  9.999932777219E+00,NaN,  1.779326127781E-06,  4.239747195103E-02,NaN,  3.987660595242E+06,  5.282079790602E-07
  2.187245969221E+02,  3.111601135492E+03,  3.309044629697E+03,  3.347735042100E+05,  3.358277337895E+05,  9.918599818371E+02,  7.752985041641E-01,NaN,NaN,  2.477085746735E-03,  2.736168378843E+16,  1.148981139002E+20,  4.309194741709E+20,  4.317781435495E+17,  1.543728618831E+20,  5.404208604591E+19,  9.266392330727E+12,  3.172103532577E+02,  3.523402054702E+00,  3.036870199444E+02,NaN,  9.999929476363E+00,NaN,  1.782257966302E-06,  4.239722592627E-02,NaN,  4.011824141881E+06,  5.331924170532E-07
  2.296703854442E+02,  3.103204835391E+03,  3.297778501361E+03,  3.272342133110E+05,  3.282875772356E+05,  9.918599818371E+02,  7.687183143559E-01,NaN,NaN,  2.497322602080E-03,  2.819232652915E+16,  1.141344042669E+20,  4.316830336805E+20,  4.468639922773E+17,  1.543458948772E+20,  5.406509208490E+19,  9.282293313961E+12,  3.177880338907E+02,  3.562973741895E+00,  3.042251323434E+02,NaN,  9.999926020071E+00,NaN,  1.785316292890E-06,  4.239692081668E-02,NaN,  4.036569838223E+06,  5.384259957076E-07
  2.411605637865E+02,  3.094546023719E+03,  3.286173510211E+03,  3.195601174641E+05,  3.206125421151E+05,  9.918599818371E+02,  7.619111233771E-01,NaN,NaN,  2.518572873401E-03,  2.906854818292E+16,  1.133275794812E+20,  4.324896889997E+20,  4.629153970294E+17,  1.543167734801E+20,  5.408979453982E+19,  9.298878245087E+12,  3.183990029122E+02,  3.605462558795E+00,  3.047936161662E+02,NaN,  9.999922398620E+00,NaN,  1.788506167068E-06,  4.239654733234E-02,NaN,  4.061909199666E+06,  5.439254533970E-07
  2.532921421979E+02,  3.085573132693E+03,  3.274159223101E+03,  3.117091522039E+05,  3.127606218924E+05,  9.918599818371E+02,  7.548313873917E-01,NaN,NaN,  2.541027666699E-03,  3.000050560061E+16,  1.124680683549E+20,  4.333490059730E+20,  4.801458623170E+17,  1.542849982055E+20,  5.411656964338E+19,  9.316261204896E+12,  3.190506486451E+02,  3.651515406209E+00,  3.053992128646E+02,NaN,  9.999918582426E+00,NaN,  1.791849530644E-06,  4.239609064897E-02,NaN,  4.087982650646E+06,  5.497381204034E-07
  2.659970031492E+02,  3.076352203034E+03,  3.261831452815E+03,  3.037627272251E+05,  3.048132262483E+05,  9.918599818371E+02,  7.475343372484E-01,NaN,NaN,  2.564543899772E-03,  3.097632790486E+16,  1.115665969009E+20,  4.342502650905E+20,  4.983657538096E+17,  1.542509231215E+20,  5.414517577773E+19,  9.334316033456E+12,  3.197350011512E+02,  3.700716811536E+00,  3.060343679504E+02,NaN,  9.999914593935E+00,NaN,  1.795322118559E-06,  4.239554498709E-02,NaN,  4.114569202536E+06,  5.558322721349E-07
  2.793045889539E+02,  3.066789087390E+03,  3.249188406401E+03,  2.959261674034E+05,  2.969757447914E+05,  9.918599818371E+02,  7.400130666576E-01,NaN,NaN,  2.588744167407E-03,  3.186649492438E+16,  1.107429290916E+20,  4.350738324564E+20,  5.151514005257E+17,  1.542207816820E+20,  5.417182379461E+19,  9.353046757148E+12,  3.203612370114E+02,  3.746554385991E+00,  3.066147704016E+02,NaN,  9.999910424931E+00,NaN,  1.798924705232E-06,  4.239498168806E-02,NaN,  4.141661428722E+06,  5.622230253454E-07
  2.932709360875E+02,  3.057045992533E+03,  3.236205634242E+03,  2.877975544780E+05,  2.888461170863E+05,  9.918599818371E+02,  7.322572551876E-01,NaN,NaN,  2.614582658777E-03,  3.293449263626E+16,  1.097529749215E+20,  4.360635365851E+20,  5.354947697185E+17,  1.541817005241E+20,  5.420444097668E+19,  9.372519408616E+12,  3.211148172650E+02,  3.802653008489E+00,  3.073122563949E+02,NaN,  9.999906058955E+00,NaN,  1.802669991096E-06,  4.239423057361E-02,NaN,  4.169299777240E+06,  5.689385078719E-07
  3.079804324682E+02,  3.046904705596E+03,  3.222837915889E+03,  2.797519406005E+05,  2.807995089228E+05,  9.918599818371E+02,  7.242316113108E-01,NaN,NaN,  2.641338185697E-03,  3.392414386697E+16,  1.088340031654E+20,  4.369823682698E+20,  5.545560143860E+17,  1.541462422157E+20,  5.423537718538E+19,  9.392797873104E+12,  3.218155633857E+02,  3.855864502710E+00,  3.079597956055E+02,NaN,  9.999901470931E+00,NaN,  1.806570263563E-06,  4.239345085519E-02,NaN,  4.197566977414E+06,  5.760204105641E-07
  3.233804008172E+02,  3.036513622965E+03,  3.209166578450E+03,  2.716569085789E+05,  2.727057927261E+05,  9.918599818371E+02,  7.159857208145E-01,NaN,NaN,  2.669331756860E-03,  3.495584618085E+16,  1.078742779033E+20,  4.379419383772E+20,  5.746443727227E+17,  1.541083161746E+20,  5.426834945648E+19,  9.413782027941E+12,  3.225485206109E+02,  3.912577231042E+00,  3.086360448906E+02,NaN,  9.999896678664E+00,NaN,  1.810606265471E-06,  4.239255387371E-02,NaN,  4.226278170520E+06,  5.834446902455E-07
  3.395856052824E+02,  3.025915782794E+03,  3.195124195716E+03,  2.632831323727E+05,  2.643285991732E+05,  9.918599818371E+02,  7.074800761067E-01,NaN,NaN,  2.699281673941E-03,  3.617711095018E+16,  1.067359161208E+20,  4.390799872311E+20,  5.987121912368E+17,  1.540600994813E+20,  5.430832746111E+19,  9.435602864718E+12,  3.234193020375E+02,  3.981332943707E+00,  3.094380756312E+02,NaN,  9.999891647824E+00,NaN,  1.814803191177E-06,  4.239138260195E-02,NaN,  4.255562272271E+06,  5.912682864220E-07
  3.566915663302E+02,  3.014890218410E+03,  3.180669000127E+03,  2.550085643180E+05,  2.560529791647E+05,  9.918599818371E+02,  6.986809877280E-01,NaN,NaN,  2.730382350375E-03,  3.732097770738E+16,  1.056674882124E+20,  4.401482147080E+20,  6.215529616359E+17,  1.540153804136E+20,  5.434680695093E+19,  9.458325342379E+12,  3.242383040091E+02,  4.047515519348E+00,  3.101909003201E+02,NaN,  9.999886350489E+00,NaN,  1.819173534605E-06,  4.239016530785E-02,NaN,  4.285491177014E+06,  5.995388941565E-07
  3.745826920197E+02,  3.003627608282E+03,  3.165938026936E+03,  2.467371063681E+05,  2.477804575128E+05,  9.918599818371E+02,  6.896739128518E-01,NaN,NaN,  2.762874901085E-03,  3.850510406508E+16,  1.045591750458E+20,  4.412563138662E+20,  6.455064895686E+17,  1.539677755082E+20,  5.438770308991E+19,  9.481765589532E+12,  3.250895605720E+02,  4.117853669670E+00,  3.109718242545E+02,NaN,  9.999880824205E+00,NaN,  1.823681930724E-06,  4.238878270586E-02,NaN,  4.315767988230E+06,  6.082023255170E-07
  3.933179988706E+02,  2.992017433904E+03,  3.150919049134E+03,  2.386694804692E+05,  2.397119368335E+05,  9.918599818371E+02,  6.804444202561E-01,NaN,NaN,  2.796280373411E-03,  3.958879628016E+16,  1.035428463880E+20,  4.422725568528E+20,  6.677144702059E+17,  1.539250463168E+20,  5.442615295419E+19,  9.505952327694E+12,  3.258718797417E+02,  4.183989567416E+00,  3.116880132935E+02,NaN,  9.999875052395E+00,NaN,  1.828333903707E-06,  4.238739935788E-02,NaN,  4.346407463253E+06,  6.172889037038E-07
  4.130266844287E+02,  2.980210611919E+03,  3.135549869595E+03,  2.303771086175E+05,  2.314183058612E+05,  9.918599818371E+02,  6.709622813698E-01,NaN,NaN,  2.831986589972E-03,  4.086555712180E+16,  1.023429032426E+20,  4.434722537788E+20,  6.942294525994E+17,  1.538707438022E+20,  5.447265777168E+19,  9.531038290911E+12,  3.267973330043E+02,  4.263972158926E+00,  3.125334900151E+02,NaN,  9.999868997150E+00,NaN,  1.833158829761E-06,  4.238563244848E-02,NaN,  4.377524401633E+06,  6.268632617190E-07
  4.336801293261E+02,  2.968154767639E+03,  3.119896532606E+03,  2.221102891416E+05,  2.231503611439E+05,  9.918599818371E+02,  6.612603503768E-01,NaN,NaN,  2.869364653583E-03,  4.218579188580E+16,  1.010992388703E+20,  4.447156570382E+20,  7.220636468533E+17,  1.538127976004E+20,  5.452222811814E+19,  9.556937314633E+12,  3.277588588829E+02,  4.349225953070E+00,  3.134097684223E+02,NaN,  9.999862669410E+00,NaN,  1.838140136369E-06,  4.238363643675E-02,NaN,  4.408973078386E+06,  6.369133889695E-07
  4.553981392242E+02,  2.955814089060E+03,  3.103913421125E+03,  2.138518057896E+05,  2.148907380213E+05,  9.918599818371E+02,  6.513110545286E-01,NaN,NaN,  2.908636625156E-03,  4.355620246899E+16,  9.980522424282E+19,  4.460093925123E+20,  7.514178825898E+17,  1.537506149356E+20,  5.457534672479E+19,  9.583765090204E+12,  3.287619568641E+02,  4.440580934742E+00,  3.143215180514E+02,NaN,  9.999856034709E+00,NaN,  1.843300075105E-06,  4.238137560784E-02,NaN,  4.440833609004E+06,  6.474996231855E-07
  4.782518262868E+02,  2.943078316962E+03,  3.087597138150E+03,  2.058104958803E+05,  2.068483376989E+05,  9.918599818371E+02,  6.411064196401E-01,NaN,NaN,  2.949213286683E-03,  4.482713737861E+16,  9.860231929782E+19,  4.472121506388E+20,  7.790780254928E+17,  1.536932224878E+20,  5.462624151463E+19,  9.611561613006E+12,  3.296971197787E+02,  4.528116727070E+00,  3.151691521293E+02,NaN,  9.999849073715E+00,NaN,  1.848646338508E-06,  4.237909369206E-02,NaN,  4.473100083021E+06,  6.586595162513E-07
  5.023488908490E+02,  2.930138237902E+03,  3.070925522684E+03,  1.975839186484E+05,  1.986205927290E+05,  9.918599818371E+02,  6.306370558359E-01,NaN,NaN,  2.992685842705E-03,  4.630257234128E+16,  9.720242642624E+19,  4.486117271338E+20,  8.117257221059E+17,  1.536216483780E+20,  5.468727545362E+19,  9.640455727226E+12,  3.307884179739E+02,  4.633081999971E+00,  3.161554923632E+02,NaN,  9.999841756545E+00,NaN,  1.854203707915E-06,  4.237622582497E-02,NaN,  4.505803037061E+06,  6.704475926080E-07
  5.275316145667E+02,  2.916895772151E+03,  3.054056787108E+03,  1.896708214812E+05,  1.907063671111E+05,  9.918599818371E+02,  6.199969807182E-01,NaN,NaN,  3.037242409341E-03,  4.765590693961E+16,  9.591514211524E+19,  4.498988414919E+20,  8.422035968388E+17,  1.535560271446E+20,  5.474529752147E+19,  9.670207192141E+12,  3.317952852672E+02,  4.732873459404E+00,  3.170625758142E+02,NaN,  9.999834133680E+00,NaN,  1.859925976459E-06,  4.237336578862E-02,NaN,  4.538622117638E+06,  6.827898730567E-07
  5.539110766815E+02,  2.903434829825E+03,  3.036963815525E+03,  1.818611262123E+05,  1.828955406370E+05,  9.918599818371E+02,  6.091694934916E-01,NaN,NaN,  3.083791196176E-03,  4.904256963011E+16,  9.459293945403E+19,  4.512208673960E+20,  8.739767771486E+17,  1.534864538776E+20,  5.480682156743E+19,  9.700952904699E+12,  3.328327777600E+02,  4.838686824521E+00,  3.179942628953E+02,NaN,  9.999826174332E+00,NaN,  1.865839474310E-06,  4.237020361545E-02,NaN,  4.571603291170E+06,  6.957423788992E-07
  5.816880395155E+02,  2.889807515434E+03,  3.019569804816E+03,  1.739221223758E+05,  1.749553540417E+05,  9.918599818371E+02,  5.981116272855E-01,NaN,NaN,  3.133595703412E-03,  5.063324557725E+16,  9.307212012300E+19,  4.527413382711E+20,  9.111190288860E+17,  1.534007964899E+20,  5.488005313398E+19,  9.732944111066E+12,  3.340302477509E+02,  4.964625590500E+00,  3.190658024674E+02,NaN,  9.999817820950E+00,NaN,  1.871992525073E-06,  4.236628171059E-02,NaN,  4.604885526472E+06,  7.094068918857E-07
  6.107951010970E+02,  2.875863897905E+03,  3.001973074605E+03,  1.663109452977E+05,  1.673430368744E+05,  9.918599818371E+02,  5.868761581179E-01,NaN,NaN,  3.184748551522E-03,  5.209762890142E+16,  9.166823583648E+19,  4.541450260387E+20,  9.460070358049E+17,  1.533213386727E+20,  5.495023708616E+19,  9.766072367383E+12,  3.351401807516E+02,  5.085329688507E+00,  3.200550400875E+02,NaN,  9.999809097206E+00,NaN,  1.878364271123E-06,  4.236236359659E-02,NaN,  4.638272059086E+06,  7.237526246616E-07
  6.413419136714E+02,  2.861703359882E+03,  2.984161851405E+03,  1.588270699801E+05,  1.598580205751E+05,  9.918599818371E+02,  5.754586483532E-01,NaN,NaN,  3.238274586706E-03,  5.359490963568E+16,  9.022900694218E+19,  4.555840522740E+20,  9.823904262399E+17,  1.532369276357E+20,  5.502483745622E+19,  9.800502218414E+12,  3.362826119839E+02,  5.213627917759E+00,  3.210691822074E+02,NaN,  9.999799973738E+00,NaN,  1.884986360291E-06,  4.235804395321E-02,NaN,  4.671778755591E+06,  7.388358073757E-07
  6.734209245610E+02,  2.847442207393E+03,  2.966139329071E+03,  1.512805696674E+05,  1.523103334843E+05,  9.918599818371E+02,  5.638666375142E-01,NaN,NaN,  3.295386262390E-03,  5.529002323752E+16,  8.859490615801E+19,  4.572177793431E+20,  1.024476652438E+18,  1.531343585734E+20,  5.511289232827E+19,  9.836396598372E+12,  3.375853848603E+02,  5.365054374080E+00,  3.222205381677E+02,NaN,  9.999790426606E+00,NaN,  1.891890130641E-06,  4.235275925573E-02,NaN,  4.705393007883E+06,  7.547049239173E-07
  7.071272527425E+02,  2.832853685732E+03,  2.947912120517E+03,  1.440737720163E+05,  1.451023976672E+05,  9.918599818371E+02,  5.520959533802E-01,NaN,NaN,  3.354152663157E-03,  5.685380273255E+16,  8.708300972876E+19,  4.587294599256E+20,  1.064196546999E+18,  1.530382794351E+20,  5.519786196492E+19,  9.873872272300E+12,  3.387968473787E+02,  5.511182195999E+00,  3.232858828521E+02,NaN,  9.999780431518E+00,NaN,  1.899098040258E-06,  4.234747378415E-02,NaN,  4.739096195488E+06,  7.714094471600E-07
  7.425262067209E+02,  2.818070642052E+03,  2.929506875417E+03,  1.370254509087E+05,  1.380529504864E+05,  9.918599818371E+02,  5.401670546972E-01,NaN,NaN,  3.415658748293E-03,  5.844569904497E+16,  8.553956396196E+19,  4.602726865083E+20,  1.105547570519E+18,  1.529362386521E+20,  5.528821117672E+19,  9.913093516537E+12,  3.400397913113E+02,  5.666560105721E+00,  3.243734593255E+02,NaN,  9.999769973520E+00,NaN,  1.906641685347E-06,  4.234167328558E-02,NaN,  4.772833635458E+06,  7.889833951519E-07
  7.796884086508E+02,  2.803110696142E+03,  2.910948657058E+03,  1.301497154715E+05,  1.311760804925E+05,  9.918599818371E+02,  5.280964168975E-01,NaN,NaN,  3.479987906301E-03,  6.006208711518E+16,  8.396784900740E+19,  4.618441808475E+20,  1.148525123042E+18,  1.528280093197E+20,  5.538418311384E+19,  9.954231318056E+12,  3.413123243775E+02,  5.831606154795E+00,  3.254809572719E+02,NaN,  9.999759036280E+00,NaN,  1.914553952803E-06,  4.233532387105E-02,NaN,  4.806555294576E+06,  8.074634747567E-07
  8.188540087076E+02,  2.788053008211E+03,  2.892183925556E+03,  1.232342541562E+05,  1.242594408431E+05,  9.918599818371E+02,  5.158559483622E-01,NaN,NaN,  3.548930902756E-03,  6.188397114584E+16,  8.219078415190E+19,  4.636208468378E+20,  1.198209937556E+18,  1.526967064416E+20,  5.549772736101E+19,  9.997702004637E+12,  3.427596566092E+02,  6.026858849448E+00,  3.267330482828E+02,NaN,  9.999747554057E+00,NaN,  1.922914917318E-06,  4.232758798574E-02,NaN,  4.840353761565E+06,  8.269711152981E-07
  8.600092875658E+02,  2.772712623737E+03,  2.873288578162E+03,  1.166991162249E+05,  1.177231759916E+05,  9.918599818371E+02,  5.034858431861E-01,NaN,NaN,  3.619727571646E-03,  6.355613353262E+16,  8.055463142572E+19,  4.652567720506E+20,  1.245049801589E+18,  1.525731696701E+20,  5.560748861989E+19,  1.004357912484E+13,  3.441013052899E+02,  6.215614454732E+00,  3.278859533671E+02,NaN,  9.999735536292E+00,NaN,  1.931738724904E-06,  4.231988902595E-02,NaN,  4.874088236166E+06,  8.475002501414E-07
  9.030917876427E+02,  2.757278951383E+03,  2.854353869056E+03,  1.103879315275E+05,  1.114108783681E+05,  9.918599818371E+02,  4.910500091700E-01,NaN,NaN,  3.693471275241E-03,  6.523561471683E+16,  7.890635176221E+19,  4.669048315207E+20,  1.293345223132E+18,  1.524430703685E+20,  5.572339040927E+19,  1.009198937544E+13,  3.454620633698E+02,  6.414928450781E+00,  3.290474099714E+02,NaN,  9.999723006562E+00,NaN,  1.941049743875E-06,  4.231154935078E-02,NaN,  4.907595716361E+06,  8.690189027693E-07
  9.482478504682E+02,  2.741873623948E+03,  2.835375082351E+03,  1.041094134119E+05,  1.051312147164E+05,  9.918599818371E+02,  4.785515583187E-01,NaN,NaN,  3.772052040461E-03,  6.710102717707E+16,  7.706971178651E+19,  4.687410802639E+20,  1.348526021851E+18,  1.522873064046E+20,  5.585916512143E+19,  1.014333485768E+13,  3.469896065498E+02,  6.648403224957E+00,  3.303414914463E+02,NaN,  9.999709927690E+00,NaN,  1.950925312650E-06,  4.230153628501E-02,NaN,  4.940886506875E+06,  8.915987012929E-07
  9.963790185816E+02,  2.726016311678E+03,  2.816055866208E+03,  9.812587557169E+04,  9.914657092900E+04,  9.918599818371E+02,  4.657896109383E-01,NaN,NaN,  3.853887945690E-03,  6.884372004377E+16,  7.534829450810E+19,  4.704622670703E+20,  1.401640081021E+18,  1.521368234699E+20,  5.599344595652E+19,  1.019882831746E+13,  3.484334995875E+02,  6.879317630099E+00,  3.315544839503E+02,NaN,  9.999696045502E+00,NaN,  1.961598685549E-06,  4.229138961180E-02,NaN,  4.974475422996E+06,  9.156902753132E-07
  1.046409262355E+03,  2.710223368167E+03,  2.796902697366E+03,  9.243816979919E+04,  9.345778831685E+04,  9.918599818371E+02,  4.531003464537E-01,NaN,NaN,  3.938342607024E-03,  7.056173168966E+16,  7.364595566649E+19,  4.721643984920E+20,  1.455565189020E+18,  1.519807320648E+20,  5.613334989132E+19,  1.025753295018E+13,  3.498736318533E+02,  7.119900877159E+00,  3.327540473258E+02,NaN,  9.999681677457E+00,NaN,  1.972889681612E-06,  4.228058979276E-02,NaN,  5.007481765933E+06,  9.407495914204E-07
  1.098752633487E+03,  2.694539352798E+03,  2.777805372346E+03,  8.681739632163E+04,  8.783591154721E+04,  9.918599818371E+02,  4.404196059438E-01,NaN,NaN,  4.028193621572E-03,  7.245430405586E+16,  7.176449151880E+19,  4.740454873103E+20,  1.516859777350E+18,  1.517949080630E+20,  5.629669762300E+19,  1.032026986911E+13,  3.514801808384E+02,  7.400782661667E+00,  3.340797294816E+02,NaN,  9.999666710143E+00,NaN,  1.984956230226E-06,  4.226772199319E-02,NaN,  5.040104372208E+06,  9.669785299444E-07
  1.153902411580E+03,  2.678618771327E+03,  2.758650765997E+03,  8.158083641076E+04,  8.259830918470E+04,  9.918599818371E+02,  4.276649305130E-01,NaN,NaN,  4.120261478085E-03,  7.417524629987E+16,  7.004806183880E+19,  4.757617287061E+20,  1.574448630648E+18,  1.516195922397E+20,  5.645461568515E+19,  1.038789159327E+13,  3.529612287044E+02,  7.672338949500E+00,  3.352892367474E+02,NaN,  9.999651009564E+00,NaN,  1.997962301228E-06,  4.225503422201E-02,NaN,  5.072540218276E+06,  9.946172562471E-07
  1.211844551441E+03,  2.662783040055E+03,  2.739517645675E+03,  7.639415767166E+04,  7.741057338477E+04,  9.918599818371E+02,  4.148985991955E-01,NaN,NaN,  4.218717156186E-03,  7.607847737127E+16,  6.814356041314E+19,  4.776658684849E+20,  1.640301598640E+18,  1.514095208980E+20,  5.664030721640E+19,  1.046086974609E+13,  3.546224368132E+02,  7.991636331860E+00,  3.366311638814E+02,NaN,  9.999634587876E+00,NaN,  2.011998604633E-06,  4.223985088769E-02,NaN,  5.104658821112E+06,  1.023647682758E-06
  1.272437642519E+03,  2.646857744036E+03,  2.720515490036E+03,  7.163660784298E+04,  7.265206696626E+04,  9.918599818371E+02,  4.021826461609E-01,NaN,NaN,  4.318497797641E-03,  7.777806994797E+16,  6.643730931936E+19,  4.793719613176E+20,  1.701189629328E+18,  1.512143811989E+20,  5.681713623360E+19,  1.053933639285E+13,  3.561288461539E+02,  8.295707604583E+00,  3.378335190294E+02,NaN,  9.999617492789E+00,NaN,  2.027090541310E-06,  4.222514473177E-02,NaN,  5.136283335744E+06,  1.053985284079E-06
  1.336079499637E+03,  2.631056131401E+03,  2.701579833938E+03,  6.693451172366E+04,  6.794890596921E+04,  9.918599818371E+02,  3.894935871449E-01,NaN,NaN,  4.425214183691E-03,  7.965423751837E+16,  6.454762347085E+19,  4.812613168871E+20,  1.770800744139E+18,  1.509806038933E+20,  5.702518299214E+19,  1.062438241433E+13,  3.578180689729E+02,  8.653440198391E+00,  3.391650271113E+02,NaN,  9.999599619794E+00,NaN,  2.043447926567E-06,  4.220758341497E-02,NaN,  5.167528796620E+06,  1.085815425487E-06
  1.403291725296E+03,  2.615187060176E+03,  2.682633676115E+03,  6.243243603839E+04,  6.344583588717E+04,  9.918599818371E+02,  3.767679666417E-01,NaN,NaN,  4.537317537436E-03,  8.153483044750E+16,  6.264702549462E+19,  4.831615907218E+20,  1.843309420422E+18,  1.507299603291E+20,  5.724876607168E+19,  1.071718270847E+13,  3.595416961024E+02,  9.037883456260E+00,  3.405042297525E+02,NaN,  9.999580832370E+00,NaN,  2.061296735208E-06,  4.218843017757E-02,NaN,  5.198526862668E+06,  1.119375251165E-06
  1.473647467137E+03,  2.599402815009E+03,  2.663868092556E+03,  5.817919596509E+04,  5.919162952659E+04,  9.918599818371E+02,  3.641418557115E-01,NaN,NaN,  4.653796966570E-03,  8.338841998748E+16,  6.076736570870E+19,  4.850409478368E+20,  1.917661482167E+18,  1.504655785807E+20,  5.748542686396E+19,  1.081771365384E+13,  3.612730654242E+02,  9.444810579597E+00,  3.418286915043E+02,NaN,  9.999561259667E+00,NaN,  2.080632423990E-06,  4.216788144488E-02,NaN,  5.228971756708E+06,  1.154426183379E-06
  1.547621173621E+03,  2.583655423339E+03,  2.645220210717E+03,  5.414687432038E+04,  5.515835393565E+04,  9.918599818371E+02,  3.515691383745E-01,NaN,NaN,  4.775383809874E-03,  8.522564397201E+16,  5.889804974124E+19,  4.869099766614E+20,  1.994405090454E+18,  1.501846452272E+20,  5.773765051272E+19,  1.092724892890E+13,  3.630239112697E+02,  9.878493911521E+00,  3.431458744769E+02,NaN,  9.999540779516E+00,NaN,  2.101699966741E-06,  4.214571283286E-02,NaN,  5.258974778352E+06,  1.191174113965E-06
  1.625241614384E+03,  2.567993949434E+03,  2.626749709406E+03,  5.034253460973E+04,  5.135309983686E+04,  9.918599818371E+02,  3.390955078521E-01,NaN,NaN,  4.901902413050E-03,  8.703631791395E+16,  5.704963550210E+19,  4.887581240084E+20,  2.073249000957E+18,  1.498875109909E+20,  5.800529419270E+19,  1.104647597108E+13,  3.647865508693E+02,  1.033868795338E+01,  3.444483413968E+02,NaN,  9.999519394473E+00,NaN,  2.124631582211E-06,  4.212192895038E-02,NaN,  5.288448881505E+06,  1.229596012813E-06
  1.706580218178E+03,  2.552456085108E+03,  2.608500742173E+03,  4.676660401039E+04,  4.777628459631E+04,  9.918599818371E+02,  3.267516141514E-01,NaN,NaN,  5.033240378503E-03,  8.881343237977E+16,  5.522956550886E+19,  4.905779501051E+20,  2.153986792352E+18,  1.495742710406E+20,  5.828841346945E+19,  1.117616918763E+13,  3.665558366730E+02,  1.082548828332E+01,  3.457308491441E+02,NaN,  9.999497095942E+00,NaN,  2.149576216554E-06,  4.209652174979E-02,NaN,  5.317334351588E+06,  1.269682831382E-06
  1.792859629347E+03,  2.537021299297E+03,  2.590277368704E+03,  4.321537055031E+04,  4.422413672398E+04,  9.918599818371E+02,  3.144120763462E-01,NaN,NaN,  5.175831854727E-03,  9.077738185724E+16,  5.321128294599E+19,  4.925958073496E+20,  2.247387498197E+18,  1.491945314296E+20,  5.862726987858E+19,  1.131918113516E+13,  3.685604893219E+02,  1.140809583831E+01,  3.471529177439E+02,NaN,  9.999473562603E+00,NaN,  2.177082518216E-06,  4.206583934904E-02,NaN,  5.345948904222E+06,  1.311981171163E-06
  1.882512374381E+03,  2.521736420957E+03,  2.572470242154E+03,  4.006829690096E+04,  4.107623728933E+04,  9.918599818371E+02,  3.023329916204E-01,NaN,NaN,  5.317971201912E-03,  9.248780932676E+16,  5.144764397227E+19,  4.943592463198E+20,  2.332662645655E+18,  1.488420577027E+20,  5.894781662925E+19,  1.147348654412E+13,  3.703543799988E+02,  1.195924143953E+01,  3.483956871192E+02,NaN,  9.999449233283E+00,NaN,  2.206760955577E-06,  4.203657374278E-02,NaN,  5.373690079522E+06,  1.355668585981E-06
  1.977040713717E+03,  2.506680134893E+03,  2.554837966524E+03,  3.696785449782E+04,  3.797494790898E+04,  9.918599818371E+02,  2.903602234660E-01,NaN,NaN,  5.471318138354E-03,  9.436079539179E+16,  4.951011039919E+19,  4.962964089290E+20,  2.430594508936E+18,  1.484182363637E+20,  5.932867127765E+19,  1.164262191900E+13,  3.723743624789E+02,  1.261404969869E+01,  3.497608868264E+02,NaN,  9.999423714542E+00,NaN,  2.239291724674E-06,  4.200156957133E-02,NaN,  5.400947302229E+06,  1.401395903788E-06
  2.076265864435E+03,  2.491660701734E+03,  2.537475928029E+03,  3.420673812160E+04,  3.521306293400E+04,  9.918599818371E+02,  2.785537915554E-01,NaN,NaN,  5.625322992009E-03,  9.600445559991E+16,  4.780434433165E+19,  4.980020161691E+20,  2.520856386557E+18,  1.480205814499E+20,  5.969240808131E+19,  1.182694023920E+13,  3.742017464558E+02,  1.323944735624E+01,  3.509628997568E+02,NaN,  9.999397067993E+00,NaN,  2.274742716039E-06,  4.196793487968E-02,NaN,  5.427583425960E+06,  1.449006193607E-06
  2.181228419029E+03,  2.476864696769E+03,  2.520277609217E+03,  3.147922330506E+04,  3.248476565890E+04,  9.918599818371E+02,  2.668505791281E-01,NaN,NaN,  5.792208737569E-03,  9.781167713842E+16,  4.592293689369E+19,  4.998830925286E+20,  2.625157852348E+18,  1.475394281650E+20,  6.012742783143E+19,  1.202958100807E+13,  3.762753169062E+02,  1.398737242796E+01,  3.522885731324E+02,NaN,  9.999369032148E+00,NaN,  2.313717768220E-06,  4.192752023133E-02,NaN,  5.453771685653E+06,  1.498889269943E-06
  2.290913349531E+03,  2.462337916167E+03,  2.503470283734E+03,  2.896545638097E+04,  2.997027140595E+04,  9.918599818371E+02,  2.554705589911E-01,NaN,NaN,  5.964205828695E-03,  9.954766190722E+16,  4.410985621833E+19,  5.016958844607E+20,  2.730864831435E+18,  1.470355669953E+20,  6.058486814296E+19,  1.224938704376E+13,  3.783393077271E+02,  1.477384186626E+01,  3.535661236090E+02,NaN,  9.999339895881E+00,NaN,  2.355994313845E-06,  4.188484666805E-02,NaN,  5.479177523422E+06,  1.550456519619E-06
  2.405709526505E+03,  2.448042100638E+03,  2.487026716033E+03,  2.666420326019E+04,  2.766833988803E+04,  9.918599818371E+02,  2.445712700207E-01,NaN,NaN,  6.140644183569E-03,  1.011903999687E+17,  4.238879484877E+19,  5.034167229545E+20,  2.836356236882E+18,  1.465170824101E+20,  6.105835002397E+19,  1.248810311130E+13,  3.803660754340E+02,  1.558789282135E+01,  3.547788706426E+02,NaN,  9.999309568205E+00,NaN,  2.401907933502E-06,  4.184053926778E-02,NaN,  5.503856503313E+06,  1.603810559110E-06
  2.526405851631E+03,  2.433914080771E+03,  2.470869855080E+03,  2.455057056837E+04,  2.555406526334E+04,  9.918599818371E+02,  2.341216068007E-01,NaN,NaN,  6.322225858775E-03,  1.027489088520E+17,  4.075101895426E+19,  5.050543386959E+20,  2.941800722698E+18,  1.459829728172E+20,  6.154897840119E+19,  1.274859787283E+13,  3.823636735035E+02,  1.643142608350E+01,  3.559329671133E+02,NaN,  9.999277854716E+00,NaN,  2.452010373303E-06,  4.179452852606E-02,NaN,  5.527936467949E+06,  1.659244327010E-06
  2.652781554806E+03,  2.420013139731E+03,  2.455065401959E+03,  2.262155351056E+04,  2.362444500100E+04,  9.918599818371E+02,  2.241483485048E-01,NaN,NaN,  6.507930646327E-03,  1.042154512290E+17,  3.920536726757E+19,  5.065998942579E+20,  3.046225604611E+18,  1.454383423451E+20,  6.205235987001E+19,  1.303172814220E+13,  3.843183222539E+02,  1.729689000415E+01,  3.570221849159E+02,NaN,  9.999244827312E+00,NaN,  2.506466429130E-06,  4.174726016397E-02,NaN,  5.551331072630E+06,  1.716575126871E-06
  2.785927320074E+03,  2.406387039013E+03,  2.439509654021E+03,  2.073902307773E+04,  2.174129981098E+04,  9.918599818371E+02,  2.145834196998E-01,NaN,NaN,  6.707885058712E-03,  1.057876837146E+17,  3.754324117249E+19,  5.082617988648E+20,  3.164198325524E+18,  1.447952544762E+20,  6.264225177801E+19,  1.334185261088E+13,  3.865036663273E+02,  1.831105477584E+01,  3.581933987685E+02,NaN,  9.999210216825E+00,NaN,  2.566114432919E-06,  4.169184767622E-02,NaN,  5.574204436487E+06,  1.776231094399E-06
  2.925348967569E+03,  2.392864060548E+03,  2.424301972558E+03,  1.912586461246E+04,  2.012761246948E+04,  9.918599818371E+02,  2.054363921405E-01,NaN,NaN,  6.903699943471E-03,  1.070950176258E+17,  3.615713031492E+19,  5.096479241555E+20,  3.267594535436E+18,  1.442212978287E+20,  6.317878492169E+19,  1.367890417253E+13,  3.884029600971E+02,  1.923352392064E+01,  3.591702593749E+02,NaN,  9.999174170643E+00,NaN,  2.630941477722E-06,  4.164144791723E-02,NaN,  5.596420623586E+06,  1.837881181845E-06
  3.073816899158E+03,  2.379487769259E+03,  2.409185350656E+03,  1.752382315292E+04,  1.852501542544E+04,  9.918599818371E+02,  1.965763628047E-01,NaN,NaN,  7.117730005549E-03,  1.085324322304E+17,  3.462864279617E+19,  5.111762887084E+20,  3.387162711820E+18,  1.435269185347E+20,  6.382187959039E+19,  1.405249943515E+13,  3.905856615749E+02,  2.033916092990E+01,  3.602473619527E+02,NaN,  9.999135989558E+00,NaN,  2.702797180483E-06,  4.158110313976E-02,NaN,  5.618362720733E+06,  1.902670682860E-06
  3.228448149786E+03,  2.366420106490E+03,  2.394499737070E+03,  1.607728628876E+04,  1.707796183540E+04,  9.918599818371E+02,  1.881853993225E-01,NaN,NaN,  7.335469824961E-03,  1.098727747171E+17,  3.319912191664E+19,  5.126057461731E+20,  3.504802953148E+18,  1.428209572916E+20,  6.447927882323E+19,  1.445726237504E+13,  3.927232554013E+02,  2.146939562188E+01,  3.612547605587E+02,NaN,  9.999096440100E+00,NaN,  2.780647539968E-06,  4.151951524771E-02,NaN,  5.639545789111E+06,  1.969215337312E-06
  3.390364955159E+03,  2.353586984096E+03,  2.380151489998E+03,  1.476144003450E+04,  1.576163661467E+04,  9.918599818371E+02,  1.801882483703E-01,NaN,NaN,  7.558268334710E-03,  1.111330955754E+17,  3.185107005716E+19,  5.139537846302E+20,  3.621311026728E+18,  1.420987372906E+20,  6.515522218540E+19,  1.489837736017E+13,  3.948353549217E+02,  2.263151702966E+01,  3.622047797766E+02,NaN,  9.999055250004E+00,NaN,  2.865489695174E-06,  4.145633028892E-02,NaN,  5.660116415929E+06,  2.037917863561E-06
  3.560253573668E+03,  2.340962655733E+03,  2.366103742466E+03,  1.356053792707E+04,  1.456027943759E+04,  9.918599818371E+02,  1.725375234924E-01,NaN,NaN,  7.786753361008E-03,  1.123230405914E+17,  3.057473063994E+19,  5.152301536082E+20,  3.737004119350E+18,  1.413580981183E+20,  6.585168204675E+19,  1.538043607527E+13,  3.969322222540E+02,  2.382891652960E+01,  3.631042905077E+02,NaN,  9.999012258502E+00,NaN,  2.958206790948E-06,  4.139140719225E-02,NaN,  5.680136839129E+06,  2.108974449716E-06
  3.742964537553E+03,  2.328256267333E+03,  2.352020034331E+03,  1.243294910481E+04,  1.343225025146E+04,  9.918599818371E+02,  1.650675696368E-01,NaN,NaN,  8.027686797980E-03,  1.134851098239E+17,  2.932485378823E+19,  5.164800890403E+20,  3.855773031941E+18,  1.405720421365E+20,  6.659354206217E+19,  1.592113661155E+13,  3.990885143605E+02,  2.510437260812E+01,  3.639851724108E+02,NaN,  9.998966279390E+00,NaN,  3.062202801884E-06,  4.132248194046E-02,NaN,  5.700090982680E+06,  2.184261146427E-06
  3.930453405565E+03,  2.316035037640E+03,  2.338548962133E+03,  1.143752000764E+04,  1.243642570354E+04,  9.918599818371E+02,  1.581031317131E-01,NaN,NaN,  8.267393876327E-03,  1.145373773657E+17,  2.819005595494E+19,  5.176149996068E+20,  3.968674345142E+18,  1.398019149540E+20,  6.732492389998E+19,  1.650023164187E+13,  4.011457421761E+02,  2.636182818340E+01,  3.647849914687E+02,NaN,  9.998919350468E+00,NaN,  3.173583444338E-06,  4.125478357429E-02,NaN,  5.719067967531E+06,  2.260346954234E-06
  4.127640295960E+03,  2.303997738181E+03,  2.325336099492E+03,  1.052733932679E+04,  1.152586886750E+04,  9.918599818371E+02,  1.514253983438E-01,NaN,NaN,  8.513178375174E-03,  1.155315041406E+17,  2.711525969875E+19,  5.186899412771E+20,  4.080390469142E+18,  1.390163475626E+20,  6.807433557104E+19,  1.713623178109E+13,  4.031917126816E+02,  2.765029119369E+01,  3.655425479311E+02,NaN,  9.998870260867E+00,NaN,  3.295908970201E-06,  4.118569833507E-02,NaN,  5.737578396468E+06,  2.339129569911E-06
  4.337198652875E+03,  2.292146240864E+03,  2.312249431859E+03,  9.611246784903E+03,  1.060938069808E+04,  9.918599818371E+02,  1.449947884410E-01,NaN,NaN,  8.784854251050E-03,  1.166477343367E+17,  2.590521616073E+19,  5.198999934320E+20,  4.212017166227E+18,  1.380466238972E+20,  6.899016756878E+19,  1.784374796004E+13,  4.056189523449E+02,  2.922480811880E+01,  3.663953224167E+02,NaN,  9.998818377370E+00,NaN,  3.431989582936E-06,  4.110169756626E-02,NaN,  5.755812496526E+06,  2.421512389270E-06
  4.557342124314E+03,  2.280378335015E+03,  2.299436546529E+03,  8.848415238295E+03,  9.846218369313E+03,  9.918599818371E+02,  1.388452980466E-01,NaN,NaN,  9.046194849810E-03,  1.175380273896E+17,  2.493755487942E+19,  5.208678613177E+20,  4.322237801128E+18,  1.372183344982E+20,  6.978723521149E+19,  1.862175828324E+13,  4.076714110658E+02,  3.059522381663E+01,  3.670774194940E+02,NaN,  9.998764173521E+00,NaN,  3.581628735576E-06,  4.102896092948E-02,NaN,  5.773569926487E+06,  2.506674663964E-06
  4.786382903646E+03,  2.269039157128E+03,  2.287019668916E+03,  8.094956846351E+03,  9.092414871415E+03,  9.918599818371E+02,  1.330361397874E-01,NaN,NaN,  9.329036700584E-03,  1.185206545647E+17,  2.386687741631E+19,  5.219386141382E+20,  4.449524706877E+18,  1.362172392500E+20,  7.074050594140E+19,  1.947103688953E+13,  4.100648604827E+02,  3.223412474950E+01,  3.678320238985E+02,NaN,  9.998708089723E+00,NaN,  3.744975322645E-06,  4.094247202335E-02,NaN,  5.790689363099E+06,  2.593764063931E-06
  5.026171106904E+03,  2.257811077110E+03,  2.274897661596E+03,  7.477661911625E+03,  8.474836837699E+03,  9.918599818371E+02,  1.275127964935E-01,NaN,NaN,  9.597071342954E-03,  1.192794797889E+17,  2.303806265920E+19,  5.227676974069E+20,  4.552348673695E+18,  1.353958602305E+20,  7.153947057099E+19,  2.040371553282E+13,  4.120228055180E+02,  3.360783825929E+01,  3.684163136376E+02,NaN,  9.998649696758E+00,NaN,  3.924362713408E-06,  4.087038548355E-02,NaN,  5.807318239320E+06,  2.683424886607E-06
  5.278375418430E+03,  2.246878891652E+03,  2.263014898445E+03,  6.850243654502E+03,  7.847114174587E+03,  9.918599818371E+02,  1.222203329844E-01,NaN,NaN,  9.893258100738E-03,  1.201533417345E+17,  2.208138679563E+19,  5.237245003095E+20,  4.675701388313E+18,  1.343634287919E+20,  7.253023618936E+19,  2.143614937209E+13,  4.144004323407E+02,  3.531122684546E+01,  3.690906127574E+02,NaN,  9.998588614883E+00,NaN,  4.122936588660E-06,  4.078155274132E-02,NaN,  5.823538957093E+06,  2.776080790851E-06
  5.555034059150E+03,  2.235694268096E+03,  2.250888852568E+03,  6.248636811431E+03,  7.245206134177E+03,  9.918599818371E+02,  1.169743893353E-01,NaN,NaN,  1.021298832191E-02,  1.210278979249E+17,  2.112153071844E+19,  5.246844959751E+20,  4.805002753187E+18,  1.332415596601E+20,  7.360922107934E+19,  2.263023112843E+13,  4.169319767875E+02,  3.716628847235E+01,  3.697671619513E+02,NaN,  9.998522011323E+00,NaN,  4.352601127641E-06,  4.068550179630E-02,NaN,  5.840010755843E+06,  2.875844163825E-06
  5.841765333906E+03,  2.224880055185E+03,  2.239209774673E+03,  5.712591631511E+03,  6.708886797470E+03,  9.918599818371E+02,  1.120376580555E-01,NaN,NaN,  1.053546721595E-02,  1.218318361129E+17,  2.023696940278E+19,  5.255692222242E+20,  4.929418160407E+18,  1.321243385373E+20,  7.468829671847E+19,  2.393824899409E+13,  4.194106477503E+02,  3.902152412738E+01,  3.703906656316E+02,NaN,  9.998453387141E+00,NaN,  4.604179646867E-06,  4.059016859524E-02,NaN,  5.855798596171E+06,  2.977262339974E-06
  6.136731801477E+03,  2.214484006694E+03,  2.228028375106E+03,  5.239643432061E+03,  6.235687149782E+03,  9.918599818371E+02,  1.074409833077E-01,NaN,NaN,  1.085691193834E-02,  1.225590451366E+17,  1.943493253849E+19,  5.263714512129E+20,  5.046851173669E+18,  1.310353008712E+20,  7.574538544858E+19,  2.536210959462E+13,  4.217934027315E+02,  4.083898462971E+01,  3.709560300337E+02,NaN,  9.998383189990E+00,NaN,  4.878038858481E-06,  4.049748475123E-02,NaN,  5.870843559360E+06,  3.079609983914E-06
  6.445003256707E+03,  2.204332956032E+03,  2.217146083639E+03,  4.811885488942E+03,  5.807697228262E+03,  9.918599818371E+02,  1.030738738992E-01,NaN,NaN,  1.118379397733E-02,  1.232359885532E+17,  1.868666611298E+19,  5.271199266883E+20,  5.160611964152E+18,  1.299465178574E+20,  7.680643425096E+19,  2.693863794080E+13,  4.241451034260E+02,  4.266327591828E+01,  3.714835120815E+02,NaN,  9.998310245023E+00,NaN,  5.181261526354E-06,  4.040515994760E-02,NaN,  5.885420652693E+06,  3.184495508313E-06
  6.768498639275E+03,  2.194381715235E+03,  2.206511138725E+03,  4.423228259546E+03,  5.418820812667E+03,  9.918599818371E+02,  9.891733934456E-02,NaN,NaN,  1.151728458689E-02,  1.238681436402E+17,  1.798641192037E+19,  5.278204051692E+20,  5.270949897585E+18,  1.288577191282E+20,  7.787176194335E+19,  2.869473213565E+13,  4.264703580576E+02,  4.449494978021E+01,  3.719771686348E+02,NaN,  9.998234123569E+00,NaN,  5.519021115701E-06,  4.031317442875E-02,NaN,  5.899604491940E+06,  3.292368735495E-06
  7.114493447726E+03,  2.184457902612E+03,  2.195930411703E+03,  4.060821315274E+03,  5.056205159467E+03,  9.918599818371E+02,  9.488252833793E-02,NaN,NaN,  1.186571248594E-02,  1.244776596120E+17,  1.730984015270E+19,  5.284972091279E+20,  5.381310574994E+18,  1.277343640909E+20,  7.897404045352E+19,  3.069334598582E+13,  4.288424743348E+02,  4.639017447532E+01,  3.724541407598E+02,NaN,  9.998153196321E+00,NaN,  5.903425890384E-06,  4.021874869014E-02,NaN,  5.913655665257E+06,  3.405319679216E-06
  7.470978547979E+03,  2.174915955814E+03,  2.185792397600E+03,  3.740743065711E+03,  4.735935395237E+03,  9.918599818371E+02,  9.111647260384E-02,NaN,NaN,  1.221175972282E-02,  1.250255012316E+17,  1.670053214971E+19,  5.291067648643E+20,  5.484054935314E+18,  1.266592482839E+20,  8.003473363419E+19,  3.288871913614E+13,  4.310957402927E+02,  4.821394341717E+01,  3.728837202432E+02,NaN,  9.998070306728E+00,NaN,  6.325674500903E-06,  4.012859983776E-02,NaN,  5.927062798085E+06,  3.519164811801E-06
  7.853768660988E+03,  2.165471358010E+03,  2.175671102534E+03,  3.395678231352E+03,  4.390655803259E+03,  9.918599818371E+02,  8.745502975933E-02,NaN,NaN,  1.261572036067E-02,  1.257068709502E+17,  1.594104976251E+19,  5.298663482393E+20,  5.616394533546E+18,  1.252033182481E+20,  8.144929061052E+19,  3.541240203845E+13,  4.340629721320E+02,  5.064595300328E+01,  3.734190304934E+02,NaN,  9.997981824277E+00,NaN,  6.811068794229E-06,  4.000949391183E-02,NaN,  5.940393375476E+06,  3.638676706942E-06
  8.252615471594E+03,  2.156197713346E+03,  2.165867993033E+03,  3.128216909594E+03,  4.123023932880E+03,  9.918599818371E+02,  8.400025738753E-02,NaN,NaN,  1.298349055058E-02,  1.261900341876E+17,  1.540134732773E+19,  5.304063126689E+20,  5.713870879080E+18,  1.241136793158E+20,  8.253226844980E+19,  3.822950046578E+13,  4.363055648937E+02,  5.250810131617E+01,  3.737995660652E+02,NaN,  9.997890159418E+00,NaN,  7.352897365129E-06,  3.991911855150E-02,NaN,  5.953253327189E+06,  3.760377527866E-06
  8.667215279470E+03,  2.147321138756E+03,  2.156407001969E+03,  2.847913015849E+03,  3.842534189765E+03,  9.918599818371E+02,  8.074449427159E-02,NaN,NaN,  1.339950528062E-02,  1.267766485379E+17,  1.474480216324E+19,  5.310629770125E+20,  5.836000640020E+18,  1.226809140782E+20,  8.393323684142E+19,  4.137586343419E+13,  4.391769598913E+02,  5.491681150757E+01,  3.742623449591E+02,NaN,  9.997795466554E+00,NaN,  7.958055258859E-06,  3.980330189254E-02,NaN,  5.965616660825E+06,  3.883743163978E-06
  9.102095738026E+03,  2.138540183916E+03,  2.147175542920E+03,  2.632964774989E+03,  3.627440171832E+03,  9.918599818371E+02,  7.765842326766E-02,NaN,NaN,  1.377477897245E-02,  1.271774437273E+17,  1.429535764912E+19,  5.315126955848E+20,  5.922306689751E+18,  1.216579614157E+20,  8.496054162476E+19,  4.492608125941E+13,  4.412603232018E+02,  5.668333738812E+01,  3.745792804916E+02,NaN,  9.997696681138E+00,NaN,  8.640888855287E-06,  3.971910514742E-02,NaN,  5.977635032707E+06,  4.010073468818E-06
  9.576837676299E+03,  2.129742301357E+03,  2.137833248365E+03,  2.387651094282E+03,  3.381952960150E+03,  9.918599818371E+02,  7.460028020454E-02,NaN,NaN,  1.423238827367E-02,  1.277250943191E+17,  1.368008937044E+19,  5.321280833055E+20,  6.043464966677E+18,  1.201447931113E+20,  8.644698296754E+19,  4.911789374582E+13,  4.442496317101E+02,  5.923906274545E+01,  3.750129700188E+02,NaN,  9.997589498748E+00,NaN,  9.447124003822E-06,  3.959844130495E-02,NaN,  5.989752685703E+06,  4.144295568414E-06
  1.005575318681E+04,  2.121395687019E+03,  2.129100474089E+03,  2.213737299823E+03,  3.208233126196E+03,  9.918599818371E+02,  7.182095911021E-02,NaN,NaN,  1.461786170233E-02,  1.280564582304E+17,  1.330718055933E+19,  5.325012681912E+20,  6.119270550971E+18,  1.191963122474E+20,  8.741043450971E+19,  5.368710347207E+13,  4.461693821933E+02,  6.089592078662E+01,  3.752759690537E+02,NaN,  9.997482026976E+00,NaN,  1.032594611103E-05,  3.952090016427E-02,NaN,  6.001039019544E+06,  4.275926213625E-06
  1.056456024924E+04,  2.113238343202E+03,  2.120482006172E+03,  2.017683858163E+03,  3.011712542464E+03,  9.918599818371E+02,  6.914664859731E-02,NaN,NaN,  1.507837035662E-02,  1.285134646936E+17,  1.279196385456E+19,  5.330166106318E+20,  6.225892331858E+18,  1.177877206625E+20,  8.880432974275E+19,  5.896713933074E+13,  4.489291751775E+02,  6.329264289816E+01,  3.756391524776E+02,NaN,  9.997368460261E+00,NaN,  1.134148545316E-05,  3.940972645686E-02,NaN,  6.012139243937E+06,  4.412040286615E-06
  1.110347233596E+04,  2.105224283304E+03,  2.112030342134E+03,  1.837607800213E+03,  2.831496174487E+03,  9.918599818371E+02,  6.659295266130E-02,NaN,NaN,  1.555579328933E-02,  1.289434695019E+17,  1.230628041355E+19,  5.335024170759E+20,  6.329148916344E+18,  1.163789255597E+20,  9.020240810436E+19,  6.505033938746E+13,  4.516753901645E+02,  6.569660809863E+01,  3.759815206464E+02,NaN,  9.997248907966E+00,NaN,  1.251150193582E-05,  3.929935339166E-02,NaN,  6.022987795180E+06,  4.551873708808E-06
  1.167023462636E+04,  2.097409936613E+03,  2.103806388166E+03,  1.674360999909E+03,  2.668116727950E+03,  9.918599818371E+02,  6.417858696284E-02,NaN,NaN,  1.604498463923E-02,  1.293415247547E+17,  1.185586632171E+19,  5.339529515265E+20,  6.427331656880E+18,  1.149969458023E+20,  9.157855392562E+19,  7.203151148986E+13,  4.543590952673E+02,  6.806292635850E+01,  3.762990311626E+02,NaN,  9.997123891940E+00,NaN,  1.385423049182E-05,  3.919180566776E-02,NaN,  6.033509217501E+06,  4.694345464294E-06
  1.226662247132E+04,  2.089796708633E+03,  2.095807309785E+03,  1.525516693125E+03,  2.519148220736E+03,  9.918599818371E+02,  6.187237669657E-02,NaN,NaN,  1.654818000380E-02,  1.297129989625E+17,  1.143479763665E+19,  5.343741320192E+20,  6.521255728072E+18,  1.136336655989E+20,  9.293995447218E+19,  8.006754866764E+13,  4.569968163064E+02,  7.040395306370E+01,  3.765958547140E+02,NaN,  9.996993128868E+00,NaN,  1.539984725036E-05,  3.908646462032E-02,NaN,  6.043710134791E+06,  4.839345555116E-06
  1.289223799923E+04,  2.082405140249E+03,  2.088057295193E+03,  1.391500378306E+03,  2.385016241831E+03,  9.918599818371E+02,  5.970675693902E-02,NaN,NaN,  1.706003903023E-02,  1.300520520703E+17,  1.104984145825E+19,  5.347591951070E+20,  6.608971111493E+18,  1.123236507186E+20,  9.425355091024E+19,  8.931040546020E+13,  4.595269670848E+02,  7.266286833887E+01,  3.768672248159E+02,NaN,  9.996856752394E+00,NaN,  1.717757849268E-05,  3.898580118237E-02,NaN,  6.053562719380E+06,  4.986228021352E-06
  1.354884503614E+04,  2.075232675083E+03,  2.080550367631E+03,  1.270311658183E+03,  2.263718550858E+03,  9.918599818371E+02,  5.765731049965E-02,NaN,NaN,  1.758175527958E-02,  1.303629284804E+17,  1.069632544414E+19,  5.351128085475E+20,  6.691085102896E+18,  1.110632770904E+20,  9.552225265754E+19,  9.997025894766E+13,  4.619578406451E+02,  7.484467599759E+01,  3.771164310328E+02,NaN,  9.996714386903E+00,NaN,  1.922784877259E-05,  3.888947855273E-02,NaN,  6.063077581240E+06,  5.134852012627E-06
  1.422976726761E+04,  2.068362770611E+03,  2.073374586440E+03,  1.162749484428E+03,  2.156057296153E+03,  9.918599818371E+02,  5.573826217528E-02,NaN,NaN,  1.810332041715E-02,  1.306402201805E+17,  1.038055324890E+19,  5.354286690185E+20,  6.765757772995E+18,  1.098890936121E+20,  9.671011068410E+19,  1.121237075360E+14,  4.642231963139E+02,  7.688757600783E+01,  3.773390311494E+02,NaN,  9.996567591280E+00,NaN,  2.156539069738E-05,  3.880008342584E-02,NaN,  6.072146450086E+06,  5.283087857865E-06
  1.494275028447E+04,  2.061816521037E+03,  2.066453665251E+03,  1.038645451413E+03,  2.031833064139E+03,  9.918599818371E+02,  5.395005101864E-02,NaN,NaN,  1.875135126570E-02,  1.310294442171E+17,  9.936565444358E+18,  5.358725939880E+20,  6.872244809170E+18,  1.081235982983E+20,  9.845610189704E+19,  1.261503699537E+14,  4.675381241567E+02,  7.988980146668E+01,  3.776518836871E+02,NaN,  9.996414739631E+00,NaN,  2.426321849728E-05,  3.867011321320E-02,NaN,  6.080868998054E+06,  5.432082109086E-06
  1.569455483443E+04,  2.055344266773E+03,  2.059716319789E+03,  9.515037986085E+02,  1.944604609238E+03,  9.918599818371E+02,  5.224123108446E-02,NaN,NaN,  1.929852796705E-02,  1.312566674706E+17,  9.676923425521E+18,  5.361322993633E+20,  6.935815886548E+18,  1.070612492799E+20,  9.954112288801E+19,  1.424856053402E+14,  4.695872664573E+02,  8.175607578046E+01,  3.778349089533E+02,NaN,  9.996254318438E+00,NaN,  2.740506727293E-05,  3.859011753787E-02,NaN,  6.089337427249E+06,  5.583107440858E-06
  1.649490447334E+04,  2.049018493093E+03,  2.053139943741E+03,  8.715776395021E+02,  1.864597008573E+03,  9.918599818371E+02,  5.060311764914E-02,NaN,NaN,  1.986064343232E-02,  1.314658034658E+17,  9.437694854125E+18,  5.363715715570E+20,  6.995211144619E+18,  1.060497802760E+20,  1.005790187219E+20,  1.616738466868E+14,  4.715410892741E+02,  8.354143960115E+01,  3.780035340998E+02,NaN,  9.996084477492E+00,NaN,  3.109565091959E-05,  3.851416659941E-02,NaN,  6.097581962315E+06,  5.736514054119E-06
  1.738627598171E+04,  2.042682447472E+03,  2.046457493032E+03,  7.681234653074E+02,  1.761031884263E+03,  9.918599818371E+02,  4.899602948676E-02,NaN,NaN,  2.064146204264E-02,  1.318152140737E+17,  9.037411410780E+18,  5.367717259537E+20,  7.095433066113E+18,  1.042411294916E+20,  1.023763115902E+20,  1.853936956574E+14,  4.749136248351E+02,  8.663215314582E+01,  3.782855396799E+02,NaN,  9.995896351548E+00,NaN,  3.565782444716E-05,  3.838403679723E-02,NaN,  6.105937741168E+06,  5.898771567727E-06
  1.826621087316E+04,  2.036838841274E+03,  2.040406320638E+03,  7.062886912806E+02,  1.699129068982E+03,  9.918599818371E+02,  4.757358482005E-02,NaN,NaN,  2.121429029214E-02,  1.319707101531E+17,  8.858980594523E+18,  5.369501667239E+20,  7.140939266041E+18,  1.034253858253E+20,  1.032282814962E+20,  2.114668391457E+14,  4.765051445714E+02,  8.809809808039E+01,  3.784112943718E+02,NaN,  9.995711446529E+00,NaN,  4.067262050047E-05,  3.832287118776E-02,NaN,  6.113485332701E+06,  6.051527436375E-06
  1.918475526827E+04,  2.031376244492E+03,  2.034662385162E+03,  6.278586551295E+02,  1.620609254653E+03,  9.918599818371E+02,  4.624314501315E-02,NaN,NaN,  2.198232149793E-02,  1.322418639441E+17,  8.547522627099E+18,  5.372614718433E+20,  7.220746274155E+18,  1.019079851009E+20,  1.047447802621E+20,  2.414736796816E+14,  4.793324913709E+02,  9.070624132114E+01,  3.786306841411E+02,NaN,  9.995519464683E+00,NaN,  4.644400689117E-05,  3.821498939351E-02,NaN,  6.120633209865E+06,  6.201901024398E-06
  2.017720234113E+04,  2.025875516204E+03,  2.028982701281E+03,  5.779416323726E+02,  1.570634244959E+03,  9.918599818371E+02,  4.495787145070E-02,NaN,NaN,  2.258044167600E-02,  1.323609196087E+17,  8.410582112445E+18,  5.373983708094E+20,  7.256485459410E+18,  1.012439133210E+20,  1.054521802793E+20,  2.774386810170E+14,  4.806464345727E+02,  9.192390575663E+01,  3.787271625820E+02,NaN,  9.995312872645E+00,NaN,  5.336136025269E-05,  3.816499360194E-02,NaN,  6.127685383791E+06,  6.355978726257E-06
  2.122237270811E+04,  2.020712591515E+03,  2.023563573929E+03,  5.112432097507E+02,  1.503854671191E+03,  9.918599818371E+02,  4.377219846685E-02,NaN,NaN,  2.342158469916E-02,  1.325971935314E+17,  8.138558706656E+18,  5.376701861901E+20,  7.327261859283E+18,  9.983347756060E+19,  1.068683521711E+20,  3.193492741331E+14,  4.832737150061E+02,  9.435983494039E+01,  3.789187222768E+02,NaN,  9.995096366661E+00,NaN,  6.142226311409E-05,  3.806576091065E-02,NaN,  6.134399488200E+06,  6.508207355993E-06
  2.230256008152E+04,  2.015875019216E+03,  2.018500116646E+03,  4.529845082572E+02,  1.445525622137E+03,  9.918599818371E+02,  4.268861457026E-02,NaN,NaN,  2.433948403545E-02,  1.328040214928E+17,  7.900126180011E+18,  5.379083899033E+20,  7.389964026863E+18,  9.855024856922E+19,  1.081612856772E+20,  3.670124952647E+14,  4.856655472414E+02,  9.658400864446E+01,  3.790865944203E+02,NaN,  9.994873587039E+00,NaN,  7.058960165638E-05,  3.797600663161E-02,NaN,  6.140660130556E+06,  6.725081385060E-06
  2.346090738912E+04,  2.011049004270E+03,  2.013571317037E+03,  4.214684384082E+02,  1.413968998134E+03,  9.918599818371E+02,  4.164576886841E-02,NaN,NaN,  2.513524776181E-02,  1.328555306721E+17,  7.840680045858E+18,  5.379677133393E+20,  7.406170521368E+18,  9.825288750106E+19,  1.085136327408E+20,  4.233744929086E+14,  4.863148383634E+02,  9.719171920859E+01,  3.791284021328E+02,NaN,  9.994635592014E+00,NaN,  8.143002538465E-05,  3.795159906462E-02,NaN,  6.146742436564E+06,  7.116500179743E-06
  2.467312196584E+04,  2.006587189617E+03,  2.008921330626E+03,  3.732931048917E+02,  1.365729182561E+03,  9.918599818371E+02,  4.069520656280E-02,NaN,NaN,  2.626191618713E-02,  1.330264121239E+17,  7.643346908661E+18,  5.381647526718E+20,  7.458397187114E+18,  9.714750490548E+19,  1.096346029516E+20,  4.882926032648E+14,  4.883823085608E+02,  9.912056310250E+01,  3.792672640114E+02,NaN,  9.994387530815E+00,NaN,  9.391609495846E-05,  3.787460099641E-02,NaN,  6.152469999321E+06,  7.511459615508E-06
  2.594391726369E+04,  2.002385284594E+03,  2.004545579042E+03,  3.309700476915E+02,  1.323347928784E+03,  9.918599818371E+02,  3.982177730546E-02,NaN,NaN,  2.741407188410E-02,  1.331749134136E+17,  7.471679536439E+18,  5.383360952634E+20,  7.504117031232E+18,  9.615994471957E+19,  1.106408008933E+20,  5.625521950019E+14,  4.902344979165E+02,  1.008522449721E+02,  3.793880163193E+02,NaN,  9.994128426277E+00,NaN,  1.081988648029E-04,  3.780597982739E-02,NaN,  6.157850334014E+06,  7.907725878062E-06
  2.729238970035E+04,  1.998391104526E+03,  2.000388729702E+03,  2.932981434766E+02,  1.285622904966E+03,  9.918599818371E+02,  3.901121607746E-02,NaN,NaN,  2.860579218153E-02,  1.333053184696E+17,  7.320786904153E+18,  5.384866241209E+20,  7.544496005267E+18,  9.527156812052E+19,  1.115503553566E+20,  6.481396900888E+14,  4.919060367774E+02,  1.024179573655E+02,  3.794941003162E+02,NaN,  9.993854435315E+00,NaN,  1.246603947586E-04,  3.774434377588E-02,NaN,  6.162953052462E+06,  8.307951554428E-06
  2.869040709434E+04,  1.994690217430E+03,  1.996543029184E+03,  2.612470661479E+02,  1.253525600440E+03,  9.918599818371E+02,  3.827762014315E-02,NaN,NaN,  2.978716461621E-02,  1.334120254907E+17,  7.197212200787E+18,  5.386098061435E+20,  7.577722886662E+18,  9.453114352034E+19,  1.123147999959E+20,  7.438338166192E+14,  4.933089751969E+02,  1.037343489533E+02,  3.795809118519E+02,NaN,  9.993571325862E+00,NaN,  1.430657906506E-04,  3.769281903116E-02,NaN,  6.167666500152E+06,  8.700351696846E-06
  3.012959464005E+04,  1.991294724200E+03,  1.993022588385E+03,  2.346646935130E+02,  1.226904131566E+03,  9.918599818371E+02,  3.761926902869E-02,NaN,NaN,  3.092510198478E-02,  1.334945837612E+17,  7.101543359826E+18,  5.387050561655E+20,  7.603612467375E+18,  9.395183386137E+19,  1.129208106815E+20,  8.489136720401E+14,  4.944199867605E+02,  1.047785041471E+02,  3.796480385359E+02,NaN,  9.993280801096E+00,NaN,  1.632763971884E-04,  3.765214023665E-02,NaN,  6.171975140598E+06,  9.079481318568E-06
  3.164198889929E+04,  1.988256714900E+03,  1.989753945154E+03,  1.912943003377E+02,  1.183467946273E+03,  9.918599818371E+02,  3.702820905641E-02,NaN,NaN,  3.287273618139E-02,  1.337053177531E+17,  6.857093934893E+18,  5.389489007328E+20,  7.668992083341E+18,  9.238231456301E+19,  1.144738641675E+20,  9.654490751363E+14,  4.972635272649E+02,  1.074504791578E+02,  3.798198860257E+02,NaN,  9.992976391021E+00,NaN,  1.856903143972E-04,  3.754884153080E-02,NaN,  6.175970351139E+06,  9.449616253125E-06
  3.334695837723E+04,  1.985060187782E+03,  1.986439009392E+03,  1.690740931632E+02,  1.161213431505E+03,  9.918599818371E+02,  3.643444789392E-02,NaN,NaN,  3.425155597134E-02,  1.337708584988E+17,  6.780941351079E+18,  5.390245078940E+20,  7.689526409491E+18,  9.189888968284E+19,  1.149862806994E+20,  1.106146950471E+15,  4.982002537671E+02,  1.083342376058E+02,  3.798731695621E+02,NaN,  9.992633847703E+00,NaN,  2.127515373852E-04,  3.751490555167E-02,NaN,  6.180016984553E+06,  9.843895904163E-06
  3.512059763552E+04,  1.982143821705E+03,  1.983424794859E+03,  1.513653961661E+02,  1.143476992646E+03,  9.918599818371E+02,  3.590387264861E-02,NaN,NaN,  3.554370671664E-02,  1.338147189101E+17,  6.729951418855E+18,  5.390749133128E+20,  7.703391313986E+18,  9.157792214681E+19,  1.153382990884E+20,  1.258745925537E+15,  4.988436456567E+02,  1.089424327747E+02,  3.799086923740E+02,NaN,  9.992278406286E+00,NaN,  2.421017666065E-04,  3.749161854450E-02,NaN,  6.183692017256E+06,  1.021988934254E-05
  3.693801548164E+04,  1.979567394183E+03,  1.980778003687E+03,  1.388387456847E+02,  1.130930517030E+03,  9.918599818371E+02,  3.544348077200E-02,NaN,NaN,  3.662205311814E-02,  1.338327016427E+17,  6.709052306781E+18,  5.390951986688E+20,  7.709412244021E+18,  9.145666520677E+19,  1.154927457521E+20,  1.416549619787E+15,  4.991263040619E+02,  1.092111281012E+02,  3.799229883148E+02,NaN,  9.991915192749E+00,NaN,  2.724530490853E-04,  3.748134584540E-02,NaN,  6.186915545182E+06,  1.056452946962E-05
  3.897353157271E+04,  1.977182026815E+03,  1.978185483020E+03,  1.069301377874E+02,  1.098970188467E+03,  9.918599818371E+02,  3.501022675330E-02,NaN,NaN,  3.941373449615E-02,  1.339960837795E+17,  6.519032551297E+18,  5.392843521407E+20,  7.760113418240E+18,  9.016111417156E+19,  1.167756335752E+20,  1.598089063991E+15,  5.014677828375E+02,  1.114196735997E+02,  3.800562926969E+02,NaN,  9.991509171356E+00,NaN,  3.073695634182E-04,  3.739737668103E-02,NaN,  6.190069782306E+06,  1.091589118812E-05
  4.096601199822E+04,  1.974998715344E+03,  1.975961889134E+03,  1.002965552702E+02,  1.092325795431E+03,  9.918599818371E+02,  3.463587882299E-02,NaN,NaN,  4.033368752186E-02,  1.339849460723E+17,  6.531954574565E+18,  5.392707232335E+20,  7.756916438959E+18,  9.026924740578E+19,  1.167029209362E+20,  1.778252425972E+15,  5.013363900472E+02,  1.112982479009E+02,  3.800466878345E+02,NaN,  9.991112290381E+00,NaN,  3.420214080268E-04,  3.740197212311E-02,NaN,  6.192772642833E+06,  1.122862192852E-05
  4.310873262476E+04,  1.973188040825E+03,  1.973980368895E+03,  7.665753967440E+01,  1.068647475403E+03,  9.918599818371E+02,  3.431380402673E-02,NaN,NaN,  4.341096658645E-02,  1.341086270920E+17,  6.387960472672E+18,  5.394137828629E+20,  7.795366810460E+18,  8.926175437497E+19,  1.177000540369E+20,  1.962642257646E+15,  5.031544105683E+02,  1.130158385309E+02,  3.801475079532E+02,NaN,  9.990686598112E+00,NaN,  3.774861536017E-04,  3.733714548724E-02,NaN,  6.195179299504E+06,  1.151652420582E-05
  4.533739300944E+04,  1.971357034734E+03,  1.972141731040E+03,  7.508127373325E+01,  1.067068626931E+03,  9.918599818371E+02,  3.401083221089E-02,NaN,NaN,  4.389542585600E-02,  1.340710292914E+17,  6.431706333613E+18,  5.393692097901E+20,  7.783976702658E+18,  8.958899948630E+19,  1.174097662124E+20,  2.155878957463E+15,  5.026276254601E+02,  1.125208713081E+02,  3.801160954401E+02,NaN,  9.990244059460E+00,NaN,  4.146524676685E-04,  3.735578683510E-02,NaN,  6.197410772717E+06,  1.179172719838E-05
  4.768321830172E+04,  1.969888625789E+03,  1.970523210220E+03,  5.617695605369E+01,  1.048132361553E+03,  9.918599818371E+02,  3.375517417345E-02,NaN,NaN,  4.744391287281E-02,  1.341716188055E+17,  6.314496011212E+18,  5.394853791569E+20,  7.815114012711E+18,  8.875655259083E+19,  1.182328065627E+20,  2.347916663607E+15,  5.041277932324E+02,  1.139395977441E+02,  3.801979648633E+02,NaN,  9.989779036823E+00,NaN,  4.515881724594E-04,  3.730247041458E-02,NaN,  6.199373790112E+06,  1.204062211429E-05
  5.017120441453E+04,  1.968736074146E+03,  1.969243893043E+03,  4.150665182063E+01,  1.033437014750E+03,  9.918599818371E+02,  3.355309600760E-02,NaN,NaN,  5.138548343109E-02,  1.342504896937E+17,  6.222555072642E+18,  5.395762030386E+20,  7.839734097749E+18,  8.809165825012E+19,  1.188889335954E+20,  2.515750848023E+15,  5.053234310283E+02,  1.150716877201E+02,  3.802619722605E+02,NaN,  9.989287179083E+00,NaN,  4.838686761892E-04,  3.726014376361E-02,NaN,  6.200924538705E+06,  1.224188268572E-05
  5.271751461239E+04,  1.967291280967E+03,  1.967835462895E+03,  4.523898191508E+01,  1.037175759460E+03,  9.918599818371E+02,  3.332732581340E-02,NaN,NaN,  5.052200560049E-02,  1.341840972132E+17,  6.299887349690E+18,  5.394978824855E+20,  7.819293009161E+18,  8.866945636910E+19,  1.183493595261E+20,  2.717887275382E+15,  5.043449035232E+02,  1.141488215126E+02,  3.802067764831E+02,NaN,  9.988782780726E+00,NaN,  5.227467254972E-04,  3.729465529080E-02,NaN,  6.202630909637E+06,  1.246820338400E-05
  5.575921777238E+04,  1.966194318264E+03,  1.966608913913E+03,  3.131139012337E+01,  1.023224253090E+03,  9.918599818371E+02,  3.313920671586E-02,NaN,NaN,  5.561240547372E-02,  1.342598443791E+17,  6.211528270866E+18,  5.395848633226E+20,  7.842679458990E+18,  8.802865769691E+19,  1.189804517845E+20,  2.912527760801E+15,  5.054956771836E+02,  1.152388597604E+02,  3.802680755258E+02,NaN,  9.988181714381E+00,NaN,  5.601830376369E-04,  3.725393699369E-02,NaN,  6.204116169589E+06,  1.266945099969E-05
  5.863144244882E+04,  1.965475947240E+03,  1.965797515703E+03,  2.223460863945E+01,  1.014131840180E+03,  9.918599818371E+02,  3.301476040246E-02,NaN,NaN,  6.074258218261E-02,  1.343096647953E+17,  6.153387785753E+18,  5.396416917380E+20,  7.858145869108E+18,  8.760126385953E+19,  1.193994728221E+20,  3.051303489700E+15,  5.062604267504E+02,  1.159640998225E+02,  3.803081248927E+02,NaN,  9.987615160695E+00,NaN,  5.868745632632E-04,  3.722694998229E-02,NaN,  6.205098326924E+06,  1.280475325216E-05
  6.174817053420E+04,  1.964935538541E+03,  1.965180348067E+03,  1.541454084243E+01,  1.007300020191E+03,  9.918599818371E+02,  3.292010375157E-02,NaN,NaN,  6.670325221810E-02,  1.343474017933E+17,  6.109328723415E+18,  5.396843187385E+20,  7.869901612874E+18,  8.727401670594E+19,  1.197181951079E+20,  3.162638908099E+15,  5.068431544228E+02,  1.165173790532E+02,  3.803381659271E+02,NaN,  9.987001154126E+00,NaN,  6.082883378253E-04,  3.720642232756E-02,NaN,  6.205845172189E+06,  1.290884404045E-05
  6.493721105765E+04,  1.963950630614E+03,  1.964307647563E+03,  2.539513206582E+01,  1.017297820545E+03,  9.918599818371E+02,  3.278018006693E-02,NaN,NaN,  5.904561470269E-02,  1.342455563776E+17,  6.228086626995E+18,  5.395642570079E+20,  7.838651511061E+18,  8.816457190328E+19,  1.188662346430E+20,  3.327765687734E+15,  5.052992942165E+02,  1.150587292792E+02,  3.802535533919E+02,NaN,  9.986371497339E+00,NaN,  6.400481109873E-04,  3.726072658964E-02,NaN,  6.206900939167E+06,  1.305779341031E-05
  6.834086023646E+04,  1.963283966216E+03,  1.963548209306E+03,  1.694552160070E+01,  1.008833639517E+03,  9.918599818371E+02,  3.266718797377E-02,NaN,NaN,  6.549346809088E-02,  1.342923984115E+17,  6.173385741114E+18,  5.396173942573E+20,  7.852988391227E+18,  8.776325970603E+19,  1.192581522221E+20,  3.481984152362E+15,  5.060156966808E+02,  1.157383257215E+02,  3.802910014393E+02,NaN,  9.985699810135E+00,NaN,  6.697098258515E-04,  3.723542486397E-02,NaN,  6.207819396093E+06,  1.318911391649E-05
  7.188973259857E+04,  1.962830318710E+03,  1.963024221792E+03,  1.118995633688E+01,  1.003068196672E+03,  9.918599818371E+02,  3.258922713161E-02,NaN,NaN,  7.277892065253E-02,  1.343245943527E+17,  6.135766256374E+18,  5.396533751130E+20,  7.862868914947E+18,  8.748438573230E+19,  1.195277508441E+20,  3.593802091705E+15,  5.065099891708E+02,  1.162079389363E+02,  3.803163586568E+02,NaN,  9.985000361251E+00,NaN,  6.912164064123E-04,  3.721799210878E-02,NaN,  6.208452944673E+06,  1.328065694461E-05
  7.581367958197E+04,  1.962511879634E+03,  1.962650419287E+03,  7.135630330996E+00,  9.990069529454E+02,  9.918599818371E+02,  3.253361138259E-02,NaN,NaN,  8.154381843321E-02,  1.343474947644E+17,  6.108986244844E+18,  5.396783368503E+20,  7.869902792153E+18,  8.728394313516E+19,  1.197183163427E+20,  3.676414871391E+15,  5.068612562615E+02,  1.165423712381E+02,  3.803339502397E+02,NaN,  9.984227677869E+00,NaN,  7.071057924279E-04,  3.720561099845E-02,NaN,  6.208904827785E+06,  1.334643403345E-05
  7.961062914903E+04,  1.962318906103E+03,  1.962419751905E+03,  4.667692587096E+00,  9.965348724071E+02,  9.918599818371E+02,  3.249929181798E-02,NaN,NaN,  9.074127346899E-02,  1.343615922531E+17,  6.092480318374E+18,  5.396930791548E+20,  7.874228256053E+18,  8.715911664517E+19,  1.198338175207E+20,  3.728617886584E+15,  5.070760994894E+02,  1.167475621541E+02,  3.803443397597E+02,NaN,  9.983480429292E+00,NaN,  7.171462953952E-04,  3.719803658568E-02,NaN,  6.209183644973E+06,  1.338722152571E-05
  8.395035905891E+04,  1.962183005754E+03,  1.962254055893E+03,  2.924113532537E+00,  9.947884066917E+02,  9.918599818371E+02,  3.247463893924E-02,NaN,NaN,  1.020516410201E-01,  1.343716957956E+17,  6.080627808982E+18,  5.397029127783E+20,  7.877317558596E+18,  8.706829215060E+19,  1.199141525810E+20,  3.766707405894E+15,  5.072278852393E+02,  1.168932641477E+02,  3.803512699265E+02,NaN,  9.982626692821E+00,NaN,  7.244722693880E-04,  3.719267843799E-02,NaN,  6.209383913299E+06,  1.341661402610E-05
  8.839425991022E+04,  1.962099907465E+03,  1.962150530045E+03,  1.859951302601E+00,  9.937225183018E+02,  9.918599818371E+02,  3.245923597239E-02,NaN,NaN,  1.143120437041E-01,  1.343779908422E+17,  6.073218816233E+18,  5.397082523387E+20,  7.879228516227E+18,  8.701037774093E+19,  1.199614382929E+20,  3.790759602539E+15,  5.073198591229E+02,  1.169823443371E+02,  3.803550329386E+02,NaN,  9.981752748880E+00,NaN,  7.290983652351E-04,  3.718942214935E-02,NaN,  6.209509033232E+06,  1.343501808201E-05
  9.310370741795E+04,  1.962047554772E+03,  1.962083980059E+03,  1.198907251980E+00,  9.930604260464E+02,  9.918599818371E+02,  3.244933441403E-02,NaN,NaN,  1.276047037503E-01,  1.343820218699E+17,  6.068448645308E+18,  5.397108280145E+20,  7.880436371656E+18,  8.697193196782E+19,  1.199886927566E+20,  3.806324984782E+15,  5.073758684077E+02,  1.170374614071E+02,  3.803568481253E+02,NaN,  9.980826783113E+00,NaN,  7.320921437748E-04,  3.718742776229E-02,NaN,  6.209589462006E+06,  1.344686504200E-05
  9.792241591086E+04,  1.962015521007E+03,  1.962042658423E+03,  8.095811373671E-01,  9.926705055492E+02,  9.918599818371E+02,  3.244318642496E-02,NaN,NaN,  1.407853335430E-01,  1.343845100010E+17,  6.065477843136E+18,  5.397115525304E+20,  7.881165303030E+18,  8.694682907197E+19,  1.200023894915E+20,  3.816030354895E+15,  5.074074393702E+02,  1.170694671992E+02,  3.803573587220E+02,NaN,  9.979879490075E+00,NaN,  7.339588328359E-04,  3.718629092974E-02,NaN,  6.209639400100E+06,  1.345422734043E-05
  1.033252272980E+05,  1.961993753952E+03,  1.962014513160E+03,  5.663211084499E-01,  9.924268896958E+02,  9.918599818371E+02,  3.243899886630E-02,NaN,NaN,  1.539562430500E-01,  1.343861887117E+17,  6.063443749315E+18,  5.397110674612E+20,  7.881638250550E+18,  8.692835755490E+19,  1.200081028107E+20,  3.822658286164E+15,  5.074253461354E+02,  1.170887765046E+02,  3.803570168734E+02,NaN,  9.978817523772E+00,NaN,  7.352336205723E-04,  3.718563039145E-02,NaN,  6.209673413808E+06,  1.345924480164E-05
  1.089740476316E+05,  1.961979450446E+03,  1.961996356232E+03,  4.306529009731E-01,  9.922910460268E+02,  9.918599818371E+02,  3.243629740994E-02,NaN,NaN,  1.648759326875E-01,  1.343872555280E+17,  6.062120487351E+18,  5.397097564820E+20,  7.881919337999E+18,  8.691504230243E+19,  1.200080980969E+20,  3.826940999298E+15,  5.074332253484E+02,  1.170986889748E+02,  3.803560929714E+02,NaN,  9.977707344866E+00,NaN,  7.360573391596E-04,  3.718532041401E-02,NaN,  6.209695356361E+06,  1.346248284692E-05
  1.146779775664E+05,  1.961969498139E+03,  1.961984233620E+03,  3.585442318239E-01,  9.922188146123E+02,  9.918599818371E+02,  3.243449376203E-02,NaN,NaN,  1.726119516565E-01,  1.343879534415E+17,  6.061227067992E+18,  5.397079897501E+20,  7.882085555828E+18,  8.690490327188E+19,  1.200047980738E+20,  3.829802988919E+15,  5.074352042869E+02,  1.171030333275E+02,  3.803548478813E+02,NaN,  9.976586470276E+00,NaN,  7.366078019093E-04,  3.718521722412E-02,NaN,  6.209710006388E+06,  1.346464527947E-05
  1.205766172790E+05,  1.961961618244E+03,  1.961975136931E+03,  3.196088992584E-01,  9.921798274477E+02,  9.918599818371E+02,  3.243314032218E-02,NaN,NaN,  1.776498798739E-01,  1.343884651468E+17,  6.060548313950E+18,  5.397059174175E+20,  7.882192317561E+18,  8.689624922511E+19,  1.199995606186E+20,  3.831951706515E+15,  5.074339404502E+02,  1.171043885447E+02,  3.803533874217E+02,NaN,  9.975427462783E+00,NaN,  7.370210769916E-04,  3.718522670793E-02,NaN,  6.209720999581E+06,  1.346626822500E-05
  1.270263260337E+05,  1.961954406316E+03,  1.961967239399E+03,  2.981712489667E-01,  9.921583614887E+02,  9.918599818371E+02,  3.243196529761E-02,NaN,NaN,  1.807650868327E-01,  1.343888995486E+17,  6.059952185037E+18,  5.397035053541E+20,  7.882270255413E+18,  8.688787758420E+19,  1.199927470615E+20,  3.833817855925E+15,  5.074305864698E+02,  1.171040012351E+02,  3.803516875395E+02,NaN,  9.974160315109E+00,NaN,  7.373800041267E-04,  3.718530629829E-02,NaN,  6.209730543581E+06,  1.346767742079E-05
  1.338566860574E+05,  1.961947545825E+03,  1.961960026792E+03,  2.873039337353E-01,  9.921474798149E+02,  9.918599818371E+02,  3.243089217869E-02,NaN,NaN,  1.824550878147E-01,  1.343892893055E+17,  6.059402913979E+18,  5.397008688233E+20,  7.882330996363E+18,  8.687962479062E+19,  1.199849211339E+20,  3.835522775893E+15,  5.074259266046E+02,  1.171025408997E+02,  3.803498294657E+02,NaN,  9.972818531308E+00,NaN,  7.377079210858E-04,  3.718542947404E-02,NaN,  6.209739259839E+06,  1.346896455866E-05
  1.415305641433E+05,  1.961940276536E+03,  1.961952578728E+03,  2.818207143564E-01,  9.921419896749E+02,  9.918599818371E+02,  3.242978402748E-02,NaN,NaN,  1.833406887990E-01,  1.343896871779E+17,  6.058832525264E+18,  5.396978599288E+20,  7.882386827176E+18,  8.687070191531E+19,  1.199757817926E+20,  3.837284109215E+15,  5.074200604531E+02,  1.171003021994E+02,  3.803477089716E+02,NaN,  9.971311235448E+00,NaN,  7.380466883463E-04,  3.718559000137E-02,NaN,  6.209748260616E+06,  1.347029387239E-05
  1.514262867474E+05,  1.961931185011E+03,  1.961943398554E+03,  2.791049538117E-01,  9.921392704892E+02,  9.918599818371E+02,  3.242841816654E-02,NaN,NaN,  1.837906474071E-01,  1.343901743175E+17,  6.058127262164E+18,  5.396939495130E+20,  7.882450779335E+18,  8.685942189503E+19,  1.199637722726E+20,  3.839456300343E+15,  5.074120871031E+02,  1.170970276846E+02,  3.803449531376E+02,NaN,  9.969367816436E+00,NaN,  7.384644782266E-04,  3.718581135020E-02,NaN,  6.209759354562E+06,  1.347193254836E-05
  1.605144620891E+05,  1.961922940801E+03,  1.961935126354E+03,  2.782422557036E-01,  9.921384069235E+02,  9.918599818371E+02,  3.242718739734E-02,NaN,NaN,  1.839379846392E-01,  1.343906119838E+17,  6.057490904215E+18,  5.396903468293E+20,  7.882506496839E+18,  8.684914741415E+19,  1.199526597226E+20,  3.841414932500E+15,  5.074046113401E+02,  1.170938750455E+02,  3.803424141754E+02,NaN,  9.967583278032E+00,NaN,  7.388411930947E-04,  3.718602000563E-02,NaN,  6.209769351219E+06,  1.347340935704E-05
  1.696026374308E+05,  1.961914731634E+03,  1.961926907210E+03,  2.779284818819E-01,  9.921380929850E+02,  9.918599818371E+02,  3.242596452206E-02,NaN,NaN,  1.839948878070E-01,  1.343910463863E+17,  6.056858360067E+18,  5.396867402486E+20,  7.882561199601E+18,  8.683890155878E+19,  1.199415201807E+20,  3.843362253479E+15,  5.073970841147E+02,  1.170906733999E+02,  3.803398724668E+02,NaN,  9.965799032283E+00,NaN,  7.392157324196E-04,  3.718623046164E-02,NaN,  6.209779283727E+06,  1.347487688856E-05
  1.786908127725E+05,  1.961906535000E+03,  1.961918707172E+03,  2.778148387561E-01,  9.921379793712E+02,  9.918599818371E+02,  3.242474448954E-02,NaN,NaN,  1.840187001737E-01,  1.343914795980E+17,  6.056227211518E+18,  5.396831322454E+20,  7.882615531550E+18,  8.682866633421E+19,  1.199303717434E+20,  3.845306307185E+15,  5.073895382758E+02,  1.170874538514E+02,  3.803373297557E+02,NaN,  9.964015079103E+00,NaN,  7.395896433312E-04,  3.718644156660E-02,NaN,  6.209789193114E+06,  1.347634120214E-05
  1.877789881142E+05,  1.961898342679E+03,  1.961910513855E+03,  2.777744532446E-01,  9.921379392908E+02,  9.918599818371E+02,  3.242352545687E-02,NaN,NaN,  1.840303837306E-01,  1.343919123747E+17,  6.055596576006E+18,  5.396795236920E+20,  7.882669726872E+18,  8.681843513265E+19,  1.199192209677E+20,  3.847250032069E+15,  5.073819857085E+02,  1.170842276698E+02,  3.803347866568E+02,NaN,  9.962231418430E+00,NaN,  7.399634909988E-04,  3.718665290297E-02,NaN,  6.209799094348E+06,  1.347780450876E-05
  2.010271809566E+05,  1.961886402261E+03,  1.961898573448E+03,  2.777601578232E-01,  9.921379240341E+02,  9.918599818371E+02,  3.242174891799E-02,NaN,NaN,  1.840400319491E-01,  1.343925430028E+17,  6.054677570686E+18,  5.396742629431E+20,  7.882748648593E+18,  8.680352319402E+19,  1.199029660793E+20,  3.850084956358E+15,  5.073709721368E+02,  1.170795206737E+02,  3.803310791865E+02,NaN,  9.959631767854E+00,NaN,  7.405087481191E-04,  3.718696110519E-02,NaN,  6.209813523708E+06,  1.347993738233E-05
  2.112459820185E+05,  1.961877192284E+03,  1.961889363779E+03,  2.777581916453E-01,  9.921379219710E+02,  9.918599818371E+02,  3.242037866856E-02,NaN,NaN,  1.840459734110E-01,  1.343930293695E+17,  6.053968787456E+18,  5.396702050613E+20,  7.882809503863E+18,  8.679202201446E+19,  1.198904295975E+20,  3.852273383196E+15,  5.073624763603E+02,  1.170758890449E+02,  3.803282194271E+02,NaN,  9.957626958719E+00,NaN,  7.409296607058E-04,  3.718719884971E-02,NaN,  6.209824653068E+06,  1.348158275386E-05
  2.265741836112E+05,  1.961863376597E+03,  1.961875548734E+03,  2.777607755524E-01,  9.921379243387E+02,  9.918599818371E+02,  3.241832321398E-02,NaN,NaN,  1.840539699439E-01,  1.343937588935E+17,  6.052905655392E+18,  5.396641181024E+20,  7.882900774480E+18,  8.677477100792E+19,  1.198716280615E+20,  3.855559159333E+15,  5.073497325773E+02,  1.170704408857E+02,  3.803239296919E+02,NaN,  9.954620438069E+00,NaN,  7.415616327275E-04,  3.718755545914E-02,NaN,  6.209841347687E+06,  1.348405136532E-05
  2.387559560443E+05,  1.961852395893E+03,  1.961864568565E+03,  2.777635849248E-01,  9.921379273889E+02,  9.918599818371E+02,  3.241668954291E-02,NaN,NaN,  1.840602008695E-01,  1.343943386738E+17,  6.052060754435E+18,  5.396592804647E+20,  7.882973306870E+18,  8.676106142249E+19,  1.198566888746E+20,  3.858173266696E+15,  5.073396048663E+02,  1.170661107223E+02,  3.803205204058E+02,NaN,  9.952231673726E+00,NaN,  7.420644188720E-04,  3.718783884971E-02,NaN,  6.209854616473E+06,  1.348601380437E-05
  2.507177756776E+05,  1.961841612882E+03,  1.961853786028E+03,  2.777647679914E-01,  9.921379285802E+02,  9.918599818371E+02,  3.241508527634E-02,NaN,NaN,  1.840665811065E-01,  1.343949079830E+17,  6.051231126393E+18,  5.396545302667E+20,  7.883044529031E+18,  8.674760006337E+19,  1.198420225635E+20,  3.860742547825E+15,  5.073296607984E+02,  1.170618588679E+02,  3.803171727421E+02,NaN,  9.949886629854E+00,NaN,  7.425585833317E-04,  3.718811708976E-02,NaN,  6.209867646379E+06,  1.348794125915E-05
  2.667895294593E+05,  1.961827123731E+03,  1.961839297579E+03,  2.777683722970E-01,  9.921379321929E+02,  9.918599818371E+02,  3.241292963018E-02,NaN,NaN,  1.840748211015E-01,  1.343956729020E+17,  6.050116458245E+18,  5.396481477767E+20,  7.883140216834E+18,  8.672951404668E+19,  1.198223206454E+20,  3.864198355877E+15,  5.073163001902E+02,  1.170561456361E+02,  3.803126747338E+02,NaN,  9.946736597010E+00,NaN,  7.432232585593E-04,  3.718849091246E-02,NaN,  6.209885154522E+06,  1.349053169900E-05
  2.851577305043E+05,  1.961810562466E+03,  1.961822737155E+03,  2.777736281300E-01,  9.921379374627E+02,  9.918599818371E+02,  3.241046570772E-02,NaN,NaN,  1.840840521721E-01,  1.343965471290E+17,  6.048842523473E+18,  5.396408530838E+20,  7.883249572445E+18,  8.670884443291E+19,  1.197998089268E+20,  3.868153262020E+15,  5.073010309252E+02,  1.170496155304E+02,  3.803075338579E+02,NaN,  9.943137552946E+00,NaN,  7.439839281626E-04,  3.718891811604E-02,NaN,  6.209905166365E+06,  1.349349333484E-05
  3.041008876305E+05,  1.961793480859E+03,  1.961805656341E+03,  2.777767831351E-01,  9.921379406252E+02,  9.918599818371E+02,  3.240792435973E-02,NaN,NaN,  1.840939497570E-01,  1.343974487386E+17,  6.047528716202E+18,  5.396333299568E+20,  7.883362350358E+18,  8.668752874942E+19,  1.197765982872E+20,  3.872237916943E+15,  5.072852846021E+02,  1.170428808646E+02,  3.803022319949E+02,NaN,  9.939426973065E+00,NaN,  7.447695530873E-04,  3.718935864606E-02,NaN,  6.209925806919E+06,  1.349654886385E-05
  3.230440447568E+05,  1.961776397471E+03,  1.961788573824E+03,  2.777823219108E-01,  9.921379461794E+02,  9.918599818371E+02,  3.240538275829E-02,NaN,NaN,  1.841034544568E-01,  1.343983503441E+17,  6.046214936961E+18,  5.396258066482E+20,  7.883475119607E+18,  8.666621411119E+19,  1.197533938816E+20,  3.876328544869E+15,  5.072695388003E+02,  1.170361455785E+02,  3.802969300039E+02,NaN,  9.935717661627E+00,NaN,  7.455563268334E-04,  3.718979913718E-02,NaN,  6.209946449396E+06,  1.349960553846E-05
  3.419872018831E+05,  1.961759311917E+03,  1.961771489119E+03,  2.777871825329E-01,  9.921379510513E+02,  9.918599818371E+02,  3.240284083137E-02,NaN,NaN,  1.841130738755E-01,  1.343992519735E+17,  6.044901150283E+18,  5.396182830984E+20,  7.883587887072E+18,  8.664490012958E+19,  1.197301958244E+20,  3.880425273029E+15,  5.072537936781E+02,  1.170294098727E+02,  3.802916278429E+02,NaN,  9.932009618186E+00,NaN,  7.463442738725E-04,  3.719023958130E-02,NaN,  6.209967094381E+06,  1.350266344584E-05
  3.635804202773E+05,  1.961739834094E+03,  1.961752012178E+03,  2.777900996567E-01,  9.921379539768E+02,  9.918599818371E+02,  3.239994297850E-02,NaN,NaN,  1.841244762969E-01,  1.344002797407E+17,  6.043403601622E+18,  5.396097070580E+20,  7.883716426837E+18,  8.662060597524E+19,  1.197037607922E+20,  3.885102447474E+15,  5.072358474273E+02,  1.170217317883E+02,  3.802855839477E+02,NaN,  9.927784447453E+00,NaN,  7.472438614483E-04,  3.719074156651E-02,NaN,  6.209990629955E+06,  1.350615055455E-05
  3.851736386716E+05,  1.961720353452E+03,  1.961732532553E+03,  2.777970909441E-01,  9.921379609854E+02,  9.918599818371E+02,  3.239704472626E-02,NaN,NaN,  1.841352065915E-01,  1.344013075264E+17,  6.041906052808E+18,  5.396011305257E+20,  7.883844957268E+18,  8.659631252725E+19,  1.196773337118E+20,  3.889787539125E+15,  5.072179013702E+02,  1.170140525884E+02,  3.802795397058E+02,NaN,  9.923560930965E+00,NaN,  7.481449717856E-04,  3.719124351003E-02,NaN,  6.210014168595E+06,  1.350963923833E-05
  4.055738401436E+05,  1.961701946493E+03,  1.961714126545E+03,  2.778034117694E-01,  9.921379673223E+02,  9.918599818371E+02,  3.239430621079E-02,NaN,NaN,  1.841453939473E-01,  1.344022785561E+17,  6.040491232961E+18,  5.395930275240E+20,  7.883966383749E+18,  8.657336201632E+19,  1.196523727712E+20,  3.894221109744E+15,  5.072009472573E+02,  1.170067970881E+02,  3.802738291808E+02,NaN,  9.919571990631E+00,NaN,  7.489977056514E-04,  3.719171768742E-02,NaN,  6.210036409744E+06,  1.351293664988E-05
  4.266055862863E+05,  1.961682967785E+03,  1.961695148654E+03,  2.778049421664E-01,  9.921379688576E+02,  9.918599818371E+02,  3.239148260845E-02,NaN,NaN,  1.841567254919E-01,  1.344032796482E+17,  6.039032651785E+18,  5.395846738466E+20,  7.884091568295E+18,  8.654970282730E+19,  1.196266490287E+20,  3.898799260720E+15,  5.071834705415E+02,  1.169993172251E+02,  3.802679419941E+02,NaN,  9.915461443980E+00,NaN,  7.498782474801E-04,  3.719220643906E-02,NaN,  6.210059341771E+06,  1.351633753746E-05
  4.534101461070E+05,  1.961658776399E+03,  1.961670958434E+03,  2.778107114005E-01,  9.921379746408E+02,  9.918599818371E+02,  3.238788349619E-02,NaN,NaN,  1.841705383356E-01,  1.344045555250E+17,  6.037173752150E+18,  5.395740268495E+20,  7.884251100050E+18,  8.651955128146E+19,  1.195938745945E+20,  3.904644878806E+15,  5.071611974368E+02,  1.169897831472E+02,  3.802604386088E+02,NaN,  9.910224678165E+00,NaN,  7.510025684705E-04,  3.719282928968E-02,NaN,  6.210088571897E+06,  1.352067399566E-05
  4.765688664729E+05,  1.961637872669E+03,  1.961650055679E+03,  2.778146530917E-01,  9.921379785935E+02,  9.918599818371E+02,  3.238477350524E-02,NaN,NaN,  1.841826486293E-01,  1.344056578617E+17,  6.035567737513E+18,  5.395648279493E+20,  7.884388925105E+18,  8.649350280717E+19,  1.195655662983E+20,  3.909705179494E+15,  5.071419550321E+02,  1.169815454631E+02,  3.802539557582E+02,NaN,  9.905701834882E+00,NaN,  7.519758448967E-04,  3.719336736728E-02,NaN,  6.210113829413E+06,  1.352442248837E-05
  5.006270853748E+05,  1.961171589483E+03,  1.961312228289E+03,  7.237252396247E+00,  9.881304686762E+02,  9.808779078281E+02,  3.233451026986E-02,NaN,NaN,  8.161702174530E-02,  1.344260394024E+17,  6.011443449511E+18,  5.395777405114E+20,  7.890501501859E+18,  8.629814751222E+19,  1.197039452821E+20,  3.992832441535E+15,  5.074261681643E+02,  1.172613380424E+02,  3.802630557821E+02,NaN,  9.901006375609E+00,NaN,  7.679641842312E-04,  3.718324009232E-02,NaN,  6.210522009650E+06,  1.358518057798E-05
  5.257354393485E+05,  1.956672386473E+03,  1.956893068928E+03,  1.293930197240E+01,  9.588036739450E+02,  9.458399224810E+02,  3.168597381848E-02,NaN,NaN,  7.163186340710E-02,  1.345379123393E+17,  5.880375234414E+18,  5.396974331725E+20,  7.924914037185E+18,  8.530898034484E+19,  1.206757145612E+20,  5.320665610385E+15,  5.092198000908E+02,  1.189752551063E+02,  3.803474082185E+02,NaN,  9.896113412054E+00,NaN,  1.023353893477E-03,  3.712019032709E-02,NaN,  6.215856577690E+06,  1.441134677436E-05
  5.521047873774E+05,  1.950844070150E+03,  1.951187090584E+03,  2.270470233689E+01,  9.367704869354E+02,  9.140235638522E+02,  3.087641737115E-02,NaN,NaN,  6.345319145700E-02,  1.345625438124E+17,  5.851195085763E+18,  5.397149021248E+20,  7.932624278067E+18,  8.511209983798E+19,  1.209017991425E+20,  8.002863734736E+15,  5.096618333937E+02,  1.194095813225E+02,  3.803597193216E+02,NaN,  9.890993513225E+00,NaN,  1.539236321471E-03,  3.710442305174E-02,NaN,  6.222731124793E+06,  1.557035156320E-05
  5.798112396521E+05,  1.945212104365E+03,  1.945471295794E+03,  1.522099033764E+01,  8.967549913742E+02,  8.815046011355E+02,  3.010903378455E-02,NaN,NaN,  7.151991913044E-02,  1.347431369346E+17,  5.639432758001E+18,  5.399142267406E+20,  7.987348216772E+18,  8.345303418652E+19,  1.225410288751E+20,  1.268554639774E+16,  5.126630641472E+02,  1.222747931621E+02,  3.805001917352E+02,NaN,  9.885639366618E+00,NaN,  2.439883324310E-03,  3.699998417264E-02,NaN,  6.229602404327E+06,  1.684688819785E-05
  6.088464458315E+05,  1.939527363986E+03,  1.939966757058E+03,  2.998576237565E+01,  8.803719789447E+02,  8.503291299715E+02,  2.939284288148E-02,NaN,NaN,  6.154423810444E-02,  1.347350371458E+17,  5.648644151309E+18,  5.398921841842E+20,  7.985695124097E+18,  8.355543641207E+19,  1.224690765495E+20,  2.097939135273E+16,  5.125697734568E+02,  1.222010254823E+02,  3.804846574215E+02,NaN,  9.880055467280E+00,NaN,  4.035085719669E-03,  3.700286954509E-02,NaN,  6.236205487234E+06,  1.819840887001E-05
  6.394964864740E+05,  1.933207230098E+03,  1.933485558927E+03,  1.581707804376E+01,  8.360695247740E+02,  8.202210770513E+02,  2.860927935126E-02,NaN,NaN,  7.390625996822E-02,  1.349520050253E+17,  5.393697803401E+18,  5.401334689743E+20,  8.049765832886E+18,  8.147600266146E+19,  1.245276106727E+20,  4.182247143007E+16,  5.163284617249E+02,  1.257915339006E+02,  3.806547009291E+02,NaN,  9.874182941288E+00,NaN,  8.043953916077E-03,  3.687349604213E-02,NaN,  6.243962300192E+06,  1.996272772595E-05
  6.717975142080E+05,  1.927768195926E+03,  1.927968554276E+03,  9.935170216703E+00,  8.029716119188E+02,  7.930157961636E+02,  2.797416007227E-02,NaN,NaN,  8.469961296663E-02,  1.351065065788E+17,  5.211747486452E+18,  5.403010281795E+20,  8.094897165253E+18,  7.993421324285E+19,  1.260469670083E+20,  8.390871917601E+16,  5.191148439018E+02,  1.284578924477E+02,  3.807727869260E+02,NaN,  9.868025886679E+00,NaN,  1.613864143197E-02,  3.677859285307E-02,NaN,  6.250549996841E+06,  2.163065846366E-05
  7.059157806904E+05,  1.919779870430E+03,  1.919907783138E+03,  5.247773449154E+00,  7.701792137479E+02,  7.649024362990E+02,  2.707511035948E-02,NaN,NaN,  1.023735838887E-01,  1.352091578783E+17,  5.090577186096E+18,  5.404068628092E+20,  8.124336669590E+18,  7.886888239362E+19,  1.270611555982E+20,  1.268975206514E+17,  5.209921853327E+02,  1.302588546514E+02,  3.808473730267E+02,NaN,  9.861550732338E+00,NaN,  2.440692224253E-02,  3.671512241640E-02,NaN,  6.254512322509E+06,  2.438346561058E-05
  7.413742959579E+05,  1.914603652704E+03,  1.914724810202E+03,  4.755163672784E+00,  7.428394035761E+02,  7.380576403778E+02,  2.651889241420E-02,NaN,NaN,  1.070124029584E-01,  1.353405813045E+17,  4.935557454241E+18,  5.405457610781E+20,  8.162778859912E+18,  7.745077301700E+19,  1.283735675198E+20,  1.403704703610E+17,  5.234014010294E+02,  1.325742796005E+02,  3.809452604602E+02,NaN,  9.854862717430E+00,NaN,  2.699825132645E-02,  3.663418104723E-02,NaN,  6.255742809876E+06,  2.637974902973E-05
  7.788042686589E+05,  1.905931067348E+03,  1.906054454354E+03,  4.658268227337E+00,  7.169153352227E+02,  7.122307785009E+02,  2.557473267916E-02,NaN,NaN,  1.112485160115E-01,  1.353828596957E+17,  4.885397763489E+18,  5.405790891740E+20,  8.175001373083E+18,  7.697963614813E+19,  1.287733615106E+20,  1.682898506730E+17,  5.241732889646E+02,  1.333243536247E+02,  3.809687481667E+02,NaN,  9.847819028574E+00,NaN,  3.236814461385E-02,  3.660828583323E-02,NaN,  6.257800149430E+06,  3.018353644746E-05
  8.180801694759E+05,  1.900782731784E+03,  1.900899588054E+03,  4.215669578839E+00,  6.916462390183E+02,  6.874064381472E+02,  2.504537729937E-02,NaN,NaN,  1.164219165773E-01,  1.355105239930E+17,  4.734687017832E+18,  5.407120512910E+20,  8.212890342023E+18,  7.554823859701E+19,  1.300898184434E+20,  1.891489280916E+17,  5.265919662996E+02,  1.356526673976E+02,  3.810624521450E+02,NaN,  9.840466667396E+00,NaN,  3.638008966993E-02,  3.652784098618E-02,NaN,  6.259022674586E+06,  3.276229122722E-05
  8.593177789501E+05,  1.895684782677E+03,  1.895799078837E+03,  3.981857717266E+00,  6.675314653066E+02,  6.635265435708E+02,  2.452160387120E-02,NaN,NaN,  1.205577663386E-01,  1.356350899948E+17,  4.587579300926E+18,  5.408406079757E+20,  8.250498836830E+18,  7.411200216289E+19,  1.314060492655E+20,  2.138192424200E+17,  5.290104696801E+02,  1.379835047686E+02,  3.811530514305E+02,NaN,  9.832788409397E+00,NaN,  4.112507160829E-02,  3.644801447368E-02,NaN,  6.260231836243E+06,  3.558239967985E-05
  9.024211370738E+05,  1.887432962023E+03,  1.887583320156E+03,  5.484837495136E+00,  6.461232820626E+02,  6.406067360598E+02,  2.365205224057E-02,NaN,NaN,  1.151363481385E-01,  1.356648749503E+17,  4.552084944903E+18,  5.408569242138E+20,  8.259400050962E+18,  7.375168127481E+19,  1.316822897569E+20,  2.645650307328E+17,  5.295699599631E+02,  1.385297316553E+02,  3.811645501675E+02,NaN,  9.824792842424E+00,NaN,  5.088529783752E-02,  3.642960372585E-02,NaN,  6.262178533341E+06,  4.077390356724E-05
  9.477864935662E+05,  1.882009981417E+03,  1.882122097277E+03,  3.595686787973E+00,  6.221420875702E+02,  6.185251004391E+02,  2.311652050459E-02,NaN,NaN,  1.309587407642E-01,  1.357951621880E+17,  4.398123901445E+18,  5.409905958318E+20,  8.299247816823E+18,  7.219683609522E+19,  1.331056317697E+20,  3.086761073755E+17,  5.321854936846E+02,  1.410509602659E+02,  3.812587541610E+02,NaN,  9.816409825481E+00,NaN,  5.936943221718E-02,  3.634417779212E-02,NaN,  6.263471878874E+06,  4.473923365607E-05
  9.955548707368E+05,  1.876936536884E+03,  1.877046511624E+03,  3.403155856195E+00,  6.006334338607E+02,  5.972098874499E+02,  2.261880465298E-02,NaN,NaN,  1.357251694830E-01,  1.359144396434E+17,  4.257091193325E+18,  5.411103628186E+20,  8.336328515613E+18,  7.073070570732E+19,  1.344351380305E+20,  3.597326092342E+17,  5.346344243435E+02,  1.434144444345E+02,  3.813431589779E+02,NaN,  9.807631511312E+00,NaN,  6.918941975078E-02,  3.626484314364E-02,NaN,  6.264673414711E+06,  4.885310078842E-05
  1.045882130132E+06,  1.871856600950E+03,  1.871964601995E+03,  3.224003460329E+00,  5.798725344005E+02,  5.766289962349E+02,  2.212046866739E-02,NaN,NaN,  1.406959986520E-01,  1.360321301978E+17,  4.117882551028E+18,  5.412272667056E+20,  8.373510045654E+18,  6.924461851161E+19,  1.357776887109E+20,  4.236707031913E+17,  5.371095613911E+02,  1.458040943665E+02,  3.814255460483E+02,NaN,  9.798433979201E+00,NaN,  8.148699719386E-02,  3.618532471322E-02,NaN,  6.265875982890E+06,  5.344304681587E-05
  1.099466350589E+06,  1.863231070575E+03,  1.863339717264E+03,  3.084488526381E+00,  5.596909438232E+02,  5.565875652422E+02,  2.126321956404E-02,NaN,NaN,  1.479389823292E-01,  1.360690778975E+17,  4.073815381883E+18,  5.412477682225E+20,  8.384872654753E+18,  6.875621445339E+19,  1.361542652658E+20,  5.739562338869E+17,  5.378776849647E+02,  1.465386353710E+02,  3.814399943268E+02,NaN,  9.788662998444E+00,NaN,  1.103922684950E-01,  3.616111671287E-02,NaN,  6.267915886740E+06,  6.250034162208E-05
  1.155126419984E+06,  1.858145207986E+03,  1.858251361139E+03,  2.897301263403E+00,  5.403914570332E+02,  5.374762111534E+02,  2.078782738729E-02,NaN,NaN,  1.538822521498E-01,  1.361839491892E+17,  3.937820563327E+18,  5.413592427957E+20,  8.421573049521E+18,  6.725246303803E+19,  1.375009532876E+20,  6.990882386747E+17,  5.403749624308E+02,  1.489433751055E+02,  3.815185551322E+02,NaN,  9.778572574089E+00,NaN,  1.344596190250E-01,  3.608195737130E-02,NaN,  6.269118725635E+06,  6.872527964088E-05
  1.213552675646E+06,  1.852770113889E+03,  1.852876386383E+03,  2.804186064289E+00,  5.207402537999E+02,  5.179185563333E+02,  2.028565716041E-02,NaN,NaN,  1.591707771583E-01,  1.363034101893E+17,  3.796363237817E+18,  5.414750784715E+20,  8.460376181495E+18,  6.564778475379E+19,  1.389401120726E+20,  8.750643468128E+17,  5.430475187097E+02,  1.515109815169E+02,  3.816001893893E+02,NaN,  9.768041698215E+00,NaN,  1.683061052749E-01,  3.599813209519E-02,NaN,  6.270388813210E+06,  7.614280967544E-05
  1.274877796295E+06,  1.844319194193E+03,  1.844432832770E+03,  2.901385923004E+00,  5.031844344177E+02,  5.002648044790E+02,  1.947481570465E-02,NaN,NaN,  1.645013925585E-01,  1.363348880487E+17,  3.758694798811E+18,  5.414860764516E+20,  8.470342110964E+18,  6.519914848317E+19,  1.392570802879E+20,  1.292608644799E+18,  5.437677336019E+02,  1.521541472876E+02,  3.816079401270E+02,NaN,  9.757031411254E+00,NaN,  2.486147760940E-01,  3.597707334899E-02,NaN,  6.272382947724E+06,  8.987782190098E-05
  1.339541135116E+06,  1.839138592397E+03,  1.839241358638E+03,  2.449966829315E+00,  4.856099628128E+02,  4.831443652746E+02,  1.901386222631E-02,NaN,NaN,  1.761730846230E-01,  1.364472261465E+17,  3.625531708882E+18,  5.415910589003E+20,  8.507176175161E+18,  6.363438954704E+19,  1.406409221666E+20,  1.687185024538E+18,  5.463877456745E+02,  1.546358385087E+02,  3.816819256601E+02,NaN,  9.745475609253E+00,NaN,  3.245058965005E-01,  3.589674306576E-02,NaN,  6.273608395758E+06,  9.983599783023E-05
  1.406782484798E+06,  1.834112487672E+03,  1.834214129590E+03,  2.331914391113E+00,  4.692122801833E+02,  4.668653413224E+02,  1.856749214769E-02,NaN,NaN,  1.830667786567E-01,  1.365542675247E+17,  3.498582793153E+18,  5.416888379340E+20,  8.542774819335E+18,  6.210342113819E+19,  1.419843118254E+20,  2.230377439037E+18,  5.489648285782E+02,  1.570514821813E+02,  3.817508346446E+02,NaN,  9.733530567757E+00,NaN,  4.289811845545E-01,  3.581907071482E-02,NaN,  6.274794613214E+06,  1.107948274109E-04
  1.477530074320E+06,  1.829073730181E+03,  1.829174226468E+03,  2.216524428715E+00,  4.533737371135E+02,  4.511427923344E+02,  1.811999673206E-02,NaN,NaN,  1.904262371932E-01,  1.366598613866E+17,  3.373297599782E+18,  5.417835743691E+20,  8.578386524662E+18,  6.055449516569E+19,  1.433360439430E+20,  3.017199631056E+18,  5.516053094584E+02,  1.594863569080E+02,  3.818175993822E+02,NaN,  9.721037994183E+00,NaN,  5.803151740662E-01,  3.574118952215E-02,NaN,  6.275983366668E+06,  1.232958304686E-04
  1.551544334334E+06,  1.820663126708E+03,  1.820764696647E+03,  2.114192452007E+00,  4.381962132861E+02,  4.360681398947E+02,  1.736275385104E-02,NaN,NaN,  2.017762118299E-01,  1.366882725607E+17,  3.339135387275E+18,  5.417859658392E+20,  8.587434788535E+18,  6.010801765934E+19,  1.436178874665E+20,  5.252601960672E+18,  5.526247960681E+02,  1.600872454047E+02,  3.818192847515E+02,NaN,  9.708003087439E+00,NaN,  1.010262824420E+00,  3.571982429446E-02,NaN,  6.277965895707E+06,  1.482494530326E-04
  1.630053126583E+06,  1.815584169698E+03,  1.815684679736E+03,  2.006303156400E+00,  4.233740455808E+02,  4.213544443543E+02,  1.693527121734E-02,NaN,NaN,  2.104079633682E-01,  1.367918220964E+17,  3.216156674085E+18,  5.418752747345E+20,  8.622598728543E+18,  5.853824445770E+19,  1.449703776202E+20,  7.548085375614E+18,  5.555627486013E+02,  1.625344853559E+02,  3.818822244743E+02,NaN,  9.694272559229E+00,NaN,  1.451766211798E+00,  3.564065005500E-02,NaN,  6.279162885979E+06,  1.663466164617E-04
  1.712057955553E+06,  1.810188920170E+03,  1.810287885308E+03,  1.884608970489E+00,  4.082017110703E+02,  4.063045194598E+02,  1.648113180485E-02,NaN,NaN,  2.205516312422E-01,  1.368999339552E+17,  3.087741402430E+18,  5.419687165924E+20,  8.659863692747E+18,  5.686014134815E+19,  1.464207986024E+20,  1.124500105786E+19,  5.589455177709E+02,  1.651545933334E+02,  3.819480768691E+02,NaN,  9.680032526499E+00,NaN,  2.162815041834E+00,  3.555523798292E-02,NaN,  6.280434012175E+06,  1.886388219421E-04
  1.798731375591E+06,  1.801781557472E+03,  1.801886212037E+03,  1.897399282023E+00,  3.945312842660E+02,  3.926211236675E+02,  1.575261541058E-02,NaN,NaN,  2.316587636084E-01,  1.369269716573E+17,  3.055135274970E+18,  5.419646631344E+20,  8.668693574867E+18,  5.640508190413E+19,  1.466777374599E+20,  2.074132942909E+19,  5.613294752628E+02,  1.657298851111E+02,  3.819452202273E+02,NaN,  9.665072009154E+00,NaN,  3.989297915231E+00,  3.552654019353E-02,NaN,  6.282411852502E+06,  2.311651668804E-04
  1.889030044587E+06,  1.796664338489E+03,  1.796764536508E+03,  1.715206013187E+00,  3.812159085445E+02,  3.794890500117E+02,  1.534541373670E-02,NaN,NaN,  2.453534318592E-01,  1.370265824965E+17,  2.936668898228E+18,  5.420450350091E+20,  8.703190453779E+18,  5.480489289181E+19,  1.480303775349E+20,  2.926248968298E+19,  5.654725441891E+02,  1.681928508860E+02,  3.820018616571E+02,NaN,  9.649610490428E+00,NaN,  5.628221155538E+00,  3.544180859651E-02,NaN,  6.283616929295E+06,  2.629381259365E-04
  1.983516060535E+06,  1.791597617452E+03,  1.791697829003E+03,  1.642038281913E+00,  3.685360440967E+02,  3.668827570728E+02,  1.494258232627E-02,NaN,NaN,  2.563207705528E-01,  1.371233670553E+17,  2.821504723178E+18,  5.421206361029E+20,  8.737109312062E+18,  5.321184923505E+19,  1.493651606572E+20,  3.975718135945E+19,  5.699656455371E+02,  1.706301983961E+02,  3.820551409175E+02,NaN,  9.633581298976E+00,NaN,  7.646724924502E+00,  3.535683394967E-02,NaN,  6.284808612174E+06,  2.998383659597E-04
  2.082941558139E+06,  1.786531849549E+03,  1.786631379211E+03,  1.555300931350E+00,  3.563347166995E+02,  3.547686706297E+02,  1.453977140545E-02,NaN,NaN,  2.687740829993E-01,  1.372183990382E+17,  2.708370068483E+18,  5.421924761325E+20,  8.770800147546E+18,  5.161010960188E+19,  1.506959965666E+20,  5.208579647747E+19,  5.748073704640E+02,  1.730667626745E+02,  3.821057695983E+02,NaN,  9.616880566539E+00,NaN,  1.001795762471E+01,  3.527120131696E-02,NaN,  6.285999776711E+06,  3.433465689844E-04
  2.188185869508E+06,  1.777997553060E+03,  1.778102620273E+03,  1.544022261652E+00,  3.441227470721E+02,  3.425679174297E+02,  1.385183274805E-02,NaN,NaN,  2.858004730623E-01,  1.372455344068E+17,  2.675535191498E+18,  5.421820765447E+20,  8.779657035142E+18,  5.111403717767E+19,  1.509484483446E+20,  7.618318660637E+19,  5.800076808096E+02,  1.736571237811E+02,  3.820984405728E+02,NaN,  9.599370664113E+00,NaN,  1.465274579161E+01,  3.522838114766E-02,NaN,  6.288003925907E+06,  4.357867841438E-04
  2.299268992638E+06,  1.772753812872E+03,  1.772858013747E+03,  1.450815592506E+00,  3.324223386283E+02,  3.309613074802E+02,  1.345923394556E-02,NaN,NaN,  3.016535501123E-01,  1.373408662085E+17,  2.561940122937E+18,  5.422503609690E+20,  8.813584990678E+18,  4.945755677672E+19,  1.523065823345E+20,  9.254386135625E+19,  5.856816742262E+02,  1.761545092687E+02,  3.821465634694E+02,NaN,  9.581114023304E+00,NaN,  1.779948746478E+01,  3.513938711844E-02,NaN,  6.289235698194E+06,  5.081766457999E-04
  2.415421352549E+06,  1.767319397374E+03,  1.767422587949E+03,  1.355201185629E+00,  3.207577154409E+02,  3.193930190065E+02,  1.305235086506E-02,NaN,NaN,  3.198052224182E-01,  1.374377071714E+17,  2.446516995384E+18,  5.423188719338E+20,  8.848477399895E+18,  4.773656928029E+19,  1.537165253288E+20,  1.104395944757E+20,  5.917449349170E+02,  1.787463627517E+02,  3.821948460187E+02,NaN,  9.562250497328E+00,NaN,  2.124147564925E+01,  3.504789388726E-02,NaN,  6.290511770714E+06,  5.996732874061E-04
  2.536642008584E+06,  1.759036181266E+03,  1.759144829249E+03,  1.328503950030E+00,  3.102945610079E+02,  3.089565964681E+02,  1.241191556509E-02,NaN,NaN,  3.434852614784E-01,  1.374591081758E+17,  2.420421101237E+18,  5.422965994429E+20,  8.855391967053E+18,  4.731164907463E+19,  1.538603819033E+20,  1.391878256124E+20,  5.976602554800E+02,  1.791675316799E+02,  3.821791496606E+02,NaN,  9.542787607315E+00,NaN,  2.677078653224E+01,  3.500852220974E-02,NaN,  6.292454127309E+06,  7.822831965221E-04
  2.664158268321E+06,  1.753695143699E+03,  1.753809200198E+03,  1.334333825279E+00,  2.997000032353E+02,  2.983559723016E+02,  1.203732208343E-02,NaN,NaN,  3.590085815142E-01,  1.375510731373E+17,  2.310683551573E+18,  5.423558660100E+20,  8.888552955106E+18,  4.562702813532E+19,  1.552094466727E+20,  1.583268380772E+20,  6.038621876745E+02,  1.816667918266E+02,  3.822209172952E+02,NaN,  9.522576844718E+00,NaN,  3.045190170793E+01,  3.492156925612E-02,NaN,  6.293705474820E+06,  9.376754365004E-04
  2.798173839238E+06,  1.748381623947E+03,  1.748492973740E+03,  1.213301369295E+00,  2.895768573951E+02,  2.883547511534E+02,  1.166409078136E-02,NaN,NaN,  3.854517453949E-01,  1.376407711524E+17,  2.203590440849E+18,  5.424104648115E+20,  8.921204736430E+18,  4.394565096001E+19,  1.565398257705E+20,  1.778007871520E+20,  6.100991880171E+02,  1.841407521255E+02,  3.822593953596E+02,NaN,  9.501603384203E+00,NaN,  3.419743714774E+01,  3.483677373960E-02,NaN,  6.294951769195E+06,  1.132967569486E-03
  2.938504152971E+06,  1.740409082670E+03,  1.740591237826E+03,  2.116548384129E+00,  2.807806289764E+02,  2.786482561108E+02,  1.107557318429E-02,NaN,NaN,  3.614619255912E-01,  1.376549129243E+17,  2.186050786888E+18,  5.423736948974E+20,  8.925505667755E+18,  4.362994972521E+19,  1.565304030834E+20,  2.075403861682E+20,  6.159492698835E+02,  1.843184600137E+02,  3.822334820596E+02,NaN,  9.479904353953E+00,NaN,  3.991742345628E+01,  3.480633607507E-02,NaN,  6.296803263544E+06,  1.528435643027E-03
  3.086445429306E+06,  1.734660284572E+03,  1.734776538727E+03,  1.074896181759E+00,  2.705459193938E+02,  2.694631945244E+02,  1.069441468577E-02,NaN,NaN,  4.542461490903E-01,  1.377497766072E+17,  2.072739285172E+18,  5.424302431004E+20,  8.960106491368E+18,  4.180792343395E+19,  1.579708160021E+20,  2.296867339429E+20,  6.229034750975E+02,  1.869958561178E+02,  3.822733339491E+02,NaN,  9.457328485685E+00,NaN,  4.417695654501E+01,  3.471674144750E-02,NaN,  6.298165027067E+06,  1.935977304209E-03
  3.243997389157E+06,  1.729348534073E+03,  1.729467476881E+03,  1.026495329962E+00,  2.615835621789E+02,  2.605495556261E+02,  1.034640114165E-02,NaN,NaN,  4.866654320684E-01,  1.378343267415E+17,  1.971607687895E+18,  5.424715282161E+20,  8.991074358475E+18,  4.013977917868E+19,  1.592352476365E+20,  2.500672260932E+20,  6.292140690685E+02,  1.893811993756E+02,  3.823024293010E+02,NaN,  9.433587818829E+00,NaN,  4.809685257310E+01,  3.463815656765E-02,NaN,  6.299407850586E+06,  2.435834065121E-03
  3.407802272446E+06,  1.723827786310E+03,  1.723957923689E+03,  1.063136015589E+00,  2.526302998983E+02,  2.515591942214E+02,  9.985245218342E-03,NaN,NaN,  5.141176514762E-01,  1.379200577677E+17,  1.869041280188E+18,  5.425124983352E+20,  9.022781921416E+18,  3.841453091366E+19,  1.605423549697E+20,  2.714169935697E+20,  6.357892210715E+02,  1.918455272713E+02,  3.823313026616E+02,NaN,  9.409216298268E+00,NaN,  5.220317484024E+01,  3.455835446813E-02,NaN,  6.300697080394E+06,  3.142010379839E-03
  3.578826509301E+06,  1.694238126236E+03,  1.695190319578E+03,  8.408727125999E+00,  2.519120219949E+02,  2.434202400344E+02,  8.156032271692E-03,NaN,NaN,  4.756025465769E-01,  1.381370370239E+17,  1.610519382940E+18,  5.427082808400E+20,  9.106057539758E+18,  3.400092383401E+19,  1.645892804757E+20,  3.886590037035E+20,  6.656300078631E+02,  1.990233990091E+02,  3.824692788010E+02,NaN,  9.384332251657E+00,NaN,  7.475299780136E+01,  3.429642259140E-02,NaN,  6.307419953764E+06,  1.820017941745E-02
  3.665951359326E+06,  1.419726641971E+03,  1.660000063267E+03,  1.943525861278E-01,  2.530748341749E+02,  2.395208578184E+02,  6.219811611417E-03,NaN,NaN,  5.192358844032E+03,  1.385084802420E+17,  1.168430742291E+18,  5.431205218106E+20,  9.253323375758E+18,  2.589636811085E+19,  1.725166105454E+20,  5.376630788874E+20,  7.082983471815E+02,  2.127542832079E+02,  3.827598022964E+02,NaN,  9.372462205359E+00,NaN,  1.034117994719E+02,  3.389235514577E-02,NaN,  6.315623931926E+06,  5.976099836900E+12
