t(yr),T_surf(K),T_pot(K),flux_surf(W/m2),flux_OLR(W/m2),flux_ASR(W/m2),phi(vol_frac),fO2_solid(bar),fO2_melt(bar),thick_surf_bl(m),massC_solid(kg),massC_melt(kg),massC_atm(kg),massH_solid(kg),massH_melt(kg),massH_atm(kg),massO_atm(kg),p_surf(bar),p_H2O(bar),p_CO2(bar),p_CO(bar),p_H2(bar),p_CH4(bar),p_O2(bar),mmw(kg/mol),R_trans(m),R_solid(m),viscosity(Pa.s)
  3.996802888651E-06,  3.598991705170E+03,  3.599999999996E+03,  3.171152977232E+02,  2.015059142177E+05,  9.918599818371E+02,  9.305230993342E-01,NaN,NaN,  1.335425411702E-02,  8.169911478927E+15,  1.322560407195E+20,  4.135687629340E+20,  6.117546608188E+17,  8.232904043107E+20,  6.739085429830E+19,  1.052196068052E+13,  3.279247353091E+02,  2.646548698618E+01,  2.914592462992E+02,NaN,  1.000000000000E+01,NaN,  2.023748571684E-06,  4.063127149598E-02,NaN,  3.504050000000E+06,  4.266428404979E-07
  7.993605777301E-06,  3.598983410607E+03,  3.599999999992E+03,  3.205983147892E+02,  2.015029219307E+05,  9.918599818371E+02,  9.305230993324E-01,NaN,NaN,  1.331783486656E-02,  8.169911479141E+15,  1.322560407194E+20,  4.135687629341E+20,  6.117546608357E+17,  8.232904043106E+20,  6.739085429832E+19,  1.052196068052E+13,  3.279247353093E+02,  2.646548698624E+01,  2.914592462994E+02,NaN,  9.999999999998E+00,NaN,  2.023748571684E-06,  4.063127149598E-02,NaN,  3.504050000000E+06,  4.266428404991E-07
  1.199040866595E-05,  3.598975116313E+03,  3.599999999987E+03,  3.240907045642E+02,  2.014999297780E+05,  9.918599818371E+02,  9.305230993306E-01,NaN,NaN,  1.328181083800E-02,  8.169911479359E+15,  1.322560407192E+20,  4.135687629343E+20,  6.117546608528E+17,  8.232904043106E+20,  6.739085429834E+19,  1.052196068052E+13,  3.279247353095E+02,  2.646548698631E+01,  2.914592462995E+02,NaN,  9.999999999994E+00,NaN,  2.023748571684E-06,  4.063127149597E-02,NaN,  3.504050000000E+06,  4.266428405003E-07
  2.572571067992E-05,  3.598946614491E+03,  3.599999999972E+03,  3.361632592250E+02,  2.014896480797E+05,  9.918599818371E+02,  9.305230993242E-01,NaN,NaN,  1.316092374936E-02,  8.169911480123E+15,  1.322560407185E+20,  4.135687629350E+20,  6.117546609131E+17,  8.232904043104E+20,  6.739085429846E+19,  1.052196068052E+13,  3.279247353103E+02,  2.646548698655E+01,  2.914592463000E+02,NaN,  9.999999999990E+00,NaN,  2.023748571684E-06,  4.063127149596E-02,NaN,  3.504050000000E+06,  4.266428405047E-07
  3.946101269388E-05,  3.598918115505E+03,  3.599999999957E+03,  3.483439835960E+02,  2.014793678477E+05,  9.918599818371E+02,  9.305230993177E-01,NaN,NaN,  1.304433236290E-02,  8.169911480912E+15,  1.322560407178E+20,  4.135687629357E+20,  6.117546609753E+17,  8.232904043101E+20,  6.739085429858E+19,  1.052196094895E+13,  3.279247353110E+02,  2.646548698679E+01,  2.914592463005E+02,NaN,  9.999999999986E+00,NaN,  2.023748623312E-06,  4.063127149595E-02,NaN,  3.504050000000E+06,  4.266428405092E-07
  5.319631470785E-05,  3.598889619603E+03,  3.599999999941E+03,  3.606308079881E+02,  2.014690891719E+05,  9.918599818371E+02,  9.305230993109E-01,NaN,NaN,  1.293177763365E-02,  8.169911481729E+15,  1.322560407170E+20,  4.135687629364E+20,  6.117546610397E+17,  8.232904043099E+20,  6.739085429870E+19,  1.052196094895E+13,  3.279247353117E+02,  2.646548698704E+01,  2.914592463010E+02,NaN,  9.999999999981E+00,NaN,  2.023748623312E-06,  4.063127149594E-02,NaN,  3.504050000000E+06,  4.266428405139E-07
  6.693161672182E-05,  3.598861126880E+03,  3.599999999924E+03,  3.730218112778E+02,  2.014588120853E+05,  9.918599818371E+02,  9.305230993038E-01,NaN,NaN,  1.282302171590E-02,  8.169911482573E+15,  1.322560407163E+20,  4.135687629372E+20,  6.117546611063E+17,  8.232904043097E+20,  6.739085429883E+19,  1.052196094895E+13,  3.279247353125E+02,  2.646548698730E+01,  2.914592463015E+02,NaN,  9.999999999977E+00,NaN,  2.023748623312E-06,  4.063127149593E-02,NaN,  3.504050000000E+06,  4.266428405187E-07
  9.521250755794E-05,  3.598802470761E+03,  3.599999999888E+03,  3.988551970069E+02,  2.014376567101E+05,  9.918599818371E+02,  9.305230992886E-01,NaN,NaN,  1.261014616659E-02,  8.169911484403E+15,  1.322560407146E+20,  4.135687629388E+20,  6.117546612505E+17,  8.232904043092E+20,  6.739085429911E+19,  1.052196094895E+13,  3.279247353142E+02,  2.646548698786E+01,  2.914592463026E+02,NaN,  9.999999999969E+00,NaN,  2.023748623312E-06,  4.063127149590E-02,NaN,  3.504050000000E+06,  4.266428405292E-07
  1.400481148731E-04,  3.598709507680E+03,  3.599999999826E+03,  4.406640572529E+02,  2.014041317634E+05,  9.918599818371E+02,  9.305230992624E-01,NaN,NaN,  1.229977104224E-02,  8.169911487559E+15,  1.322560407118E+20,  4.135687629416E+20,  6.117546614993E+17,  8.232904043084E+20,  6.739085429961E+19,  1.052196094895E+13,  3.279247353172E+02,  2.646548698884E+01,  2.914592463046E+02,NaN,  9.999999999955E+00,NaN,  2.023748623312E-06,  4.063127149586E-02,NaN,  3.504050000000E+06,  4.266428405473E-07
  1.848837221883E-04,  3.598616579816E+03,  3.599999999757E+03,  4.834733239539E+02,  2.013706242301E+05,  9.918599818371E+02,  9.305230992335E-01,NaN,NaN,  1.201796141341E-02,  8.169911491033E+15,  1.322560407087E+20,  4.135687629447E+20,  6.117546617732E+17,  8.232904043075E+20,  6.739085430016E+19,  1.052196094895E+13,  3.279247353204E+02,  2.646548698991E+01,  2.914592463068E+02,NaN,  9.999999999941E+00,NaN,  2.023748623312E-06,  4.063127149581E-02,NaN,  3.504050000000E+06,  4.266428405671E-07
  2.844440535599E-04,  3.598410355943E+03,  3.599999999582E+03,  5.818801071296E+02,  2.012962817338E+05,  9.918599818371E+02,  9.305230991596E-01,NaN,NaN,  1.147401879344E-02,  8.169911499926E+15,  1.322560407007E+20,  4.135687629526E+20,  6.117546624742E+17,  8.232904043051E+20,  6.739085430160E+19,  1.052196068052E+13,  3.279247353287E+02,  2.646548699265E+01,  2.914592463124E+02,NaN,  9.999999999911E+00,NaN,  2.023748571684E-06,  4.063127149568E-02,NaN,  3.504050000000E+06,  4.266428406180E-07
  3.840043849314E-04,  3.598204312233E+03,  3.599999999374E+03,  6.845545132998E+02,  2.012220273537E+05,  9.918599818371E+02,  9.305230990717E-01,NaN,NaN,  1.101721754094E-02,  8.169911510494E+15,  1.322560406912E+20,  4.135687629620E+20,  6.117546633073E+17,  8.232904043023E+20,  6.739085430333E+19,  1.052196068052E+13,  3.279247353385E+02,  2.646548699590E+01,  2.914592463190E+02,NaN,  9.999999999880E+00,NaN,  2.023748571684E-06,  4.063127149553E-02,NaN,  3.504050000000E+06,  4.266428406785E-07
  4.835647163030E-04,  3.597998452737E+03,  3.599999999131E+03,  7.911424525999E+02,  2.011478624821E+05,  9.918599818371E+02,  9.305230989693E-01,NaN,NaN,  1.062576635342E-02,  8.169911522805E+15,  1.322560406802E+20,  4.135687629730E+20,  6.117546642779E+17,  8.232904042991E+20,  6.739085430538E+19,  1.052196094895E+13,  3.279247353500E+02,  2.646548699970E+01,  2.914592463267E+02,NaN,  9.999999999850E+00,NaN,  2.023748623312E-06,  4.063127149535E-02,NaN,  3.504050000000E+06,  4.266428407489E-07
  5.831250476745E-04,  3.597792781412E+03,  3.599999998853E+03,  9.013510453270E+02,  2.010737884754E+05,  9.918599818371E+02,  9.305230988520E-01,NaN,NaN,  1.028490874747E-02,  8.169911536924E+15,  1.322560406675E+20,  4.135687629856E+20,  6.117546653909E+17,  8.232904042954E+20,  6.739085430776E+19,  1.052196094895E+13,  3.279247353632E+02,  2.646548700405E+01,  2.914592463356E+02,NaN,  9.999999999820E+00,NaN,  2.023748623312E-06,  4.063127149514E-02,NaN,  3.504050000000E+06,  4.266428408297E-07
  7.753522106982E-04,  3.597396224445E+03,  3.599999998211E+03,  1.123495844726E+03,  2.009310307118E+05,  9.918599818371E+02,  9.305230985810E-01,NaN,NaN,  9.733769704967E-03,  8.169911569511E+15,  1.322560406383E+20,  4.135687630147E+20,  6.117546679597E+17,  8.232904042869E+20,  6.739085431329E+19,  1.052196068052E+13,  3.279247353937E+02,  2.646548701409E+01,  2.914592463561E+02,NaN,  9.999999999761E+00,NaN,  2.023748571684E-06,  4.063127149467E-02,NaN,  3.504050000000E+06,  4.266428410161E-07
  9.675793737218E-04,  3.597000405173E+03,  3.599999997424E+03,  1.356802927095E+03,  2.007886239464E+05,  9.918599818371E+02,  9.305230982491E-01,NaN,NaN,  9.285274378712E-03,  8.169911609438E+15,  1.322560406025E+20,  4.135687630503E+20,  6.117546711072E+17,  8.232904042765E+20,  6.739085432015E+19,  1.052196094895E+13,  3.279247354311E+02,  2.646548702640E+01,  2.914592463812E+02,NaN,  9.999999999702E+00,NaN,  2.023748623312E-06,  4.063127149408E-02,NaN,  3.504050000000E+06,  4.266428412445E-07
  1.159806536745E-03,  3.596605344360E+03,  3.599999996486E+03,  1.600150537874E+03,  2.006465751233E+05,  9.918599818371E+02,  9.305230978532E-01,NaN,NaN,  8.910123510368E-03,  8.169911657052E+15,  1.322560405599E+20,  4.135687630928E+20,  6.117546748607E+17,  8.232904042641E+20,  6.739085432838E+19,  1.052196068052E+13,  3.279247354756E+02,  2.646548704108E+01,  2.914592464112E+02,NaN,  9.999999999644E+00,NaN,  2.023748571684E-06,  4.063127149339E-02,NaN,  3.504050000000E+06,  4.266428415168E-07
  1.352033699769E-03,  3.596211060443E+03,  3.599999995390E+03,  1.852635604113E+03,  2.005048903336E+05,  9.918599818371E+02,  9.305230973909E-01,NaN,NaN,  8.589669087718E-03,  8.169911712663E+15,  1.322560405100E+20,  4.135687631425E+20,  6.117546792445E+17,  8.232904042497E+20,  6.739085433805E+19,  1.052196094895E+13,  3.279247355277E+02,  2.646548705822E+01,  2.914592464462E+02,NaN,  9.999999999585E+00,NaN,  2.023748623312E-06,  4.063127149257E-02,NaN,  3.504050000000E+06,  4.266428418350E-07
  1.544260862793E-03,  3.595817570106E+03,  3.599999994131E+03,  2.113511207023E+03,  2.003635750261E+05,  9.918599818371E+02,  9.305230968597E-01,NaN,NaN,  8.311373438727E-03,  8.169911776552E+15,  1.322560404528E+20,  4.135687631996E+20,  6.117546842809E+17,  8.232904042331E+20,  6.739085434921E+19,  1.052196094895E+13,  3.279247355876E+02,  2.646548707791E+01,  2.914592464864E+02,NaN,  9.999999999526E+00,NaN,  2.023748623312E-06,  4.063127149164E-02,NaN,  3.504050000000E+06,  4.266428422004E-07
  1.736488025816E-03,  3.595424888651E+03,  3.599999992704E+03,  2.382146363026E+03,  2.002226341402E+05,  9.918599818371E+02,  9.305230962576E-01,NaN,NaN,  8.066438453064E-03,  8.169911848979E+15,  1.322560403879E+20,  4.135687632643E+20,  6.117546899903E+17,  8.232904042143E+20,  6.739085436189E+19,  1.052196068052E+13,  3.279247356555E+02,  2.646548710024E+01,  2.914592465320E+02,NaN,  9.999999999468E+00,NaN,  2.023748571684E-06,  4.063127149057E-02,NaN,  3.504050000000E+06,  4.266428426147E-07
  1.928715188840E-03,  3.595033030224E+03,  3.599999991104E+03,  2.657998877533E+03,  2.000820721889E+05,  9.918599818371E+02,  9.305230955825E-01,NaN,NaN,  7.848474231947E-03,  8.169911930183E+15,  1.322560403151E+20,  4.135687633368E+20,  6.117546963917E+17,  8.232904041933E+20,  6.739085437615E+19,  1.052196094895E+13,  3.279247357316E+02,  2.646548712527E+01,  2.914592465831E+02,NaN,  9.999999999409E+00,NaN,  2.023748623312E-06,  4.063127148938E-02,NaN,  3.504050000000E+06,  4.266428430792E-07
  2.120942351864E-03,  3.594642007963E+03,  3.599999989327E+03,  2.940596292199E+03,  1.999418933145E+05,  9.918599818371E+02,  9.305230948325E-01,NaN,NaN,  7.652706966145E-03,  8.169912020390E+15,  1.322560402343E+20,  4.135687634175E+20,  6.117547035028E+17,  8.232904041699E+20,  6.739085439203E+19,  1.052196041210E+13,  3.279247358161E+02,  2.646548715308E+01,  2.914592466400E+02,NaN,  9.999999999350E+00,NaN,  2.023748520056E-06,  4.063127148805E-02,NaN,  3.504050000000E+06,  4.266428435953E-07
  2.313169514887E-03,  3.594251834121E+03,  3.599999987368E+03,  3.229522074903E+03,  1.998021013323E+05,  9.918599818371E+02,  9.305230940059E-01,NaN,NaN,  7.475484940941E-03,  8.169912119811E+15,  1.322560401453E+20,  4.135687635063E+20,  6.117547113401E+17,  8.232904041441E+20,  6.739085440955E+19,  1.052196068052E+13,  3.279247359094E+02,  2.646548718373E+01,  2.914592467026E+02,NaN,  9.999999999292E+00,NaN,  2.023748571684E-06,  4.063127148659E-02,NaN,  3.504050000000E+06,  4.266428441640E-07
  2.505396677911E-03,  3.593862520162E+03,  3.599999985224E+03,  3.524405338031E+03,  1.996626997665E+05,  9.918599818371E+02,  9.305230931011E-01,NaN,NaN,  7.313958181717E-03,  8.169912228642E+15,  1.322560400478E+20,  4.135687636036E+20,  6.117547199192E+17,  8.232904041159E+20,  6.739085442877E+19,  1.052196041210E+13,  3.279247360114E+02,  2.646548721728E+01,  2.914592467711E+02,NaN,  9.999999999233E+00,NaN,  2.023748520056E-06,  4.063127148499E-02,NaN,  3.504050000000E+06,  4.266428447865E-07
  2.818888949439E-03,  3.593229482459E+03,  3.599999981319E+03,  4.017242345863E+03,  1.994362035833E+05,  9.918599818371E+02,  9.305230914538E-01,NaN,NaN,  7.078511268636E-03,  8.169912426795E+15,  1.322560398703E+20,  4.135687637807E+20,  6.117547355396E+17,  8.232904040646E+20,  6.739085446382E+19,  1.052196068052E+13,  3.279247361972E+02,  2.646548727837E+01,  2.914592468960E+02,NaN,  9.999999999137E+00,NaN,  2.023748571684E-06,  4.063127148208E-02,NaN,  3.504050000000E+06,  4.266428459200E-07
  3.132381220967E-03,  3.592598803228E+03,  3.599999976897E+03,  4.523777809011E+03,  1.992107672100E+05,  9.918599818371E+02,  9.305230895879E-01,NaN,NaN,  6.871453621964E-03,  8.169912651222E+15,  1.322560396692E+20,  4.135687639813E+20,  6.117547532312E+17,  8.232904040065E+20,  6.739085450357E+19,  1.052196041210E+13,  3.279247364077E+02,  2.646548734756E+01,  2.914592470374E+02,NaN,  9.999999999042E+00,NaN,  2.023748520056E-06,  4.063127147877E-02,NaN,  3.504050000000E+06,  4.266428472038E-07
  3.445873492496E-03,  3.591970521960E+03,  3.599999971944E+03,  5.042913685263E+03,  1.989864021546E+05,  9.918599818371E+02,  9.305230874979E-01,NaN,NaN,  6.687342285750E-03,  8.169912902618E+15,  1.322560394441E+20,  4.135687642061E+20,  6.117547730487E+17,  8.232904039415E+20,  6.739085454817E+19,  1.052196014367E+13,  3.279247366435E+02,  2.646548742506E+01,  2.914592471958E+02,NaN,  9.999999998946E+00,NaN,  2.023748468429E-06,  4.063127147507E-02,NaN,  3.504050000000E+06,  4.266428486418E-07
  3.759365764024E-03,  3.591344674479E+03,  3.599999966447E+03,  5.573689457759E+03,  1.987631185769E+05,  9.918599818371E+02,  9.305230851784E-01,NaN,NaN,  6.522111886875E-03,  8.169913181619E+15,  1.322560391942E+20,  4.135687644556E+20,  6.117547950424E+17,  8.232904038693E+20,  6.739085459772E+19,  1.052196041210E+13,  3.279247369052E+02,  2.646548751107E+01,  2.914592473716E+02,NaN,  9.999999998850E+00,NaN,  2.023748520056E-06,  4.063127147096E-02,NaN,  3.504050000000E+06,  4.266428502378E-07
  4.439008898561E-03,  3.589996365347E+03,  3.599999952606E+03,  6.760437826066E+03,  1.982828017416E+05,  9.918599818371E+02,  9.305230793386E-01,NaN,NaN,  6.214844004519E-03,  8.169913884050E+15,  1.322560385650E+20,  4.135687650836E+20,  6.117548504149E+17,  8.232904036876E+20,  6.739085472264E+19,  1.052195987525E+13,  3.279247375642E+02,  2.646548772763E+01,  2.914592478142E+02,NaN,  9.999999998643E+00,NaN,  2.023748416801E-06,  4.063127146061E-02,NaN,  3.504050000000E+06,  4.266428542559E-07
  4.869775617370E-03,  3.589147925524E+03,  3.599999942435E+03,  7.535540670781E+03,  1.979810596733E+05,  9.918599818371E+02,  9.305230750467E-01,NaN,NaN,  6.048467258858E-03,  8.169914400295E+15,  1.322560381026E+20,  4.135687655453E+20,  6.117548911104E+17,  8.232904035541E+20,  6.739085481456E+19,  1.052195987525E+13,  3.279247380486E+02,  2.646548788679E+01,  2.914592481395E+02,NaN,  9.999999998511E+00,NaN,  2.023748416801E-06,  4.063127145300E-02,NaN,  3.504050000000E+06,  4.266428572090E-07
  5.300542336179E-03,  3.588304325083E+03,  3.599999931148E+03,  8.326531135708E+03,  1.976814235177E+05,  9.918599818371E+02,  9.305230702845E-01,NaN,NaN,  5.899400924015E-03,  8.169914973106E+15,  1.322560375896E+20,  4.135687660575E+20,  6.117549362649E+17,  8.232904034060E+20,  6.739085491663E+19,  1.052195960682E+13,  3.279247385860E+02,  2.646548806339E+01,  2.914592485005E+02,NaN,  9.999999998380E+00,NaN,  2.023748365173E-06,  4.063127144456E-02,NaN,  3.504050000000E+06,  4.266428604856E-07
  5.731309054988E-03,  3.587465622766E+03,  3.599999918726E+03,  9.132024334105E+03,  1.973839070945E+05,  9.918599818371E+02,  9.305230650429E-01,NaN,NaN,  5.764772530809E-03,  8.169915603582E+15,  1.322560370249E+20,  4.135687666213E+20,  6.117549859652E+17,  8.232904032430E+20,  6.739085502904E+19,  1.052195933840E+13,  3.279247391776E+02,  2.646548825776E+01,  2.914592488979E+02,NaN,  9.999999998248E+00,NaN,  2.023748313545E-06,  4.063127143526E-02,NaN,  3.504050000000E+06,  4.266428640921E-07
  6.162075773797E-03,  3.586631871295E+03,  3.599999905147E+03,  9.950781290264E+03,  1.970885220379E+05,  9.918599818371E+02,  9.305230593135E-01,NaN,NaN,  5.642345112831E-03,  8.169916292733E+15,  1.322560364077E+20,  4.135687672376E+20,  6.117550402907E+17,  8.232904030648E+20,  6.739085515197E+19,  1.052195880155E+13,  3.279247398243E+02,  2.646548847023E+01,  2.914592493322E+02,NaN,  9.999999998117E+00,NaN,  2.023748210290E-06,  4.063127142510E-02,NaN,  3.504050000000E+06,  4.266428680342E-07
  6.879116589848E-03,  3.585255140219E+03,  3.599999879933E+03,  1.134009284062E+04,  1.966015855002E+05,  9.918599818371E+02,  9.305230486744E-01,NaN,NaN,  5.460969999910E-03,  8.169917572447E+15,  1.322560352615E+20,  4.135687683821E+20,  6.117551411702E+17,  8.232904027341E+20,  6.739085538039E+19,  1.052195826469E+13,  3.279247410252E+02,  2.646548886477E+01,  2.914592501388E+02,NaN,  9.999999997898E+00,NaN,  2.023748107034E-06,  4.063127140622E-02,NaN,  3.504050000000E+06,  4.266428753544E-07
  7.596157405898E-03,  3.583892445188E+03,  3.599999851391E+03,  1.275854867335E+04,  1.961206148774E+05,  9.918599818371E+02,  9.305230366314E-01,NaN,NaN,  5.302413917669E-03,  8.169919021024E+15,  1.322560339641E+20,  4.135687696776E+20,  6.117552553610E+17,  8.232904023597E+20,  6.739085563910E+19,  1.052195772784E+13,  3.279247423846E+02,  2.646548931137E+01,  2.914592510518E+02,NaN,  9.999999997679E+00,NaN,  2.023748003779E-06,  4.063127138485E-02,NaN,  3.504050000000E+06,  4.266428836406E-07
  8.313198221949E-03,  3.582543942752E+03,  3.599999819458E+03,  1.420221265603E+04,  1.956456327926E+05,  9.918599818371E+02,  9.305230231576E-01,NaN,NaN,  5.162201407716E-03,  8.169920641712E+15,  1.322560325126E+20,  4.135687711271E+20,  6.117553831194E+17,  8.232904019409E+20,  6.739085592868E+19,  1.052195719099E+13,  3.279247439055E+02,  2.646548981104E+01,  2.914592520733E+02,NaN,  9.999999997461E+00,NaN,  2.023747900523E-06,  4.063127136094E-02,NaN,  3.504050000000E+06,  4.266428929114E-07
  9.030239038000E-03,  3.581209762259E+03,  3.599999784079E+03,  1.566763694186E+04,  1.951766522924E+05,  9.918599818371E+02,  9.305230082295E-01,NaN,NaN,  5.037013043851E-03,  8.169922437326E+15,  1.322560309044E+20,  4.135687727331E+20,  6.117555246670E+17,  8.232904014769E+20,  6.739085624965E+19,  1.052195638572E+13,  3.279247455907E+02,  2.646549036464E+01,  2.914592532051E+02,NaN,  9.999999997242E+00,NaN,  2.023747745640E-06,  4.063127133445E-02,NaN,  3.504050000000E+06,  4.266429031827E-07
  9.747279854050E-03,  3.579890009352E+03,  3.599999745205E+03,  1.715176973732E+04,  1.947136781801E+05,  9.918599818371E+02,  9.305229918269E-01,NaN,NaN,  4.924325120600E-03,  8.169924410295E+15,  1.322560291374E+20,  4.135687744977E+20,  6.117556801955E+17,  8.232904009671E+20,  6.739085660242E+19,  1.052195558044E+13,  3.279247474424E+02,  2.646549097292E+01,  2.914592544487E+02,NaN,  9.999999997023E+00,NaN,  2.023747590756E-06,  4.063127130533E-02,NaN,  3.504050000000E+06,  4.266429144686E-07
  1.046432067010E-02,  3.578584768373E+03,  3.599999702795E+03,  1.865188706389E+04,  1.942567079462E+05,  9.918599818371E+02,  9.305229739325E-01,NaN,NaN,  4.822178274209E-03,  8.169926562707E+15,  1.322560272097E+20,  4.135687764229E+20,  6.117558498693E+17,  8.232904004110E+20,  6.739085698739E+19,  1.052195477516E+13,  3.279247494625E+02,  2.646549163652E+01,  2.914592558054E+02,NaN,  9.999999996804E+00,NaN,  2.023747435873E-06,  4.063127127357E-02,NaN,  3.504050000000E+06,  4.266429267808E-07
  1.118136148615E-02,  3.577294104421E+03,  3.599999656815E+03,  2.016554065983E+04,  1.938057325670E+05,  9.918599818371E+02,  9.305229545315E-01,NaN,NaN,  4.729023717466E-03,  8.169928896334E+15,  1.322560251198E+20,  4.135687785101E+20,  6.117560338283E+17,  8.232903998081E+20,  6.739085740487E+19,  1.052195370146E+13,  3.279247516527E+02,  2.646549235600E+01,  2.914592572764E+02,NaN,  9.999999996585E+00,NaN,  2.023747229362E-06,  4.063127123913E-02,NaN,  3.504050000000E+06,  4.266429401297E-07
  1.189840230220E-02,  3.576018065278E+03,  3.599999607235E+03,  2.169051720126E+04,  1.933607372451E+05,  9.918599818371E+02,  9.305229336116E-01,NaN,NaN,  4.643618005315E-03,  8.169931412670E+15,  1.322560228661E+20,  4.135687807608E+20,  6.117562321901E+17,  8.232903991580E+20,  6.739085785512E+19,  1.052195289619E+13,  3.279247540145E+02,  2.646549313181E+01,  2.914592588626E+02,NaN,  9.999999996366E+00,NaN,  2.023747074478E-06,  4.063127120199E-02,NaN,  3.504050000000E+06,  4.266429545238E-07
  1.261544311825E-02,  3.574756683140E+03,  3.599999554031E+03,  2.322480584842E+04,  1.929217020717E+05,  9.918599818371E+02,  9.305229111624E-01,NaN,NaN,  4.564949151131E-03,  8.169934112953E+15,  1.322560204478E+20,  4.135687831761E+20,  6.117564450524E+17,  8.232903984604E+20,  6.739085833836E+19,  1.052195155406E+13,  3.279247565489E+02,  2.646549396433E+01,  2.914592605647E+02,NaN,  9.999999996148E+00,NaN,  2.023746816340E-06,  4.063127116214E-02,NaN,  3.504050000000E+06,  4.266429699700E-07
  1.333248393430E-02,  3.573509976098E+03,  3.599999497183E+03,  2.476657208915E+04,  1.924886025939E+05,  9.918599818371E+02,  9.305228871755E-01,NaN,NaN,  4.492183583331E-03,  8.169936998190E+15,  1.322560178638E+20,  4.135687857568E+20,  6.117566724946E+17,  8.232903977151E+20,  6.739085885479E+19,  1.052195048036E+13,  3.279247592570E+02,  2.646549485387E+01,  2.914592623834E+02,NaN,  9.999999995929E+00,NaN,  2.023746609828E-06,  4.063127111955E-02,NaN,  3.504050000000E+06,  4.266429864742E-07
  1.404952475035E-02,  3.572277949406E+03,  3.599999436674E+03,  2.631413638986E+04,  1.920614102984E+05,  9.918599818371E+02,  9.305228616444E-01,NaN,NaN,  4.424627310684E-03,  8.169940069180E+15,  1.322560151135E+20,  4.135687885037E+20,  6.117569145795E+17,  8.232903969218E+20,  6.739085940454E+19,  1.052194913823E+13,  3.279247621394E+02,  2.646549580068E+01,  2.914592643193E+02,NaN,  9.999999995710E+00,NaN,  2.023746351689E-06,  4.063127107422E-02,NaN,  3.504050000000E+06,  4.266430040410E-07
  1.476656556641E-02,  3.571060596578E+03,  3.599999372494E+03,  2.786595653836E+04,  1.916400930333E+05,  9.918599818371E+02,  9.305228345640E-01,NaN,NaN,  4.361696993271E-03,  8.169943326524E+15,  1.322560121963E+20,  4.135687914172E+20,  6.117571713547E+17,  8.232903960803E+20,  6.739085998771E+19,  1.052194779610E+13,  3.279247651968E+02,  2.646549680495E+01,  2.914592663726E+02,NaN,  9.999999995491E+00,NaN,  2.023746093551E-06,  4.063127102614E-02,NaN,  3.504050000000E+06,  4.266430226737E-07
  1.657394484996E-02,  3.568057095144E+03,  3.599999194381E+03,  3.178715562236E+04,  1.906039407475E+05,  9.918599818371E+02,  9.305227594104E-01,NaN,NaN,  4.220472520007E-03,  8.169952366313E+15,  1.322560041004E+20,  4.135687995030E+20,  6.117578839579E+17,  8.232903937453E+20,  6.739086160644E+19,  1.052194430657E+13,  3.279247736817E+02,  2.646549959201E+01,  2.914592720710E+02,NaN,  9.999999994939E+00,NaN,  2.023745422389E-06,  4.063127089270E-02,NaN,  3.504050000000E+06,  4.266430743834E-07
  1.766428331747E-02,  3.566289980381E+03,  3.599999075602E+03,  3.415307759110E+04,  1.899965333717E+05,  9.918599818371E+02,  9.305227092926E-01,NaN,NaN,  4.145400939384E-03,  8.169958394692E+15,  1.322559987015E+20,  4.135688048953E+20,  6.117583591727E+17,  8.232903921882E+20,  6.739086268611E+19,  1.052194162232E+13,  3.279247793401E+02,  2.646550145062E+01,  2.914592758711E+02,NaN,  9.999999994607E+00,NaN,  2.023744906112E-06,  4.063127080370E-02,NaN,  3.504050000000E+06,  4.266431088671E-07
  1.875462178497E-02,  3.564556378133E+03,  3.599998948307E+03,  3.651466452529E+04,  1.894022349905E+05,  9.918599818371E+02,  9.305226555813E-01,NaN,NaN,  4.076685262354E-03,  8.169964855318E+15,  1.322559929155E+20,  4.135688106742E+20,  6.117588684614E+17,  8.232903905194E+20,  6.739086384331E+19,  1.052193893807E+13,  3.279247854043E+02,  2.646550344250E+01,  2.914592799438E+02,NaN,  9.999999994274E+00,NaN,  2.023744389834E-06,  4.063127070833E-02,NaN,  3.504050000000E+06,  4.266431458234E-07
  1.984496025248E-02,  3.562856072837E+03,  3.599998812517E+03,  3.886860348276E+04,  1.888208773277E+05,  9.918599818371E+02,  9.305225982856E-01,NaN,NaN,  4.013509431226E-03,  8.169971747086E+15,  1.322559867434E+20,  4.135688168388E+20,  6.117594117369E+17,  8.232903887394E+20,  6.739086507786E+19,  1.052193625381E+13,  3.279247918732E+02,  2.646550556730E+01,  2.914592842882E+02,NaN,  9.999999993941E+00,NaN,  2.023743873556E-06,  4.063127060658E-02,NaN,  3.504050000000E+06,  4.266431852459E-07
  2.093529871999E-02,  3.561188815957E+03,  3.599998668265E+03,  4.121193411571E+04,  1.882522837826E+05,  9.918599818371E+02,  9.305225374195E-01,NaN,NaN,  3.955198492630E-03,  8.169979068325E+15,  1.322559801867E+20,  4.135688233876E+20,  6.117599888675E+17,  8.232903868484E+20,  6.739086638944E+19,  1.052193330113E+13,  3.279247987453E+02,  2.646550782452E+01,  2.914592889034E+02,NaN,  9.999999993608E+00,NaN,  2.023743305650E-06,  4.063127049850E-02,NaN,  3.504050000000E+06,  4.266432271251E-07
  2.202563718749E-02,  3.559554329441E+03,  3.599998515594E+03,  4.354200894398E+04,  1.876962706820E+05,  9.918599818371E+02,  9.305224730010E-01,NaN,NaN,  3.901188437665E-03,  8.169986816854E+15,  1.322559732474E+20,  4.135688303186E+20,  6.117605996812E+17,  8.232903848471E+20,  6.739086777768E+19,  1.052193034845E+13,  3.279248060185E+02,  2.646551021348E+01,  2.914592937880E+02,NaN,  9.999999993276E+00,NaN,  2.023742737745E-06,  4.063127038410E-02,NaN,  3.504050000000E+06,  4.266432714485E-07
  2.420631412250E-02,  3.556382426150E+03,  3.599998185212E+03,  4.815316925796E+04,  1.866212223376E+05,  9.918599818371E+02,  9.305223335984E-01,NaN,NaN,  3.804239489985E-03,  8.170003584798E+15,  1.322559582305E+20,  4.135688453175E+20,  6.117619214924E+17,  8.232903805164E+20,  6.739087078214E+19,  1.052192310097E+13,  3.279248217580E+02,  2.646551538322E+01,  2.914593043584E+02,NaN,  9.999999992610E+00,NaN,  2.023741343795E-06,  4.063127013654E-02,NaN,  3.504050000000E+06,  4.266433673650E-07
  2.644208654688E-02,  3.553262357592E+03,  3.599997812278E+03,  5.279938802718E+04,  1.855688205944E+05,  9.918599818371E+02,  9.305221762414E-01,NaN,NaN,  3.717636075214E-03,  8.170022512385E+15,  1.322559412795E+20,  4.135688622483E+20,  6.117634135476E+17,  8.232903756279E+20,  6.739087417391E+19,  1.052191531663E+13,  3.279248395247E+02,  2.646552121882E+01,  2.914593162902E+02,NaN,  9.999999991928E+00,NaN,  2.023739846589E-06,  4.063126985708E-02,NaN,  3.504050000000E+06,  4.266434756352E-07
  2.807800546697E-02,  3.551062218506E+03,  3.599997517835E+03,  5.613881343973E+04,  1.848297288420E+05,  9.918599818371E+02,  9.305220520033E-01,NaN,NaN,  3.661072341751E-03,  8.170037456277E+15,  1.322559278962E+20,  4.135688756158E+20,  6.117645915698E+17,  8.232903717684E+20,  6.739087685203E+19,  1.052190941127E+13,  3.279248535522E+02,  2.646552582619E+01,  2.914593257108E+02,NaN,  9.999999991429E+00,NaN,  2.023738710778E-06,  4.063126963643E-02,NaN,  3.504050000000E+06,  4.266435611178E-07
  2.971392438705E-02,  3.548930563641E+03,  3.599997205491E+03,  5.942236492397E+04,  1.841160154161E+05,  9.918599818371E+02,  9.305219202119E-01,NaN,NaN,  3.609413661747E-03,  8.170053308723E+15,  1.322559136993E+20,  4.135688897959E+20,  6.117658412132E+17,  8.232903676743E+20,  6.739087969313E+19,  1.052190296906E+13,  3.279248684325E+02,  2.646553071369E+01,  2.914593357042E+02,NaN,  9.999999990929E+00,NaN,  2.023737471711E-06,  4.063126940237E-02,NaN,  3.504050000000E+06,  4.266436517976E-07
  3.134984330713E-02,  3.546865989259E+03,  3.599996875558E+03,  6.264641854882E+04,  1.834269814273E+05,  9.918599818371E+02,  9.305217809988E-01,NaN,NaN,  3.562050754470E-03,  8.170070053881E+15,  1.322558987029E+20,  4.135689047747E+20,  6.117671612291E+17,  8.232903633497E+20,  6.739088269437E+19,  1.052189599000E+13,  3.279248841509E+02,  2.646553587643E+01,  2.914593462603E+02,NaN,  9.999999990430E+00,NaN,  2.023736129389E-06,  4.063126915513E-02,NaN,  3.504050000000E+06,  4.266437475839E-07
  3.298576222721E-02,  3.544867047251E+03,  3.599996528365E+03,  6.580799702357E+04,  1.827619273702E+05,  9.918599818371E+02,  9.305216345033E-01,NaN,NaN,  3.518475430862E-03,  8.170087675002E+15,  1.322558829220E+20,  4.135689205370E+20,  6.117685502971E+17,  8.232903587989E+20,  6.739088585275E+19,  1.052188874252E+13,  3.279249006916E+02,  2.646554130923E+01,  2.914593573687E+02,NaN,  9.999999989931E+00,NaN,  2.023734735438E-06,  4.063126889494E-02,NaN,  3.504050000000E+06,  4.266438483810E-07
  3.625760006738E-02,  3.541060109256E+03,  3.599995783592E+03,  7.193458383245E+04,  1.815009764790E+05,  9.918599818371E+02,  9.305213202514E-01,NaN,NaN,  3.441040720928E-03,  8.170125474605E+15,  1.322558490700E+20,  4.135689543494E+20,  6.117715300302E+17,  8.232903490369E+20,  6.739089262826E+19,  1.052187344227E+13,  3.279249361737E+02,  2.646555296333E+01,  2.914593811977E+02,NaN,  9.999999988932E+00,NaN,  2.023731792655E-06,  4.063126833681E-02,NaN,  3.504050000000E+06,  4.266440646041E-07
  3.952943790754E-02,  3.537497646939E+03,  3.599994974052E+03,  7.778847151674E+04,  1.803276605878E+05,  9.918599818371E+02,  9.305209786715E-01,NaN,NaN,  3.374391715857E-03,  8.170166561344E+15,  1.322558122742E+20,  4.135689911023E+20,  6.117747688890E+17,  8.232903384261E+20,  6.739089999344E+19,  1.052185679990E+13,  3.279249747416E+02,  2.646556563089E+01,  2.914594070990E+02,NaN,  9.999999987934E+00,NaN,  2.023728591732E-06,  4.063126773013E-02,NaN,  3.504050000000E+06,  4.266442996306E-07
  4.280127574771E-02,  3.534167388630E+03,  3.599994102738E+03,  8.336225669095E+04,  1.792366169918E+05,  9.918599818371E+02,  9.305206110266E-01,NaN,NaN,  3.316515293960E-03,  8.170210783314E+15,  1.322557726707E+20,  4.135690306598E+20,  6.117782548992E+17,  8.232903270058E+20,  6.739090792105E+19,  1.052183854697E+13,  3.279250162527E+02,  2.646557926511E+01,  2.914594349769E+02,NaN,  9.999999986935E+00,NaN,  2.023725081043E-06,  4.063126707714E-02,NaN,  3.504050000000E+06,  4.266445525916E-07
  4.607311358787E-02,  3.531057076381E+03,  3.599993172696E+03,  8.865339760798E+04,  1.782226655354E+05,  9.918599818371E+02,  9.305202186017E-01,NaN,NaN,  3.265882778721E-03,  8.170257985939E+15,  1.322557303978E+20,  4.135690728837E+20,  6.117819758761E+17,  8.232903148158E+20,  6.739091638336E+19,  1.052181922034E+13,  3.279250605618E+02,  2.646559381831E+01,  2.914594647338E+02,NaN,  9.999999985937E+00,NaN,  2.023721363843E-06,  4.063126638013E-02,NaN,  3.504050000000E+06,  4.266448226030E-07
  4.934495142804E-02,  3.528154605061E+03,  3.599992186978E+03,  9.366312541742E+04,  1.772808369914E+05,  9.918599818371E+02,  9.305198026845E-01,NaN,NaN,  3.221308734984E-03,  8.170308014332E+15,  1.322556855943E+20,  4.135691176354E+20,  6.117859196102E+17,  8.232903018961E+20,  6.739092535258E+19,  1.052179855159E+13,  3.279251075236E+02,  2.646560924276E+01,  2.914594962722E+02,NaN,  9.999999984938E+00,NaN,  2.023717388503E-06,  4.063126564139E-02,NaN,  3.504050000000E+06,  4.266451087789E-07
  5.261678926820E-02,  3.525448127382E+03,  3.599991148606E+03,  9.839558006743E+04,  1.764063905637E+05,  9.918599818371E+02,  9.305193645503E-01,NaN,NaN,  3.181857243237E-03,  8.170360715109E+15,  1.322556383975E+20,  4.135691647777E+20,  6.117900740109E+17,  8.232902882864E+20,  6.739093480119E+19,  1.052177707756E+13,  3.279251569941E+02,  2.646562549115E+01,  2.914595294953E+02,NaN,  9.999999983940E+00,NaN,  2.023713258281E-06,  4.063126486319E-02,NaN,  3.504050000000E+06,  4.266454102420E-07
  5.588862710836E-02,  3.522926132654E+03,  3.599990060544E+03,  1.028571176759E+05,  1.755948235249E+05,  9.918599818371E+02,  9.305189054499E-01,NaN,NaN,  3.146777825881E-03,  8.170415937798E+15,  1.322555889422E+20,  4.135692141759E+20,  6.117944272169E+17,  8.232902740254E+20,  6.739094470221E+19,  1.052175452982E+13,  3.279252088321E+02,  2.646564251710E+01,  2.914595643084E+02,NaN,  9.999999982941E+00,NaN,  2.023708921547E-06,  4.063126404773E-02,NaN,  3.504050000000E+06,  4.266457261314E-07
  5.916046494853E-02,  3.520577503923E+03,  3.599988925679E+03,  1.070557534869E+05,  1.748418748042E+05,  9.918599818371E+02,  9.305184266015E-01,NaN,NaN,  3.115460500808E-03,  8.170473535890E+15,  1.322555373596E+20,  4.135692656991E+20,  6.117989676791E+17,  8.232902591511E+20,  6.739095502936E+19,  1.052173090839E+13,  3.279252629000E+02,  2.646566027543E+01,  2.914596006189E+02,NaN,  9.999999981943E+00,NaN,  2.023704378302E-06,  4.063126319720E-02,NaN,  3.504050000000E+06,  4.266460556093E-07
  6.243230278869E-02,  3.518391558186E+03,  3.599987746805E+03,  1.110007121859E+05,  1.741435242085E+05,  9.918599818371E+02,  9.305179291836E-01,NaN,NaN,  3.087403544100E-03,  8.170533367625E+15,  1.322554837767E+20,  4.135693192204E+20,  6.118036842232E+17,  8.232902436999E+20,  6.739096575721E+19,  1.052170675010E+13,  3.279253190647E+02,  2.646567872246E+01,  2.914596383376E+02,NaN,  9.999999980944E+00,NaN,  2.023699731802E-06,  4.063126231367E-02,NaN,  3.504050000000E+06,  4.266463978648E-07
  6.742631267721E-02,  3.515345650984E+03,  3.599985868622E+03,  1.165560383909E+05,  1.731743517595E+05,  9.918599818371E+02,  9.305171366973E-01,NaN,NaN,  3.049939917223E-03,  8.170628691587E+15,  1.322553984084E+20,  4.135694044906E+20,  6.118111986320E+17,  8.232902190833E+20,  6.739098284919E+19,  1.052166756000E+13,  3.279254085465E+02,  2.646570811231E+01,  2.914596984311E+02,NaN,  9.999999979420E+00,NaN,  2.023692194146E-06,  4.063126090603E-02,NaN,  3.504050000000E+06,  4.266469431474E-07
  7.242032256573E-02,  3.512620860911E+03,  3.599983903194E+03,  1.215819826928E+05,  1.723111984044E+05,  9.918599818371E+02,  9.305163073982E-01,NaN,NaN,  3.017920661103E-03,  8.170728443614E+15,  1.322553090745E+20,  4.135694937220E+20,  6.118190621160E+17,  8.232901933232E+20,  6.739100073554E+19,  1.052162702776E+13,  3.279255021852E+02,  2.646573886745E+01,  2.914597613162E+02,NaN,  9.999999977896E+00,NaN,  2.023684398350E-06,  4.063125943299E-02,NaN,  3.504050000000E+06,  4.266475137613E-07
  7.741433245424E-02,  3.510185602613E+03,  3.599981858931E+03,  1.261177833228E+05,  1.715428182814E+05,  9.918599818371E+02,  9.305154448355E-01,NaN,NaN,  2.990413140790E-03,  8.170832196781E+15,  1.322552161573E+20,  4.135695865326E+20,  6.118272410217E+17,  8.232901665299E+20,  6.739101933968E+19,  1.052158434813E+13,  3.279255995800E+02,  2.646577085626E+01,  2.914598267237E+02,NaN,  9.999999976372E+00,NaN,  2.023676189533E-06,  4.063125790086E-02,NaN,  3.504050000000E+06,  4.266481072645E-07
  8.240834234276E-02,  3.508010876490E+03,  3.599979743599E+03,  1.302025814935E+05,  1.708590676873E+05,  9.918599818371E+02,  9.305145522853E-01,NaN,NaN,  2.966678827930E-03,  8.170939557038E+15,  1.322551200099E+20,  4.135696825700E+20,  6.118357042873E+17,  8.232901388051E+20,  6.739103859092E+19,  1.052154059479E+13,  3.279257003610E+02,  2.646580395726E+01,  2.914598944053E+02,NaN,  9.999999974848E+00,NaN,  2.023667774204E-06,  4.063125631544E-02,NaN,  3.504050000000E+06,  4.266487214030E-07
  8.740235223128E-02,  3.506070185340E+03,  3.599977564322E+03,  1.338745087623E+05,  1.702508215268E+05,  9.918599818371E+02,  9.305136327542E-01,NaN,NaN,  2.946124660852E-03,  8.171050162750E+15,  1.322550209559E+20,  4.135697815105E+20,  6.118444234062E+17,  8.232901102422E+20,  6.739105842439E+19,  1.052149549932E+13,  3.279258041888E+02,  2.646583805894E+01,  2.914599641328E+02,NaN,  9.999999973324E+00,NaN,  2.023659100737E-06,  4.063125468210E-02,NaN,  3.504050000000E+06,  4.266493541083E-07
  9.239636211979E-02,  3.504339414158E+03,  3.599975327609E+03,  1.371700798061E+05,  1.697098883392E+05,  9.918599818371E+02,  9.305126889885E-01,NaN,NaN,  2.928268592266E-03,  8.171163683575E+15,  1.322549192914E+20,  4.135698830588E+20,  6.118533723381E+17,  8.232900809266E+20,  6.739107878084E+19,  1.052144879330E+13,  3.279259107531E+02,  2.646587305947E+01,  2.914600356982E+02,NaN,  9.999999971800E+00,NaN,  2.023650117503E-06,  4.063125300570E-02,NaN,  3.504050000000E+06,  4.266500034909E-07
  9.871588010181E-02,  3.502416244229E+03,  3.599972424086E+03,  1.408545257752E+05,  1.691104927581E+05,  9.918599818371E+02,  9.305114638666E-01,NaN,NaN,  2.908929998128E-03,  8.171311047399E+15,  1.322547873184E+20,  4.135700148809E+20,  6.118649891586E+17,  8.232900428713E+20,  6.739110520630E+19,  1.052138839759E+13,  3.279260490867E+02,  2.646591849451E+01,  2.914601285987E+02,NaN,  9.999999969871E+00,NaN,  2.023638501252E-06,  4.063125082952E-02,NaN,  3.504050000000E+06,  4.266508464711E-07
  1.063609061773E-01,  3.500436171429E+03,  3.599968816510E+03,  1.446721037985E+05,  1.684951812227E+05,  9.918599818371E+02,  9.305099416748E-01,NaN,NaN,  2.889548837458E-03,  8.171494144424E+15,  1.322546233443E+20,  4.135701786677E+20,  6.118794228895E+17,  8.232899955882E+20,  6.739113803989E+19,  1.052131377533E+13,  3.279262209642E+02,  2.646597494692E+01,  2.914602440261E+02,NaN,  9.999999967538E+00,NaN,  2.023624148728E-06,  4.063124812563E-02,NaN,  3.504050000000E+06,  4.266518938637E-07
  1.164429079641E-01,  3.498309568844E+03,  3.599963925843E+03,  1.487983965212E+05,  1.678363593363E+05,  9.918599818371E+02,  9.305078780908E-01,NaN,NaN,  2.869307125456E-03,  8.171742363098E+15,  1.322544010500E+20,  4.135704007082E+20,  6.118989902830E+17,  8.232899314881E+20,  6.739118255193E+19,  1.052121231054E+13,  3.279264539733E+02,  2.646605147788E+01,  2.914604005074E+02,NaN,  9.999999964461E+00,NaN,  2.023604633426E-06,  4.063124446004E-02,NaN,  3.504050000000E+06,  4.266533137871E-07
  1.251401923255E-01,  3.496837457449E+03,  3.599959607227E+03,  1.516697973308E+05,  1.673814978112E+05,  9.918599818371E+02,  9.305060558805E-01,NaN,NaN,  2.855631356345E-03,  8.171961548320E+15,  1.322542047569E+20,  4.135705967773E+20,  6.119162689847E+17,  8.232898748854E+20,  6.739122185800E+19,  1.052112265646E+13,  3.279266597284E+02,  2.646611905748E+01,  2.914605386855E+02,NaN,  9.999999961807E+00,NaN,  2.023587389747E-06,  4.063124122319E-02,NaN,  3.504050000000E+06,  4.266545676331E-07
  1.338374766869E-01,  3.495637036579E+03,  3.599955213831E+03,  1.540196206917E+05,  1.670112840754E+05,  9.918599818371E+02,  9.305042021168E-01,NaN,NaN,  2.844678765534E-03,  8.172184529153E+15,  1.322540050646E+20,  4.135707962418E+20,  6.119338469502E+17,  8.232898173025E+20,  6.739126184510E+19,  1.052103139182E+13,  3.279268690468E+02,  2.646618780760E+01,  2.914606792565E+02,NaN,  9.999999959153E+00,NaN,  2.023569836301E-06,  4.063123793026E-02,NaN,  3.504050000000E+06,  4.266558431987E-07
  1.425347610483E-01,  3.494658645085E+03,  3.599950759283E+03,  1.559397207372E+05,  1.667099845996E+05,  9.918599818371E+02,  9.305023225508E-01,NaN,NaN,  2.835883491026E-03,  8.172410613858E+15,  1.322538025927E+20,  4.135709984829E+20,  6.119516696509E+17,  8.232897589178E+20,  6.739130238916E+19,  1.052093905349E+13,  3.279270812793E+02,  2.646625751496E+01,  2.914608217843E+02,NaN,  9.999999956498E+00,NaN,  2.023552076343E-06,  4.063123459148E-02,NaN,  3.504050000000E+06,  4.266571365271E-07
  1.512320454097E-01,  3.493861484390E+03,  3.599946254798E+03,  1.575067733095E+05,  1.664647631102E+05,  9.918599818371E+02,  9.305004219139E-01,NaN,NaN,  2.828805557701E-03,  8.172639233309E+15,  1.322535978507E+20,  4.135712029914E+20,  6.119696922235E+17,  8.232896998784E+20,  6.739134338808E+19,  1.052084537303E+13,  3.279272958915E+02,  2.646632800409E+01,  2.914609659100E+02,NaN,  9.999999953844E+00,NaN,  2.023534058247E-06,  4.063123121525E-02,NaN,  3.504050000000E+06,  4.266584443628E-07
  1.599293297711E-01,  3.493212113958E+03,  3.599941709578E+03,  1.587844190446E+05,  1.662651575153E+05,  9.918599818371E+02,  9.304985040890E-01,NaN,NaN,  2.823100051615E-03,  8.172869920465E+15,  1.322533912570E+20,  4.135714093496E+20,  6.119878778517E+17,  8.232896403049E+20,  6.739138475808E+19,  1.052075115572E+13,  3.279275124450E+02,  2.646639913102E+01,  2.914611113393E+02,NaN,  9.999999951190E+00,NaN,  2.023515936896E-06,  4.063122780847E-02,NaN,  3.504050000000E+06,  4.266597640343E-07
  1.686266141325E-01,  3.492683171554E+03,  3.599937131158E+03,  1.598252505796E+05,  1.661026464907E+05,  9.918599818371E+02,  9.304965722561E-01,NaN,NaN,  2.818494754131E-03,  8.173102292812E+15,  1.322531831541E+20,  4.135716172153E+20,  6.120061963824E+17,  8.232895802960E+20,  6.739142643055E+19,  1.052065613313E+13,  3.279277305808E+02,  2.646647077780E+01,  2.914612578310E+02,NaN,  9.999999948536E+00,NaN,  2.023497660661E-06,  4.063122437678E-02,NaN,  3.504050000000E+06,  4.266610933536E-07
  1.773238984939E-01,  3.492252300525E+03,  3.599932525703E+03,  1.606725801395E+05,  1.659702934548E+05,  9.918599818371E+02,  9.304946290156E-01,NaN,NaN,  2.814773655554E-03,  8.173336037576E+15,  1.322529738221E+20,  4.135718263087E+20,  6.120246231598E+17,  8.232895199325E+20,  6.739146834938E+19,  1.052056030527E+13,  3.279279500052E+02,  2.646654284799E+01,  2.914614051879E+02,NaN,  9.999999945881E+00,NaN,  2.023479229542E-06,  4.063122092481E-02,NaN,  3.504050000000E+06,  4.266624305315E-07
  1.903698250359E-01,  3.491750903485E+03,  3.599925577578E+03,  1.616567849125E+05,  1.658162573988E+05,  9.918599818371E+02,  9.304916973016E-01,NaN,NaN,  2.810482909444E-03,  8.173688682376E+15,  1.322526580083E+20,  4.135721417627E+20,  6.120524232768E+17,  8.232894288633E+20,  6.739153159167E+19,  1.052041642926E+13,  3.279282810458E+02,  2.646665157898E+01,  2.914616275015E+02,NaN,  9.999999941900E+00,NaN,  2.023451557051E-06,  4.063121571689E-02,NaN,  3.504050000000E+06,  4.266644479123E-07
  2.034157515780E-01,  3.491381885967E+03,  3.599918592980E+03,  1.623782948394E+05,  1.657028127133E+05,  9.918599818371E+02,  9.304887501980E-01,NaN,NaN,  2.807359012516E-03,  8.174043178872E+15,  1.322523405362E+20,  4.135724588730E+20,  6.120803694967E+17,  8.232893373154E+20,  6.739159516651E+19,  1.052027121112E+13,  3.279286138253E+02,  2.646676088152E+01,  2.914618509825E+02,NaN,  9.999999937919E+00,NaN,  2.023423626420E-06,  4.063121048158E-02,NaN,  3.504050000000E+06,  4.266664759035E-07
  2.164616781201E-01,  3.491109947537E+03,  3.599911581656E+03,  1.629067159070E+05,  1.656191003799E+05,  9.918599818371E+02,  9.304857918177E-01,NaN,NaN,  2.805083024085E-03,  8.174399032347E+15,  1.322520218489E+20,  4.135727771973E+20,  6.121084228205E+17,  8.232892454166E+20,  6.739165898514E+19,  1.052012572456E+13,  3.279289478793E+02,  2.646687060308E+01,  2.914620753189E+02,NaN,  9.999999933937E+00,NaN,  2.023395644162E-06,  4.063120522620E-02,NaN,  3.504050000000E+06,  4.266685116752E-07
  2.295076046622E-01,  3.490909166334E+03,  3.599904550768E+03,  1.632933686756E+05,  1.655571625395E+05,  9.918599818371E+02,  9.304828251822E-01,NaN,NaN,  2.803424403186E-03,  8.174755879368E+15,  1.322517022718E+20,  4.135730964104E+20,  6.121365545989E+17,  8.232891532608E+20,  6.739172298238E+19,  1.051998023800E+13,  3.279292828667E+02,  2.646698063160E+01,  2.914623002817E+02,NaN,  9.999999929956E+00,NaN,  2.023367661904E-06,  4.063119995612E-02,NaN,  3.504050000000E+06,  4.266705531484E-07
  2.425535312043E-01,  3.490760523472E+03,  3.599897505570E+03,  1.635760178851E+05,  1.655111691865E+05,  9.918599818371E+02,  9.304798525089E-01,NaN,NaN,  2.802215940573E-03,  8.175113453210E+15,  1.322513820438E+20,  4.135734162736E+20,  6.121647438057E+17,  8.232890609168E+20,  6.739178711037E+19,  1.051983367774E+13,  3.279296185369E+02,  2.646709088485E+01,  2.914625257028E+02,NaN,  9.999999925974E+00,NaN,  2.023339473135E-06,  4.063119467526E-02,NaN,  3.504050000000E+06,  4.266725987974E-07
  2.555994577464E-01,  3.490650073518E+03,  3.599890449917E+03,  1.637824134428E+05,  1.654768501873E+05,  9.918599818371E+02,  9.304768754241E-01,NaN,NaN,  2.801336060646E-03,  8.175471558253E+15,  1.322510613400E+20,  4.135737366120E+20,  6.121929750200E+17,  8.232889684351E+20,  6.739185133402E+19,  1.051968738590E+13,  3.279299547065E+02,  2.646720130252E+01,  2.914627514587E+02,NaN,  9.999999921993E+00,NaN,  2.023311335993E-06,  4.063118938653E-02,NaN,  3.504050000000E+06,  4.266746475031E-07
  2.686453842885E-01,  3.490567595725E+03,  3.599883386634E+03,  1.639329252059E+05,  1.654510784318E+05,  9.918599818371E+02,  9.304738951199E-01,NaN,NaN,  2.800696206952E-03,  8.175830051104E+15,  1.322507402890E+20,  4.135740572974E+20,  6.122212369379E+17,  8.232888758527E+20,  6.739191562761E+19,  1.051954055721E+13,  3.279302912408E+02,  2.646731184039E+01,  2.914629774591E+02,NaN,  9.999999918012E+00,NaN,  2.023283095596E-06,  4.063118409204E-02,NaN,  3.504050000000E+06,  4.266766984452E-07
  2.860399530113E-01,  3.490488494321E+03,  3.599873960550E+03,  1.640719051721E+05,  1.654261459122E+05,  9.918599818371E+02,  9.304699178478E-01,NaN,NaN,  2.800107414359E-03,  8.176308467429E+15,  1.322503118395E+20,  4.135744852588E+20,  6.122589532714E+17,  8.232887522989E+20,  6.739200142937E+19,  1.051934514353E+13,  3.279307403539E+02,  2.646745935652E+01,  2.914632790614E+02,NaN,  9.999999912703E+00,NaN,  2.023245510570E-06,  4.063117702638E-02,NaN,  3.504050000000E+06,  4.266794354988E-07
  3.013597219310E-01,  3.490439158352E+03,  3.599865653327E+03,  1.641536553027E+05,  1.654103964997E+05,  9.918599818371E+02,  9.304664126718E-01,NaN,NaN,  2.799762686042E-03,  8.176730097285E+15,  1.322499342457E+20,  4.135748624225E+20,  6.122921929914E+17,  8.232886434097E+20,  6.739207704729E+19,  1.051917281443E+13,  3.279311361597E+02,  2.646758936388E+01,  2.914635448645E+02,NaN,  9.999999908028E+00,NaN,  2.023212365534E-06,  4.063117079934E-02,NaN,  3.504050000000E+06,  4.266818476994E-07
  3.212271756059E-01,  3.490393867086E+03,  3.599854875145E+03,  1.642222894236E+05,  1.653956791584E+05,  9.918599818371E+02,  9.304618648914E-01,NaN,NaN,  2.799475244569E-03,  8.177277140877E+15,  1.322494443366E+20,  4.135753517736E+20,  6.123353201306E+17,  8.232885021305E+20,  6.739217515852E+19,  1.051894894765E+13,  3.279316496991E+02,  2.646775804321E+01,  2.914638897308E+02,NaN,  9.999999901965E+00,NaN,  2.023169307963E-06,  4.063116272000E-02,NaN,  3.504050000000E+06,  4.266849774453E-07
  3.410946292808E-01,  3.490362241140E+03,  3.599844093426E+03,  1.642635852525E+05,  1.653851342405E+05,  9.918599818371E+02,  9.304573156184E-01,NaN,NaN,  2.799304416100E-03,  8.177824365293E+15,  1.322489542655E+20,  4.135758412864E+20,  6.123784618302E+17,  8.232883608034E+20,  6.739227330305E+19,  1.051872534930E+13,  3.279321634098E+02,  2.646792677976E+01,  2.914642347110E+02,NaN,  9.999999895902E+00,NaN,  2.023126302020E-06,  4.063115463792E-02,NaN,  3.504050000000E+06,  4.266881082673E-07
  3.609620829557E-01,  3.490339114450E+03,  3.599833309599E+03,  1.642878756702E+05,  1.653771841855E+05,  9.918599818371E+02,  9.304527654557E-01,NaN,NaN,  2.799206074985E-03,  8.178371698030E+15,  1.322484640975E+20,  4.135763308962E+20,  6.124216123744E+17,  8.232882194472E+20,  6.739237146786E+19,  1.051850148253E+13,  3.279326772236E+02,  2.646809555118E+01,  2.914645797595E+02,NaN,  9.999999889839E+00,NaN,  2.023083244449E-06,  4.063114655415E-02,NaN,  3.504050000000E+06,  4.266912397506E-07
  3.808295366307E-01,  3.490321273438E+03,  3.599822524551E+03,  1.643015897667E+05,  1.653708478004E+05,  9.918599818371E+02,  9.304482147783E-01,NaN,NaN,  2.799152797771E-03,  8.178919093982E+15,  1.322479738728E+20,  4.135768205624E+20,  6.124647682073E+17,  8.232880780735E+20,  6.739246964487E+19,  1.051827788418E+13,  3.279331910982E+02,  2.646826434356E+01,  2.914649248478E+02,NaN,  9.999999883776E+00,NaN,  2.023040238506E-06,  4.063113846938E-02,NaN,  3.504050000000E+06,  4.266943716371E-07
  4.006969903056E-01,  3.490306719607E+03,  3.599811738836E+03,  1.643087262911E+05,  1.653655149472E+05,  9.918599818371E+02,  9.304436638193E-01,NaN,NaN,  2.799127539626E-03,  8.179466525100E+15,  1.322474836166E+20,  4.135773102602E+20,  6.125079271177E+17,  8.232879366895E+20,  6.739256782904E+19,  1.051805374898E+13,  3.279337050073E+02,  2.646843314825E+01,  2.914652699584E+02,NaN,  9.999999877713E+00,NaN,  2.022997129308E-06,  4.063113038402E-02,NaN,  3.504050000000E+06,  4.266975037663E-07
  4.274962781274E-01,  3.490290174397E+03,  3.599797189471E+03,  1.643121768992E+05,  1.653592637303E+05,  9.918599818371E+02,  9.304375248139E-01,NaN,NaN,  2.799119773041E-03,  8.180204983067E+15,  1.322468222849E+20,  4.135779708386E+20,  6.125661468731E+17,  8.232877459676E+20,  6.739270027606E+19,  1.051775177041E+13,  3.279343982481E+02,  2.646866085989E+01,  2.914657354957E+02,NaN,  9.999999869534E+00,NaN,  2.022939048052E-06,  4.063111947713E-02,NaN,  3.504050000000E+06,  4.267017289223E-07
  4.577614830227E-01,  3.490273827374E+03,  3.599780758338E+03,  1.643113961403E+05,  1.653529178751E+05,  9.918599818371E+02,  9.304305918092E-01,NaN,NaN,  2.799130923675E-03,  8.181038953654E+15,  1.322460754161E+20,  4.135787168567E+20,  6.126318974760E+17,  8.232875305751E+20,  6.739284985574E+19,  1.051741113859E+13,  3.279351811562E+02,  2.646891802711E+01,  2.914662612459E+02,NaN,  9.999999860298E+00,NaN,  2.022873532396E-06,  4.063110715938E-02,NaN,  3.504050000000E+06,  4.267065006535E-07
  4.880266879179E-01,  3.490258722819E+03,  3.599764327423E+03,  1.643081301274E+05,  1.653469514589E+05,  9.918599818371E+02,  9.304236588962E-01,NaN,NaN,  2.799152658959E-03,  8.181872916220E+15,  1.322453285545E+20,  4.135794628676E+20,  6.126976481544E+17,  8.232873151820E+20,  6.739299943595E+19,  1.051706996992E+13,  3.279359640602E+02,  2.646917519526E+01,  2.914667869911E+02,NaN,  9.999999851062E+00,NaN,  2.022807913484E-06,  4.063109484156E-02,NaN,  3.504050000000E+06,  4.267112724353E-07
  5.182918928132E-01,  3.490244221284E+03,  3.599747896901E+03,  1.643036585484E+05,  1.653411692998E+05,  9.918599818371E+02,  9.304167261496E-01,NaN,NaN,  2.799179529270E-03,  8.182706861790E+15,  1.322445817081E+20,  4.135802088633E+20,  6.127633982008E+17,  8.232870997905E+20,  6.739314901510E+19,  1.051672906968E+13,  3.279367469516E+02,  2.646943236157E+01,  2.914673127255E+02,NaN,  9.999999841826E+00,NaN,  2.022742346201E-06,  4.063108252383E-02,NaN,  3.504050000000E+06,  4.267160442164E-07
  5.504264436641E-01,  3.490229141053E+03,  3.599730452067E+03,  1.642982777251E+05,  1.653351269787E+05,  9.918599818371E+02,  9.304093654203E-01,NaN,NaN,  2.799210756339E-03,  8.183592293021E+15,  1.322437887534E+20,  4.135810009149E+20,  6.128332082613E+17,  8.232868710984E+20,  6.739330783105E+19,  1.051636696383E+13,  3.279375781805E+02,  2.646970540840E+01,  2.914678709175E+02,NaN,  9.999999832019E+00,NaN,  2.022672700322E-06,  4.063106944543E-02,NaN,  3.504050000000E+06,  4.267211107005E-07
  5.825609945151E-01,  3.490214214827E+03,  3.599713007821E+03,  1.642925900774E+05,  1.653291318918E+05,  9.918599818371E+02,  9.304020049398E-01,NaN,NaN,  2.799243291265E-03,  8.184477697715E+15,  1.322429958223E+20,  4.135817929427E+20,  6.129030170275E+17,  8.232866424102E+20,  6.739346664447E+19,  1.051600512640E+13,  3.279384093884E+02,  2.646997845087E+01,  2.914684290927E+02,NaN,  9.999999822212E+00,NaN,  2.022603106071E-06,  4.063105636723E-02,NaN,  3.504050000000E+06,  4.267261771415E-07
  6.146955453660E-01,  3.490199359768E+03,  3.599695564189E+03,  1.642867613765E+05,  1.653231587575E+05,  9.918599818371E+02,  9.303946447178E-01,NaN,NaN,  2.799276428079E-03,  8.185363074709E+15,  1.322422029162E+20,  4.135825849457E+20,  6.129728244080E+17,  8.232864137260E+20,  6.739362545515E+19,  1.051564302055E+13,  3.279392405740E+02,  2.647025148865E+01,  2.914689872504E+02,NaN,  9.999999812406E+00,NaN,  2.022533460192E-06,  4.063104328924E-02,NaN,  3.504050000000E+06,  4.267312435328E-07
  6.689277033004E-01,  3.490174359976E+03,  3.599666126704E+03,  1.642767865849E+05,  1.653130863552E+05,  9.918599818371E+02,  9.303821530199E-01,NaN,NaN,  2.799332941788E-03,  8.186865727831E+15,  1.322408572036E+20,  4.135839291256E+20,  6.130913026335E+17,  8.232860255987E+20,  6.739389499267E+19,  1.051503235279E+13,  3.279406512631E+02,  2.647071489446E+01,  2.914699345503E+02,NaN,  9.999999795856E+00,NaN,  2.022416006986E-06,  4.063102109293E-02,NaN,  3.504050000000E+06,  4.267397937522E-07
  7.231598612349E-01,  3.490149392418E+03,  3.599636691013E+03,  1.642667511858E+05,  1.653030214652E+05,  9.918599818371E+02,  9.303696468613E-01,NaN,NaN,  2.799389716894E-03,  8.188370138205E+15,  1.322395099173E+20,  4.135852748775E+20,  6.132099217140E+17,  8.232856370088E+20,  6.739416485194E+19,  1.051442141660E+13,  3.279420636130E+02,  2.647117885326E+01,  2.914708829581E+02,NaN,  9.999999779306E+00,NaN,  2.022298502153E-06,  4.063099887010E-02,NaN,  3.504050000000E+06,  4.267483438155E-07
  7.773920191694E-01,  3.490124433338E+03,  3.599607257122E+03,  1.642567027197E+05,  1.652929598282E+05,  9.918599818371E+02,  9.303571414675E-01,NaN,NaN,  2.799446550900E-03,  8.189874466356E+15,  1.322381627047E+20,  4.135866205558E+20,  6.133285366156E+17,  8.232852484314E+20,  6.739443470290E+19,  1.051381074884E+13,  3.279434758967E+02,  2.647164279779E+01,  2.914718313140E+02,NaN,  9.999999762756E+00,NaN,  2.022181048948E-06,  4.063097664791E-02,NaN,  3.504050000000E+06,  4.267568937208E-07
  8.603580905579E-01,  3.490086261279E+03,  3.599562231709E+03,  1.642413155266E+05,  1.652775719020E+05,  9.918599818371E+02,  9.303380118011E-01,NaN,NaN,  2.799533566392E-03,  8.192175675992E+15,  1.322361018388E+20,  4.135886790746E+20,  6.135099893528E+17,  8.232846539976E+20,  6.739484751336E+19,  1.051287662849E+13,  3.279456363251E+02,  2.647235252715E+01,  2.914732820386E+02,NaN,  9.999999737438E+00,NaN,  2.022001384264E-06,  4.063094265294E-02,NaN,  3.504050000000E+06,  4.267699733301E-07
  9.271416390506E-01,  3.490055533811E+03,  3.599525991563E+03,  1.642289379600E+05,  1.652651862570E+05,  9.918599818371E+02,  9.303226146759E-01,NaN,NaN,  2.799603579418E-03,  8.194027894966E+15,  1.322344430698E+20,  4.135903359544E+20,  6.136560426327E+17,  8.232841755293E+20,  6.739517979102E+19,  1.051212503739E+13,  3.279473752496E+02,  2.647292379953E+01,  2.914744497112E+02,NaN,  9.999999717058E+00,NaN,  2.021856826473E-06,  4.063091528978E-02,NaN,  3.504050000000E+06,  4.267805014933E-07
  9.939251875432E-01,  3.490024810484E+03,  3.599489754148E+03,  1.642165580158E+05,  1.652528028846E+05,  9.918599818371E+02,  9.303072187113E-01,NaN,NaN,  2.799673607484E-03,  8.195879989173E+15,  1.322327844126E+20,  4.135919927226E+20,  6.138020895672E+17,  8.232836970800E+20,  6.739551205605E+19,  1.051137290945E+13,  3.279491140738E+02,  2.647349505022E+01,  2.914756173052E+02,NaN,  9.999999696678E+00,NaN,  2.021712165426E-06,  4.063088792760E-02,NaN,  3.504050000000E+06,  4.267910294161E-07
  1.060708736036E+00,  3.489994089673E+03,  3.599453519464E+03,  1.642041789428E+05,  1.652404212890E+05,  9.918599818371E+02,  9.302918239072E-01,NaN,NaN,  2.799743636746E-03,  8.197731958603E+15,  1.322311258672E+20,  4.135936493791E+20,  6.139481301549E+17,  8.232832186496E+20,  6.739584430847E+19,  1.051062131836E+13,  3.279508527976E+02,  2.647406627923E+01,  2.914767848205E+02,NaN,  9.999999676298E+00,NaN,  2.021567607634E-06,  4.063086056639E-02,NaN,  3.504050000000E+06,  4.268015570985E-07
  1.127492284529E+00,  3.489963370603E+03,  3.599417287512E+03,  1.641918022946E+05,  1.652280412330E+05,  9.918599818371E+02,  9.302764302635E-01,NaN,NaN,  2.799813660580E-03,  8.199583803264E+15,  1.322294674335E+20,  4.135953059240E+20,  6.140941643957E+17,  8.232827402383E+20,  6.739617654827E+19,  1.050986945885E+13,  3.279525914210E+02,  2.647463748653E+01,  2.914779522571E+02,NaN,  9.999999655919E+00,NaN,  2.021422998215E-06,  4.063083320616E-02,NaN,  3.504050000000E+06,  4.268120845405E-07
  1.194275833021E+00,  3.489932654164E+03,  3.599381058291E+03,  1.641794262864E+05,  1.652156629884E+05,  9.918599818371E+02,  9.302610377802E-01,NaN,NaN,  2.799883686595E-03,  8.201435523181E+15,  1.322278091115E+20,  4.135969623573E+20,  6.142401922911E+17,  8.232822618458E+20,  6.739650877544E+19,  1.050911813618E+13,  3.279543299441E+02,  2.647520867215E+01,  2.914791196152E+02,NaN,  9.999999635539E+00,NaN,  2.021278492052E-06,  4.063080584691E-02,NaN,  3.504050000000E+06,  4.268226117420E-07
  1.303620018090E+00,  3.489882365454E+03,  3.599321746365E+03,  1.641591697364E+05,  1.651953993002E+05,  9.918599818371E+02,  9.302358382916E-01,NaN,NaN,  2.799998322133E-03,  8.204467060497E+15,  1.322250941950E+20,  4.135996741819E+20,  6.144792689290E+17,  8.232814786186E+20,  6.739705270117E+19,  1.050788740577E+13,  3.279571761979E+02,  2.647614382309E+01,  2.914810307516E+02,NaN,  9.999999602172E+00,NaN,  2.021041778668E-06,  4.063076105391E-02,NaN,  3.504050000000E+06,  4.268398473283E-07
  1.404444907412E+00,  3.489836001906E+03,  3.599267062073E+03,  1.641404913761E+05,  1.651767189501E+05,  9.918599818371E+02,  9.302126049172E-01,NaN,NaN,  2.800104037991E-03,  8.207262106465E+15,  1.322225910701E+20,  4.136021744559E+20,  6.146997034024E+17,  8.232807564597E+20,  6.739755421823E+19,  1.050675357692E+13,  3.279598004542E+02,  2.647700606243E+01,  2.914827927995E+02,NaN,  9.999999571405E+00,NaN,  2.020823702914E-06,  4.063071975318E-02,NaN,  3.504050000000E+06,  4.268557394734E-07
  1.505269796734E+00,  3.489789642382E+03,  3.599212384002E+03,  1.641218184159E+05,  1.651580421243E+05,  9.918599818371E+02,  9.301893741861E-01,NaN,NaN,  2.800209742003E-03,  8.210056868227E+15,  1.322200881997E+20,  4.136046744758E+20,  6.149201234169E+17,  8.232800343440E+20,  6.739805570654E+19,  1.050561921123E+13,  3.279624244819E+02,  2.647786825235E+01,  2.914845546683E+02,NaN,  9.999999540638E+00,NaN,  2.020605523905E-06,  4.063067845467E-02,NaN,  3.504050000000E+06,  4.268716310707E-07
  1.651278779018E+00,  3.489722514930E+03,  3.599133213295E+03,  1.640947854594E+05,  1.651310018432E+05,  9.918599818371E+02,  9.301557374211E-01,NaN,NaN,  2.800362801572E-03,  8.214103582693E+15,  1.322164641335E+20,  4.136082944145E+20,  6.152392977655E+17,  8.232789886929E+20,  6.739878188298E+19,  1.050397698469E+13,  3.279662240474E+02,  2.647911674011E+01,  2.914871057909E+02,NaN,  9.999999496084E+00,NaN,  2.020289665131E-06,  4.063061865241E-02,NaN,  3.504050000000E+06,  4.268946434249E-07
  1.746875316642E+00,  3.489678570341E+03,  3.599081384880E+03,  1.640770898209E+05,  1.651133021229E+05,  9.918599818371E+02,  9.301337174056E-01,NaN,NaN,  2.800463011415E-03,  8.216752767475E+15,  1.322140916357E+20,  4.136106642102E+20,  6.154482545360E+17,  8.232783041223E+20,  6.739925730021E+19,  1.050290194101E+13,  3.279687114794E+02,  2.647993410703E+01,  2.914887758853E+02,NaN,  9.999999466914E+00,NaN,  2.020082895861E-06,  4.063057950057E-02,NaN,  3.504050000000E+06,  4.269097096935E-07
  1.842471854265E+00,  3.489634630490E+03,  3.599029562054E+03,  1.640593967877E+05,  1.650956059099E+05,  9.918599818371E+02,  9.301116997645E-01,NaN,NaN,  2.800563220190E-03,  8.219401696941E+15,  1.322117193666E+20,  4.136130337776E+20,  6.156571983162E+17,  8.232776195905E+20,  6.739973269160E+19,  1.050182716575E+13,  3.279711987060E+02,  2.648075142956E+01,  2.914904458188E+02,NaN,  9.999999437743E+00,NaN,  2.019876178220E-06,  4.063054035073E-02,NaN,  3.504050000000E+06,  4.269247754701E-07
  1.938068391888E+00,  3.489590694947E+03,  3.598977744816E+03,  1.640417072172E+05,  1.650779130723E+05,  9.918599818371E+02,  9.300896844974E-01,NaN,NaN,  2.800663424235E-03,  8.222050371132E+15,  1.322093473261E+20,  4.136154031165E+20,  6.158661291077E+17,  8.232769350976E+20,  6.740020805716E+19,  1.050075265891E+13,  3.279736857272E+02,  2.648156870768E+01,  2.914921155913E+02,NaN,  9.999999408573E+00,NaN,  2.019669512206E-06,  4.063050120288E-02,NaN,  3.504050000000E+06,  4.269398407544E-07
  2.182361945578E+00,  3.489478438231E+03,  3.598845353084E+03,  1.639965189951E+05,  1.650327148125E+05,  9.918599818371E+02,  9.300334360473E-01,NaN,NaN,  2.800919465837E-03,  8.228817804479E+15,  1.322032866991E+20,  4.136214568409E+20,  6.163999853234E+17,  8.232751860765E+20,  6.740142271963E+19,  1.049800720402E+13,  3.279800402890E+02,  2.648365703119E+01,  2.914963819047E+02,NaN,  9.999999334031E+00,NaN,  2.019141463245E-06,  4.063040117103E-02,NaN,  3.504050000000E+06,  4.269783373178E-07
  2.331058961645E+00,  3.489410123486E+03,  3.598764786514E+03,  1.639690246158E+05,  1.650052142715E+05,  9.918599818371E+02,  9.299992062306E-01,NaN,NaN,  2.801075299397E-03,  8.232936201628E+15,  1.321995984369E+20,  4.136251409025E+20,  6.167248923250E+17,  8.232741216034E+20,  6.740216197989E+19,  1.049633652440E+13,  3.279839075384E+02,  2.648492801360E+01,  2.914989782173E+02,NaN,  9.999999288659E+00,NaN,  2.018820131926E-06,  4.063034028985E-02,NaN,  3.504050000000E+06,  4.270017678987E-07
  2.631902496631E+00,  3.489271941362E+03,  3.598601825675E+03,  1.639134230128E+05,  1.649496002576E+05,  9.918599818371E+02,  9.299299700747E-01,NaN,NaN,  2.801390549191E-03,  8.241266648336E+15,  1.321921380413E+20,  4.136325928012E+20,  6.173821475550E+17,  8.232719682504E+20,  6.740365745892E+19,  1.049295758559E+13,  3.279917302325E+02,  2.648749913465E+01,  2.915042298828E+02,NaN,  9.999999196865E+00,NaN,  2.018170241398E-06,  4.063021712993E-02,NaN,  3.504050000000E+06,  4.270491689689E-07
  2.932746031617E+00,  3.489133802253E+03,  3.598438920089E+03,  1.638578548005E+05,  1.648940197245E+05,  9.918599818371E+02,  9.298607573936E-01,NaN,NaN,  2.801705755713E-03,  8.249594570587E+15,  1.321846799065E+20,  4.136400424417E+20,  6.180392743018E+17,  8.232698152815E+20,  6.740515268240E+19,  1.048958025734E+13,  3.279995508958E+02,  2.649006981647E+01,  2.915094799567E+02,NaN,  9.999999105073E+00,NaN,  2.017520660637E-06,  4.063009398977E-02,NaN,  3.504050000000E+06,  4.270965651703E-07
  3.469714292438E+00,  3.488887347819E+03,  3.598148291076E+03,  1.637587555707E+05,  1.647948984650E+05,  9.918599818371E+02,  9.297372796559E-01,NaN,NaN,  2.802268251729E-03,  8.264452607367E+15,  1.321713736774E+20,  4.136533335157E+20,  6.192118447563E+17,  8.232659734534E+20,  6.740782083576E+19,  1.048355652317E+13,  3.280135047645E+02,  2.649465707304E+01,  2.915188467339E+02,NaN,  9.999998941242E+00,NaN,  2.016362081566E-06,  4.062987424897E-02,NaN,  3.504050000000E+06,  4.271811494064E-07
  4.006682553260E+00,  3.488641030069E+03,  3.597857837774E+03,  1.636597626988E+05,  1.646958835708E+05,  9.918599818371E+02,  9.296138765715E-01,NaN,NaN,  2.802830609039E-03,  8.279302615155E+15,  1.321580746387E+20,  4.136666174074E+20,  6.203840064776E+17,  8.232621328470E+20,  6.741048817612E+19,  1.047753708381E+13,  3.280274521741E+02,  2.649924293225E+01,  2.915282084493E+02,NaN,  9.999998777419E+00,NaN,  2.015204328541E-06,  4.062965457104E-02,NaN,  3.504050000000E+06,  4.272657181539E-07
  4.543650814082E+00,  3.488394848877E+03,  3.597567560005E+03,  1.635608760209E+05,  1.645969748837E+05,  9.918599818371E+02,  9.294905480649E-01,NaN,NaN,  2.803392827742E-03,  8.294144601368E+15,  1.321447827837E+20,  4.136798941234E+20,  6.215557597511E+17,  8.232582934615E+20,  6.741315470401E+19,  1.047152274453E+13,  3.280413931303E+02,  2.650382739497E+01,  2.915375651077E+02,NaN,  9.999998613602E+00,NaN,  2.014047556443E-06,  4.062943495596E-02,NaN,  3.504050000000E+06,  4.273502714206E-07
  4.798905334110E+00,  3.488277883864E+03,  3.597429634403E+03,  1.635138814665E+05,  1.645499564066E+05,  9.918599818371E+02,  9.294317330571E-01,NaN,NaN,  2.803660142818E-03,  8.301223029229E+15,  1.321384436433E+20,  4.136862260442E+20,  6.221146704997E+17,  8.232564620847E+20,  6.741442664508E+19,  1.046866562468E+13,  3.280480422207E+02,  2.650601419378E+01,  2.915420274777E+02,NaN,  9.999998535731E+00,NaN,  2.013498030325E-06,  4.062933019762E-02,NaN,  3.504050000000E+06,  4.273904594286E-07
  5.054159854137E+00,  3.488160971753E+03,  3.597291748450E+03,  1.634668668353E+05,  1.645029319586E+05,  9.918599818371E+02,  9.293727469272E-01,NaN,NaN,  2.803927615428E-03,  8.308322277346E+15,  1.321320858573E+20,  4.136925765899E+20,  6.226752765568E+17,  8.232546251265E+20,  6.741570247228E+19,  1.046580957853E+13,  3.280547111160E+02,  2.650820767172E+01,  2.915465029735E+02,NaN,  9.999998457862E+00,NaN,  2.012948710717E-06,  4.062922511836E-02,NaN,  3.504050000000E+06,  4.274306439286E-07
  5.494895859044E+00,  3.487959177119E+03,  3.597053760539E+03,  1.633857464154E+05,  1.644217933527E+05,  9.918599818371E+02,  9.292709382545E-01,NaN,NaN,  2.804389369409E-03,  8.320575925383E+15,  1.321211120088E+20,  4.137035379409E+20,  6.236430309166E+17,  8.232514539875E+20,  6.741790495053E+19,  1.046088075153E+13,  3.280662225359E+02,  2.651199430340E+01,  2.915542278971E+02,NaN,  9.999998323413E+00,NaN,  2.012000721372E-06,  4.062904371639E-02,NaN,  3.504050000000E+06,  4.275000203592E-07
  5.820010110211E+00,  3.487810379794E+03,  3.596878281551E+03,  1.633259526077E+05,  1.643619862880E+05,  9.918599818371E+02,  9.291958702283E-01,NaN,NaN,  2.804729928509E-03,  8.329611496637E+15,  1.321130201337E+20,  4.137116206006E+20,  6.243567299189E+17,  8.232491152862E+20,  6.741952928420E+19,  1.045724680860E+13,  3.280747112765E+02,  2.651478695467E+01,  2.915599240863E+02,NaN,  9.999998224239E+00,NaN,  2.011301784451E-06,  4.062890993017E-02,NaN,  3.504050000000E+06,  4.275511900210E-07
  6.145124361377E+00,  3.487661632401E+03,  3.596702866773E+03,  1.632661976592E+05,  1.643022180575E+05,  9.918599818371E+02,  9.291208296701E-01,NaN,NaN,  2.805070436673E-03,  8.338644114568E+15,  1.321049309035E+20,  4.137197006184E+20,  6.250702789486E+17,  8.232467770328E+20,  6.742115331990E+19,  1.045361501308E+13,  3.280831976431E+02,  2.651757909379E+01,  2.915656184136E+02,NaN,  9.999998125067E+00,NaN,  2.010603260552E-06,  4.062877616699E-02,NaN,  3.504050000000E+06,  4.276023539941E-07
  6.819507349336E+00,  3.487353245441E+03,  3.596339209201E+03,  1.631423718985E+05,  1.641783647514E+05,  9.918599818371E+02,  9.289652608664E-01,NaN,NaN,  2.805776589299E-03,  8.357371026299E+15,  1.320881598740E+20,  4.137364525480E+20,  6.265499127752E+17,  8.232419282313E+20,  6.742452110074E+19,  1.044608755988E+13,  3.281007933133E+02,  2.652336918409E+01,  2.915774242007E+02,NaN,  9.999997919365E+00,NaN,  2.009155462643E-06,  4.062849877600E-02,NaN,  3.504050000000E+06,  4.277084650765E-07
  7.493890337295E+00,  3.487045072974E+03,  3.595975827335E+03,  1.630187127378E+05,  1.640546780744E+05,  9.918599818371E+02,  9.288098100067E-01,NaN,NaN,  2.806482523588E-03,  8.376085255161E+15,  1.320714002027E+20,  4.137531931321E+20,  6.280289023536E+17,  8.232370813540E+20,  6.742788760151E+19,  1.043856762259E+13,  3.281183787877E+02,  2.652915707421E+01,  2.915892219922E+02,NaN,  9.999997713675E+00,NaN,  2.007709110313E-06,  4.062822148399E-02,NaN,  3.504050000000E+06,  4.278145517194E-07
  8.168273325253E+00,  3.486737114749E+03,  3.595612720819E+03,  1.628952198584E+05,  1.639311577124E+05,  9.918599818371E+02,  9.286544769386E-01,NaN,NaN,  2.807188239719E-03,  8.394786816235E+15,  1.320546518761E+20,  4.137699223841E+20,  6.295072482777E+17,  8.232322363994E+20,  6.743125282328E+19,  1.043105520121E+13,  3.281359540777E+02,  2.653494276600E+01,  2.916010117975E+02,NaN,  9.999997507996E+00,NaN,  2.006264203560E-06,  4.062794429089E-02,NaN,  3.504050000000E+06,  4.279206139406E-07
  8.610001202804E+00,  3.486535514955E+03,  3.595375031404E+03,  1.628144207370E+05,  1.638503406046E+05,  9.918599818371E+02,  9.285527959594E-01,NaN,NaN,  2.807650372840E-03,  8.407029671450E+15,  1.320436876931E+20,  4.137808740800E+20,  6.304752314227E+17,  8.232290639458E+20,  6.743345638532E+19,  1.042613899019E+13,  3.281474605581E+02,  2.653873126280E+01,  2.916087299167E+02,NaN,  9.999997373279E+00,NaN,  2.005318640721E-06,  4.062776278014E-02,NaN,  3.504050000000E+06,  4.279900725542E-07
  9.045674057682E+00,  3.486336805407E+03,  3.595140715658E+03,  1.627347252735E+05,  1.637706138180E+05,  9.918599818371E+02,  9.284520518874E-01,NaN,NaN,  2.808106396997E-03,  8.419160350014E+15,  1.320328239710E+20,  4.137917254305E+20,  6.314344964458E+17,  8.232259199869E+20,  6.743564018321E+19,  1.042129310663E+13,  3.281588623373E+02,  2.654248577414E+01,  2.916163773183E+02,NaN,  9.999997240412E+00,NaN,  2.004386604361E-06,  4.062758289489E-02,NaN,  3.504050000000E+06,  4.280585687918E-07
  9.502569384383E+00,  3.486128534721E+03,  3.594895109169E+03,  1.626511771809E+05,  1.636870478715E+05,  9.918599818371E+02,  9.283462643416E-01,NaN,NaN,  2.808584730825E-03,  8.431899010676E+15,  1.320214157660E+20,  4.138031206441E+20,  6.324420012219E+17,  8.232226178397E+20,  6.743793388609E+19,  1.041621503511E+13,  3.281708363462E+02,  2.654642923854E+01,  2.916244080031E+02,NaN,  9.999997101077E+00,NaN,  2.003409909969E-06,  4.062739395364E-02,NaN,  3.504050000000E+06,  4.281303906399E-07
  1.033833532409E+01,  3.485747813168E+03,  3.594446164881E+03,  1.624985466193E+05,  1.635343833490E+05,  9.918599818371E+02,  9.281528952061E-01,NaN,NaN,  2.809459448660E-03,  8.455185831649E+15,  1.320005610752E+20,  4.138239515859E+20,  6.342841924767E+17,  8.232165797416E+20,  6.744212807413E+19,  1.040693503254E+13,  3.281927274147E+02,  2.655364012574E+01,  2.916390884411E+02,NaN,  9.999996846218E+00,NaN,  2.001625034268E-06,  4.062704845432E-02,NaN,  3.504050000000E+06,  4.282617401570E-07
  1.135896431884E+01,  3.485283324155E+03,  3.593898489662E+03,  1.623125001255E+05,  1.633482954721E+05,  9.918599818371E+02,  9.279170007170E-01,NaN,NaN,  2.810527191557E-03,  8.483597018539E+15,  1.319751172192E+20,  4.138493664662E+20,  6.365325174613E+17,  8.232092100780E+20,  6.744724731385E+19,  1.039561848654E+13,  3.282194393231E+02,  2.656244141577E+01,  2.916569993729E+02,NaN,  9.999996535011E+00,NaN,  1.999448458579E-06,  4.062662673972E-02,NaN,  3.504050000000E+06,  4.284220919616E-07
  1.218267817886E+01,  3.484908806989E+03,  3.593456937207E+03,  1.621626239892E+05,  1.631983859842E+05,  9.918599818371E+02,  9.277268153894E-01,NaN,NaN,  2.811388566013E-03,  8.506505524481E+15,  1.319546013311E+20,  4.138698589903E+20,  6.383459885325E+17,  8.232032654842E+20,  6.745137674257E+19,  1.038649766022E+13,  3.282409805623E+02,  2.656954096701E+01,  2.916714413137E+02,NaN,  9.999996283868E+00,NaN,  1.997694198153E-06,  4.062628655337E-02,NaN,  3.504050000000E+06,  4.285514655251E-07
  1.287299174227E+01,  3.484595193339E+03,  3.593087208148E+03,  1.620371972363E+05,  1.630729260868E+05,  9.918599818371E+02,  9.275674665521E-01,NaN,NaN,  2.812110243648E-03,  8.525701403310E+15,  1.319374103147E+20,  4.138870304290E+20,  6.398659765144E+17,  8.231982827178E+20,  6.745483810139E+19,  1.037886337372E+13,  3.282590327498E+02,  2.657549193362E+01,  2.916835427465E+02,NaN,  9.999996073408E+00,NaN,  1.996225852387E-06,  4.062600139591E-02,NaN,  3.504050000000E+06,  4.286598590041E-07
  1.365590240966E+01,  3.484239875298E+03,  3.592668230705E+03,  1.618949681635E+05,  1.629306575704E+05,  9.918599818371E+02,  9.273857748910E-01,NaN,NaN,  2.812929258234E-03,  8.547590752059E+15,  1.319178071413E+20,  4.139066112802E+20,  6.415997024100E+17,  8.231925990455E+20,  6.745878643777E+19,  1.037021470766E+13,  3.282796201501E+02,  2.658228012755E+01,  2.916973421932E+02,NaN,  9.999995834728E+00,NaN,  1.994562405231E-06,  4.062567611198E-02,NaN,  3.504050000000E+06,  4.287827611521E-07
  1.472485147605E+01,  3.483755207513E+03,  3.592096772317E+03,  1.617011233029E+05,  1.627367698141E+05,  9.918599818371E+02,  9.271379591066E-01,NaN,NaN,  2.814047069560E-03,  8.577449760428E+15,  1.318910666782E+20,  4.139333212931E+20,  6.439654499726E+17,  8.231848430032E+20,  6.746417453417E+19,  1.035842304872E+13,  3.283077069966E+02,  2.659154363622E+01,  2.917161658592E+02,NaN,  9.999995508872E+00,NaN,  1.992294448367E-06,  4.062523219923E-02,NaN,  3.504050000000E+06,  4.289505127025E-07
  1.609234890037E+01,  3.483135951712E+03,  3.591366707175E+03,  1.614537391879E+05,  1.624893306463E+05,  9.918599818371E+02,  9.268213627111E-01,NaN,NaN,  2.815476279644E-03,  8.615601664002E+15,  1.318568994492E+20,  4.139674496140E+20,  6.469895795514E+17,  8.231749277774E+20,  6.747106281831E+19,  1.034336599491E+13,  3.283436009506E+02,  2.660338635142E+01,  2.917402175178E+02,NaN,  9.999995092055E+00,NaN,  1.989398439528E-06,  4.062466466585E-02,NaN,  3.504050000000E+06,  4.291650264452E-07
  1.692798283320E+01,  3.482757972614E+03,  3.590921137470E+03,  1.613029003244E+05,  1.623384564215E+05,  9.918599818371E+02,  9.266281253237E-01,NaN,NaN,  2.816349188292E-03,  8.638891097053E+15,  1.318360424192E+20,  4.139882828925E+20,  6.488363623778E+17,  8.231688723394E+20,  6.747526975497E+19,  1.033418020965E+13,  3.283655155759E+02,  2.661061914830E+01,  2.917548996025E+02,NaN,  9.999994837371E+00,NaN,  1.987631685178E-06,  4.062431803865E-02,NaN,  3.504050000000E+06,  4.292960595499E-07
  1.778825982872E+01,  3.482369293944E+03,  3.590462862846E+03,  1.611476588550E+05,  1.621831694587E+05,  9.918599818371E+02,  9.264280448061E-01,NaN,NaN,  2.817248433006E-03,  8.663007759045E+15,  1.318144445588E+20,  4.140098561606E+20,  6.507493290492E+17,  8.231625995865E+20,  6.747962777211E+19,  1.032473646759E+13,  3.283882114263E+02,  2.661811167628E+01,  2.917701031891E+02,NaN,  9.999994575192E+00,NaN,  1.985815316529E-06,  4.062395895346E-02,NaN,  3.504050000000E+06,  4.294309176957E-07
  1.898904447243E+01,  3.481827351977E+03,  3.589823934741E+03,  1.609314005276E+05,  1.619668630033E+05,  9.918599818371E+02,  9.261490918390E-01,NaN,NaN,  2.818503077213E-03,  8.696635490008E+15,  1.317843289878E+20,  4.140399374398E+20,  6.534177243446E+17,  8.231538492086E+20,  6.748570728544E+19,  1.031157530231E+13,  3.284198628112E+02,  2.662856389092E+01,  2.917913027277E+02,NaN,  9.999994209275E+00,NaN,  1.983283954719E-06,  4.062345800546E-02,NaN,  3.504050000000E+06,  4.296190878131E-07
  2.079532435967E+01,  3.481013391760E+03,  3.588864440567E+03,  1.606070622502E+05,  1.616424525484E+05,  9.918599818371E+02,  9.257301812541E-01,NaN,NaN,  2.820389082795E-03,  8.747144267455E+15,  1.317390954665E+20,  4.140851194536E+20,  6.574278329287E+17,  8.231406978544E+20,  6.749484481666E+19,  1.029182295158E+13,  3.284674136374E+02,  2.664427361192E+01,  2.918231443871E+02,NaN,  9.999993658917E+00,NaN,  1.979484872705E-06,  4.062270504024E-02,NaN,  3.504050000000E+06,  4.299019970624E-07
  2.239291152536E+01,  3.480294899804E+03,  3.588017415384E+03,  1.603208243473E+05,  1.613561382343E+05,  9.918599818371E+02,  9.253582813929E-01,NaN,NaN,  2.822057379486E-03,  8.791994110570E+15,  1.316989298480E+20,  4.141252393389E+20,  6.609908549896E+17,  8.231290115975E+20,  6.750296476627E+19,  1.027439838584E+13,  3.285096475331E+02,  2.665823383244E+01,  2.918514185523E+02,NaN,  9.999993172202E+00,NaN,  1.976133506823E-06,  4.062203588959E-02,NaN,  3.504050000000E+06,  4.301520738591E-07
  2.352454194617E+01,  3.479786704018E+03,  3.587418349078E+03,  1.601185632583E+05,  1.611538321587E+05,  9.918599818371E+02,  9.250949675537E-01,NaN,NaN,  2.823238605510E-03,  8.823754114161E+15,  1.316704869349E+20,  4.141536498663E+20,  6.635152292126E+17,  8.231207313186E+20,  6.750871834387E+19,  1.026208168683E+13,  3.285395611107E+02,  2.666812566732E+01,  2.918714406421E+02,NaN,  9.999992827485E+00,NaN,  1.973764566017E-06,  4.062156172562E-02,NaN,  3.504050000000E+06,  4.303291297022E-07
  2.524226381207E+01,  3.479016432178E+03,  3.586510458900E+03,  1.598124038922E+05,  1.608476037946E+05,  9.918599818371E+02,  9.246958632242E-01,NaN,NaN,  2.825030480963E-03,  8.871900997538E+15,  1.316273686265E+20,  4.141967190782E+20,  6.673440613834E+17,  8.231081712104E+20,  6.751744608764E+19,  1.024342665910E+13,  3.285849184340E+02,  2.668313083809E+01,  2.919017933214E+02,NaN,  9.999992304298E+00,NaN,  1.970176538379E-06,  4.062084242000E-02,NaN,  3.504050000000E+06,  4.305977547567E-07
  2.673688231109E+01,  3.478347492803E+03,  3.585721900862E+03,  1.595464832556E+05,  1.605816121510E+05,  9.918599818371E+02,  9.243469338133E-01,NaN,NaN,  2.826590123738E-03,  8.914003124733E+15,  1.315896637466E+20,  4.142343810296E+20,  6.706941501945E+17,  8.230971805534E+20,  6.752508358245E+19,  1.022723443432E+13,  3.286245906687E+02,  2.669626157499E+01,  2.919283352775E+02,NaN,  9.999991849119E+00,NaN,  1.967062195647E-06,  4.062021293513E-02,NaN,  3.504050000000E+06,  4.308313612889E-07
  2.842407084031E+01,  3.477593598203E+03,  3.584833318405E+03,  1.592472308510E+05,  1.602822931995E+05,  9.918599818371E+02,  9.239537445511E-01,NaN,NaN,  2.828349494317E-03,  8.961454859999E+15,  1.315471679842E+20,  4.142768284075E+20,  6.744721038887E+17,  8.230847850510E+20,  6.753369766178E+19,  1.020900029760E+13,  3.286693143281E+02,  2.671107130480E+01,  2.919582497244E+02,NaN,  9.999991335365E+00,NaN,  1.963555120372E-06,  4.061950292175E-02,NaN,  3.504050000000E+06,  4.310949223969E-07
  2.991189522429E+01,  3.476929925270E+03,  3.584051116296E+03,  1.589840413099E+05,  1.600190325541E+05,  9.918599818371E+02,  9.236068209876E-01,NaN,NaN,  2.829900401357E-03,  9.003331124606E+15,  1.315096653772E+20,  4.143142883158E+20,  6.778080893401E+17,  8.230738386423E+20,  6.754130502563E+19,  1.019295973317E+13,  3.287087923708E+02,  2.672415023566E+01,  2.919846492923E+02,NaN,  9.999990882370E+00,NaN,  1.960469947337E-06,  4.061887585352E-02,NaN,  3.504050000000E+06,  4.313272137585E-07
  3.168020633808E+01,  3.476142601740E+03,  3.583123133591E+03,  1.586719282442E+05,  1.597068499616E+05,  9.918599818371E+02,  9.231934553170E-01,NaN,NaN,  2.831743703795E-03,  9.053237345790E+15,  1.314649714821E+20,  4.143589313270E+20,  6.817861332797E+17,  8.230607842051E+20,  6.755037778277E+19,  1.017394259958E+13,  3.287558519159E+02,  2.673974852102E+01,  2.920161110940E+02,NaN,  9.999990344046E+00,NaN,  1.956812273820E-06,  4.061812795411E-02,NaN,  3.504050000000E+06,  4.316031426915E-07
  3.358300684562E+01,  3.475296981429E+03,  3.582126605617E+03,  1.583372890175E+05,  1.593721362486E+05,  9.918599818371E+02,  9.227495564686E-01,NaN,NaN,  2.833725551158E-03,  9.106841857911E+15,  1.314169655541E+20,  4.144068825987E+20,  6.860618414496E+17,  8.230467514452E+20,  6.756013092183E+19,  1.015353636461E+13,  3.288064126366E+02,  2.675651655331E+01,  2.920499043655E+02,NaN,  9.999989764877E+00,NaN,  1.952887426529E-06,  4.061732391901E-02,NaN,  3.504050000000E+06,  4.318998706916E-07
  3.565349794711E+01,  3.474378959169E+03,  3.581044643004E+03,  1.579740642235E+05,  1.590088180770E+05,  9.918599818371E+02,  9.222644239822E-01,NaN,NaN,  2.835882423538E-03,  9.165439860758E+15,  1.313644876689E+20,  4.144593007414E+20,  6.907392569897E+17,  8.230313985182E+20,  6.757080217587E+19,  1.013139932272E+13,  3.288616997297E+02,  2.677486301800E+01,  2.920868456283E+02,NaN,  9.999989134755E+00,NaN,  1.948629683294E-06,  4.061644413877E-02,NaN,  3.504050000000E+06,  4.322225285772E-07
  3.765002889195E+01,  3.473495566340E+03,  3.580003677448E+03,  1.576251966029E+05,  1.586598728022E+05,  9.918599818371E+02,  9.217976494639E-01,NaN,NaN,  2.837960404117E-03,  9.221834450709E+15,  1.313139830662E+20,  4.145097478458E+20,  6.952441553484E+17,  8.230166100951E+20,  6.758108159532E+19,  1.011011909468E+13,  3.289149241186E+02,  2.679253582894E+01,  2.921223978179E+02,NaN,  9.999988527256E+00,NaN,  1.944536735942E-06,  4.061559660552E-02,NaN,  3.504050000000E+06,  4.325334437425E-07
  3.975534604531E+01,  3.472566222771E+03,  3.578908482118E+03,  1.572583194801E+05,  1.582929015290E+05,  9.918599818371E+02,  9.213035908117E-01,NaN,NaN,  2.840151737169E-03,  9.281540394686E+15,  1.312605129566E+20,  4.145631570859E+20,  7.000171701897E+17,  8.230009396388E+20,  6.759197470785E+19,  1.008774932798E+13,  3.289712910733E+02,  2.681126369776E+01,  2.921600375485E+02,NaN,  9.999987886746E+00,NaN,  1.940234231421E-06,  4.061469841363E-02,NaN,  3.504050000000E+06,  4.328610689281E-07
  4.174978295471E+01,  3.471687682786E+03,  3.577873316622E+03,  1.569121050666E+05,  1.579466100498E+05,  9.918599818371E+02,  9.208363480026E-01,NaN,NaN,  2.842225983271E-03,  9.338019865998E+15,  1.312099323386E+20,  4.146136801221E+20,  7.045356657302E+17,  8.229861030210E+20,  6.760228872915E+19,  1.006662424982E+13,  3.290246284385E+02,  2.682899597194E+01,  2.921956432504E+02,NaN,  9.999987280080E+00,NaN,  1.936171124927E-06,  4.061384791310E-02,NaN,  3.504050000000E+06,  4.331712206440E-07
  4.457332962808E+01,  3.470447273012E+03,  3.576411715592E+03,  1.564236547213E+05,  1.574580385444E+05,  9.918599818371E+02,  9.201728055884E-01,NaN,NaN,  2.845162131205E-03,  9.418251333818E+15,  1.311380804416E+20,  4.146854502271E+20,  7.109600884969E+17,  8.229650052557E+20,  6.761695626609E+19,  1.003682661573E+13,  3.291004239508E+02,  2.685421294669E+01,  2.922462226523E+02,NaN,  9.999986421377E+00,NaN,  1.930439976404E-06,  4.061263832438E-02,NaN,  3.504050000000E+06,  4.336099424970E-07
  4.681577451325E+01,  3.469464762090E+03,  3.575254159912E+03,  1.560374697113E+05,  1.570717554869E+05,  9.918599818371E+02,  9.196461994331E-01,NaN,NaN,  2.847492154774E-03,  9.481945081922E+15,  1.310810390244E+20,  4.147424267113E+20,  7.160650544778E+17,  8.229482380824E+20,  6.762861386264E+19,  1.001325269274E+13,  3.291606191491E+02,  2.687425511417E+01,  2.922863763695E+02,NaN,  9.999985739544E+00,NaN,  1.925905869649E-06,  4.061167687696E-02,NaN,  3.504050000000E+06,  4.339580696282E-07
  4.955452609106E+01,  3.468268105583E+03,  3.573844283951E+03,  1.555675377610E+05,  1.566017186091E+05,  9.918599818371E+02,  9.190014427012E-01,NaN,NaN,  2.850337258817E-03,  9.559953154195E+15,  1.310111783071E+20,  4.148122079070E+20,  7.223230634689E+17,  8.229276807489E+20,  6.764290755602E+19,  9.984570366149E+12,  3.292343702563E+02,  2.689882932521E+01,  2.923355541037E+02,NaN,  9.999984906975E+00,NaN,  1.920389234563E-06,  4.061049792554E-02,NaN,  3.504050000000E+06,  4.343828814793E-07
  5.240751537372E+01,  3.467025266469E+03,  3.572380110856E+03,  1.550802447076E+05,  1.561143047139E+05,  9.918599818371E+02,  9.183292137123E-01,NaN,NaN,  2.853299253288E-03,  9.641312998937E+15,  1.309383158852E+20,  4.148849873925E+20,  7.288567378799E+17,  8.229062143254E+20,  6.765783443918E+19,  9.954818364383E+12,  3.293113229299E+02,  2.692449211690E+01,  2.923868448585E+02,NaN,  9.999984039884E+00,NaN,  1.914666862763E-06,  4.060926663696E-02,NaN,  3.504050000000E+06,  4.348249875295E-07
  5.508984521388E+01,  3.465860176326E+03,  3.571007701610E+03,  1.546242782166E+05,  1.556582280530E+05,  9.918599818371E+02,  9.176973848912E-01,NaN,NaN,  2.856081925078E-03,  9.717809244285E+15,  1.308698090964E+20,  4.149534162029E+20,  7.350061582350E+17,  8.228860070682E+20,  6.767188676108E+19,  9.926963861697E+12,  3.293837059669E+02,  2.694865132272E+01,  2.924350695101E+02,NaN,  9.999983224848E+00,NaN,  1.909309447759E-06,  4.060810738562E-02,NaN,  3.504050000000E+06,  4.352402519625E-07
  5.801710860728E+01,  3.464592649695E+03,  3.569514574761E+03,  1.541286716544E+05,  1.551625075279E+05,  9.918599818371E+02,  9.170056513177E-01,NaN,NaN,  2.859118167623E-03,  9.801587177033E+15,  1.307947811392E+20,  4.150283587649E+20,  7.417479831022E+17,  8.228638494709E+20,  6.768729651497E+19,  9.896695677907E+12,  3.294630131438E+02,  2.697514422924E+01,  2.924878846755E+02,NaN,  9.999982335582E+00,NaN,  1.903487795733E-06,  4.060683603880E-02,NaN,  3.504050000000E+06,  4.356929982628E-07
  6.149482168324E+01,  3.463091883732E+03,  3.567746888866E+03,  1.535430022463E+05,  1.545766954701E+05,  9.918599818371E+02,  9.161834992363E-01,NaN,NaN,  2.862722593236E-03,  9.901199845340E+15,  1.307055722659E+20,  4.151174661041E+20,  7.497736642934E+17,  8.228374673551E+20,  6.770564579950E+19,  9.860909473382E+12,  3.295573563693E+02,  2.700669083999E+01,  2.925506823533E+02,NaN,  9.999981279385E+00,NaN,  1.896604831379E-06,  4.060532201766E-02,NaN,  3.504050000000E+06,  4.362302871478E-07
  6.464227187093E+01,  3.461738417601E+03,  3.566152858212E+03,  1.530158256259E+05,  1.540493892559E+05,  9.918599818371E+02,  9.154389174239E-01,NaN,NaN,  2.865982317640E-03,  9.991450949017E+15,  1.306247472126E+20,  4.151981991674E+20,  7.570541103863E+17,  8.228135302751E+20,  6.772229596240E+19,  9.828685273777E+12,  3.296428767899E+02,  2.703531624794E+01,  2.926075783278E+02,NaN,  9.999980323751E+00,NaN,  1.890406967701E-06,  4.060394804846E-02,NaN,  3.504050000000E+06,  4.367159973737E-07
  6.807744278455E+01,  3.460266411972E+03,  3.564419352445E+03,  1.524434928706E+05,  1.534769290458E+05,  9.918599818371E+02,  9.146254488036E-01,NaN,NaN,  2.869537700491E-03,  1.009009199795E+16,  1.305364084817E+20,  4.152864373597E+20,  7.650211848135E+17,  8.227873305270E+20,  6.774052157365E+19,  9.793689850450E+12,  3.297363948252E+02,  2.706665017918E+01,  2.926697634813E+02,NaN,  9.999979281040E+00,NaN,  1.883676098795E-06,  4.060244391718E-02,NaN,  3.504050000000E+06,  4.372455069380E-07
  7.209700231845E+01,  3.458550892572E+03,  3.562399167662E+03,  1.517776528884E+05,  1.528109286371E+05,  9.918599818371E+02,  9.136715379754E-01,NaN,NaN,  2.873695482018E-03,  1.020581645668E+16,  1.304327705765E+20,  4.153899573201E+20,  7.743811604809E+17,  8.227565433747E+20,  6.776194048646E+19,  9.752972403091E+12,  3.298461723391E+02,  2.710347406437E+01,  2.927427183375E+02,NaN,  9.999978061315E+00,NaN,  1.875844680447E-06,  4.060067604117E-02,NaN,  3.504050000000E+06,  4.378643002055E-07
  7.602841898351E+01,  3.456880083578E+03,  3.560431809056E+03,  1.511305344356E+05,  1.521636539590E+05,  9.918599818371E+02,  9.127372975872E-01,NaN,NaN,  2.877758942826E-03,  1.031921051557E+16,  1.303312196794E+20,  4.154913926517E+20,  7.835664011681E+17,  8.227263237808E+20,  6.778296675722E+19,  9.713386905600E+12,  3.299538056730E+02,  2.713962286763E+01,  2.928142040684E+02,NaN,  9.999976868732E+00,NaN,  1.868230976458E-06,  4.059894035771E-02,NaN,  3.504050000000E+06,  4.384686946471E-07
  7.984082463512E+01,  3.455266504874E+03,  3.558532009194E+03,  1.505068754663E+05,  1.515398439710E+05,  9.918599818371E+02,  9.118302512061E-01,NaN,NaN,  2.881696379664E-03,  1.042935688140E+16,  1.302325772791E+20,  4.155899228002E+20,  7.925016305875E+17,  8.226969199023E+20,  6.780342756867E+19,  9.675224599525E+12,  3.300584194507E+02,  2.717479948218E+01,  2.928836423950E+02,NaN,  9.999975712617E+00,NaN,  1.860891002972E-06,  4.059725114915E-02,NaN,  3.504050000000E+06,  4.390540100012E-07
  8.427025791601E+01,  3.453399934631E+03,  3.556334564178E+03,  1.497870453288E+05,  1.508198415304E+05,  9.918599818371E+02,  9.107752426510E-01,NaN,NaN,  2.886267254603E-03,  1.055753663912E+16,  1.301177849410E+20,  4.157045845123E+20,  8.029159962252E+17,  8.226626400211E+20,  6.782728397823E+19,  9.631160961258E+12,  3.301802393597E+02,  2.721581382663E+01,  2.929644493108E+02,NaN,  9.999974369860E+00,NaN,  1.852415992685E-06,  4.059528135591E-02,NaN,  3.504050000000E+06,  4.397330899276E-07
  8.901070935154E+01,  3.451411968351E+03,  3.553994450257E+03,  1.490222673885E+05,  1.500548812458E+05,  9.918599818371E+02,  9.096446348078E-01,NaN,NaN,  2.891154668038E-03,  1.069497997722E+16,  1.299946965359E+20,  4.158275328566E+20,  8.141024683487E+17,  8.226258085048E+20,  6.785291927726E+19,  9.584329588798E+12,  3.303109573514E+02,  2.725988641092E+01,  2.930510961637E+02,NaN,  9.999972933370E+00,NaN,  1.843408648332E-06,  4.059316438538E-02,NaN,  3.504050000000E+06,  4.404587018513E-07
  9.453075832613E+01,  3.449109547846E+03,  3.551284522532E+03,  1.481389743009E+05,  1.491713794507E+05,  9.918599818371E+02,  9.083264368707E-01,NaN,NaN,  2.896839914723E-03,  1.085533056033E+16,  1.298510933783E+20,  4.159709726158E+20,  8.271788752209E+17,  8.225827410222E+20,  6.788289900546E+19,  9.530216909219E+12,  3.304635852011E+02,  2.731142793096E+01,  2.931521841758E+02,NaN,  9.999971261383E+00,NaN,  1.833000848746E-06,  4.059068826560E-02,NaN,  3.504050000000E+06,  4.413021480404E-07
  9.962053117459E+01,  3.446998423573E+03,  3.548800045527E+03,  1.473313332805E+05,  1.483635465478E+05,  9.918599818371E+02,  9.071091783529E-01,NaN,NaN,  2.902076582670E-03,  1.100350076518E+16,  1.297183984508E+20,  4.161035165633E+20,  8.392864890297E+17,  8.225428514693E+20,  6.791067048167E+19,  9.480720072640E+12,  3.306047379232E+02,  2.735917292677E+01,  2.932455934525E+02,NaN,  9.999969720392E+00,NaN,  1.823480840511E-06,  4.058839416701E-02,NaN,  3.504050000000E+06,  4.420784235565E-07
  1.046070375863E+02,  3.444941058879E+03,  3.546379096881E+03,  1.465463183123E+05,  1.475783331099E+05,  9.918599818371E+02,  9.059148029812E-01,NaN,NaN,  2.907202067700E-03,  1.114897733017E+16,  1.295881158341E+20,  4.162336509509E+20,  8.511969595971E+17,  8.225035994094E+20,  6.793800182055E+19,  9.432594352951E+12,  3.307434358043E+02,  2.740616116736E+01,  2.933373046114E+02,NaN,  9.999968211297E+00,NaN,  1.814224546989E-06,  4.058613608836E-02,NaN,  3.504050000000E+06,  4.428376241708E-07
  1.099618913546E+02,  3.442743691695E+03,  3.543793658490E+03,  1.457100681033E+05,  1.467418847765E+05,  9.918599818371E+02,  9.046300912911E-01,NaN,NaN,  2.912700996334E-03,  1.130555860451E+16,  1.294478883143E+20,  4.163737189339E+20,  8.640420972587E+17,  8.224612537270E+20,  6.796749135796E+19,  9.381314098083E+12,  3.308928445110E+02,  2.745685972375E+01,  2.934360163914E+02,NaN,  9.999966591443E+00,NaN,  1.804361523766E-06,  4.058369933124E-02,NaN,  3.504050000000E+06,  4.436514479077E-07
  1.158388959485E+02,  3.440346152533E+03,  3.540973067651E+03,  1.448003518862E+05,  1.458319539885E+05,  9.918599818371E+02,  9.032183353409E-01,NaN,NaN,  2.918729395278E-03,  1.147774567024E+16,  1.292936849143E+20,  4.165277469035E+20,  8.781980727201E+17,  8.224145706736E+20,  6.800000635544E+19,  9.325506849018E+12,  3.310572925521E+02,  2.751275958465E+01,  2.935445663593E+02,NaN,  9.999964814486E+00,NaN,  1.793627797989E-06,  4.058101213651E-02,NaN,  3.504050000000E+06,  4.445428914435E-07
  1.217658467981E+02,  3.437943013207E+03,  3.538146312852E+03,  1.438914196173E+05,  1.449228073929E+05,  9.918599818371E+02,  9.017931450778E-01,NaN,NaN,  2.924801629083E-03,  1.165170053942E+16,  1.291378983463E+20,  4.166833562461E+20,  8.925320577541E+17,  8.223672834846E+20,  6.803294737650E+19,  9.269721610835E+12,  3.312235873784E+02,  2.756939178514E+01,  2.936542307870E+02,NaN,  9.999963023330E+00,NaN,  1.782898305690E-06,  4.057828926975E-02,NaN,  3.504050000000E+06,  4.454400739680E-07
  1.279509181729E+02,  3.435450881489E+03,  3.535215341414E+03,  1.429519293999E+05,  1.439830960238E+05,  9.918599818371E+02,  9.003045803516E-01,NaN,NaN,  2.931130299848E-03,  1.183352955130E+16,  1.289750600333E+20,  4.168460093177E+20,  9.075501022448E+17,  8.223177211716E+20,  6.806747893182E+19,  9.212032699789E+12,  3.313975805005E+02,  2.762875834765E+01,  2.937688592259E+02,NaN,  9.999961155128E+00,NaN,  1.771802669156E-06,  4.057543443881E-02,NaN,  3.504050000000E+06,  4.463743651612E-07
  1.347159913078E+02,  3.432743358970E+03,  3.532031394314E+03,  1.419344461926E+05,  1.429653628292E+05,  9.918599818371E+02,  8.986729298745E-01,NaN,NaN,  2.938044707469E-03,  1.203299970855E+16,  1.287964230653E+20,  4.170244430835E+20,  9.240667704899E+17,  8.222631913614E+20,  6.810547816868E+19,  9.149543269074E+12,  3.315886562727E+02,  2.769408641848E+01,  2.938946089816E+02,NaN,  9.999959112860E+00,NaN,  1.759783721358E-06,  4.057229235250E-02,NaN,  3.504050000000E+06,  4.473939761748E-07
  1.420269622764E+02,  3.429838411505E+03,  3.528615949617E+03,  1.408470038622E+05,  1.418776663672E+05,  9.918599818371E+02,  8.969086326033E-01,NaN,NaN,  2.945505752316E-03,  1.224887826440E+16,  1.286030914368E+20,  4.172175548010E+20,  9.419912923560E+17,  8.222039877492E+20,  6.814674223216E+19,  9.082717157763E+12,  3.317956888124E+02,  2.776502725315E+01,  2.940307029052E+02,NaN,  9.999956907145E+00,NaN,  1.746930675103E-06,  4.056887963760E-02,NaN,  3.504050000000E+06,  4.484931749213E-07
  1.491449319033E+02,  3.427125116816E+03,  3.525463920984E+03,  1.399075729216E+05,  1.409320180949E+05,  9.918599818371E+02,  8.952641055005E-01,NaN,NaN,  2.952113090676E-03,  1.240516788750E+16,  1.284631396624E+20,  4.173573995073E+20,  9.550049730242E+17,  8.221649839145E+20,  6.817680925086E+19,  9.042734927546E+12,  3.319459368712E+02,  2.781672303831E+01,  2.941292573328E+02,NaN,  9.999954760929E+00,NaN,  1.739240665251E-06,  4.056638905200E-02,NaN,  3.506657122050E+06,  4.495126413091E-07
  1.572872914219E+02,  3.424366918538E+03,  3.522175869774E+03,  1.387934735653E+05,  1.398177395902E+05,  9.918599818371E+02,  8.935441725118E-01,NaN,NaN,  2.959776022887E-03,  1.267457407895E+16,  1.282218441224E+20,  4.175985873187E+20,  9.774890118575E+17,  8.221031069670E+20,  6.822898953376E+19,  9.045849467342E+12,  3.322056144907E+02,  2.790642794824E+01,  2.942992324954E+02,NaN,  9.999952307241E+00,NaN,  1.739839702413E-06,  4.056206166758E-02,NaN,  3.514781973492E+06,  4.505812962708E-07
  1.651549212454E+02,  3.421653057736E+03,  3.519019305163E+03,  1.378514388740E+05,  1.388755434952E+05,  9.918599818371E+02,  8.918879837078E-01,NaN,NaN,  2.966514114981E-03,  1.283546526676E+16,  1.280777036034E+20,  4.177427226475E+20,  9.909469441376E+17,  8.220705805936E+20,  6.826039088591E+19,  9.048831941847E+12,  3.323611814490E+02,  2.796041906624E+01,  2.944008107046E+02,NaN,  9.999949937745E+00,NaN,  1.740413338706E-06,  4.055945295543E-02,NaN,  3.522568339228E+06,  4.516122405181E-07
  1.734580620900E+02,  3.418874394289E+03,  3.515709754059E+03,  1.367406310349E+05,  1.377645574488E+05,  9.918599818371E+02,  8.901490225346E-01,NaN,NaN,  2.974306231862E-03,  1.310847072317E+16,  1.278330092420E+20,  4.179873077601E+20,  1.013817881251E+18,  8.220074069209E+20,  6.831368439321E+19,  9.052038014701E+12,  3.326251669637E+02,  2.805203769626E+01,  2.945731800878E+02,NaN,  9.999947438654E+00,NaN,  1.741029980942E-06,  4.055503157806E-02,NaN,  3.530717580337E+06,  4.526984719476E-07
  1.822170439083E+02,  3.415901845346E+03,  3.512241978860E+03,  1.356948067182E+05,  1.367185550763E+05,  9.918599818371E+02,  8.883232655493E-01,NaN,NaN,  2.981901596262E-03,  1.330421551191E+16,  1.276575030007E+20,  4.181627903950E+20,  1.030253437017E+18,  8.219661623838E+20,  6.835216954497E+19,  9.055395747901E+12,  3.328150028131E+02,  2.811820620976E+01,  2.946968500577E+02,NaN,  9.999944803962E+00,NaN,  1.741675792875E-06,  4.055183434316E-02,NaN,  3.539240542359E+06,  4.538425192629E-07
  1.915574085115E+02,  3.412760366964E+03,  3.508570718999E+03,  1.345805268413E+05,  1.356040972646E+05,  9.918599818371E+02,  8.863847474029E-01,NaN,NaN,  2.990057239284E-03,  1.352291371990E+16,  1.274613481017E+20,  4.183589094551E+20,  1.048649367965E+18,  8.219191772630E+20,  6.839531118806E+19,  9.058995869227E+12,  3.330273865660E+02,  2.819237944552E+01,  2.948350633818E+02,NaN,  9.999941996335E+00,NaN,  1.742368224696E-06,  4.054825029915E-02,NaN,  3.548245961837E+06,  4.550603090850E-07
  2.011767929150E+02,  3.409549943513E+03,  3.504818122669E+03,  1.334438102949E+05,  1.344671883396E+05,  9.918599818371E+02,  8.843996595891E-01,NaN,NaN,  2.998463185151E-03,  1.375076804481E+16,  1.272569037570E+20,  4.185633135127E+20,  1.067852889480E+18,  8.218698010922E+20,  6.844043697055E+19,  9.062720271509E+12,  3.332490199215E+02,  2.826996358062E+01,  2.949791154909E+02,NaN,  9.999939106890E+00,NaN,  1.743084560180E-06,  4.054450094718E-02,NaN,  3.557432181231E+06,  4.563121604647E-07
  2.112460859695E+02,  3.406217951694E+03,  3.500920352041E+03,  1.322619494489E+05,  1.332851386269E+05,  9.918599818371E+02,  8.823338125398E-01,NaN,NaN,  3.007290328879E-03,  1.399505637173E+16,  1.270376246553E+20,  4.187825438496E+20,  1.088483546500E+18,  8.218162067903E+20,  6.848901605126E+19,  9.066637671645E+12,  3.334870382645E+02,  2.835348413552E+01,  2.951336163006E+02,NaN,  9.999936084530E+00,NaN,  1.743838016040E-06,  4.054046430312E-02,NaN,  3.566953812670E+06,  4.576200822080E-07
  2.218264775614E+02,  3.402748051219E+03,  3.496857674465E+03,  1.310284888972E+05,  1.320514710236E+05,  9.918599818371E+02,  8.801746010005E-01,NaN,NaN,  3.016599069115E-03,  1.425835275158E+16,  1.268011792909E+20,  4.190189304703E+20,  1.110768232726E+18,  8.217576980030E+20,  6.854160727025E+19,  9.070773301624E+12,  3.337440442771E+02,  2.844390175845E+01,  2.953002078628E+02,NaN,  9.999932911126E+00,NaN,  1.744633445287E-06,  4.053609384419E-02,NaN,  3.576856696370E+06,  4.589916954012E-07
  2.329213864017E+02,  3.399142392214E+03,  3.492633166204E+03,  1.297458133881E+05,  1.307685802990E+05,  9.918599818371E+02,  8.779247423418E-01,NaN,NaN,  3.026388601715E-03,  1.454027267032E+16,  1.265478900677E+20,  4.192721512913E+20,  1.134685627939E+18,  8.216943153458E+20,  6.859819044378E+19,  9.075129577273E+12,  3.340197762883E+02,  2.854118176501E+01,  2.954786631918E+02,NaN,  9.999929586042E+00,NaN,  1.745471312571E-06,  4.053139106065E-02,NaN,  3.587130754215E+06,  4.604270686666E-07
  2.445703745502E+02,  3.395392216420E+03,  3.488236497542E+03,  1.284112773524E+05,  1.294338209364E+05,  9.918599818371E+02,  8.755778307122E-01,NaN,NaN,  3.036695754057E-03,  1.484219740504E+16,  1.262764911088E+20,  4.195434714265E+20,  1.160365448546E+18,  8.216256446465E+20,  6.865910430527E+19,  9.079722872541E+12,  3.343157081539E+02,  2.864590644343E+01,  2.956698738663E+02,NaN,  9.999926097828E+00,NaN,  1.746354767188E-06,  4.052632764751E-02,NaN,  3.597798376999E+06,  4.619309053363E-07
  2.569346300814E+02,  3.391451938767E+03,  3.483612751851E+03,  1.270066453048E+05,  1.280289542935E+05,  9.918599818371E+02,  8.731035124529E-01,NaN,NaN,  3.047678442513E-03,  1.517061752246E+16,  1.259811161774E+20,  4.198387535297E+20,  1.188376123169E+18,  8.215499702235E+20,  6.872573565371E+19,  9.084618683223E+12,  3.346383554219E+02,  2.876045973165E+01,  2.958779715443E+02,NaN,  9.999922398690E+00,NaN,  1.747296406315E-06,  4.052078822975E-02,NaN,  3.608989402472E+06,  4.635234837662E-07
  2.703047295439E+02,  3.387238590723E+03,  3.478661922046E+03,  1.254985064295E+05,  1.265205643310E+05,  9.918599818371E+02,  8.704467794232E-01,NaN,NaN,  3.059622002525E-03,  1.553729395035E+16,  1.256511407894E+20,  4.201686155976E+20,  1.219746157657E+18,  8.214641939789E+20,  6.880058764382E+19,  9.089936190193E+12,  3.349995039307E+02,  2.888914460680E+01,  2.961104391731E+02,NaN,  9.999918402455E+00,NaN,  1.748319152689E-06,  4.051456458355E-02,NaN,  3.620940885855E+06,  4.652414315628E-07
  2.843250581293E+02,  3.382803030376E+03,  3.473523437880E+03,  1.240540775750E+05,  1.250758944189E+05,  9.918599818371E+02,  8.676807708494E-01,NaN,NaN,  3.071448508288E-03,  1.582582842413E+16,  1.253913496107E+20,  4.204283823907E+20,  1.244506981083E+18,  8.214014037127E+20,  6.885998479402E+19,  9.095486421975E+12,  3.352846924217E+02,  2.899126873338E+01,  2.962935077231E+02,NaN,  9.999914215817E+00,NaN,  1.749386660351E-06,  4.050962036877E-02,NaN,  3.633311390357E+06,  4.670385444232E-07
  2.985970008549E+02,  3.378397152808E+03,  3.468348453034E+03,  1.224944901949E+05,  1.235160468402E+05,  9.918599818371E+02,  8.648888410298E-01,NaN,NaN,  3.084183299571E-03,  1.621983014704E+16,  1.250363770163E+20,  4.207832282384E+20,  1.278414904828E+18,  8.213077443154E+20,  6.894141128447E+19,  9.101197440565E+12,  3.356747498052E+02,  2.913125562714E+01,  2.965435824691E+02,NaN,  9.999909958536E+00,NaN,  1.750485093054E-06,  4.050284749821E-02,NaN,  3.645734927635E+06,  4.688630452095E-07
  3.135865033765E+02,  3.373756725767E+03,  3.462971859081E+03,  1.209954589217E+05,  1.220167559701E+05,  9.918599818371E+02,  8.619774979656E-01,NaN,NaN,  3.096839858753E-03,  1.653642360245E+16,  1.247509809391E+20,  4.210685866818E+20,  1.305751991727E+18,  8.212370872850E+20,  6.900741326376E+19,  9.107165879105E+12,  3.359893278410E+02,  2.924473406986E+01,  2.967446865278E+02,NaN,  9.999905491707E+00,NaN,  1.751633036801E-06,  4.049735193191E-02,NaN,  3.658605589774E+06,  4.707743451584E-07
  3.292974902921E+02,  3.368950532184E+03,  3.457400387003E+03,  1.194448801472E+05,  1.204659178716E+05,  9.918599818371E+02,  8.589514819200E-01,NaN,NaN,  3.110132387288E-03,  1.687567141031E+16,  1.244449951510E+20,  4.213745236852E+20,  1.335132127867E+18,  8.211602486283E+20,  6.907855455869E+19,  9.113437638334E+12,  3.363272431299E+02,  2.936704740135E+01,  2.969602931607E+02,NaN,  9.999900815063E+00,NaN,  1.752839319943E-06,  4.049142792679E-02,NaN,  3.671903282246E+06,  4.727720210096E-07
  3.457649986505E+02,  3.364038315356E+03,  3.451629083039E+03,  1.177274940672E+05,  1.187482357049E+05,  9.918599818371E+02,  8.558111301606E-01,NaN,NaN,  3.124853944981E-03,  1.734190297133E+16,  1.240241606310E+20,  4.217951943391E+20,  1.375645704688E+18,  8.210461547064E+20,  6.917685827921E+19,  9.120074992945E+12,  3.367927022172E+02,  2.953604713701E+01,  2.972567574073E+02,NaN,  9.999895918796E+00,NaN,  1.754115920124E-06,  4.048324707709E-02,NaN,  3.685635748525E+06,  4.748599228961E-07
  3.634368518566E+02,  3.358770054850E+03,  3.445511904919E+03,  1.160269642746E+05,  1.170474220603E+05,  9.918599818371E+02,  8.524687111212E-01,NaN,NaN,  3.139923314967E-03,  1.774633600029E+16,  1.236588470468E+20,  4.221604256167E+20,  1.410932498576E+18,  8.209511803113E+20,  6.926296379423E+19,  9.127162765359E+12,  3.371981284172E+02,  2.968408478995E+01,  2.975141512011E+02,NaN,  9.999890670687E+00,NaN,  1.755479151725E-06,  4.047607553118E-02,NaN,  3.700144569251E+06,  4.770938524819E-07
  3.816097320927E+02,  3.353419229832E+03,  3.439301997873E+03,  1.143147262272E+05,  1.153348883745E+05,  9.918599818371E+02,  8.490657528940E-01,NaN,NaN,  3.155390715405E-03,  1.816217639694E+16,  1.232829652650E+20,  4.225362202883E+20,  1.447349254108E+18,  8.208525907469E+20,  6.935218109521E+19,  9.134458030600E+12,  3.376163484816E+02,  2.983747198264E+01,  2.977789894616E+02,NaN,  9.999885280502E+00,NaN,  1.756882291601E-06,  4.046864351968E-02,NaN,  3.714824479458E+06,  4.793839376961E-07
  4.013152833052E+02,  3.347702460179E+03,  3.432658825777E+03,  1.124803172982E+05,  1.135001719588E+05,  9.918599818371E+02,  8.454137697303E-01,NaN,NaN,  3.172259325773E-03,  1.862997013688E+16,  1.228598001448E+20,  4.229592711916E+20,  1.488479292759E+18,  8.207394749211E+20,  6.945335229364E+19,  9.142380337550E+12,  3.380884208713E+02,  3.001140849965E+01,  2.980771311698E+02,NaN,  9.999879443452E+00,NaN,  1.758406033978E-06,  4.046021519888E-02,NaN,  3.730474400125E+06,  4.818590150258E-07
  4.213874125748E+02,  3.341892065167E+03,  3.425986436063E+03,  1.107690187377E+05,  1.117925427804E+05,  9.918599818371E+02,  8.417295196495E-01,NaN,NaN,  3.188584333312E-03,  1.899543983539E+16,  1.225289803657E+20,  4.232900826096E+20,  1.520743321186E+18,  8.206569394656E+20,  6.953320269266E+19,  9.150394714410E+12,  3.384588446683E+02,  3.014870155689E+01,  2.983102678454E+02,NaN,  9.999873506013E+00,NaN,  1.759947484684E-06,  4.045355617489E-02,NaN,  3.746137043220E+06,  4.843715925998E-07
  4.424906299114E+02,  3.335933721079E+03,  3.419071210567E+03,  1.088947492847E+05,  1.099139831291E+05,  9.918599818371E+02,  8.379019651594E-01,NaN,NaN,  3.206559160500E-03,  1.949713847039E+16,  1.220744738367E+20,  4.237444596223E+20,  1.565195504564E+18,  8.205331617302E+20,  6.964346486472E+19,  9.158874540895E+12,  3.389686218138E+02,  3.033826640385E+01,  2.986304863762E+02,NaN,  9.999867272128E+00,NaN,  1.761578457966E-06,  4.044436787104E-02,NaN,  3.762310696200E+06,  4.870041834453E-07
  4.649350118550E+02,  3.329695648477E+03,  3.411826528307E+03,  1.069365444063E+05,  1.079554394252E+05,  9.918599818371E+02,  8.338781301310E-01,NaN,NaN,  3.225741931389E-03,  2.003975998854E+16,  1.215824520345E+20,  4.242363309766E+20,  1.613504094427E+18,  8.203971447780E+20,  6.976389449425E+19,  9.167887460204E+12,  3.395223008103E+02,  3.054530965334E+01,  2.989771287416E+02,NaN,  9.999860652070E+00,NaN,  1.763311964023E-06,  4.043433122546E-02,NaN,  3.779190823991E+06,  4.897938742096E-07
  4.881904812886E+02,  3.323263234334E+03,  3.404436649798E+03,  1.050720842134E+05,  1.060906718526E+05,  9.918599818371E+02,  8.297559914241E-01,NaN,NaN,  3.244709072824E-03,  2.049171219968E+16,  1.211723161724E+20,  4.246464172895E+20,  1.653934929599E+18,  8.202889785654E+20,  6.986533709287E+19,  9.177154309931E+12,  3.399857109976E+02,  3.071972166988E+01,  2.992661337593E+02,NaN,  9.999853803358E+00,NaN,  1.765094309963E-06,  4.042587025443E-02,NaN,  3.796342096918E+06,  4.926734106700E-07
  5.127986758117E+02,  3.316633509344E+03,  3.396741946558E+03,  1.030269342593E+05,  1.040451495048E+05,  9.918599818371E+02,  8.254522505421E-01,NaN,NaN,  3.265703660116E-03,  2.109142751807E+16,  1.206275583585E+20,  4.251909969106E+20,  1.707831116203E+18,  8.201348102214E+20,  7.000106086618E+19,  9.186999616374E+12,  3.406028268656E+02,  3.095305668098E+01,  2.996499218501E+02,NaN,  9.999846567557E+00,NaN,  1.766987913775E-06,  4.041455651042E-02,NaN,  3.814129186487E+06,  4.957087596672E-07
  5.385135022843E+02,  3.309752112310E+03,  3.388835449432E+03,  1.010586479609E+05,  1.020765118457E+05,  9.918599818371E+02,  8.210105405915E-01,NaN,NaN,  3.286705518164E-03,  2.160722854149E+16,  1.201585953938E+20,  4.256598798686E+20,  1.754436471823E+18,  8.200068422760E+20,  7.011923277352E+19,  9.197198975905E+12,  3.411364319643E+02,  3.115622784752E+01,  2.999803633287E+02,NaN,  9.999839019141E+00,NaN,  1.768949614632E-06,  4.040469934975E-02,NaN,  3.832330175541E+06,  4.988676980596E-07
  5.654467437892E+02,  3.302733327410E+03,  3.380697030537E+03,  9.893815981773E+04,  9.995565274498E+04,  9.918599818371E+02,  8.164227692831E-01,NaN,NaN,  3.309618389300E-03,  2.226509767439E+16,  1.195598355895E+20,  4.262584331881E+20,  1.814194402228E+18,  8.198331770135E+20,  7.027143624807E+19,  9.207904048870E+12,  3.418199144654E+02,  3.141789262021E+01,  3.004021889475E+02,NaN,  9.999831126666E+00,NaN,  1.771008582231E-06,  4.039200971807E-02,NaN,  3.850985439386E+06,  5.021624528694E-07
  5.947454585140E+02,  3.295173202211E+03,  3.372004130953E+03,  9.679737076003E+04,  9.781448820691E+04,  9.918599818371E+02,  8.115031661001E-01,NaN,NaN,  3.333663902067E-03,  2.287973094750E+16,  1.189998207807E+20,  4.268183186191E+20,  1.870365673146E+18,  8.196742341687E+20,  7.041557076276E+19,  9.219444998499E+12,  3.424622832266E+02,  3.166569521243E+01,  3.007967636842E+02,NaN,  9.999822556714E+00,NaN,  1.773228318746E-06,  4.037998718682E-02,NaN,  3.870823084143E+06,  5.057309529984E-07
  6.245820373746E+02,  3.287608119786E+03,  3.363318174565E+03,  9.469383777777E+04,  9.571057677434E+04,  9.918599818371E+02,  8.065667345929E-01,NaN,NaN,  3.358003409067E-03,  2.349491407964E+16,  1.184387072062E+20,  4.273793050750E+20,  1.926915057809E+18,  8.195134678534E+20,  7.056159497624E+19,  9.231130360988E+12,  3.431086768963E+02,  3.191674691565E+01,  3.011921143593E+02,NaN,  9.999813845848E+00,NaN,  1.775475831007E-06,  4.036780625029E-02,NaN,  3.890554064342E+06,  5.093484319587E-07
  6.559103246778E+02,  3.279813803277E+03,  3.354373046965E+03,  9.255113280875E+04,  9.356749225015E+04,  9.918599818371E+02,  8.014646045177E-01,NaN,NaN,  3.383522318802E-03,  2.414340651762E+16,  1.178465629788E+20,  4.279713067535E+20,  1.986885062285E+18,  8.193412133568E+20,  7.071743803442E+19,  9.243328147545E+12,  3.437938073939E+02,  3.218467813660E+01,  3.016093227621E+02,NaN,  9.999804717379E+00,NaN,  1.777821900706E-06,  4.035480661474E-02,NaN,  3.910779546483E+06,  5.131291013294E-07
  6.887258462835E+02,  3.271739806095E+03,  3.345188979968E+03,  9.048737367662E+04,  9.150336118314E+04,  9.918599818371E+02,  7.962009429935E-01,NaN,NaN,  3.409166580174E-03,  2.470571391591E+16,  1.173325929759E+20,  4.284852373786E+20,  2.039196746506E+18,  8.191971819950E+20,  7.085441561472E+19,  9.255953804174E+12,  3.443914968720E+02,  3.242018869652E+01,  3.019715112204E+02,NaN,  9.999795174827E+00,NaN,  1.780250265090E-06,  4.034337457257E-02,NaN,  3.931446504641E+06,  5.170703055019E-07
  7.231757140604E+02,  3.263500676151E+03,  3.335744845864E+03,  8.827974463620E+04,  8.929532771612E+04,  9.918599818371E+02,  7.907706484787E-01,NaN,NaN,  3.437090966291E-03,  2.541906172535E+16,  1.166798107414E+20,  4.291378476408E+20,  2.105952151136E+18,  8.190018470473E+20,  7.103010614910E+19,  9.269176438869E+12,  3.451534598073E+02,  3.272223981340E+01,  3.024314330332E+02,NaN,  9.999785177923E+00,NaN,  1.782793449663E-06,  4.032872121137E-02,NaN,  3.952595072482E+06,  5.211873884709E-07
  7.596153935028E+02,  3.254967113925E+03,  3.325967709704E+03,  8.602174509172E+04,  8.703691542334E+04,  9.918599818371E+02,  7.851261037913E-01,NaN,NaN,  3.466594428621E-03,  2.617666894864E+16,  1.159856394071E+20,  4.298318256896E+20,  2.177355430063E+18,  8.187904978020E+20,  7.121944247423E+19,  9.283048126156E+12,  3.459680339665E+02,  3.304774909477E+01,  3.029205084595E+02,NaN,  9.999774626790E+00,NaN,  1.785461470214E-06,  4.031293190883E-02,NaN,  3.974379474605E+06,  5.255198344853E-07
  7.976316336723E+02,  3.246184327724E+03,  3.315991827821E+03,  8.386134907583E+04,  8.487612232406E+04,  9.918599818371E+02,  7.793399250386E-01,NaN,NaN,  3.496145764873E-03,  2.684037406360E+16,  1.153767774913E+20,  4.304406037016E+20,  2.240355498238E+18,  8.186100596760E+20,  7.138792998468E+19,  9.297311982938E+12,  3.466867343626E+02,  3.333742908242E+01,  3.033495398479E+02,NaN,  9.999763644102E+00,NaN,  1.788204918956E-06,  4.029887665050E-02,NaN,  3.996492373621E+06,  5.300156516660E-07
  8.384946725059E+02,  3.237028430870E+03,  3.305513872704E+03,  8.150482688194E+04,  8.251916491720E+04,  9.918599818371E+02,  7.732409575612E-01,NaN,NaN,  3.529102099959E-03,  2.769165446103E+16,  1.145947676138E+20,  4.312223755942E+20,  2.321743566945E+18,  8.183638953679E+20,  7.160704267619E+19,  9.312569282087E+12,  3.476143673117E+02,  3.371412637678E+01,  3.039004872767E+02,NaN,  9.999751867067E+00,NaN,  1.791139442121E-06,  4.028061129059E-02,NaN,  4.019594821226E+06,  5.348216088563E-07
  8.808218215093E+02,  3.227689331867E+03,  3.294918054914E+03,  7.927298508125E+04,  8.028690766264E+04,  9.918599818371E+02,  7.670441819475E-01,NaN,NaN,  3.561877183108E-03,  2.843703139708E+16,  1.139091100468E+20,  4.319079124340E+20,  2.393583511643E+18,  8.181525172569E+20,  7.180228743271E+19,  9.328115138530E+12,  3.484331603409E+02,  3.404980501963E+01,  3.043836138291E+02,NaN,  9.999739698028E+00,NaN,  1.794129465153E-06,  4.026433283285E-02,NaN,  4.042829637880E+06,  5.397711877222E-07
  9.248670343451E+02,  3.218195370637E+03,  3.284159229880E+03,  7.704776486542E+04,  7.806128527479E+04,  9.918599818371E+02,  7.607252639057E-01,NaN,NaN,  3.595798130000E-03,  2.920426964239E+16,  1.132024130668E+20,  4.326144809749E+20,  2.468091174902E+18,  8.179312540837E+20,  7.200639791399E+19,  9.344092354574E+12,  3.492820166007E+02,  3.440072543309E+01,  3.048815623031E+02,NaN,  9.999727067352E+00,NaN,  1.797202454031E-06,  4.024732018388E-02,NaN,  4.066291792021E+06,  5.448914306885E-07
  9.713264814856E+02,  3.208490100245E+03,  3.273092771810E+03,  7.469071238179E+04,  7.570377416775E+04,  9.918599818371E+02,  7.542029803950E-01,NaN,NaN,  3.632730388037E-03,  3.013983623543E+16,  1.123393477009E+20,  4.334772725540E+20,  2.559705781988E+18,  8.176464800948E+20,  7.225939119711E+19,  9.360811229969E+12,  3.503249905612E+02,  3.483566727980E+01,  3.054896077019E+02,NaN,  9.999713779064E+00,NaN,  1.800418090473E-06,  4.022624974913E-02,NaN,  4.090289175238E+06,  5.502600630300E-07
  1.020521115161E+03,  3.198401621177E+03,  3.261677363038E+03,  7.240529232225E+04,  7.341791399852E+04,  9.918599818371E+02,  7.474428342023E-01,NaN,NaN,  3.670423905355E-03,  3.099660880571E+16,  1.115477459111E+20,  4.342687051777E+20,  2.644380917183E+18,  8.173881434759E+20,  7.249567864696E+19,  9.378188015995E+12,  3.512889682292E+02,  3.524190322584E+01,  3.060473634529E+02,NaN,  9.999699746688E+00,NaN,  1.803760266610E-06,  4.020657314207E-02,NaN,  4.114900357511E+06,  5.559092941040E-07
  1.072192355768E+03,  3.188076805840E+03,  3.250007463836E+03,  7.011341521171E+04,  7.112559811677E+04,  9.918599818371E+02,  7.405025655171E-01,NaN,NaN,  3.709828751005E-03,  3.188865457038E+16,  1.107222868071E+20,  4.350939803178E+20,  2.733332466546E+18,  8.171136226901E+20,  7.274623387454E+19,  9.396166880170E+12,  3.523013236404E+02,  3.567266733917E+01,  3.066289694442E+02,NaN,  9.999685049847E+00,NaN,  1.807218243863E-06,  4.018571942381E-02,NaN,  4.139911523557E+06,  5.618046083022E-07
  1.126513594650E+03,  3.177508800156E+03,  3.238076513064E+03,  6.781680883792E+04,  6.882854265683E+04,  9.918599818371E+02,  7.333774826940E-01,NaN,NaN,  3.751052262321E-03,  3.281725296069E+16,  1.098616266466E+20,  4.359544411148E+20,  2.826801150589E+18,  8.168217411480E+20,  7.301210851619E+19,  9.414768491248E+12,  3.533648111730E+02,  3.612976747454E+01,  3.072353722430E+02,NaN,  9.999669644600E+00,NaN,  1.810795997572E-06,  4.016360426844E-02,NaN,  4.165328159815E+06,  5.679610257810E-07
  1.182896749671E+03,  3.166831209013E+03,  3.226041222767E+03,  6.555422000234E+04,  6.656551289123E+04,  9.918599818371E+02,  7.261588848653E-01,NaN,NaN,  3.793532403524E-03,  3.376206627213E+16,  1.089844930526E+20,  4.368313708815E+20,  2.922833397604E+18,  8.165188471169E+20,  7.328808460193E+19,  9.433750461104E+12,  3.544572708290E+02,  3.660423389618E+01,  3.078533814154E+02,NaN,  9.999653703017E+00,NaN,  1.814446907849E-06,  4.014066447474E-02,NaN,  4.190810729392E+06,  5.743076101411E-07
  1.242054694901E+03,  3.155867784165E+03,  3.213776560383E+03,  6.339800949461E+04,  6.440887193477E+04,  9.918599818371E+02,  7.187696270901E-01,NaN,NaN,  3.836348523463E-03,  3.460473265188E+16,  1.082009733303E+20,  4.376148085209E+20,  3.009305393038E+18,  8.162526910273E+20,  7.353931349867E+19,  9.453223917849E+12,  3.554413151398E+02,  3.703617352739E+01,  3.084055027658E+02,NaN,  9.999637028418E+00,NaN,  1.818192348596E-06,  4.011978878296E-02,NaN,  4.216618897895E+06,  5.809203187042E-07
  1.305094192265E+03,  3.144592388414E+03,  3.201096023554E+03,  6.111089947568E+04,  6.212130830102E+04,  9.918599818371E+02,  7.111026433612E-01,NaN,NaN,  3.883354190857E-03,  3.563967205201E+16,  1.072370462241E+20,  4.385784927943E+20,  3.116546590576E+18,  8.159061676505E+20,  7.385376818602E+19,  9.473702627677E+12,  3.566610620900E+02,  3.757678947446E+01,  3.090846514762E+02,NaN,  9.999619317207E+00,NaN,  1.822131135389E-06,  4.009369221292E-02,NaN,  4.243133889248E+06,  5.879161814580E-07
  1.371673054906E+03,  3.133037048405E+03,  3.188117440657E+03,  5.882361497848E+04,  5.983356025850E+04,  9.918599818371E+02,  7.032200829290E-01,NaN,NaN,  3.932734286053E-03,  3.671851149954E+16,  1.062303597417E+20,  4.395849171144E+20,  3.229611207152E+18,  8.155359072708E+20,  7.418919318609E+19,  9.494919238902E+12,  3.579469791044E+02,  3.815345571416E+01,  3.097939208893E+02,NaN,  9.999600674690E+00,NaN,  1.826211846957E-06,  4.006588432043E-02,NaN,  4.270096614197E+06,  5.952492442492E-07
  1.440454994337E+03,  3.121384392558E+03,  3.175131804614E+03,  5.669553631536E+04,  5.770504426394E+04,  9.918599818371E+02,  6.952975869984E-01,NaN,NaN,  3.981603232031E-03,  3.766137757716E+16,  1.053489993220E+20,  4.404661577164E+20,  3.329531336526E+18,  8.152154580169E+20,  7.448931973627E+19,  9.516287242047E+12,  3.590840103329E+02,  3.866945893293E+01,  3.104149680880E+02,NaN,  9.999581481620E+00,NaN,  1.830321676594E-06,  4.004102039170E-02,NaN,  4.296898052622E+06,  6.027670635928E-07
  1.512992687033E+03,  3.109542819545E+03,  3.161877104271E+03,  5.448079944042E+04,  5.548984879262E+04,  9.918599818371E+02,  6.871823569729E-01,NaN,NaN,  4.034522219019E-03,  3.878297505032E+16,  1.042986148645E+20,  4.415162666947E+20,  3.449719018028E+18,  8.148130320203E+20,  7.485419745343E+19,  9.538477969011E+12,  3.604513466708E+02,  3.929675961253E+01,  3.111550239113E+02,NaN,  9.999561312453E+00,NaN,  1.834589745385E-06,  4.001083864234E-02,NaN,  4.324075108558E+06,  6.106335226218E-07
  1.588643204523E+03,  3.097510903048E+03,  3.148509232450E+03,  5.240263843214E+04,  5.341125463838E+04,  9.918599818371E+02,  6.789604319540E-01,NaN,NaN,  4.087446546577E-03,  3.978018748276E+16,  1.033629961903E+20,  4.424517475577E+20,  3.557862960278E+18,  8.144570874969E+20,  7.518679940913E+19,  9.561017380556E+12,  3.616824332263E+02,  3.986859453685E+01,  3.118142964960E+02,NaN,  9.999540354522E+00,NaN,  1.838924878665E-06,  3.998335379385E-02,NaN,  4.351302138305E+06,  6.187713876511E-07
  1.668181308688E+03,  3.085335051924E+03,  3.134926438132E+03,  5.025527213950E+04,  5.126342988503E+04,  9.918599818371E+02,  6.705781602063E-01,NaN,NaN,  4.144516847834E-03,  4.095267265966E+16,  1.022607649987E+20,  4.435536855916E+20,  3.686539073921E+18,  8.140157407514E+20,  7.558715456602E+19,  9.584333615179E+12,  3.631472853979E+02,  4.055688672467E+01,  3.125908784277E+02,NaN,  9.999518402101E+00,NaN,  1.843409422748E-06,  3.995032877077E-02,NaN,  4.378781507057E+06,  6.272576857133E-07
  1.751600891039E+03,  3.072917136665E+03,  3.121172599685E+03,  4.823320565149E+04,  4.924093278763E+04,  9.918599818371E+02,  6.620515358914E-01,NaN,NaN,  4.201938103563E-03,  4.200598285428E+16,  1.012686454801E+20,  4.445456483710E+20,  3.803631483741E+18,  8.136196944631E+20,  7.595649921158E+19,  9.608131404951E+12,  3.644813429857E+02,  4.119188948279E+01,  3.132899561868E+02,NaN,  9.999495468162E+00,NaN,  1.847986587074E-06,  3.991990131958E-02,NaN,  4.406418409161E+06,  6.360825102989E-07
  1.839998947315E+03,  3.060273938373E+03,  3.107113451706E+03,  4.613239171294E+04,  4.713966246438E+04,  9.918599818371E+02,  6.533065849863E-01,NaN,NaN,  4.264377993280E-03,  4.325147120726E+16,  1.000930668313E+20,  4.457209042812E+20,  3.943895175084E+18,  8.131255065956E+20,  7.640451326820E+19,  9.632934984658E+12,  3.660797952441E+02,  4.196211382949E+01,  3.141182082999E+02,NaN,  9.999471261963E+00,NaN,  1.852757200701E-06,  3.988306972224E-02,NaN,  4.434474753317E+06,  6.453532023725E-07
  1.933167156815E+03,  3.047345486255E+03,  3.092836272114E+03,  4.415007383398E+04,  4.515690717735E+04,  9.918599818371E+02,  6.443877647844E-01,NaN,NaN,  4.327542040424E-03,  4.438160217582E+16,  9.902413937023E+19,  4.467896450359E+20,  4.072964010188E+18,  8.126753831046E+20,  7.682291267216E+19,  9.658360505993E+12,  3.675522922133E+02,  4.268144978301E+01,  3.148713947172E+02,NaN,  9.999445855506E+00,NaN,  1.857647435900E-06,  3.984873085447E-02,NaN,  4.462767517594E+06,  6.550362596246E-07
  2.029962157559E+03,  3.034453690868E+03,  3.078554961847E+03,  4.214849882675E+04,  4.315488518704E+04,  9.918599818371E+02,  6.354352312055E-01,NaN,NaN,  4.394589208755E-03,  4.566531197760E+16,  9.780731969331E+19,  4.480061309748E+20,  4.221655298927E+18,  8.121373598005E+20,  7.731147099439E+19,  9.684322609682E+12,  3.692495014809E+02,  4.352137668570E+01,  3.157287033600E+02,NaN,  9.999419572508E+00,NaN,  1.862640875037E-06,  3.980872965471E-02,NaN,  4.490870262924E+06,  6.650035682304E-07
  2.131743977943E+03,  3.021318790254E+03,  3.064104520544E+03,  4.027198237573E+04,  4.127794266156E+04,  9.918599818371E+02,  6.263410397944E-01,NaN,NaN,  4.462160952074E-03,  4.682338085160E+16,  9.670720514146E+19,  4.491060549011E+20,  4.357785618708E+18,  8.116492595002E+20,  7.776576384751E+19,  9.710876054505E+12,  3.708056818686E+02,  4.430242208047E+01,  3.165038658657E+02,NaN,  9.999392054708E+00,NaN,  1.867748050179E-06,  3.977160956538E-02,NaN,  4.519106174993E+06,  6.753869400241E-07
  2.238807255358E+03,  3.008014253451E+03,  3.049492762738E+03,  3.843573317681E+04,  3.944127050253E+04,  9.918599818371E+02,  6.171111001909E-01,NaN,NaN,  4.532494234041E-03,  4.800545108351E+16,  9.558195188431E+19,  4.502311105476E+20,  4.498731307400E+18,  8.111367563493E+20,  7.824280988232E+19,  9.738195048538E+12,  3.724186901384E+02,  4.512258527721E+01,  3.172967397483E+02,NaN,  9.999363239951E+00,NaN,  1.873002467757E-06,  3.973272179618E-02,NaN,  4.547455253054E+06,  6.862035105870E-07
  2.351061533377E+03,  2.994657372284E+03,  3.034777959126E+03,  3.656882351266E+04,  3.757392108975E+04,  9.918599818371E+02,  6.077861159174E-01,NaN,NaN,  4.607926877342E-03,  4.936069226668E+16,  9.428890155195E+19,  4.515238031807E+20,  4.662844375365E+18,  8.105173273149E+20,  7.880646492511E+19,  9.766388035641E+12,  3.742987053281E+02,  4.609161583987E+01,  3.182077544435E+02,NaN,  9.999333166274E+00,NaN,  1.878424985395E-06,  3.968690939931E-02,NaN,  4.575801116973E+06,  6.974322534648E-07
  2.468828114880E+03,  2.981115576517E+03,  3.019960977256E+03,  3.483427876133E+04,  3.583896538492E+04,  9.918599818371E+02,  5.983610851407E-01,NaN,NaN,  4.683624547540E-03,  5.057578818188E+16,  9.312690235979E+19,  4.526855977805E+20,  4.812393072856E+18,  8.099567490240E+20,  7.932876831910E+19,  9.795179074512E+12,  3.760154100659E+02,  4.698958661052E+01,  3.190265198068E+02,NaN,  9.999301764655E+00,NaN,  1.883962529733E-06,  3.964457037601E-02,NaN,  4.604140030614E+06,  7.090940507469E-07
  2.592280055660E+03,  2.967476974116E+03,  3.005066302442E+03,  3.315312597864E+04,  3.415740675062E+04,  9.918599818371E+02,  5.888535189289E-01,NaN,NaN,  4.761999790611E-03,  5.180295769335E+16,  9.195079946798E+19,  4.538614952285E+20,  4.965797588998E+18,  8.093735100303E+20,  7.987273708497E+19,  9.824743446930E+12,  3.777793010166E+02,  4.792480608202E+01,  3.198552240384E+02,NaN,  9.999269006449E+00,NaN,  1.889648813713E-06,  3.960060375722E-02,NaN,  4.632423645806E+06,  7.211916609619E-07
  2.722981061312E+03,  2.953686348284E+03,  2.989958949261E+03,  3.143078964630E+04,  3.243464894604E+04,  9.918599818371E+02,  5.791817896668E-01,NaN,NaN,  4.846996394930E-03,  5.322474397256E+16,  9.058491902142E+19,  4.552269960620E+20,  5.146564891492E+18,  8.086597043560E+20,  8.052393493705E+19,  9.855635988176E+12,  3.798611234446E+02,  4.904433732579E+01,  3.208175497250E+02,NaN,  9.999234498185E+00,NaN,  1.895590551962E-06,  3.954815991168E-02,NaN,  4.660904538616E+06,  7.338626815795E-07
  2.859477780755E+03,  2.939805393633E+03,  2.974855645847E+03,  2.985011236331E+04,  3.085357709065E+04,  9.918599818371E+02,  5.694787691197E-01,NaN,NaN,  4.931675214665E-03,  5.448564594422E+16,  8.937068210064E+19,  4.564410196443E+20,  5.309750498592E+18,  8.080186009989E+20,  8.112244909836E+19,  9.887101886055E+12,  3.817456559823E+02,  5.007333239420E+01,  3.216731230420E+02,NaN,  9.999198644515E+00,NaN,  1.901642567154E-06,  3.950012030929E-02,NaN,  4.689172080231E+06,  7.469517773447E-07
  3.003114765017E+03,  2.925809133702E+03,  2.959654747107E+03,  2.831904929838E+04,  2.932212523871E+04,  9.918599818371E+02,  5.596812495333E-01,NaN,NaN,  5.019645073541E-03,  5.576165905366E+16,  8.813910463476E+19,  4.576723809331E+20,  5.477722470693E+18,  8.073484194755E+20,  8.174861325209E+19,  9.919635043283E+12,  3.836899428761E+02,  5.114986488788E+01,  3.225409149676E+02,NaN,  9.999161112731E+00,NaN,  1.907899854409E-06,  3.945004195806E-02,NaN,  4.717416843149E+06,  7.605704281890E-07
  3.154926280555E+03,  2.911714560674E+03,  2.944304023654E+03,  2.676057944635E+04,  2.776325366171E+04,  9.918599818371E+02,  5.497607430507E-01,NaN,NaN,  5.114827382199E-03,  5.722819106236E+16,  8.672012959314E+19,  4.590909650788E+20,  5.674368731654E+18,  8.065340583708E+20,  8.249420710004E+19,  9.953693930426E+12,  3.859714542949E+02,  5.243168002974E+01,  3.235406506899E+02,NaN,  9.999121660800E+00,NaN,  1.914450593982E-06,  3.939067038719E-02,NaN,  4.745733104303E+06,  7.747974158716E-07
  3.312921160713E+03,  2.897613619913E+03,  2.929049253123E+03,  2.534625221722E+04,  2.634855384092E+04,  9.918599818371E+02,  5.398699886714E-01,NaN,NaN,  5.209040703611E-03,  5.851474642405E+16,  8.547221487019E+19,  4.603386672187E+20,  5.850230217656E+18,  8.058084648065E+20,  8.317378135670E+19,  9.988376906600E+12,  3.880190801473E+02,  5.360003869806E+01,  3.244199586984E+02,NaN,  9.999080829782E+00,NaN,  1.921121368149E-06,  3.933677797004E-02,NaN,  4.773668640689E+06,  7.894297353857E-07
  3.478665970612E+03,  2.883472415678E+03,  2.913780192506E+03,  2.398844118796E+04,  2.499037833147E+04,  9.918599818371E+02,  5.299398922856E-01,NaN,NaN,  5.306416606213E-03,  5.980372628483E+16,  8.421907047003E+19,  4.615916024108E+20,  6.029665782820E+18,  8.050565531684E+20,  8.387908474698E+19,  1.002426484435E+13,  3.901146289400E+02,  5.481263411501E+01,  3.253029546581E+02,NaN,  9.999038238923E+00,NaN,  1.928023899432E-06,  3.928108449025E-02,NaN,  4.801429168707E+06,  8.045927702169E-07
  3.652893911562E+03,  2.869334756944E+03,  2.898475627853E+03,  2.261838258663E+04,  2.361994839476E+04,  9.918599818371E+02,  5.199651423048E-01,NaN,NaN,  5.411158704655E-03,  6.127039034238E+16,  8.278958975255E+19,  4.630207032544E+20,  6.237855331773E+18,  8.041514618740E+20,  8.471207286548E+19,  1.006181057730E+13,  3.925537978367E+02,  5.624470023687E+01,  3.263101019382E+02,NaN,  9.998993726342E+00,NaN,  1.935245283901E-06,  3.921564054955E-02,NaN,  4.829054446930E+06,  8.203352181659E-07
  3.835570454755E+03,  2.855123880266E+03,  2.883189515522E+03,  2.137194951182E+04,  2.237316737916E+04,  9.918599818371E+02,  5.099682191076E-01,NaN,NaN,  5.515438262326E-03,  6.256377247685E+16,  8.152590263282E+19,  4.642841866830E+20,  6.425250167620E+18,  8.033385005086E+20,  8.547662631090E+19,  1.010049658131E+13,  3.947586444862E+02,  5.755916352737E+01,  3.272005316825E+02,NaN,  9.998947333656E+00,NaN,  1.942685983190E-06,  3.915586509902E-02,NaN,  4.856448890753E+06,  8.366291160465E-07
  4.029758279416E+03,  2.840785626940E+03,  2.867724287024E+03,  2.009945563054E+04,  2.110031252100E+04,  9.918599818371E+02,  4.998346191468E-01,NaN,NaN,  5.629126202869E-03,  6.405957820097E+16,  8.006070783360E+19,  4.657489920754E+20,  6.646462644519E+18,  8.023418404315E+20,  8.639589476363E+19,  1.014157935563E+13,  3.973713028250E+02,  5.913956110028E+01,  3.282328414552E+02,NaN,  9.998898318950E+00,NaN,  1.950587666951E-06,  3.908439947754E-02,NaN,  4.883965597959E+06,  8.537229605812E-07
  4.231372091389E+03,  2.826600618977E+03,  2.852457913945E+03,  1.890262553860E+04,  1.990313545743E+04,  9.918599818371E+02,  4.898039924507E-01,NaN,NaN,  5.745267430812E-03,  6.552763873206E+16,  7.861886756333E+19,  4.671904600066E+20,  6.868547907525E+18,  8.013229617297E+20,  8.733795483434E+19,  1.018392372927E+13,  4.000066988646E+02,  6.075914481282E+01,  3.292487043405E+02,NaN,  9.998847752513E+00,NaN,  1.958732001290E-06,  3.901160507094E-02,NaN,  4.910934533938E+06,  8.712280546344E-07
  4.442991857917E+03,  2.812360505045E+03,  2.837226603837E+03,  1.782001258369E+04,  1.882020094535E+04,  9.918599818371E+02,  4.797700869318E-01,NaN,NaN,  5.860692546359E-03,  6.681463855213E+16,  7.735170299839E+19,  4.684574339142E+20,  7.067496035307E+18,  8.004110050642E+20,  8.819924969998E+19,  1.022781235419E+13,  4.023803266168E+02,  6.223993566641E+01,  3.301415939716E+02,NaN,  9.998795011589E+00,NaN,  1.967173350263E-06,  3.894543187251E-02,NaN,  4.937651533923E+06,  8.893495425784E-07
  4.666355783998E+03,  2.798125063291E+03,  2.821962150331E+03,  1.672625405999E+04,  1.772611359024E+04,  9.918599818371E+02,  4.696956691177E-01,NaN,NaN,  5.985546148383E-03,  6.828544284935E+16,  7.589994270440E+19,  4.699088248882E+20,  7.299838972230E+18,  7.993058665678E+20,  8.922415958703E+19,  1.027431168444E+13,  4.051651485636E+02,  6.400195683664E+01,  3.311644500413E+02,NaN,  9.998739709608E+00,NaN,  1.976116831049E-06,  3.886719784304E-02,NaN,  4.964238285647E+06,  9.082021965015E-07
  4.900083812770E+03,  2.783965656977E+03,  2.806808760090E+03,  1.569167252367E+04,  1.669121220154E+04,  9.918599818371E+02,  4.596686838518E-01,NaN,NaN,  6.114136841114E-03,  6.974142236973E+16,  7.445901951583E+19,  4.713493878849E+20,  7.535374129830E+18,  7.981637889852E+20,  9.028530938403E+19,  1.032286205309E+13,  4.080046428910E+02,  6.582628349262E+01,  3.321796751813E+02,NaN,  9.998682231658E+00,NaN,  1.985454799723E-06,  3.878676198558E-02,NaN,  4.990447014642E+06,  9.276381019584E-07
  5.145155637648E+03,  2.769803813687E+03,  2.791743827306E+03,  1.476429725340E+04,  1.576354280158E+04,  9.918599818371E+02,  4.496758360130E-01,NaN,NaN,  6.241276209675E-03,  7.100361342394E+16,  7.320682608210E+19,  4.726014103716E+20,  7.744275205902E+18,  7.971513205282E+20,  9.124626485237E+19,  1.037334052132E+13,  4.105390782850E+02,  6.747842599398E+01,  3.330620279193E+02,NaN,  9.998622376512E+00,NaN,  1.995163610759E-06,  3.871440066937E-02,NaN,  5.016322352539E+06,  9.477092430893E-07
  5.402772798351E+03,  2.755733431107E+03,  2.776740332797E+03,  1.383272756066E+04,  1.483167359111E+04,  9.918599818371E+02,  4.397084409577E-01,NaN,NaN,  6.378278377317E-03,  7.243822744708E+16,  7.178006165032E+19,  4.740278283468E+20,  7.987119455533E+18,  7.959303312264E+20,  9.238494689520E+19,  1.042684360684E+13,  4.135018994430E+02,  6.943605306695E+01,  3.340672844696E+02,NaN,  9.998559900902E+00,NaN,  2.005454163650E-06,  3.862928333462E-02,NaN,  5.041915239781E+06,  9.684794897576E-07
  5.675961510301E+03,  2.741590564234E+03,  2.761683763294E+03,  1.294058732176E+04,  1.393923832168E+04,  9.918599818371E+02,  4.296858164338E-01,NaN,NaN,  6.521453312164E-03,  7.388265322166E+16,  7.033979261685E+19,  4.754677458253E+20,  8.237795516598E+18,  7.946437040930E+20,  9.358596469285E+19,  1.048371596785E+13,  4.165813977755E+02,  7.150084694580E+01,  3.350820546860E+02,NaN,  9.998494127380E+00,NaN,  2.016392748469E-06,  3.854022066866E-02,NaN,  5.067422983309E+06,  9.901483546210E-07
  5.960307551406E+03,  2.727644199663E+03,  2.746865448510E+03,  1.210758423844E+04,  1.310595437309E+04,  9.918599818371E+02,  4.198025361568E-01,NaN,NaN,  6.667659176807E-03,  7.529098201779E+16,  6.893189036555E+19,  4.768753156412E+20,  8.488472478429E+18,  7.933321268142E+20,  9.481335428293E+19,  1.054307636380E+13,  4.196834422082E+02,  7.361098585626E+01,  3.360740281482E+02,NaN,  9.998426175900E+00,NaN,  2.027809871205E-06,  3.844995523614E-02,NaN,  5.092357008225E+06,  1.012324606770E-06
  6.258735533754E+03,  2.713787159861E+03,  2.732167712064E+03,  1.132206108342E+04,  1.232015860236E+04,  9.918599818371E+02,  4.099825752083E-01,NaN,NaN,  6.818398053502E-03,  7.668129735178E+16,  6.753847168155E+19,  4.782684108954E+20,  8.742311005784E+18,  7.919775679333E+20,  9.608332644716E+19,  1.060562833763E+13,  4.228484954953E+02,  7.579433727582E+01,  3.370558007800E+02,NaN,  9.998355399675E+00,NaN,  2.039840848277E-06,  3.835735562438E-02,NaN,  5.116923145767E+06,  1.035198476118E-06
  6.571720310237E+03,  2.700039761149E+03,  2.717611175277E+03,  1.058274362705E+04,  1.158061272711E+04,  9.918599818371E+02,  4.002372870095E-01,NaN,NaN,  6.973611186084E-03,  7.805063771508E+16,  6.616264562811E+19,  4.796439233955E+20,  8.998818592503E+18,  7.905816194305E+20,  9.739460745792E+19,  1.067154931853E+13,  4.260721784382E+02,  7.804871253563E+01,  3.380251821078E+02,NaN,  9.998281742232E+00,NaN,  2.052519805649E-06,  3.826258939809E-02,NaN,  5.141092926183E+06,  1.058760958068E-06
  6.903959389993E+03,  2.686305985364E+03,  2.703032965888E+03,  9.834688775040E+03,  1.083225395280E+04,  9.918599818371E+02,  3.904697540969E-01,NaN,NaN,  7.143420581095E-03,  7.961095193051E+16,  6.459072524137E+19,  4.812153393399E+20,  9.299248907239E+18,  7.888868859810E+20,  9.896537169783E+19,  1.074252770219E+13,  4.298799311965E+02,  8.074910014310E+01,  3.391326248062E+02,NaN,  9.998204181031E+00,NaN,  2.066171482073E-06,  3.815021192167E-02,NaN,  5.165140329887E+06,  1.083313682375E-06
  7.257280869555E+03,  2.672474200483E+03,  2.688430071430E+03,  9.163247019966E+03,  1.016056185295E+04,  9.918599818371E+02,  3.806654770378E-01,NaN,NaN,  7.313418249332E-03,  8.098972197200E+16,  6.319801258418E+19,  4.826077286657E+20,  9.572527380643E+18,  7.873309791448E+20,  1.004293467880E+20,  1.081793913117E+13,  4.333780101870E+02,  8.326598580540E+01,  3.401138999406E+02,NaN,  9.998122360255E+00,NaN,  2.080675791328E-06,  3.804654906703E-02,NaN,  5.189071126701E+06,  1.108918843680E-06
  7.622571156218E+03,  2.658988723926E+03,  2.674220235081E+03,  8.546702360463E+03,  9.543781045850E+03,  9.918599818371E+02,  3.711089493611E-01,NaN,NaN,  7.485032724222E-03,  8.230696574954E+16,  6.186420400843E+19,  4.839412441559E+20,  9.840776179532E+18,  7.857747630375E+20,  1.018983911372E+20,  1.089636121931E+13,  4.368433272173E+02,  8.579160242032E+01,  3.410536842148E+02,NaN,  9.998038486435E+00,NaN,  2.095759157792E-06,  3.794357205224E-02,NaN,  5.212208095406E+06,  1.134859553712E-06
  8.004324149019E+03,  2.645755755213E+03,  2.660244738355E+03,  7.934331231745E+03,  8.931169940841E+03,  9.918599818371E+02,  3.617018203400E-01,NaN,NaN,  7.669673400653E-03,  8.377614773731E+16,  6.037275294301E+19,  4.854322297625E+20,  1.014853829096E+19,  7.839262928293E+20,  1.036218156097E+20,  1.097954141591E+13,  4.408568508630E+02,  8.875445289817E+01,  3.421044442820E+02,NaN,  9.997951571117E+00,NaN,  2.111757678332E-06,  3.782410445980E-02,NaN,  5.234820853182E+06,  1.161412602347E-06
  8.405600957970E+03,  2.632603689552E+03,  2.646430374886E+03,  7.396935406783E+03,  8.393556696352E+03,  9.918599818371E+02,  3.523840556943E-01,NaN,NaN,  7.850829459893E-03,  8.503244291431E+16,  5.909427750875E+19,  4.867104367744E+20,  1.041946580083E+19,  7.822871573267E+20,  1.051753502075E+20,  1.106687039534E+13,  4.444284573231E+02,  9.142534383007E+01,  3.430052503528E+02,NaN,  9.997861011754E+00,NaN,  2.128554157880E-06,  3.771760227270E-02,NaN,  5.257035158966E+06,  1.188728635862E-06
  8.831018650136E+03,  2.619539849380E+03,  2.632673568071E+03,  6.852831133988E+03,  7.849227182190E+03,  9.918599818371E+02,  3.430995091061E-01,NaN,NaN,  8.049464144322E-03,  8.646927282748E+16,  5.762846803470E+19,  4.881757880237E+20,  1.073834009696E+19,  7.802883565335E+20,  1.070446984922E+20,  1.116088880390E+13,  4.486747821372E+02,  9.463906933032E+01,  3.440379448136E+02,NaN,  9.997765846598E+00,NaN,  2.146637253399E-06,  3.759096836676E-02,NaN,  5.279022081125E+06,  1.217044997310E-06
  9.283035063471E+03,  2.606506631475E+03,  2.618967624964E+03,  6.338264273633E+03,  7.334440973774E+03,  9.918599818371E+02,  3.338364246853E-01,NaN,NaN,  8.257177421605E-03,  8.789919215478E+16,  5.616592885251E+19,  4.896378661687E+20,  1.106595453769E+19,  7.781860800513E+20,  1.090131665871E+20,  1.126149893475E+13,  4.530891986274E+02,  9.802319820957E+01,  3.450683325807E+02,NaN,  9.997665671184E+00,NaN,  2.165988172377E-06,  3.745936039454E-02,NaN,  5.300795123396E+06,  1.246423226181E-06
  9.748817994241E+03,  2.593846246627E+03,  2.605728589017E+03,  5.902620953111E+03,  6.898605345944E+03,  9.918599818371E+02,  3.248737547365E-01,NaN,NaN,  8.454860719258E-03,  8.906650368068E+16,  5.496916642789E+19,  4.908343903434E+20,  1.134153931908E+19,  7.764068473056E+20,  1.107090243596E+20,  1.136489075792E+13,  4.568479455987E+02,  1.009388066873E+02,  3.459115733315E+02,NaN,  9.997563394017E+00,NaN,  2.185874110066E-06,  3.734736488278E-02,NaN,  5.321701914041E+06,  1.275967023254E-06
  1.024382637113E+04,  2.581278339209E+03,  2.592551018392E+03,  5.459004534251E+03,  6.454788451394E+03,  9.918599818371E+02,  3.159507382943E-01,NaN,NaN,  8.672872915137E-03,  9.041384531050E+16,  5.358464990012E+19,  4.922184765159E+20,  1.166897031191E+19,  7.742172564758E+20,  1.127676418172E+20,  1.147635279043E+13,  4.613623980781E+02,  1.044779432295E+02,  3.468869968857E+02,NaN,  9.997455755601E+00,NaN,  2.207312237040E-06,  3.721315936403E-02,NaN,  5.342391185677E+06,  1.306574296334E-06
  1.076014626916E+04,  2.568996459694E+03,  2.579692486114E+03,  5.050141572271E+03,  6.045735550121E+03,  9.918599818371E+02,  3.072315351135E-01,NaN,NaN,  8.895455765451E-03,  9.171162369613E+16,  5.224786098720E+19,  4.935548537139E+20,  1.199454150708E+19,  7.719921698990E+20,  1.148640456307E+20,  1.159316910419E+13,  4.659082002191E+02,  1.080820555047E+02,  3.478287979253E+02,NaN,  9.997344559308E+00,NaN,  2.229780183395E-06,  3.707839606753E-02,NaN,  5.362464705738E+06,  1.337658012197E-06
  1.129913414910E+04,  2.556991433581E+03,  2.567141765080E+03,  4.673093990859E+03,  5.668506566266E+03,  9.918599818371E+02,  2.987142582756E-01,NaN,NaN,  9.122733755437E-03,  9.296094385192E+16,  5.095800967773E+19,  4.948443110041E+20,  1.231797011346E+19,  7.697342670384E+20,  1.169958753923E+20,  1.171558128204E+13,  4.704818524780E+02,  1.117470880362E+02,  3.487375325388E+02,NaN,  9.997229649632E+00,NaN,  2.253324414134E-06,  3.694328962112E-02,NaN,  5.381949217690E+06,  1.369220024226E-06
  1.186580792277E+04,  2.545231211783E+03,  2.554814716382E+03,  4.294979387252E+03,  5.290205618896E+03,  9.918599818371E+02,  2.903444245175E-01,NaN,NaN,  9.371574503780E-03,  9.436408883653E+16,  4.950583537218E+19,  4.962959116659E+20,  1.269350090924E+19,  7.670227116508E+20,  1.195309658216E+20,  1.184584436569E+13,  4.758629010240E+02,  1.161052523204E+02,  3.497605363842E+02,NaN,  9.997110041023E+00,NaN,  2.278378654259E-06,  3.678513618900E-02,NaN,  5.400983022826E+06,  1.401457903562E-06
  1.248695454681E+04,  2.533161041925E+03,  2.542220570254E+03,  3.952803011160E+03,  4.947854040684E+03,  9.918599818371E+02,  2.817846086359E-01,NaN,NaN,  9.626085305324E-03,  9.562199010380E+16,  4.820081620417E+19,  4.976005080441E+20,  1.304213984402E+19,  7.644677083919E+20,  1.219462853327E+20,  1.198793105091E+13,  4.809345778958E+02,  1.202576551362E+02,  3.506799401477E+02,NaN,  9.996980306223E+00,NaN,  2.305706994955E-06,  3.663689508531E-02,NaN,  5.420324213289E+06,  1.435729818963E-06
  1.311285127123E+04,  2.521817846543E+03,  2.530407064843E+03,  3.653447120726E+03,  4.648338910149E+03,  9.918599818371E+02,  2.737458177914E-01,NaN,NaN,  9.874158750975E-03,  9.675686874707E+16,  4.702086248038E+19,  4.987800972648E+20,  1.336697352357E+19,  7.620410996478E+20,  1.242494612025E+20,  1.213097628319E+13,  4.857254110214E+02,  1.242173115981E+02,  3.515112461264E+02,NaN,  9.996850963704E+00,NaN,  2.333219698462E-06,  3.649771626553E-02,NaN,  5.438370826786E+06,  1.469169729086E-06
  1.377081095657E+04,  2.510748843351E+03,  2.518847146956E+03,  3.352058966886E+03,  4.346786299525E+03,  9.918599818371E+02,  2.658771850670E-01,NaN,NaN,  1.014686062330E-02,  9.803914843088E+16,  4.568473737744E+19,  5.001156799309E+20,  1.374631401019E+19,  7.591131557983E+20,  1.270004957821E+20,  1.228258884863E+13,  4.913959613545E+02,  1.289467553165E+02,  3.524524872261E+02,NaN,  9.996716449603E+00,NaN,  2.362380205908E-06,  3.633422764829E-02,NaN,  5.455941048796E+06,  1.503166728070E-06
  1.446620102425E+04,  2.499809787108E+03,  2.507480816140E+03,  3.094700478083E+03,  4.089282469550E+03,  9.918599818371E+02,  2.581592204454E-01,NaN,NaN,  1.041080458647E-02,  9.910098252285E+16,  4.457592508533E+19,  5.012241426730E+20,  1.407115351930E+19,  7.565788688495E+20,  1.294143007409E+20,  1.244105699853E+13,  4.963268978110E+02,  1.330966521796E+02,  3.532336673932E+02,NaN,  9.996575845339E+00,NaN,  2.392859286922E-06,  3.619314709107E-02,NaN,  5.473131834129E+06,  1.537887353204E-06
  1.519555272201E+04,  2.489180207595E+03,  2.496408718302E+03,  2.837551306493E+03,  3.831983505571E+03,  9.918599818371E+02,  2.507531937957E-01,NaN,NaN,  1.069927613234E-02,  1.002854449816E+17,  4.333651346118E+19,  5.024630471156E+20,  1.444537454884E+19,  7.535670510795E+20,  1.322563137561E+20,  1.260804899668E+13,  5.020857708394E+02,  1.379825631254E+02,  3.541067752956E+02,NaN,  9.996429993415E+00,NaN,  2.424977808174E-06,  3.602985419070E-02,NaN,  5.489796978449E+06,  1.573004742807E-06
  1.595582295414E+04,  2.478874181944E+03,  2.485690226036E+03,  2.604421554493E+03,  3.598713082475E+03,  9.918599818371E+02,  2.437005844906E-01,NaN,NaN,  1.099184006363E-02,  1.013959628197E+17,  4.217199107808E+19,  5.036270970986E+20,  1.480840814895E+19,  7.505834780200E+20,  1.350799141881E+20,  1.278112807738E+13,  5.077602805050E+02,  1.428368682789E+02,  3.549271301219E+02,NaN,  9.996279645938E+00,NaN,  2.458267092653E-06,  3.587053078196E-02,NaN,  5.505854626339E+06,  1.608279802280E-06
  1.675835411461E+04,  2.468717629812E+03,  2.475182904951E+03,  2.409488645024E+03,  3.403657083326E+03,  9.918599818371E+02,  2.368835479104E-01,NaN,NaN,  1.126967568111E-02,  1.022747346169E+17,  4.124873332931E+19,  5.045500828252E+20,  1.510465352491E+19,  7.481346938818E+20,  1.374365518484E+20,  1.296084692853E+13,  5.124623794551E+02,  1.468886574612E+02,  3.555775968600E+02,NaN,  9.996122641006E+00,NaN,  2.492833441963E-06,  3.573969735875E-02,NaN,  5.521524537508E+06,  1.644141838381E-06
  1.759961377549E+04,  2.458868417217E+03,  2.464965764490E+03,  2.212322673731E+03,  3.206363191633E+03,  9.918599818371E+02,  2.303704889434E-01,NaN,NaN,  1.157555308123E-02,  1.032757461807E+17,  4.019512694017E+19,  5.056032579922E+20,  1.545180164493E+19,  7.451750486656E+20,  1.402524735445E+20,  1.314955319857E+13,  5.180456523810E+02,  1.517298764704E+02,  3.563198135551E+02,NaN,  9.995959826336E+00,NaN,  2.529128392692E-06,  3.558591662032E-02,NaN,  5.536694381070E+06,  1.680289827864E-06
  1.848196047284E+04,  2.449279612673E+03,  2.455030989388E+03,  2.031979331592E+03,  3.025897965052E+03,  9.918599818371E+02,  2.241269995991E-01,NaN,NaN,  1.188780900921E-02,  1.042199395555E+17,  3.919942977776E+19,  5.065985435336E+20,  1.578942629535E+19,  7.422410424172E+20,  1.430514790746E+20,  1.334561996123E+13,  5.235591024384E+02,  1.565420759582E+02,  3.570212330039E+02,NaN,  9.995790909373E+00,NaN,  2.566839028848E-06,  3.543571311977E-02,NaN,  5.551381756425E+06,  1.716703477867E-06
  1.941203725198E+04,  2.439944602201E+03,  2.445329967345E+03,  1.848297584925E+03,  2.842088097316E+03,  9.918599818371E+02,  2.181344131852E-01,NaN,NaN,  1.223749562196E-02,  1.052945490343E+17,  3.806390082486E+19,  5.077334948824E+20,  1.618603983678E+19,  7.386848743032E+20,  1.464135916647E+20,  1.355233703806E+13,  5.301388578116E+02,  1.623221595880E+02,  3.578210808028E+02,NaN,  9.995614814289E+00,NaN,  2.606598100536E-06,  3.525872302008E-02,NaN,  5.565663777660E+06,  1.753520382553E-06
  2.041373573132E+04,  2.430600092967E+03,  2.435667922089E+03,  1.692311116788E+03,  2.685987408556E+03,  9.918599818371E+02,  2.122484516772E-01,NaN,NaN,  1.257740500600E-02,  1.061684213712E+17,  3.713865462443E+19,  5.086583366951E+20,  1.651918467689E+19,  7.356655449398E+20,  1.493062313365E+20,  1.377008210361E+13,  5.357637424133E+02,  1.672954570246E+02,  3.584728556026E+02,NaN,  9.995427137628E+00,NaN,  2.648478248046E-06,  3.510931351929E-02,NaN,  5.579830070497E+06,  1.791484749617E-06
  2.146737276866E+04,  2.421521771885E+03,  2.426291370026E+03,  1.549924932682E+03,  2.543493100236E+03,  9.918599818371E+02,  2.066208066380E-01,NaN,NaN,  1.292469833278E-02,  1.069874432393E+17,  3.626997090954E+19,  5.095266293237E+20,  1.684037322880E+19,  7.327027354462E+20,  1.521528478669E+20,  1.399569525418E+13,  5.412697338594E+02,  1.721897214508E+02,  3.590847778215E+02,NaN,  9.995231895204E+00,NaN,  2.691871709121E-06,  3.496481768083E-02,NaN,  5.593522443633E+06,  1.829620637440E-06
  2.254104265284E+04,  2.412976032003E+03,  2.417477830366E+03,  1.425432530901E+03,  2.418902189848E+03,  9.918599818371E+02,  2.014121214136E-01,NaN,NaN,  1.326443217404E-02,  1.077123623234E+17,  3.549987342509E+19,  5.102963756793E+20,  1.713229865296E+19,  7.299705699195E+20,  1.547900660510E+20,  1.422138302701E+13,  5.463463922659E+02,  1.767241041056E+02,  3.596272503503E+02,NaN,  9.995035074671E+00,NaN,  2.735279522719E-06,  3.483313598400E-02,NaN,  5.606343259639E+06,  1.866680729102E-06
  2.368355160584E+04,  2.404611971399E+03,  2.408819847025E+03,  1.294082646045E+03,  2.287445212030E+03,  9.918599818371E+02,  1.963656329994E-01,NaN,NaN,  1.365683844283E-02,  1.085830311801E+17,  3.457331994371E+19,  5.112223956446E+20,  1.749221121033E+19,  7.264936295409E+20,  1.581046303679E+20,  1.446026766570E+13,  5.526974308121E+02,  1.824227448269E+02,  3.602798554436E+02,NaN,  9.994827760381E+00,NaN,  2.781225564623E-06,  3.467057873557E-02,NaN,  5.618891442338E+06,  1.904282714217E-06
  2.487319734135E+04,  2.396588643690E+03,  2.400523261234E+03,  1.175659108047E+03,  2.168921008250E+03,  9.918599818371E+02,  1.916100602470E-01,NaN,NaN,  1.405628006322E-02,  1.093885316533E+17,  3.371459906797E+19,  5.120806014958E+20,  1.783519245329E+19,  7.231170171878E+20,  1.613315031904E+20,  1.470367580905E+13,  5.588500110469E+02,  1.879707249524E+02,  3.608846690877E+02,NaN,  9.994614178729E+00,NaN,  2.828041637920E-06,  3.451535039997E-02,NaN,  5.630872977262E+06,  1.941474737677E-06
  2.613114900659E+04,  2.388732660270E+03,  2.392443262930E+03,  1.080384229229E+03,  2.073561217232E+03,  9.918599818371E+02,  1.870212294948E-01,NaN,NaN,  1.442498950893E-02,  1.099801644861E+17,  3.308287772411E+19,  5.127119799299E+20,  1.809367902864E+19,  7.205680043173E+20,  1.638138578626E+20,  1.495231422112E+13,  5.635632030081E+02,  1.922391817124E+02,  3.613296279410E+02,NaN,  9.994390478865E+00,NaN,  2.875863678562E-06,  3.439788509623E-02,NaN,  5.642501613687E+06,  1.978832271987E-06
  2.749097109904E+04,  2.380978520112E+03,  2.384435131322E+03,  9.766824008713E+02,  1.969764269092E+03,  9.918599818371E+02,  1.825493742997E-01,NaN,NaN,  1.486436846618E-02,  1.107261863210E+17,  3.228512880088E+19,  5.135091904414E+20,  1.842719770146E+19,  7.171726696368E+20,  1.670694933933E+20,  1.521749166358E+13,  5.697224363598E+02,  1.978368266566E+02,  3.618914556119E+02,NaN,  9.994151164392E+00,NaN,  2.926866765030E-06,  3.424641206423E-02,NaN,  5.653987963713E+06,  2.017009463960E-06
  2.893608160345E+04,  2.373441603504E+03,  2.376656922143E+03,  8.813200223849E+02,  1.874310551110E+03,  9.918599818371E+02,  1.782692666275E-01,NaN,NaN,  1.532285428905E-02,  1.114298905116E+17,  3.153140488530E+19,  5.142623694298E+20,  1.875028701895E+19,  7.138240133612E+20,  1.702868659798E+20,  1.549103619385E+13,  5.757849744456E+02,  2.033688196247E+02,  3.624222524224E+02,NaN,  9.993899419047E+00,NaN,  2.979479141112E-06,  3.409947949001E-02,NaN,  5.665107679523E+06,  2.055232922948E-06
  3.039404705649E+04,  2.366484088790E+03,  2.369484470355E+03,  7.989817371828E+02,  1.791890340127E+03,  9.918599818371E+02,  1.743594307686E-01,NaN,NaN,  1.577207836470E-02,  1.120452969351E+17,  3.087124943794E+19,  5.149220126543E+20,  1.903986958017E+19,  7.107758001700E+20,  1.732254649962E+20,  1.575795571709E+13,  5.813024598249E+02,  2.084216781987E+02,  3.628871306585E+02,NaN,  9.993647936813E+00,NaN,  3.030817291890E-06,  3.396760762509E-02,NaN,  5.675329380051E+06,  2.091516437001E-06
  3.200452558240E+04,  2.359475748755E+03,  2.362261506927E+03,  7.194178456059E+02,  1.712244191725E+03,  9.918599818371E+02,  1.704835960525E-01,NaN,NaN,  1.626340574554E-02,  1.126574306921E+17,  3.021366262896E+19,  5.155790421243E+20,  1.933463642815E+19,  7.076207955883E+20,  1.762699668912E+20,  1.604261762173E+13,  5.870003082122E+02,  2.136567655226E+02,  3.633501668723E+02,NaN,  9.993372731685E+00,NaN,  3.085567935846E-06,  3.383327276872E-02,NaN,  5.685592157194E+06,  2.129099311268E-06
  3.366421884683E+04,  2.352903321435E+03,  2.355494004644E+03,  6.493843722259E+02,  1.642135327012E+03,  9.918599818371E+02,  1.668981626131E-01,NaN,NaN,  1.675566881714E-02,  1.132017082320E+17,  2.962815606156E+19,  5.161640036831E+20,  1.960257684295E+19,  7.047122559408E+20,  1.790859331916E+20,  1.632428094634E+13,  5.922546262260E+02,  2.184991175782E+02,  3.637624138076E+02,NaN,  9.993091700511E+00,NaN,  3.139741845841E-06,  3.371103908959E-02,NaN,  5.695179768912E+06,  2.165297769524E-06
  3.544133808816E+04,  2.346519613133E+03,  2.348923649709E+03,  5.845360213125E+02,  1.577214718307E+03,  9.918599818371E+02,  1.634475445966E-01,NaN,NaN,  1.727344979328E-02,  1.137151672996E+17,  2.907509776808E+19,  5.167164905200E+20,  1.986057114484E+19,  7.018719805605E+20,  1.818409968222E+20,  1.661286884073E+13,  5.973815193188E+02,  2.232369481022E+02,  3.641517744448E+02,NaN,  9.992793576590E+00,NaN,  3.195247597745E-06,  3.359328219594E-02,NaN,  5.704462253779E+06,  2.201386667225E-06
  3.729884107329E+04,  2.340484497267E+03,  2.342717114057E+03,  5.268579343269E+02,  1.519470036384E+03,  9.918599818371E+02,  1.602336721432E-01,NaN,NaN,  1.779794875876E-02,  1.141739314807E+17,  2.858036866451E+19,  5.172106444919E+20,  2.009556497154E+19,  6.992549711082E+20,  1.843884847988E+20,  1.689975760241E+13,  6.021106248710E+02,  2.276181114451E+02,  3.645000254664E+02,NaN,  9.992484709008E+00,NaN,  3.250426545785E-06,  3.348597021678E-02,NaN,  5.713207466488E+06,  2.236361760688E-06
  3.916564370173E+04,  2.335004397964E+03,  2.337088797366E+03,  4.784408211857E+02,  1.470995143591E+03,  9.918599818371E+02,  1.573551731560E-01,NaN,NaN,  1.829793173419E-02,  1.145522759233E+17,  2.817196384604E+19,  5.176185024699E+20,  2.029278339945E+19,  6.970437001143E+20,  1.865544817703E+20,  1.717222037836E+13,  6.061232310528E+02,  2.313435906883E+02,  3.647874600831E+02,NaN,  9.992176978524E+00,NaN,  3.302830861902E-06,  3.339588592625E-02,NaN,  5.721118474331E+06,  2.268845712470E-06
  4.118505430664E+04,  2.329674032940E+03,  2.331578035954E+03,  4.220358576328E+02,  1.414520891467E+03,  9.918599818371E+02,  1.545593665902E-01,NaN,NaN,  1.894818298911E-02,  1.150827176344E+17,  2.759867880056E+19,  5.181910258878E+20,  2.057352915110E+19,  6.937896409006E+20,  1.896780911896E+20,  1.745703689603E+13,  6.118979262832E+02,  2.367151350789E+02,  3.651909413391E+02,NaN,  9.991846507626E+00,NaN,  3.357611243460E-06,  3.326788054707E-02,NaN,  5.728846366704E+06,  2.301380119512E-06
  4.326091238493E+04,  2.324765166467E+03,  2.326505506990E+03,  3.727283781728E+02,  1.365150716055E+03,  9.918599818371E+02,  1.520121787514E-01,NaN,NaN,  1.961060822372E-02,  1.155520147499E+17,  2.709087980670E+19,  5.186980680926E+20,  2.082713710082E+19,  6.908106179948E+20,  1.925432830258E+20,  1.773117410956E+13,  6.171823795824E+02,  2.416425913671E+02,  3.655482752387E+02,NaN,  9.991509566262E+00,NaN,  3.410337613686E-06,  3.315234108488E-02,NaN,  5.735944126613E+06,  2.331983312603E-06
  4.553710954527E+04,  2.319888076839E+03,  2.321503611899E+03,  3.360484465799E+02,  1.328422425472E+03,  9.918599818371E+02,  1.495258953803E-01,NaN,NaN,  2.019127694471E-02,  1.158396007771E+17,  2.677934518855E+19,  5.190089523604E+20,  2.098526147364E+19,  6.889756285355E+20,  1.943590241599E+20,  1.800796417123E+13,  6.205251249474E+02,  2.447666104857E+02,  3.657673684162E+02,NaN,  9.991142581891E+00,NaN,  3.463574221288E-06,  3.307998443164E-02,NaN,  5.742928467898E+06,  2.362793455663E-06
  4.803793360266E+04,  2.315179971754E+03,  2.316638382700E+03,  2.919383986104E+02,  1.284252808259E+03,  9.918599818371E+02,  1.471409143038E-01,NaN,NaN,  2.098157010025E-02,  1.162731414058E+17,  2.630931726523E+19,  5.194780949999E+20,  2.122663313417E+19,  6.860753945024E+20,  1.971539599364E+20,  1.829474663645E+13,  6.256626201149E+02,  2.495738812269E+02,  3.660979929033E+02,NaN,  9.990742466050E+00,NaN,  3.518732724726E-06,  3.297002842202E-02,NaN,  5.749708126583E+06,  2.393381244642E-06
  5.066637667648E+04,  2.310824498656E+03,  2.312138225327E+03,  2.529628492131E+02,  1.245222822410E+03,  9.918599818371E+02,  1.449406120239E-01,NaN,NaN,  2.181210416818E-02,  1.166599317163E+17,  2.588953282909E+19,  5.198969660268E+20,  2.144572326291E+19,  6.834114798390E+20,  1.997253113430E+20,  1.857111473340E+13,  6.303805472858E+02,  2.539970298893E+02,  3.663931888773E+02,NaN,  9.990324947350E+00,NaN,  3.571888173453E-06,  3.287028471280E-02,NaN,  5.755966936733E+06,  2.422231910080E-06
  5.320419286172E+04,  2.307057165880E+03,  2.308289457377E+03,  2.314772563927E+02,  1.223706290288E+03,  9.918599818371E+02,  1.430674801310E-01,NaN,NaN,  2.235910502852E-02,  1.167979224990E+17,  2.573962173608E+19,  5.200461887565E+20,  2.152527454503E+19,  6.824914285456E+20,  2.006742951676E+20,  1.880933072444E+13,  6.321199231319E+02,  2.556316429416E+02,  3.664983523912E+02,NaN,  9.989924181405E+00,NaN,  3.617705610550E-06,  3.283374290236E-02,NaN,  5.761310577478E+06,  2.447342289346E-06
  5.586980509081E+04,  2.303597682061E+03,  2.304720737743E+03,  2.038762059984E+02,  1.196064975939E+03,  9.918599818371E+02,  1.413522511271E-01,NaN,NaN,  2.313577417213E-02,  1.170654865634E+17,  2.544884522187E+19,  5.203360798101E+20,  2.167984944438E+19,  6.805927381952E+20,  2.025190624128E+20,  1.904334290545E+13,  6.354981701976E+02,  2.588060100949E+02,  3.667026507705E+02,NaN,  9.989505669514E+00,NaN,  3.662714504944E-06,  3.276333517356E-02,NaN,  5.766257823014E+06,  2.470992422643E-06
  5.869324548434E+04,  2.300415033292E+03,  2.301397710580E+03,  1.701150750014E+02,  1.162253465199E+03,  9.918599818371E+02,  1.397755924783E-01,NaN,NaN,  2.426148659581E-02,  1.174661626236E+17,  2.501304735319E+19,  5.207707840175E+20,  2.191402849995E+19,  6.776309728858E+20,  2.053401879930E+20,  1.927465231122E+13,  6.406567318997E+02,  2.636586584108E+02,  3.670090050506E+02,NaN,  9.989064731000E+00,NaN,  3.707203559194E-06,  3.265702313442E-02,NaN,  5.770857930678E+06,  2.493338015005E-06
  6.182273463407E+04,  2.297291501146E+03,  2.298175391983E+03,  1.472729416078E+02,  1.139376250116E+03,  9.918599818371E+02,  1.382522763884E-01,NaN,NaN,  2.520722052246E-02,  1.176872079380E+17,  2.477237520544E+19,  5.210104280372E+20,  2.204523754211E+19,  6.759878202420E+20,  2.069423821581E+20,  1.949907982684E+13,  6.435831924888E+02,  2.664167181323E+02,  3.671778922384E+02,NaN,  9.988578367623E+00,NaN,  3.750368980353E-06,  3.259727742712E-02,NaN,  5.775312616382E+06,  2.515310067881E-06
  6.499632815388E+04,  2.294538268684E+03,  2.295338356485E+03,  1.286228598219E+02,  1.120696983159E+03,  9.918599818371E+02,  1.369204821281E-01,NaN,NaN,  2.612575067598E-02,  1.178605555450E+17,  2.458351071030E+19,  5.211982644582E+20,  2.214905439296E+19,  6.746854211032E+20,  2.082197524961E+20,  1.970152142407E+13,  6.459149003161E+02,  2.686165408077E+02,  3.673102684395E+02,NaN,  9.988087279639E+00,NaN,  3.789305724719E-06,  3.254997605650E-02,NaN,  5.779229779525E+06,  2.534906809060E-06
  6.836383788141E+04,  2.292024877003E+03,  2.292750212588E+03,  1.125876394693E+02,  1.104636228715E+03,  9.918599818371E+02,  1.357019991135E-01,NaN,NaN,  2.705811639757E-02,  1.180046675915E+17,  2.442641920049E+19,  5.213542692009E+20,  2.223604425104E+19,  6.735933575770E+20,  2.092957679419E+20,  1.989042606048E+13,  6.478783244284E+02,  2.704705407218E+02,  3.674202115222E+02,NaN,  9.987568358818E+00,NaN,  3.825638828379E-06,  3.251035122214E-02,NaN,  5.782799305850E+06,  2.552993335236E-06
  7.184240634787E+04,  2.289872893912E+03,  2.290492935992E+03,  9.115194328636E+01,  1.083165979195E+03,  9.918599818371E+02,  1.346492444139E-01,NaN,NaN,  2.856962386384E-02,  1.182725353178E+17,  2.413435637327E+19,  5.216450558727E+20,  2.239855922466E+19,  6.714746942144E+20,  2.113125455942E+20,  2.006557657992E+13,  6.515537512937E+02,  2.739415714169E+02,  3.676251410812E+02,NaN,  9.987034936176E+00,NaN,  3.859326524456E-06,  3.243677177362E-02,NaN,  5.785909405143E+06,  2.568932819895E-06
  7.562131386253E+04,  2.287772180094E+03,  2.288333400698E+03,  7.964971503689E+01,  1.071644850086E+03,  9.918599818371E+02,  1.336432504560E-01,NaN,NaN,  2.959365938992E-02,  1.183640202537E+17,  2.403445549824E+19,  5.217437444932E+20,  2.245472150975E+19,  6.707690543711E+20,  2.120188120168E+20,  2.022915957561E+13,  6.528417613711E+02,  2.751606098352E+02,  3.676946910896E+02,NaN,  9.986456555515E+00,NaN,  3.890789372869E-06,  3.241110216138E-02,NaN,  5.788882135832E+06,  2.584328010744E-06
  7.946726994964E+04,  2.286026386796E+03,  2.286545830467E+03,  7.172532422029E+01,  1.063707308483E+03,  9.918599818371E+02,  1.328104683316E-01,NaN,NaN,  3.041691954400E-02,  1.184110432997E+17,  2.398307249778E+19,  5.217939062251E+20,  2.248399324873E+19,  6.704171768482E+20,  2.123864913553E+20,  2.036581279409E+13,  6.535136983128E+02,  2.757977816377E+02,  3.677300421651E+02,NaN,  9.985870592894E+00,NaN,  3.917072663988E-06,  3.239772072261E-02,NaN,  5.791340839728E+06,  2.597180663094E-06
  8.368398603339E+04,  2.284391571358E+03,  2.284823189384E+03,  5.594054501364E+01,  1.047896166304E+03,  9.918599818371E+02,  1.320217282460E-01,NaN,NaN,  3.240575698502E-02,  1.186132114683E+17,  2.376233210803E+19,  5.220131360260E+20,  2.260844514175E+19,  6.687681659191E+20,  2.139529522415E+20,  2.050732155944E+13,  6.563655883905E+02,  2.784958128043E+02,  3.678845425971E+02,NaN,  9.985229044806E+00,NaN,  3.944289850067E-06,  3.234136270075E-02,NaN,  5.793708529826E+06,  2.609661035678E-06
  8.816837804275E+04,  2.283046208582E+03,  2.283401417778E+03,  4.308558759546E+01,  1.035019449207E+03,  9.918599818371E+02,  1.313707462920E-01,NaN,NaN,  3.462593193026E-02,  1.187794393075E+17,  2.358074464320E+19,  5.221931321212E+20,  2.271173766460E+19,  6.673909044832E+20,  2.152585107244E+20,  2.062598195563E+13,  6.587417113688E+02,  2.807457642097E+02,  3.680113933918E+02,NaN,  9.984549800175E+00,NaN,  3.967112479288E-06,  3.229470879910E-02,NaN,  5.795661427972E+06,  2.620032198123E-06
  9.290115541784E+04,  2.281731715802E+03,  2.282064923725E+03,  3.951536035083E+01,  1.031443101606E+03,  9.918599818371E+02,  1.307556845565E-01,NaN,NaN,  3.541593099615E-02,  1.187724311800E+17,  2.358824163060E+19,  5.221841232538E+20,  2.270765376924E+19,  6.674734382092E+20,  2.152081110040E+20,  2.073095856230E+13,  6.586544278680E+02,  2.806655463621E+02,  3.680050444653E+02,NaN,  9.983833053316E+00,NaN,  3.987303227406E-06,  3.229636795657E-02,NaN,  5.797496152776E+06,  2.629839974549E-06
  9.783889397152E+04,  2.280699501933E+03,  2.280969126041E+03,  2.976547535574E+01,  1.021676502959E+03,  9.918599818371E+02,  1.302586279415E-01,NaN,NaN,  3.804478980390E-02,  1.188999285310E+17,  2.344884408800E+19,  5.223217837872E+20,  2.278725547975E+19,  6.664024633547E+20,  2.162191559451E+20,  2.082474451447E+13,  6.604950581783E+02,  2.824099072233E+02,  3.681020596147E+02,NaN,  9.983087335064E+00,NaN,  4.005341613266E-06,  3.226040569154E-02,NaN,  5.798999701728E+06,  2.637924145942E-06
  1.027436501699E+05,  2.279929012942E+03,  2.280147910157E+03,  2.252620458262E+01,  1.014424740544E+03,  9.918599818371E+02,  1.298861223294E-01,NaN,NaN,  4.081328051550E-02,  1.189952422793E+17,  2.334457596776E+19,  5.224243363835E+20,  2.284709326032E+19,  6.655924869514E+20,  2.169801907315E+20,  2.089571833490E+13,  6.618811967964E+02,  2.837245116657E+02,  3.681743327289E+02,NaN,  9.982348382827E+00,NaN,  4.018992412018E-06,  3.223342870653E-02,NaN,  5.800126052768E+06,  2.644008002816E-06
  1.078888543135E+05,  2.279258031049E+03,  2.279495381830E+03,  2.507783091517E+01,  1.016980759060E+03,  9.918599818371E+02,  1.295824060644E-01,NaN,NaN,  3.975117637387E-02,  1.189083308182E+17,  2.343938405523E+19,  5.223278984008E+20,  2.279292966012E+19,  6.663465778971E+20,  2.162848836162E+20,  2.094423005030E+13,  6.606243399347E+02,  2.825363925119E+02,  3.681063688392E+02,NaN,  9.981574555213E+00,NaN,  4.028322946291E-06,  3.225782411795E-02,NaN,  5.801020767374E+06,  2.648857749885E-06
  1.138919433577E+05,  2.278488108223E+03,  2.278672312781E+03,  1.787178391736E+01,  1.009762245823E+03,  9.918599818371E+02,  1.292125730226E-01,NaN,NaN,  4.328941929404E-02,  1.190036502105E+17,  2.333504462395E+19,  5.224301420865E+20,  2.285264495267E+19,  6.655337449690E+20,  2.170453720464E+20,  2.101636078416E+13,  6.620106346772E+02,  2.838515362111E+02,  3.681784242512E+02,NaN,  9.980670172691E+00,NaN,  4.042196260786E-06,  3.223084990360E-02,NaN,  5.802148977545E+06,  2.654994767466E-06
  1.207658617954E+05,  2.277878397001E+03,  2.278016650151E+03,  1.218242108529E+01,  1.004063010150E+03,  9.918599818371E+02,  1.289179614032E-01,NaN,NaN,  4.766402572462E-02,  1.190794162769E+17,  2.325203053054E+19,  5.225107663596E+20,  2.290029409979E+19,  6.648791974138E+20,  2.176513398531E+20,  2.107425396693E+13,  6.631171404539E+02,  2.849022560738E+02,  3.682352435566E+02,NaN,  9.979636770046E+00,NaN,  4.053331186062E-06,  3.220938102710E-02,NaN,  5.803047445347E+06,  2.659899405851E-06
  1.269669078170E+05,  2.277500445569E+03,  2.277607519837E+03,  8.661242217371E+00,  1.000535741671E+03,  9.918599818371E+02,  1.287341251761E-01,NaN,NaN,  5.192233559657E-02,  1.191266042521E+17,  2.320026260040E+19,  5.225603848417E+20,  2.293003971098E+19,  6.644657972381E+20,  2.180281662737E+20,  2.111057353270E+13,  6.638071536810E+02,  2.855582320337E+02,  3.682702117812E+02,NaN,  9.978705805761E+00,NaN,  4.060316734820E-06,  3.219601807370E-02,NaN,  5.803607962534E+06,  2.662967022201E-06
  1.340212188499E+05,  2.277205096596E+03,  2.277285524557E+03,  5.912140093882E+00,  9.977818009614E+02,  9.918599818371E+02,  1.285894416964E-01,NaN,NaN,  5.713623701492E-02,  1.191636761796E+17,  2.315952101187E+19,  5.225986860016E+20,  2.295343010048E+19,  6.641356437683E+20,  2.183224311126E+20,  2.113926095937E+13,  6.643483000428E+02,  2.860734440222E+02,  3.682972042144E+02,NaN,  9.977647740406E+00,NaN,  4.065834350834E-06,  3.218554854233E-02,NaN,  5.804049036783E+06,  2.665385180825E-06
  1.407496153430E+05,  2.277014409293E+03,  2.277075974897E+03,  4.139049422529E+00,  9.960057159716E+02,  9.918599818371E+02,  1.284952838752E-01,NaN,NaN,  6.247220292432E-02,  1.191877535969E+17,  2.313299136583E+19,  5.226228910865E+20,  2.296861644795E+19,  6.639164605864E+20,  2.185112797430E+20,  2.115797611439E+13,  6.646979388410E+02,  2.864070330037E+02,  3.683142625526E+02,NaN,  9.976639215222E+00,NaN,  4.069433943095E-06,  3.217878605705E-02,NaN,  5.804336049964E+06,  2.666960716977E-06
  1.484483171450E+05,  2.276868530740E+03,  2.276914286959E+03,  2.786017893370E+00,  9.946503659537E+02,  9.918599818371E+02,  1.284226319608E-01,NaN,NaN,  6.897878148869E-02,  1.192062846450E+17,  2.311249304259E+19,  5.226407323118E+20,  2.298028288284E+19,  6.637425003044E+20,  2.186536553474E+20,  2.117243860596E+13,  6.649643678303E+02,  2.866620418280E+02,  3.683268360120E+02,NaN,  9.975485918086E+00,NaN,  4.072215596396E-06,  3.217363037177E-02,NaN,  5.804557491687E+06,  2.668177386520E-06
  1.560869750160E+05,  2.276773895436E+03,  2.276808417103E+03,  1.913357719877E+00,  9.937762252484E+02,  9.918599818371E+02,  1.283750610180E-01,NaN,NaN,  7.577830414079E-02,  1.192183743630E+17,  2.309903732574E+19,  5.226515535194E+20,  2.298786417586E+19,  6.636236915738E+20,  2.187433110087E+20,  2.118191590120E+13,  6.651351637600E+02,  2.868263554119E+02,  3.683344621707E+02,NaN,  9.974342103363E+00,NaN,  4.074038418517E-06,  3.217032022344E-02,NaN,  5.804702479114E+06,  2.668974503814E-06
  1.648168697257E+05,  2.276704427767E+03,  2.276729975583E+03,  1.280698288544E+00,  9.931425512909E+02,  9.918599818371E+02,  1.283398145631E-01,NaN,NaN,  8.378306628318E-02,  1.192272825420E+17,  2.308902500357E+19,  5.226585563797E+20,  2.299341071260E+19,  6.635299300275E+20,  2.188054602903E+20,  2.118893737254E+13,  6.652572865220E+02,  2.869448497544E+02,  3.683393973800E+02,NaN,  9.973035312246E+00,NaN,  4.075388898056E-06,  3.216794596962E-02,NaN,  5.804809899726E+06,  2.669565346051E-06
  1.733446010262E+05,  2.276661407702E+03,  2.276680994719E+03,  8.986270185608E-01,  9.927597960421E+02,  9.918599818371E+02,  1.283178057873E-01,NaN,NaN,  9.154573122588E-02,  1.192327967006E+17,  2.308272915446E+19,  5.226619133540E+20,  2.299680226893E+19,  6.634656644314E+20,  2.188399543822E+20,  2.119331780647E+13,  6.653290657032E+02,  2.870155393294E+02,  3.683417631805E+02,NaN,  9.971759117014E+00,NaN,  4.076231411841E-06,  3.216654219734E-02,NaN,  5.804876974115E+06,  2.669934386018E-06
  1.833990012532E+05,  2.276629500198E+03,  2.276644478333E+03,  6.283724922592E-01,  9.924890862673E+02,  9.918599818371E+02,  1.283013977277E-01,NaN,NaN,  1.001128590923E-01,  1.192368501763E+17,  2.307798208138E+19,  5.226631961299E+20,  2.299924387518E+19,  6.634108957256E+20,  2.188604742069E+20,  2.119657568543E+13,  6.653771758318E+02,  2.870642497629E+02,  3.683426672064E+02,NaN,  9.970254785651E+00,NaN,  4.076858018238E-06,  3.216559045935E-02,NaN,  5.804926978773E+06,  2.670209565610E-06
  1.933840036979E+05,  2.276609578535E+03,  2.276621700283E+03,  4.738976101773E-01,  9.923343545504E+02,  9.918599818371E+02,  1.282911627716E-01,NaN,NaN,  1.074310959613E-01,  1.192393211750E+17,  2.307496710774E+19,  5.226627711535E+20,  2.300067940214E+19,  6.633698500450E+20,  2.188680493369E+20,  2.119860041814E+13,  6.654017494657E+02,  2.870906165483E+02,  3.683423677078E+02,NaN,  9.968761132378E+00,NaN,  4.077247446603E-06,  3.216509208393E-02,NaN,  5.804958170105E+06,  2.670381238408E-06
  2.033690061427E+05,  2.276596308027E+03,  2.276606672675E+03,  3.845895267500E-01,  9.922448671048E+02,  9.918599818371E+02,  1.282844103541E-01,NaN,NaN,  1.131895615921E-01,  1.192408989137E+17,  2.307292862910E+19,  5.226613699212E+20,  2.300154634941E+19,  6.633364756647E+20,  2.188682651027E+20,  2.119992858697E+13,  6.654129844042E+02,  2.871043323894E+02,  3.683413802006E+02,NaN,  9.967267736730E+00,NaN,  4.077502900871E-06,  3.216485050069E-02,NaN,  5.804978748139E+06,  2.670494507346E-06
  2.135433197751E+05,  2.276586679280E+03,  2.276595962325E+03,  3.320277173371E-01,  9.921922589063E+02,  9.918599818371E+02,  1.282795978281E-01,NaN,NaN,  1.174263166594E-01,  1.192419761865E+17,  2.307143130648E+19,  5.226593624577E+20,  2.300209208583E+19,  6.633070244890E+20,  2.188641147988E+20,  2.120086861268E+13,  6.654165108085E+02,  2.871107949982E+02,  3.683399654569E+02,NaN,  9.965746275655E+00,NaN,  4.077683701366E-06,  3.216475682671E-02,NaN,  5.804993414264E+06,  2.670575239986E-06
  2.245197259356E+05,  2.276578768476E+03,  2.276587373348E+03,  3.000838993683E-01,  9.921602694656E+02,  9.918599818371E+02,  1.282757385070E-01,NaN,NaN,  1.204345188639E-01,  1.192427966123E+17,  2.307018956708E+19,  5.226568231902E+20,  2.300246324664E+19,  6.632781878010E+20,  2.188568213476E+20,  2.120161564054E+13,  6.654152100185E+02,  2.871129248749E+02,  3.683381759286E+02,NaN,  9.964105137119E+00,NaN,  4.077827381485E-06,  3.216475403749E-02,NaN,  5.805005175460E+06,  2.670639984858E-06
  2.368919598078E+05,  2.276571526060E+03,  2.276579714849E+03,  2.808923757213E-01,  9.921410600788E+02,  9.918599818371E+02,  1.282722972818E-01,NaN,NaN,  1.224416052912E-01,  1.192434882719E+17,  2.306904474132E+19,  5.226537062336E+20,  2.300273319017E+19,  6.632476868869E+20,  2.188466803392E+20,  2.120227596700E+13,  6.654102617540E+02,  2.871120227886E+02,  3.683359792787E+02,NaN,  9.962255608795E+00,NaN,  4.077954385831E-06,  3.216481791666E-02,NaN,  5.805015662483E+06,  2.670697717715E-06
  2.496738576861E+05,  2.276565012396E+03,  2.276572980794E+03,  2.708563285631E-01,  9.921310087297E+02,  9.918599818371E+02,  1.282692714407E-01,NaN,NaN,  1.235609730185E-01,  1.192440670732E+17,  2.306801042038E+19,  5.226503376493E+20,  2.300292562619E+19,  6.632173425542E+20,  2.188350858750E+20,  2.120285200789E+13,  6.654031215535E+02,  2.871091670201E+02,  3.683336052960E+02,NaN,  9.960345159267E+00,NaN,  4.078065179052E-06,  3.216492294564E-02,NaN,  5.805024883610E+06,  2.670748483346E-06
  2.638446004107E+05,  2.276558357321E+03,  2.276566206490E+03,  2.654644749827E-01,  9.921256085530E+02,  9.918599818371E+02,  1.282662275146E-01,NaN,NaN,  1.241842560220E-01,  1.192446290726E+17,  2.306695083323E+19,  5.226465158991E+20,  2.300308822407E+19,  6.631843859552E+20,  2.188215764006E+20,  2.120342858563E+13,  6.653940150815E+02,  2.871048715586E+02,  3.683309119485E+02,NaN,  9.958227496314E+00,NaN,  4.078176075529E-06,  3.216506229667E-02,NaN,  5.805034159823E+06,  2.670799553909E-06
  2.780153431352E+05,  2.276551986537E+03,  2.276559780065E+03,  2.629567741073E-01,  9.921230970552E+02,  9.918599818371E+02,  1.282633399025E-01,NaN,NaN,  1.244798399745E-01,  1.192451509681E+17,  2.306593508752E+19,  5.226426502641E+20,  2.300322528132E+19,  6.631517740402E+20,  2.188077383592E+20,  2.120397402602E+13,  6.653843096596E+02,  2.871000076574E+02,  3.683281876734E+02,NaN,  9.956110250409E+00,NaN,  4.078280983183E-06,  3.216521317062E-02,NaN,  5.805042959654E+06,  2.670848003262E-06
  2.944430918372E+05,  2.276544760885E+03,  2.276552525919E+03,  2.616738938016E-01,  9.921218120699E+02,  9.918599818371E+02,  1.282600803667E-01,NaN,NaN,  1.246327667659E-01,  1.192457333992E+17,  2.306478225645E+19,  5.226381442060E+20,  2.300336978050E+19,  6.631141622773E+20,  2.187915124683E+20,  2.120458872016E+13,  6.653727212705E+02,  2.870940488653E+02,  3.683250120653E+02,NaN,  9.953656261493E+00,NaN,  4.078399210806E-06,  3.216539455805E-02,NaN,  5.805052892873E+06,  2.670902694521E-06
  3.108708405392E+05,  2.276537609478E+03,  2.276545362824E+03,  2.611471424101E-01,  9.921212846334E+02,  9.918599818371E+02,  1.282568617436E-01,NaN,NaN,  1.246961977977E-01,  1.192463053126E+17,  2.306364092343E+19,  5.226336265834E+20,  2.300350757680E+19,  6.630766410292E+20,  2.187752026483E+20,  2.120519536154E+13,  6.653609760678E+02,  2.870879408532E+02,  3.683218283073E+02,NaN,  9.951202828771E+00,NaN,  4.078515889595E-06,  3.216557895505E-02,NaN,  5.805062701385E+06,  2.670956701021E-06
  3.272985892412E+05,  2.276530488372E+03,  2.276538236943E+03,  2.609309664013E-01,  9.921210681616E+02,  9.918599818371E+02,  1.282536598417E-01,NaN,NaN,  1.247226440513E-01,  1.192468729114E+17,  2.306250430696E+19,  5.226291041730E+20,  2.300364262000E+19,  6.630391569747E+20,  2.187588600660E+20,  2.120579878182E+13,  6.653491667290E+02,  2.870817715181E+02,  3.683186411751E+02,NaN,  9.948749957111E+00,NaN,  4.078631948850E-06,  3.216576457731E-02,NaN,  5.805072458911E+06,  2.671010428634E-06
  3.443372965518E+05,  2.276523115258E+03,  2.276530861843E+03,  2.608399557199E-01,  9.921209769573E+02,  9.918599818371E+02,  1.282503459573E-01,NaN,NaN,  1.247341712032E-01,  1.192474597716E+17,  2.306132744030E+19,  5.226244114875E+20,  2.300378150331E+19,  6.630002949475E+20,  2.187418970583E+20,  2.120642340770E+13,  6.653368908993E+02,  2.870753463980E+02,  3.683153340429E+02,NaN,  9.946206379590E+00,NaN,  4.078752086700E-06,  3.216595762061E-02,NaN,  5.805082557664E+06,  2.671066037073E-06
  3.698953575177E+05,  2.276512064107E+03,  2.276519809769E+03,  2.607958209798E-01,  9.921209328991E+02,  9.918599818371E+02,  1.282453798828E-01,NaN,NaN,  1.247404210357E-01,  1.192483387873E+17,  2.305956353020E+19,  5.226173708894E+20,  2.300398900383E+19,  6.629420129014E+20,  2.187164475586E+20,  2.120735913861E+13,  6.653184586526E+02,  2.870656902104E+02,  3.683103722382E+02,NaN,  9.942392125019E+00,NaN,  4.078932061150E-06,  3.216624752251E-02,NaN,  5.805097691255E+06,  2.671149373360E-06
  3.925989339752E+05,  2.276502249495E+03,  2.276509994969E+03,  2.607849914352E-01,  9.921209219719E+02,  9.918599818371E+02,  1.282409697582E-01,NaN,NaN,  1.247425800842E-01,  1.192491192415E+17,  2.305799705335E+19,  5.226111161123E+20,  2.300417307337E+19,  6.628902440664E+20,  2.186938425175E+20,  2.120818991519E+13,  6.653020800051E+02,  2.870571067787E+02,  3.683059642345E+02,NaN,  9.939004912725E+00,NaN,  4.079091849138E-06,  3.216650512750E-02,NaN,  5.805111130590E+06,  2.671223383575E-06
  4.209673795797E+05,  2.276489986200E+03,  2.276497731671E+03,  2.607818393394E-01,  9.921209188487E+02,  9.918599818371E+02,  1.282354594392E-01,NaN,NaN,  1.247440366660E-01,  1.192500943044E+17,  2.305603984879E+19,  5.226033002842E+20,  2.300440297282E+19,  6.628255591650E+20,  2.186656028131E+20,  2.120922872145E+13,  6.652816132925E+02,  2.870463792251E+02,  3.683004560928E+02,NaN,  9.934773895278E+00,NaN,  4.079291648656E-06,  3.216682701193E-02,NaN,  5.805127922562E+06,  2.671315861610E-06
  4.493358251843E+05,  2.276477722505E+03,  2.276485468019E+03,  2.607807604509E-01,  9.921209177768E+02,  9.918599818371E+02,  1.282299489615E-01,NaN,NaN,  1.247452453888E-01,  1.192510693355E+17,  2.305408269536E+19,  5.225954843737E+20,  2.300463284242E+19,  6.627608759501E+20,  2.186373714927E+20,  2.121026699085E+13,  6.652611476732E+02,  2.870356511522E+02,  3.682949478930E+02,NaN,  9.930544548503E+00,NaN,  4.079491344920E-06,  3.216714885047E-02,NaN,  5.805144714932E+06,  2.671408347286E-06
  4.777042707888E+05,  2.276465458185E+03,  2.276473203757E+03,  2.607803364573E-01,  9.921209174110E+02,  9.918599818371E+02,  1.282244382097E-01,NaN,NaN,  1.247463758796E-01,  1.192520443611E+17,  2.305212555745E+19,  5.225876683404E+20,  2.300486269586E+19,  6.626961937620E+20,  2.186091486595E+20,  2.121130606554E+13,  6.652406833011E+02,  2.870249227430E+02,  3.682894396066E+02,NaN,  9.926316871743E+00,NaN,  4.079691196066E-06,  3.216747063873E-02,NaN,  5.805161508054E+06,  2.671500842544E-06
  5.017520619014E+05,  2.276052823402E+03,  2.276171867631E+03,  9.962266063093E+00,  9.892416230323E+02,  9.792589127787E+02,  1.280890375935E-01,NaN,NaN,  5.018795512430E-02,  1.192863672327E+17,  2.301384722464E+19,  5.226176569427E+20,  2.302640857586E+19,  6.623530345904E+20,  2.188618538529E+20,  2.123842266683E+13,  6.657245713261E+02,  2.874912584167E+02,  3.683105738320E+02,NaN,  9.922734992535E+00,NaN,  4.084906686296E-06,  3.215809510293E-02,NaN,  5.805574092938E+06,  2.673775040512E-06
  5.271948925081E+05,  2.272503909027E+03,  2.272728084440E+03,  2.309151283938E+01,  9.672537742742E+02,  9.441191762875E+02,  1.265411910335E-01,NaN,NaN,  4.077414685901E-02,  1.195201603029E+17,  2.275732774052E+19,  5.228655222806E+20,  2.317614991178E+19,  6.603025885616E+20,  2.207935103431E+20,  2.154614070189E+13,  6.692492214110E+02,  2.908450080671E+02,  3.684852549275E+02,NaN,  9.918954272314E+00,NaN,  4.144091847013E-06,  3.209048475510E-02,NaN,  5.810285653047E+06,  2.699980592646E-06
  5.538207293728E+05,  2.267763855792E+03,  2.268046768936E+03,  3.135265419351E+01,  9.433681495942E+02,  9.119567919236E+02,  1.244401187351E-01,NaN,NaN,  3.789903079266E-02,  1.197334161472E+17,  2.252311707738E+19,  5.230908686004E+20,  2.331454435403E+19,  6.584297204033E+20,  2.225975277832E+20,  2.197630097845E+13,  6.725397939685E+02,  2.939806973858E+02,  3.686440659268E+02,NaN,  9.915026429092E+00,NaN,  4.226827020781E-06,  3.202784860872E-02,NaN,  5.816679678760E+06,  2.736247966846E-06
  5.815442667237E+05,  2.262502806459E+03,  2.262763609317E+03,  2.798698626523E+01,  9.076286664063E+02,  8.795880484390E+02,  1.221105489457E-01,NaN,NaN,  3.913861935202E-02,  1.201716527068E+17,  2.204216350618E+19,  5.235624836248E+20,  2.360198547565E+19,  6.544225912725E+20,  2.264052195658E+20,  2.249926208600E+13,  6.794486809353E+02,  3.005612731543E+02,  3.689764328072E+02,NaN,  9.910970646474E+00,NaN,  4.327411106446E-06,  3.189817216790E-02,NaN,  5.823881046111E+06,  2.778093543894E-06
  6.106683283156E+05,  2.257138486428E+03,  2.257425777947E+03,  3.167608186163E+01,  8.802168274683E+02,  8.484793583747E+02,  1.197794052067E-01,NaN,NaN,  3.809260204391E-02,  1.204501305138E+17,  2.173594007073E+19,  5.238591417534E+20,  2.378820240200E+19,  6.518269290575E+20,  2.289020279358E+20,  2.304794881447E+13,  6.839825376495E+02,  3.048902823005E+02,  3.691855002279E+02,NaN,  9.906750688123E+00,NaN,  4.432943147172E-06,  3.181419030022E-02,NaN,  5.831141160982E+06,  2.821387512098E-06
  6.418598514678E+05,  2.251469064200E+03,  2.251714553614E+03,  2.554240050108E+01,  8.436111146477E+02,  8.180178145973E+02,  1.173283437952E-01,NaN,NaN,  4.036643068891E-02,  1.209250615733E+17,  2.121358477621E+19,  5.243711573371E+20,  2.410998253380E+19,  6.472088488267E+20,  2.332938667310E+20,  2.368274560268E+13,  6.919272385332E+02,  3.124786234166E+02,  3.695463390762E+02,NaN,  9.902271485306E+00,NaN,  4.555037225685E-06,  3.166940796528E-02,NaN,  5.838891637114E+06,  2.868876369223E-06
  6.741246263287E+05,  2.246275764686E+03,  2.246487088173E+03,  2.080897115276E+01,  8.118710654811E+02,  7.910195205818E+02,  1.150953241188E-01,NaN,NaN,  4.265269232116E-02,  1.213429230461E+17,  2.075331234484E+19,  5.248208395381E+20,  2.439907327057E+19,  6.429852316129E+20,  2.373055719467E+20,  2.429882455161E+13,  6.991755151928E+02,  3.194145758177E+02,  3.698632489764E+02,NaN,  9.897685725214E+00,NaN,  4.673531195658E-06,  3.153974159985E-02,NaN,  5.845969818436E+06,  2.913433651850E-06
  7.088141247028E+05,  2.240653661702E+03,  2.240880650289E+03,  2.276382344609E+01,  7.854305879863E+02,  7.626195765157E+02,  1.127323321475E-01,NaN,NaN,  4.188013791507E-02,  1.216383087077E+17,  2.042724763634E+19,  5.251357591303E+20,  2.460698642264E+19,  6.399317467853E+20,  2.402357090567E+20,  2.498932927148E+13,  7.044723039478E+02,  3.244943144712E+02,  3.700851860161E+02,NaN,  9.892798654174E+00,NaN,  4.806339897669E-06,  3.144635212267E-02,NaN,  5.853544410738E+06,  2.962418054873E-06
  7.445341286062E+05,  2.235352784556E+03,  2.235554242233E+03,  1.931248412507E+01,  7.551901599592E+02,  7.358366638233E+02,  1.105249722541E-01,NaN,NaN,  4.381219090534E-02,  1.220551409138E+17,  1.996704731952E+19,  5.255844338673E+20,  2.490480959504E+19,  6.354476628716E+20,  2.444951874797E+20,  2.569823025701E+13,  7.121488526355E+02,  3.318596433808E+02,  3.704013859142E+02,NaN,  9.887818397782E+00,NaN,  4.942686858135E-06,  3.131322378297E-02,NaN,  5.860724679537E+06,  3.010140381296E-06
  7.818678082439E+05,  2.229818066421E+03,  2.230032840808E+03,  2.091624488822E+01,  7.312148946826E+02,  7.102536254837E+02,  1.082577470933E-01,NaN,NaN,  4.312688195139E-02,  1.223316032918E+17,  1.966111917571E+19,  5.258785682047E+20,  2.510577746939E+19,  6.324055872400E+20,  2.474132284215E+20,  2.646755084507E+13,  7.174123488539E+02,  3.369210080783E+02,  3.706086747135E+02,NaN,  9.882660971470E+00,NaN,  5.090654664567E-06,  3.122328359156E-02,NaN,  5.868151419331E+06,  3.060868575391E-06
  8.209950425394E+05,  2.224548218519E+03,  2.224736046486E+03,  1.739853518187E+01,  7.031161786009E+02,  6.856792244024E+02,  1.061051242357E-01,NaN,NaN,  4.534160244973E-02,  1.227373623318E+17,  1.921209625777E+19,  5.263151815644E+20,  2.540490993411E+19,  6.277618425807E+20,  2.518224745912E+20,  2.726685105963E+13,  7.253407354206E+02,  3.445470442228E+02,  3.709163744533E+02,NaN,  9.877311500152E+00,NaN,  5.244388623159E-06,  3.109005490062E-02,NaN,  5.875260415105E+06,  3.110776929004E-06
  8.622232937019E+05,  2.219106728384E+03,  2.219311544041E+03,  1.941918263508E+01,  6.814085356363E+02,  6.619459047812E+02,  1.039281074559E-01,NaN,NaN,  4.429773272270E-02,  1.229952870576E+17,  1.892595978481E+19,  5.265885071870E+20,  2.559837818207E+19,  6.247414582952E+20,  2.547136587809E+20,  2.812481859579E+13,  7.305467835168E+02,  3.495660509208E+02,  3.711089984788E+02,NaN,  9.871728707713E+00,NaN,  5.409406401552E-06,  3.100385532837E-02,NaN,  5.882525001743E+06,  3.163192808161E-06
  9.064312082996E+05,  2.213696902365E+03,  2.213873108386E+03,  1.580013818156E+01,  6.544117329658E+02,  6.385752757751E+02,  1.017869395673E-01,NaN,NaN,  4.683916554274E-02,  1.234039902420E+17,  1.847262457535E+19,  5.270280628532E+20,  2.590901462183E+19,  6.197676516467E+20,  2.594334865678E+20,  2.905958209907E+13,  7.390156124865E+02,  3.577310314582E+02,  3.714187717854E+02,NaN,  9.865803653737E+00,NaN,  5.589194785303E-06,  3.086603266270E-02,NaN,  5.889792240204E+06,  3.217112196360E-06
  9.517800421530E+05,  2.208385135599E+03,  2.208582935255E+03,  1.833155598455E+01,  6.350428905309E+02,  6.166686904362E+02,  9.971731963342E-02,NaN,NaN,  4.531849626419E-02,  1.236391268625E+17,  1.821107595782E+19,  5.272757580850E+20,  2.609092520215E+19,  6.168370620519E+20,  2.622311374269E+20,  3.001423082365E+13,  7.440462884388E+02,  3.625931632414E+02,  3.715933330000E+02,NaN,  9.859786424580E+00,NaN,  5.772807806819E-06,  3.078537178739E-02,NaN,  5.896846030793E+06,  3.270920717984E-06
  9.994362421506E+05,  2.203066550690E+03,  2.203234855371E+03,  1.469753591513E+01,  6.102856864868E+02,  5.955530605616E+02,  9.765377709147E-02,NaN,NaN,  4.809511349884E-02,  1.240307448007E+17,  1.777568413991E+19,  5.276965545757E+20,  2.639741407158E+19,  6.117762559029E+20,  2.670306468831E+20,  3.106501932265E+13,  7.526415109300E+02,  3.708980933246E+02,  3.718898859291E+02,NaN,  9.853525701427E+00,NaN,  5.974911938221E-06,  3.064990864443E-02,NaN,  5.903961716813E+06,  3.326726291820E-06
  1.049906697205E+06,  2.197920405331E+03,  2.198069068470E+03,  1.238799546849E+01,  5.874706168588E+02,  5.750523156418E+02,  9.568920198631E-02,NaN,NaN,  5.040243895883E-02,  1.243978375680E+17,  1.736695828035E+19,  5.280899674986E+20,  2.669006005875E+19,  6.068527716062E+20,  2.716914916586E+20,  3.215110441826E+13,  7.609814867722E+02,  3.789673745735E+02,  3.721671405098E+02,NaN,  9.846965505048E+00,NaN,  6.183804864901E-06,  3.052104519940E-02,NaN,  5.910820285456E+06,  3.382018444246E-06
  1.102771678649E+06,  2.192474980853E+03,  2.192639035723E+03,  1.404488392583E+01,  5.694618183445E+02,  5.553820944247E+02,  9.365302481301E-02,NaN,NaN,  4.905917745180E-02,  1.246335174572E+17,  1.710379996083E+19,  5.283373715675E+20,  2.688083945244E+19,  6.036147129207E+20,  2.747729201760E+20,  3.335602921821E+13,  7.665059481572E+02,  3.843242854857E+02,  3.723414965297E+02,NaN,  9.840159726177E+00,NaN,  6.415554908161E-06,  3.043696506255E-02,NaN,  5.918014301208E+06,  3.441659714490E-06
  1.158779047591E+06,  2.187246492945E+03,  2.187387919037E+03,  1.145784007110E+01,  5.477409541999E+02,  5.362539750601E+02,  9.171000915639E-02,NaN,NaN,  5.184132277117E-02,  1.249996915946E+17,  1.669515755365E+19,  5.287293177722E+20,  2.718099331614E+19,  5.984036872265E+20,  2.797014631564E+20,  3.462867022806E+13,  7.753095328941E+02,  3.928587820653E+02,  3.726177174527E+02,NaN,  9.833026715774E+00,NaN,  6.660329195402E-06,  3.030532294338E-02,NaN,  5.924956324179E+06,  3.500868339115E-06
  1.217524004806E+06,  2.181759622695E+03,  2.181924768808E+03,  1.400540156674E+01,  5.307779837711E+02,  5.167365047541E+02,  8.970172428935E-02,NaN,NaN,  4.952472588976E-02,  1.252319298749E+17,  1.643522630806E+19,  5.289720434206E+20,  2.737446967889E+19,  5.950116383823E+20,  2.829187822351E+20,  3.603217666814E+13,  7.810690054438E+02,  3.984545998708E+02,  3.727887763935E+02,NaN,  9.825622249211E+00,NaN,  6.930273575514E-06,  3.022054084812E-02,NaN,  5.932163101292E+06,  3.564122414592E-06
  1.279409088366E+06,  2.176358109893E+03,  2.176492985978E+03,  1.062795642572E+01,  5.096839472216E+02,  4.990278845669E+02,  8.774752879712E-02,NaN,NaN,  5.330089200655E-02,  1.256060459100E+17,  1.601677540195E+19,  5.293723820116E+20,  2.768986974344E+19,  5.893574064884E+20,  2.882657961299E+20,  3.756356257442E+13,  7.906023579957E+02,  4.077135320909E+02,  3.730709117830E+02,NaN,  9.817906896975E+00,NaN,  7.224813741042E-06,  3.008279495370E-02,NaN,  5.939312823181E+06,  3.628744564320E-06
  1.343403934642E+06,  2.171330933973E+03,  2.171450649646E+03,  9.015050450087E+00,  4.912025283855E+02,  4.821630717053E+02,  8.596114570094E-02,NaN,NaN,  5.577404454679E-02,  1.259368088366E+17,  1.564620260241E+19,  5.297244067174E+20,  2.797354743877E+19,  5.841679701837E+20,  2.931572496613E+20,  3.909539111416E+13,  7.993200756398E+02,  4.161910536135E+02,  3.733189983519E+02,NaN,  9.810016154918E+00,NaN,  7.519439040783E-06,  2.995940455834E-02,NaN,  5.945935980463E+06,  3.690332032119E-06
  1.411837368643E+06,  2.165853732831E+03,  2.165987775261E+03,  1.041741293129E+01,  4.761335349498E+02,  4.656875115215E+02,  8.404187091180E-02,NaN,NaN,  5.404203610011E-02,  1.261548572205E+17,  1.540111512972E+19,  5.299499703994E+20,  2.816306660356E+19,  5.806559553343E+20,  2.964693537882E+20,  4.086294224149E+13,  8.052379141690E+02,  4.219582837320E+02,  3.734779625355E+02,NaN,  9.801660042145E+00,NaN,  7.859402207148E-06,  2.987692071106E-02,NaN,  5.953096413212E+06,  3.758853649585E-06
  1.482609995831E+06,  2.160774235500E+03,  2.160889975427E+03,  8.516081594962E+00,  4.585970982004E+02,  4.500570775241E+02,  8.227509028694E-02,NaN,NaN,  5.708114563518E-02,  1.264838862269E+17,  1.503163590069E+19,  5.302992993197E+20,  2.845244741778E+19,  5.751879271710E+20,  3.016148583760E+20,  4.267621211805E+13,  8.143955718614E+02,  4.308783001608E+02,  3.737241492714E+02,NaN,  9.793114221039E+00,NaN,  8.208158720709E-06,  2.975156258223E-02,NaN,  5.959764200420E+06,  3.824540482517E-06
  1.557424814177E+06,  2.155665671235E+03,  2.155809018073E+03,  1.126137339981E+01,  4.461919846402E+02,  4.348985340313E+02,  8.053489591542E-02,NaN,NaN,  5.346210465888E-02,  1.266580187783E+17,  1.483521866408E+19,  5.304747584037E+20,  2.860778674668E+19,  5.722078580660E+20,  3.043924595806E+20,  4.459836445912E+13,  8.193640503435E+02,  4.357320617079E+02,  3.738478026441E+02,NaN,  9.784177413606E+00,NaN,  8.577857218252E-06,  2.968449162790E-02,NaN,  5.966396430421E+06,  3.891744232712E-06
  1.636557422631E+06,  2.150315051996E+03,  2.150432051607E+03,  8.536769986155E+00,  4.287287269221E+02,  4.201670380478E+02,  7.873750224359E-02,NaN,NaN,  5.756256385844E-02,  1.270020880898E+17,  1.444803941304E+19,  5.308398062270E+20,  2.891748899103E+19,  5.661722458485E+20,  3.100703994811E+20,  4.684792491128E+13,  8.294543281085E+02,  4.455744316172E+02,  3.741050671500E+02,NaN,  9.774820330796E+00,NaN,  9.010527980880E-06,  2.955077581167E-02,NaN,  5.973400381610E+06,  3.964814033900E-06
  1.719389973460E+06,  2.145014070135E+03,  2.145115459167E+03,  7.009410852306E+00,  4.121434296663E+02,  4.051130883480E+02,  7.697843026207E-02,NaN,NaN,  6.075174395961E-02,  1.273363373116E+17,  1.407137036558E+19,  5.311935383393E+20,  2.922340094224E+19,  5.600880389393E+20,  3.157861029454E+20,  4.927563231551E+13,  8.396041113164E+02,  4.554846060988E+02,  3.743543569999E+02,NaN,  9.765138740167E+00,NaN,  9.477462760523E-06,  2.941922514387E-02,NaN,  5.980310912450E+06,  4.039105891460E-06
  1.805378505262E+06,  2.139748289003E+03,  2.139869331897E+03,  8.822727213418E+00,  4.004789317860E+02,  3.916294526683E+02,  7.525436423623E-02,NaN,NaN,  5.762165604911E-02,  1.275142952710E+17,  1.386988112612E+19,  5.313715828399E+20,  2.938831531237E+19,  5.567413354417E+20,  3.188918820171E+20,  5.185031255232E+13,  8.451464300506E+02,  4.609113905298E+02,  3.744798324241E+02,NaN,  9.755197123984E+00,NaN,  9.972665661389E-06,  2.934848582919E-02,NaN,  5.987115494223E+06,  4.114475866508E-06
  1.895973797664E+06,  2.134555790832E+03,  2.134656417707E+03,  6.854121147483E+00,  3.853994451176E+02,  3.785240614541E+02,  7.358097047566E-02,NaN,NaN,  6.166113326307E-02,  1.278302317338E+17,  1.351296287987E+19,  5.317038729946E+20,  2.968399314213E+19,  5.506548643472E+20,  3.245894596325E+20,  5.469278550016E+13,  8.552553383289E+02,  4.707964801287E+02,  3.747140112275E+02,NaN,  9.744836453243E+00,NaN,  1.051937465821E-05,  2.922183830687E-02,NaN,  5.993862913640E+06,  4.191471429641E-06
  1.992308180168E+06,  2.129516121288E+03,  2.129604120216E+03,  5.697417256039E+00,  3.714767064185E+02,  3.657612350802E+02,  7.198675815665E-02,NaN,NaN,  6.487070888219E-02,  1.281263683522E+17,  1.317785565194E+19,  5.320130408567E+20,  2.996514106775E+19,  5.447402412870E+20,  3.301018588634E+20,  5.770789650579E+13,  8.650338997310E+02,  4.803680494456E+02,  3.749318947820E+02,NaN,  9.733944404136E+00,NaN,  1.109928811506E-05,  2.910190237475E-02,NaN,  6.000389081714E+06,  4.268166239079E-06
  2.092032757312E+06,  2.124296904002E+03,  2.124406343586E+03,  7.572087441526E+00,  3.612947523546E+02,  3.536982772711E+02,  7.036091219715E-02,NaN,NaN,  6.070271290993E-02,  1.282865595812E+17,  1.299562517055E+19,  5.321688064148E+20,  3.011875747741E+19,  5.414326053099E+20,  3.331304056383E+20,  6.105992808147E+13,  8.704374176651E+02,  4.856729485713E+02,  3.750416693013E+02,NaN,  9.722788048529E+00,NaN,  1.174400342236E-05,  2.903656027383E-02,NaN,  6.007089491811E+06,  4.349273799512E-06
  2.196699452809E+06,  2.119059480908E+03,  2.119151358329E+03,  5.958641289094E+00,  3.475755799577E+02,  3.415972974777E+02,  6.874242330528E-02,NaN,NaN,  6.476059736681E-02,  1.285935783628E+17,  1.264750853915E+19,  5.324892497878E+20,  3.041614147512E+19,  5.349746355593E+20,  3.391510512609E+20,  6.485429383042E+13,  8.811029238182E+02,  4.961242051848E+02,  3.752674991810E+02,NaN,  9.711206978609E+00,NaN,  1.247379537826E-05,  2.891002020955E-02,NaN,  6.013849591819E+06,  4.433629016603E-06
  2.306763392418E+06,  2.114028251986E+03,  2.114107514353E+03,  4.863300343769E+00,  3.350789082316E+02,  3.301992665867E+02,  6.721651353126E-02,NaN,NaN,  6.845185781357E-02,  1.288769003720E+17,  1.232570165684E+19,  5.327822405805E+20,  3.069428780982E+19,  5.287954208303E+20,  3.448823749697E+20,  6.887228745575E+13,  8.912554312132E+02,  5.060822648463E+02,  3.754739820764E+02,NaN,  9.699171043907E+00,NaN,  1.324659895614E-05,  2.879215083757E-02,NaN,  6.020324823312E+06,  4.516903102503E-06
  2.423185598332E+06,  2.108542239441E+03,  2.108640816322E+03,  6.460425806888E+00,  3.252244815085E+02,  3.187419591699E+02,  6.558932901863E-02,NaN,NaN,  6.408600807729E-02,  1.290468383630E+17,  1.213172180561E+19,  5.329461657768E+20,  3.086264077615E+19,  5.249610717921E+20,  3.483769170199E+20,  7.363899518883E+13,  8.974770046164E+02,  5.122009042300E+02,  3.755895070348E+02,NaN,  9.686579188241E+00,NaN,  1.416340697884E-05,  2.872101105730E-02,NaN,  6.027328296770E+06,  4.609807059407E-06
  2.545498693129E+06,  2.103329268681E+03,  2.103408865796E+03,  4.825874632713E+00,  3.130473817372E+02,  3.082046491245E+02,  6.406303561629E-02,NaN,NaN,  6.927405047594E-02,  1.293364768396E+17,  1.180199743865E+19,  5.332444628758E+20,  3.115239707975E+19,  5.182946439605E+20,  3.545487677344E+20,  7.879368310116E+13,  9.083986577799E+02,  5.229254114500E+02,  3.757997295067E+02,NaN,  9.673501668292E+00,NaN,  1.515483743718E-05,  2.859853904971E-02,NaN,  6.034016839619E+06,  4.701398744546E-06
  2.672838277494E+06,  2.098298157911E+03,  2.098370544449E+03,  4.224950796933E+00,  3.018505619143E+02,  2.976105124496E+02,  6.260529677669E-02,NaN,NaN,  7.195905331095E-02,  1.296070762945E+17,  1.149343131554E+19,  5.335206278175E+20,  3.142643843760E+19,  5.118430879938E+20,  3.604930833283E+20,  8.432165597636E+13,  9.189166418667E+02,  5.332622245145E+02,  3.759943545195E+02,NaN,  9.660046614596E+00,NaN,  1.621806391656E-05,  2.848313905593E-02,NaN,  6.040444767679E+06,  4.792169214050E-06
  2.806729229222E+06,  2.092872708019E+03,  2.092961666333E+03,  5.523227603177E+00,  2.932620832934E+02,  2.877187368066E+02,  6.106648266755E-02,NaN,NaN,  6.764612047421E-02,  1.297601833772E+17,  1.131780145268E+19,  5.336626517886E+20,  3.158246117525E+19,  5.080516676179E+20,  3.638903156247E+20,  9.087994105656E+13,  9.249666256599E+02,  5.392261063843E+02,  3.760944447663E+02,NaN,  9.646057029817E+00,NaN,  1.747945620519E-05,  2.841772436203E-02,NaN,  6.047331216657E+06,  4.892527142069E-06
  2.948243225020E+06,  2.087540670298E+03,  2.087611057289E+03,  4.014240073353E+00,  2.820474386057E+02,  2.780183372331E+02,  5.958501384946E-02,NaN,NaN,  7.364416607221E-02,  1.300452740562E+17,  1.099203823820E+19,  5.339530849808E+20,  3.187610958047E+19,  5.008955600791E+20,  3.704829643923E+20,  9.829471787011E+13,  9.366181613200E+02,  5.506875740514E+02,  3.762991252134E+02,NaN,  9.631443149560E+00,NaN,  1.890558242267E-05,  2.829424473721E-02,NaN,  6.054129018347E+06,  4.994884629546E-06
  3.097021125418E+06,  2.082542205571E+03,  2.082603156591E+03,  3.291717176732E+00,  2.721592004659E+02,  2.688551112859E+02,  5.821931246677E-02,NaN,NaN,  7.776922187295E-02,  1.302985397746E+17,  1.070202246654E+19,  5.342063169754E+20,  3.213966663241E+19,  4.942969470585E+20,  3.765020633452E+20,  1.061118439425E+14,  9.472622160270E+02,  5.611683455115E+02,  3.764775884169E+02,NaN,  9.616261689471E+00,NaN,  2.040909476262E-05,  2.818389427978E-02,NaN,  6.060478429005E+06,  5.093569692076E-06
  3.251913325348E+06,  2.076323756188E+03,  2.076435709222E+03,  7.344655553270E+00,  2.674948982851E+02,  2.601205848821E+02,  5.655147229933E-02,NaN,NaN,  6.401971329777E-02,  1.304986619418E+17,  1.047213714045E+19,  5.343984124173E+20,  3.234966908240E+19,  4.889315287081E+20,  3.813822277924E+20,  1.170253441229E+14,  9.559092463224E+02,  5.696956264460E+02,  3.766129661285E+02,NaN,  9.600631239812E+00,NaN,  2.250815035433E-05,  2.809585085957E-02,NaN,  6.068280801569E+06,  5.219093260763E-06
  3.416543227028E+06,  2.058921662883E+03,  2.059135328037E+03,  1.698752833028E+01,  2.681336061098E+02,  2.510713136130E+02,  5.209550890045E-02,NaN,NaN,  5.282661666836E-02,  1.312525816412E+17,  9.609723570465E+18,  5.352220008347E+20,  3.316434556517E+19,  4.681712736002E+20,  4.016492226337E+20,  1.589538605391E+14,  9.914516612620E+02,  6.046738485490E+02,  3.771933834156E+02,NaN,  9.584398724898E+00,NaN,  3.057250050603E-05,  2.774994379267E-02,NaN,  6.090066563997E+06,  5.596417496464E-06
  3.587407399778E+06,  2.025085554385E+03,  2.025389997513E+03,  2.596979748022E+01,  2.691374266515E+02,  2.430359116138E+02,  4.416463904747E-02,NaN,NaN,  4.923646940370E-02,  1.324193501161E+17,  8.269382270303E+18,  5.365251545102E+20,  3.447311500494E+19,  4.320915644557E+20,  4.377538576008E+20,  3.393461598505E+14,  1.054550620500E+03,  6.668703884616E+02,  3.781117704460E+02,NaN,  9.568396324049E+00,NaN,  6.526837793408E-05,  2.719033573278E-02,NaN,  6.132138113594E+06,  6.456317825588E-06
  3.767020217952E+06,  1.969935784602E+03,  1.970382346183E+03,  3.514123176764E+01,  2.706203984859E+02,  2.352527735854E+02,  3.373292359581E-02,NaN,NaN,  5.337202335922E-02,  1.341256657653E+17,  6.292336062236E+18,  5.384677492267E+20,  3.644114122658E+19,  3.676513571725E+20,  5.031171605541E+20,  2.690284667645E+15,  1.168383610042E+03,  7.793493570835E+02,  3.794807983869E+02,NaN,  9.552937133720E+00,NaN,  5.174377588817E-04,  2.632707932821E-02,NaN,  6.199544492500E+06,  1.206258466497E-05
  3.955473613548E+06,  1.813588718294E+03,  1.814612638342E+03,  4.394372940746E+01,  2.728887033045E+02,  2.277612906992E+02,  1.684505910059E-02,NaN,NaN,  9.786297744438E-02,  1.367637253808E+17,  3.188382852799E+18,  5.415401282387E+20,  3.941735668176E+19,  2.266803241949E+20,  6.452949972349E+20,  9.425855572512E+18,  1.416837925296E+03,  1.023840345166E+03,  3.816460326876E+02,NaN,  9.538619002514E+00,NaN,  1.812928439001E+00,  2.492726242532E-02,NaN,  6.279415388177E+06,  1.705058703202E-04
  4.047168824732E+06,  1.418042826439E+03,  1.660000062608E+03,  1.944664575027E-01,  2.742953091919E+02,  2.243020056233E+02,  6.219811577437E-03,NaN,NaN,  5.225684701411E+03,  1.384659673670E+17,  1.169348338816E+18,  5.435466531482E+20,  4.158443542607E+19,  9.595655736554E+19,  7.762917069537E+20,  5.443540645547E+20,  1.746327765706E+03,  1.249035872701E+03,  3.830601149158E+02,NaN,  9.533063269059E+00,NaN,  1.046987148196E+02,  2.446804833695E-02,NaN,  6.315623891111E+06,  6.134599817247E+12
