t(yr),T_surf(K),T_pot(K),flux_surf(W/m2),flux_OLR(W/m2),flux_ASR(W/m2),phi(vol_frac),fO2_solid(bar),fO2_melt(bar),thick_surf_bl(m),massC_solid(kg),massC_melt(kg),massC_atm(kg),massH_solid(kg),massH_melt(kg),massH_atm(kg),massO_atm(kg),p_surf(bar),p_H2O(bar),p_CO2(bar),p_CO(bar),p_H2(bar),p_CH4(bar),p_O2(bar),mmw(kg/mol),R_trans(m),R_solid(m),viscosity(Pa.s)
  1.998401444325E-05,  3.598984664573E+03,  3.599999999979E+03,  3.200711391555E+02,  6.207818924855E+04,  9.918599818371E+02,  9.305230993270E-01,NaN,NaN,  1.332331529339E-02,  4.084955739893E+15,  6.612802035939E+19,  2.067843814674E+20,  1.136868266229E+18,  1.529980553308E+21,  8.756943016383E+19,  1.057367095287E+13,  2.168763133930E+02,  6.114668820941E+01,  1.457296231499E+02,NaN,  1.000000000000E+01,NaN,  2.033694302615E-06,  3.474445458880E-02,NaN,  3.504050000000E+06,  4.266428405028E-07
  3.996802888651E-05,  3.598969331183E+03,  3.599999999957E+03,  3.265321636530E+02,  6.207657440869E+04,  9.918599818371E+02,  9.305230993179E-01,NaN,NaN,  1.325691412004E-02,  4.084955740440E+15,  6.612802035889E+19,  2.067843814678E+20,  1.136868266390E+18,  1.529980553307E+21,  8.756943016419E+19,  1.057367095287E+13,  2.168763133941E+02,  6.114668821018E+01,  1.457296231502E+02,NaN,  9.999999999982E+00,NaN,  2.033694302615E-06,  3.474445458876E-02,NaN,  3.504050000000E+06,  4.266428405090E-07
  5.995204332976E-05,  3.598953999838E+03,  3.599999999935E+03,  3.330244410924E+02,  6.207495981928E+04,  9.918599818371E+02,  9.305230993087E-01,NaN,NaN,  1.319182578812E-02,  4.084955740997E+15,  6.612802035839E+19,  2.067843814683E+20,  1.136868266553E+18,  1.529980553306E+21,  8.756943016450E+19,  1.057367095287E+13,  2.168763133952E+02,  6.114668821097E+01,  1.457296231506E+02,NaN,  9.999999999954E+00,NaN,  2.033694302615E-06,  3.474445458872E-02,NaN,  3.504050000000E+06,  4.266428405154E-07
  8.574643183884E-05,  3.598934213167E+03,  3.599999999907E+03,  3.414503464809E+02,  6.207287607833E+04,  9.918599818371E+02,  9.305230992965E-01,NaN,NaN,  1.310967861205E-02,  4.084955741729E+15,  6.612802035773E+19,  2.067843814690E+20,  1.136868266767E+18,  1.529980553305E+21,  8.756943016504E+19,  1.057367122129E+13,  2.168763133967E+02,  6.114668821200E+01,  1.457296231510E+02,NaN,  9.999999999942E+00,NaN,  2.033694354243E-06,  3.474445458866E-02,NaN,  3.504050000000E+06,  4.266428405238E-07
  1.115408203479E-04,  3.598914429549E+03,  3.599999999877E+03,  3.499272471766E+02,  6.207079271729E+04,  9.918599818371E+02,  9.305230992840E-01,NaN,NaN,  1.302955232613E-02,  4.084955742477E+15,  6.612802035706E+19,  2.067843814696E+20,  1.136868266986E+18,  1.529980553305E+21,  8.756943016559E+19,  1.057367122129E+13,  2.168763133982E+02,  6.114668821306E+01,  1.457296231515E+02,NaN,  9.999999999930E+00,NaN,  2.033694354243E-06,  3.474445458860E-02,NaN,  3.504050000000E+06,  4.266428405324E-07
  1.373352088570E-04,  3.598894649251E+03,  3.599999999847E+03,  3.584543659264E+02,  6.206870976433E+04,  9.918599818371E+02,  9.305230992713E-01,NaN,NaN,  1.295136269785E-02,  4.084955743243E+15,  6.612802035637E+19,  2.067843814703E+20,  1.136868267211E+18,  1.529980553304E+21,  8.756943016616E+19,  1.057367122129E+13,  2.168763133997E+02,  6.114668821414E+01,  1.457296231520E+02,NaN,  9.999999999918E+00,NaN,  2.033694354243E-06,  3.474445458854E-02,NaN,  3.504050000000E+06,  4.266428405411E-07
  1.631295973661E-04,  3.598874872372E+03,  3.599999999816E+03,  3.670310154344E+02,  6.206662722996E+04,  9.918599818371E+02,  9.305230992583E-01,NaN,NaN,  1.287502980510E-02,  4.084955744027E+15,  6.612802035567E+19,  2.067843814710E+20,  1.136868267440E+18,  1.529980553303E+21,  8.756943016675E+19,  1.057367122129E+13,  2.168763134013E+02,  6.114668821525E+01,  1.457296231525E+02,NaN,  9.999999999907E+00,NaN,  2.033694354243E-06,  3.474445458848E-02,NaN,  3.504050000000E+06,  4.266428405501E-07
  2.149289560161E-04,  3.598835167688E+03,  3.599999999752E+03,  3.844013435113E+02,  6.206244644476E+04,  9.918599818371E+02,  9.305230992311E-01,NaN,NaN,  1.272704882423E-02,  4.084955745658E+15,  6.612802035420E+19,  2.067843814725E+20,  1.136868267918E+18,  1.529980553301E+21,  8.756943016796E+19,  1.057367095287E+13,  2.168763134046E+02,  6.114668821756E+01,  1.457296231535E+02,NaN,  9.999999999883E+00,NaN,  2.033694302615E-06,  3.474445458835E-02,NaN,  3.504050000000E+06,  4.266428405688E-07
  2.964016327600E-04,  3.598772746867E+03,  3.599999999644E+03,  4.121093862062E+02,  6.205587419410E+04,  9.918599818371E+02,  9.305230991859E-01,NaN,NaN,  1.250750853392E-02,  4.084955748377E+15,  6.612802035176E+19,  2.067843814749E+20,  1.136868268714E+18,  1.529980553298E+21,  8.756943017000E+19,  1.057367095287E+13,  2.168763134101E+02,  6.114668822140E+01,  1.457296231552E+02,NaN,  9.999999999845E+00,NaN,  2.033694302615E-06,  3.474445458813E-02,NaN,  3.504050000000E+06,  4.266428405999E-07
  3.778743095040E-04,  3.598710361537E+03,  3.599999999530E+03,  4.402752102545E+02,  6.204930626188E+04,  9.918599818371E+02,  9.305230991375E-01,NaN,NaN,  1.230248590491E-02,  4.084955751288E+15,  6.612802034914E+19,  2.067843814774E+20,  1.136868269567E+18,  1.529980553294E+21,  8.756943017220E+19,  1.057367122129E+13,  2.168763134160E+02,  6.114668822552E+01,  1.457296231570E+02,NaN,  9.999999999808E+00,NaN,  2.033694354243E-06,  3.474445458789E-02,NaN,  3.504050000000E+06,  4.266428406332E-07
  5.633989935482E-04,  3.598568436540E+03,  3.599999999240E+03,  5.060354865132E+02,  6.203436655316E+04,  9.918599818371E+02,  9.305230990152E-01,NaN,NaN,  1.188170296444E-02,  4.084955758645E+15,  6.612802034253E+19,  2.067843814840E+20,  1.136868271722E+18,  1.529980553286E+21,  8.756943017781E+19,  1.057367095287E+13,  2.168763134309E+02,  6.114668823592E+01,  1.457296231616E+02,NaN,  9.999999999722E+00,NaN,  2.033694302615E-06,  3.474445458730E-02,NaN,  3.504050000000E+06,  4.266428407174E-07
  7.489236775924E-04,  3.598426702819E+03,  3.599999998909E+03,  5.739152419449E+02,  6.201944998153E+04,  9.918599818371E+02,  9.305230988755E-01,NaN,NaN,  1.151362273136E-02,  4.084955767041E+15,  6.612802033499E+19,  2.067843814914E+20,  1.136868274181E+18,  1.529980553276E+21,  8.756943018428E+19,  1.057367095287E+13,  2.168763134480E+02,  6.114668824780E+01,  1.457296231668E+02,NaN,  9.999999999637E+00,NaN,  2.033694302615E-06,  3.474445458662E-02,NaN,  3.504050000000E+06,  4.266428408134E-07
  9.344483616366E-04,  3.598285164996E+03,  3.599999998536E+03,  6.437685656324E+02,  6.200455702030E+04,  9.918599818371E+02,  9.305230987181E-01,NaN,NaN,  1.118771753276E-02,  4.084955776506E+15,  6.612802032650E+19,  2.067843814998E+20,  1.136868276953E+18,  1.529980553265E+21,  8.756943019163E+19,  1.057367122129E+13,  2.168763134672E+02,  6.114668826119E+01,  1.457296231728E+02,NaN,  9.999999999551E+00,NaN,  2.033694354243E-06,  3.474445458586E-02,NaN,  3.504050000000E+06,  4.266428409217E-07
  1.119973045681E-03,  3.598143827654E+03,  3.599999998119E+03,  7.154692151388E+02,  6.198968813892E+04,  9.918599818371E+02,  9.305230985425E-01,NaN,NaN,  1.089622836171E-02,  4.084955787072E+15,  6.612802031702E+19,  2.067843815092E+20,  1.136868280047E+18,  1.529980553253E+21,  8.756943019988E+19,  1.057367095287E+13,  2.168763134887E+02,  6.114668827614E+01,  1.457296231794E+02,NaN,  9.999999999466E+00,NaN,  2.033694302615E-06,  3.474445458500E-02,NaN,  3.504050000000E+06,  4.266428410426E-07
  1.585683181669E-03,  3.597789947529E+03,  3.599999996876E+03,  9.028933111147E+02,  6.195247254527E+04,  9.918599818371E+02,  9.305230980179E-01,NaN,NaN,  1.028051392562E-02,  4.084955818616E+15,  6.612802028872E+19,  2.067843815373E+20,  1.136868289286E+18,  1.529980553217E+21,  8.756943022474E+19,  1.057367095287E+13,  2.168763135529E+02,  6.114668832077E+01,  1.457296231992E+02,NaN,  9.999999999252E+00,NaN,  2.033694302615E-06,  3.474445458243E-02,NaN,  3.504050000000E+06,  4.266428414035E-07
  1.873608643686E-03,  3.597571832779E+03,  3.599999995961E+03,  1.023617338695E+03,  6.192954394510E+04,  9.918599818371E+02,  9.305230976315E-01,NaN,NaN,  9.962986142784E-03,  4.084955841853E+15,  6.612802026788E+19,  2.067843815580E+20,  1.136868296092E+18,  1.529980553191E+21,  8.756943024318E+19,  1.057367095287E+13,  2.168763136002E+02,  6.114668835366E+01,  1.457296232137E+02,NaN,  9.999999999119E+00,NaN,  2.033694302615E-06,  3.474445458054E-02,NaN,  3.504050000000E+06,  4.266428416694E-07
  2.161534105703E-03,  3.597354246595E+03,  3.599999994928E+03,  1.147709163442E+03,  6.190667797946E+04,  9.918599818371E+02,  9.305230971959E-01,NaN,NaN,  9.682019934419E-03,  4.084955868048E+15,  6.612802024439E+19,  2.067843815813E+20,  1.136868303764E+18,  1.529980553161E+21,  8.756943026406E+19,  1.057367068444E+13,  2.168763136536E+02,  6.114668839073E+01,  1.457296232302E+02,NaN,  9.999999998987E+00,NaN,  2.033694250987E-06,  3.474445457840E-02,NaN,  3.504050000000E+06,  4.266428419691E-07
  2.449459567720E-03,  3.597137200428E+03,  3.599999993776E+03,  1.274932347182E+03,  6.188387579789E+04,  9.918599818371E+02,  9.305230967099E-01,NaN,NaN,  9.430878501075E-03,  4.084955897277E+15,  6.612802021818E+19,  2.067843816074E+20,  1.136868312324E+18,  1.529980553128E+21,  8.756943028745E+19,  1.057367068444E+13,  2.168763137132E+02,  6.114668843211E+01,  1.457296232486E+02,NaN,  9.999999998854E+00,NaN,  2.033694250987E-06,  3.474445457602E-02,NaN,  3.504050000000E+06,  4.266428423035E-07
  2.737385029737E-03,  3.596920704984E+03,  3.599999992502E+03,  1.405079171500E+03,  6.186113847034E+04,  9.918599818371E+02,  9.305230961722E-01,NaN,NaN,  9.204468927012E-03,  4.084955929614E+15,  6.612802018919E+19,  2.067843816362E+20,  1.136868321795E+18,  1.529980553091E+21,  8.756943031339E+19,  1.057367068444E+13,  2.168763137792E+02,  6.114668847788E+01,  1.457296232689E+02,NaN,  9.999999998721E+00,NaN,  2.033694250987E-06,  3.474445457337E-02,NaN,  3.504050000000E+06,  4.266428426735E-07
  3.025310491755E-03,  3.596704770301E+03,  3.599999991103E+03,  1.537965173273E+03,  6.183846699527E+04,  9.918599818371E+02,  9.305230955817E-01,NaN,NaN,  8.998856155081E-03,  4.084955965126E+15,  6.612802015736E+19,  2.067843816679E+20,  1.136868332196E+18,  1.529980553051E+21,  8.756943034195E+19,  1.057367068444E+13,  2.168763138516E+02,  6.114668852815E+01,  1.457296232912E+02,NaN,  9.999999998589E+00,NaN,  2.033694250987E-06,  3.474445457047E-02,NaN,  3.504050000000E+06,  4.266428430798E-07
  3.519178442020E-03,  3.596335717950E+03,  3.599999988404E+03,  1.771810079145E+03,  6.179973543085E+04,  9.918599818371E+02,  9.305230944429E-01,NaN,NaN,  8.685996364774E-03,  4.084956033614E+15,  6.612802009597E+19,  2.067843817290E+20,  1.136868352255E+18,  1.529980552974E+21,  8.756943039718E+19,  1.057367095287E+13,  2.168763139914E+02,  6.114668862510E+01,  1.457296233343E+02,NaN,  9.999999998361E+00,NaN,  2.033694302615E-06,  3.474445456486E-02,NaN,  3.504050000000E+06,  4.266428438633E-07
  4.013046392285E-03,  3.595968386524E+03,  3.599999985317E+03,  2.012504600866E+03,  6.176120461981E+04,  9.918599818371E+02,  9.305230931406E-01,NaN,NaN,  8.413752158740E-03,  4.084956111931E+15,  6.612802002578E+19,  2.067843817989E+20,  1.136868375192E+18,  1.529980552886E+21,  8.756943046050E+19,  1.057367095287E+13,  2.168763141513E+02,  6.114668873598E+01,  1.457296233835E+02,NaN,  9.999999998134E+00,NaN,  2.033694302615E-06,  3.474445455845E-02,NaN,  3.504050000000E+06,  4.266428447593E-07
  4.506914342551E-03,  3.595602815822E+03,  3.599999981833E+03,  2.259423401905E+03,  6.172287844191E+04,  9.918599818371E+02,  9.305230916705E-01,NaN,NaN,  8.173809844493E-03,  4.084956200347E+15,  6.612801994655E+19,  2.067843818779E+20,  1.136868401087E+18,  1.529980552786E+21,  8.756943053215E+19,  1.057367041601E+13,  2.168763143319E+02,  6.114668886115E+01,  1.457296234392E+02,NaN,  9.999999997907E+00,NaN,  2.033694199359E-06,  3.474445455121E-02,NaN,  3.504050000000E+06,  4.266428457709E-07
  5.000782292816E-03,  3.595239041629E+03,  3.599999977941E+03,  2.512023135896E+03,  6.168476034979E+04,  9.918599818371E+02,  9.305230900283E-01,NaN,NaN,  7.960090901721E-03,  4.084956299108E+15,  6.612801985805E+19,  2.067843819661E+20,  1.136868430011E+18,  1.529980552675E+21,  8.756943061233E+19,  1.057367041601E+13,  2.168763145337E+02,  6.114668900098E+01,  1.457296235013E+02,NaN,  9.999999997679E+00,NaN,  2.033694199359E-06,  3.474445454311E-02,NaN,  3.504050000000E+06,  4.266428469008E-07
  6.003990127408E-03,  3.594505760658E+03,  3.599999968744E+03,  3.040702584508E+03,  6.160798329620E+04,  9.918599818371E+02,  9.305230861476E-01,NaN,NaN,  7.588928321598E-03,  4.084956532496E+15,  6.612801964893E+19,  2.067843821745E+20,  1.136868498365E+18,  1.529980552413E+21,  8.756943080219E+19,  1.057367041601E+13,  2.168763150106E+02,  6.114668933142E+01,  1.457296236482E+02,NaN,  9.999999997218E+00,NaN,  2.033694199359E-06,  3.474445452397E-02,NaN,  3.504050000000E+06,  4.266428495709E-07
  6.661120493800E-03,  3.594029645248E+03,  3.599999961756E+03,  3.397010933055E+03,  6.155817515716E+04,  9.918599818371E+02,  9.305230831993E-01,NaN,NaN,  7.381586291276E-03,  4.084956709806E+15,  6.612801949007E+19,  2.067843823329E+20,  1.136868550295E+18,  1.529980552214E+21,  8.756943094668E+19,  1.057367014759E+13,  2.168763153730E+02,  6.114668958248E+01,  1.457296237599E+02,NaN,  9.999999996915E+00,NaN,  2.033694147732E-06,  3.474445450941E-02,NaN,  3.504050000000E+06,  4.266428515995E-07
  7.318250860191E-03,  3.593556927172E+03,  3.599999953988E+03,  3.760281765463E+03,  6.150875573470E+04,  9.918599818371E+02,  9.305230799215E-01,NaN,NaN,  7.196458753979E-03,  4.084956906941E+15,  6.612801931345E+19,  2.067843825091E+20,  1.136868608030E+18,  1.529980551993E+21,  8.756943110752E+19,  1.057367014759E+13,  2.168763157759E+02,  6.114668986160E+01,  1.457296238840E+02,NaN,  9.999999996612E+00,NaN,  2.033694147732E-06,  3.474445449323E-02,NaN,  3.504050000000E+06,  4.266428538548E-07
  7.975381226582E-03,  3.593087658306E+03,  3.599999945424E+03,  4.129804517480E+03,  6.145972971243E+04,  9.918599818371E+02,  9.305230763079E-01,NaN,NaN,  7.029777262280E-03,  4.084957124265E+15,  6.612801911876E+19,  2.067843827033E+20,  1.136868671679E+18,  1.529980551749E+21,  8.756943128498E+19,  1.057366987916E+13,  2.168763162202E+02,  6.114669016932E+01,  1.457296240209E+02,NaN,  9.999999996310E+00,NaN,  2.033694096104E-06,  3.474445447539E-02,NaN,  3.504050000000E+06,  4.266428563412E-07
  8.632511592974E-03,  3.592621884815E+03,  3.599999936051E+03,  4.504943592453E+03,  6.141110116924E+04,  9.918599818371E+02,  9.305230723532E-01,NaN,NaN,  6.878624460842E-03,  4.084957362107E+15,  6.612801890569E+19,  2.067843829158E+20,  1.136868741337E+18,  1.529980551482E+21,  8.756943147936E+19,  1.057366961074E+13,  2.168763167065E+02,  6.114669050610E+01,  1.457296241707E+02,NaN,  9.999999996007E+00,NaN,  2.033694044476E-06,  3.474445445585E-02,NaN,  3.504050000000E+06,  4.266428590622E-07
  9.730129765834E-03,  3.591851799123E+03,  3.599999918562E+03,  5.142531752805E+03,  6.133077181034E+04,  9.918599818371E+02,  9.305230649735E-01,NaN,NaN,  6.654718587697E-03,  4.084957805927E+15,  6.612801850811E+19,  2.067843833125E+20,  1.136868871320E+18,  1.529980550985E+21,  8.756943184238E+19,  1.057366934231E+13,  2.168763176140E+02,  6.114669113455E+01,  1.457296244502E+02,NaN,  9.999999995502E+00,NaN,  2.033693992848E-06,  3.474445441940E-02,NaN,  3.504050000000E+06,  4.266428641398E-07
  1.082774793869E-02,  3.591091741221E+03,  3.599999898737E+03,  5.791854569150E+03,  6.125157461281E+04,  9.918599818371E+02,  9.305230566089E-01,NaN,NaN,  6.459806806901E-03,  4.084958308987E+15,  6.612801805747E+19,  2.067843837622E+20,  1.136869018653E+18,  1.529980550421E+21,  8.756943225422E+19,  1.057366880546E+13,  2.168763186427E+02,  6.114669184689E+01,  1.457296247671E+02,NaN,  9.999999994997E+00,NaN,  2.033693889593E-06,  3.474445437806E-02,NaN,  3.504050000000E+06,  4.266428698951E-07
  1.192536611155E-02,  3.590341842914E+03,  3.599999876540E+03,  6.450876785062E+03,  6.117351982377E+04,  9.918599818371E+02,  9.305230472430E-01,NaN,NaN,  6.288097352181E-03,  4.084958872266E+15,  6.612801755291E+19,  2.067843842657E+20,  1.136869183623E+18,  1.529980549790E+21,  8.756943271567E+19,  1.057366853704E+13,  2.168763197947E+02,  6.114669264452E+01,  1.457296251220E+02,NaN,  9.999999994491E+00,NaN,  2.033693837965E-06,  3.474445433177E-02,NaN,  3.504050000000E+06,  4.266428763393E-07
  1.302298428441E-02,  3.589602209789E+03,  3.599999851939E+03,  7.117819141255E+03,  6.109661495887E+04,  9.918599818371E+02,  9.305230368624E-01,NaN,NaN,  6.135319844453E-03,  4.084959496571E+15,  6.612801699369E+19,  2.067843848239E+20,  1.136869366466E+18,  1.529980549091E+21,  8.756943322741E+19,  1.057366826861E+13,  2.168763210716E+02,  6.114669352856E+01,  1.457296255153E+02,NaN,  9.999999993986E+00,NaN,  2.033693786337E-06,  3.474445428046E-02,NaN,  3.504050000000E+06,  4.266428834817E-07
  1.412060245727E-02,  3.588872924626E+03,  3.599999824906E+03,  7.791110883787E+03,  6.102086517223E+04,  9.918599818371E+02,  9.305230254562E-01,NaN,NaN,  5.998243623350E-03,  4.084960182558E+15,  6.612801637924E+19,  2.067843854372E+20,  1.136869567373E+18,  1.529980548323E+21,  8.756943378997E+19,  1.057366746334E+13,  2.168763224747E+02,  6.114669449996E+01,  1.457296259476E+02,NaN,  9.999999993481E+00,NaN,  2.033693631454E-06,  3.474445422407E-02,NaN,  3.504050000000E+06,  4.266428913298E-07
  1.521822063014E-02,  3.588154049745E+03,  3.599999795422E+03,  8.469354802515E+03,  6.094627351393E+04,  9.918599818371E+02,  9.305230130158E-01,NaN,NaN,  5.874370953201E-03,  4.084960930745E+15,  6.612801570908E+19,  2.067843861061E+20,  1.136869786498E+18,  1.529980547486E+21,  8.756943440379E+19,  1.057366692648E+13,  2.168763240051E+02,  6.114669555945E+01,  1.457296264190E+02,NaN,  9.999999992976E+00,NaN,  2.033693528198E-06,  3.474445416256E-02,NaN,  3.504050000000E+06,  4.266428998895E-07
  1.631583880300E-02,  3.587445629036E+03,  3.599999763472E+03,  9.151300532801E+03,  6.087284115138E+04,  9.918599818371E+02,  9.305229995345E-01,NaN,NaN,  5.761734568788E-03,  4.084961741533E+15,  6.612801498286E+19,  2.067843868311E+20,  1.136870023956E+18,  1.529980546579E+21,  8.756943506919E+19,  1.057366612121E+13,  2.168763256637E+02,  6.114669670759E+01,  1.457296269299E+02,NaN,  9.999999992470E+00,NaN,  2.033693373315E-06,  3.474445409590E-02,NaN,  3.504050000000E+06,  4.266429091653E-07
  1.741345697586E-02,  3.586747689848E+03,  3.599999729043E+03,  9.835823577000E+03,  6.080056757558E+04,  9.918599818371E+02,  9.305229850076E-01,NaN,NaN,  5.658759958977E-03,  4.084962615207E+15,  6.612801420032E+19,  2.067843876123E+20,  1.136870279832E+18,  1.529980545601E+21,  8.756943578640E+19,  1.057366531593E+13,  2.168763274509E+02,  6.114669794480E+01,  1.457296274805E+02,NaN,  9.999999991965E+00,NaN,  2.033693218432E-06,  3.474445402406E-02,NaN,  3.504050000000E+06,  4.266429191606E-07
  1.851107514872E-02,  3.586060244697E+03,  3.599999692129E+03,  1.052190853465E+04,  6.072945078680E+04,  9.918599818371E+02,  9.305229694318E-01,NaN,NaN,  5.564169182778E-03,  4.084963551959E+15,  6.612801336129E+19,  2.067843884499E+20,  1.136870554181E+18,  1.529980544553E+21,  8.756943655559E+19,  1.057366451066E+13,  2.168763293673E+02,  6.114669927133E+01,  1.457296280708E+02,NaN,  9.999999991460E+00,NaN,  2.033693063548E-06,  3.474445394703E-02,NaN,  3.504050000000E+06,  4.266429298775E-07
  1.960869332158E-02,  3.585383292749E+03,  3.599999652725E+03,  1.120863553481E+04,  6.065948745470E+04,  9.918599818371E+02,  9.305229528056E-01,NaN,NaN,  5.476912127887E-03,  4.084964551889E+15,  6.612801246568E+19,  2.067843893441E+20,  1.136870847034E+18,  1.529980543435E+21,  8.756943737683E+19,  1.057366370538E+13,  2.168763314129E+02,  6.114670068733E+01,  1.457296287009E+02,NaN,  9.999999990954E+00,NaN,  2.033692908665E-06,  3.474445386480E-02,NaN,  3.504050000000E+06,  4.266429413172E-07
  2.070631149444E-02,  3.584716821080E+03,  3.599999610831E+03,  1.189516911806E+04,  6.059067305555E+04,  9.918599818371E+02,  9.305229351286E-01,NaN,NaN,  5.396116382630E-03,  4.084965615017E+15,  6.612801151348E+19,  2.067843902947E+20,  1.136871158396E+18,  1.529980542246E+21,  8.756943825015E+19,  1.057366316853E+13,  2.168763335879E+02,  6.114670219283E+01,  1.457296293709E+02,NaN,  9.999999990449E+00,NaN,  2.033692805409E-06,  3.474445377736E-02,NaN,  3.504050000000E+06,  4.266429534800E-07
  2.180392966730E-02,  3.584060805789E+03,  3.599999566448E+03,  1.258074899440E+04,  6.052300199230E+04,  9.918599818371E+02,  9.305229164017E-01,NaN,NaN,  5.321050026523E-03,  4.084966741289E+15,  6.612801050473E+19,  2.067843913019E+20,  1.136871488251E+18,  1.529980540986E+21,  8.756943917550E+19,  1.057366209483E+13,  2.168763358921E+02,  6.114670378776E+01,  1.457296300807E+02,NaN,  9.999999989944E+00,NaN,  2.033692598898E-06,  3.474445368473E-02,NaN,  3.504050000000E+06,  4.266429663651E-07
  2.290154784016E-02,  3.583415212989E+03,  3.599999519582E+03,  1.326468225492E+04,  6.045646770176E+04,  9.918599818371E+02,  9.305228966268E-01,NaN,NaN,  5.251093569391E-03,  4.084967930586E+15,  6.612800943953E+19,  2.067843923654E+20,  1.136871836564E+18,  1.529980539656E+21,  8.756944015278E+19,  1.057366102113E+13,  2.168763383253E+02,  6.114670547194E+01,  1.457296308302E+02,NaN,  9.999999989438E+00,NaN,  2.033692392387E-06,  3.474445358692E-02,NaN,  3.504050000000E+06,  4.266429799712E-07
  2.457932964467E-02,  3.582448423774E+03,  3.599999443161E+03,  1.430551667015E+04,  6.035694540283E+04,  9.918599818371E+02,  9.305228643816E-01,NaN,NaN,  5.152856980022E-03,  4.084969869875E+15,  6.612800770262E+19,  2.067843940997E+20,  1.136872404530E+18,  1.529980537487E+21,  8.756944174663E+19,  1.057365941057E+13,  2.168763422930E+02,  6.114670821821E+01,  1.457296320524E+02,NaN,  9.999999988666E+00,NaN,  2.033692082620E-06,  3.474445342741E-02,NaN,  3.504050000000E+06,  4.266430021577E-07
  2.625711144918E-02,  3.581505694706E+03,  3.599999360990E+03,  1.533902541940E+04,  6.026003166781E+04,  9.918599818371E+02,  9.305228297099E-01,NaN,NaN,  5.063776626375E-03,  4.084971955095E+15,  6.612800583501E+19,  2.067843959645E+20,  1.136873015235E+18,  1.529980535156E+21,  8.756944346072E+19,  1.057365780002E+13,  2.168763465594E+02,  6.114671117114E+01,  1.457296333667E+02,NaN,  9.999999987894E+00,NaN,  2.033691772854E-06,  3.474445325588E-02,NaN,  3.504050000000E+06,  4.266430260136E-07
  2.793489325369E-02,  3.580586796154E+03,  3.599999273113E+03,  1.636345503623E+04,  6.016569282206E+04,  9.918599818371E+02,  9.305227926311E-01,NaN,NaN,  4.982590965611E-03,  4.084974185085E+15,  6.612800383776E+19,  2.067843979589E+20,  1.136873668339E+18,  1.529980532663E+21,  8.756944529410E+19,  1.057365592104E+13,  2.168763511220E+02,  6.114671432909E+01,  1.457296347721E+02,NaN,  9.999999987121E+00,NaN,  2.033691411459E-06,  3.474445307245E-02,NaN,  3.504050000000E+06,  4.266430515258E-07
  2.961267505820E-02,  3.579691464744E+03,  3.599999179587E+03,  1.737728014248E+04,  6.007389213003E+04,  9.918599818371E+02,  9.305227531683E-01,NaN,NaN,  4.908271124102E-03,  4.084976558456E+15,  6.612800171210E+19,  2.067844000814E+20,  1.136874363436E+18,  1.529980530009E+21,  8.756944724562E+19,  1.057365404207E+13,  2.168763559781E+02,  6.114671769010E+01,  1.457296362680E+02,NaN,  9.999999986349E+00,NaN,  2.033691050065E-06,  3.474445287721E-02,NaN,  3.504050000000E+06,  4.266430786783E-07
  3.129045686271E-02,  3.578819408282E+03,  3.599999080473E+03,  1.837917569758E+04,  5.998459031014E+04,  9.918599818371E+02,  9.305227113478E-01,NaN,NaN,  4.839968052226E-03,  4.084979073623E+15,  6.612799945946E+19,  2.067844023309E+20,  1.136875100060E+18,  1.529980527197E+21,  8.756944931398E+19,  1.057365189466E+13,  2.168763611245E+02,  6.114672125192E+01,  1.457296378533E+02,NaN,  9.999999985576E+00,NaN,  2.033690637042E-06,  3.474445267030E-02,NaN,  3.504050000000E+06,  4.266431074531E-07
  3.296823866722E-02,  3.577970309400E+03,  3.599998975841E+03,  1.936799434413E+04,  5.989774591542E+04,  9.918599818371E+02,  9.305226671988E-01,NaN,NaN,  4.776973671388E-03,  4.084981728826E+15,  6.612799708141E+19,  2.067844047056E+20,  1.136875877698E+18,  1.529980524229E+21,  8.756945149772E+19,  1.057364974726E+13,  2.168763665574E+02,  6.114672501206E+01,  1.457296395268E+02,NaN,  9.999999984804E+00,NaN,  2.033690224020E-06,  3.474445245186E-02,NaN,  3.504050000000E+06,  4.266431378299E-07
  3.464602047173E-02,  3.577143828787E+03,  3.599998865765E+03,  2.034274713170E+04,  5.981331566625E+04,  9.918599818371E+02,  9.305226207532E-01,NaN,NaN,  4.718691860432E-03,  4.084984522156E+15,  6.612799457965E+19,  2.067844072038E+20,  1.136876695789E+18,  1.529980521107E+21,  8.756945379528E+19,  1.057364759986E+13,  2.168763722730E+02,  6.114672896780E+01,  1.457296412874E+02,NaN,  9.999999984031E+00,NaN,  2.033689810998E-06,  3.474445222205E-02,NaN,  3.504050000000E+06,  4.266431697870E-07
  4.000637621329E-02,  3.574650618489E+03,  3.599998478569E+03,  2.335368365537E+04,  5.955921960641E+04,  9.918599818371E+02,  9.305224573786E-01,NaN,NaN,  4.558638967208E-03,  4.084994347833E+15,  6.612798577967E+19,  2.067844159917E+20,  1.136879573466E+18,  1.529980510125E+21,  8.756946187838E+19,  1.057363954709E+13,  2.168763923783E+02,  6.114674288239E+01,  1.457296474807E+02,NaN,  9.999999981564E+00,NaN,  2.033688262164E-06,  3.474445141367E-02,NaN,  3.504050000000E+06,  4.266432821975E-07
  4.252458499191E-02,  3.573554222102E+03,  3.599998278589E+03,  2.470990486574E+04,  5.944776542711E+04,  9.918599818371E+02,  9.305223729984E-01,NaN,NaN,  4.494757784283E-03,  4.084999422633E+15,  6.612798123465E+19,  2.067844205306E+20,  1.136881059739E+18,  1.529980504453E+21,  8.756946605378E+19,  1.057363525229E+13,  2.168764027626E+02,  6.114675006907E+01,  1.457296506794E+02,NaN,  9.999999980404E+00,NaN,  2.033687436120E-06,  3.474445099613E-02,NaN,  3.504050000000E+06,  4.266433402557E-07
  4.504279377054E-02,  3.572503802988E+03,  3.599998067487E+03,  2.602693891220E+04,  5.934114816651E+04,  9.918599818371E+02,  9.305222839252E-01,NaN,NaN,  4.436784182831E-03,  4.085004779677E+15,  6.612797643687E+19,  2.067844253220E+20,  1.136882628673E+18,  1.529980498466E+21,  8.756947046174E+19,  1.057363095748E+13,  2.168764137245E+02,  6.114675765546E+01,  1.457296540561E+02,NaN,  9.999999979245E+00,NaN,  2.033686610075E-06,  3.474445055536E-02,NaN,  3.504050000000E+06,  4.266434015429E-07
  4.756100254916E-02,  3.571497948516E+03,  3.599997845592E+03,  2.730389790054E+04,  5.923920355808E+04,  9.918599818371E+02,  9.305221902983E-01,NaN,NaN,  4.383973605463E-03,  4.085010410591E+15,  6.612797139382E+19,  2.067844303584E+20,  1.136884277817E+18,  1.529980492173E+21,  8.756947509537E+19,  1.057362612583E+13,  2.168764252469E+02,  6.114676562970E+01,  1.457296576054E+02,NaN,  9.999999978086E+00,NaN,  2.033685680775E-06,  3.474445009205E-02,NaN,  3.504050000000E+06,  4.266434659633E-07
  5.007921132778E-02,  3.570535228143E+03,  3.599997613242E+03,  2.854022824540E+04,  5.914176727847E+04,  9.918599818371E+02,  9.305220922595E-01,NaN,NaN,  4.335705249062E-03,  4.085016306846E+15,  6.612796611314E+19,  2.067844356321E+20,  1.136886004673E+18,  1.529980485583E+21,  8.756947994764E+19,  1.057362156259E+13,  2.168764373124E+02,  6.114677397972E+01,  1.457296613220E+02,NaN,  9.999999976926E+00,NaN,  2.033684803103E-06,  3.474444960690E-02,NaN,  3.504050000000E+06,  4.266435334194E-07
  5.259742010640E-02,  3.569614203927E+03,  3.599997370774E+03,  2.973566123546E+04,  5.904867592326E+04,  9.918599818371E+02,  9.305219899520E-01,NaN,NaN,  4.291456636772E-03,  4.085022459829E+15,  6.612796060255E+19,  2.067844411355E+20,  1.136887806717E+18,  1.529980478707E+21,  8.756948501144E+19,  1.057361646251E+13,  2.168764499033E+02,  6.114678269331E+01,  1.457296652005E+02,NaN,  9.999999975767E+00,NaN,  2.033683822175E-06,  3.474444910062E-02,NaN,  3.504050000000E+06,  4.266436038126E-07
  5.763383766365E-02,  3.567891503534E+03,  3.599996856851E+03,  3.200393919318E+04,  5.887488330041E+04,  9.918599818371E+02,  9.305217731054E-01,NaN,NaN,  4.213308965320E-03,  4.085035501435E+15,  6.612794892257E+19,  2.067844528003E+20,  1.136891626256E+18,  1.529980464134E+21,  8.756949574521E+19,  1.057360572550E+13,  2.168764765906E+02,  6.114680116230E+01,  1.457296734212E+02,NaN,  9.999999973449E+00,NaN,  2.033681757064E-06,  3.474444802751E-02,NaN,  3.504050000000E+06,  4.266437530150E-07
  6.267025522090E-02,  3.566318477285E+03,  3.599996306528E+03,  3.411082565382E+04,  5.871656177025E+04,  9.918599818371E+02,  9.305215409007E-01,NaN,NaN,  4.146685989249E-03,  4.085049466717E+15,  6.612793641539E+19,  2.067844652914E+20,  1.136895716315E+18,  1.529980448529E+21,  8.756950724007E+19,  1.057359391478E+13,  2.168765051684E+02,  6.114682093941E+01,  1.457296822242E+02,NaN,  9.999999971130E+00,NaN,  2.033679485441E-06,  3.474444687837E-02,NaN,  3.504050000000E+06,  4.266439127849E-07
  6.770667277814E-02,  3.564884046907E+03,  3.599995722459E+03,  3.606080850693E+04,  5.857249761726E+04,  9.918599818371E+02,  9.305212944564E-01,NaN,NaN,  4.089454546921E-03,  4.085064288395E+15,  6.612792314126E+19,  2.067844785486E+20,  1.136900057192E+18,  1.529980431967E+21,  8.756951944060E+19,  1.057358183564E+13,  2.168765354990E+02,  6.114684192934E+01,  1.457296915671E+02,NaN,  9.999999968811E+00,NaN,  2.033677162191E-06,  3.474444565874E-02,NaN,  3.504050000000E+06,  4.266440823525E-07
  7.274309033539E-02,  3.563577551618E+03,  3.599995107203E+03,  3.786003825053E+04,  5.844153715250E+04,  9.918599818371E+02,  9.305210348536E-01,NaN,NaN,  4.039978312894E-03,  4.085079901463E+15,  6.612790915839E+19,  2.067844925138E+20,  1.136904629848E+18,  1.529980414521E+21,  8.756953229322E+19,  1.057356921964E+13,  2.168765674492E+02,  6.114686404004E+01,  1.457297014089E+02,NaN,  9.999999966493E+00,NaN,  2.033674735685E-06,  3.474444437398E-02,NaN,  3.504050000000E+06,  4.266442609740E-07
  7.777950789263E-02,  3.562388830665E+03,  3.599994463211E+03,  3.951577101360E+04,  5.832259238434E+04,  9.918599818371E+02,  9.305207631257E-01,NaN,NaN,  3.996977729241E-03,  4.085096243761E+15,  6.612789452247E+19,  2.067845071313E+20,  1.136909416077E+18,  1.529980396261E+21,  8.756954574672E+19,  1.057355552995E+13,  2.168766008918E+02,  6.114688718349E+01,  1.457297117105E+02,NaN,  9.999999964174E+00,NaN,  2.033672102669E-06,  3.474444302919E-02,NaN,  3.504050000000E+06,  4.266444479385E-07
  8.281592544988E-02,  3.561308275440E+03,  3.599993792806E+03,  4.103594215830E+04,  5.821464387405E+04,  9.918599818371E+02,  9.305204802527E-01,NaN,NaN,  3.959435665182E-03,  4.085113256351E+15,  6.612787928626E+19,  2.067845223483E+20,  1.136914398620E+18,  1.529980377253E+21,  8.756955975254E+19,  1.057354184025E+13,  2.168766357063E+02,  6.114691127620E+01,  1.457297224346E+02,NaN,  9.999999961855E+00,NaN,  2.033669469652E-06,  3.474444162923E-02,NaN,  3.504050000000E+06,  4.266446425716E-07
  8.785234300713E-02,  3.560326857493E+03,  3.599993098174E+03,  4.242884260978E+04,  5.811674143463E+04,  9.918599818371E+02,  9.305201871576E-01,NaN,NaN,  3.926532062075E-03,  4.085130883728E+15,  6.612786349948E+19,  2.067845381154E+20,  1.136919561220E+18,  1.529980357557E+21,  8.756957426494E+19,  1.057352734528E+13,  2.168766717791E+02,  6.114693623959E+01,  1.457297335463E+02,NaN,  9.999999959537E+00,NaN,  2.033666681751E-06,  3.474444017866E-02,NaN,  3.504050000000E+06,  4.266448442384E-07
  9.585395436772E-02,  3.558950953031E+03,  3.599991949745E+03,  4.440074060827E+04,  5.797971292522E+04,  9.918599818371E+02,  9.305197025858E-01,NaN,NaN,  3.882191689616E-03,  4.085160026938E+15,  6.612783739935E+19,  2.067845641830E+20,  1.136928096512E+18,  1.529980324996E+21,  8.756959825900E+19,  1.057350345542E+13,  2.168767314182E+02,  6.114697751143E+01,  1.457297519173E+02,NaN,  9.999999955853E+00,NaN,  2.033662086879E-06,  3.474443778043E-02,NaN,  3.504050000000E+06,  4.266451776529E-07
  1.038555657283E-01,  3.557773359436E+03,  3.599990752783E+03,  4.610571736192E+04,  5.786264243606E+04,  9.918599818371E+02,  9.305191975357E-01,NaN,NaN,  3.845793151131E-03,  4.085190401763E+15,  6.612781019624E+19,  2.067845913524E+20,  1.136936992519E+18,  1.529980291059E+21,  8.756962326791E+19,  1.057347876029E+13,  2.168767935780E+02,  6.114702052752E+01,  1.457297710647E+02,NaN,  9.999999952169E+00,NaN,  2.033657337123E-06,  3.474443528082E-02,NaN,  3.504050000000E+06,  4.266455251582E-07
  1.118571770889E-01,  3.556766843053E+03,  3.599989513924E+03,  4.757530430749E+04,  5.776272951185E+04,  9.918599818371E+02,  9.305186748073E-01,NaN,NaN,  3.815744750352E-03,  4.085221839813E+15,  6.612778204096E+19,  2.067846194729E+20,  1.136946199924E+18,  1.529980255934E+21,  8.756964915293E+19,  1.057345272302E+13,  2.168768579139E+02,  6.114706504938E+01,  1.457297908824E+02,NaN,  9.999999948486E+00,NaN,  2.033652329228E-06,  3.474443269370E-02,NaN,  3.504050000000E+06,  4.266458848280E-07
  1.198587884495E-01,  3.555907508798E+03,  3.599988238998E+03,  4.883872933640E+04,  5.767753409812E+04,  9.918599818371E+02,  9.305181368610E-01,NaN,NaN,  3.790824809647E-03,  4.085254193113E+15,  6.612775306602E+19,  2.067846484122E+20,  1.136955675391E+18,  1.529980219787E+21,  8.756967579213E+19,  1.057342614891E+13,  2.168769241230E+02,  6.114711086746E+01,  1.457298112771E+02,NaN,  9.999999944802E+00,NaN,  2.033647218077E-06,  3.474443003124E-02,NaN,  3.504050000000E+06,  4.266462549693E-07
  1.278603998101E-01,  3.555174513139E+03,  3.599986933098E+03,  4.992258332849E+04,  5.760494017179E+04,  9.918599818371E+02,  9.305175858457E-01,NaN,NaN,  3.770080618463E-03,  4.085287332422E+15,  6.612772338717E+19,  2.067846780545E+20,  1.136965381068E+18,  1.529980182762E+21,  8.756970307902E+19,  1.057339903795E+13,  2.168769919408E+02,  6.114715779874E+01,  1.457298321673E+02,NaN,  9.999999941118E+00,NaN,  2.033642003671E-06,  3.474442730409E-02,NaN,  3.504050000000E+06,  4.266466341036E-07
  1.361277852664E-01,  3.554530678809E+03,  3.599985555985E+03,  5.087913313052E+04,  5.754123227585E+04,  9.918599818371E+02,  9.305170047821E-01,NaN,NaN,  3.752235393805E-03,  4.085322278916E+15,  6.612769208986E+19,  2.067847093134E+20,  1.136975616033E+18,  1.529980143718E+21,  8.756973185439E+19,  1.057337031643E+13,  2.168770634571E+02,  6.114720728938E+01,  1.457298541967E+02,NaN,  9.999999937312E+00,NaN,  2.033636479499E-06,  3.474442442820E-02,NaN,  3.504050000000E+06,  4.266470339139E-07
  1.446609448186E-01,  3.553969116399E+03,  3.599984109339E+03,  5.171676952313E+04,  5.748570555602E+04,  9.918599818371E+02,  9.305163943797E-01,NaN,NaN,  3.736949777186E-03,  4.085358989924E+15,  6.612765921231E+19,  2.067847421507E+20,  1.136986367790E+18,  1.529980102704E+21,  8.756976208309E+19,  1.057333998436E+13,  2.168771385845E+02,  6.114725927897E+01,  1.457298773385E+02,NaN,  9.999999933384E+00,NaN,  2.033630645559E-06,  3.474442140709E-02,NaN,  3.504050000000E+06,  4.266474539121E-07
  1.531941043707E-01,  3.553496132086E+03,  3.599982640956E+03,  5.242454549272E+04,  5.743896416482E+04,  9.918599818371E+02,  9.305157748054E-01,NaN,NaN,  3.724273342160E-03,  4.085396252560E+15,  6.612762584075E+19,  2.067847754814E+20,  1.136997281116E+18,  1.529980061073E+21,  8.756979276636E+19,  1.057330965229E+13,  2.168772148410E+02,  6.114731204984E+01,  1.457299008281E+02,NaN,  9.999999929455E+00,NaN,  2.033624811620E-06,  3.474441834057E-02,NaN,  3.504050000000E+06,  4.266478802220E-07
  1.643982383839E-01,  3.552986754830E+03,  3.599980685546E+03,  5.318889097024E+04,  5.738864998200E+04,  9.918599818371E+02,  9.305149497334E-01,NaN,NaN,  3.710822042043E-03,  4.085445874328E+15,  6.612758140065E+19,  2.067848198672E+20,  1.137011814149E+18,  1.529980005634E+21,  8.756983362698E+19,  1.057326885163E+13,  2.168773163902E+02,  6.114738232366E+01,  1.457299321086E+02,NaN,  9.999999924297E+00,NaN,  2.033616964197E-06,  3.474441425695E-02,NaN,  3.504050000000E+06,  4.266484479300E-07
  1.763946041146E-01,  3.552555257878E+03,  3.599978563909E+03,  5.383781990691E+04,  5.734604252525E+04,  9.918599818371E+02,  9.305140545233E-01,NaN,NaN,  3.699590467711E-03,  4.085499714396E+15,  6.612753318276E+19,  2.067848680263E+20,  1.137027582643E+18,  1.529979945482E+21,  8.756987796159E+19,  1.057322482987E+13,  2.168774265722E+02,  6.114745857153E+01,  1.457299660483E+02,NaN,  9.999999918774E+00,NaN,  2.033608497240E-06,  3.474440982616E-02,NaN,  3.504050000000E+06,  4.266490638998E-07
  1.865122271018E-01,  3.552264552126E+03,  3.599976756564E+03,  5.427554110154E+04,  5.731734014884E+04,  9.918599818371E+02,  9.305132919264E-01,NaN,NaN,  3.692109826542E-03,  4.085545578807E+15,  6.612749210768E+19,  2.067849090512E+20,  1.137041015270E+18,  1.529979894241E+21,  8.756991572896E+19,  1.057318698189E+13,  2.168775204325E+02,  6.114752352445E+01,  1.457299949604E+02,NaN,  9.999999914116E+00,NaN,  2.033601217723E-06,  3.474440605172E-02,NaN,  3.504050000000E+06,  4.266495886236E-07
  1.966298500890E-01,  3.552027741287E+03,  3.599974935986E+03,  5.463223178754E+04,  5.729395679473E+04,  9.918599818371E+02,  9.305125237457E-01,NaN,NaN,  3.686069764048E-03,  4.085591779055E+15,  6.612745073185E+19,  2.067849503766E+20,  1.137054546273E+18,  1.529979842626E+21,  8.756995377310E+19,  1.057314913391E+13,  2.168776149802E+02,  6.114758895308E+01,  1.457300240841E+02,NaN,  9.999999909459E+00,NaN,  2.033593938206E-06,  3.474440224964E-02,NaN,  3.504050000000E+06,  4.266501171907E-07
  2.067474730762E-01,  3.551834832823E+03,  3.599973104628E+03,  5.492269231682E+04,  5.727490329210E+04,  9.918599818371E+02,  9.305117510167E-01,NaN,NaN,  3.681187739553E-03,  4.085638252875E+15,  6.612740911102E+19,  2.067849919468E+20,  1.137068157414E+18,  1.529979790704E+21,  8.756999204273E+19,  1.057311101750E+13,  2.168777100879E+02,  6.114765476924E+01,  1.457300533803E+02,NaN,  9.999999904801E+00,NaN,  2.033586607060E-06,  3.474439842504E-02,NaN,  3.504050000000E+06,  4.266506488889E-07
  2.219239075570E-01,  3.551610356804E+03,  3.599970341660E+03,  5.526019689158E+04,  5.725271843231E+04,  9.918599818371E+02,  9.305105852013E-01,NaN,NaN,  3.675555785549E-03,  4.085708367913E+15,  6.612734631769E+19,  2.067850546636E+20,  1.137088692570E+18,  1.529979712370E+21,  8.757004978042E+19,  1.057305357447E+13,  2.168778535772E+02,  6.114775406626E+01,  1.457300975795E+02,NaN,  9.999999897814E+00,NaN,  2.033575558715E-06,  3.474439265484E-02,NaN,  3.504050000000E+06,  4.266514510641E-07
  2.371003420378E-01,  3.551445168275E+03,  3.599967564139E+03,  5.550774633818E+04,  5.723637383285E+04,  9.918599818371E+02,  9.305094132451E-01,NaN,NaN,  3.671452654318E-03,  4.085778852312E+15,  6.612728319359E+19,  2.067851177109E+20,  1.137109335941E+18,  1.529979633623E+21,  8.757010782259E+19,  1.057299586301E+13,  2.168779978225E+02,  6.114785388658E+01,  1.457301420116E+02,NaN,  9.999999890827E+00,NaN,  2.033564458742E-06,  3.474438685424E-02,NaN,  3.504050000000E+06,  4.266522574679E-07
  2.522767765187E-01,  3.551323462950E+03,  3.599964775947E+03,  5.568916730770E+04,  5.722431057761E+04,  9.918599818371E+02,  9.305082367867E-01,NaN,NaN,  3.668460572621E-03,  4.085849607528E+15,  6.612721982695E+19,  2.067851810004E+20,  1.137130058666E+18,  1.529979554574E+21,  8.757016608804E+19,  1.057293761470E+13,  2.168781426224E+02,  6.114795409067E+01,  1.457301866144E+02,NaN,  9.999999883840E+00,NaN,  2.033553255513E-06,  3.474438103133E-02,NaN,  3.504050000000E+06,  4.266530669728E-07
  2.674532109995E-01,  3.551233631313E+03,  3.599961979939E+03,  5.582203365009E+04,  5.721538447872E+04,  9.918599818371E+02,  9.305070570299E-01,NaN,NaN,  3.666277468724E-03,  4.085920561165E+15,  6.612715628261E+19,  2.067852444675E+20,  1.137150839541E+18,  1.529979475303E+21,  8.757022451713E+19,  1.057287936639E+13,  2.168782878286E+02,  6.114805457599E+01,  1.457302313422E+02,NaN,  9.999999876854E+00,NaN,  2.033542052284E-06,  3.474437519209E-02,NaN,  3.504050000000E+06,  4.266538787505E-07
  2.826296454803E-01,  3.551167153785E+03,  3.599959178207E+03,  5.591927991796E+04,  5.720875639704E+04,  9.918599818371E+02,  9.305058748582E-01,NaN,NaN,  3.664684217514E-03,  4.085991660085E+15,  6.612709260817E+19,  2.067853080645E+20,  1.137171663005E+18,  1.529979395869E+21,  8.757028306606E+19,  1.057282111808E+13,  2.168784333324E+02,  6.114815526729E+01,  1.457302761617E+02,NaN,  9.999999869867E+00,NaN,  2.033530849055E-06,  3.474436934087E-02,NaN,  3.504050000000E+06,  4.266546921933E-07
  2.978060799611E-01,  3.551117782807E+03,  3.599956372287E+03,  5.599041161236E+04,  5.720381125464E+04,  9.918599818371E+02,  9.305046909194E-01,NaN,NaN,  3.663521483541E-03,  4.086062865321E+15,  6.612702883851E+19,  2.067853717566E+20,  1.137192517645E+18,  1.529979316317E+21,  8.757034170272E+19,  1.057276260135E+13,  2.168785790540E+02,  6.114825610939E+01,  1.457303210482E+02,NaN,  9.999999862880E+00,NaN,  2.033519594199E-06,  3.474436348089E-02,NaN,  3.504050000000E+06,  4.266555068553E-07
  3.182460688414E-01,  3.551070445056E+03,  3.599952588525E+03,  5.605694932093E+04,  5.719903531943E+04,  9.918599818371E+02,  9.305030943867E-01,NaN,NaN,  3.662436237745E-03,  4.086158885130E+15,  6.612694284554E+19,  2.067854576450E+20,  1.137220640054E+18,  1.529979209040E+21,  8.757042077416E+19,  1.057268395271E+13,  2.168787755590E+02,  6.114839209467E+01,  1.457303815774E+02,NaN,  9.999999853470E+00,NaN,  2.033504467258E-06,  3.474435557874E-02,NaN,  3.504050000000E+06,  4.266566054262E-07
  3.413178349215E-01,  3.551034783245E+03,  3.599948313249E+03,  5.610489121456E+04,  5.719539227493E+04,  9.918599818371E+02,  9.305012904630E-01,NaN,NaN,  3.661656257894E-03,  4.086267378092E+15,  6.612684568192E+19,  2.067855546905E+20,  1.137252415701E+18,  1.529979087828E+21,  8.757051011748E+19,  1.057259483548E+13,  2.168789975909E+02,  6.114854574519E+01,  1.457304499694E+02,NaN,  9.999999842849E+00,NaN,  2.033487326834E-06,  3.474434665005E-02,NaN,  3.504050000000E+06,  4.266578467096E-07
  3.643896010016E-01,  3.551011089860E+03,  3.599944035070E+03,  5.613453159411E+04,  5.719292624348E+04,  9.918599818371E+02,  9.304994853148E-01,NaN,NaN,  3.661175466265E-03,  4.086375944802E+15,  6.612674845226E+19,  2.067856518019E+20,  1.137284213035E+18,  1.529978966534E+21,  8.757059952187E+19,  1.057250571825E+13,  2.168792197743E+02,  6.114869950068E+01,  1.457305184079E+02,NaN,  9.999999832227E+00,NaN,  2.033470186411E-06,  3.474433771528E-02,NaN,  3.504050000000E+06,  4.266590888434E-07
  3.874613670817E-01,  3.550994845260E+03,  3.599939755101E+03,  5.615277848491E+04,  5.719119270148E+04,  9.918599818371E+02,  9.304976794108E-01,NaN,NaN,  3.660880670142E-03,  4.086484557065E+15,  6.612665118180E+19,  2.067857489541E+20,  1.137316023800E+18,  1.529978845188E+21,  8.757068896410E+19,  1.057241660102E+13,  2.168794420514E+02,  6.114885332121E+01,  1.457305868751E+02,NaN,  9.999999821605E+00,NaN,  2.033453045987E-06,  3.474432877673E-02,NaN,  3.504050000000E+06,  4.266603315049E-07
  4.105331331617E-01,  3.550983236025E+03,  3.599935474032E+03,  5.616393402147E+04,  5.718991496760E+04,  9.918599818371E+02,  9.304958730430E-01,NaN,NaN,  3.660701537573E-03,  4.086593197329E+15,  6.612655388626E+19,  2.067858461314E+20,  1.137347842854E+18,  1.529978723810E+21,  8.757077842971E+19,  1.057232775222E+13,  2.168796643864E+02,  6.114900718193E+01,  1.457306553600E+02,NaN,  9.999999810984E+00,NaN,  2.033435957191E-06,  3.474431983585E-02,NaN,  3.504050000000E+06,  4.266615744933E-07
  4.336048992418E-01,  3.550974511166E+03,  3.599931192294E+03,  5.617067648493E+04,  5.718892085542E+04,  9.918599818371E+02,  9.304940663929E-01,NaN,NaN,  3.660594345805E-03,  4.086701854671E+15,  6.612645657543E+19,  2.067859433239E+20,  1.137379666999E+18,  1.529978602413E+21,  8.757086790970E+19,  1.057223863499E+13,  2.168798867568E+02,  6.114916106736E+01,  1.457307238557E+02,NaN,  9.999999800363E+00,NaN,  2.033418816767E-06,  3.474431089355E-02,NaN,  3.504050000000E+06,  4.266628176837E-07
  4.570180013731E-01,  3.550967488619E+03,  3.599926846801E+03,  5.617471652332E+04,  5.718809211539E+04,  9.918599818371E+02,  9.304922328417E-01,NaN,NaN,  3.660531233501E-03,  4.086812130036E+15,  6.612635781554E+19,  2.067860419637E+20,  1.137411965129E+18,  1.529978479208E+21,  8.757095872246E+19,  1.057214790720E+13,  2.168801124391E+02,  6.114931724484E+01,  1.457307933713E+02,NaN,  9.999999789584E+00,NaN,  2.033401366576E-06,  3.474430181806E-02,NaN,  3.504050000000E+06,  4.266640793931E-07
  4.804311035045E-01,  3.550961608688E+03,  3.599922501069E+03,  5.617700822326E+04,  5.718737572822E+04,  9.918599818371E+02,  9.304903991893E-01,NaN,NaN,  3.660496607076E-03,  4.086922411584E+15,  6.612625905011E+19,  2.067861406091E+20,  1.137444265162E+18,  1.529978355995E+21,  8.757104954063E+19,  1.057205771627E+13,  2.168803381346E+02,  6.114947343162E+01,  1.457308628908E+02,NaN,  9.999999778805E+00,NaN,  2.033384019641E-06,  3.474429274204E-02,NaN,  3.504050000000E+06,  4.266653411801E-07
  5.155507567015E-01,  3.550954022929E+03,  3.599915982244E+03,  5.617855740284E+04,  5.718642250200E+04,  9.918599818371E+02,  9.304876486156E-01,NaN,NaN,  3.660475430970E-03,  4.087087839835E+15,  6.612611089666E+19,  2.067862885824E+20,  1.137492717118E+18,  1.529978171169E+21,  8.757118577337E+19,  1.057192189303E+13,  2.168806766910E+02,  6.114970772120E+01,  1.457309671738E+02,NaN,  9.999999762637E+00,NaN,  2.033357895983E-06,  3.474427912748E-02,NaN,  3.504050000000E+06,  4.266672339410E-07
  5.506704098985E-01,  3.550947227473E+03,  3.599909463318E+03,  5.617889738032E+04,  5.718554699217E+04,  9.918599818371E+02,  9.304848979991E-01,NaN,NaN,  3.660473952634E-03,  4.087253270892E+15,  6.612596274069E+19,  2.067864365583E+20,  1.137541170101E+18,  1.529977986338E+21,  8.757132200912E+19,  1.057178606978E+13,  2.168810152544E+02,  6.114994201598E+01,  1.457310714586E+02,NaN,  9.999999746470E+00,NaN,  2.033331772325E-06,  3.474426551264E-02,NaN,  3.504050000000E+06,  4.266691267492E-07
  5.809953470652E-01,  3.550941677319E+03,  3.599903834386E+03,  5.617870512838E+04,  5.718482224330E+04,  9.918599818371E+02,  9.304825229095E-01,NaN,NaN,  3.660480589772E-03,  4.087396116719E+15,  6.612583481150E+19,  2.067865643319E+20,  1.137583008278E+18,  1.529977826741E+21,  8.757143964606E+19,  1.057166903631E+13,  2.168813075969E+02,  6.115014432499E+01,  1.457311615061E+02,NaN,  9.999999732509E+00,NaN,  2.033309262612E-06,  3.474425375650E-02,NaN,  3.504050000000E+06,  4.266707611568E-07
  6.182321192672E-01,  3.550935062116E+03,  3.599896922521E+03,  5.617816319682E+04,  5.718395197955E+04,  9.918599818371E+02,  9.304796064952E-01,NaN,NaN,  3.660493722056E-03,  4.087571519873E+15,  6.612567772477E+19,  2.067867212277E+20,  1.137634382395E+18,  1.529977630767E+21,  8.757158409546E+19,  1.057152516030E+13,  2.168816665711E+02,  6.115039274539E+01,  1.457312720771E+02,NaN,  9.999999715367E+00,NaN,  2.033281590121E-06,  3.474423932086E-02,NaN,  3.504050000000E+06,  4.266727680930E-07
  6.554688914693E-01,  3.550928554321E+03,  3.599890010734E+03,  5.617745707222E+04,  5.718309228988E+04,  9.918599818371E+02,  9.304766901139E-01,NaN,NaN,  3.660509529136E-03,  4.087746921309E+15,  6.612552063959E+19,  2.067868781219E+20,  1.137685756238E+18,  1.529977434795E+21,  8.757172854424E+19,  1.057138128429E+13,  2.168820255432E+02,  6.115064116472E+01,  1.457313826470E+02,NaN,  9.999999698224E+00,NaN,  2.033253917629E-06,  3.474422488531E-02,NaN,  3.504050000000E+06,  4.266747750265E-07
  7.053951107751E-01,  3.550919902921E+03,  3.599880743713E+03,  5.617639717883E+04,  5.718194694526E+04,  9.918599818371E+02,  9.304727799576E-01,NaN,NaN,  3.660532566237E-03,  4.087982092287E+15,  6.612531002627E+19,  2.067870884792E+20,  1.137754636521E+18,  1.529977172041E+21,  8.757192221644E+19,  1.057118828644E+13,  2.168825068403E+02,  6.115097423721E+01,  1.457315308946E+02,NaN,  9.999999675240E+00,NaN,  2.033216797253E-06,  3.474420553062E-02,NaN,  3.504050000000E+06,  4.266774658667E-07
  7.680107771846E-01,  3.550909098644E+03,  3.599869121604E+03,  5.617499793504E+04,  5.718051505316E+04,  9.918599818371E+02,  9.304678760878E-01,NaN,NaN,  3.660562598874E-03,  4.088277029475E+15,  6.612504588782E+19,  2.067873522965E+20,  1.137841022585E+18,  1.529976842508E+21,  8.757216511039E+19,  1.057094643516E+13,  2.168831104573E+02,  6.115139196004E+01,  1.457317168177E+02,NaN,  9.999999646414E+00,NaN,  2.033170280621E-06,  3.474418125699E-02,NaN,  3.504050000000E+06,  4.266808405987E-07
  8.306264435942E-01,  3.550898307392E+03,  3.599857499788E+03,  5.617357922904E+04,  5.717908448139E+04,  9.918599818371E+02,  9.304629723414E-01,NaN,NaN,  3.660592949275E-03,  4.088571959989E+15,  6.612478175534E+19,  2.067876161079E+20,  1.137927407346E+18,  1.529976512981E+21,  8.757240800109E+19,  1.057070431546E+13,  2.168837140646E+02,  6.115180967729E+01,  1.457319027366E+02,NaN,  9.999999617589E+00,NaN,  2.033123712361E-06,  3.474415698376E-02,NaN,  3.504050000000E+06,  4.266842153026E-07
  8.932421100037E-01,  3.550887521487E+03,  3.599845878266E+03,  5.617215281063E+04,  5.717765447503E+04,  9.918599818371E+02,  9.304580687193E-01,NaN,NaN,  3.660623426043E-03,  4.088866883782E+15,  6.612451762888E+19,  2.067878799132E+20,  1.138013790791E+18,  1.529976183457E+21,  8.757265088851E+19,  1.057046246418E+13,  2.168843176621E+02,  6.115222738889E+01,  1.457320886513E+02,NaN,  9.999999588763E+00,NaN,  2.033077195729E-06,  3.474413271091E-02,NaN,  3.504050000000E+06,  4.266875899778E-07
  9.558577764132E-01,  3.550876737271E+03,  3.599834257039E+03,  5.617072427726E+04,  5.717622467448E+04,  9.918599818371E+02,  9.304531652219E-01,NaN,NaN,  3.660653937993E-03,  4.089161800831E+15,  6.612425350846E+19,  2.067881437125E+20,  1.138100172913E+18,  1.529975853939E+21,  8.757289377264E+19,  1.057022034448E+13,  2.168849212496E+02,  6.115264509482E+01,  1.457322745618E+02,NaN,  9.999999559938E+00,NaN,  2.033030627469E-06,  3.474410843845E-02,NaN,  3.504050000000E+06,  4.266909646242E-07
  1.018473442823E+00,  3.550865953651E+03,  3.599822636108E+03,  5.616929530105E+04,  5.717479497228E+04,  9.918599818371E+02,  9.304482618492E-01,NaN,NaN,  3.660684457886E-03,  4.089456711130E+15,  6.612398939409E+19,  2.067884075058E+20,  1.138186553711E+18,  1.529975524425E+21,  8.757313665345E+19,  1.056997849320E+13,  2.168855248271E+02,  6.115306279506E+01,  1.457324604680E+02,NaN,  9.999999531112E+00,NaN,  2.032984110837E-06,  3.474408416638E-02,NaN,  3.504050000000E+06,  4.266943392415E-07
  1.096855821100E+00,  3.550852455508E+03,  3.599808089428E+03,  5.616750593289E+04,  5.717300540447E+04,  9.918599818371E+02,  9.304421239763E-01,NaN,NaN,  3.660722673104E-03,  4.089825870738E+15,  6.612365878387E+19,  2.067887377141E+20,  1.138294683447E+18,  1.529975111945E+21,  8.757344068733E+19,  1.056967597779E+13,  2.168862803723E+02,  6.115358566480E+01,  1.457326931796E+02,NaN,  9.999999495029E+00,NaN,  2.032925926326E-06,  3.474405378313E-02,NaN,  3.504050000000E+06,  4.266985635513E-07
  1.191004911243E+00,  3.550836242632E+03,  3.599790617277E+03,  5.616535693845E+04,  5.717085598795E+04,  9.918599818371E+02,  9.304347517211E-01,NaN,NaN,  3.660768571860E-03,  4.090269273268E+15,  6.612326168352E+19,  2.067891343317E+20,  1.138424560866E+18,  1.529974616504E+21,  8.757380587114E+19,  1.056931199296E+13,  2.168871878758E+02,  6.115421369864E+01,  1.457329726926E+02,NaN,  9.999999451687E+00,NaN,  2.032855919053E-06,  3.474401728906E-02,NaN,  3.504050000000E+06,  4.267036375261E-07
  1.285154001387E+00,  3.550820030245E+03,  3.599773145794E+03,  5.616320825620E+04,  5.716870670939E+04,  9.918599818371E+02,  9.304273797480E-01,NaN,NaN,  3.660814467174E-03,  4.090712660534E+15,  6.612286459684E+19,  2.067895309356E+20,  1.138554435290E+18,  1.529974121074E+21,  8.757417104747E+19,  1.056894827656E+13,  2.168880953568E+02,  6.115484171962E+01,  1.457332521960E+02,NaN,  9.999999408345E+00,NaN,  2.032785963407E-06,  3.474398079587E-02,NaN,  3.504050000000E+06,  4.267087114353E-07
  1.383216384263E+00,  3.550803144722E+03,  3.599754948823E+03,  5.616097027515E+04,  5.716646826368E+04,  9.918599818371E+02,  9.304197016598E-01,NaN,NaN,  3.660862271691E-03,  4.091174460897E+15,  6.612245101985E+19,  2.067899440098E+20,  1.138689704739E+18,  1.529973605062E+21,  8.757455139435E+19,  1.056856952833E+13,  2.168890405332E+02,  6.115549583053E+01,  1.457335433067E+02,NaN,  9.999999363203E+00,NaN,  2.032713116606E-06,  3.474394278680E-02,NaN,  3.504050000000E+06,  4.267139961710E-07
  1.540572182764E+00,  3.550776050796E+03,  3.599725750569E+03,  5.615737932198E+04,  5.716287668570E+04,  9.918599818371E+02,  9.304073816553E-01,NaN,NaN,  3.660938981303E-03,  4.091915454232E+15,  6.612178740454E+19,  2.067906068183E+20,  1.138906758065E+18,  1.529972777068E+21,  8.757516170100E+19,  1.056796181325E+13,  2.168905571595E+02,  6.115654542043E+01,  1.457340104157E+02,NaN,  9.999999290765E+00,NaN,  2.032596231306E-06,  3.474388179754E-02,NaN,  3.504050000000E+06,  4.267224761732E-07
  1.697927981265E+00,  3.550748958495E+03,  3.599696554182E+03,  5.615378884388E+04,  5.715928551845E+04,  9.918599818371E+02,  9.303950624385E-01,NaN,NaN,  3.661015687767E-03,  4.092656404938E+15,  6.612112382740E+19,  2.067912695887E+20,  1.139123803023E+18,  1.529971949103E+21,  8.757577198676E+19,  1.056735409817E+13,  2.168920737230E+02,  6.115759497442E+01,  1.457344774978E+02,NaN,  9.999999218328E+00,NaN,  2.032479346006E-06,  3.474382081076E-02,NaN,  3.504050000000E+06,  4.267309559923E-07
  1.855283779766E+00,  3.550721869704E+03,  3.599667359662E+03,  5.615019596072E+04,  5.715568989211E+04,  9.918599818371E+02,  9.303826768593E-01,NaN,NaN,  3.661092438029E-03,  4.093401347902E+15,  6.612045667498E+19,  2.067919359304E+20,  1.139342021576E+18,  1.529971116659E+21,  8.757638557718E+19,  1.056674638309E+13,  2.168935984831E+02,  6.115865020816E+01,  1.457349470967E+02,NaN,  9.999999145891E+00,NaN,  2.032362460706E-06,  3.474375949429E-02,NaN,  3.504050000000E+06,  4.267394356279E-07
  2.012639578267E+00,  3.550694784530E+03,  3.599638167011E+03,  5.614660050889E+04,  5.715209350322E+04,  9.918599818371E+02,  9.303702739595E-01,NaN,NaN,  3.661169234766E-03,  4.094147341410E+15,  6.611978858174E+19,  2.067926032118E+20,  1.139560552042E+18,  1.529970283024E+21,  8.757700004786E+19,  1.056613893643E+13,  2.168951254184E+02,  6.115970695484E+01,  1.457354173579E+02,NaN,  9.999999073454E+00,NaN,  2.032245627034E-06,  3.474369809027E-02,NaN,  3.504050000000E+06,  4.267479150797E-07
  2.169995376768E+00,  3.550667701438E+03,  3.599608976229E+03,  5.614300483902E+04,  5.714849757079E+04,  9.918599818371E+02,  9.303578718540E-01,NaN,NaN,  3.661246039665E-03,  4.094893291962E+15,  6.611912052698E+19,  2.067932704548E+20,  1.139779074099E+18,  1.529969449418E+21,  8.757761449758E+19,  1.056553095292E+13,  2.168966522906E+02,  6.116076366547E+01,  1.457358875920E+02,NaN,  9.999999001019E+00,NaN,  2.032128690107E-06,  3.474363668875E-02,NaN,  3.504050000000E+06,  4.267563943474E-07
  2.437191424684E+00,  3.550621716985E+03,  3.599559413469E+03,  5.613690046493E+04,  5.714239247840E+04,  9.918599818371E+02,  9.303368144329E-01,NaN,NaN,  3.661376448124E-03,  4.096159845576E+15,  6.611798623305E+19,  2.067944033705E+20,  1.140150113487E+18,  1.529968033991E+21,  8.757865780820E+19,  1.056449939415E+13,  2.168992448323E+02,  6.116255791716E+01,  1.457366860052E+02,NaN,  9.999998878022E+00,NaN,  2.031930284538E-06,  3.474353243236E-02,NaN,  3.504050000000E+06,  4.267707920402E-07
  2.623461626456E+00,  3.550589662112E+03,  3.599524865003E+03,  5.613264656090E+04,  5.713813708879E+04,  9.918599818371E+02,  9.303221360414E-01,NaN,NaN,  3.661467340897E-03,  4.097042723998E+15,  6.611719554909E+19,  2.067951930937E+20,  1.140408761589E+18,  1.529967047305E+21,  8.757938509488E+19,  1.056378055096E+13,  2.169010520615E+02,  6.116380868118E+01,  1.457372425562E+02,NaN,  9.999998792277E+00,NaN,  2.031792025336E-06,  3.474345975642E-02,NaN,  3.504050000000E+06,  4.267808287802E-07
  2.809731828229E+00,  3.550557609846E+03,  3.599490319155E+03,  5.612839282328E+04,  5.713388230805E+04,  9.918599818371E+02,  9.303074587623E-01,NaN,NaN,  3.661558237411E-03,  4.097925542258E+15,  6.611640491900E+19,  2.067959827630E+20,  1.140667397915E+18,  1.529966060660E+21,  8.758011235218E+19,  1.056306170776E+13,  2.169028592022E+02,  6.116505939470E+01,  1.457377990693E+02,NaN,  9.999998706534E+00,NaN,  2.031653766134E-06,  3.474338708396E-02,NaN,  3.504050000000E+06,  4.267908652624E-07
  2.996002030001E+00,  3.550525560153E+03,  3.599455775924E+03,  5.612413930468E+04,  5.712962813267E+04,  9.918599818371E+02,  9.302927825953E-01,NaN,NaN,  3.661649136807E-03,  4.098808300361E+15,  6.611561434279E+19,  2.067967723786E+20,  1.140926022466E+18,  1.529965074057E+21,  8.758083958011E+19,  1.056234259615E+13,  2.169046662546E+02,  6.116631005775E+01,  1.457383555445E+02,NaN,  9.999998620791E+00,NaN,  2.031515455304E-06,  3.474331441498E-02,NaN,  3.504050000000E+06,  4.268009014869E-07
  3.278561554472E+00,  3.550476947297E+03,  3.599403381135E+03,  5.611768819899E+04,  5.712317593639E+04,  9.918599818371E+02,  9.302705219478E-01,NaN,NaN,  3.661787017911E-03,  4.100147270944E+15,  6.611441519402E+19,  2.067979700703E+20,  1.141318316255E+18,  1.529963577524E+21,  8.758194268053E+19,  1.056125225221E+13,  2.169074072642E+02,  6.116820713415E+01,  1.457391996080E+02,NaN,  9.999998490727E+00,NaN,  2.031305743251E-06,  3.474320418762E-02,NaN,  3.504050000000E+06,  4.268161252805E-07
  3.561121078942E+00,  3.550428339634E+03,  3.599350992368E+03,  5.611123870426E+04,  5.711672506134E+04,  9.918599818371E+02,  9.302482638588E-01,NaN,NaN,  3.661924887584E-03,  4.101486103136E+15,  6.611321616919E+19,  2.067991676381E+20,  1.141710582952E+18,  1.529962081085E+21,  8.758304571337E+19,  1.056016190828E+13,  2.169101480705E+02,  6.117010409440E+01,  1.457400435843E+02,NaN,  9.999998360664E+00,NaN,  2.031096031198E-06,  3.474309396828E-02,NaN,  3.504050000000E+06,  4.268313484810E-07
  3.843680603413E+00,  3.550379737388E+03,  3.599298609622E+03,  5.610479047798E+04,  5.711027552910E+04,  9.918599818371E+02,  9.302260083279E-01,NaN,NaN,  3.662062751408E-03,  4.102824796965E+15,  6.611201726827E+19,  2.068003650822E+20,  1.142102822563E+18,  1.529960584741E+21,  8.758414867865E+19,  1.055907210120E+13,  2.169128886734E+02,  6.117200093852E+01,  1.457408874734E+02,NaN,  9.999998230603E+00,NaN,  2.030886422401E-06,  3.474298375695E-02,NaN,  3.504050000000E+06,  4.268465710884E-07
  4.289785656102E+00,  3.550303015195E+03,  3.599215919982E+03,  5.609461256198E+04,  5.710009574072E+04,  9.918599818371E+02,  9.301908764957E-01,NaN,NaN,  3.662280399532E-03,  4.104938045545E+15,  6.611012469536E+19,  2.068022553553E+20,  1.142722035437E+18,  1.529958222505E+21,  8.758588990303E+19,  1.055735149445E+13,  2.169172151241E+02,  6.117499544017E+01,  1.457422196281E+02,NaN,  9.999998025266E+00,NaN,  2.030555488314E-06,  3.474280977158E-02,NaN,  3.504050000000E+06,  4.268706033379E-07
  4.887790166175E+00,  3.550200190052E+03,  3.599105097920E+03,  5.608097414735E+04,  5.708645495584E+04,  9.918599818371E+02,  9.301437922171E-01,NaN,NaN,  3.662572132008E-03,  4.107770317797E+15,  6.610758818270E+19,  2.068047887857E+20,  1.143551985386E+18,  1.529955056295E+21,  8.758822375296E+19,  1.055504545193E+13,  2.169230139432E+02,  6.117900912036E+01,  1.457440050427E+02,NaN,  9.999997750019E+00,NaN,  2.030111954033E-06,  3.474257657526E-02,NaN,  3.504050000000E+06,  4.269028162873E-07
  5.312029363344E+00,  3.550127257528E+03,  3.599026494344E+03,  5.607130295433E+04,  5.707678143647E+04,  9.918599818371E+02,  9.301103964057E-01,NaN,NaN,  3.662779065385E-03,  4.109779226360E+15,  6.610578905410E+19,  2.068065857280E+20,  1.144140698905E+18,  1.529952810363E+21,  8.758987926048E+19,  1.055341020445E+13,  2.169271272170E+02,  6.118185620921E+01,  1.457452714233E+02,NaN,  9.999997554756E+00,NaN,  2.029797437581E-06,  3.474241116176E-02,NaN,  3.504050000000E+06,  4.269256673410E-07
  5.736268560513E+00,  3.550054337354E+03,  3.598947904324E+03,  5.606163437827E+04,  5.706711095373E+04,  9.918599818371E+02,  9.300770063534E-01,NaN,NaN,  3.662985989460E-03,  4.111787823390E+15,  6.610399020449E+19,  2.068083823916E+20,  1.144729351424E+18,  1.529950564645E+21,  8.759153461584E+19,  1.055177522540E+13,  2.169312400329E+02,  6.118470303653E+01,  1.457465376074E+02,NaN,  9.999997359497E+00,NaN,  2.029482972757E-06,  3.474224576632E-02,NaN,  3.504050000000E+06,  4.269485170588E-07
  6.160507757682E+00,  3.549981429384E+03,  3.598869327854E+03,  5.605196863538E+04,  5.705744349227E+04,  9.918599818371E+02,  9.300436220583E-01,NaN,NaN,  3.663192900687E-03,  4.113796108981E+15,  6.610219163380E+19,  2.068101787766E+20,  1.145317942960E+18,  1.529948319140E+21,  8.759318981909E+19,  1.055014078321E+13,  2.169353523911E+02,  6.118754960237E+01,  1.457478035953E+02,NaN,  9.999997164242E+00,NaN,  2.029168611189E-06,  3.474208038892E-02,NaN,  3.504050000000E+06,  4.269713654412E-07
  6.584746954850E+00,  3.549908533362E+03,  3.598790764930E+03,  5.604230610967E+04,  5.704777902599E+04,  9.918599818371E+02,  9.300102435186E-01,NaN,NaN,  3.663399792775E-03,  4.115804083229E+15,  6.610039334192E+19,  2.068119748832E+20,  1.145906473527E+18,  1.529946073848E+21,  8.759484487027E+19,  1.054850660943E+13,  2.169394642915E+02,  6.119039590679E+01,  1.457490693869E+02,NaN,  9.999996968990E+00,NaN,  2.028854301248E-06,  3.474191502956E-02,NaN,  3.504050000000E+06,  4.269942124884E-07
  7.008986152019E+00,  3.549835649424E+03,  3.598712215549E+03,  5.603264658517E+04,  5.703811756731E+04,  9.918599818371E+02,  9.299768707325E-01,NaN,NaN,  3.663606669231E-03,  4.117811746222E+15,  6.609859532880E+19,  2.068137707112E+20,  1.146494943142E+18,  1.529943828769E+21,  8.759649976940E+19,  1.054687270409E+13,  2.169435757343E+02,  6.119324194986E+01,  1.457503349822E+02,NaN,  9.999996773742E+00,NaN,  2.028540042935E-06,  3.474174968823E-02,NaN,  3.504050000000E+06,  4.270170582007E-07
  7.719455038124E+00,  3.549713618531E+03,  3.598580700051E+03,  5.601647658752E+04,  5.702194435790E+04,  9.918599818371E+02,  9.299209945624E-01,NaN,NaN,  3.663953088243E-03,  4.121173261308E+15,  6.609558483934E+19,  2.068167775421E+20,  1.147480310494E+18,  1.529940069436E+21,  8.759927087101E+19,  1.054413744937E+13,  2.169504600996E+02,  6.119800760286E+01,  1.457524540220E+02,NaN,  9.999996446772E+00,NaN,  2.028013955830E-06,  3.474147283325E-02,NaN,  3.504050000000E+06,  4.270553146842E-07
  8.429923924229E+00,  3.549591621507E+03,  3.598449222501E+03,  5.600031498974E+04,  5.700577957387E+04,  9.918599818371E+02,  9.298651345153E-01,NaN,NaN,  3.664299463560E-03,  4.124533904135E+15,  6.609257513103E+19,  2.068197835928E+20,  1.148465507009E+18,  1.529936310700E+21,  8.760204154647E+19,  1.054140299992E+13,  2.169573431825E+02,  6.120277252333E+01,  1.457545725119E+02,NaN,  9.999996119813E+00,NaN,  2.027488023608E-06,  3.474119602882E-02,NaN,  3.504050000000E+06,  4.270935674261E-07
  9.140392810333E+00,  3.549469658402E+03,  3.598317782881E+03,  5.598416168561E+04,  5.698962321534E+04,  9.918599818371E+02,  9.298092905829E-01,NaN,NaN,  3.664645796834E-03,  4.127893675122E+15,  6.608956620351E+19,  2.068227888635E+20,  1.149450532754E+18,  1.529932552560E+21,  8.760481179594E+19,  1.053866989260E+13,  2.169642249835E+02,  6.120753671154E+01,  1.457566904522E+02,NaN,  9.999995792864E+00,NaN,  2.026962349526E-06,  3.474091927492E-02,NaN,  3.504050000000E+06,  4.271318164278E-07
  9.850861696438E+00,  3.549347729102E+03,  3.598186381170E+03,  5.596801681741E+04,  5.697347526645E+04,  9.918599818371E+02,  9.297534627570E-01,NaN,NaN,  3.664992085650E-03,  4.131252574690E+15,  6.608655805639E+19,  2.068257933547E+20,  1.150435387797E+18,  1.529928795017E+21,  8.760758161957E+19,  1.053593759056E+13,  2.169711055032E+02,  6.121230016778E+01,  1.457588078431E+02,NaN,  9.999995465925E+00,NaN,  2.026436830326E-06,  3.474064257153E-02,NaN,  3.504050000000E+06,  4.271700616905E-07
  1.153282662421E+01,  3.549059208167E+03,  3.597875451589E+03,  5.592982903236E+04,  5.693528007571E+04,  9.918599818371E+02,  9.296213600434E-01,NaN,NaN,  3.665811712988E-03,  4.139200966712E+15,  6.607943967361E+19,  2.068329030859E+20,  1.152766254842E+18,  1.529919901782E+21,  8.761413720717E+19,  1.052947363875E+13,  2.169873893499E+02,  6.122357426399E+01,  1.457638183687E+02,NaN,  9.999994691989E+00,NaN,  2.025193581692E-06,  3.473998770480E-02,NaN,  3.504050000000E+06,  4.272605886779E-07
  1.321479155198E+01,  3.548770876443E+03,  3.597564734102E+03,  5.589168829758E+04,  5.689713190529E+04,  9.918599818371E+02,  9.294893474410E-01,NaN,NaN,  3.666631093264E-03,  4.147144482806E+15,  6.607232565749E+19,  2.068400084554E+20,  1.155096166487E+18,  1.529911011886E+21,  8.762069041126E+19,  1.052301559230E+13,  2.170036660257E+02,  6.123484426312E+01,  1.457688258205E+02,NaN,  9.999993918110E+00,NaN,  2.023951468870E-06,  3.473933312079E-02,NaN,  3.504050000000E+06,  4.273510947361E-07
  1.395866880317E+01,  3.548643426237E+03,  3.597427381656E+03,  5.587482108289E+04,  5.688025943577E+04,  9.918599818371E+02,  9.294307693560E-01,NaN,NaN,  3.666993625928E-03,  4.150669438077E+15,  6.606916879520E+19,  2.068431614817E+20,  1.156130222622E+18,  1.529907066299E+21,  8.762359894361E+19,  1.052016169356E+13,  2.170108897465E+02,  6.123984625683E+01,  1.457710478904E+02,NaN,  9.999993575857E+00,NaN,  2.023402562285E-06,  3.473904260918E-02,NaN,  3.504050000000E+06,  4.273911158885E-07
  1.470254605436E+01,  3.548516022517E+03,  3.597290070683E+03,  5.585794857552E+04,  5.686338359069E+04,  9.918599818371E+02,  9.293720291964E-01,NaN,NaN,  3.667356348013E-03,  4.154204258144E+15,  6.606600309846E+19,  2.068463233327E+20,  1.157167266459E+18,  1.529903109254E+21,  8.762651594520E+19,  1.051730860009E+13,  2.170181342424E+02,  6.124486280664E+01,  1.457732761793E+02,NaN,  9.999993233615E+00,NaN,  2.022853810583E-06,  3.473875126087E-02,NaN,  3.504050000000E+06,  4.274311329346E-07
  1.549785321186E+01,  3.548379851365E+03,  3.597143312212E+03,  5.583991963990E+04,  5.684535116623E+04,  9.918599818371E+02,  9.293092474987E-01,NaN,NaN,  3.667744095634E-03,  4.157982406255E+15,  6.606261948316E+19,  2.068497028374E+20,  1.158275801667E+18,  1.529898879353E+21,  8.762963410453E+19,  1.051425955609E+13,  2.170258780483E+02,  6.125022530039E+01,  1.457756578580E+02,NaN,  9.999992867724E+00,NaN,  2.022267370600E-06,  3.473843983083E-02,NaN,  3.504050000000E+06,  4.274739121213E-07
  1.636139737986E+01,  3.548232044606E+03,  3.596984015559E+03,  5.582035575905E+04,  5.682578345824E+04,  9.918599818371E+02,  9.292411021013E-01,NaN,NaN,  3.668165048725E-03,  4.162083476885E+15,  6.605894666648E+19,  2.068533711920E+20,  1.159479206148E+18,  1.529894287376E+21,  8.763301919605E+19,  1.051095040789E+13,  2.170342844480E+02,  6.125604685462E+01,  1.457782431013E+02,NaN,  9.999992470457E+00,NaN,  2.021630903296E-06,  3.473810175204E-02,NaN,  3.504050000000E+06,  4.275203564295E-07
  1.738461734931E+01,  3.548056971716E+03,  3.596795335979E+03,  5.579719035319E+04,  5.680261354760E+04,  9.918599818371E+02,  9.291603870033E-01,NaN,NaN,  3.668663755496E-03,  4.166941195154E+15,  6.605459621499E+19,  2.068577163581E+20,  1.160904802500E+18,  1.529888847449E+21,  8.763702940233E+19,  1.050703112877E+13,  2.170442428012E+02,  6.126294345855E+01,  1.457813053220E+02,NaN,  9.999991999758E+00,NaN,  2.020877086042E-06,  3.473770125665E-02,NaN,  3.504050000000E+06,  4.275753814837E-07
  1.840783731875E+01,  3.547881968666E+03,  3.596606734683E+03,  5.577404229610E+04,  5.677946098686E+04,  9.918599818371E+02,  9.290797053943E-01,NaN,NaN,  3.669162371018E-03,  4.171797101899E+15,  6.605024738582E+19,  2.068620599037E+20,  1.162330044693E+18,  1.529883408758E+21,  8.764103872593E+19,  1.050311399706E+13,  2.170541984950E+02,  6.126983854520E+01,  1.457843664006E+02,NaN,  9.999991529080E+00,NaN,  2.020123681810E-06,  3.473730086611E-02,NaN,  3.504050000000E+06,  4.276303987788E-07
  2.026273442362E+01,  3.547564900320E+03,  3.596265036880E+03,  5.573212357395E+04,  5.673753410353E+04,  9.918599818371E+02,  9.289335307438E-01,NaN,NaN,  3.670066030786E-03,  4.180595295045E+15,  6.604236794301E+19,  2.068699297730E+20,  1.164912827292E+18,  1.529873552628E+21,  8.764830459533E+19,  1.049601924559E+13,  2.170722394429E+02,  6.128233412079E+01,  1.457899126275E+02,NaN,  9.999990675905E+00,NaN,  2.018759107887E-06,  3.473657530364E-02,NaN,  3.504050000000E+06,  4.277301145872E-07
  2.211763152850E+01,  3.547248061024E+03,  3.595923595794E+03,  5.569026168520E+04,  5.669566406336E+04,  9.918599818371E+02,  9.287874659143E-01,NaN,NaN,  3.670969391228E-03,  4.189387546807E+15,  6.603449382104E+19,  2.068777943274E+20,  1.167494447956E+18,  1.529863700557E+21,  8.765556756855E+19,  1.048893174160E+13,  2.170902716670E+02,  6.129482471802E+01,  1.457954551087E+02,NaN,  9.999989822801E+00,NaN,  2.017395927914E-06,  3.473585008519E-02,NaN,  3.504050000000E+06,  4.278298049353E-07
  2.397252863337E+01,  3.546931450490E+03,  3.595582411091E+03,  5.564845651996E+04,  5.665385075662E+04,  9.918599818371E+02,  9.286415107626E-01,NaN,NaN,  3.671872452597E-03,  4.198173864383E+15,  6.602662501344E+19,  2.068856535735E+20,  1.170074907813E+18,  1.529853852539E+21,  8.766282764821E+19,  1.048185094825E+13,  2.171082951762E+02,  6.130731034143E+01,  1.458009938489E+02,NaN,  9.999988969768E+00,NaN,  2.016034038636E-06,  3.473512521043E-02,NaN,  3.504050000000E+06,  4.279294698436E-07
  2.547311956593E+01,  3.546675484247E+03,  3.595306583931E+03,  5.561467671702E+04,  5.662006428192E+04,  9.918599818371E+02,  9.285234946151E-01,NaN,NaN,  3.672602822272E-03,  4.205278773025E+15,  6.602026203383E+19,  2.068920088211E+20,  1.172161978787E+18,  1.529845887208E+21,  8.766869985944E+19,  1.047612811894E+13,  2.171228721125E+02,  6.131740915948E+01,  1.458054726584E+02,NaN,  9.999988279720E+00,NaN,  2.014933334310E-06,  3.473453894598E-02,NaN,  3.504050000000E+06,  4.280100790167E-07
  2.730171702300E+01,  3.546363812900E+03,  3.594970691602E+03,  5.557349742382E+04,  5.657887508405E+04,  9.918599818371E+02,  9.283788191823E-01,NaN,NaN,  3.673493661801E-03,  4.213989247174E+15,  6.601246115084E+19,  2.068998002294E+20,  1.174721204623E+18,  1.529836119576E+21,  8.767590089385E+19,  1.046916060110E+13,  2.171407462350E+02,  6.132979319203E+01,  1.458109635905E+02,NaN,  9.999987438879E+00,NaN,  2.013593231956E-06,  3.473382006676E-02,NaN,  3.504050000000E+06,  4.281082856011E-07
  2.871671208729E+01,  3.546122790287E+03,  3.594710943930E+03,  5.554166865451E+04,  5.654704013729E+04,  9.918599818371E+02,  9.282669407508E-01,NaN,NaN,  3.674182829657E-03,  4.220725562020E+15,  6.600642827551E+19,  2.069058257771E+20,  1.176700794587E+18,  1.529828563949E+21,  8.768147122597E+19,  1.046377384038E+13,  2.171545716611E+02,  6.133937281371E+01,  1.458152100466E+02,NaN,  9.999986788278E+00,NaN,  2.012557165614E-06,  3.473326401749E-02,NaN,  3.504050000000E+06,  4.281842622655E-07
  3.076896164655E+01,  3.545773456862E+03,  3.594334480948E+03,  5.549556397512E+04,  5.650092648539E+04,  9.918599818371E+02,  9.281047907396E-01,NaN,NaN,  3.675182060536E-03,  4.230489476579E+15,  6.599768395736E+19,  2.069145594738E+20,  1.179570707817E+18,  1.529817609777E+21,  8.768954721141E+19,  1.045596856690E+13,  2.171746144588E+02,  6.135326155425E+01,  1.458213650488E+02,NaN,  9.999985844775E+00,NaN,  2.011055932950E-06,  3.473245790275E-02,NaN,  3.504050000000E+06,  4.282944293161E-07
  3.282121120581E+01,  3.545424402149E+03,  3.593958330329E+03,  5.544952831931E+04,  5.645488186832E+04,  9.918599818371E+02,  9.279427752691E-01,NaN,NaN,  3.676180925829E-03,  4.240246113020E+15,  6.598894615716E+19,  2.069232866598E+20,  1.182439200106E+18,  1.529806660565E+21,  8.769761965802E+19,  1.044817161460E+13,  2.171946465854E+02,  6.136714421180E+01,  1.458275154627E+02,NaN,  9.999984901359E+00,NaN,  2.009556300748E-06,  3.473165220895E-02,NaN,  3.504050000000E+06,  4.284045652171E-07
  3.638749855688E+01,  3.544818495701E+03,  3.593305417948E+03,  5.536969381386E+04,  5.637503181915E+04,  9.918599818371E+02,  9.276615530639E-01,NaN,NaN,  3.677915830986E-03,  4.257183380962E+15,  6.597377756216E+19,  2.069384368275E+20,  1.187420534376E+18,  1.529787645403E+21,  8.771163910938E+19,  1.043464404867E+13,  2.172294319770E+02,  6.139125428688E+01,  1.458381924210E+02,NaN,  9.999983262205E+00,NaN,  2.006954467014E-06,  3.473025311810E-02,NaN,  3.504050000000E+06,  4.285958793782E-07
  3.860455481969E+01,  3.544442272601E+03,  3.592899995493E+03,  5.532012473808E+04,  5.632545033683E+04,  9.918599818371E+02,  9.274862808491E-01,NaN,NaN,  3.678994527015E-03,  4.267740812566E+15,  6.596432259022E+19,  2.069478803157E+20,  1.190526623043E+18,  1.529775787889E+21,  8.772038159664E+19,  1.042624743405E+13,  2.172511211192E+02,  6.140628922752E+01,  1.458448476431E+02,NaN,  9.999982243269E+00,NaN,  2.005339498345E-06,  3.472938075411E-02,NaN,  3.504050000000E+06,  4.287147663908E-07
  4.075929470705E+01,  3.544076961034E+03,  3.592506316411E+03,  5.527198558459E+04,  5.627730262281E+04,  9.918599818371E+02,  9.273155599489E-01,NaN,NaN,  3.680043161725E-03,  4.278025028368E+15,  6.595511230405E+19,  2.069570794175E+20,  1.193553138780E+18,  1.529764233634E+21,  8.772890064993E+19,  1.041809642867E+13,  2.172722537850E+02,  6.142093989241E+01,  1.458513306358E+02,NaN,  9.999981253055E+00,NaN,  2.003771769098E-06,  3.472853076291E-02,NaN,  3.504050000000E+06,  4.288302769066E-07
  4.286765794371E+01,  3.543719807361E+03,  3.592121441965E+03,  5.522495639481E+04,  5.623026427623E+04,  9.918599818371E+02,  9.271486572227E-01,NaN,NaN,  3.681068824843E-03,  4.288080121489E+15,  6.594610721426E+19,  2.069660735714E+20,  1.196512999327E+18,  1.529752933347E+21,  8.773723257655E+19,  1.041013036838E+13,  2.172929202283E+02,  6.143526874864E+01,  1.458576691931E+02,NaN,  9.999980284261E+00,NaN,  2.002239611392E-06,  3.472769951528E-02,NaN,  3.504050000000E+06,  4.289432680467E-07
  4.509790989488E+01,  3.543342323757E+03,  3.591714673335E+03,  5.517528687114E+04,  5.618058508578E+04,  9.918599818371E+02,  9.269722599746E-01,NaN,NaN,  3.682153365218E-03,  4.298708164267E+15,  6.593658900493E+19,  2.069755802211E+20,  1.199642346713E+18,  1.529740985449E+21,  8.774604213600E+19,  1.040171335344E+13,  2.173147692064E+02,  6.145041901849E+01,  1.458643689277E+02,NaN,  9.999979259585E+00,NaN,  2.000620719012E-06,  3.472682069432E-02,NaN,  3.504050000000E+06,  4.290627557162E-07
  4.955841379720E+01,  3.542588338174E+03,  3.590902232580E+03,  5.507618461214E+04,  5.608146337025E+04,  9.918599818371E+02,  9.266198715385E-01,NaN,NaN,  3.684321234871E-03,  4.319942704202E+15,  6.591757188152E+19,  2.069945742468E+20,  1.205897256352E+18,  1.529717102455E+21,  8.776365223950E+19,  1.038491019247E+13,  2.173584380824E+02,  6.148070406051E+01,  1.458777548140E+02,NaN,  9.999977210543E+00,NaN,  1.997388871447E-06,  3.472506419360E-02,NaN,  3.504050000000E+06,  4.293016209802E-07
  5.238523306654E+01,  3.542111245042E+03,  3.590388108719E+03,  5.501344455108E+04,  5.601870930884E+04,  9.918599818371E+02,  9.263954075103E-01,NaN,NaN,  3.685695907542E-03,  4.333470694559E+15,  6.590545655298E+19,  2.070066748668E+20,  1.209883881218E+18,  1.529701879286E+21,  8.777487738717E+19,  1.037428269444E+13,  2.173862690174E+02,  6.150000848172E+01,  1.458862826282E+02,NaN,  9.999975912140E+00,NaN,  1.995344824276E-06,  3.472394472482E-02,NaN,  3.504050000000E+06,  4.294529244115E-07
  5.584231153074E+01,  3.541528492030E+03,  3.589760152963E+03,  5.493688916071E+04,  5.594213904998E+04,  9.918599818371E+02,  9.261212450189E-01,NaN,NaN,  3.687376169564E-03,  4.349996056034E+15,  6.589065685373E+19,  2.070214565969E+20,  1.214755695566E+18,  1.529683274754E+21,  8.778859616893E+19,  1.036130781638E+13,  2.174202775818E+02,  6.152360133125E+01,  1.458966999332E+02,NaN,  9.999974324519E+00,NaN,  1.992849292147E-06,  3.472257674709E-02,NaN,  3.504050000000E+06,  4.296378817486E-07
  5.999185001912E+01,  3.540830041436E+03,  3.589007569452E+03,  5.484525308585E+04,  5.585048513186E+04,  9.918599818371E+02,  9.257926706431E-01,NaN,NaN,  3.689391629740E-03,  4.369804246318E+15,  6.587291713476E+19,  2.070391747749E+20,  1.220598042169E+18,  1.529660962182E+21,  8.780504966618E+19,  1.034576598632E+13,  2.174610582987E+02,  6.155189721355E+01,  1.459091866760E+02,NaN,  9.999972419205E+00,NaN,  1.989860043532E-06,  3.472093633324E-02,NaN,  3.504050000000E+06,  4.298597700243E-07
  6.321637195376E+01,  3.540288103053E+03,  3.588423618663E+03,  5.477417422455E+04,  5.577939058165E+04,  9.918599818371E+02,  9.255368241413E-01,NaN,NaN,  3.690957799472E-03,  4.385230362300E+15,  6.585910189254E+19,  2.070529732446E+20,  1.225149974239E+18,  1.529643576533E+21,  8.781787038303E+19,  1.033371288105E+13,  2.174928295503E+02,  6.157394558779E+01,  1.459189110362E+02,NaN,  9.999970938852E+00,NaN,  1.987541801208E-06,  3.471965830463E-02,NaN,  3.504050000000E+06,  4.300321073114E-07
  6.660981492732E+01,  3.539718544766E+03,  3.587809894117E+03,  5.469948926446E+04,  5.570469100810E+04,  9.918599818371E+02,  9.252670674137E-01,NaN,NaN,  3.692606091726E-03,  4.401497418568E+15,  6.584453352607E+19,  2.070675239273E+20,  1.229952006627E+18,  1.529625234406E+21,  8.783139679752E+19,  1.032105152384E+13,  2.175263444239E+02,  6.159720754531E+01,  1.459291655123E+02,NaN,  9.999969381188E+00,NaN,  1.985106570329E-06,  3.471831011589E-02,NaN,  3.504050000000E+06,  4.302133898642E-07
  7.141875365564E+01,  3.538912686285E+03,  3.586941600256E+03,  5.459396519514E+04,  5.559914640961E+04,  9.918599818371E+02,  9.248854171900E-01,NaN,NaN,  3.694940236717E-03,  4.424515859526E+15,  6.582391878857E+19,  2.070881136388E+20,  1.236750479943E+18,  1.529599264338E+21,  8.785054900654E+19,  1.030314835563E+13,  2.175737895376E+02,  6.163014443653E+01,  1.459436759452E+02,NaN,  9.999967174265E+00,NaN,  1.981663152110E-06,  3.471640152484E-02,NaN,  3.504050000000E+06,  4.304701449497E-07
  7.572651024002E+01,  3.538192130212E+03,  3.586165220757E+03,  5.449967797533E+04,  5.550483891861E+04,  9.918599818371E+02,  9.245430986385E-01,NaN,NaN,  3.697030657347E-03,  4.445165983098E+15,  6.580542505736E+19,  2.071065849217E+20,  1.242852899367E+18,  1.529575950994E+21,  8.786774256552E+19,  1.028715073925E+13,  2.176163735188E+02,  6.165971290983E+01,  1.459566934327E+02,NaN,  9.999965197717E+00,NaN,  1.978586239521E-06,  3.471468844784E-02,NaN,  3.504050000000E+06,  4.306999967750E-07
  8.004701630276E+01,  3.537470700912E+03,  3.585387890280E+03,  5.440531998365E+04,  5.541046257405E+04,  9.918599818371E+02,  9.241991373162E-01,NaN,NaN,  3.699127133272E-03,  4.465918920372E+15,  6.578683924976E+19,  2.071251481731E+20,  1.248988969130E+18,  1.529552507008E+21,  8.788503306446E+19,  1.027114345956E+13,  2.176591889694E+02,  6.168944804399E+01,  1.459697757342E+02,NaN,  9.999963215711E+00,NaN,  1.975507468331E-06,  3.471296602478E-02,NaN,  3.504050000000E+06,  4.309303915106E-07
  8.584155734852E+01,  3.536505024028E+03,  3.584347466925E+03,  5.427923141387E+04,  5.528434947485E+04,  9.918599818371E+02,  9.237387599050E-01,NaN,NaN,  3.701936356361E-03,  4.493701655477E+15,  6.576195773135E+19,  2.071499994906E+20,  1.257208687966E+18,  1.529521098741E+21,  8.790819825336E+19,  1.024973358206E+13,  2.177165381554E+02,  6.172928612630E+01,  1.459872894995E+02,NaN,  9.999960558218E+00,NaN,  1.971389584760E-06,  3.471065887128E-02,NaN,  3.504050000000E+06,  4.312391749383E-07
  9.104471725462E+01,  3.535639858482E+03,  3.583415282433E+03,  5.416627644949E+04,  5.517137062438E+04,  9.918599818371E+02,  9.233235916883E-01,NaN,NaN,  3.704459559464E-03,  4.518761831791E+15,  6.573951447067E+19,  2.071724155200E+20,  1.264627963328E+18,  1.529492745834E+21,  8.792911090903E+19,  1.023056639868E+13,  2.177682974758E+02,  6.176525032039E+01,  1.460030870153E+02,NaN,  9.999958172408E+00,NaN,  1.967703051313E-06,  3.470857654534E-02,NaN,  3.504050000000E+06,  4.315162339348E-07
  9.697274704480E+01,  3.534656276595E+03,  3.582355593449E+03,  5.403809347149E+04,  5.504316271677E+04,  9.918599818371E+02,  9.228515580557E-01,NaN,NaN,  3.707331586201E-03,  4.547261083930E+15,  6.571399125951E+19,  2.071979077587E+20,  1.273071226913E+18,  1.529460475977E+21,  8.795291360500E+19,  1.020879441533E+13,  2.178271945131E+02,  6.180618462994E+01,  1.460210524646E+02,NaN,  9.999955455057E+00,NaN,  1.963515521863E-06,  3.470620700409E-02,NaN,  3.504050000000E+06,  4.318316485370E-07
  1.038961741581E+02,  3.533510504271E+03,  3.581121141520E+03,  5.388887715715E+04,  5.489391547527E+04,  9.918599818371E+02,  9.222987263256E-01,NaN,NaN,  3.710685525408E-03,  4.580647473711E+15,  6.568409125356E+19,  2.072277714902E+20,  1.282970254777E+18,  1.529422637204E+21,  8.798082543999E+19,  1.018345532697E+13,  2.178962383737E+02,  6.185418544453E+01,  1.460420986883E+02,NaN,  9.999952282221E+00,NaN,  1.958641910809E-06,  3.470342915761E-02,NaN,  3.504050000000E+06,  4.321996987373E-07
  1.096865313445E+02,  3.532554609122E+03,  3.580091332583E+03,  5.376460902404E+04,  5.476962317686E+04,  9.918599818371E+02,  9.218369544951E-01,NaN,NaN,  3.713488150701E-03,  4.608541991868E+15,  6.565910962836E+19,  2.072527228058E+20,  1.291247482303E+18,  1.529390993510E+21,  8.800416856392E+19,  1.016233588573E+13,  2.179539638140E+02,  6.189432930337E+01,  1.460596829265E+02,NaN,  9.999949629529E+00,NaN,  1.954579888499E-06,  3.470110662228E-02,NaN,  3.504050000000E+06,  4.325072446450E-07
  1.161548227811E+02,  3.531489433478E+03,  3.578943761028E+03,  5.362620737980E+04,  5.463119272050E+04,  9.918599818371E+02,  9.213195146586E-01,NaN,NaN,  3.716618896724E-03,  4.639807257546E+15,  6.563110924933E+19,  2.072806892223E+20,  1.300532000207E+18,  1.529355494448E+21,  8.803035703237E+19,  1.013882209002E+13,  2.180187069146E+02,  6.193936626491E+01,  1.460793920327E+02,NaN,  9.999946666946E+00,NaN,  1.950057346368E-06,  3.469850166842E-02,NaN,  3.504050000000E+06,  4.328505071166E-07
  1.223954844958E+02,  3.530464265736E+03,  3.577839371979E+03,  5.349324676323E+04,  5.449820625371E+04,  9.918599818371E+02,  9.208210264042E-01,NaN,NaN,  3.719636744124E-03,  4.669935396529E+15,  6.560412725143E+19,  2.073076384900E+20,  1.309485923644E+18,  1.529321254835E+21,  8.805561756379E+19,  1.011621369315E+13,  2.180811374950E+02,  6.198280742824E+01,  1.460983843115E+02,NaN,  9.999943809534E+00,NaN,  1.945708944747E-06,  3.469598969258E-02,NaN,  3.504050000000E+06,  4.331813989697E-07
  1.289919039054E+02,  3.529383450896E+03,  3.576675001525E+03,  5.335314613432E+04,  5.435807649822E+04,  9.918599818371E+02,  9.202924268865E-01,NaN,NaN,  3.722826619108E-03,  4.701891986247E+15,  6.557550774194E+19,  2.073362232930E+20,  1.318990862813E+18,  1.529284903294E+21,  8.808243757328E+19,  1.009239952943E+13,  2.181474022885E+02,  6.202893033665E+01,  1.461185292206E+02,NaN,  9.999940790053E+00,NaN,  1.941128631127E-06,  3.469332337062E-02,NaN,  3.504050000000E+06,  4.335308436423E-07
  1.354492162727E+02,  3.528328083441E+03,  3.575538136615E+03,  5.321660968756E+04,  5.422151350703E+04,  9.918599818371E+02,  9.197759038249E-01,NaN,NaN,  3.725946175324E-03,  4.733127009360E+15,  6.554753444822E+19,  2.073641626602E+20,  1.328288764072E+18,  1.529249338677E+21,  8.810867825720E+19,  1.006916945936E+13,  2.182122160080E+02,  6.207405697201E+01,  1.461382192641E+02,NaN,  9.999937835264E+00,NaN,  1.936660659562E-06,  3.469071536714E-02,NaN,  3.504050000000E+06,  4.338726106955E-07
  1.469987527723E+02,  3.526447191301E+03,  3.573511988506E+03,  5.297357018456E+04,  5.397842488389E+04,  9.918599818371E+02,  9.188494791736E-01,NaN,NaN,  3.731523995349E-03,  4.789170565706E+15,  6.549734326615E+19,  2.074142929859E+20,  1.344990370398E+18,  1.529185442734E+21,  8.815582603524E+19,  1.002782201761E+13,  2.183286204133E+02,  6.215513772571E+01,  1.461735482063E+02,NaN,  9.999932552525E+00,NaN,  1.928708070808E-06,  3.468603126510E-02,NaN,  3.504050000000E+06,  4.344831342924E-07
  1.547402493420E+02,  3.525191233495E+03,  3.572159067389E+03,  5.281155147924E+04,  5.381637281517E+04,  9.918599818371E+02,  9.182274687193E-01,NaN,NaN,  3.735260503168E-03,  4.826813955946E+15,  6.546363080624E+19,  2.074479645772E+20,  1.356222106957E+18,  1.529142464359E+21,  8.818754146561E+19,  1.000025150899E+13,  2.184068880341E+02,  6.220967910928E+01,  1.461972779884E+02,NaN,  9.999929013053E+00,NaN,  1.923405277997E-06,  3.468288166452E-02,NaN,  3.504050000000E+06,  4.348918142907E-07
  1.625012776892E+02,  3.523935877858E+03,  3.570806881802E+03,  5.264992047135E+04,  5.365470850593E+04,  9.918599818371E+02,  9.176043493908E-01,NaN,NaN,  3.739003113423E-03,  4.864536710771E+15,  6.542984726926E+19,  2.074817071587E+20,  1.367488493938E+18,  1.529099346332E+21,  8.821936181876E+19,  9.972726901106E+12,  2.184853860765E+02,  6.226440089207E+01,  1.462210578003E+02,NaN,  9.999925466085E+00,NaN,  1.918111313538E-06,  3.467972269830E-02,NaN,  3.504050000000E+06,  4.353010866037E-07
  1.716659805088E+02,  3.522458410683E+03,  3.569215462629E+03,  5.245993615599E+04,  5.346468729865E+04,  9.918599818371E+02,  9.168670790965E-01,NaN,NaN,  3.743420838120E-03,  4.909185859713E+15,  6.538986063288E+19,  2.075216453294E+20,  1.380837751134E+18,  1.529048247764E+21,  8.825707418474E+19,  9.940371978337E+12,  2.185783821727E+02,  6.232925507799E+01,  1.462492039036E+02,NaN,  9.999921279226E+00,NaN,  1.911888307129E-06,  3.467598017390E-02,NaN,  3.504050000000E+06,  4.357838150402E-07
  1.803115964132E+02,  3.521069473371E+03,  3.567719441261E+03,  5.228162170896E+04,  5.328633634612E+04,  9.918599818371E+02,  9.161707012997E-01,NaN,NaN,  3.747585838645E-03,  4.951374340120E+15,  6.535207771003E+19,  2.075593824642E+20,  1.393465495375E+18,  1.528999901918E+21,  8.829275743260E+19,  9.909995887540E+12,  2.186663377397E+02,  6.239061965808E+01,  1.462757988446E+02,NaN,  9.999917330960E+00,NaN,  1.906045900735E-06,  3.467244038489E-02,NaN,  3.504050000000E+06,  4.362386409174E-07
  1.894387962093E+02,  3.519608208846E+03,  3.566145599216E+03,  5.209438266783E+04,  5.309905907275E+04,  9.918599818371E+02,  9.154355110519E-01,NaN,NaN,  3.751979187469E-03,  4.995930839195E+15,  6.531217405091E+19,  2.075992377676E+20,  1.406817014635E+18,  1.528948775434E+21,  8.833049560255E+19,  9.878080645559E+12,  2.187593196230E+02,  6.245551801063E+01,  1.463038865479E+02,NaN,  9.999913164581E+00,NaN,  1.899907460635E-06,  3.466869819289E-02,NaN,  3.504050000000E+06,  4.367182118486E-07
  1.996325015559E+02,  3.517982313328E+03,  3.564394511986E+03,  5.188643729056E+04,  5.289107329955E+04,  9.918599818371E+02,  9.146137921167E-01,NaN,NaN,  3.756882232467E-03,  5.045751703645E+15,  6.526755576255E+19,  2.076438019930E+20,  1.421764283236E+18,  1.528891526674E+21,  8.837275600018E+19,  9.842621114733E+12,  2.188633963431E+02,  6.252819311059E+01,  1.463352928259E+02,NaN,  9.999908513502E+00,NaN,  1.893087327293E-06,  3.466450933323E-02,NaN,  3.504050000000E+06,  4.372531044727E-07
  2.113613635383E+02,  3.516119544787E+03,  3.562388352331E+03,  5.164862470713E+04,  5.265321268285E+04,  9.918599818371E+02,  9.136664303133E-01,NaN,NaN,  3.762520159824E-03,  5.103216850382E+15,  6.521609145447E+19,  2.076952039563E+20,  1.439028984301E+18,  1.528825386642E+21,  8.842158404884E+19,  9.802061233077E+12,  2.189835853533E+02,  6.261216235871E+01,  1.463715179445E+02,NaN,  9.999903164765E+00,NaN,  1.885286214452E-06,  3.465967181142E-02,NaN,  3.504050000000E+06,  4.378676179815E-07
  2.232262944922E+02,  3.514243757435E+03,  3.560368263309E+03,  5.140968531423E+04,  5.241422504944E+04,  9.918599818371E+02,  9.127070964926E-01,NaN,NaN,  3.768218449225E-03,  5.161437196608E+15,  6.516395081144E+19,  2.077472814443E+20,  1.456546842946E+18,  1.528758259901E+21,  8.847114509976E+19,  9.761289832215E+12,  2.191055107240E+02,  6.269739195598E+01,  1.464082191337E+02,NaN,  9.999897756956E+00,NaN,  1.877444418920E-06,  3.465476421555E-02,NaN,  3.504050000000E+06,  4.384882460057E-07
  2.364245431072E+02,  3.512167253735E+03,  3.558132132319E+03,  5.114581665855E+04,  5.215030332129E+04,  9.918599818371E+02,  9.116390003375E-01,NaN,NaN,  3.774550934254E-03,  5.226292504169E+15,  6.510586807034E+19,  2.078052938426E+20,  1.476092290250E+18,  1.528683343581E+21,  8.852646276527E+19,  9.716240535917E+12,  2.192415174439E+02,  6.279252092728E+01,  1.464491029030E+02,NaN,  9.999891744868E+00,NaN,  1.868779831415E-06,  3.464928962163E-02,NaN,  3.504050000000E+06,  4.391774196938E-07
  2.496340132622E+02,  3.510099542351E+03,  3.555905578303E+03,  5.088371407505E+04,  5.188814802209E+04,  9.918599818371E+02,  9.105687767745E-01,NaN,NaN,  3.780882635927E-03,  5.291313328683E+15,  6.504763709940E+19,  2.078634543025E+20,  1.495720709584E+18,  1.528608087967E+21,  8.858203670689E+19,  9.671470938876E+12,  2.193780689853E+02,  6.288809037628E+01,  1.464900910174E+02,NaN,  9.999885731397E+00,NaN,  1.860169040060E-06,  3.464379288276E-02,NaN,  3.504050000000E+06,  4.398659189753E-07
  2.637238874584E+02,  3.507905564605E+03,  3.553543184491E+03,  5.060632520560E+04,  5.161070348089E+04,  9.918599818371E+02,  9.094260835999E-01,NaN,NaN,  3.787629367310E-03,  5.360777192025E+15,  6.498542706054E+19,  2.079255890234E+20,  1.516727088674E+18,  1.528527525642E+21,  8.864153585050E+19,  9.624064867657E+12,  2.195241708018E+02,  6.299040966913E+01,  1.465338799603E+02,NaN,  9.999879321309E+00,NaN,  1.851051160623E-06,  3.463791148208E-02,NaN,  3.504050000000E+06,  4.405989190789E-07
  2.777528364171E+02,  3.505732827807E+03,  3.551203785108E+03,  5.033234344836E+04,  5.133666672551E+04,  9.918599818371E+02,  9.082870910379E-01,NaN,NaN,  3.794339932961E-03,  5.430057436021E+15,  6.492338146948E+19,  2.079875595076E+20,  1.537715801256E+18,  1.528447006726E+21,  8.870100949679E+19,  9.577217121248E+12,  2.196701127975E+02,  6.309268485364E+01,  1.465775531586E+02,NaN,  9.999872943200E+00,NaN,  1.842040666975E-06,  3.463203629548E-02,NaN,  3.504050000000E+06,  4.413273292802E-07
  2.922016281455E+02,  3.503507224724E+03,  3.548807596732E+03,  5.005244776706E+04,  5.105671490965E+04,  9.918599818371E+02,  9.071128811571E-01,NaN,NaN,  3.801243913534E-03,  5.501523050531E+15,  6.485937872020E+19,  2.080514847925E+20,  1.559406306757E+18,  1.528363769975E+21,  8.876249749302E+19,  9.529332715985E+12,  2.198208959944E+02,  6.319842379596E+01,  1.466226039870E+02,NaN,  9.999866378615E+00,NaN,  1.832830786830E-06,  3.462596600049E-02,NaN,  3.504050000000E+06,  4.420760598181E-07
  3.075859724100E+02,  3.501150977459E+03,  3.546270882053E+03,  4.975692970555E+04,  5.076113505110E+04,  9.918599818371E+02,  9.058610817517E-01,NaN,NaN,  3.808587073508E-03,  5.577759367777E+15,  6.479110345710E+19,  2.081196774346E+20,  1.582589364483E+18,  1.528274776910E+21,  8.882824547814E+19,  9.478751977683E+12,  2.199820116126E+02,  6.331148819466E+01,  1.466706622009E+02,NaN,  9.999859393961E+00,NaN,  1.823102305608E-06,  3.461947951200E-02,NaN,  3.504050000000E+06,  4.428716241088E-07
  3.229780673556E+02,  3.498807320304E+03,  3.543747857128E+03,  4.946381645448E+04,  5.046796399986E+04,  9.918599818371E+02,  9.046072146730E-01,NaN,NaN,  3.815925825992E-03,  5.654171729449E+15,  6.472267053681E+19,  2.081880275572E+20,  1.605872288188E+18,  1.528185370683E+21,  8.889430672790E+19,  9.428558308792E+12,  2.201437766141E+02,  6.342509099188E+01,  1.467188313979E+02,NaN,  9.999852410853E+00,NaN,  1.813448271649E-06,  3.461296666188E-02,NaN,  3.504050000000E+06,  4.436658932972E-07
  3.391409197892E+02,  3.496360990665E+03,  3.541114464016E+03,  4.915876727867E+04,  5.016285384982E+04,  9.918599818371E+02,  9.032893902429E-01,NaN,NaN,  3.823622895297E-03,  5.734535853848E+15,  6.465069852417E+19,  2.082599125035E+20,  1.630409514578E+18,  1.528091115638E+21,  8.896395938453E+19,  9.376291053766E+12,  2.203142080854E+02,  6.354486946500E+01,  1.467694917333E+02,NaN,  9.999845083679E+00,NaN,  1.803395413070E-06,  3.460610467364E-02,NaN,  3.504050000000E+06,  4.444981135579E-07
  3.563553504725E+02,  3.493771885676E+03,  3.538327567580E+03,  4.883693439283E+04,  4.984095674442E+04,  9.918599818371E+02,  9.018847831076E-01,NaN,NaN,  3.831810213377E-03,  5.820253320756E+15,  6.457393220114E+19,  2.083365859739E+20,  1.656638150048E+18,  1.527990326740E+21,  8.903845024596E+19,  9.321114335942E+12,  2.204963334534E+02,  6.367296763203E+01,  1.468235267425E+02,NaN,  9.999837286106E+00,NaN,  1.792782960954E-06,  3.459877163931E-02,NaN,  3.504050000000E+06,  4.453824313044E-07
  3.754918799459E+02,  3.490913316181E+03,  3.535250870853E+03,  4.848285773390E+04,  4.948680960704E+04,  9.918599818371E+02,  9.003226518301E-01,NaN,NaN,  3.840898377798E-03,  5.915658007497E+15,  6.448849026069E+19,  2.084219245817E+20,  1.685900267842E+18,  1.527877836429E+21,  8.912160128736E+19,  9.260364301751E+12,  2.206994567289E+02,  6.381595788515E+01,  1.468836684373E+02,NaN,  9.999828625355E+00,NaN,  1.781098561187E-06,  3.459059291375E-02,NaN,  3.504050000000E+06,  4.463630149458E-07
  3.944967953299E+02,  3.488094731714E+03,  3.532217376256E+03,  4.813488591255E+04,  4.913876678595E+04,  9.918599818371E+02,  8.987686668028E-01,NaN,NaN,  3.849912668645E-03,  6.010642751955E+15,  6.440342441560E+19,  2.085068875726E+20,  1.715106363708E+18,  1.527765514627E+21,  8.920464037203E+19,  9.200637236721E+12,  2.209021223348E+02,  6.395875511401E+01,  1.469435454191E+02,NaN,  9.999820032045E+00,NaN,  1.769610914900E-06,  3.458243239871E-02,NaN,  3.504050000000E+06,  4.473342836844E-07
  4.182473669602E+02,  3.484600342917E+03,  3.528456920137E+03,  4.770527800452E+04,  4.870907379163E+04,  9.918599818371E+02,  8.968262812008E-01,NaN,NaN,  3.861158178426E-03,  6.129476788779E+15,  6.429699977420E+19,  2.086131835511E+20,  1.751748358929E+18,  1.527624529400E+21,  8.930888784834E+19,  9.126832602130E+12,  2.211562902864E+02,  6.413802257485E+01,  1.470184566517E+02,NaN,  9.999809304457E+00,NaN,  1.755415649552E-06,  3.457219784281E-02,NaN,  3.504050000000E+06,  4.485444938670E-07
  4.396588148018E+02,  3.481625759271E+03,  3.525270665878E+03,  4.736227673934E+04,  4.836435312770E+04,  9.918599818371E+02,  8.951632453301E-01,NaN,NaN,  3.870350421677E-03,  6.213249046473E+15,  6.422198250981E+19,  2.086881396415E+20,  1.777657375039E+18,  1.527533524277E+21,  8.938289430250E+19,  9.090062618551E+12,  2.213363875792E+02,  6.426530483625E+01,  1.470712813512E+02,NaN,  9.999799643420E+00,NaN,  1.748343469375E-06,  3.456493024186E-02,NaN,  3.507135084018E+06,  4.495753044103E-07
  4.616424317661E+02,  3.478848691230E+03,  3.522264970989E+03,  4.699774764431E+04,  4.799977336845E+04,  9.918599818371E+02,  8.935907625202E-01,NaN,NaN,  3.879938595521E-03,  6.332356033913E+15,  6.411530153827E+19,  2.087947683740E+20,  1.814574164633E+18,  1.527412361332E+21,  8.948880070948E+19,  9.093074888274E+12,  2.215936347899E+02,  6.444741621821E+01,  1.471464270894E+02,NaN,  9.999789733452E+00,NaN,  1.748922836352E-06,  3.455453343420E-02,NaN,  3.514562243156E+06,  4.505522671052E-07
  4.847991001350E+02,  3.475910203401E+03,  3.519119716947E+03,  4.666412217324E+04,  4.766609726875E+04,  9.918599818371E+02,  8.919406860966E-01,NaN,NaN,  3.889068270062E-03,  6.412151030225E+15,  6.404381393400E+19,  2.088662463377E+20,  1.839357999606E+18,  1.527338890972E+21,  8.956025141101E+19,  9.096167417188E+12,  2.217668943938E+02,  6.457031273248E+01,  1.471968006071E+02,NaN,  9.999779304653E+00,NaN,  1.749517640036E-06,  3.454751698282E-02,NaN,  3.522320769961E+06,  4.515793695788E-07
  5.094072438524E+02,  3.472845421063E+03,  3.515800529155E+03,  4.626099028180E+04,  4.726290979889E+04,  9.918599818371E+02,  8.901967565912E-01,NaN,NaN,  3.899861479116E-03,  6.549177087147E+15,  6.392099739239E+19,  2.089890000957E+20,  1.881980906786E+18,  1.527197672868E+21,  8.968298132206E+19,  9.099573735383E+12,  2.220644295933E+02,  6.478134928265E+01,  1.472833103269E+02,NaN,  9.999768233551E+00,NaN,  1.750172796597E-06,  3.453549332939E-02,NaN,  3.530494169383E+06,  4.526686055727E-07
  5.352899926003E+02,  3.469612259441E+03,  3.512334526239E+03,  4.588834376854E+04,  4.689020875010E+04,  9.918599818371E+02,  8.883721142901E-01,NaN,NaN,  3.910220021349E-03,  6.646930518531E+15,  6.383335056470E+19,  2.090766269186E+20,  1.912456680319E+18,  1.527104348304E+21,  8.977115166783E+19,  9.103078834122E+12,  2.222778158135E+02,  6.493299283867E+01,  1.473450646228E+02,NaN,  9.999756601215E+00,NaN,  1.750846952183E-06,  3.452685652983E-02,NaN,  3.539013204652E+06,  4.538119085421E-07
  5.625696436631E+02,  3.466232804980E+03,  3.508709416750E+03,  4.549672563235E+04,  4.649853292947E+04,  9.918599818371E+02,  8.864577963559E-01,NaN,NaN,  3.921200195249E-03,  6.753696367940E+15,  6.373759040306E+19,  2.091723618751E+20,  1.945801145332E+18,  1.527000998066E+21,  8.986777485169E+19,  9.106794109940E+12,  2.225114490577E+02,  6.509916989063E+01,  1.474125330604E+02,NaN,  9.999744355114E+00,NaN,  1.751561532322E-06,  3.451740221123E-02,NaN,  3.547905983873E+06,  4.550141775946E-07
  5.909526557864E+02,  3.462745586667E+03,  3.504967613655E+03,  4.509232053641E+04,  4.609406800057E+04,  9.918599818371E+02,  8.844786868723E-01,NaN,NaN,  3.932654412981E-03,  6.866986908139E+15,  6.363594019131E+19,  2.092739832414E+20,  1.981250573048E+18,  1.526890248076E+21,  8.997069252247E+19,  9.110679030605E+12,  2.227600529342E+02,  6.527616965519E+01,  1.474841498978E+02,NaN,  9.999731628969E+00,NaN,  1.752308741221E-06,  3.450734344103E-02,NaN,  3.557066505677E+06,  4.562621532380E-07
  6.205533156981E+02,  3.459139727410E+03,  3.501097273030E+03,  4.467376337815E+04,  4.567545060272E+04,  9.918599818371E+02,  8.824271333472E-01,NaN,NaN,  3.944635022322E-03,  6.987585990920E+15,  6.352768887087E+19,  2.093822015837E+20,  2.019062690256E+18,  1.526771152653E+21,  9.008069437788E+19,  9.114750238490E+12,  2.230254858659E+02,  6.546534983879E+01,  1.475604159007E+02,NaN,  9.999718373324E+00,NaN,  1.753091779800E-06,  3.449660529835E-02,NaN,  3.566521974571E+06,  4.575605456712E-07
  6.515971855642E+02,  3.455391686118E+03,  3.497072747217E+03,  4.423795194713E+04,  4.523957601559E+04,  9.918599818371E+02,  8.802884664362E-01,NaN,NaN,  3.957245959868E-03,  7.117043289809E+15,  6.341143585226E+19,  2.094984165513E+20,  2.059739038845E+18,  1.526641908656E+21,  9.019928952983E+19,  9.119041018344E+12,  2.233113287665E+02,  6.566930506336E+01,  1.476423174607E+02,NaN,  9.999704488570E+00,NaN,  1.753917049905E-06,  3.448504335452E-02,NaN,  3.576332913953E+06,  4.589188690395E-07
  6.846481367353E+02,  3.451439227445E+03,  3.492826229544E+03,  4.377649588543E+04,  4.477805154144E+04,  9.918599818371E+02,  8.780273330320E-01,NaN,NaN,  3.970747436474E-03,  7.259200468289E+15,  6.328371768993E+19,  2.096260893282E+20,  2.104509375604E+18,  1.526498163139E+21,  9.033013110748E+19,  9.123633776761E+12,  2.236263015377E+02,  6.589431623780E+01,  1.477322938193E+02,NaN,  9.999689725758E+00,NaN,  1.754800401266E-06,  3.447230575824E-02,NaN,  3.586661650472E+06,  4.603612669709E-07
  7.189332666672E+02,  3.447377801435E+03,  3.488462193919E+03,  4.330350546877E+04,  4.430499204404E+04,  9.918599818371E+02,  8.756982035744E-01,NaN,NaN,  3.984768590081E-03,  7.408263995071E+15,  6.314972770404E+19,  2.097600300446E+20,  2.151573326137E+18,  1.526346129766E+21,  9.046804525010E+19,  9.128416311929E+12,  2.239578515074E+02,  6.613148786059E+01,  1.478266874577E+02,NaN,  9.999674433427E+00,NaN,  1.755720253470E-06,  3.445889952676E-02,NaN,  3.597251305867E+06,  4.618534590982E-07
  7.548993308286E+02,  3.443159488080E+03,  3.483928424713E+03,  4.281257027185E+04,  4.381398529831E+04,  9.918599818371E+02,  8.732724909272E-01,NaN,NaN,  3.999515393990E-03,  7.567287583346E+15,  6.300670937724E+19,  2.099029933903E+20,  2.201916561767E+18,  1.526182286836E+21,  9.061598288620E+19,  9.133454388068E+12,  2.243129933817E+02,  6.638589348856E+01,  1.479274397212E+02,NaN,  9.999658415223E+00,NaN,  1.756689255322E-06,  3.444454179375E-02,NaN,  3.608226176960E+06,  4.634143918044E-07
  7.939736529040E+02,  3.438627020304E+03,  3.479053420906E+03,  4.228227653084E+04,  4.328361471227E+04,  9.918599818371E+02,  8.706571132251E-01,NaN,NaN,  4.015651390148E-03,  7.746207530801E+15,  6.284570471357E+19,  2.100639314220E+20,  2.258725993371E+18,  1.525995316901E+21,  9.078341602737E+19,  9.138956571705E+12,  2.247143207427E+02,  6.667381844597E+01,  1.480408594996E+02,NaN,  9.999641039413E+00,NaN,  1.757747521610E-06,  3.442832109996E-02,NaN,  3.619996878346E+06,  4.651050989064E-07
  8.336921024229E+02,  3.434033719816E+03,  3.474150819577E+03,  4.180023200411E+04,  4.280149734334E+04,  9.918599818371E+02,  8.680176703361E-01,NaN,NaN,  4.030882387930E-03,  7.876880590715E+15,  6.272806142796E+19,  2.101815573876E+20,  2.300341467103E+18,  1.525868133121E+21,  9.090672108462E+19,  9.144456071089E+12,  2.250092827665E+02,  6.688590215314E+01,  1.481237554491E+02,NaN,  9.999623405521E+00,NaN,  1.758805271621E-06,  3.441638310074E-02,NaN,  3.631802780921E+06,  4.668183543151E-07
  8.766966137510E+02,  3.429154297540E+03,  3.468901374849E+03,  4.123259287808E+04,  4.223377613899E+04,  9.918599818371E+02,  8.651868326052E-01,NaN,NaN,  4.048683651599E-03,  8.078027077828E+15,  6.254685485577E+19,  2.103626846592E+20,  2.364566182246E+18,  1.525654167336E+21,  9.109715087709E+19,  9.150550401136E+12,  2.254643763666E+02,  6.721336683032E+01,  1.482514034311E+02,NaN,  9.999604345203E+00,NaN,  1.759977428798E-06,  3.439799582457E-02,NaN,  3.644409110564E+06,  4.686674011233E-07
  9.208045746435E+02,  3.424172761270E+03,  3.463579757555E+03,  4.070822741645E+04,  4.170933194345E+04,  9.918599818371E+02,  8.623067185624E-01,NaN,NaN,  4.065747759107E-03,  8.232966621670E+15,  6.240719826418E+19,  2.105023103283E+20,  2.414206277600E+18,  1.525498108800E+21,  9.124511834144E+19,  9.156704053194E+12,  2.258172450513E+02,  6.746785496507E+01,  1.483498034941E+02,NaN,  9.999584830971E+00,NaN,  1.761160995715E-06,  3.438372391188E-02,NaN,  3.657152175998E+06,  4.705574371800E-07
  9.671483471527E+02,  3.419036592966E+03,  3.458055056271E+03,  4.011779866874E+04,  4.111881641682E+04,  9.918599818371E+02,  8.593090100698E-01,NaN,NaN,  4.084908726721E-03,  8.451164420031E+15,  6.221038630365E+19,  2.106990333643E+20,  2.484326464139E+18,  1.525262092620E+21,  9.145447011017E+19,  9.163299265018E+12,  2.263158622620E+02,  6.782785366946E+01,  1.484884424652E+02,NaN,  9.999564364952E+00,NaN,  1.762429490335E-06,  3.436358609372E-02,NaN,  3.670342743823E+06,  4.725363773445E-07
  1.017707725022E+03,  3.413472622153E+03,  3.452103836868E+03,  3.952791111352E+04,  4.052884105476E+04,  9.918599818371E+02,  8.560694027305E-01,NaN,NaN,  4.104722390600E-03,  8.643224567418E+15,  6.203703358947E+19,  2.108723338618E+20,  2.546281717329E+18,  1.525061351136E+21,  9.164043326730E+19,  9.170405021933E+12,  2.267577887227E+02,  6.814767028670E+01,  1.486105745915E+02,NaN,  9.999542080731E+00,NaN,  1.763796180997E-06,  3.434572687895E-02,NaN,  3.684507629988E+06,  4.746874506090E-07
  1.069934020348E+03,  3.407800794191E+03,  3.446038121950E+03,  3.893103776300E+04,  3.993187745759E+04,  9.918599818371E+02,  8.527562336209E-01,NaN,NaN,  4.125160432855E-03,  8.842278410502E+15,  6.185724813093E+19,  2.110520634245E+20,  2.610717326385E+18,  1.524851265880E+21,  9.183456213287E+19,  9.177752630125E+12,  2.272182859819E+02,  6.848152755716E+01,  1.487372375496E+02,NaN,  9.999519109889E+00,NaN,  1.765209388291E-06,  3.432712226201E-02,NaN,  3.698898274218E+06,  4.769008309839E-07
  1.123635097005E+03,  3.402046375059E+03,  3.439885647157E+03,  3.833096952188E+04,  3.933171959682E+04,  9.918599818371E+02,  8.493861078327E-01,NaN,NaN,  4.146123742589E-03,  9.046648689695E+15,  6.167253312145E+19,  2.112367199059E+20,  2.677113028500E+18,  1.524633637970E+21,  9.203537581742E+19,  9.185310415396E+12,  2.276937494905E+02,  6.882687946966E+01,  1.488673727138E+02,NaN,  9.999495540353E+00,NaN,  1.766663020139E-06,  3.430791837864E-02,NaN,  3.713446764989E+06,  4.791677354151E-07
  1.181859287739E+03,  3.395899528384E+03,  3.433309430959E+03,  3.768807251253E+04,  3.868872569691E+04,  9.918599818371E+02,  8.457709059234E-01,NaN,NaN,  4.169000438029E-03,  9.276491974337E+15,  6.146463837845E+19,  2.114445413930E+20,  2.752073115860E+18,  1.524384518670E+21,  9.226298893719E+19,  9.193523427044E+12,  2.282316142197E+02,  6.921830918032E+01,  1.490138332288E+02,NaN,  9.999470042311E+00,NaN,  1.768242675404E-06,  3.428620461919E-02,NaN,  3.728944092918E+06,  4.816154544391E-07
  1.243200102620E+03,  3.389520959381E+03,  3.426484908240E+03,  3.702456323001E+04,  3.802511646062E+04,  9.918599818371E+02,  8.420069380363E-01,NaN,NaN,  4.193124014568E-03,  9.521594424211E+15,  6.124276046089E+19,  2.116663374643E+20,  2.832351844800E+18,  1.524115349803E+21,  9.250785457204E+19,  9.202178266883E+12,  2.288089898857E+02,  6.963940265296E+01,  1.491701422191E+02,NaN,  9.999443243638E+00,NaN,  1.769907310000E-06,  3.426290593722E-02,NaN,  3.744968790865E+06,  4.841829556022E-07
  1.305387892579E+03,  3.383149490719E+03,  3.419671931270E+03,  3.637132545070E+04,  3.737177981803E+04,  9.918599818371E+02,  8.382363877539E-01,NaN,NaN,  4.217450104285E-03,  9.766643366711E+15,  6.102074476350E+19,  2.118882718511E+20,  2.912970865754E+18,  1.523844027979E+21,  9.275495250084E+19,  9.210936718923E+12,  2.293903021210E+02,  7.006433552285E+01,  1.493265486862E+02,NaN,  9.999416140317E+00,NaN,  1.771591872920E-06,  3.423945717766E-02,NaN,  3.760907992513E+06,  4.867743276411E-07
  1.372178488900E+03,  3.376381719688E+03,  3.412469523796E+03,  3.572769883692E+04,  3.672805316399E+04,  9.918599818371E+02,  8.342351484445E-01,NaN,NaN,  4.242332481120E-03,  9.981255076314E+15,  6.082615531750E+19,  2.120828205944E+20,  2.983881788018E+18,  1.523614642817E+21,  9.297360385114E+19,  9.220216989920E+12,  2.299034383563E+02,  7.044039413725E+01,  1.494636553422E+02,NaN,  9.999387103498E+00,NaN,  1.773376800249E-06,  3.421874921338E-02,NaN,  3.777695200258E+06,  4.895449536193E-07
  1.442994757986E+03,  3.369361326833E+03,  3.404960175216E+03,  3.501416774502E+04,  3.601441432837E+04,  9.918599818371E+02,  8.300503979491E-01,NaN,NaN,  4.270133287193E-03,  1.026920887851E+16,  6.056483128548E+19,  2.123440388705E+20,  3.079444436249E+18,  1.523286827385E+21,  9.326921953383E+19,  9.230174766601E+12,  2.305958523155E+02,  7.094874732781E+01,  1.496477468131E+02,NaN,  9.999356399367E+00,NaN,  1.775292036101E-06,  3.419084849507E-02,NaN,  3.795129178641E+06,  4.924682741092E-07
  1.515840853938E+03,  3.362225707170E+03,  3.397367546945E+03,  3.434669292703E+04,  3.534683551647E+04,  9.918599818371E+02,  8.258017103848E-01,NaN,NaN,  4.297232556549E-03,  1.050777624031E+16,  6.034813641559E+19,  2.125606802866E+20,  3.159014311329E+18,  1.523024178167E+21,  9.351700945517E+19,  9.240254676833E+12,  2.311746585859E+02,  7.137490880555E+01,  1.498004231018E+02,NaN,  9.999324901403E+00,NaN,  1.777230762595E-06,  3.416751813084E-02,NaN,  3.812685682721E+06,  4.954605510911E-07
  1.591848360724E+03,  3.354944121166E+03,  3.389584342147E+03,  3.362444074670E+04,  3.462447356833E+04,  9.918599818371E+02,  8.214328161827E-01,NaN,NaN,  4.326880236255E-03,  1.081395756475E+16,  6.006975620879E+19,  2.128389449923E+20,  3.261630464641E+18,  1.522667760788E+21,  9.383782725224E+19,  9.250872243122E+12,  2.319224175007E+02,  7.192659568374E+01,  1.499965279063E+02,NaN,  9.999292131435E+00,NaN,  1.779272899537E-06,  3.413742203226E-02,NaN,  3.830609394399E+06,  4.985667280765E-07
  1.671594209316E+03,  3.347406054029E+03,  3.381565348829E+03,  3.293222412747E+04,  3.393214702766E+04,  9.918599818371E+02,  8.169136018709E-01,NaN,NaN,  4.356494040662E-03,  1.107921998539E+16,  5.982834540258E+19,  2.130802879489E+20,  3.351015591235E+18,  1.522366735744E+21,  9.411923563049E+19,  9.261833662334E+12,  2.325764345922E+02,  7.241056255545E+01,  1.501666124062E+02,NaN,  9.999257849146E+00,NaN,  1.781381171669E-06,  3.411109744565E-02,NaN,  3.848998789220E+06,  5.018088128402E-07
  1.755498611074E+03,  3.339622972588E+03,  3.373286294560E+03,  3.222377485717E+04,  3.322358744711E+04,  9.918599818371E+02,  8.122284592487E-01,NaN,NaN,  4.387628479480E-03,  1.136083583613E+16,  5.957180981356E+19,  2.133367467382E+20,  3.446395389182E+18,  1.522042281382E+21,  9.442112078929E+19,  9.273317437355E+12,  2.332763114730E+02,  7.292973813109E+01,  1.503473496672E+02,NaN,  9.999221891148E+00,NaN,  1.783589911466E-06,  3.408294850006E-02,NaN,  3.867902768733E+06,  5.052013776561E-07
  1.843811764331E+03,  3.331588922244E+03,  3.364741354184E+03,  3.149974759389E+04,  3.249944662450E+04,  9.918599818371E+02,  8.073757553591E-01,NaN,NaN,  4.420359678629E-03,  1.165919929109E+16,  5.929974411769E+19,  2.136087265102E+20,  3.547995102323E+18,  1.521693248583E+21,  9.474453854104E+19,  9.285342894813E+12,  2.340241490387E+02,  7.348593787196E+01,  1.505390252153E+02,NaN,  9.999184165489E+00,NaN,  1.785902836128E-06,  3.405289585645E-02,NaN,  3.887327285020E+06,  5.087521216263E-07
  1.936154583659E+03,  3.323354463602E+03,  3.355985621581E+03,  3.076687041395E+04,  3.176645303475E+04,  9.918599818371E+02,  8.023834844953E-01,NaN,NaN,  4.454494775345E-03,  1.197123582488E+16,  5.901490785802E+19,  2.138934694920E+20,  3.654860132763E+18,  1.521322867140E+21,  9.508680144529E+19,  9.297840512530E+12,  2.348133834255E+02,  7.407454125550E+01,  1.507396955326E+02,NaN,  9.999144849088E+00,NaN,  1.788306574060E-06,  3.402120837351E-02,NaN,  3.907140368387E+06,  5.124433510008E-07
  2.033496288917E+03,  3.314852499287E+03,  3.346947117887E+03,  3.001887648827E+04,  3.101834104393E+04,  9.918599818371E+02,  7.972113484022E-01,NaN,NaN,  4.490421158025E-03,  1.230150789078E+16,  5.871308729761E+19,  2.141951867239E+20,  3.768656023415E+18,  1.520924497148E+21,  9.545361536920E+19,  9.310927323978E+12,  2.356567922007E+02,  7.470535854511E+01,  1.509523283155E+02,NaN,  9.999103549207E+00,NaN,  1.790823634975E-06,  3.398738049583E-02,NaN,  3.927497786764E+06,  5.163110985224E-07
  2.135388392948E+03,  3.306140887375E+03,  3.337688768103E+03,  2.926316699412E+04,  3.026251076293E+04,  9.918599818371E+02,  7.918908922549E-01,NaN,NaN,  4.527913847571E-03,  1.264649711920E+16,  5.839744607391E+19,  2.145107165736E+20,  3.888286451888E+18,  1.520501852766E+21,  9.584188003557E+19,  9.324520385711E+12,  2.365468170934E+02,  7.537305939729E+01,  1.511746954294E+02,NaN,  9.999060473276E+00,NaN,  1.793438065888E-06,  3.395172269886E-02,NaN,  3.948250449412E+06,  5.203345575006E-07
  2.243157271502E+03,  3.297129276619E+03,  3.328113678184E+03,  2.849139013650E+04,  2.949061012263E+04,  9.918599818371E+02,  7.863671546584E-01,NaN,NaN,  4.567502180413E-03,  1.301239750065E+16,  5.806225791513E+19,  2.148457816350E+20,  4.016032742850E+18,  1.520045768122E+21,  9.625947286365E+19,  9.338779947687E+12,  2.375010343343E+02,  7.609118762615E+01,  1.514108298259E+02,NaN,  9.999015086026E+00,NaN,  1.796180688585E-06,  3.391354137898E-02,NaN,  3.969607499449E+06,  5.245627139560E-07
  2.355343490343E+03,  3.287924162956E+03,  3.318374242320E+03,  2.776125584580E+04,  2.876035563716E+04,  9.918599818371E+02,  7.807230431513E-01,NaN,NaN,  4.606792071551E-03,  1.332912853350E+16,  5.777177726514E+19,  2.151361937375E+20,  4.127364754043E+18,  1.519659429370E+21,  9.662641195132E+19,  9.353314108836E+12,  2.383367367728E+02,  7.672227154127E+01,  1.516154954102E+02,NaN,  9.998968022412E+00,NaN,  1.798976126504E-06,  3.388012036312E-02,NaN,  3.991221795080E+06,  5.289349641111E-07
  2.473983042224E+03,  3.278451065238E+03,  3.308316753260E+03,  2.697530726915E+04,  2.797427948895E+04,  9.918599818371E+02,  7.748751544463E-01,NaN,NaN,  4.650026353452E-03,  1.372745420413E+16,  5.740598961163E+19,  2.155018405986E+20,  4.268314780901E+18,  1.519147197541E+21,  9.709384777565E+19,  9.368702668000E+12,  2.393982053344E+02,  7.752610299608E+01,  1.518731820832E+02,NaN,  9.998918453257E+00,NaN,  1.801935895654E-06,  3.383775989575E-02,NaN,  4.013427100758E+06,  5.335274659110E-07
  2.597730566251E+03,  3.268805948333E+03,  3.298082076528E+03,  2.619005593770E+04,  2.718890019524E+04,  9.918599818371E+02,  7.688985845969E-01,NaN,NaN,  4.694901710389E-03,  1.413860570458E+16,  5.702789524213E+19,  2.158797871473E+20,  4.414963494319E+18,  1.518609288670E+21,  9.758425251595E+19,  9.384570634910E+12,  2.405078342004E+02,  7.836942856517E+01,  1.521395368616E+02,NaN,  9.998866968661E+00,NaN,  1.804987872025E-06,  3.379355040787E-02,NaN,  4.035904763340E+06,  5.382836255482E-07
  2.728675846572E+03,  3.258817145016E+03,  3.287522844359E+03,  2.543342375271E+04,  2.643214135599E+04,  9.918599818371E+02,  7.627055233723E-01,NaN,NaN,  4.740373864341E-03,  1.450951294338E+16,  5.668634444280E+19,  2.162212400046E+20,  4.548292809714E+18,  1.518129622849E+21,  9.803425182830E+19,  9.400987531743E+12,  2.415223209347E+02,  7.914333339357E+01,  1.523801730057E+02,NaN,  9.998812727268E+00,NaN,  1.808145427211E-06,  3.375317743635E-02,NaN,  4.058970579298E+06,  5.432802681957E-07
  2.865662178742E+03,  3.248633414789E+03,  3.276762792805E+03,  2.467658369078E+04,  2.567517377951E+04,  9.918599818371E+02,  7.563679470273E-01,NaN,NaN,  4.787671954434E-03,  1.489381018494E+16,  5.633199825764E+19,  2.165754813434E+20,  4.687476619294E+18,  1.517624068615E+21,  9.850771957391E+19,  9.417933226593E+12,  2.425861735818E+02,  7.995759379959E+01,  1.526298217289E+02,NaN,  9.998756241878E+00,NaN,  1.811404689129E-06,  3.371091357115E-02,NaN,  4.082345905534E+06,  5.484680082811E-07
  3.008950466476E+03,  3.238269660703E+03,  3.265806737883E+03,  2.390824553870E+04,  2.491977515089E+04,  9.918599818371E+02,  7.498882281459E-01,NaN,NaN,  4.837482699023E-03,  1.529132614823E+16,  5.596496235175E+19,  2.169424055626E+20,  4.832577720380E+18,  1.517091882165E+21,  9.900538780785E+19,  9.435407719460E+12,  2.437005765046E+02,  8.081346864227E+01,  1.528884086096E+02,NaN,  9.998697437996E+00,NaN,  1.814765657779E-06,  3.366672526015E-02,NaN,  4.106014179139E+06,  5.538525137936E-07
  3.159933406007E+03,  3.227654467968E+03,  3.254576936658E+03,  2.312135138414E+04,  2.411967941786E+04,  9.918599818371E+02,  7.432243278038E-01,NaN,NaN,  4.890474030580E-03,  1.577222262063E+16,  5.552023610800E+19,  2.173869451688E+20,  5.009633938072E+18,  1.516417403055E+21,  9.961777700158E+19,  9.453751910590E+12,  2.450668734434E+02,  8.186654154075E+01,  1.532016943076E+02,NaN,  9.998635776691E+00,NaN,  1.818293900445E-06,  3.361269870613E-02,NaN,  4.130135881085E+06,  5.594815465520E-07
  3.319130275646E+03,  3.216748658391E+03,  3.243070175840E+03,  2.235764644320E+04,  2.335584217552E+04,  9.918599818371E+02,  7.363630989909E-01,NaN,NaN,  4.944633754984E-03,  1.620802743164E+16,  5.511656967355E+19,  2.177904786039E+20,  5.171613551919E+18,  1.515808710921E+21,  1.001840224534E+20,  9.472594836094E+12,  2.463249877136E+02,  8.284033356225E+01,  1.534860812377E+02,NaN,  9.998571091759E+00,NaN,  1.821918067530E-06,  3.356304856254E-02,NaN,  4.154708887041E+06,  5.653681329841E-07
  3.486976565939E+03,  3.205579304366E+03,  3.231291274489E+03,  2.159192943211E+04,  2.258999228876E+04,  9.918599818371E+02,  7.293112481042E-01,NaN,NaN,  5.001418463112E-03,  1.666273288364E+16,  5.469473562898E+19,  2.182121691893E+20,  5.342165898141E+18,  1.515160431648E+21,  1.007859491868E+20,  9.492135936037E+12,  2.476572490478E+02,  8.387547969779E+01,  1.537832642728E+02,NaN,  9.998503251604E+00,NaN,  1.825676518479E-06,  3.351060606394E-02,NaN,  4.179713826273E+06,  5.715219948886E-07
  3.661673334731E+03,  3.194292513203E+03,  3.219397131140E+03,  2.083769674222E+04,  2.183562658177E+04,  9.918599818371E+02,  7.221612373034E-01,NaN,NaN,  5.060031184902E-03,  1.712607507756E+16,  5.426419314198E+19,  2.186425638613E+20,  5.517615092891E+18,  1.514486900293E+21,  1.014113620419E+20,  9.512112153536E+12,  2.490360293450E+02,  8.495101304318E+01,  1.540865814426E+02,NaN,  9.998433029716E+00,NaN,  1.829518658063E-06,  3.345648038715E-02,NaN,  4.204811580553E+06,  5.778714140983E-07
  3.846099556835E+03,  3.182735220952E+03,  3.207224426133E+03,  2.008274547009E+04,  2.108054180554E+04,  9.918599818371E+02,  7.148133256417E-01,NaN,NaN,  5.121543860233E-03,  1.760922466723E+16,  5.381449518935E+19,  2.190921027827E+20,  5.702379776243E+18,  1.513769053310E+21,  1.020767815621E+20,  9.532825735581E+12,  2.504970891280E+02,  8.609533761120E+01,  1.544033903676E+02,NaN,  9.998359315613E+00,NaN,  1.833502619166E-06,  3.339929664110E-02,NaN,  4.230340591218E+06,  5.845146409394E-07
  4.038558753051E+03,  3.171044156108E+03,  3.194919827177E+03,  1.933925041576E+04,  2.033691304243E+04,  9.918599818371E+02,  7.073557847236E-01,NaN,NaN,  5.185196754451E-03,  1.810241029511E+16,  5.335466434633E+19,  2.195517692145E+20,  5.892934139176E+18,  1.513020710033E+21,  1.027704554577E+20,  9.554027314984E+12,  2.520138693085E+02,  8.728824805828E+01,  1.547273365739E+02,NaN,  9.998282838751E+00,NaN,  1.837580439577E-06,  3.334012348597E-02,NaN,  4.255986762387E+06,  5.913836639071E-07
  4.242826812984E+03,  3.158995285188E+03,  3.182280483313E+03,  1.862865892294E+04,  1.962619064609E+04,  9.918599818371E+02,  6.996627397137E-01,NaN,NaN,  5.249858968934E-03,  1.854995904932E+16,  5.293669319616E+19,  2.199696316325E+20,  6.067620722849E+18,  1.512344638154E+21,  1.034136650084E+20,  9.575857546650E+12,  2.534144880085E+02,  8.839446226666E+01,  1.550218217389E+02,NaN,  9.998202161098E+00,NaN,  1.841779172256E-06,  3.328563456999E-02,NaN,  4.282165280891E+06,  5.986057205469E-07
  4.460680577668E+03,  3.146603828975E+03,  3.169251853058E+03,  1.787650848674E+04,  1.887390240626E+04,  9.918599818371E+02,  6.917027226797E-01,NaN,NaN,  5.321044722918E-03,  1.909453090591E+16,  5.242720607398E+19,  2.204789244852E+20,  6.282416136384E+18,  1.511479647290E+21,  1.042124803721E+20,  9.598932198422E+12,  2.551470217113E+02,  8.976816143682E+01,  1.553807417646E+02,NaN,  9.998116663675E+00,NaN,  1.846217251335E-06,  3.321851457493E-02,NaN,  4.308976363994E+06,  6.062322843372E-07
  4.686024481457E+03,  3.134214585582E+03,  3.156237787112E+03,  1.714865584456E+04,  1.814591450266E+04,  9.918599818371E+02,  6.837193030539E-01,NaN,NaN,  5.393859860824E-03,  1.963962325219E+16,  5.191625108251E+19,  2.209896852410E+20,  6.499987298154E+18,  1.510593929098E+21,  1.050315877752E+20,  9.622279301965E+12,  2.569154848242E+02,  9.117675788117E+01,  1.557406962830E+02,NaN,  9.998028809327E+00,NaN,  1.850707732613E-06,  3.315028784517E-02,NaN,  4.335583115875E+06,  6.140411045086E-07
  4.921059025045E+03,  3.121697215653E+03,  3.143134782707E+03,  1.647158096342E+04,  1.746870952174E+04,  9.918599818371E+02,  6.756478716942E-01,NaN,NaN,  5.466250132697E-03,  2.012019086752E+16,  5.146496439291E+19,  2.214408454433E+20,  6.694011068222E+18,  1.509814721423E+21,  1.057713305709E+20,  9.645827187699E+12,  2.585055649891E+02,  9.244897755202E+01,  1.560586477927E+02,NaN,  9.997937789142E+00,NaN,  1.855236831473E-06,  3.308916815983E-02,NaN,  4.362197363774E+06,  6.221025957890E-07
  5.173994311400E+03,  3.108738497080E+03,  3.129539750568E+03,  1.575083730674E+04,  1.674782935035E+04,  9.918599818371E+02,  6.672442456490E-01,NaN,NaN,  5.546706054330E-03,  2.070800668851E+16,  5.091190393945E+19,  2.219936861907E+20,  6.934124154950E+18,  1.508812053135E+21,  1.066970310690E+20,  9.670930330141E+12,  2.604869614147E+02,  9.404086119106E+01,  1.564482578455E+02,NaN,  9.997840518059E+00,NaN,  1.860065061705E-06,  3.301339273101E-02,NaN,  4.389627914969E+06,  6.306856869700E-07
  5.433278085625E+03,  3.095895333196E+03,  3.116115000359E+03,  1.509729545726E+04,  1.609415848361E+04,  9.918599818371E+02,  6.589079443935E-01,NaN,NaN,  5.625020873886E-03,  2.121187981559E+16,  5.043691528841E+19,  2.224685350504E+20,  7.142541361148E+18,  1.507953119993E+21,  1.075114853882E+20,  9.695756726006E+12,  2.622222069714E+02,  9.544155983460E+01,  1.567829037452E+02,NaN,  9.997741526765E+00,NaN,  1.864840063694E-06,  3.294732183075E-02,NaN,  4.416533739639E+06,  6.393879284504E-07
  5.709633710340E+03,  3.082742902133E+03,  3.102339950494E+03,  1.441206183419E+04,  1.540879054209E+04,  9.918599818371E+02,  6.503275388525E-01,NaN,NaN,  5.711022063396E-03,  2.181503680805E+16,  4.986719383523E+19,  2.230380273655E+20,  7.395131531556E+18,  1.506872836922E+21,  1.085103749213E+20,  9.721952628209E+12,  2.643411886932E+02,  9.715930117371E+01,  1.571842488559E+02,NaN,  9.997636793788E+00,NaN,  1.869878470629E-06,  3.286709689285E-02,NaN,  4.443956400642E+06,  6.485600496820E-07
  5.995131796815E+03,  3.069633135182E+03,  3.088652913932E+03,  1.378278014210E+04,  1.478359665887E+04,  9.918599818371E+02,  6.417649421799E-01,NaN,NaN,  5.795860481392E-03,  2.233817374635E+16,  4.937208281410E+19,  2.235329871433E+20,  7.617136756880E+18,  1.505933645127E+21,  1.094007332537E+20,  9.748052165698E+12,  2.662211310334E+02,  9.869053197086E+01,  1.575330677627E+02,NaN,  9.997529424927E+00,NaN,  1.874898343191E-06,  3.279628399332E-02,NaN,  4.471019892803E+06,  6.579262939128E-07
  6.297833999141E+03,  3.056287278889E+03,  3.074703243188E+03,  1.313747211320E+04,  1.413394224690E+04,  9.918599818371E+02,  6.330126321054E-01,NaN,NaN,  5.887513928771E-03,  2.295630924154E+16,  4.878584603179E+19,  2.241189849038E+20,  7.882906633758E+18,  1.504768162785E+21,  1.104801328258E+20,  9.775448466244E+12,  2.684901837850E+02,  1.005467204780E+02,  1.579460449527E+02,NaN,  9.997416474048E+00,NaN,  1.880167629571E-06,  3.271135557560E-02,NaN,  4.498415930001E+06,  6.677414289116E-07
  6.613410040303E+03,  3.042919517630E+03,  3.060738958650E+03,  1.251035450897E+04,  1.350669545138E+04,  9.918599818371E+02,  6.242184274596E-01,NaN,NaN,  5.982376617042E-03,  2.357719641106E+16,  4.819570612893E+19,  2.247088833119E+20,  8.153826073826E+18,  1.503563875449E+21,  1.115967012546E+20,  9.803356385582E+12,  2.708258986644E+02,  1.024668260117E+02,  1.583617710927E+02,NaN,  9.997299674515E+00,NaN,  1.885535318504E-06,  3.262451783262E-02,NaN,  4.525653750996E+06,  6.778495973627E-07
  6.945166872521E+03,  3.029390445637E+03,  3.046650808806E+03,  1.192851491983E+04,  1.292473201113E+04,  9.918599818371E+02,  6.153126885038E-01,NaN,NaN,  6.077330312961E-03,  2.413063152773E+16,  4.766857443928E+19,  2.252358439903E+20,  8.398782996978E+18,  1.502482323449E+21,  1.126215474822E+20,  9.831674995767E+12,  2.729596539331E+02,  1.042293317660E+02,  1.587331423758E+02,NaN,  9.997177900319E+00,NaN,  1.890981997944E-06,  3.254568762909E-02,NaN,  4.552945601668E+06,  6.883454866002E-07
  7.294391190886E+03,  3.015759567133E+03,  3.032434409696E+03,  1.133251347481E+04,  1.232860343580E+04,  9.918599818371E+02,  6.062969232425E-01,NaN,NaN,  6.179947539163E-03,  2.477229834151E+16,  4.705609300947E+19,  2.258480690830E+20,  8.686915128097E+18,  1.501165839439E+21,  1.138434543234E+20,  9.861203667609E+12,  2.754922315864E+02,  1.063305758069E+02,  1.591646030664E+02,NaN,  9.997050816460E+00,NaN,  1.896661415429E-06,  3.245282719896E-02,NaN,  4.580296874637E+06,  6.992526524478E-07
  7.665469006755E+03,  3.001848258601E+03,  3.017968558161E+03,  1.077438931135E+04,  1.177035573390E+04,  9.918599818371E+02,  5.970895375794E-01,NaN,NaN,  6.283906790333E-03,  2.535413309157E+16,  4.649950793030E+19,  2.264044635698E+20,  8.952206669038E+18,  1.499958331032E+21,  1.149863975077E+20,  9.891514531036E+12,  2.778498007845E+02,  1.082961643223E+02,  1.595567175884E+02,NaN,  9.996916971312E+00,NaN,  1.902491276272E-06,  3.236701430085E-02,NaN,  4.607935181544E+06,  7.106901993699E-07
  8.048941527444E+03,  2.988110443793E+03,  3.003665392715E+03,  1.021796257705E+04,  1.121380559348E+04,  9.918599818371E+02,  5.879587949183E-01,NaN,NaN,  6.393719391601E-03,  2.600455724218E+16,  4.587593041694E+19,  2.270277763855E+20,  9.253350111338E+18,  1.498543309195E+21,  1.163025971255E+20,  9.922537795447E+12,  2.805523338088E+02,  1.105595597140E+02,  1.599959922623E+02,NaN,  9.996779923969E+00,NaN,  1.908458157251E-06,  3.226947191992E-02,NaN,  4.635073340802E+06,  7.223494064633E-07
  8.456207651152E+03,  2.974119306524E+03,  2.989141033412E+03,  9.699274327317E+03,  1.069499778146E+04,  9.918599818371E+02,  5.786542167880E-01,NaN,NaN,  6.504739509276E-03,  2.659148101038E+16,  4.531198785195E+19,  2.275915222892E+20,  9.529464873823E+18,  1.497250090791E+21,  1.175291596161E+20,  9.954384857379E+12,  2.830588837101E+02,  1.126689584357E+02,  1.603932876359E+02,NaN,  9.996635723850E+00,NaN,  1.914583483894E-06,  3.217973926807E-02,NaN,  4.662440544699E+06,  7.345605571281E-07
  8.882509907965E+03,  2.960150516213E+03,  2.974620510030E+03,  9.175056511825E+03,  1.017065890855E+04,  9.918599818371E+02,  5.693274253142E-01,NaN,NaN,  6.623825581126E-03,  2.726016214236E+16,  4.466803079835E+19,  2.282351990651E+20,  9.849135278038E+18,  1.495702544979E+21,  1.189705904137E+20,  9.987491102814E+12,  2.859911033484E+02,  1.151477015406E+02,  1.608469136464E+02,NaN,  9.996486240426E+00,NaN,  1.920950996466E-06,  3.207575065719E-02,NaN,  4.689610486284E+06,  7.471589872046E-07
  9.327729385070E+03,  2.946183629607E+03,  2.960146544570E+03,  8.698857163601E+03,  9.694345089426E+03,  9.918599818371E+02,  5.599981800182E-01,NaN,NaN,  6.741603148368E-03,  2.784385688593E+16,  4.410466479363E+19,  2.287983664466E+20,  1.013288716526E+19,  1.494334807746E+21,  1.202716917980E+20,  1.002089691098E+13,  2.886254389678E+02,  1.173853040701E+02,  1.612438013111E+02,NaN,  9.996331659137E+00,NaN,  1.927376125643E-06,  3.198316960237E-02,NaN,  4.716506175448E+06,  7.601226246059E-07
  9.798133547753E+03,  2.932130080163E+03,  2.945562090233E+03,  8.212374063200E+03,  9.207744687200E+03,  9.918599818371E+02,  5.505737866155E-01,NaN,NaN,  6.869443825113E-03,  2.851942952009E+16,  4.345112361222E+19,  2.294516175999E+20,  1.046678648750E+19,  1.492669384723E+21,  1.218263793080E+20,  1.005605929490E+13,  2.917591587537E+02,  1.200588120525E+02,  1.617041747867E+02,NaN,  9.996169980317E+00,NaN,  1.934139107030E-06,  3.187416727876E-02,NaN,  4.743420152582E+06,  7.736129891751E-07
  1.029920100590E+04,  2.917865565293E+03,  2.930769105747E+03,  7.737550217519E+03,  8.732803592011E+03,  9.918599818371E+02,  5.409866568028E-01,NaN,NaN,  7.004138051696E-03,  2.921202698893E+16,  4.277947098053E+19,  2.301229657512E+20,  1.081554485295E+19,  1.490898940004E+21,  1.234790764412E+20,  1.009289477428E+13,  2.950741519577E+02,  1.229008484580E+02,  1.621773019756E+02,NaN,  9.995999582888E+00,NaN,  1.941223884386E-06,  3.176015704715E-02,NaN,  4.770529158826E+06,  7.877546855710E-07
  1.082084405170E+04,  2.903693995902E+03,  2.916116781144E+03,  7.311046381130E+03,  8.306189519610E+03,  9.918599818371E+02,  5.314611265691E-01,NaN,NaN,  7.136556833774E-03,  2.981004466902E+16,  4.219819130264E+19,  2.307040284967E+20,  1.112217139249E+19,  1.489346621607E+21,  1.249583141607E+20,  1.013001022133E+13,  2.980274305869E+02,  1.254448032980E+02,  1.625868012536E+02,NaN,  9.995824086916E+00,NaN,  1.948362509519E-06,  3.165967764225E-02,NaN,  4.797193934230E+06,  8.022379060013E-07
  1.136586023800E+04,  2.889632479827E+03,  2.901560607445E+03,  6.883198154639E+03,  7.878230434592E+03,  9.918599818371E+02,  5.219782954379E-01,NaN,NaN,  7.278322499113E-03,  3.048632805184E+16,  4.153931695883E+19,  2.313626013922E+20,  1.147512668748E+19,  1.487500252782E+21,  1.266885558660E+20,  1.016873997868E+13,  3.014667843371E+02,  1.284202144530E+02,  1.630509251841E+02,NaN,  9.995642744294E+00,NaN,  1.955811624137E-06,  3.154403915443E-02,NaN,  4.823501880434E+06,  8.171168703661E-07
  1.194141410512E+04,  2.875515759214E+03,  2.886958377532E+03,  6.471691342506E+03,  7.466613852265E+03,  9.918599818371E+02,  5.124374757604E-01,NaN,NaN,  7.426033534723E-03,  3.116737179485E+16,  4.087418320248E+19,  2.320274258635E+20,  1.183755879822E+19,  1.485571226325E+21,  1.284977011337E+20,  1.020906659867E+13,  3.050462200021E+02,  1.315313097774E+02,  1.635194548620E+02,NaN,  9.995453399149E+00,NaN,  1.963567872434E-06,  3.142522450219E-02,NaN,  4.849712823300E+06,  8.325573228649E-07
  1.254392204349E+04,  2.861479068683E+03,  2.872451239709E+03,  6.080973928286E+03,  7.075789266517E+03,  9.918599818371E+02,  5.029364365583E-01,NaN,NaN,  7.578246322735E-03,  3.184199298705E+16,  4.021371102791E+19,  2.326875880040E+20,  1.220376149232E+19,  1.483589288831E+21,  1.303594894076E+20,  1.025070286614E+13,  3.087129004955E+02,  1.347329422595E+02,  1.639846988000E+02,NaN,  9.995257464392E+00,NaN,  1.971576012683E-06,  3.130513249909E-02,NaN,  4.875576128723E+06,  8.484314051254E-07
  1.317188009383E+04,  2.847591199073E+03,  2.858110389524E+03,  5.712347972748E+03,  6.707059505719E+03,  9.918599818371E+02,  4.935213258716E-01,NaN,NaN,  7.734227694988E-03,  3.250469619115E+16,  3.956333809264E+19,  2.333376534342E+20,  1.257073156908E+19,  1.481570472570E+21,  1.322596988178E+20,  1.029353335817E+13,  3.124385469664E+02,  1.380006621668E+02,  1.644428271630E+02,NaN,  9.995055656809E+00,NaN,  1.979813844936E-06,  3.118478194823E-02,NaN,  4.900971381621E+06,  8.646715975925E-07
  1.383050265449E+04,  2.833746398066E+03,  2.843853977071E+03,  5.381831696792E+03,  6.376460167829E+03,  9.918599818371E+02,  4.841356828098E-01,NaN,NaN,  7.887989482223E-03,  3.307290660759E+16,  3.900446514256E+19,  2.338963055394E+20,  1.289140378275E+19,  1.479811215401E+21,  1.339503983455E+20,  1.033718952669E+13,  3.157397413540E+02,  1.409083601385E+02,  1.648365327233E+02,NaN,  9.994846504030E+00,NaN,  1.988210484249E-06,  3.107951054191E-02,NaN,  4.926049696930E+06,  8.813819010996E-07
  1.452231330830E+04,  2.820020571685E+03,  2.829673677406E+03,  5.029108229135E+03,  6.023618496817E+03,  9.918599818371E+02,  4.747885984822E-01,NaN,NaN,  8.061676579635E-03,  3.381314180518E+16,  3.827465061891E+19,  2.346257190239E+20,  1.331745221729E+19,  1.477357385871E+21,  1.362342742082E+20,  1.038408183172E+13,  3.201808411798E+02,  1.448356286887E+02,  1.653505809868E+02,NaN,  9.994629507088E+00,NaN,  1.997229548109E-06,  3.094004329063E-02,NaN,  4.950830176628E+06,  8.985891919724E-07
  1.525260223432E+04,  2.806277684778E+03,  2.815514425791E+03,  4.711090288782E+03,  5.705502664721E+03,  9.918599818371E+02,  4.654327128029E-01,NaN,NaN,  8.234678147703E-03,  3.446346051819E+16,  3.763187815753E+19,  2.352681728683E+20,  1.370012524590E+19,  1.475142267650E+21,  1.383279051805E+20,  1.043232995338E+13,  3.242337535207E+02,  1.484360030791E+02,  1.658033451461E+02,NaN,  9.994403288985E+00,NaN,  2.006509383900E-06,  3.081479126534E-02,NaN,  4.975412331532E+06,  9.163822532397E-07
  1.602266891581E+04,  2.792577619749E+03,  2.801409161729E+03,  4.408319723478E+03,  5.402635705752E+03,  9.918599818371E+02,  4.560908565770E-01,NaN,NaN,  8.414198297851E-03,  3.511019464788E+16,  3.699114621009E+19,  2.359085808199E+20,  1.408870607058E+19,  1.472853698132E+21,  1.404937025982E+20,  1.048275097858E+13,  3.284093309092E+02,  1.521604935911E+02,  1.662546674790E+02,NaN,  9.994167822872E+00,NaN,  2.016207146591E-06,  3.068778294395E-02,NaN,  4.999741821797E+06,  9.347442044582E-07
  1.682742209489E+04,  2.779054533577E+03,  2.787496926146E+03,  4.123835103181E+03,  5.118057693612E+03,  9.918599818371E+02,  4.468589879679E-01,NaN,NaN,  8.598318774005E-03,  3.574218852852E+16,  3.636356773447E+19,  2.365358372560E+20,  1.447648243567E+19,  1.470531990007E+21,  1.426954863479E+20,  1.053495542206E+13,  3.326375487645E+02,  1.559469003878E+02,  1.666967213875E+02,NaN,  9.993924962928E+00,NaN,  2.026247924269E-06,  3.056125393759E-02,NaN,  5.023584475419E+06,  9.535076553263E-07
  1.767958779109E+04,  2.765546633694E+03,  2.773609116598E+03,  3.852315744174E+03,  4.846446249924E+03,  9.918599818371E+02,  4.376259026670E-01,NaN,NaN,  8.790148691411E-03,  3.637251526142E+16,  3.573621670460E+19,  2.371628581955E+20,  1.487149666058E+19,  1.468125568734E+21,  1.449801021002E+20,  1.058980278193E+13,  3.370080515439E+02,  1.598757689549E+02,  1.671386093317E+02,NaN,  9.993671220488E+00,NaN,  2.036797029096E-06,  3.043264398598E-02,NaN,  5.047234295480E+06,  9.729163152574E-07
  1.856963657471E+04,  2.752276692978E+03,  2.759949606265E+03,  3.582034774740E+03,  4.576072128475E+03,  9.918599818371E+02,  4.285331592587E-01,NaN,NaN,  8.996628406578E-03,  3.707703022438E+16,  3.503332294155E+19,  2.378653328322E+20,  1.532304270059E+19,  1.465286964365E+21,  1.476417440831E+20,  1.064761785291E+13,  3.420797907316E+02,  1.644527062016E+02,  1.676336726598E+02,NaN,  9.993409822297E+00,NaN,  2.047916930688E-06,  3.028616998046E-02,NaN,  5.070349588835E+06,  9.926991589755E-07
  1.951674874291E+04,  2.738961477063E+03,  2.746278138015E+03,  3.339163851813E+03,  4.333112744750E+03,  9.918599818371E+02,  4.194125767631E-01,NaN,NaN,  9.202895504277E-03,  3.769121832422E+16,  3.441907989577E+19,  2.384792364226E+20,  1.572593988398E+19,  1.462740526432E+21,  1.500661178211E+20,  1.070767749700E+13,  3.466814164118E+02,  1.686219625834E+02,  1.680663162581E+02,NaN,  9.993135510784E+00,NaN,  2.059468543797E-06,  3.015574343872E-02,NaN,  5.093341736885E+06,  1.013221549761E-06
  2.050616180694E+04,  2.725915022571E+03,  2.732866405578E+03,  3.097638395244E+03,  4.091497713194E+03,  9.918599818371E+02,  4.104530833534E-01,NaN,NaN,  9.425182963734E-03,  3.837782097524E+16,  3.373080157615E+19,  2.391670858605E+20,  1.618678586323E+19,  1.459735492242E+21,  1.528918953613E+20,  1.077100226753E+13,  3.520251179723E+02,  1.734811902711E+02,  1.685510725954E+02,NaN,  9.992853034126E+00,NaN,  2.071648157255E-06,  3.000725731248E-02,NaN,  5.115758972709E+06,  1.034090626900E-06
  2.155836725466E+04,  2.712866258861E+03,  2.719485711504E+03,  2.882093651532E+03,  3.875868306690E+03,  9.918599818371E+02,  4.014967165980E-01,NaN,NaN,  9.646355900869E-03,  3.896974082018E+16,  3.313604975934E+19,  2.397614900056E+20,  1.659351041671E+19,  1.457069992073E+21,  1.554377677540E+20,  1.083669374472E+13,  3.568219960098E+02,  1.778594628841E+02,  1.689699741171E+02,NaN,  9.992556924279E+00,NaN,  2.084282972873E-06,  2.987657199227E-02,NaN,  5.137989273653E+06,  1.055674272982E-06
  2.271407353737E+04,  2.699488391313E+03,  2.705745765947E+03,  2.654699093414E+03,  3.648382876216E+03,  9.918599818371E+02,  3.922903783864E-01,NaN,NaN,  9.899793739225E-03,  3.968354073541E+16,  3.241714222108E+19,  2.404799195715E+20,  1.709587660435E+19,  1.453663627753E+21,  1.586432758210E+20,  1.090971726143E+13,  3.628401967217E+02,  1.833716764092E+02,  1.694762815527E+02,NaN,  9.992236661453E+00,NaN,  2.098328001373E-06,  2.971611888667E-02,NaN,  5.160677321200E+06,  1.078670026644E-06
  2.385517902275E+04,  2.687104856159E+03,  2.693066355549E+03,  2.471967393551E+03,  3.465573154640E+03,  9.918599818371E+02,  3.837750849312E-01,NaN,NaN,  1.012889470314E-02,  4.022048004701E+16,  3.187513045755E+19,  2.410215970594E+20,  1.748301691438E+19,  1.451038349724E+21,  1.611658415301E+20,  1.097950303108E+13,  3.675599806823E+02,  1.877100290200E+02,  1.698580243885E+02,NaN,  9.991925162000E+00,NaN,  2.111750295559E-06,  2.959287793801E-02,NaN,  5.181490231937E+06,  1.100676484254E-06
  2.505352573045E+04,  2.674958266173E+03,  2.680612298511E+03,  2.288047878027E+03,  3.281573491229E+03,  9.918599818371E+02,  3.754071609643E-01,NaN,NaN,  1.037868833401E-02,  4.083327658825E+16,  3.125524513022E+19,  2.416410530352E+20,  1.793461916385E+19,  1.447877943100E+21,  1.641600222351E+20,  1.105341825693E+13,  3.731452351658E+02,  1.928590491598E+02,  1.702945809856E+02,NaN,  9.991602894449E+00,NaN,  2.125966831553E-06,  2.945000585484E-02,NaN,  5.201818432445E+06,  1.123061953470E-06
  2.631507958848E+04,  2.663009043004E+03,  2.668367482057E+03,  2.115746610089E+03,  3.109194126772E+03,  9.918599818371E+02,  3.671670221972E-01,NaN,NaN,  1.063711689999E-02,  4.143002265548E+16,  3.065027020702E+19,  2.422455947232E+20,  1.838505258713E+19,  1.444668913050E+21,  1.672052080370E+20,  1.113039809546E+13,  3.788077366948E+02,  1.980958389879E+02,  1.707206268588E+02,NaN,  9.991268707345E+00,NaN,  2.140772801942E-06,  2.930832338955E-02,NaN,  5.221695104560E+06,  1.145850890620E-06
  2.763127905844E+04,  2.651396788857E+03,  2.656451253711E+03,  1.944351577172E+03,  2.937719202488E+03,  9.918599818371E+02,  3.591450794785E-01,NaN,NaN,  1.091816553834E-02,  4.209513387863E+16,  2.997443898845E+19,  2.429209019979E+20,  1.889989299946E+19,  1.440888758867E+21,  1.707553350284E+20,  1.121128432868E+13,  3.853880322078E+02,  2.042005605227E+02,  1.711965442079E+02,NaN,  9.990925320879E+00,NaN,  2.156330111451E-06,  2.914761125091E-02,NaN,  5.240934529623E+06,  1.168805428530E-06
  2.903138988047E+04,  2.639862099680E+03,  2.644643956574E+03,  1.793840503331E+03,  2.787133547645E+03,  9.918599818371E+02,  3.511806601885E-01,NaN,NaN,  1.119597808032E-02,  4.265797534124E+16,  2.940123929196E+19,  2.434936592341E+20,  1.934689418071E+19,  1.437581526894E+21,  1.739036786971E+20,  1.129464195447E+13,  3.912056352656E+02,  2.096148772296E+02,  1.716001902454E+02,NaN,  9.990565618250E+00,NaN,  2.172362757955E-06,  2.900889479275E-02,NaN,  5.259897837539E+06,  1.192341632967E-06
  3.050041993837E+04,  2.628607671008E+03,  2.633129808671E+03,  1.654215428581E+03,  2.647436163821E+03,  9.918599818371E+02,  3.434062911627E-01,NaN,NaN,  1.148156271329E-02,  4.319765697180E+16,  2.885052477501E+19,  2.440439303513E+20,  1.978562883442E+19,  1.434281906642E+21,  1.770514039475E+20,  1.138070503975E+13,  3.970064232435E+02,  2.150282377017E+02,  1.719879893720E+02,NaN,  9.990193980845E+00,NaN,  2.188915760880E-06,  2.887366638635E-02,NaN,  5.278294980976E+06,  1.216087434163E-06
  3.203012761868E+04,  2.617748115318E+03,  2.622002855912E+03,  1.515306906056E+03,  2.508453646707E+03,  9.918599818371E+02,  3.358894377733E-01,NaN,NaN,  1.179293146665E-02,  4.380128899510E+16,  2.823328141901E+19,  2.446606407507E+20,  2.028845901315E+19,  1.430387588427E+21,  1.807258091870E+20,  1.147051936986E+13,  4.037593191824E+02,  2.213468928016E+02,  1.724226110463E+02,NaN,  9.989813128249E+00,NaN,  2.206190262068E-06,  2.872005148709E-02,NaN,  5.295984696433E+06,  1.239813685409E-06
  3.368437203227E+04,  2.606841763433E+03,  2.610854431008E+03,  1.392320984444E+03,  2.385397951026E+03,  9.918599818371E+02,  3.283481644049E-01,NaN,NaN,  1.210439546815E-02,  4.431242199983E+16,  2.770954157586E+19,  2.451839154781E+20,  2.072493356099E+19,  1.426985711255E+21,  1.839803785985E+20,  1.156404119145E+13,  4.097249859235E+02,  2.269441915065E+02,  1.727913846853E+02,NaN,  9.989407507512E+00,NaN,  2.224177846189E-06,  2.858759658510E-02,NaN,  5.313621691668E+06,  1.264388422090E-06
  3.537214119070E+04,  2.596574038758E+03,  2.600343691883E+03,  1.273059060365E+03,  2.266066261231E+03,  9.918599818371E+02,  3.212332422045E-01,NaN,NaN,  1.243661321020E-02,  4.486764544423E+16,  2.713953287070E+19,  2.457533862787E+20,  2.121044332316E+19,  1.423094346379E+21,  1.876643454739E+20,  1.165909813784E+13,  4.164612337912E+02,  2.332795167136E+02,  1.731927146338E+02,NaN,  9.989000201349E+00,NaN,  2.242460689600E-06,  2.844165113381E-02,NaN,  5.330170807106E+06,  1.288326046275E-06
  3.714166719377E+04,  2.586602530810E+03,  2.590163442662E+03,  1.172729162184E+03,  2.165673771349E+03,  9.918599818371E+02,  3.143290956787E-01,NaN,NaN,  1.275301259595E-02,  4.530233687831E+16,  2.669246046981E+19,  2.462000133592E+20,  2.159954503912E+19,  1.419972259204E+21,  1.906718658484E+20,  1.175416072117E+13,  4.219483947085E+02,  2.384523412269E+02,  1.735074714625E+02,NaN,  9.988579758390E+00,NaN,  2.260744617194E-06,  2.832546644042E-02,NaN,  5.346126934691E+06,  1.312253089692E-06
  3.900233241359E+04,  2.576950250755E+03,  2.580290986798E+03,  1.070589056648E+03,  2.063468230396E+03,  9.918599818371E+02,  3.076354446404E-01,NaN,NaN,  1.310595442126E-02,  4.580723101235E+16,  2.617228564821E+19,  2.467196435607E+20,  2.206123048317E+19,  1.416156846008E+21,  1.942967717024E+20,  1.185361742813E+13,  4.285482320795E+02,  2.446864088297E+02,  1.738736766512E+02,NaN,  9.988144318724E+00,NaN,  2.279873691589E-06,  2.818891003944E-02,NaN,  5.361532831276E+06,  1.336183601390E-06
  4.095489105120E+04,  2.567627860470E+03,  2.570759878292E+03,  9.765818023206E+02,  1.969397835999E+03,  9.918599818371E+02,  3.011690440373E-01,NaN,NaN,  1.346991600878E-02,  4.628503758295E+16,  2.567913838740E+19,  2.472122429671E+20,  2.250855093147E+19,  1.412401713083E+21,  1.978711410985E+20,  1.195482212122E+13,  4.350422769772E+02,  2.508337481818E+02,  1.742208321053E+02,NaN,  9.987694390724E+00,NaN,  2.299338966105E-06,  2.805780003857E-02,NaN,  5.376343122393E+06,  1.359993719408E-06
  4.303684332457E+04,  2.558526401437E+03,  2.561434988285E+03,  8.796715914647E+02,  1.872420370849E+03,  9.918599818371E+02,  2.948421508916E-01,NaN,NaN,  1.388707430905E-02,  4.684100036636E+16,  2.510424300125E+19,  2.477864791040E+20,  2.304203997788E+19,  1.407794108170E+21,  2.022106308509E+20,  1.206176950710E+13,  4.429090560826E+02,  2.582963113807E+02,  1.746255203861E+02,NaN,  9.987221995846E+00,NaN,  2.319908765403E-06,  2.790319236120E-02,NaN,  5.390773510666E+06,  1.383988014401E-06
  4.520297197044E+04,  2.549832031524E+03,  2.552552583898E+03,  8.001670964143E+02,  1.792856928710E+03,  9.918599818371E+02,  2.888078678822E-01,NaN,NaN,  1.427991730933E-02,  4.726749823034E+16,  2.466241689958E+19,  2.482277432315E+20,  2.346162042770E+19,  1.404152883945E+21,  2.056892949575E+20,  1.216635662853E+13,  4.492027056613E+02,  2.642794679148E+02,  1.749364977170E+02,NaN,  9.986737689565E+00,NaN,  2.340024601608E-06,  2.778266486929E-02,NaN,  5.404464784988E+06,  1.407512251331E-06
  4.748082992065E+04,  2.541481531933E+03,  2.544024561981E+03,  7.273401080726E+02,  1.719973513631E+03,  9.918599818371E+02,  2.830069353191E-01,NaN,NaN,  1.468463801516E-02,  4.766623512248E+16,  2.424873089227E+19,  2.486408604116E+20,  2.386225178410E+19,  1.400630430726E+21,  2.090618579222E+20,  1.227173641013E+13,  4.552942995724E+02,  2.700804225275E+02,  1.752276387139E+02,NaN,  9.986235970728E+00,NaN,  2.360292894656E-06,  2.766861892446E-02,NaN,  5.417560196616E+06,  1.430735136555E-06
  4.996509026886E+04,  2.533224383546E+03,  2.535570570321E+03,  6.496975534675E+02,  1.642268841739E+03,  9.918599818371E+02,  2.772602885688E-01,NaN,NaN,  1.516703334423E-02,  4.815295593655E+16,  2.374295417411E+19,  2.491459362091E+20,  2.436229850005E+19,  1.396108158218E+21,  2.133364884234E+20,  1.238451694815E+13,  4.630013921807E+02,  2.774321059758E+02,  1.755835868039E+02,NaN,  9.985697018916E+00,NaN,  2.381984617298E-06,  2.752792839145E-02,NaN,  5.430494219053E+06,  1.454395500055E-06
  5.250383701403E+04,  2.525547961094E+03,  2.527736401015E+03,  5.890924993509E+02,  1.581612176726E+03,  9.918599818371E+02,  2.719265108772E-01,NaN,NaN,  1.560272398328E-02,  4.849683261319E+16,  2.338505229765E+19,  2.495032479889E+20,  2.472364365174E+19,  1.392841771952E+21,  2.164787499863E+20,  1.249087004022E+13,  4.686581630656E+02,  2.828376072510E+02,  1.758353993956E+02,NaN,  9.985154016536E+00,NaN,  2.402440112685E-06,  2.742709167433E-02,NaN,  5.442437777893E+06,  1.476909624874E-06
  5.526781564852E+04,  2.518022370597E+03,  2.520034763398E+03,  5.240979628260E+02,  1.516560626150E+03,  9.918599818371E+02,  2.666860464448E-01,NaN,NaN,  1.612685101262E-02,  4.892381667847E+16,  2.294003711384E+19,  2.499475401923E+20,  2.518134081593E+19,  1.388586735314E+21,  2.205123889369E+20,  1.260356521897E+13,  4.759085710740E+02,  2.897754866600E+02,  1.761485107386E+02,NaN,  9.984571251289E+00,NaN,  2.424115417693E-06,  2.730082180275E-02,NaN,  5.454139941389E+06,  1.499614017180E-06
  5.806419160255E+04,  2.511165677952E+03,  2.513020855947E+03,  4.680354034061E+02,  1.460446492939E+03,  9.918599818371E+02,  2.619086285265E-01,NaN,NaN,  1.664777390494E-02,  4.929619256829E+16,  2.255136648450E+19,  2.503355127924E+20,  2.558934575357E+19,  1.384744998302E+21,  2.241638796192E+20,  1.271047878325E+13,  4.824624738628E+02,  2.960565502696E+02,  1.764219312957E+02,NaN,  9.983989852815E+00,NaN,  2.444678711890E-06,  2.718943167080E-02,NaN,  5.464763366141E+06,  1.520800008394E-06
  6.106018738417E+04,  2.504564441735E+03,  2.506269609435E+03,  4.163718633923E+02,  1.408733396799E+03,  9.918599818371E+02,  2.573466871939E-01,NaN,NaN,  1.720026008353E-02,  4.964484158531E+16,  2.218697201004E+19,  2.506991841524E+20,  2.597906768717E+19,  1.381029749003E+21,  2.277011415501E+20,  1.281761943541E+13,  4.888031883736E+02,  3.021415850178E+02,  1.766782257503E+02,NaN,  9.983375140258E+00,NaN,  2.465285683191E-06,  2.708407169138E-02,NaN,  5.474958688641E+06,  1.541665501833E-06
  6.413995614987E+04,  2.498480499247E+03,  2.500050442006E+03,  3.713676563691E+02,  1.363684120672E+03,  9.918599818371E+02,  2.531805555068E-01,NaN,NaN,  1.775534157011E-02,  4.994863044965E+16,  2.186906727199E+19,  2.510163759232E+20,  2.632493558829E+19,  1.377699912116E+21,  2.308817834394E+20,  1.291981569189E+13,  4.944982942853E+02,  3.076137767819E+02,  1.769017640895E+02,NaN,  9.982750928966E+00,NaN,  2.484941670737E-06,  2.699139492610E-02,NaN,  5.484324335999E+06,  1.561309231334E-06
  6.737419586708E+04,  2.492768474726E+03,  2.494213411030E+03,  3.311487161904E+02,  1.323423375924E+03,  9.918599818371E+02,  2.492955329893E-01,NaN,NaN,  1.832630530898E-02,  5.022048209731E+16,  2.158427027742E+19,  2.513004481620E+20,  2.663958665575E+19,  1.374643795560E+21,  2.338090287591E+20,  1.301898142572E+13,  4.997347304406E+02,  3.126506631020E+02,  1.771019617060E+02,NaN,  9.982103128559E+00,NaN,  2.504014780616E-06,  2.690777084524E-02,NaN,  5.493091780355E+06,  1.580125093892E-06
  7.076049392228E+04,  2.487445438287E+03,  2.488776297102E+03,  2.956468033971E+02,  1.287883224836E+03,  9.918599818371E+02,  2.457110727310E-01,NaN,NaN,  1.890636718813E-02,  5.045839978467E+16,  2.133478278851E+19,  2.515492010289E+20,  2.691913376072E+19,  1.371910759410E+21,  2.364363374852E+20,  1.311413419998E+13,  5.044309501145E+02,  3.171722466386E+02,  1.772772682804E+02,NaN,  9.981432673223E+00,NaN,  2.522316055145E-06,  2.683403504616E-02,NaN,  5.501238807425E+06,  1.597990765389E-06
  7.436907339792E+04,  2.482419820062E+03,  2.483621320943E+03,  2.570446133618E+02,  1.249238411526E+03,  9.918599818371E+02,  2.423539437573E-01,NaN,NaN,  1.963201496847E-02,  5.076389581287E+16,  2.101409147997E+19,  2.518690360787E+20,  2.728321748392E+19,  1.368254953011E+21,  2.398931273150E+20,  1.321099120704E+13,  5.106031982877E+02,  3.231198010129E+02,  1.775026694493E+02,NaN,  9.980725284594E+00,NaN,  2.540945114465E-06,  2.673892656067E-02,NaN,  5.508945567139E+06,  1.615238798147E-06
  7.809366634419E+04,  2.477851861715E+03,  2.478936052426E+03,  2.234062645663E+02,  1.215561486750E+03,  9.918599818371E+02,  2.393130154913E-01,NaN,NaN,  2.038260205861E-02,  5.103197164407E+16,  2.073237940629E+19,  2.521498906362E+20,  2.760823267012E+19,  1.364958723064E+21,  2.430142807133E+20,  1.330157752856E+13,  5.161712327953E+02,  3.284906281020E+02,  1.777005994309E+02,NaN,  9.980002704097E+00,NaN,  2.558368097156E-06,  2.665481026306E-02,NaN,  5.515935371242E+06,  1.631182576829E-06
  8.206227767041E+04,  2.473526502099E+03,  2.474523192197E+03,  1.990766973326E+02,  1.191202863000E+03,  9.918599818371E+02,  2.364613236149E-01,NaN,NaN,  2.102756609716E-02,  5.118622905518E+16,  2.057008979208E+19,  2.523113783829E+20,  2.779784635710E+19,  1.363067826410E+21,  2.448561963920E+20,  1.338499957644E+13,  5.194568245478E+02,  3.316631760403E+02,  1.778144066165E+02,NaN,  9.979239316609E+00,NaN,  2.574413134328E-06,  2.660588169103E-02,NaN,  5.522505984713E+06,  1.646437233736E-06
  8.644459335223E+04,  2.469390186322E+03,  2.470279468697E+03,  1.704863576882E+02,  1.162577805511E+03,  9.918599818371E+02,  2.337461331622E-01,NaN,NaN,  2.190782901449E-02,  5.141740399465E+16,  2.032673881462E+19,  2.525537622460E+20,  2.808482982995E+19,  1.360111507593E+21,  2.476597005394E+20,  1.347147845266E+13,  5.244526932935E+02,  3.364890619773E+02,  1.779852246868E+02,NaN,  9.978404038341E+00,NaN,  2.591046108688E-06,  2.653253823717E-02,NaN,  5.528813085903E+06,  1.661329312740E-06
  9.085559463180E+04,  2.465779710635E+03,  2.466576380824E+03,  1.468468129871E+02,  1.138908694671E+03,  9.918599818371E+02,  2.313932381298E-01,NaN,NaN,  2.278575018733E-02,  5.160607865129E+16,  2.012794718573E+19,  2.527516056413E+20,  2.832206063692E+19,  1.357651846361E+21,  2.499977060526E+20,  1.354838420578E+13,  5.286171025519E+02,  3.405148765875E+02,  1.781246532222E+02,NaN,  9.977570136346E+00,NaN,  2.605837829809E-06,  2.647231930697E-02,NaN,  5.534307358455E+06,  1.674505493736E-06
  9.589868650723E+04,  2.462231212080E+03,  2.462935032498E+03,  1.241591481772E+02,  1.116191915056E+03,  9.918599818371E+02,  2.290953909592E-01,NaN,NaN,  2.380852158124E-02,  5.178881536629E+16,  1.993525349634E+19,  2.529432285351E+20,  2.855440366478E+19,  1.355223442161E+21,  2.523052322759E+20,  1.362579352493E+13,  5.327256333476E+02,  3.444893088018E+02,  1.782596979093E+02,NaN,  9.976624015722E+00,NaN,  2.620726404650E-06,  2.641371210273E-02,NaN,  5.539701573574E+06,  1.687629707709E-06
  1.010113542721E+05,  2.459160056101E+03,  2.459784664087E+03,  1.056470230971E+02,  1.097655436223E+03,  9.918599818371E+02,  2.271125445930E-01,NaN,NaN,  2.483130586166E-02,  5.193418407412E+16,  1.978183624420E+19,  2.530955820912E+20,  2.874110081079E+19,  1.353263245308E+21,  2.541725305150E+20,  1.369369280094E+13,  5.360499156403E+02,  3.477071738482E+02,  1.783670678478E+02,NaN,  9.975671310495E+00,NaN,  2.633785858779E-06,  2.636686313102E-02,NaN,  5.544361712839E+06,  1.699120682352E-06
  1.062805747912E+05,  2.456465990103E+03,  2.457022304203E+03,  9.035297332924E+01,  1.082340876565E+03,  9.918599818371E+02,  2.253762771912E-01,NaN,NaN,  2.585990402441E-02,  5.205022854032E+16,  1.965927534884E+19,  2.532170644508E+20,  2.889136863462E+19,  1.351681166043E+21,  2.556835748558E+20,  1.375385042030E+13,  5.387403272405E+02,  3.503129476288E+02,  1.784526815598E+02,NaN,  9.974695406603E+00,NaN,  2.645356316030E-06,  2.632931475482E-02,NaN,  5.548442754519E+06,  1.709302029755E-06
  1.120900000147E+05,  2.453973323532E+03,  2.454466629337E+03,  7.683060484978E+01,  1.068800068362E+03,  9.918599818371E+02,  2.237768813366E-01,NaN,NaN,  2.696691490543E-02,  5.215021245701E+16,  1.955360600431E+19,  2.533215565696E+20,  2.902175784899E+19,  1.350304189288E+21,  2.569996566975E+20,  1.381013439286E+13,  5.410844237908E+02,  3.525844737776E+02,  1.785263215368E+02,NaN,  9.973625820152E+00,NaN,  2.656181732749E-06,  2.629686475844E-02,NaN,  5.552214174352E+06,  1.718810648863E-06
  1.184633625977E+05,  2.451745320958E+03,  2.452153620167E+03,  5.960573887917E+01,  1.051551423656E+03,  9.918599818371E+02,  2.223419343551E-01,NaN,NaN,  2.876999279975E-02,  5.232213277788E+16,  1.937189186069E+19,  2.535019008676E+20,  2.924735481824E+19,  1.347848969603E+21,  2.592873897782E+20,  1.386633220086E+13,  5.451527396035E+02,  3.565268603125E+02,  1.786534177246E+02,NaN,  9.972458899443E+00,NaN,  2.666990576950E-06,  2.624115425851E-02,NaN,  5.555623958811E+06,  1.727491079013E-06
  1.248349690376E+05,  2.449839819061E+03,  2.450202939570E+03,  5.090583492853E+01,  1.042839238523E+03,  9.918599818371E+02,  2.211317554447E-01,NaN,NaN,  2.995935807399E-02,  5.237618531091E+16,  1.931462241577E+19,  2.535579061861E+20,  2.931895176031E+19,  1.347092237112E+21,  2.600170898035E+20,  1.390948265595E+13,  5.464555823925E+02,  3.577913965753E+02,  1.786928870206E+02,NaN,  9.971296121262E+00,NaN,  2.675289949520E-06,  2.622345330311E-02,NaN,  5.558497001565E+06,  1.734867471897E-06
  1.315255920531E+05,  2.448297149955E+03,  2.448595905377E+03,  3.919928776631E+01,  1.031116073966E+03,  9.918599818371E+02,  2.201413051070E-01,NaN,NaN,  3.201009113241E-02,  5.249493511531E+16,  1.918895920306E+19,  2.536821663467E+20,  2.947672705478E+19,  1.345353907349E+21,  2.616278574735E+20,  1.394957923539E+13,  5.493212379885E+02,  3.605706949384E+02,  1.787804583654E+02,NaN,  9.970082001632E+00,NaN,  2.683001952808E-06,  2.618481147703E-02,NaN,  5.560862119060E+06,  1.740983050637E-06
  1.385166078798E+05,  2.446864750516E+03,  2.447134745319E+03,  3.421370956502E+01,  1.026123296335E+03,  9.918599818371E+02,  2.192394036153E-01,NaN,NaN,  3.314397016114E-02,  5.251233093133E+16,  1.917039282760E+19,  2.536993649620E+20,  2.950008279240E+19,  1.345116594107E+21,  2.618650534010E+20,  1.398136804901E+13,  5.497510872355E+02,  3.609896908161E+02,  1.787925789507E+02,NaN,  9.968814779520E+00,NaN,  2.689116076222E-06,  2.617903351528E-02,NaN,  5.563011148304E+06,  1.746574061811E-06
  1.458194450420E+05,  2.445747188579E+03,  2.445966033699E+03,  2.583470564915E+01,  1.017732194584E+03,  9.918599818371E+02,  2.185238501375E-01,NaN,NaN,  3.557809074265E-02,  5.259831823736E+16,  1.907929099779E+19,  2.537889592299E+20,  2.961510474094E+19,  1.343834202670E+21,  2.630430630739E+20,  1.401108461862E+13,  5.518493501639E+02,  3.630261309880E+02,  1.788557197876E+02,NaN,  9.967496693483E+00,NaN,  2.694831633155E-06,  2.615100436693E-02,NaN,  5.564729093774E+06,  1.751067131473E-06
  1.531345528266E+05,  2.444863099510E+03,  2.445076777816E+03,  2.500834044943E+01,  1.016904592762E+03,  9.918599818371E+02,  2.179725639796E-01,NaN,NaN,  3.588598316452E-02,  5.257342791431E+16,  1.910545181346E+19,  2.537613908713E+20,  2.958202134960E+19,  1.344214950185E+21,  2.626952437009E+20,  1.402873680910E+13,  5.512425626296E+02,  3.624400879378E+02,  1.788362912095E+02,NaN,  9.966180784058E+00,NaN,  2.698226779397E-06,  2.615908218532E-02,NaN,  5.566035682795E+06,  1.754498469705E-06
  1.614396622712E+05,  2.443953260200E+03,  2.444121946129E+03,  1.823355788667E+01,  1.010119948399E+03,  9.918599818371E+02,  2.173918444165E-01,NaN,NaN,  3.885587800975E-02,  5.264346937244E+16,  1.903116006299E+19,  2.538339822851E+20,  2.967590013641E+19,  1.343156897131E+21,  2.636570782700E+20,  1.405331679046E+13,  5.529587071395E+02,  3.641065696584E+02,  1.788874494222E+02,NaN,  9.964685356021E+00,NaN,  2.702954387081E-06,  2.613625471404E-02,NaN,  5.567438073690E+06,  1.758195048504E-06
  1.703317315612E+05,  2.443253871605E+03,  2.443385163415E+03,  1.304711260479E+01,  1.004925911153E+03,  9.918599818371E+02,  2.169437401680E-01,NaN,NaN,  4.226418670848E-02,  5.269741989951E+16,  1.897386657307E+19,  2.538894676960E+20,  2.974849929668E+19,  1.342328598955E+21,  2.643992299290E+20,  1.407239834613E+13,  5.542860254813E+02,  3.653963814927E+02,  1.789265523175E+02,NaN,  9.963088964491E+00,NaN,  2.706624451265E-06,  2.611868710954E-02,NaN,  5.568519820903E+06,  1.761056137251E-06
  1.806102692375E+05,  2.442693474245E+03,  2.442792094647E+03,  8.904925201730E+00,  1.000777628767E+03,  9.918599818371E+02,  2.165830413764E-01,NaN,NaN,  4.651422434475E-02,  5.274077119472E+16,  1.892774804085E+19,  2.539335073835E+20,  2.980699731997E+19,  1.341649492119E+21,  2.649941218333E+20,  1.408782824281E+13,  5.553541213127E+02,  3.664352817020E+02,  1.789575889317E+02,NaN,  9.961247969459E+00,NaN,  2.709592171095E-06,  2.610460731897E-02,NaN,  5.569390321092E+06,  1.763364662307E-06
  1.904021652594E+05,  2.442329768333E+03,  2.442405173275E+03,  6.224204555964E+00,  9.980930978856E+02,  9.918599818371E+02,  2.163477194732E-01,NaN,NaN,  5.088212549013E-02,  5.276900196901E+16,  1.889763806027E+19,  2.539616446650E+20,  2.984514857281E+19,  1.341195520988E+21,  2.653784893471E+20,  1.409792640597E+13,  5.560484636271E+02,  3.671115453664E+02,  1.789774184536E+02,NaN,  9.959497095552E+00,NaN,  2.711534408278E-06,  2.609548315033E-02,NaN,  5.569958122182E+06,  1.764873412662E-06
  2.004459189035E+05,  2.442073605356E+03,  2.442131175067E+03,  4.342319743269E+00,  9.962083362040E+02,  9.918599818371E+02,  2.161810763659E-01,NaN,NaN,  5.568286157981E-02,  5.278895297412E+16,  1.887628269094E+19,  2.539809818304E+20,  2.987211576518E+19,  1.340863701443E+21,  2.656462664104E+20,  1.410508960591E+13,  5.565365596636E+02,  3.675878075550E+02,  1.789910461648E+02,NaN,  9.957703230882E+00,NaN,  2.712912147285E-06,  2.608908446537E-02,NaN,  5.570360153924E+06,  1.765943104440E-06
  2.124254955503E+05,  2.441871164904E+03,  2.441913287842E+03,  2.862539533605E+00,  9.947263902879E+02,  9.918599818371E+02,  2.160485594249E-01,NaN,NaN,  6.180398161577E-02,  5.280477344941E+16,  1.885925144954E+19,  2.539956105455E+20,  2.989347416468E+19,  1.340586971669E+21,  2.658531422565E+20,  1.411078988749E+13,  5.569193932127E+02,  3.679624691892E+02,  1.790013556336E+02,NaN,  9.955565675855E+00,NaN,  2.714008514877E-06,  2.608407684828E-02,NaN,  5.570679821855E+06,  1.766794491542E-06
  2.245426425182E+05,  2.441740230997E+03,  2.441771385045E+03,  1.914404972000E+00,  9.937768793398E+02,  9.918599818371E+02,  2.159622554919E-01,NaN,NaN,  6.834865385409E-02,  5.281503212288E+16,  1.884810291394E+19,  2.540043323319E+20,  2.990727927990E+19,  1.340393058817E+21,  2.659811138989E+20,  1.411449979480E+13,  5.571626319525E+02,  3.682017217846E+02,  1.790075022422E+02,NaN,  9.953405211014E+00,NaN,  2.714722062461E-06,  2.608090296899E-02,NaN,  5.570887995199E+06,  1.767349331156E-06
  2.359566467736E+05,  2.441557228137E+03,  2.441633935046E+03,  6.364287205933E+00,  9.982332613575E+02,  9.918599818371E+02,  2.158719604412E-01,NaN,NaN,  5.062138272653E-02,  5.273493378809E+16,  1.893261042531E+19,  2.539176284082E+20,  2.979877419515E+19,  1.341594711108E+21,  2.648390036779E+20,  1.411285461559E+13,  5.551547190182E+02,  3.662569479953E+02,  1.789463983520E+02,NaN,  9.951369956469E+00,NaN,  2.714405635781E-06,  2.610727365274E-02,NaN,  5.571089624281E+06,  1.767887030655E-06
  2.484085932448E+05,  2.441245374248E+03,  2.441300296897E+03,  4.075668241836E+00,  9.959412884527E+02,  9.918599818371E+02,  2.156704035416E-01,NaN,NaN,  5.659811081921E-02,  5.275920395387E+16,  1.890662223590E+19,  2.539411113215E+20,  2.983145260241E+19,  1.341191507595E+21,  2.651633299325E+20,  1.412161253078E+13,  5.557463538811E+02,  3.668342589368E+02,  1.789629477456E+02,NaN,  9.949144482608E+00,NaN,  2.716090095445E-06,  2.609949696176E-02,NaN,  5.571578998098E+06,  1.769193318760E-06
  2.609645477842E+05,  2.441048741079E+03,  2.441088418065E+03,  2.641479066303E+00,  9.945050073270E+02,  9.918599818371E+02,  2.155424036697E-01,NaN,NaN,  6.308713366678E-02,  5.277456537402E+16,  1.889006035073E+19,  2.539551523554E+20,  2.985210381022E+19,  1.340920512504E+21,  2.653622093414E+20,  1.412717752595E+13,  5.561158558286E+02,  3.671961072346E+02,  1.789728430509E+02,NaN,  9.946902826046E+00,NaN,  2.717160442635E-06,  2.609465238381E-02,NaN,  5.571889741816E+06,  1.770023699919E-06
  2.742649345794E+05,  2.440919490807E+03,  2.440948120618E+03,  1.709392959310E+00,  9.935715610609E+02,  9.918599818371E+02,  2.154576474190E-01,NaN,NaN,  7.034380483380E-02,  5.278468619314E+16,  1.887902754527E+19,  2.539635184248E+20,  2.986565612196E+19,  1.340725289367E+21,  2.654860625351E+20,  1.413085924860E+13,  5.563534503404E+02,  3.674301786009E+02,  1.789787389707E+02,NaN,  9.944530051007E+00,NaN,  2.717868569302E-06,  2.609154562539E-02,NaN,  5.572095488160E+06,  1.770573893095E-06
  2.885282701123E+05,  2.440835099223E+03,  2.440855866408E+03,  1.114015354396E+00,  9.929753533754E+02,  9.918599818371E+02,  2.154019149657E-01,NaN,NaN,  7.829530692056E-02,  5.279128690885E+16,  1.887169771774E+19,  2.539679909364E+20,  2.987442666731E+19,  1.340579564221E+21,  2.655587288464E+20,  1.413327373498E+13,  5.565016772234E+02,  3.675777966467E+02,  1.789818909371E+02,NaN,  9.941986921240E+00,NaN,  2.718332961207E-06,  2.608961474368E-02,NaN,  5.572230772372E+06,  1.770935830596E-06
  3.031543178353E+05,  2.440782625166E+03,  2.440798198216E+03,  7.589283059407E-01,  9.926197014577E+02,  9.918599818371E+02,  2.153670765579E-01,NaN,NaN,  8.618311974677E-02,  5.279535758526E+16,  1.886703738293E+19,  2.539697228441E+20,  2.987976092818E+19,  1.340470555159E+21,  2.655950307094E+20,  1.413477423291E+13,  5.565859765751E+02,  3.676634820846E+02,  1.789831114851E+02,NaN,  9.939380286722E+00,NaN,  2.718621560512E-06,  2.608852371127E-02,NaN,  5.572315335970E+06,  1.771162139188E-06
  3.188077264345E+05,  2.440748180105E+03,  2.440760289865E+03,  5.426724487683E-01,  9.924031783081E+02,  9.918599818371E+02,  2.153441754309E-01,NaN,NaN,  9.372319305096E-02,  5.279797515969E+16,  1.886389061483E+19,  2.539697364805E+20,  2.988310972880E+19,  1.340379967146E+21,  2.656092313526E+20,  1.413575130133E+13,  5.566325237090E+02,  3.677128082481E+02,  1.789831210952E+02,NaN,  9.936591646870E+00,NaN,  2.718809485640E-06,  2.608792918237E-02,NaN,  5.572370922966E+06,  1.771310929411E-06
  3.348810618183E+05,  2.440725815627E+03,  2.440735800096E+03,  4.195488162102E-01,  9.922798833188E+02,  9.918599818371E+02,  2.153293807140E-01,NaN,NaN,  9.995206863168E-02,  5.279960876318E+16,  1.886177539608E+19,  2.539686350933E+20,  2.988511714781E+19,  1.340302765352E+21,  2.656088631294E+20,  1.413637270610E+13,  5.566538314754E+02,  3.677377547076E+02,  1.789823449015E+02,NaN,  9.933729147333E+00,NaN,  2.718929003957E-06,  2.608766618956E-02,NaN,  5.572406833119E+06,  1.771407062530E-06
  3.529699519312E+05,  2.440709086875E+03,  2.440717721355E+03,  3.456673293231E-01,  9.922058990251E+02,  9.918599818371E+02,  2.153184590164E-01,NaN,NaN,  1.049124860172E-01,  5.280075482119E+16,  1.886012790884E+19,  2.539666629779E+20,  2.988643605908E+19,  1.340226274125E+21,  2.655986285231E+20,  1.413682151335E+13,  5.566604086348E+02,  3.677489421271E+02,  1.789809550691E+02,NaN,  9.930508719584E+00,NaN,  2.719015325610E-06,  2.608759846424E-02,NaN,  5.572433342332E+06,  1.771478034987E-06
  3.710588420442E+05,  2.440697023426E+03,  2.440704937955E+03,  3.077792657035E-01,  9.921679574964E+02,  9.918599818371E+02,  2.153107363307E-01,NaN,NaN,  1.080027957946E-01,  5.280151421609E+16,  1.885888974733E+19,  2.539642817129E+20,  2.988722983442E+19,  1.340155586991E+21,  2.655829112576E+20,  1.413712993413E+13,  5.566572660505E+02,  3.677506971050E+02,  1.789792768918E+02,NaN,  9.927289334603E+00,NaN,  2.719074645932E-06,  2.608765819916E-02,NaN,  5.572452086761E+06,  1.771528222099E-06
  3.899775917886E+05,  2.440686927216E+03,  2.440694451182E+03,  2.876945594705E-01,  9.921478478721E+02,  9.918599818371E+02,  2.153044010796E-01,NaN,NaN,  1.098409925861E-01,  5.280209792873E+16,  1.885781764446E+19,  2.539615684294E+20,  2.988777408878E+19,  1.340084817639E+21,  2.655634899830E+20,  1.413737661706E+13,  5.566486871991E+02,  3.677473964577E+02,  1.789773647272E+02,NaN,  9.923923295039E+00,NaN,  2.719122091864E-06,  2.608779006162E-02,NaN,  5.572467463545E+06,  1.771569394472E-06
  4.097262011644E+05,  2.440677756818E+03,  2.440685077591E+03,  2.773802191799E-01,  9.921375196727E+02,  9.918599818371E+02,  2.152987383220E-01,NaN,NaN,  1.108487358938E-01,  5.280259236561E+16,  1.885682012413E+19,  2.539586145082E+20,  2.988818617002E+19,  1.340012668383E+21,  2.655415915667E+20,  1.413759269950E+13,  5.566368442429E+02,  3.677411478379E+02,  1.789752829751E+02,NaN,  9.920410710724E+00,NaN,  2.719163652229E-06,  2.608796555990E-02,NaN,  5.572481208010E+06,  1.771606197671E-06
  4.344119628842E+05,  2.440667207322E+03,  2.440674413621E+03,  2.716100719516E-01,  9.921317419023E+02,  9.918599818371E+02,  2.152922960233E-01,NaN,NaN,  1.114334855188E-01,  5.280313350261E+16,  1.885565463700E+19,  2.539548406457E+20,  2.988859679427E+19,  1.339923636286E+21,  2.655131350060E+20,  1.413783455078E+13,  5.566201078828E+02,  3.677314601743E+02,  1.789726233759E+02,NaN,  9.916021613371E+00,NaN,  2.719210168861E-06,  2.608821024650E-02,NaN,  5.572496844486E+06,  1.771648068749E-06
  4.576049801763E+05,  2.440657702883E+03,  2.440664864587E+03,  2.693693870806E-01,  9.921294978023E+02,  9.918599818371E+02,  2.152865272770E-01,NaN,NaN,  1.116650901603E-01,  5.280360756739E+16,  1.885459598539E+19,  2.539512585538E+20,  2.988893591833E+19,  1.339840503413E+21,  2.654859192110E+20,  1.413804929109E+13,  5.566035209010E+02,  3.677215198186E+02,  1.789700989256E+02,NaN,  9.911899437500E+00,NaN,  2.719251471088E-06,  2.608845142051E-02,NaN,  5.572510846084E+06,  1.771685563507E-06
  4.807979974684E+05,  2.440648362527E+03,  2.440655505180E+03,  2.684125452649E-01,  9.921285399937E+02,  9.918599818371E+02,  2.152808730886E-01,NaN,NaN,  1.117650534264E-01,  5.280406775824E+16,  1.885355201499E+19,  2.539476616846E+20,  2.988925618496E+19,  1.339757578395E+21,  2.654585144070E+20,  1.413825919974E+13,  5.565865861410E+02,  3.677112405225E+02,  1.789675640611E+02,NaN,  9.907778838159E+00,NaN,  2.719291844014E-06,  2.608869712196E-02,NaN,  5.572524569578E+06,  1.771722314932E-06
  5.049933622529E+05,  2.440041113345E+03,  2.440178243283E+03,  1.379367333094E+01,  9.884560021703E+02,  9.746392031228E+02,  2.149904256944E-01,NaN,NaN,  4.175434096055E-02,  5.283882345048E+16,  1.881617736544E+19,  2.539801832683E+20,  2.993620813634E+19,  1.339155313893E+21,  2.659174492567E+20,  1.415088217212E+13,  5.574323741209E+02,  3.685384048975E+02,  1.789904833846E+02,NaN,  9.903483117044E+00,NaN,  2.721719692120E-06,  2.607763905329E-02,NaN,  5.573224296097E+06,  1.773598016110E-06
  5.302740874690E+05,  2.436749785114E+03,  2.437000240390E+03,  3.072235834386E+01,  9.712592571366E+02,  9.404886979999E+02,  2.130540736660E-01,NaN,NaN,  3.423930363139E-02,  5.298110636578E+16,  1.866490709830E+19,  2.541264211739E+20,  3.013085744784E+19,  1.336951042427E+21,  2.679322522232E+20,  1.423089521755E+13,  5.610337389833E+02,  3.720411748202E+02,  1.790935433678E+02,NaN,  9.899018058231E+00,NaN,  2.737109056452E-06,  2.603078617651E-02,NaN,  5.577880042903E+06,  1.786170729562E-06
  5.570628840972E+05,  2.431864098504E+03,  2.432140718988E+03,  3.494789237002E+01,  9.430554374731E+02,  9.080517680999E+02,  2.101197812042E-01,NaN,NaN,  3.324395130267E-02,  5.324439198104E+16,  1.838524023587E+19,  2.544007547301E+20,  3.049569722870E+19,  1.332816870762E+21,  2.717677220512E+20,  1.435966880871E+13,  5.678563434784E+02,  3.786751317128E+02,  1.792868777264E+02,NaN,  9.894331277331E+00,NaN,  2.761876814012E-06,  2.594346150852E-02,NaN,  5.584987087573E+06,  1.805677822279E-06
  5.857272028173E+05,  2.425873400156E+03,  2.426171484826E+03,  3.843691769982E+01,  9.134613944436E+02,  8.749621441004E+02,  2.065497841383E-01,NaN,NaN,  3.257169640980E-02,  5.349563740170E+16,  1.811801647728E+19,  2.546623969269E+20,  3.084985977032E+19,  1.328794889062E+21,  2.755398073824E+20,  1.451959611902E+13,  5.745631974825E+02,  3.852025510741E+02,  1.794712679519E+02,NaN,  9.889375663785E+00,NaN,  2.792636543653E-06,  2.585939319071E-02,NaN,  5.593697100273E+06,  1.830116730697E-06
  6.153396403044E+05,  2.419568828041E+03,  2.419870689098E+03,  3.890150954440E+01,  8.827024321079E+02,  8.437365386198E+02,  2.028272995591E-01,NaN,NaN,  3.259041754191E-02,  5.376727280753E+16,  1.782883919099E+19,  2.549458730370E+20,  3.123927039684E+19,  1.324320572781E+21,  2.797413499093E+20,  1.469651636706E+13,  5.820242919633E+02,  3.924689167668E+02,  1.796710454516E+02,NaN,  9.884326918234E+00,NaN,  2.826664621701E-06,  2.576789562270E-02,NaN,  5.602867094246E+06,  1.856499673153E-06
  6.461228858973E+05,  2.413168423890E+03,  2.413466754251E+03,  3.810910353786E+01,  8.522171638617E+02,  8.140435729027E+02,  1.990627889203E-01,NaN,NaN,  3.287895541240E-02,  5.404479681661E+16,  1.753305413437E+19,  2.552358050983E+20,  3.164427751352E+19,  1.319605942498E+21,  2.841699572132E+20,  1.488502749184E+13,  5.898811870926E+02,  4.001266582570E+02,  1.798753727307E+02,NaN,  9.879153241997E+00,NaN,  2.862922039032E-06,  2.567377587764E-02,NaN,  5.612162227985E+06,  1.883950563360E-06
  6.786309430543E+05,  2.406866273871E+03,  2.407153885719E+03,  3.611832240215E+01,  8.233346753170E+02,  7.871538494937E+02,  1.953988601172E-01,NaN,NaN,  3.344479153092E-02,  5.431213937555E+16,  1.724774553052E+19,  2.555150181840E+20,  3.204149571136E+19,  1.314919556783E+21,  2.885697800400E+20,  1.507939887973E+13,  5.976827185365E+02,  4.077367996865E+02,  1.800721458983E+02,NaN,  9.873770051305E+00,NaN,  2.900306594113E-06,  2.558250843119E-02,NaN,  5.621300645893E+06,  1.911658304836E-06
  7.129550412113E+05,  2.400484633857E+03,  2.400741045000E+03,  3.083669558001E+01,  7.902497201657E+02,  7.593580134567E+02,  1.917338291124E-01,NaN,NaN,  3.492354744816E-02,  5.467077678853E+16,  1.686468398484E+19,  2.558916378098E+20,  3.258494524040E+19,  1.308366142581E+21,  2.946896834104E+20,  1.529335619461E+13,  6.085109642719E+02,  4.183052283451E+02,  1.803375655386E+02,NaN,  9.868167446755E+00,NaN,  2.941458221982E-06,  2.545933287942E-02,NaN,  5.630558940882E+06,  1.940483549725E-06
  7.495846107376E+05,  2.393910998140E+03,  2.394159811454E+03,  2.947175159234E+01,  7.618123408640E+02,  7.322867915195E+02,  1.879934431951E-01,NaN,NaN,  3.545822230927E-02,  5.495058944651E+16,  1.656521101939E+19,  2.561844170119E+20,  3.301842901603E+19,  1.303084450295E+21,  2.996480065797E+20,  1.551716123175E+13,  6.172859858514E+02,  4.268798067463E+02,  1.805438993172E+02,NaN,  9.862276803355E+00,NaN,  2.984503918313E-06,  2.536234974240E-02,NaN,  5.640034420959E+06,  1.970799787532E-06
  7.877999687997E+05,  2.387401490085E+03,  2.387643334294E+03,  2.823009318276E+01,  7.347079706790E+02,  7.064251163959E+02,  1.843331101777E-01,NaN,NaN,  3.598095384294E-02,  5.522248203816E+16,  1.627382392060E+19,  2.564689192786E+20,  3.344760551748E+19,  1.297780538861E+21,  3.046265153537E+20,  1.574983182267E+13,  6.260911449729E+02,  4.354905167488E+02,  1.807443999925E+02,NaN,  9.856225202309E+00,NaN,  3.029254777049E-06,  2.526749807593E-02,NaN,  5.649390897172E+06,  2.001574340711E-06
  8.280804182656E+05,  2.380903026290E+03,  2.381138402864E+03,  2.708666248943E+01,  7.086192646377E+02,  6.814807711338E+02,  1.807292177647E-01,NaN,NaN,  3.649698865797E-02,  5.548961857191E+16,  1.598715280371E+19,  2.567484352475E+20,  3.387713620186E+19,  1.292395964308E+21,  3.096789897760E+20,  1.599385009693E+13,  6.350217370288E+02,  4.442304032209E+02,  1.809413866146E+02,NaN,  9.849944117132E+00,NaN,  3.076188200296E-06,  2.517372493613E-02,NaN,  5.658705326887E+06,  2.033070090295E-06
  8.700052787052E+05,  2.374508872265E+03,  2.374739064094E+03,  2.615852947655E+01,  6.839221458341E+02,  6.577124011140E+02,  1.772151375603E-01,NaN,NaN,  3.695948136756E-02,  5.574706036489E+16,  1.571051640771E+19,  2.570177296015E+20,  3.429867052209E+19,  1.287036409548E+21,  3.147058195460E+20,  1.624599790255E+13,  6.439022893201E+02,  4.529276097340E+02,  1.811311696361E+02,NaN,  9.843506825305E+00,NaN,  3.124685222568E-06,  2.508281507371E-02,NaN,  5.667843828948E+06,  2.064835813394E-06
  9.137231683882E+05,  2.368222041402E+03,  2.368449379855E+03,  2.559553821149E+01,  6.605743600941E+02,  6.349276067695E+02,  1.737951677772E-01,NaN,NaN,  3.730421657901E-02,  5.599438480782E+16,  1.544440243490E+19,  2.572762958680E+20,  3.471088799307E+19,  1.281722145121E+21,  3.196869914868E+20,  1.650620169096E+13,  6.526981771527E+02,  4.615478848025E+02,  1.813133921246E+02,NaN,  9.836897050896E+00,NaN,  3.174731697852E-06,  2.499498715724E-02,NaN,  5.676801935830E+06,  2.096837071258E-06
  9.594430682308E+05,  2.362023922371E+03,  2.362222472617E+03,  2.125869281057E+01,  6.344626198134E+02,  6.131600973476E+02,  1.704628299582E-01,NaN,NaN,  3.922682565312E-02,  5.631990671268E+16,  1.509391214378E+19,  2.576189164742E+20,  3.526395822377E+19,  1.274442988529E+21,  3.264834933134E+20,  1.678582256678E+13,  6.646749055413E+02,  4.732899617657E+02,  1.815548512303E+02,NaN,  9.830089316698E+00,NaN,  3.228512772049E-06,  2.487882238128E-02,NaN,  5.685647477593E+06,  2.129305332860E-06
  1.007537404412E+06,  2.355755469897E+03,  2.355950408010E+03,  2.063686812133E+01,  6.128365407262E+02,  5.921561590719E+02,  1.671392798353E-01,NaN,NaN,  3.967365929186E-02,  5.655904703098E+16,  1.483583852499E+19,  2.578689107767E+20,  3.567876457406E+19,  1.268919008294E+21,  3.316575818769E+20,  1.707288634181E+13,  6.737998532392E+02,  4.822457828243E+02,  1.817310326964E+02,NaN,  9.823034434765E+00,NaN,  3.283725381404E-06,  2.479283342454E-02,NaN,  5.694533968376E+06,  2.162825846874E-06
  1.058589818653E+06,  2.349490040941E+03,  2.349682304182E+03,  2.015405101743E+01,  5.918973701927E+02,  5.716998409353E+02,  1.638419950856E-01,NaN,NaN,  4.006666515466E-02,  5.679596156958E+16,  1.457984295518E+19,  2.581164474784E+20,  3.609683757314E+19,  1.263271556815E+21,  3.369413497590E+20,  1.737494892234E+13,  6.831141007761E+02,  4.913929537910E+02,  1.819054821883E+02,NaN,  9.815661455017E+00,NaN,  3.341822796368E-06,  2.470722887114E-02,NaN,  5.703391677825E+06,  2.197171031304E-06
  1.111782423060E+06,  2.343352502056E+03,  2.343544570825E+03,  2.002268834520E+01,  5.722398190861E+02,  5.521729892460E+02,  1.606569602170E-01,NaN,NaN,  4.028873713039E-02,  5.702088255739E+16,  1.433648331282E+19,  2.583511200112E+20,  3.650052557601E+19,  1.257742273891E+21,  3.421085667838E+20,  1.768581048714E+13,  6.922204643433E+02,  5.003414956594E+02,  1.820708657609E+02,NaN,  9.808099521419E+00,NaN,  3.401612570048E-06,  2.462557602356E-02,NaN,  5.712042798007E+06,  2.231648184668E-06
  1.168041482254E+06,  2.337237854687E+03,  2.337404670386E+03,  1.650518869457E+01,  5.497798861751E+02,  5.332372123083E+02,  1.575225682802E-01,NaN,NaN,  4.244882911644E-02,  5.732707310695E+16,  1.400504865585E+19,  2.586734086157E+20,  3.706030873967E+19,  1.249924381919E+21,  3.493973467676E+20,  1.802422296551E+13,  7.050374211916E+02,  5.129391974104E+02,  1.822979960525E+02,NaN,  9.800224262040E+00,NaN,  3.466701367710E-06,  2.451395462364E-02,NaN,  5.720674923532E+06,  2.267002922614E-06
  1.227904628149E+06,  2.330784582150E+03,  2.330951866619E+03,  1.647522649867E+01,  5.301602929651E+02,  5.136467502364E+02,  1.542440259130E-01,NaN,NaN,  4.264553028661E-02,  5.756656691383E+16,  1.374521620632E+19,  2.589237245497E+20,  3.750730391896E+19,  1.243598244545E+21,  3.553094355273E+20,  1.838916768309E+13,  7.154404962937E+02,  5.231741149349E+02,  1.824744041859E+02,NaN,  9.791973636096E+00,NaN,  3.536893261919E-06,  2.442604875800E-02,NaN,  5.729723286653E+06,  2.305123482810E-06
  1.291200687744E+06,  2.324421285893E+03,  2.324583547099E+03,  1.573154347134E+01,  5.115781009050E+02,  4.958090975549E+02,  1.510527499609E-01,NaN,NaN,  4.332041948529E-02,  5.779712921344E+16,  1.349471759360E+19,  2.591643096981E+20,  3.794525474600E+19,  1.237303840973E+21,  3.611820869815E+20,  1.876955303437E+13,  7.257715521281E+02,  5.333442010059E+02,  1.826439546266E+02,NaN,  9.783392885662E+00,NaN,  3.610054941069E-06,  2.434105205587E-02,NaN,  5.738629487118E+06,  2.343746696004E-06
  1.356388507320E+06,  2.318340053884E+03,  2.318502960029E+03,  1.573076577937E+01,  4.947384767385E+02,  4.789694574189E+02,  1.480484766060E-01,NaN,NaN,  4.349475523464E-02,  5.800618031166E+16,  1.326724708100E+19,  2.593817228861E+20,  3.834903245011E+19,  1.231413422721E+21,  3.666648963708E+20,  1.915195560245E+13,  7.354171580383E+02,  5.428452817373E+02,  1.827971748153E+02,NaN,  9.774697802053E+00,NaN,  3.683604603005E-06,  2.426368567593E-02,NaN,  5.747111406513E+06,  2.381585372109E-06
  1.424656918368E+06,  2.312371742731E+03,  2.312512132037E+03,  1.283236389838E+01,  4.756620276058E+02,  4.627975504935E+02,  1.451227679231E-01,NaN,NaN,  4.594906189700E-02,  5.829074577524E+16,  1.295754473194E+19,  2.596809558892E+20,  3.890848768477E+19,  1.223103140587E+21,  3.743959163784E+20,  1.956282978319E+13,  7.489865856343E+02,  5.562127905305E+02,  1.830080568580E+02,NaN,  9.765734483064E+00,NaN,  3.762630372218E-06,  2.415798839430E-02,NaN,  5.755447293384E+06,  2.419814017239E-06
  1.495938204484E+06,  2.306364576028E+03,  2.306506090344E+03,  1.290019024275E+01,  4.601975394919E+02,  4.472643627628E+02,  1.422137757293E-01,NaN,NaN,  4.607374906275E-02,  5.849043604311E+16,  1.273961299186E+19,  2.598881889122E+20,  3.930857851814E+19,  1.217068481534E+21,  3.800004969924E+20,  1.998420637572E+13,  7.588384512004E+02,  5.659278274921E+02,  1.831541026577E+02,NaN,  9.756517206867E+00,NaN,  3.843676130055E-06,  2.408343234609E-02,NaN,  5.763783676543E+06,  2.459116195904E-06
  1.572116081649E+06,  2.300375364153E+03,  2.300520145491E+03,  1.322715387901E+01,  4.453215160877E+02,  4.320598149127E+02,  1.393548292970E-01,NaN,NaN,  4.597221911742E-02,  5.868561860805E+16,  1.252632356097E+19,  2.600902060406E+20,  3.970572270110E+19,  1.210991010005E+21,  3.856295324573E+20,  2.042781154320E+13,  7.687324387225E+02,  5.756891369262E+02,  1.832964725977E+02,NaN,  9.746825269571E+00,NaN,  3.928997236200E-06,  2.401034442829E-02,NaN,  5.772071646486E+06,  2.499292020500E-06
  1.651201038392E+06,  2.294479178540E+03,  2.294606326096E+03,  1.106423245940E+01,  4.283307020716E+02,  4.172366284750E+02,  1.365777173712E-01,NaN,NaN,  4.826541140570E-02,  5.895547299680E+16,  1.223145792860E+19,  2.603734504100E+20,  4.026427119572E+19,  1.202304813659E+21,  3.936914193005E+20,  2.090651601463E+13,  7.828667329623E+02,  5.896337213663E+02,  1.834960867800E+02,NaN,  9.736920794936E+00,NaN,  4.021069191202E-06,  2.390893180574E-02,NaN,  5.780239711953E+06,  2.540002042627E-06
  1.734491783087E+06,  2.288255463420E+03,  2.288382376775E+03,  1.097409796293E+01,  4.136633496129E+02,  4.026590891815E+02,  1.336658836141E-01,NaN,NaN,  4.857220093084E-02,  5.916005310133E+16,  1.200733289486E+19,  2.605855872753E+20,  4.069583311296E+19,  1.195487833332E+21,  4.000117183066E+20,  2.142556133259E+13,  7.939604952763E+02,  6.005882481988E+02,  1.836455885229E+02,NaN,  9.726654433663E+00,NaN,  4.120900130774E-06,  2.383167940074E-02,NaN,  5.788814689125E+06,  2.583977269408E-06
  1.821356324015E+06,  2.282366696334E+03,  2.282496890828E+03,  1.129216696126E+01,  4.005696166759E+02,  3.892457562050E+02,  1.309516259322E-01,NaN,NaN,  4.842444109863E-02,  5.934133236997E+16,  1.180839012689E+19,  2.607722144673E+20,  4.108415091444E+19,  1.189251072040E+21,  4.057622112246E+20,  2.194401477258E+13,  8.040590340936E+02,  6.105657923694E+02,  1.837771125295E+02,NaN,  9.716124974065E+00,NaN,  4.220617231085E-06,  2.376308672544E-02,NaN,  5.796903205425E+06,  2.626663765381E-06
  1.912882717576E+06,  2.276503197958E+03,  2.276614026173E+03,  9.059999883733E+00,  3.852992320227E+02,  3.762131115115E+02,  1.282877145321E-01,NaN,NaN,  5.137731919583E-02,  5.960031456627E+16,  1.152426872398E+19,  2.610434562675E+20,  4.164812245802E+19,  1.180058711610E+21,  4.142731034524E+20,  2.251158495879E+13,  8.189646535136E+02,  6.252911778253E+02,  1.839682679981E+02,NaN,  9.705203360370E+00,NaN,  4.329781234692E-06,  2.366474913763E-02,NaN,  5.804968620880E+06,  2.670439080229E-06
  2.009699179712E+06,  2.270573634029E+03,  2.270687875443E+03,  9.381229476364E+00,  3.729730266527E+02,  3.635641634966E+02,  1.256223157806E-01,NaN,NaN,  5.114616792212E-02,  5.977851881147E+16,  1.132812353466E+19,  2.612262480482E+20,  4.204307457432E+19,  1.173493748870E+21,  4.203056385218E+20,  2.309973370907E+13,  8.295519189802E+02,  6.357609933159E+02,  1.840970890295E+02,NaN,  9.693832191909E+00,NaN,  4.442903230626E-06,  2.359689951087E-02,NaN,  5.813073743312E+06,  2.715694324922E-06
  2.110990274594E+06,  2.264890415795E+03,  2.264989434134E+03,  7.710604515990E+00,  3.591970147021E+02,  3.514630808003E+02,  1.230913193894E-01,NaN,NaN,  5.393572244436E-02,  6.002185732870E+16,  1.106039485603E+19,  2.614801299394E+20,  4.259146714710E+19,  1.164250241187E+21,  4.288313036491E+20,  2.371907456334E+13,  8.444768663212E+02,  6.505187186311E+02,  1.842760102424E+02,NaN,  9.682132885662E+00,NaN,  4.562024581415E-06,  2.350397647250E-02,NaN,  5.820848908185E+06,  2.760343656212E-06
  2.217377155746E+06,  2.258882795557E+03,  2.258985355578E+03,  8.033926986801E+00,  3.474919594216E+02,  3.394332055691E+02,  1.204615320780E-01,NaN,NaN,  5.361662954903E-02,  6.019881413612E+16,  1.086508400283E+19,  2.616611708842E+20,  4.299691868079E+19,  1.157283682828E+21,  4.352196557969E+20,  2.439261479859E+13,  8.556802375341E+02,  6.616066035533E+02,  1.844035973865E+02,NaN,  9.670031902724E+00,NaN,  4.691570407563E-06,  2.343621186754E-02,NaN,  5.829021520053E+06,  2.808630738288E-06
  2.328703513663E+06,  2.253063707555E+03,  2.253172963271E+03,  8.691526152580E+00,  3.366991563961E+02,  3.279801697538E+02,  1.179528886682E-01,NaN,NaN,  5.279556196370E-02,  6.036187551243E+16,  1.068482257957E+19,  2.618267204483E+20,  4.337580055080E+19,  1.150667300159E+21,  4.412520176974E+20,  2.508508412389E+13,  8.662636179918E+02,  6.720857644481E+02,  1.845202671050E+02,NaN,  9.657581613940E+00,NaN,  4.824756973314E-06,  2.337371039965E-02,NaN,  5.836914146086E+06,  2.856632899569E-06
  2.445591388076E+06,  2.247142176337E+03,  2.247232513812E+03,  6.705998843051E+00,  3.235908637410E+02,  3.168631533958E+02,  1.154116603398E-01,NaN,NaN,  5.657880406216E-02,  6.061022805410E+16,  1.041056694476E+19,  2.620856640635E+20,  4.396234031487E+19,  1.140320404404E+21,  4.507911866090E+20,  2.586531539876E+13,  8.829432805929E+02,  6.885958001881E+02,  1.847027555270E+02,NaN,  9.644719903001E+00,NaN,  4.974823294227E-06,  2.327808482929E-02,NaN,  5.844961348358E+06,  2.907014860925E-06
  2.567987005451E+06,  2.241347280382E+03,  2.241443409426E+03,  7.243624712826E+00,  3.135740947228E+02,  3.063064881656E+02,  1.129663018033E-01,NaN,NaN,  5.573756197601E-02,  6.076768428943E+16,  1.023596995997E+19,  2.622445365596E+20,  4.434023570333E+19,  1.133480367547E+21,  4.569988057109E+20,  2.665060246586E+13,  8.938295190663E+02,  6.993833244119E+02,  1.848147196358E+02,NaN,  9.631469892808E+00,NaN,  5.125862024427E-06,  2.321747738485E-02,NaN,  5.852784816040E+06,  2.957444064496E-06
  2.697963984562E+06,  2.235539691358E+03,  2.235625420159E+03,  6.181963305985E+00,  3.016556887324E+02,  2.954526569104E+02,  1.105542577463E-01,NaN,NaN,  5.824378840643E-02,  6.100212351887E+16,  9.976316042344E+18,  2.624876537303E+20,  4.491219731368E+19,  1.123033529958E+21,  4.665866958727E+20,  2.752070014537E+13,  9.105894855619E+02,  7.159857903110E+02,  1.849860544988E+02,NaN,  9.617635458956E+00,NaN,  5.293212862317E-06,  2.312685675609E-02,NaN,  5.860628772808E+06,  3.009494883608E-06
  2.835196122361E+06,  2.229517522949E+03,  2.229603543543E+03,  6.172408173818E+00,  2.917963678668E+02,  2.856024858257E+02,  1.080828204489E-01,NaN,NaN,  5.853250240575E-02,  6.116641761404E+16,  9.793661451853E+18,  2.626531702383E+20,  4.531922893889E+19,  1.115412661747E+21,  4.734939776068E+20,  2.845756085623E+13,  9.226918397034E+02,  7.279858710123E+02,  1.851027009213E+02,NaN,  9.603262296396E+00,NaN,  5.473404613934E-06,  2.306334330654E-02,NaN,  5.868728104318E+06,  3.064867676427E-06
  2.977262098084E+06,  2.223837646013E+03,  2.223931272593E+03,  6.870795667568E+00,  2.830366103845E+02,  2.761414093430E+02,  1.057736930580E-01,NaN,NaN,  5.723232839422E-02,  6.131031544570E+16,  9.633360675667E+18,  2.627959978584E+20,  4.568032143751E+19,  1.108521727212E+21,  4.796739587707E+20,  2.939906586317E+13,  9.335301519972E+02,  7.387381478667E+02,  1.852033575333E+02,NaN,  9.588640942650E+00,NaN,  5.654489629445E-06,  2.300778533325E-02,NaN,  5.876339133805E+06,  3.118468896371E-06
  3.128180369988E+06,  2.217457418990E+03,  2.217568682846E+03,  8.592188241679E+00,  2.756919448175E+02,  2.670674629812E+02,  1.032405813683E-01,NaN,NaN,  5.438756458388E-02,  6.156462906996E+16,  9.350719357882E+18,  2.630602476077E+20,  4.632944983057E+19,  1.096114161530E+21,  4.910880108429E+20,  3.057545140727E+13,  9.534551832010E+02,  7.584922372082E+02,  1.853895854105E+02,NaN,  9.573354701670E+00,NaN,  5.880750555227E-06,  2.290878133068E-02,NaN,  5.884855625889E+06,  3.180320991996E-06
  3.286362695067E+06,  2.202808261760E+03,  2.203000820822E+03,  1.758303694470E+01,  2.759424905098E+02,  2.582886635659E+02,  9.756442781856E-02,NaN,NaN,  4.599592582447E-02,  6.200301629847E+16,  8.863498411032E+18,  2.635288721496E+20,  4.748728922799E+19,  1.073946765647E+21,  5.122943146220E+20,  3.358948602709E+13,  9.903566966615E+02,  7.950790756233E+02,  1.857198447724E+02,NaN,  9.557769805325E+00,NaN,  6.460456984672E-06,  2.273535537082E-02,NaN,  5.904272692335E+06,  3.329201433475E-06
  3.451130463214E+06,  2.176071326163E+03,  2.176341980544E+03,  2.689576604337E+01,  2.763887103906E+02,  2.493707628842E+02,  8.769378766829E-02,NaN,NaN,  4.226495717163E-02,  6.278602248155E+16,  7.990904032387E+18,  2.643833280127E+20,  4.967071089265E+19,  1.030241724898E+21,  5.549102092159E+20,  4.089230180534E+13,  1.064325181523E+03,  8.684607330862E+02,  1.863220156425E+02,NaN,  9.542424929527E+00,NaN,  7.865049099130E-06,  2.242223800131E-02,NaN,  5.939511303340E+06,  3.630566331440E-06
  3.624798446855E+06,  2.134544183281E+03,  2.134889235396E+03,  3.545137753455E+01,  2.770064898319E+02,  2.413612087252E+02,  7.365473250890E-02,NaN,NaN,  4.087905702223E-02,  6.388198501084E+16,  6.761795840002E+18,  2.655953490766E+20,  5.298729713597E+19,  9.575280869201E+20,  6.266929773960E+20,  6.004155597466E+13,  1.188670381661E+03,  9.919665084385E+02,  1.871761777008E+02,NaN,  9.527683973372E+00,NaN,  1.154813412013E-05,  2.198008075107E-02,NaN,  5.993561797151E+06,  4.187986918309E-06
  3.806045380025E+06,  2.074915441782E+03,  2.075343154153E+03,  4.380235810602E+01,  2.777735944996E+02,  2.336568419209E+02,  5.626294688931E-02,NaN,NaN,  4.101130709370E-02,  6.527315179018E+16,  5.185911132378E+18,  2.671562381134E+20,  5.765278731029E+19,  8.385260489818E+20,  7.454087306083E+20,  1.338217847928E+14,  1.393915479031E+03,  1.196125003881E+03,  1.882762016461E+02,NaN,  9.514247764498E+00,NaN,  2.573870536658E-05,  2.141691653499E-02,NaN,  6.069660940490E+06,  5.241802584266E-06
  3.996420338422E+06,  1.989251215605E+03,  1.989813542531E+03,  5.184915199530E+01,  2.785902243996E+02,  2.261951948405E+02,  3.703898588992E-02,NaN,NaN,  4.555085277562E-02,  6.680589611970E+16,  3.423559977301E+18,  2.689067201367E+20,  6.328709835098E+19,  6.551799682283E+20,  9.310895142469E+20,  1.260356866823E+15,  1.714374801689E+03,  1.515362228584E+03,  1.895098397176E+02,NaN,  9.502490975380E+00,NaN,  2.424116081110E-04,  2.079983060618E-02,NaN,  6.175897399196E+06,  9.442705179292E-06
  4.196358198787E+06,  1.751782027703E+03,  1.753688893210E+03,  5.696294258877E+01,  2.795439889586E+02,  2.193793815519E+02,  1.202887580407E-02,NaN,NaN,  1.405972859278E-01,  6.873533337200E+16,  1.154068744625E+18,  2.711669845188E+20,  7.040040416779E+19,  2.846529183265E+20,  1.305806901942E+21,  1.663954538961E+20,  2.392080786507E+03,  2.159481535395E+03,  1.911027427903E+02,NaN,  9.492723819446E+00,NaN,  3.200378450190E+01,  2.021531783262E-02,NaN,  6.293733652692E+06,  9.416052891807E-04
  4.243320097688E+06,  1.419514879429E+03,  1.660000063198E+03,  1.944046453102E-01,  2.797615254262E+02,  2.177776416406E+02,  6.219811607869E-03,NaN,NaN,  5.195543399776E+03,  6.921478302760E+16,  5.845910459702E+17,  2.717347325964E+20,  7.234416628367E+19,  1.548087302364E+20,  1.436341770781E+21,  5.461872547817E+20,  2.689894337581E+03,  2.383849192279E+03,  1.915028586637E+02,NaN,  9.490983910789E+00,NaN,  1.050513027275E+02,  2.035533306734E-02,NaN,  6.315623900467E+06,  5.992378961703E+12
